audio	sentence	gender_domain
/scratch/skscla001/experiments/datasets/swagen/audio/common_voice_sw_29798600.wav	tanzania chini ya rais wa awamu ya pili ali hassan mwinyi 	0
/scratch/skscla001/experiments/datasets/swagen/audio/common_voice_sw_37094143.wav	sabato haikufanyika kwa ajili ya wana wa israeli pekee bali kwa ajili ya adam 	1
/scratch/skscla001/experiments/datasets/swagen/audio/common_voice_sw_30330049.wav	shughuli hizi hufanyika katika misitu ya asili na ya watu 	0
/scratch/skscla001/experiments/datasets/swagen/audio/common_voice_sw_30376843.wav	baada ya utafiti juu ya ushujaa wa maadili yake juu ya maandishi yake 	0
/scratch/skscla001/experiments/datasets/swagen/audio/common_voice_sw_35221658.wav	nafahamike kuwa asilimia kubwa ya makabila mengi yaliyopo hapa afrika yalipata majina kulingana na 	0
/scratch/skscla001/experiments/datasets/swagen/audio/common_voice_sw_29797416.wav	migogoro ndani ya nchi ni chanzo cha vita 	0
/scratch/skscla001/experiments/datasets/swagen/audio/common_voice_sw_30143822.wav	shahada ya pili katika sayansi ya maendeleo ya jamii chuo kikuu cha hull uingereza 	0
/scratch/skscla001/experiments/datasets/swagen/audio/common_voice_sw_34979425.wav	si fukwe tu bali zanzibar kuna vivutio vingi vya asili 	0
/scratch/skscla001/experiments/datasets/swagen/audio/common_voice_sw_35183499.wav	wasichana na wanawake vijana huvalia shanga hizo kwenye mavazi ya bibi harusi 	0
/scratch/skscla001/experiments/datasets/swagen/audio/common_voice_sw_37329863.wav	walijadiliana kuhusu ushirikiano wa kimkakati kati ya marekani na kenya kuhamasisha amani na usalama 	0
/scratch/skscla001/experiments/datasets/swagen/audio/common_voice_sw_30657051.wav	kiatu cha dhahabu na kombe vilieenda mjini benus aires 	1
/scratch/skscla001/experiments/datasets/swagen/audio/common_voice_sw_30090747.wav	mourinho hajali wala hana habari na mtu 	1
/scratch/skscla001/experiments/datasets/swagen/audio/common_voice_sw_30631243.wav	unachangia pato la taifa hilo kupitia sekta mbalimbali 	1
/scratch/skscla001/experiments/datasets/swagen/audio/common_voice_sw_30181219.wav	new generationb united service na new kings karume 	1
/scratch/skscla001/experiments/datasets/swagen/audio/common_voice_sw_29791723.wav	hizo ni baadhi ya faida za utalii kwa kila taifa lenye hifadhi za wanyama 	0
/scratch/skscla001/experiments/datasets/swagen/audio/common_voice_sw_29970339.wav	tumia bidhaa za nywele zinaendana na nywele zako 	0
/scratch/skscla001/experiments/datasets/swagen/audio/common_voice_sw_29790808.wav	tunakwenda bagamoyo roho yangu furahi tumelia barani 	0
/scratch/skscla001/experiments/datasets/swagen/audio/common_voice_sw_30478646.wav	wamasai hawazai pacha la hasha bali kiimani pacha ni mwiko 	1
/scratch/skscla001/experiments/datasets/swagen/audio/common_voice_sw_37098342.wav	kwenye ufunguzi huo serikali ya mapinduzi ya zanzibar ilibainisha mambo kadhaa 	1
/scratch/skscla001/experiments/datasets/swagen/audio/common_voice_sw_29994962.wav	halmashauri ya bagamoyo inaundwa na tarafa mbili 	1
/scratch/skscla001/experiments/datasets/swagen/audio/common_voice_sw_36617434.wav	karagwe kwenye njia kuu ya biashara ya kimataifa na kupunguza umaarufu wake 	1
/scratch/skscla001/experiments/datasets/swagen/audio/common_voice_sw_30630582.wav	pazia la chuma lilitandikwa katika bara la ulaya kuanzia stettin upande wa kaskazini 	0
/scratch/skscla001/experiments/datasets/swagen/audio/common_voice_sw_29924876.wav	baada ya kuangushwa kwa usultani mwezi januari visiwa vya zanzibar vikawa jamhuri 	0
/scratch/skscla001/experiments/datasets/swagen/audio/common_voice_sw_28662082.wav	anaheshimiwa na waanglikana na walutheri kama mtakatifu 	1
/scratch/skscla001/experiments/datasets/swagen/audio/common_voice_sw_35099574.wav	m huyo ni bi juiet sima ambaye ni afisa lishe 	0
/scratch/skscla001/experiments/datasets/swagen/audio/common_voice_sw_29488570.wav	baada ya kuishi muda mfupi kama mkaapweke alianzisha shirika la masista wa familia takatifu 	0
/scratch/skscla001/experiments/datasets/swagen/audio/common_voice_sw_36331449.wav	watu wanarudia matokeo ya vipimo kila maada ya miezi mitatu 	1
/scratch/skscla001/experiments/datasets/swagen/audio/common_voice_sw_29516966.wav	mifano ya rasi kubwa ni nchi za italia na korea au bara hindi 	0
/scratch/skscla001/experiments/datasets/swagen/audio/common_voice_sw_29791513.wav	mtu mwingine akivuta hewa yenye matone haya anaweza kuambukizwa tauni inayosababisha nyumonia 	0
/scratch/skscla001/experiments/datasets/swagen/audio/common_voice_sw_28666615.wav	mwaka huohuo halmashauri mpya ilitangaza katiba mpya na kuondoa urais wa maisha 	0
/scratch/skscla001/experiments/datasets/swagen/audio/common_voice_sw_29655504.wav	jimbo uko la atlantiki na upande wa mashariki ya nchi 	0
/scratch/skscla001/experiments/datasets/swagen/audio/common_voice_sw_30143048.wav	alihitimu kidato cha sita na kufaulu na kujiunga chuo kikuu cha dar es salaam 	0
/scratch/skscla001/experiments/datasets/swagen/audio/common_voice_sw_29941508.wav	hata hivyo maisha ya binadamu hutegemea mazingira yake yanayomzunguka katika kujikimu 	1
/scratch/skscla001/experiments/datasets/swagen/audio/common_voice_sw_34745231.wav	nyongeza katika mambo ya ndoa au urithi wa mali walikuwa chini ya 	0
/scratch/skscla001/experiments/datasets/swagen/audio/common_voice_sw_29421261.wav	pia taya la mamba lina uwezo wa hali ya juu wa hisi 	0
/scratch/skscla001/experiments/datasets/swagen/audio/common_voice_sw_30079923.wav	mwalimu nyerere alikuwa rais wa pekee sana ulimwenguni 	0
/scratch/skscla001/experiments/datasets/swagen/audio/common_voice_sw_29594614.wav	wadudu hao hawana mabawa lakini wanaweza kuruka mbali sana ikilinganishwa na ukubwa wao 	0
/scratch/skscla001/experiments/datasets/swagen/audio/common_voice_sw_34979492.wav	benki kuu ya tanzania inahakikisha kuwa taifa lina uchumi imara 	0
/scratch/skscla001/experiments/datasets/swagen/audio/common_voice_sw_29150759.wav	baada ya kupigwa kwa imani yao waliuawa wakati wa dhuluma ya kaisari decius 	0
/scratch/skscla001/experiments/datasets/swagen/audio/common_voice_sw_30024253.wav	mwisho ni wilaya za muheza na tanga pia ipo mkinga na pangani 	0
/scratch/skscla001/experiments/datasets/swagen/audio/common_voice_sw_28662061.wav	ni nchi yenye waislamu wengi kuliko nyingine zote duniani 	1
/scratch/skscla001/experiments/datasets/swagen/audio/common_voice_sw_29799459.wav	mabadiliko hayo yalimpa raisi uwezo wa kuteua watanzania kumi kuwa wabunge 	0
/scratch/skscla001/experiments/datasets/swagen/audio/common_voice_sw_29792343.wav	wanawake jamii ya warangi ni wazuri nywele zao ni asili ya waraabu weupe 	0
/scratch/skscla001/experiments/datasets/swagen/audio/common_voice_sw_29818125.wav	tatizo lilikua kwanini fedha zimeingia kwenye akaunti yake badala ya akaunti ya shule 	0
/scratch/skscla001/experiments/datasets/swagen/audio/common_voice_sw_29848004.wav	kitulo na udzungwa ada yake kwa mtu wa 	0
/scratch/skscla001/experiments/datasets/swagen/audio/common_voice_sw_30566725.wav	hupokea watalii wengi kutoka njee ya nchi 	0
/scratch/skscla001/experiments/datasets/swagen/audio/common_voice_sw_30115748.wav	kuhakikisha rais aliye madarakani hapingwi na mtu yeyote 	1
/scratch/skscla001/experiments/datasets/swagen/audio/common_voice_sw_37214960.wav	carols ancellot ambaye anakiongoza 	0
/scratch/skscla001/experiments/datasets/swagen/audio/common_voice_sw_29796156.wav	bara la afrika halikuwajengea watoto wao misingi kuwa wachezaji wa mpira 	1
/scratch/skscla001/experiments/datasets/swagen/audio/common_voice_sw_29791210.wav	inayokamilisha jumla ya halmashauri kumi na moja za mkoa wa tanga 	0
/scratch/skscla001/experiments/datasets/swagen/audio/common_voice_sw_35206707.wav	walipanda mashua ya mwisho ya kuokoleaa 	0
/scratch/skscla001/experiments/datasets/swagen/audio/common_voice_sw_30143347.wav	jina ambalo wekundu wa msimbazi wanalikumbuka sana 	0
/scratch/skscla001/experiments/datasets/swagen/audio/common_voice_sw_28817524.wav	zao la biashara ni kahawa 	1
/scratch/skscla001/experiments/datasets/swagen/audio/common_voice_sw_30053371.wav	vile vile wanaongeza kwamba nyangumi huwa na damu motoy 	0
/scratch/skscla001/experiments/datasets/swagen/audio/common_voice_sw_30342576.wav	hasa mataifa yale yanayozungumza lugha ya kifaransa 	1
/scratch/skscla001/experiments/datasets/swagen/audio/common_voice_sw_30090709.wav	kuna tai pia wanaopatikana katika msitu wa amazon 	1
/scratch/skscla001/experiments/datasets/swagen/audio/common_voice_sw_35214456.wav	nadharia hii hutumia kigezo cha msamiati wa kiswahili kuonesha uhusiano uliopo kati ya kiswahili 	0
/scratch/skscla001/experiments/datasets/swagen/audio/common_voice_sw_34979717.wav	vimekuwa kama alama za mapinduzi duniani kote 	0
/scratch/skscla001/experiments/datasets/swagen/audio/common_voice_sw_28735828.wav	makao makuu ni fort de france 	1
/scratch/skscla001/experiments/datasets/swagen/audio/common_voice_sw_36617207.wav	na dawa yake yaani ukimeza umepona tofauti na malaria hata anywe dawa leo 	0
/scratch/skscla001/experiments/datasets/swagen/audio/common_voice_sw_34958882.wav	elagabalus hakuwa tu mtu wa kufuga paka 	0
/scratch/skscla001/experiments/datasets/swagen/audio/common_voice_sw_29602854.wav	yeye ni mlinzi wa kushoto ambaye anaweza pia kucheza upande wa kushoto wa uwanja 	1
/scratch/skscla001/experiments/datasets/swagen/audio/common_voice_sw_30574802.wav	halmashauri ya manispaa ya kinondoni na halmashauri ya manispaa ya ilala 	0
/scratch/skscla001/experiments/datasets/swagen/audio/common_voice_sw_30071480.wav	wengine wakichambua mchanga na kujipatia pesa kwa ajili ya kununua mahitaji mbalimbali 	0
/scratch/skscla001/experiments/datasets/swagen/audio/common_voice_sw_36617289.wav	idi amin dada alikuwa mwanajeshi kutoka nchi ya uganda aliyepindua serikali na kujifanya rais 	0
/scratch/skscla001/experiments/datasets/swagen/audio/common_voice_sw_37331990.wav	ripoti hiyo haikutoa sababu ya iran kusitisha kwa muda mazungumzo 	0
/scratch/skscla001/experiments/datasets/swagen/audio/common_voice_sw_30181515.wav	anasema mafanikio ya kisiwa hicho yaliendelea hadi karne ya kumi na nne 	1
/scratch/skscla001/experiments/datasets/swagen/audio/common_voice_sw_29961429.wav	waliishi katika hifadhi ya taifa ya serengeti 	1
/scratch/skscla001/experiments/datasets/swagen/audio/common_voice_sw_29697852.wav	wengine ni hasa wakristo wakopti 	1
/scratch/skscla001/experiments/datasets/swagen/audio/common_voice_sw_36318720.wav	hasa sana hapa dar es salaam hawajapata miji mikubwa kama beya arusha mwanza 	1
/scratch/skscla001/experiments/datasets/swagen/audio/common_voice_sw_29620744.wav	kuna aina mbalimbali 	0
/scratch/skscla001/experiments/datasets/swagen/audio/common_voice_sw_30574970.wav	uwezo wa nyerere uliwashitua wakoloni na kumlazimisha kuchagua kati ya siasa na ualimu 	1
/scratch/skscla001/experiments/datasets/swagen/audio/common_voice_sw_30017714.wav	mwaka elfu moja mia tisa sabini serikali iliipa kazi kampuni ya upangaji miji 	0
/scratch/skscla001/experiments/datasets/swagen/audio/common_voice_sw_36037564.wav	nikule na wewe kila wakati 	1
/scratch/skscla001/experiments/datasets/swagen/audio/common_voice_sw_28584420.wav	katika kiingereza cha uingereza inaendelea kushikilia maana hii 	0
/scratch/skscla001/experiments/datasets/swagen/audio/common_voice_sw_30159506.wav	majira ya joto pep guardiola akatimka bayern munich 	0
/scratch/skscla001/experiments/datasets/swagen/audio/common_voice_sw_29791839.wav	madaraka mikononi mwa wazalendo walioshika hatamu katika dola 	0
/scratch/skscla001/experiments/datasets/swagen/audio/common_voice_sw_28666664.wav	ni mji mkubwa wa sita katika nchi wa uswidi 	0
/scratch/skscla001/experiments/datasets/swagen/audio/common_voice_sw_31304599.wav	kila mmoja alizaa nae mtoto mmoja wa kike 	1
/scratch/skscla001/experiments/datasets/swagen/audio/common_voice_sw_36390635.wav	m asante sana zuhra mwera mchezaji wa zamani wa mchezo wa 	1
/scratch/skscla001/experiments/datasets/swagen/audio/common_voice_sw_37223869.wav	unaendelea kuitegea sikio idhaa ya kiswahili ya redio france internationale 	0
/scratch/skscla001/experiments/datasets/swagen/audio/common_voice_sw_35154742.wav	vifungu vya katiba vimetumiwa na baraza la usalama la umoja wa mataifa 	0
/scratch/skscla001/experiments/datasets/swagen/audio/common_voice_sw_29350718.wav	wengi wao wanaishi kwa kushirikiana na wamasai kama tabaka la chini 	0
/scratch/skscla001/experiments/datasets/swagen/audio/common_voice_sw_29519032.wav	chakula cha asili kama ilivyo kwa mkoa wote wa kagera ni ndizi 	0
/scratch/skscla001/experiments/datasets/swagen/audio/common_voice_sw_29847635.wav	tembo ndiye mnyama mkubwa zaidi mwituni na ardini kwa ujumla 	0
/scratch/skscla001/experiments/datasets/swagen/audio/common_voice_sw_30419818.wav	ni miongoni mwa makabila yanayojulikana zaidi hata nje ya afrika 	1
/scratch/skscla001/experiments/datasets/swagen/audio/common_voice_sw_28802990.wav	mvuto huu wenye nguvu wa anga pia husababisha mzunguko wa anga wa jumla 	0
/scratch/skscla001/experiments/datasets/swagen/audio/common_voice_sw_35284635.wav	hatakija nchini tanzania chama cha soka zanzibar said issa kimetangaza kurejesha uongozi wa zamani 	0
/scratch/skscla001/experiments/datasets/swagen/audio/common_voice_sw_29961837.wav	kuna njiapanda ambako njia ya kati inaunganishwa na njia za kando 	1
/scratch/skscla001/experiments/datasets/swagen/audio/common_voice_sw_30233611.wav	ambayo itaingiza ajira zaidi ya ishirini na nne na mia sita kwa vijana 	0
/scratch/skscla001/experiments/datasets/swagen/audio/common_voice_sw_36732160.wav	kuvuka kwenda upande mwingine wa barabara kugonga kuni mara tatu 	0
/scratch/skscla001/experiments/datasets/swagen/audio/common_voice_sw_30638497.wav	watu wa karibu yako wanaweza kukufanya kuyachukia maisha na kuona dunia chungu 	1
/scratch/skscla001/experiments/datasets/swagen/audio/common_voice_sw_29937524.wav	mfuko wa nelson mandela wa kusaidia watoto ni sehemu tu ya ushahidi wa mafanikio 	1
/scratch/skscla001/experiments/datasets/swagen/audio/common_voice_sw_29942152.wav	familia inafahamu kuwa matumizi ya jina nelson mandela ni utajiri mwingine 	1
/scratch/skscla001/experiments/datasets/swagen/audio/common_voice_sw_35108363.wav	aa hawapo basi afrika kusini watawa 	0
/scratch/skscla001/experiments/datasets/swagen/audio/common_voice_sw_30364097.wav	vilevile malengo mengine yalikuwa ni katika kulinda 	0
/scratch/skscla001/experiments/datasets/swagen/audio/common_voice_sw_30485094.wav	zindiko hilo lilifanyika bagamoyo katika moja ya mashimo 	1
/scratch/skscla001/experiments/datasets/swagen/audio/common_voice_sw_29868966.wav	ziwa hili lina maji ya baridi kama ilivyo maziwa mengine 	1
/scratch/skscla001/experiments/datasets/swagen/audio/common_voice_sw_36390187.wav	ziwa nyasa wilaya ya ludewa mkoa wa njombe kusini mwa nchi ya tanzaniamwaka 	1
/scratch/skscla001/experiments/datasets/swagen/audio/common_voice_sw_30036828.wav	waliowahi kuua simba ndio walianza kutumika kama walinzi wa simba 	0
/scratch/skscla001/experiments/datasets/swagen/audio/common_voice_sw_30108241.wav	figo alijunga na mahasimu wa barcelona 	1
/scratch/skscla001/experiments/datasets/swagen/audio/common_voice_sw_29977881.wav	karume aliongoza kuanzia mwaka elfu moja mia tisa sitini na nne 	1
/scratch/skscla001/experiments/datasets/swagen/audio/common_voice_sw_34823960.wav	watuhumiwa walifanya mauaji ya kimbari kwa makusudi 	0
/scratch/skscla001/experiments/datasets/swagen/audio/common_voice_sw_30677299.wav	kufanya kuwa ajali mbaya zaidi ya meli kuliko zote 	1
/scratch/skscla001/experiments/datasets/swagen/audio/common_voice_sw_30380907.wav	kati yao wanawake ni elfu ishirini na tano mia saba na nne 	1
/scratch/skscla001/experiments/datasets/swagen/audio/common_voice_sw_29791961.wav	meli hiyo ilizinduliwa na mwalimu nyerere 	0
/scratch/skscla001/experiments/datasets/swagen/audio/common_voice_sw_29475447.wav	alicheza kwa kwa mafanikio katika klabu hiyo 	0
/scratch/skscla001/experiments/datasets/swagen/audio/common_voice_sw_30181401.wav	wakati wa miaka yake mitano madarakani 	1
/scratch/skscla001/experiments/datasets/swagen/audio/common_voice_sw_30629440.wav	ni lazima kama unatarajia kufika kileleni 	1
/scratch/skscla001/experiments/datasets/swagen/audio/common_voice_sw_30658802.wav	upande wa biashara tanzania ilisitisha kuagiza bidhaa kutoka kenya 	0
/scratch/skscla001/experiments/datasets/swagen/audio/common_voice_sw_29897031.wav	kabla ya miss tanzania alishindana katika miss kurasini elfu mbili na sita 	1
/scratch/skscla001/experiments/datasets/swagen/audio/common_voice_sw_30372184.wav	serikali inaweza kupata fedha nyingi za kigeni kwa kupitia utamaduni 	0
/scratch/skscla001/experiments/datasets/swagen/audio/common_voice_sw_35756839.wav	ni ukamilifu kwa kila mtu 	1
/scratch/skscla001/experiments/datasets/swagen/audio/common_voice_sw_35408569.wav	gozi hao wawili wamesema kuwa wanalenga kuunda mazingira ambayo yatawezesha 	1
/scratch/skscla001/experiments/datasets/swagen/audio/common_voice_sw_34958937.wav	plutarch anasema kuwa alijifanya kufurahia ujuzi wa mpenzi wake 	0
/scratch/skscla001/experiments/datasets/swagen/audio/common_voice_sw_29885099.wav	nahisi hiyo salamu yako nayo nahisi ni chafu hivyo hivyo 	1
/scratch/skscla001/experiments/datasets/swagen/audio/common_voice_sw_34748530.wav	na matatizo mengine yanayoonekana kutotatulika yanayozidi kuwa 	0
/scratch/skscla001/experiments/datasets/swagen/audio/common_voice_sw_28835308.wav	ghuba ya uthai haina kina kirefu 	0
/scratch/skscla001/experiments/datasets/swagen/audio/common_voice_sw_30653501.wav	umaarufu wake ni kutokana na mandhari mazuri ya mlima kilimanjaro 	0
/scratch/skscla001/experiments/datasets/swagen/audio/common_voice_sw_29401422.wav	alcindor anaandikwa haswa juu ya siasa na masuala ya kijamii 	0
/scratch/skscla001/experiments/datasets/swagen/audio/common_voice_sw_37224331.wav	hata hivyo baba wa sinsang amesikitishwa na hukumu hiyo 	0
/scratch/skscla001/experiments/datasets/swagen/audio/common_voice_sw_29787859.wav	watenga watapeleka mahari kidogo kwa mama na baba wa binti 	1
/scratch/skscla001/experiments/datasets/swagen/audio/common_voice_sw_30363011.wav	wapare walikuwa na utamaduni wa shughuli za sanaa kama methali na hadithi 	0
/scratch/skscla001/experiments/datasets/swagen/audio/common_voice_sw_30032406.wav	wasukuma ni miongoni mwa kabila mojawapo kati ya yale mia moja ishirini na moja 	1
/scratch/skscla001/experiments/datasets/swagen/audio/common_voice_sw_36389878.wav	visiwani zanzibar barani afrika na duniani kwa ujumla wamekuwa na mitazamo tofauti kwa wanawake 	0
/scratch/skscla001/experiments/datasets/swagen/audio/common_voice_sw_29795272.wav	hiyo ilikuwa ndiyo nyenzo kubwa katika maendeleo ya taifa letu 	1
/scratch/skscla001/experiments/datasets/swagen/audio/common_voice_sw_28584582.wav	anaheshimiwa kama mtakatifu na wakristo waorthodoksi wa mashariki waorthodoksi na wakatoliki 	0
/scratch/skscla001/experiments/datasets/swagen/audio/common_voice_sw_29791379.wav	ambayo haijaruhusu wavu wake kuguswa tokea ligi kuu ya vodacom tanzania bara 	0
/scratch/skscla001/experiments/datasets/swagen/audio/common_voice_sw_28698895.wav	kutoka asili hizi kuna aina nyingi za jazz zilizoendelea 	0
/scratch/skscla001/experiments/datasets/swagen/audio/common_voice_sw_35582766.wav	familia kumgeuza mtumiaji kutoka njia hatari zaidi za kutumia dawa za 	0
/scratch/skscla001/experiments/datasets/swagen/audio/common_voice_sw_28662081.wav	ndege hawa wanatokea misitu na maeneo mengine yenye miti katika afrika kusini kwa sahara 	1
/scratch/skscla001/experiments/datasets/swagen/audio/common_voice_sw_30033820.wav	kidato cha sita alimalizia katika sekondari ya mkwawa mkoani iringa 	0
/scratch/skscla001/experiments/datasets/swagen/audio/common_voice_sw_30026004.wav	ushirikiano hauwezi kuja bila kuwa na demokrasia 	1
/scratch/skscla001/experiments/datasets/swagen/audio/common_voice_sw_30363954.wav	chama cha ukombozi palestina kilituma wapiganaji kadhaa kumsaidia amin 	0
/scratch/skscla001/experiments/datasets/swagen/audio/common_voice_sw_30585339.wav	miongoni mwa maajabu hayo ni yale ambayo hutokea nyakati za asubuhi 	0
/scratch/skscla001/experiments/datasets/swagen/audio/common_voice_sw_29791451.wav	bobby charlton na bobby moore walikuwa bora sana 	0
/scratch/skscla001/experiments/datasets/swagen/audio/common_voice_sw_29895680.wav	hifadhi ya taifa ya serengeti imetajwa kuwa ni kivutio pekee kilichopigiwa kura nyingi 	1
/scratch/skscla001/experiments/datasets/swagen/audio/common_voice_sw_36255278.wav	ambayo ilikuwa bilioni kumi na nne nukta mbili hata ukaongeza bajeti ya rwanda 	0
/scratch/skscla001/experiments/datasets/swagen/audio/common_voice_sw_31304488.wav	mourinho aliwahi kujiondosha porto na inter milan 	1
/scratch/skscla001/experiments/datasets/swagen/audio/common_voice_sw_30202192.wav	hasa anapokula na kucheza na mtoto wake wa kipekee zaidi 	0
/scratch/skscla001/experiments/datasets/swagen/audio/common_voice_sw_29797572.wav	kiongozi wa zanzibar alikodisha eneo la pwani 	0
/scratch/skscla001/experiments/datasets/swagen/audio/common_voice_sw_35108064.wav	viongozi wa kituruki walianza kufanya kazi ya kisasa 	0
/scratch/skscla001/experiments/datasets/swagen/audio/common_voice_sw_29950330.wav	malighafi zilizokuwa zikizalishwa amerika na wafanyakazi waliochukuliwa 	1
/scratch/skscla001/experiments/datasets/swagen/audio/common_voice_sw_30075275.wav	huwa hawaondoki na wanaweza kukaa kwako hata mwezi wanatambika tu 	0
/scratch/skscla001/experiments/datasets/swagen/audio/common_voice_sw_29620527.wav	nafasi yake ilichukuliwa na mtoto wake kim jong un 	0
/scratch/skscla001/experiments/datasets/swagen/audio/common_voice_sw_34958809.wav	mauaji ya kimbari yalimaanishe uangamizaji wa taifa 	0
/scratch/skscla001/experiments/datasets/swagen/audio/common_voice_sw_28690184.wav	katika hali ya kawaida kila mzunguko huchukua wastani wa sekunde mbili 	1
/scratch/skscla001/experiments/datasets/swagen/audio/common_voice_sw_36042404.wav	itawagusa raia wote wa marekani bila kujali mwenye anacho 	1
/scratch/skscla001/experiments/datasets/swagen/audio/common_voice_sw_35105016.wav	mwanamke ni pambo la nyumba ndani 	0
/scratch/skscla001/experiments/datasets/swagen/audio/common_voice_sw_29997577.wav	mo na mke wake walikutana shule ya kimataifa ya tanganyika jijini dar es salaam 	1
/scratch/skscla001/experiments/datasets/swagen/audio/common_voice_sw_34993076.wav	naam ni msemaji wa tume ya umoja ulaya hellen kent 	0
/scratch/skscla001/experiments/datasets/swagen/audio/common_voice_sw_31305366.wav	ambao hawalimi wala kufanya aina yeyote ya kilimo 	1
/scratch/skscla001/experiments/datasets/swagen/audio/common_voice_sw_29982058.wav	alipokuwa na umri wa miaka ishirini na mbili alikuwa amepokea ballon dor 	1
/scratch/skscla001/experiments/datasets/swagen/audio/common_voice_sw_32090575.wav	vuso wa mwanangu hutoa majasho 	1
/scratch/skscla001/experiments/datasets/swagen/audio/common_voice_sw_30653654.wav	dalili za kawaida za malaria ni pamoja na kutetemeka kwa baridi na homa kali 	0
/scratch/skscla001/experiments/datasets/swagen/audio/common_voice_sw_28660697.wav	hivyo mzizi wa asili ni mzizi ambao hutokana na kitenzi halisi 	1
/scratch/skscla001/experiments/datasets/swagen/audio/common_voice_sw_36255431.wav	baada ya maongezi waliingizia utani kisha jacob akaaga kuondoka 	1
/scratch/skscla001/experiments/datasets/swagen/audio/common_voice_sw_30623748.wav	ushirikiano unapatikana kwa watu kuungana pamoja 	0
/scratch/skscla001/experiments/datasets/swagen/audio/common_voice_sw_30074472.wav	ilipelekea haja ya watumwa kuongezeka kutumika katika kilimo 	0
/scratch/skscla001/experiments/datasets/swagen/audio/common_voice_sw_37094552.wav	kwenye titi unaweza kukakaa katika maeneo aaa matano 	0
/scratch/skscla001/experiments/datasets/swagen/audio/common_voice_sw_30495167.wav	la tanzania na zambia inayoanzia safari zake 	0
/scratch/skscla001/experiments/datasets/swagen/audio/common_voice_sw_36644607.wav	aliyekuwa amejiinamia akauliza aliyekuwa akimwita ni nani 	0
/scratch/skscla001/experiments/datasets/swagen/audio/common_voice_sw_31812268.wav	wakifuata fursa za uwekezaji na biashara za aina mbalimbali 	0
/scratch/skscla001/experiments/datasets/swagen/audio/common_voice_sw_28718597.wav	alianza maisha ya kujitegemea akiwa na umri mdogo 	0
/scratch/skscla001/experiments/datasets/swagen/audio/common_voice_sw_28583949.wav	mwandishi wa barua aliandika ya kwamba aliwahi kula nusu nyingine ya figo 	0
/scratch/skscla001/experiments/datasets/swagen/audio/common_voice_sw_36013696.wav	kuna wengine viongozi wengine wa kule kule wamechukua sehemu zao wakawa wamejiwekea serikali zao 	1
/scratch/skscla001/experiments/datasets/swagen/audio/common_voice_sw_30308432.wav	wanyama na mimea pamoja nawakazi wa eneo hilo ni milioni moja 	0
/scratch/skscla001/experiments/datasets/swagen/audio/common_voice_sw_37084903.wav	wa uendeshaji wa serikali kwa sababu 	1
/scratch/skscla001/experiments/datasets/swagen/audio/common_voice_sw_37099514.wav	kuzama kwa kisiwa cha maziwe ambacho kilikuwa mazalia ya kasa na samaki katika pwani 	1
/scratch/skscla001/experiments/datasets/swagen/audio/common_voice_sw_29058406.wav	ndio mwanzo wa utalii wa malindi 	0
/scratch/skscla001/experiments/datasets/swagen/audio/common_voice_sw_28669846.wav	kosa dogo katika kuandika linaweza kusababisha madhara makubwa 	1
/scratch/skscla001/experiments/datasets/swagen/audio/common_voice_sw_35108002.wav	results ama matokeo ya uchaguzi 	1
/scratch/skscla001/experiments/datasets/swagen/audio/common_voice_sw_37098350.wav	ge linawezakawa ni bunge nzuri sana ambalo hatujapata kwa 	1
/scratch/skscla001/experiments/datasets/swagen/audio/common_voice_sw_35181557.wav	wa hewa ndio hatari kubwa zaidi ya kimazingira inayokabili afya ya umma duniani 	0
/scratch/skscla001/experiments/datasets/swagen/audio/common_voice_sw_36251216.wav	wanigeria wengi kuwa magaidi walianza kutwaa mamlaka juu ya 	0
/scratch/skscla001/experiments/datasets/swagen/audio/common_voice_sw_28691193.wav	ngao bado hutumiwa na vikosi vya polisi na jeshi leo 	1
/scratch/skscla001/experiments/datasets/swagen/audio/common_voice_sw_30661095.wav	wachagga wana historia ndefu ya asili yao na ya maingiliano yao na makabila mengine 	1
/scratch/skscla001/experiments/datasets/swagen/audio/common_voice_sw_36252627.wav	waziri wa mambo ya nchi za nje wa iran manseheran mutaki 	0
/scratch/skscla001/experiments/datasets/swagen/audio/common_voice_sw_30037930.wav	tunza vyakula katika hali ya joto na kuvifunika 	0
/scratch/skscla001/experiments/datasets/swagen/audio/common_voice_sw_30650346.wav	mbuni anaweza kuwaona adui zake wakiwa mbali sana 	1
/scratch/skscla001/experiments/datasets/swagen/audio/common_voice_sw_31272045.wav	watalii wanaotembelea burigi chato hupata nafasi ya kutembelea ziwa hilo 	0
/scratch/skscla001/experiments/datasets/swagen/audio/common_voice_sw_29799296.wav	wanaume wa kichagga hupendelea kufanya kazi mbali na kwao 	0
/scratch/skscla001/experiments/datasets/swagen/audio/common_voice_sw_30047893.wav	alifunga kituo chao cha utafiti na udhibiti wa malaria 	0
/scratch/skscla001/experiments/datasets/swagen/audio/common_voice_sw_29924274.wav	katika marekebisho hayo ilianzisha mjadala wa wananchi uliodumu kwa mwaka mmoja 	0
/scratch/skscla001/experiments/datasets/swagen/audio/common_voice_sw_37091949.wav	na huenda amefariki dunia mpango alifanya mkutano huo akiwa hajavaa barakoa na akikohoa mbele 	1
/scratch/skscla001/experiments/datasets/swagen/audio/common_voice_sw_30210008.wav	warsha ya kuchangia sentensi 	1
/scratch/skscla001/experiments/datasets/swagen/audio/common_voice_sw_30021968.wav	lakini yapo mambo ambayo ni vyema wakayazingatia haya katika kuingia msimu mpya 	1
/scratch/skscla001/experiments/datasets/swagen/audio/common_voice_sw_29923938.wav	alitafsiri biblia kwa kijerumani ili watu wengi zaidi waweze kuisoma 	0
/scratch/skscla001/experiments/datasets/swagen/audio/common_voice_sw_36388104.wav	kuandaa vigezo miongozo na viashiria vya kubainisha uhusiano wa mazingira na umaskini 	1
/scratch/skscla001/experiments/datasets/swagen/audio/common_voice_sw_36807761.wav	vichafuzi kadhaa inaandaa nafasi ya mataifa kuzungumzia sera na 	1
/scratch/skscla001/experiments/datasets/swagen/audio/common_voice_sw_30091463.wav	subiri siku ya kufanyiwa unyago ifike utajua umuhimu wake 	1
/scratch/skscla001/experiments/datasets/swagen/audio/common_voice_sw_36641223.wav	wao ni wahanga wakubwa wa majanga yatokanayo na uharibifu wa mazingira 	0
/scratch/skscla001/experiments/datasets/swagen/audio/common_voice_sw_28670037.wav	mapenzi ya kweli yanadumu milele 	1
/scratch/skscla001/experiments/datasets/swagen/audio/common_voice_sw_34828594.wav	kamati inapitia usahihi wa sera ya uwekezaji ya benki kuu 	0
/scratch/skscla001/experiments/datasets/swagen/audio/common_voice_sw_30176724.wav	tanzania ilipata uhuru wake kamili kutoka kwa uingereza 	0
/scratch/skscla001/experiments/datasets/swagen/audio/common_voice_sw_30315385.wav	mfugale alibuni na kusimamia michoro katika kutelekeza mradi huu 	0
/scratch/skscla001/experiments/datasets/swagen/audio/common_voice_sw_35132553.wav	anatakiwa kulala ndani ya vyandarua vyenye dawa 	1
/scratch/skscla001/experiments/datasets/swagen/audio/common_voice_sw_30527204.wav	wangoni ni kabila la watu wa tanzania wanaoishi katika mkoa wa ruvuma 	0
/scratch/skscla001/experiments/datasets/swagen/audio/common_voice_sw_35409068.wav	akiwatolea huduma zake panteno wa chuo cha aleksandria alikwenda india 	1
/scratch/skscla001/experiments/datasets/swagen/audio/common_voice_sw_37101488.wav	usipo harakisha utabaki nyuma 	1
/scratch/skscla001/experiments/datasets/swagen/audio/common_voice_sw_29237691.wav	masuala ya afya 	0
/scratch/skscla001/experiments/datasets/swagen/audio/common_voice_sw_31270250.wav	wazo kuu ni kwamba biblia inajitegemea na kumtosha kila anayesoma 	0
/scratch/skscla001/experiments/datasets/swagen/audio/common_voice_sw_37214464.wav	dokta hussein ali mwinyi alichaguliwa kuwa mgombea wa urais visiwani zanzibar 	1
/scratch/skscla001/experiments/datasets/swagen/audio/common_voice_sw_30182045.wav	nchi ya nigeria ilikuwa na nyota kama victor ikpeba na emmanuel amunike 	1
/scratch/skscla001/experiments/datasets/swagen/audio/common_voice_sw_34819370.wav	katika hali nzuri na iko tayari kabisa kuwenza kutekeleza zoezi hilo 	0
/scratch/skscla001/experiments/datasets/swagen/audio/common_voice_sw_32210622.wav	nchu akitaka kuanda kunena kwanda huangalia lake 	1
/scratch/skscla001/experiments/datasets/swagen/audio/common_voice_sw_30073355.wav	watu walio karibu au wanaoishi na wagonjwa wa tauni ya mapafu wanapaswa kuchunguzwa 	0
/scratch/skscla001/experiments/datasets/swagen/audio/common_voice_sw_30364428.wav	maji kwenye mito inapungua kutokana na mvukizo 	1
/scratch/skscla001/experiments/datasets/swagen/audio/common_voice_sw_30091555.wav	wakati wa misiba sherehe na hata kwenye matukio ya kijamii walisaidiana kwa upendo 	1
/scratch/skscla001/experiments/datasets/swagen/audio/common_voice_sw_32243054.wav	kanasaka mkoba wake 	1
/scratch/skscla001/experiments/datasets/swagen/audio/common_voice_sw_30016472.wav	urais wa chama hiki ulitolewa kwa jomo kenyatta 	0
/scratch/skscla001/experiments/datasets/swagen/audio/common_voice_sw_30220976.wav	uongozi kwa upande wa serikali za mitaa unaongozwa na mstahiki meya 	0
/scratch/skscla001/experiments/datasets/swagen/audio/common_voice_sw_35425680.wav	wa kisovyetiwarusi walipoteza askari milioni kadhaa lakini waliweza kuwazuia wajerumani wasiteke moscow na leningrad 	0
/scratch/skscla001/experiments/datasets/swagen/audio/common_voice_sw_30181019.wav	maji hayo yanayobubujika kutoka ardhini huonekana yakitoa moshi kama vile maji yanayochemka jikoni 	1
/scratch/skscla001/experiments/datasets/swagen/audio/common_voice_sw_29627349.wav	mkoa huu una sehemu mbili una upande wa ulaya na upande ni asia 	1
/scratch/skscla001/experiments/datasets/swagen/audio/common_voice_sw_28666748.wav	ni msingi wa kalenda ya watakatifu katika mwaka wa liturujia 	0
/scratch/skscla001/experiments/datasets/swagen/audio/common_voice_sw_29640654.wav	mji mkuu ni bururi 	0
/scratch/skscla001/experiments/datasets/swagen/audio/common_voice_sw_35106211.wav	sipendi mtu mfupi 	0
/scratch/skscla001/experiments/datasets/swagen/audio/common_voice_sw_36375122.wav	wakati ambapo matukio ya maendeleo yanastahili kutokea katika maisha ya mtu 	1
/scratch/skscla001/experiments/datasets/swagen/audio/common_voice_sw_30215536.wav	yaliyotegemea uelekeo wa kuvuma kwa upepo ili wasafirishe malighafi hizo zilizovunwa afrika 	1
/scratch/skscla001/experiments/datasets/swagen/audio/common_voice_sw_30635683.wav	wakati huo walikuwa mia moja tu ndio walikuwa wamepata elimu ya chuo kikuu 	1
/scratch/skscla001/experiments/datasets/swagen/audio/common_voice_sw_28879135.wav	mtu huwa na halijoto tofauti na mazingira yake hivyo anaonekana pia katika giza 	1
/scratch/skscla001/experiments/datasets/swagen/audio/common_voice_sw_35108276.wav	ee wamejitokeza kupiga kura 	0
/scratch/skscla001/experiments/datasets/swagen/audio/common_voice_sw_35107850.wav	alpi katika kusini ni milima mirefu ujerumani ingawa 	0
/scratch/skscla001/experiments/datasets/swagen/audio/common_voice_sw_36386232.wav	kwa sababu wengi ni rahisi kuwasahau lakini mchango wao ni mkubwa sana 	1
/scratch/skscla001/experiments/datasets/swagen/audio/common_voice_sw_34841654.wav	wakati anawaza alizunguka upande wa kushoto wa nyumba 	0
/scratch/skscla001/experiments/datasets/swagen/audio/common_voice_sw_30378789.wav	katika kugawanyika huko kuna kimachame na kirombo ambacho nacho kinatofautiana 	0
/scratch/skscla001/experiments/datasets/swagen/audio/common_voice_sw_30257612.wav	watalii wanatoka ulaya na asia kuja msumbiji 	1
/scratch/skscla001/experiments/datasets/swagen/audio/common_voice_sw_29898189.wav	mwaka elfu moja mia tisa na arobaini na sita alitumwa kaskazini kwa kupigania wasomalia 	1
/scratch/skscla001/experiments/datasets/swagen/audio/common_voice_sw_30182446.wav	dhoruba ilikuwa kimbunga ya kaskazini ya kitropiki 	1
/scratch/skscla001/experiments/datasets/swagen/audio/common_voice_sw_34597098.wav	safari ya kuupanda mlima meru na kushuka 	0
/scratch/skscla001/experiments/datasets/swagen/audio/common_voice_sw_29896654.wav	nyota wa italia fabio canavaro alianza kucheza kombe la dunia 	1
/scratch/skscla001/experiments/datasets/swagen/audio/common_voice_sw_30002197.wav	masuala ya jando na unyago yalikuwa ya kawaida sana 	0
/scratch/skscla001/experiments/datasets/swagen/audio/common_voice_sw_30121917.wav	mo dewji alisomea marekani na mpango wake ulikuwa kusalia na kufanya kazi huko 	0
/scratch/skscla001/experiments/datasets/swagen/audio/common_voice_sw_30321937.wav	pele alikuwa akiichezea kwenye klabu ya santos 	1
/scratch/skscla001/experiments/datasets/swagen/audio/common_voice_sw_30182507.wav	jambo la ajabu kwenye gofu hilo wapo nyuki waliojenga kwenye pango 	1
/scratch/skscla001/experiments/datasets/swagen/audio/common_voice_sw_30033848.wav	kabla ya kuanza mikopo wananfunzi wa vyuo vikuu walikuwa wachache 	0
/scratch/skscla001/experiments/datasets/swagen/audio/common_voice_sw_35099438.wav	kuingilia ee mkondo wa kidemokrasia ulikuwa unafua 	0
/scratch/skscla001/experiments/datasets/swagen/audio/common_voice_sw_29789326.wav	kuna wakati rais wa barcolona joan laporta aliwahi kusema 	1
/scratch/skscla001/experiments/datasets/swagen/audio/common_voice_sw_28672908.wav	kwa kawaida mhusika ni mkristo lakini si lazima 	0
/scratch/skscla001/experiments/datasets/swagen/audio/common_voice_sw_31285592.wav	ushindi huo ni kieelezo cha dhamira thabiti ya halmashauri 	0
/scratch/skscla001/experiments/datasets/swagen/audio/common_voice_sw_29295841.wav	wakati huo baba yake alikuwa askari polisi visiwani zanzibar 	1
/scratch/skscla001/experiments/datasets/swagen/audio/common_voice_sw_35132561.wav	lakini kwa sababu sasa sarafu ni moja 	1
/scratch/skscla001/experiments/datasets/swagen/audio/common_voice_sw_35183653.wav	ipo haja kwa serikali ya zanzibar kuharakisha upatikanaji wa sera ya uchumi buluu 	0
/scratch/skscla001/experiments/datasets/swagen/audio/common_voice_sw_29791705.wav	wangoni ni maarufu sana katika kuimba misibani 	0
/scratch/skscla001/experiments/datasets/swagen/audio/common_voice_sw_30196512.wav	zitakuwa ni ndogo mno kwa utafiti wao walioufanya 	0
/scratch/skscla001/experiments/datasets/swagen/audio/common_voice_sw_30419820.wav	ndani ya majonzi makubwa huu ni ukatili wa kisaikolojia ambao mwanaume yeyote 	1
/scratch/skscla001/experiments/datasets/swagen/audio/common_voice_sw_35105443.wav	na katika ujumbe wake siku ya jumapili 	0
/scratch/skscla001/experiments/datasets/swagen/audio/common_voice_sw_35146145.wav	iwe itapata pingamizi wananchi wacanada wategemee kuingia kwenye uchaguzi mkuu 	0
/scratch/skscla001/experiments/datasets/swagen/audio/common_voice_sw_37094199.wav	lakini ulisogezwa mbele kwa juma moja ili kukamilisha 	0
/scratch/skscla001/experiments/datasets/swagen/audio/common_voice_sw_30365963.wav	iddi amini aligawa maduka ya wahindi kwa ndugu zake 	0
/scratch/skscla001/experiments/datasets/swagen/audio/common_voice_sw_35206845.wav	saa saba na nusu mchana jacob alikuwa asili yetu restaurant kuitikia wito wa mtaalamu 	0
/scratch/skscla001/experiments/datasets/swagen/audio/common_voice_sw_30327496.wav	hawa wakijulikana wanyantuzu na wasukuma wa mwanza wakiitwa bhasuku 	1
/scratch/skscla001/experiments/datasets/swagen/audio/common_voice_sw_30074703.wav	kanisa katoliki pamoja na mfalme mkuu wa ujerumani walijaribu kugandamiza wafuasi wa luther 	0
/scratch/skscla001/experiments/datasets/swagen/audio/common_voice_sw_30561810.wav	kwanza ni ule wa buzwagi mkoani shinyanga nchini tanzania 	0
/scratch/skscla001/experiments/datasets/swagen/audio/common_voice_sw_36616507.wav	alitangaza nia kugombea nafasi ya uraisi mwezi wa pili mwaka elfu mbili na saba 	0
/scratch/skscla001/experiments/datasets/swagen/audio/common_voice_sw_30024838.wav	tanzania imebarikiwa kuwa na hifadhi nyingi 	0
/scratch/skscla001/experiments/datasets/swagen/audio/common_voice_sw_30146876.wav	mwaka elfu moja mia tisa sitini na moja tanganyika ilipata uhuru wake 	1
/scratch/skscla001/experiments/datasets/swagen/audio/common_voice_sw_30671768.wav	viwanja vinatumika kwa maonesho ni viwanja vya mwalimu nyerere 	1
/scratch/skscla001/experiments/datasets/swagen/audio/common_voice_sw_30109893.wav	wakati akiendelea kuwa bosi mfugale tayari ameshalitumikia taifa kwa zaidi 	1
/scratch/skscla001/experiments/datasets/swagen/audio/common_voice_sw_30188616.wav	rais mkapa alikuwa ni mtu mwenye maono ya hali ya juu 	0
/scratch/skscla001/experiments/datasets/swagen/audio/common_voice_sw_36067364.wav	kanisa la mtakatifu george lalibela na ethiopia lilichongwa lote katika mwamba 	1
/scratch/skscla001/experiments/datasets/swagen/audio/common_voice_sw_30566615.wav	edward ngoyayi lowassa ni mwanasiasa nchini tanzania 	0
/scratch/skscla001/experiments/datasets/swagen/audio/common_voice_sw_28258910.wav	shughuli yao kubwa ni kilimo cha hapa na pale 	1
/scratch/skscla001/experiments/datasets/swagen/audio/common_voice_sw_34747207.wav	kuwa na usiri mkubwa na hakuna taarifa za kueleweka ni nini hasa chanzo chake 	0
/scratch/skscla001/experiments/datasets/swagen/audio/common_voice_sw_30582103.wav	blob anazaliana kwa wingi kipindi cha joto jingi 	0
/scratch/skscla001/experiments/datasets/swagen/audio/common_voice_sw_31909496.wav	nahisi ni vyema kwenda mapema skuli 	0
/scratch/skscla001/experiments/datasets/swagen/audio/common_voice_sw_35155013.wav	kutokana na maradhi ya kisukari na uvimbe kwenye kongosho bi kidude amekuwa katika fani 	0
/scratch/skscla001/experiments/datasets/swagen/audio/common_voice_sw_30674941.wav	jamii ya kiarabu wasio wazanzibari iliamriwa kuondoka 	1
/scratch/skscla001/experiments/datasets/swagen/audio/common_voice_sw_29428836.wav	hekalu lake mjini efeso lilikuwa kati ya maajabu saba ya dunia 	1
/scratch/skscla001/experiments/datasets/swagen/audio/common_voice_sw_30006985.wav	sinema ilizawadiwa globu ya dhahabu kwa muigizaji bora wa vivutio 	1
/scratch/skscla001/experiments/datasets/swagen/audio/common_voice_sw_29936414.wav	nyerere alikuwa hapendi ushauri wa mtu yeyote 	1
/scratch/skscla001/experiments/datasets/swagen/audio/common_voice_sw_37088671.wav	na mataifa mengine kwa hilo tunaweza kushinda kwa amani 	0
/scratch/skscla001/experiments/datasets/swagen/audio/common_voice_sw_36732171.wav	katika kulaani nchi za magharibi kwa kuingilia siasa za afrika 	0
/scratch/skscla001/experiments/datasets/swagen/audio/common_voice_sw_31306394.wav	sasa naye nabii ismail na huko akaoa 	1
/scratch/skscla001/experiments/datasets/swagen/audio/common_voice_sw_28878070.wav	sehemu kubwa ya eneo hutumiwa kwa kilimo 	1
/scratch/skscla001/experiments/datasets/swagen/audio/common_voice_sw_30650336.wav	kupunguza panya wanaoishi karibu na nyumba sehemu kazi au maeneo ya michezo 	1
/scratch/skscla001/experiments/datasets/swagen/audio/common_voice_sw_35146473.wav	katika uhuru wa vyombo vya habari hivi sasa liko katika mtanziko 	0
/scratch/skscla001/experiments/datasets/swagen/audio/common_voice_sw_30087776.wav	hapa siyo pengine bali ni handebezyo sehemu ambayo imebeba hazina kubwa 	0
/scratch/skscla001/experiments/datasets/swagen/audio/common_voice_sw_28660699.wav	kila jimbo lina katiba yake serikali bunge na mahakama kulingana na mgawanyo wa madaraka 	1
/scratch/skscla001/experiments/datasets/swagen/audio/common_voice_sw_36389766.wav	ya elfu moja mia tisa sabini na tatu jina la hip hop likazaliwa hii 	1
/scratch/skscla001/experiments/datasets/swagen/audio/common_voice_sw_30126499.wav	ingawa wakati wa masika barabara zinaweza kutopitika kirahisi 	0
/scratch/skscla001/experiments/datasets/swagen/audio/common_voice_sw_30577739.wav	staftahi ni chakula cha asubuhi 	1
/scratch/skscla001/experiments/datasets/swagen/audio/common_voice_sw_30006740.wav	bado kwenye uwanja wa ndege wa accra ilikuwepo sanamu 	1
/scratch/skscla001/experiments/datasets/swagen/audio/common_voice_sw_29796289.wav	mzee ferguson alikaa miaka ishirini na sita manchester united 	1
/scratch/skscla001/experiments/datasets/swagen/audio/common_voice_sw_30363940.wav	kizazi cha sasa hakina uelewa mpana kuhusu historia 	0
/scratch/skscla001/experiments/datasets/swagen/audio/common_voice_sw_28666462.wav	ikiwa na mipango ya kuongeza nchi kama angola south sudan and uganda 	0
/scratch/skscla001/experiments/datasets/swagen/audio/common_voice_sw_37083314.wav	itokanayo na uhifadhi wa wanyamapori ama kwa kuwajengea shule zahanati au kuanzisha miradi mbalimbali 	0
/scratch/skscla001/experiments/datasets/swagen/audio/common_voice_sw_30048365.wav	baada ya kuchukua nafasi ya kumi mwaka elfu mbili na kumi na saba 	0
/scratch/skscla001/experiments/datasets/swagen/audio/common_voice_sw_35587860.wav	au stesheni za mitaa na mitandao yenye miundo lazima zichukua 	0
/scratch/skscla001/experiments/datasets/swagen/audio/common_voice_sw_29683362.wav	mara nyingi polisi wanajulikana kuathiriwa na ufisadi kwa kiasi tofauti tofauti 	0
/scratch/skscla001/experiments/datasets/swagen/audio/common_voice_sw_37092863.wav	aliendelea kuamini katika moyo wake alipendwa sana na hali iliyokuwa ikiwafika majirani haingemfika kamwe 	1
/scratch/skscla001/experiments/datasets/swagen/audio/common_voice_sw_29961013.wav	alistaafu baada ya kutawalakwa miaka mitano 	0
/scratch/skscla001/experiments/datasets/swagen/audio/common_voice_sw_30574713.wav	ulimwenguni kote hujulikana na kutambulika kwa mavazi na mapambo yao 	0
/scratch/skscla001/experiments/datasets/swagen/audio/common_voice_sw_29872433.wav	marekani ilisafiri kutoka afghanistan kwenda maficho ya bin laden 	1
/scratch/skscla001/experiments/datasets/swagen/audio/common_voice_sw_30671505.wav	ilijengwa kati ya mwaka elfu moja mia tisa na sabini 	1
/scratch/skscla001/experiments/datasets/swagen/audio/common_voice_sw_35106732.wav	alama hizo ziliripoti kwa hivyo tulianza safari 	0
/scratch/skscla001/experiments/datasets/swagen/audio/common_voice_sw_34597432.wav	silaha zote pamoja na ramia ndogo zilizotekwa zilipelekwa iringa kalenga na kuhifadhiwa ghalani 	0
/scratch/skscla001/experiments/datasets/swagen/audio/common_voice_sw_35103447.wav	jacob alitua kwenye maji ya mto jirani na ukingo sehemu kulipokuwa na kisiki 	0
/scratch/skscla001/experiments/datasets/swagen/audio/common_voice_sw_29677966.wav	wanafunzi wa kwanza walianza kozi zao januari ya mwaka ya mwaka huo 	0
/scratch/skscla001/experiments/datasets/swagen/audio/common_voice_sw_31285536.wav	halmashauri hiyo ilionesha teknolojia za umwagiliaji kwa kutumia miundombinu 	0
/scratch/skscla001/experiments/datasets/swagen/audio/common_voice_sw_30179793.wav	ureno ilifungwa mabao mawili kwa moja 	1
/scratch/skscla001/experiments/datasets/swagen/audio/common_voice_sw_29963888.wav	ghana walikuwa na nafasi ya kwenda nusu fainali kama wangaitupa nje uruguay 	1
/scratch/skscla001/experiments/datasets/swagen/audio/common_voice_sw_30585450.wav	vipengele vilivyo katika mchakato wa ustawi katika nchi zilizo na mapato ya chini 	0
/scratch/skscla001/experiments/datasets/swagen/audio/common_voice_sw_35104841.wav	ukoko huu ni mtamu sana 	0
/scratch/skscla001/experiments/datasets/swagen/audio/common_voice_sw_30574386.wav	alikua miongoni mwa watu mia moja wenye ushawishi zaidi 	0
/scratch/skscla001/experiments/datasets/swagen/audio/common_voice_sw_29993786.wav	inaaminika pia kuwa kurudi kwao wakati wa krismasi ni pamoja na kutembelea ndugu zao 	1
/scratch/skscla001/experiments/datasets/swagen/audio/common_voice_sw_36013848.wav	kesho nitaenda kanisa na mama 	1
/scratch/skscla001/experiments/datasets/swagen/audio/common_voice_sw_30025208.wav	wengi wakikutana nae sehemu hiyo siyo rahisi kumtambua 	1
/scratch/skscla001/experiments/datasets/swagen/audio/common_voice_sw_34994421.wav	mashairi ya kiswahili yalionesha kuwavutia watu wengi sana waliofurika kwenye tamasha hilo 	0
/scratch/skscla001/experiments/datasets/swagen/audio/common_voice_sw_30190806.wav	baada ya kuvuna unaweza kuuhifadhi uyoga kwa njia mbalimbali 	0
/scratch/skscla001/experiments/datasets/swagen/audio/common_voice_sw_30149363.wav	kufanya uchunguzi wake wa uandishi wa habari 	1
/scratch/skscla001/experiments/datasets/swagen/audio/common_voice_sw_30025168.wav	jim thompson aliandika mnamo mwaka elfu moja mia nane themanini na tano 	1
/scratch/skscla001/experiments/datasets/swagen/audio/common_voice_sw_30124044.wav	nyumba nyingi za wasambaa huwa mviringo yenye vyumba vitatu 	0
/scratch/skscla001/experiments/datasets/swagen/audio/common_voice_sw_34906637.wav	mdunguaji ambaye hakuwa na muda naye alimkosa jacob kwa risasi mbili zikavunja kioo 	0
/scratch/skscla001/experiments/datasets/swagen/audio/common_voice_sw_35272536.wav	ndege ya kwanza iliyokodiwa na wizara ya mambo ya nchi za nje ya ufaransa 	0
/scratch/skscla001/experiments/datasets/swagen/audio/common_voice_sw_29942824.wav	hifadhi ya ruaha inapatikana mkoani iringa 	1
/scratch/skscla001/experiments/datasets/swagen/audio/common_voice_sw_29977413.wav	shariff aliachiwa baadae kwa hiari ya karume 	1
/scratch/skscla001/experiments/datasets/swagen/audio/common_voice_sw_30674933.wav	sikuzote ikumbukwe kuwa usipoziba ufa utajenga ukuta 	1
/scratch/skscla001/experiments/datasets/swagen/audio/common_voice_sw_29787628.wav	yapo madai kuwa ilikuwa imebeba zaidi ya abiria elfu moja mia mbili 	1
/scratch/skscla001/experiments/datasets/swagen/audio/common_voice_sw_29924816.wav	ikumbukwe kuwa hifadhi hii ni maarufu kwa wanyama jamii ya 	0
/scratch/skscla001/experiments/datasets/swagen/audio/common_voice_sw_34920400.wav	pia ardhi yenye rutuba kwa mifungo kama vile ngombe mbuzi kondoo na punda 	0
/scratch/skscla001/experiments/datasets/swagen/audio/common_voice_sw_30668382.wav	kwa miaka ya karibuni kuta za tembe hujengwa pia kwa matofali yanayotengenezwa kwa udongo 	1
/scratch/skscla001/experiments/datasets/swagen/audio/common_voice_sw_35408174.wav	unatumika kwenye nchi ambazo ni wanachama wa umoja wa mataifa 	1
/scratch/skscla001/experiments/datasets/swagen/audio/common_voice_sw_29995155.wav	lakini misitu ya acacia imebadilishwa na misitu yenye majani mapana 	1
/scratch/skscla001/experiments/datasets/swagen/audio/common_voice_sw_36381104.wav	ambayo usingeweza hata kupata kuyauliza lakini unahitaji 	1
/scratch/skscla001/experiments/datasets/swagen/audio/common_voice_sw_30567845.wav	urafiki wa nkrumah na nyerere ulisaidia kuzikomboa nchi nyingi 	0
/scratch/skscla001/experiments/datasets/swagen/audio/common_voice_sw_29789483.wav	hii ni kutokana na ukweli wa kwamba 	0
/scratch/skscla001/experiments/datasets/swagen/audio/common_voice_sw_30030636.wav	uchumi halisi kama sayansi ya kijamii huwa huru kutoka kwa vitendo 	0
/scratch/skscla001/experiments/datasets/swagen/audio/common_voice_sw_30175963.wav	alikuwa mbunge wa jimbo la ruangwa tangu mwaka elfu mbili na kumi 	0
/scratch/skscla001/experiments/datasets/swagen/audio/common_voice_sw_30718368.wav	nilijikuta nauliza bila kupata majibu yake 	0
/scratch/skscla001/experiments/datasets/swagen/audio/common_voice_sw_29252745.wav	baadhi ya mifumo ya matibabu hufanya eksirei mara kwa mara kabla ya upasuaji 	1
/scratch/skscla001/experiments/datasets/swagen/audio/common_voice_sw_29923801.wav	hivyo kipaumbele kikatolewa kwa wanawake na watoto 	0
/scratch/skscla001/experiments/datasets/swagen/audio/common_voice_sw_30317570.wav	rose muhando alipata tuzo ya mtunzi bora na muimbaji bora 	1
/scratch/skscla001/experiments/datasets/swagen/audio/common_voice_sw_36616212.wav	mabadiliko haya yamesaidia kuongeza hali ya usikivu na tahadhari 	0
/scratch/skscla001/experiments/datasets/swagen/audio/common_voice_sw_29988508.wav	mpaka sasa kichwa chake kipo ujerumani 	1
/scratch/skscla001/experiments/datasets/swagen/audio/common_voice_sw_37087186.wav	kanali seif bakari alikuwa mkuu wa usalama wa taifa zanzibar 	0
/scratch/skscla001/experiments/datasets/swagen/audio/common_voice_sw_30003841.wav	ningependa kuelezea masikitiko yangu kwa kumpoteza kijana wa afrika 	0
/scratch/skscla001/experiments/datasets/swagen/audio/common_voice_sw_37092033.wav	kumi na tano lakini alishindwa na donald trumpgeorge bush akiwa na watoto wake 	0
/scratch/skscla001/experiments/datasets/swagen/audio/common_voice_sw_29994707.wav	nyerere anakumbukwa na watanzania kutokana na sera zake 	1
/scratch/skscla001/experiments/datasets/swagen/audio/common_voice_sw_30132884.wav	kabla ya kuanza kuzungumzia kuhusu hifadhi hii 	1
/scratch/skscla001/experiments/datasets/swagen/audio/common_voice_sw_30581763.wav	kuna mmea wa kienyeji uitwao olari ambao unakua ukiwa mrefu na mwingi 	0
/scratch/skscla001/experiments/datasets/swagen/audio/common_voice_sw_36037731.wav	ukubali huo ulipelekea mwitikio usiyofaa wa janga hili 	1
/scratch/skscla001/experiments/datasets/swagen/audio/common_voice_sw_30122628.wav	ninyi ni wakina nani na ndipo watu hao walipojibu turi abhaha 	0
/scratch/skscla001/experiments/datasets/swagen/audio/common_voice_sw_32324032.wav	asikari kankagua mizigo yetu 	1
/scratch/skscla001/experiments/datasets/swagen/audio/common_voice_sw_30450951.wav	mara nyingi wakiajiriwa hubeba tena mizigo ya safari mpya 	1
/scratch/skscla001/experiments/datasets/swagen/audio/common_voice_sw_29793927.wav	walipoteza mzazi mmoja au wazazi wote kwa ukimwi 	0
/scratch/skscla001/experiments/datasets/swagen/audio/common_voice_sw_31446570.wav	jiwe kubwa ambalo kule wanaita mbaga 	0
/scratch/skscla001/experiments/datasets/swagen/audio/common_voice_sw_29790200.wav	ukiachana na madaraja ambayo yamemtambulisha vilivyo 	0
/scratch/skscla001/experiments/datasets/swagen/audio/common_voice_sw_29936773.wav	wilaya ya same ni moja kati ya wilaya sita za mkoa wa kilimanjaro 	1
/scratch/skscla001/experiments/datasets/swagen/audio/common_voice_sw_36385645.wav	wao kama watawala wadogo mahali pa mamabaadaye mzee mbegha alikaa pamoja na wazee 	1
/scratch/skscla001/experiments/datasets/swagen/audio/common_voice_sw_30378499.wav	sekta ya utalii inategemewa kwa kiasi kikubwa sana 	0
/scratch/skscla001/experiments/datasets/swagen/audio/common_voice_sw_29899373.wav	kwa kudai eti watumwa waliona bahari ambako watasafarishwa 	1
/scratch/skscla001/experiments/datasets/swagen/audio/common_voice_sw_30341807.wav	wale wenye mamlaka ya kuleta matokeo chanya katika kuboresha hali ya usafiri majini 	1
/scratch/skscla001/experiments/datasets/swagen/audio/common_voice_sw_29795457.wav	kenya ilipendelewa kwa misaada ikasonga mbele na hasa katika sekta ya viwanda 	1
/scratch/skscla001/experiments/datasets/swagen/audio/common_voice_sw_35105842.wav	kwa wanyoro wengi waankole watoro na wanyambo 	0
/scratch/skscla001/experiments/datasets/swagen/audio/common_voice_sw_29936580.wav	ambaye anaweza kushiriki katika uponyaji wa kidini 	1
/scratch/skscla001/experiments/datasets/swagen/audio/common_voice_sw_34940898.wav	kitabuni kiongozi wa ibada wa siku hiyo huja na madondoo yake na 	0
/scratch/skscla001/experiments/datasets/swagen/audio/common_voice_sw_37093869.wav	wake uislamu hufundisha kuhusu vita vya ndani ambavyo muumini 	1
/scratch/skscla001/experiments/datasets/swagen/audio/common_voice_sw_28682780.wav	alianza kupiga gitaa akiwa kijana ambalo alijifunza kutoka kwa mama yake 	1
/scratch/skscla001/experiments/datasets/swagen/audio/common_voice_sw_30182043.wav	taifa la jamhuri ya kidemokrasia ya congo linapata pesa nyingi sana za kigeni 	1
/scratch/skscla001/experiments/datasets/swagen/audio/common_voice_sw_31446461.wav	milton obote ndiye aliyekuwa raisi wa pili wa uganda 	0
/scratch/skscla001/experiments/datasets/swagen/audio/common_voice_sw_36617006.wav	amekiri kuwa tanzania inawahitaji zaidi wawekezaji kuliko wao wanavyohitaji kuwekaza 	0
/scratch/skscla001/experiments/datasets/swagen/audio/common_voice_sw_31304446.wav	utamaduni wa kabila husika huku jando la asili 	1
/scratch/skscla001/experiments/datasets/swagen/audio/common_voice_sw_30204442.wav	vijiji vya jirani zake kwa maana ya kupanua tena himaya yake 	0
/scratch/skscla001/experiments/datasets/swagen/audio/common_voice_sw_30025689.wav	kwa maana ya watu wanaotoka katika kijiji cha 	1
/scratch/skscla001/experiments/datasets/swagen/audio/common_voice_sw_31911993.wav	pochi hii alapsechi echu ikikamilika asari takuva ningii kichoveo cha papaa itakuva ni mwanadamu 	1
/scratch/skscla001/experiments/datasets/swagen/audio/common_voice_sw_30233548.wav	karol alipiga hodi kwenye nyumba ya askofu mkuu wa krakow 	1
/scratch/skscla001/experiments/datasets/swagen/audio/common_voice_sw_30118088.wav	baada ya kuhitimu elimu ya msingi 	1
/scratch/skscla001/experiments/datasets/swagen/audio/common_voice_sw_30515322.wav	tausi jike anakaa na watoto wake karibu kwa miezi sita 	1
/scratch/skscla001/experiments/datasets/swagen/audio/common_voice_sw_35181719.wav	maelezo ya historia yanaonyesha kuwa utawala wa wareno kilwa kisiwani 	0
/scratch/skscla001/experiments/datasets/swagen/audio/common_voice_sw_30439624.wav	upande wa kaskazini wa mzingo wa kasoko ulipinduka 	0
/scratch/skscla001/experiments/datasets/swagen/audio/common_voice_sw_30114429.wav	zinapatikana katika mji wa mto wa mbu 	1
/scratch/skscla001/experiments/datasets/swagen/audio/common_voice_sw_36384231.wav	polisi kadhaa wamepoteza maisha kwa kuuwawa na wanachama bokharam 	1
/scratch/skscla001/experiments/datasets/swagen/audio/common_voice_sw_36382167.wav	alifuatilia kisa hicho akiwa jijini bujumbura 	1
/scratch/skscla001/experiments/datasets/swagen/audio/common_voice_sw_28878449.wav	ni makao makuu ya mkoa wa mara 	1
/scratch/skscla001/experiments/datasets/swagen/audio/common_voice_sw_30671384.wav	sehemu yenye michoro ya kale ya mapangoni 	1
/scratch/skscla001/experiments/datasets/swagen/audio/common_voice_sw_29793097.wav	ilikuwa ni majonzi kwa waafrika wengi hususani wale wenye itikadi za kijamaa 	0
/scratch/skscla001/experiments/datasets/swagen/audio/common_voice_sw_30567015.wav	dume ana rangi ya bluu na kahawia shingoni 	0
/scratch/skscla001/experiments/datasets/swagen/audio/common_voice_sw_30580988.wav	lililoendesha shughuli zake kisiri kwa lengo la kuungoa madarakani utawala wa batista 	0
/scratch/skscla001/experiments/datasets/swagen/audio/common_voice_sw_34747474.wav	azimio liliwekwa mbele ya mkuu wa bunge 	0
/scratch/skscla001/experiments/datasets/swagen/audio/common_voice_sw_30179632.wav	hapana mkuu sijamuona mimi nilikuwa chooni 	1
/scratch/skscla001/experiments/datasets/swagen/audio/common_voice_sw_36381004.wav	kuwa mtegemezi dawa ya kulevya wakati 	1
/scratch/skscla001/experiments/datasets/swagen/audio/common_voice_sw_30375713.wav	wanyakyusa moja kwa moja twende mbeya hawa wanawake wengi wao ni weusi 	0
/scratch/skscla001/experiments/datasets/swagen/audio/common_voice_sw_37093009.wav	mboga za majani zina wanga ya kutosha 	0
/scratch/skscla001/experiments/datasets/swagen/audio/common_voice_sw_30205292.wav	mwaka huu mwezi wa tano alishinda kombe la ulaya 	0
/scratch/skscla001/experiments/datasets/swagen/audio/common_voice_sw_29927211.wav	wazazi au walezi wengine wajadiliane na watoto wao kuhusu mahusiano na ngono 	1
/scratch/skscla001/experiments/datasets/swagen/audio/common_voice_sw_29144819.wav	asali hujenga afya 	1
/scratch/skscla001/experiments/datasets/swagen/audio/common_voice_sw_30653695.wav	alijiunga na chuo cha chuo cha jeshi la tanzania monduli 	0
/scratch/skscla001/experiments/datasets/swagen/audio/common_voice_sw_30572145.wav	aliwasaidia sana kina mama kwa kujengea vituo vya afya vijijini 	0
/scratch/skscla001/experiments/datasets/swagen/audio/common_voice_sw_31286002.wav	pedro alishinda tuzo ya mchezaji bora kijana akiwa miaka kumi na minane 	0
/scratch/skscla001/experiments/datasets/swagen/audio/common_voice_sw_30380406.wav	sekta nyingine ambazo huchangia kwenye uchumi wa mkoa ni za mifugo na madini 	1
/scratch/skscla001/experiments/datasets/swagen/audio/common_voice_sw_30196492.wav	licha ya kujiuzulu wadhifa wake huo miaka michache awali 	0
/scratch/skscla001/experiments/datasets/swagen/audio/common_voice_sw_29962045.wav	hadi sasa wachongaji vinyago wamepanda zaidi ya miti ya mpingo elfu tatu 	0
/scratch/skscla001/experiments/datasets/swagen/audio/common_voice_sw_31284375.wav	ufalme wa buganda ulifutwa kisheria kabaka edward mutesa wa pili alikufa ngambo 	0
/scratch/skscla001/experiments/datasets/swagen/audio/common_voice_sw_35183627.wav	unakaa hii leo kukutana na kujadili 	0
/scratch/skscla001/experiments/datasets/swagen/audio/common_voice_sw_37094903.wav	dawa hizo zinaitwa dawa za kurefusha maisha 	1
/scratch/skscla001/experiments/datasets/swagen/audio/common_voice_sw_34924848.wav	hivyo sasa anayeshughulikia sekta hizo 	0
/scratch/skscla001/experiments/datasets/swagen/audio/common_voice_sw_35182302.wav	iwapo bidhaa kutoka uchina vitakuwa vimechafuliwa na virusi huwa vinasafiri masafa marefu 	0
/scratch/skscla001/experiments/datasets/swagen/audio/common_voice_sw_35107621.wav	aliwakilisha jimbo la morogoro kuanzia mwaka elfu moja mia tisa sitini 	0
/scratch/skscla001/experiments/datasets/swagen/audio/common_voice_sw_29811313.wav	kuna baadhi ya koo katika wajita zinaheshimu sana chura 	0
/scratch/skscla001/experiments/datasets/swagen/audio/common_voice_sw_29782442.wav	mji uko kando la atlantiki 	1
/scratch/skscla001/experiments/datasets/swagen/audio/common_voice_sw_29922515.wav	inaelezwa wote hao waliuawa kwenye mapambano ya silaha nje ya eneo la tukio 	0
/scratch/skscla001/experiments/datasets/swagen/audio/common_voice_sw_36013332.wav	miaka ya mwisho qatar imejihusisha na siasa ya mashariki ya kati 	1
/scratch/skscla001/experiments/datasets/swagen/audio/common_voice_sw_29572641.wav	iko katika mashariki ya nchi 	1
/scratch/skscla001/experiments/datasets/swagen/audio/common_voice_sw_30495090.wav	osama akabadilika kutoka kuwa malaika hadi 	0
/scratch/skscla001/experiments/datasets/swagen/audio/common_voice_sw_29943373.wav	kwa sababu vinatumia mafuta mengi ya kutoka viwandani 	1
/scratch/skscla001/experiments/datasets/swagen/audio/common_voice_sw_37096728.wav	debby naye alimwambia kaka yake na siku iliyofuata kaka yake aliuawa kwa risasi 	0
/scratch/skscla001/experiments/datasets/swagen/audio/common_voice_sw_35109643.wav	kwani kufanya mambo mema ni bora zaidi kuliko kufanya dhambi za dunia 	0
/scratch/skscla001/experiments/datasets/swagen/audio/common_voice_sw_30025027.wav	katika mapokezi ya baraza la uingereza 	1
/scratch/skscla001/experiments/datasets/swagen/audio/common_voice_sw_35176883.wav	inayofanana na hiyo ya libya na nchi kama cote de voire 	0
/scratch/skscla001/experiments/datasets/swagen/audio/common_voice_sw_29795878.wav	baadae iliondolewa utawala wa machifu na kuanza mfumo wa pamoja wa serikali za mitaa 	1
/scratch/skscla001/experiments/datasets/swagen/audio/common_voice_sw_29899230.wav	ilionekana ya kwamba nchi za mashariki zilibaki nyuma sana 	1
/scratch/skscla001/experiments/datasets/swagen/audio/common_voice_sw_34977501.wav	ambayo inahakikisha kuna malisho ya kutosha 	0
/scratch/skscla001/experiments/datasets/swagen/audio/common_voice_sw_29793608.wav	habari nyingine zinaeleza amin alizaliwa elfu moja mia tisa ishirini na tatu 	0
/scratch/skscla001/experiments/datasets/swagen/audio/common_voice_sw_29797575.wav	chama cha afroshirazi party kilichowakilisha waafrika 	0
/scratch/skscla001/experiments/datasets/swagen/audio/common_voice_sw_37088570.wav	ni moja kati ya hifadhi za taifamoja mashuhuri na kubwa nchini tanzania hifadhi 	0
/scratch/skscla001/experiments/datasets/swagen/audio/common_voice_sw_34597390.wav	watu wana uhakika kuhusu sauti zinazorekodiwa 	0
/scratch/skscla001/experiments/datasets/swagen/audio/common_voice_sw_35106463.wav	usimchokoze mwanangu mzuri 	0
/scratch/skscla001/experiments/datasets/swagen/audio/common_voice_sw_36945203.wav	katika makundi mawili kundi la kwanza lilikuwa 	1
/scratch/skscla001/experiments/datasets/swagen/audio/common_voice_sw_34958214.wav	husema kwamba dawa ya kulevya ya ecstasy ni salama na humsisimua 	0
/scratch/skscla001/experiments/datasets/swagen/audio/common_voice_sw_31583305.wav	wanafunzi wengi nchini walinufaika kupitia bodi ya mikopo 	0
/scratch/skscla001/experiments/datasets/swagen/audio/common_voice_sw_29936801.wav	watalii wanaopenda kupanda milima watafurahia wakiwa tanzania 	1
/scratch/skscla001/experiments/datasets/swagen/audio/common_voice_sw_36067440.wav	fimbo lake lilimtega akaanguka 	1
/scratch/skscla001/experiments/datasets/swagen/audio/common_voice_sw_35107675.wav	kudumisha mitandao hiyo hata katika sehemu zenye ufuatiliaji mzuri 	0
/scratch/skscla001/experiments/datasets/swagen/audio/common_voice_sw_35177098.wav	baba nakushukuru kwa kuwa umenisikia 	0
/scratch/skscla001/experiments/datasets/swagen/audio/common_voice_sw_35206651.wav	wanakuwa tayari wamebalehe na si wa kizazi kilichopita 	0
/scratch/skscla001/experiments/datasets/swagen/audio/common_voice_sw_30647705.wav	lilikuwa jibu la mkato mmeamua kunipiga vita jiandaeni 	1
/scratch/skscla001/experiments/datasets/swagen/audio/common_voice_sw_35156874.wav	bado walikuwa wakitafuta nafasi ya kulipa kisasi cha lugalo walidai kuwa chifu amevunja mkataba 	0
/scratch/skscla001/experiments/datasets/swagen/audio/common_voice_sw_29796702.wav	wadhifa alioushikilia kwa kipindi kirefu sana 	1
/scratch/skscla001/experiments/datasets/swagen/audio/common_voice_sw_30182350.wav	tausi anaatamia mayai yake kwa siku ishirini 	1
/scratch/skscla001/experiments/datasets/swagen/audio/common_voice_sw_30338094.wav	milton obote ndiye alikuwa mpinzani maarufu zaidi na alikuwa amehifadhiwa tanzania 	0
/scratch/skscla001/experiments/datasets/swagen/audio/common_voice_sw_34906779.wav	minada hiyo hufanyika katika soko la mitaji 	0
/scratch/skscla001/experiments/datasets/swagen/audio/common_voice_sw_29791294.wav	tanzania ilihitaji wasimamizi bora wa mali ghafi 	0
/scratch/skscla001/experiments/datasets/swagen/audio/common_voice_sw_34745545.wav	sehemu za magharibi zina milima mingi ambayo 	0
/scratch/skscla001/experiments/datasets/swagen/audio/common_voice_sw_30647797.wav	alipangiwa kazi yake ya kwanza ya kichungaji katika kijiji cha niegowiic 	1
/scratch/skscla001/experiments/datasets/swagen/audio/common_voice_sw_30124432.wav	kama wazaramo na wakaguru pia wakutu na wakwere 	0
/scratch/skscla001/experiments/datasets/swagen/audio/common_voice_sw_35867568.wav	sera ya serikali ya awamu ya nane ya kukuza uchumi kupitia bahari 	0
/scratch/skscla001/experiments/datasets/swagen/audio/common_voice_sw_36382203.wav	chakula cha baba ni kizuri sana 	1
/scratch/skscla001/experiments/datasets/swagen/audio/common_voice_sw_29754846.wav	video inaendelea na mwishoni 	1
/scratch/skscla001/experiments/datasets/swagen/audio/common_voice_sw_30647742.wav	wanyama waliopo kwenye hifadhi hiyo huvutia sana 	1
/scratch/skscla001/experiments/datasets/swagen/audio/common_voice_sw_28695360.wav	duniani kasoko zinapatikana mara nyingi kutokana na milipuko ya volkeno au milipuko mingine 	1
/scratch/skscla001/experiments/datasets/swagen/audio/common_voice_sw_35280735.wav	kitabu hicho kilikuwa na uchambuzi wa kina wa kisheria 	1
/scratch/skscla001/experiments/datasets/swagen/audio/common_voice_sw_30035034.wav	magufuli aliwataka watanzania wote kuwa watulivu 	0
/scratch/skscla001/experiments/datasets/swagen/audio/common_voice_sw_30631272.wav	simba ilianza kupata ufadhili unaoeleweka sasa hivi 	1
/scratch/skscla001/experiments/datasets/swagen/audio/common_voice_sw_35586733.wav	linapotajwa jina lake kwa hakika hustua nyoyo za watu wengi duniani 	0
/scratch/skscla001/experiments/datasets/swagen/audio/common_voice_sw_29792189.wav	umri wake wa kuishi ni miaka sitini 	0
/scratch/skscla001/experiments/datasets/swagen/audio/common_voice_sw_30470862.wav	messi ameenda kwa ufaransa kwa uhamisho huru 	1
/scratch/skscla001/experiments/datasets/swagen/audio/common_voice_sw_37211831.wav	nataka kuuliza swali 	0
/scratch/skscla001/experiments/datasets/swagen/audio/common_voice_sw_37332145.wav	kutokana na kuiuzia kenya bidhaa zake katika mwezi huo 	0
/scratch/skscla001/experiments/datasets/swagen/audio/common_voice_sw_34958843.wav	na mchango mkubwa kwa vijana nakumbuka kuna mechi moja ya simba na 	0
/scratch/skscla001/experiments/datasets/swagen/audio/common_voice_sw_28735767.wav	kuanzia umri mdogo davis alikuwa mwanafunzi wa sanaa haswa kaimu 	1
/scratch/skscla001/experiments/datasets/swagen/audio/common_voice_sw_35376522.wav	pia kuna mazao ya biashara ya kahawa chai na tumbaku 	1
/scratch/skscla001/experiments/datasets/swagen/audio/common_voice_sw_35409273.wav	kanada na japani ambapo sera zenye nguvu sheria na mifumo ya 	0
/scratch/skscla001/experiments/datasets/swagen/audio/common_voice_sw_37212316.wav	akionyesha mziki wake kwa sasa imepita miezi mitano 	0
/scratch/skscla001/experiments/datasets/swagen/audio/common_voice_sw_29903373.wav	huku wengine wakijiajiri wenyewe katika shughuli za uchimbaji wa madini 	1
/scratch/skscla001/experiments/datasets/swagen/audio/common_voice_sw_30376090.wav	matokeo hayo yalithibitisha afya ya wamoran 	1
/scratch/skscla001/experiments/datasets/swagen/audio/common_voice_sw_34745163.wav	kwa kumuondoa mark voramama wameongeza wameeleza kuwa 	0
/scratch/skscla001/experiments/datasets/swagen/audio/common_voice_sw_29788792.wav	kifua kikuu kinaweza kuambukiza sehemu yoyote ya mwili 	0
/scratch/skscla001/experiments/datasets/swagen/audio/common_voice_sw_28582669.wav	katika sehemu za kaskazini kuna gesi na mafuta 	1
/scratch/skscla001/experiments/datasets/swagen/audio/common_voice_sw_30574770.wav	pia utazidi kuonekana kuwa mrembo zaidi 	0
/scratch/skscla001/experiments/datasets/swagen/audio/common_voice_sw_36375164.wav	alianguka chini 	1
/scratch/skscla001/experiments/datasets/swagen/audio/common_voice_sw_35103681.wav	hawezi mwingine kunifaa 	0
/scratch/skscla001/experiments/datasets/swagen/audio/common_voice_sw_28922814.wav	mwanamke kutoka kwa bwana yake na kwenda kwa bwana mwingine ilikuwa shida 	1
/scratch/skscla001/experiments/datasets/swagen/audio/common_voice_sw_34598522.wav	kutoa tarifa kuhusu matokeo ya uchimbaji mafuta 	0
/scratch/skscla001/experiments/datasets/swagen/audio/common_voice_sw_37099353.wav	kuishi chini ya waarabu waislamu ilibidi walipe madeni yaliyoachwa nyuma 	0
/scratch/skscla001/experiments/datasets/swagen/audio/common_voice_sw_30074410.wav	mwalimu julius kambarage nyerere alikuwa ni rais wa kwanza wa tanganyika 	0
/scratch/skscla001/experiments/datasets/swagen/audio/common_voice_sw_30567756.wav	wakichekeana lakini walikuwa maadui ili tuelewe chanzo 	0
/scratch/skscla001/experiments/datasets/swagen/audio/common_voice_sw_30563424.wav	aliendeleza vizuri mambo ya ujamaa na kujitegemea 	0
/scratch/skscla001/experiments/datasets/swagen/audio/common_voice_sw_30628196.wav	uingereza ulileta patano la kuwa zanzibar itakuwa chini ya uingereza 	0
/scratch/skscla001/experiments/datasets/swagen/audio/common_voice_sw_35099489.wav	kuigwa zinajulikana kama buprenofini zote hutumika kama dawa 	0
/scratch/skscla001/experiments/datasets/swagen/audio/common_voice_sw_29737769.wav	mlima kenya hupatikana katika mpaka wa meru na nyeri 	1
/scratch/skscla001/experiments/datasets/swagen/audio/common_voice_sw_30323458.wav	hata hivyo serikali ikaendelea kulipa zaidi ya dolar za marekani laki moja kila siku 	1
/scratch/skscla001/experiments/datasets/swagen/audio/common_voice_sw_29939935.wav	zamani wapare walikuwa na sala tofauti kwa kila ukoo 	0
/scratch/skscla001/experiments/datasets/swagen/audio/common_voice_sw_34746343.wav	leo ni siku njema kama ilivyo onekana asubuhi 	0
/scratch/skscla001/experiments/datasets/swagen/audio/common_voice_sw_30640504.wav	alipenda kucheza pamoja na watoto kwani alipenda awape furaha kila siku 	0
/scratch/skscla001/experiments/datasets/swagen/audio/common_voice_sw_36389216.wav	ambayo ndio msingi mkuu wa uchumi wa buluu 	1
/scratch/skscla001/experiments/datasets/swagen/audio/common_voice_sw_30022819.wav	ndege huyo hawezi kuruka kutokana na uzito wa mwili wake 	0
/scratch/skscla001/experiments/datasets/swagen/audio/common_voice_sw_30522726.wav	nimonia na kikohozi kisichoisha kwa tafsiri ya kawaida ni maambukizi yanayojitokeza kwenye mapafu 	0
/scratch/skscla001/experiments/datasets/swagen/audio/common_voice_sw_29524557.wav	na timu ya taifa ya uganda 	0
/scratch/skscla001/experiments/datasets/swagen/audio/common_voice_sw_37083343.wav	kiswahili ni lugha ya mama 	1
/scratch/skscla001/experiments/datasets/swagen/audio/common_voice_sw_34947062.wav	karibu katika awamu nyingine na sasa tuanzie nchini cote de voire 	0
/scratch/skscla001/experiments/datasets/swagen/audio/common_voice_sw_30313798.wav	akachukua shahada na kuwa daktari wa fani hiyo akawa mwalimu 	1
/scratch/skscla001/experiments/datasets/swagen/audio/common_voice_sw_28815559.wav	iko katika kusini mashariki ya marekani bara 	1
/scratch/skscla001/experiments/datasets/swagen/audio/common_voice_sw_37222853.wav	ya anatolia ambayo wengi wa uturuki wa sasa 	1
/scratch/skscla001/experiments/datasets/swagen/audio/common_voice_sw_30037188.wav	soka linaweza kusitisha shughuli zingine zote duniani 	0
/scratch/skscla001/experiments/datasets/swagen/audio/common_voice_sw_29936490.wav	kiongozi jasiri wa vita hivyo aliitwa kinjekitile ngwale katika eneo la kusini mwa afrika 	1
/scratch/skscla001/experiments/datasets/swagen/audio/common_voice_sw_30381408.wav	ili kuwarithisha watoto wajukuu vitukuu au vizazi vijavyo kwa ujumla 	1
/scratch/skscla001/experiments/datasets/swagen/audio/common_voice_sw_34940035.wav	joto kubwa inafuatana na baridi kali tabianchi ya 	0
/scratch/skscla001/experiments/datasets/swagen/audio/common_voice_sw_29797620.wav	pembe za wanyama ni utajiri wa asili katika nchi ya tanzania 	0
/scratch/skscla001/experiments/datasets/swagen/audio/common_voice_sw_29836474.wav	nyerere alikufa akiwa katika matibabu nchini uingereza 	1
/scratch/skscla001/experiments/datasets/swagen/audio/common_voice_sw_34598426.wav	amezungumza na wanahabari katika jiji la tripoli 	0
/scratch/skscla001/experiments/datasets/swagen/audio/common_voice_sw_30635693.wav	wapangwa ni kabila la watu kutoka milima livingstone 	1
/scratch/skscla001/experiments/datasets/swagen/audio/common_voice_sw_30355230.wav	uwanja wa mkapa unavizidi viwanja vya timu nyingi kubwa ulaya 	0
/scratch/skscla001/experiments/datasets/swagen/audio/common_voice_sw_29797588.wav	kupelekea kuenea kwa dini ya kiislamu 	0
/scratch/skscla001/experiments/datasets/swagen/audio/common_voice_sw_34958960.wav	ule ya utekelezaji wa sera ya taifa ya mazingira 	0
/scratch/skscla001/experiments/datasets/swagen/audio/common_voice_sw_30205439.wav	wanyama hao wametengwa kwenye maeneo maalumu kulingana na aina zao 	0
/scratch/skscla001/experiments/datasets/swagen/audio/common_voice_sw_28669679.wav	kufuatana na uainishaji wa lugha kwa ndani zaidi kikulango bondoukou iko katika kundi la kigur 	1
/scratch/skscla001/experiments/datasets/swagen/audio/common_voice_sw_35099316.wav	gine siku hizi za karibuni watafika mpaka mozambiki 	0
/scratch/skscla001/experiments/datasets/swagen/audio/common_voice_sw_29792636.wav	walidai kuwa wana habari kuwa aga khan 	0
/scratch/skscla001/experiments/datasets/swagen/audio/common_voice_sw_30091168.wav	ndivyo hivyo asilimia kubwa ya dunia imezungukwa na maji 	1
/scratch/skscla001/experiments/datasets/swagen/audio/common_voice_sw_29791520.wav	wageni hawa walikuja huku afrika kwa kutumia usafiri wa mashua 	0
/scratch/skscla001/experiments/datasets/swagen/audio/common_voice_sw_37099006.wav	nafasi za juu au hata ikiwezekana nafasi moja kati ya zile mbili 	1
/scratch/skscla001/experiments/datasets/swagen/audio/common_voice_sw_30363995.wav	anasema akiwa redio muda alitangaza kipindi cha asubuhi cha kuchomoza jua 	1
/scratch/skscla001/experiments/datasets/swagen/audio/common_voice_sw_28817504.wav	hii ni riwaya maarufu zaidi ya mwandishi 	1
/scratch/skscla001/experiments/datasets/swagen/audio/common_voice_sw_36387947.wav	nze na mashindano ya soka ya cekafa na draw ya mashindano hayo ambayo yataandaliwa 	1
/scratch/skscla001/experiments/datasets/swagen/audio/common_voice_sw_30181644.wav	pia waha ni wavuvi wa samaki katika ziwa tanganyika mto malagarasi na mto rwiche 	1
/scratch/skscla001/experiments/datasets/swagen/audio/common_voice_sw_31285664.wav	lakini pia kwa makazi ya viumbe hai waishio majini 	0
/scratch/skscla001/experiments/datasets/swagen/audio/common_voice_sw_28681042.wav	huishi baharini hasa lakini spishi kadhaa hukaa katika mito na milango yao 	1
/scratch/skscla001/experiments/datasets/swagen/audio/common_voice_sw_37086130.wav	uchanguzi mkuu wa nchini thailand unataraji kufanyika 	1
/scratch/skscla001/experiments/datasets/swagen/audio/common_voice_sw_31406048.wav	flaviana matata alijitahidi kutimiza ndoto zake 	0
/scratch/skscla001/experiments/datasets/swagen/audio/common_voice_sw_36252282.wav	na nafikiri ujumbe huu unaufahamu hebu naomba 	0
/scratch/skscla001/experiments/datasets/swagen/audio/common_voice_sw_34811069.wav	mimi ni mkuu wake kwa kila kitu 	0
/scratch/skscla001/experiments/datasets/swagen/audio/common_voice_sw_35588537.wav	kwa jumla wakristo wanaishi kati ya wafuasi wa dini nyingine 	0
/scratch/skscla001/experiments/datasets/swagen/audio/common_voice_sw_28666544.wav	ameandika hasa kwa watoto 	0
/scratch/skscla001/experiments/datasets/swagen/audio/common_voice_sw_29906129.wav	tausi jike hukaa na watoto wake kwa karibu miezi sita 	1
/scratch/skscla001/experiments/datasets/swagen/audio/common_voice_sw_28663203.wav	ushiriki wa ibada ni wa juu sana 	1
/scratch/skscla001/experiments/datasets/swagen/audio/common_voice_sw_30080656.wav	ipo umbali wa kilomita mbili kusini magharibi kutoka katikati ya jiji la mwanza 	0
/scratch/skscla001/experiments/datasets/swagen/audio/common_voice_sw_35206813.wav	akirithiwa na mpwawe lukwele mdimangombe mwanamsumi wa pili mwaka elfu moja mia nane sitini 	0
/scratch/skscla001/experiments/datasets/swagen/audio/common_voice_sw_36319937.wav	namna ya kawaida ni kufanya tohara 	1
/scratch/skscla001/experiments/datasets/swagen/audio/common_voice_sw_29725993.wav	mara nyingi kuna wabunge wa kuchaguliwa na wale wa kuteuliwa 	1
/scratch/skscla001/experiments/datasets/swagen/audio/common_voice_sw_30397774.wav	wangapi kati ya watawala maalum wa kiafrika ambao tayari tumekuwa nao 	0
/scratch/skscla001/experiments/datasets/swagen/audio/common_voice_sw_29818157.wav	jamii iliyo huru ambayo watu wote wataishi pamoja 	0
/scratch/skscla001/experiments/datasets/swagen/audio/common_voice_sw_30581089.wav	hali hii imepelekea kuwepo wasanii wengi maarufu wa maigizo na nyimbo 	0
/scratch/skscla001/experiments/datasets/swagen/audio/common_voice_sw_30142556.wav	kila sehemu unayopita utakutana na mto unaotiririsha maji 	0
/scratch/skscla001/experiments/datasets/swagen/audio/common_voice_sw_30419850.wav	mtawala wa mwisho wa kabila la wanyambo aliitwa itogo ruhinda 	1
/scratch/skscla001/experiments/datasets/swagen/audio/common_voice_sw_29963203.wav	hilo refu na kuwapiga risasi watu takribani watano 	1
/scratch/skscla001/experiments/datasets/swagen/audio/common_voice_sw_29927111.wav	umaarufu unakuwa kutokana na wingi wa wageni wanaotokea nje ya nchi 	1
/scratch/skscla001/experiments/datasets/swagen/audio/common_voice_sw_31787747.wav	nchi nyingi zimekuwa zikijivunia viongozi wake hasa katika utendaji wake wa kazi 	0
/scratch/skscla001/experiments/datasets/swagen/audio/common_voice_sw_37215140.wav	baadhi ya sehemu nchini tanzania watu wanazikwa wakiwa wameketi 	0
/scratch/skscla001/experiments/datasets/swagen/audio/common_voice_sw_31306441.wav	zamani makocha hawakuwa na mpango wa soka la pasi fupi 	1
/scratch/skscla001/experiments/datasets/swagen/audio/common_voice_sw_30129516.wav	hata hivyo mercury alikuwa ametambuliwa kuwa na ugonjwa huo 	0
/scratch/skscla001/experiments/datasets/swagen/audio/common_voice_sw_36375170.wav	krafuu ina nguvu katika kupambana na maambukizo ya virusi na bakteria 	1
/scratch/skscla001/experiments/datasets/swagen/audio/common_voice_sw_35587910.wav	rangi nyeusi watala kitu chochote kinachoendelea kutoka 	0
/scratch/skscla001/experiments/datasets/swagen/audio/common_voice_sw_30326928.wav	walitangaza marufuku kwa watu weusi kwenda shule 	1
/scratch/skscla001/experiments/datasets/swagen/audio/common_voice_sw_30181584.wav	mashindano ya kuongeza silaha mpya yalishinda uwezo wa uchumi 	1
/scratch/skscla001/experiments/datasets/swagen/audio/common_voice_sw_30327759.wav	ronaldo ndiye mchezaji aliyefunga mabao kwenye kila michuano duniani 	0
/scratch/skscla001/experiments/datasets/swagen/audio/common_voice_sw_30650344.wav	safari hii ambayo inaweza kuchukua kama saa nne 	1
/scratch/skscla001/experiments/datasets/swagen/audio/common_voice_sw_30365488.wav	wakawafyatulia risasi askari na raia kabla ya kufika mto kagera 	1
/scratch/skscla001/experiments/datasets/swagen/audio/common_voice_sw_30364101.wav	mojaconor mcgregor 	1
/scratch/skscla001/experiments/datasets/swagen/audio/common_voice_sw_36252519.wav	taarifa hizi zilithibitishwa na mdogo wake raul castro 	0
/scratch/skscla001/experiments/datasets/swagen/audio/common_voice_sw_30176804.wav	ikiwa hili litafanyika kwa umakini ni wazi kuwa matatizo ya kuwa na chunusi 	0
/scratch/skscla001/experiments/datasets/swagen/audio/common_voice_sw_29954969.wav	kuna mazao ya biashara ya kahawa chai na tumbaku 	0
/scratch/skscla001/experiments/datasets/swagen/audio/common_voice_sw_29790829.wav	ugonjwa wa mwinuko ni adui wako 	0
/scratch/skscla001/experiments/datasets/swagen/audio/common_voice_sw_30709764.wav	safari rally zinazotambulika kuwa ngumu zaidi ulimwenguni 	0
/scratch/skscla001/experiments/datasets/swagen/audio/common_voice_sw_28877841.wav	kipindi hiki kilikuwa na athira kuu katika maisha ya mtaalamu 	1
/scratch/skscla001/experiments/datasets/swagen/audio/common_voice_sw_30372349.wav	mpira umekua laini sana nyakati hizi 	0
/scratch/skscla001/experiments/datasets/swagen/audio/common_voice_sw_36945667.wav	huu wimbo ni wangu peke yangu 	1
/scratch/skscla001/experiments/datasets/swagen/audio/common_voice_sw_37084797.wav	naye akasema kuwa hajapata taarifa rasmi kutoka serikali ya kigali 	1
/scratch/skscla001/experiments/datasets/swagen/audio/common_voice_sw_29795364.wav	nairobi nchini kenya karibu na mpaka wa uganda 	1
/scratch/skscla001/experiments/datasets/swagen/audio/common_voice_sw_36375247.wav	na zinapuuza hata shinikizo ya la kimataifa 	1
/scratch/skscla001/experiments/datasets/swagen/audio/common_voice_sw_35757151.wav	karne ya kumi na tatu umoja wa kikabila wa 	1
/scratch/skscla001/experiments/datasets/swagen/audio/common_voice_sw_35099677.wav	wenzake shuleni walishangaa mbona alikuwa akilia wakati wote na kushika kifua chake kwa uchungu 	0
/scratch/skscla001/experiments/datasets/swagen/audio/common_voice_sw_30316831.wav	ukilizungumzia swala hili mahala fulani watu wanaweza kukuona muongo 	0
/scratch/skscla001/experiments/datasets/swagen/audio/common_voice_sw_29941748.wav	raisi john magufuli aliingia madarakani rasmi 	1
/scratch/skscla001/experiments/datasets/swagen/audio/common_voice_sw_36330702.wav	ubarikiwe baba 	1
/scratch/skscla001/experiments/datasets/swagen/audio/common_voice_sw_30522730.wav	uzalishaji unaohusisha nguo vinywaji na vyakula 	0
/scratch/skscla001/experiments/datasets/swagen/audio/common_voice_sw_36375244.wav	sheria hiyo haihusiani tu na utegemeaji wa dawa 	1
/scratch/skscla001/experiments/datasets/swagen/audio/common_voice_sw_28581475.wav	rasmi pamoja na nyingine 	1
/scratch/skscla001/experiments/datasets/swagen/audio/common_voice_sw_30016863.wav	kwa mamlaka yake anaweza kuanzisha vita 	1
/scratch/skscla001/experiments/datasets/swagen/audio/common_voice_sw_35106189.wav	kichwa changu 	0
/scratch/skscla001/experiments/datasets/swagen/audio/common_voice_sw_34977502.wav	hiyo ndiyo ilikuwa sababu ya jacob kutaka kujua hilo 	0
/scratch/skscla001/experiments/datasets/swagen/audio/common_voice_sw_30638453.wav	kundi lingine la wapiganaji linakuwa tayari limefuzu 	0
/scratch/skscla001/experiments/datasets/swagen/audio/common_voice_sw_29962873.wav	twiga wa kundi moja hawachangamani na twiga wa kundi lingine 	0
/scratch/skscla001/experiments/datasets/swagen/audio/common_voice_sw_35586800.wav	wataadhibiwa kwa kutekeleza sheria za rwanda za makosa ya jinai wanaostahili kusaidiwa ni yatima 	0
/scratch/skscla001/experiments/datasets/swagen/audio/common_voice_sw_29792331.wav	vitu hivyo vilisafirishwa kwa kutumia majahazi yao 	0
/scratch/skscla001/experiments/datasets/swagen/audio/common_voice_sw_30079380.wav	mkapa alijitosa kugombea urais kwa tiketi ya chama cha mapinduzi 	0
/scratch/skscla001/experiments/datasets/swagen/audio/common_voice_sw_28999802.wav	wanatokea misitu na maeneo mengine yenye miti katika afrika na asia 	1
/scratch/skscla001/experiments/datasets/swagen/audio/common_voice_sw_30314726.wav	pia walimaanisha kwamba mtu huyo hupendwa na mungu 	0
/scratch/skscla001/experiments/datasets/swagen/audio/common_voice_sw_30022226.wav	meno yake ya chini ya mbele hungolewa 	0
/scratch/skscla001/experiments/datasets/swagen/audio/common_voice_sw_34943170.wav	huku wakisema kuwa wanafanya kila juhudi 	0
/scratch/skscla001/experiments/datasets/swagen/audio/common_voice_sw_35181792.wav	familia nyingi huenda kanisani jumapili 	0
/scratch/skscla001/experiments/datasets/swagen/audio/common_voice_sw_35183470.wav	boti za kwanza za uokoaji zilichukua watu wachache sana 	0
/scratch/skscla001/experiments/datasets/swagen/audio/common_voice_sw_29938065.wav	tandala na palahala nao wanavutia na kufanya maskani kwenye vilima 	1
/scratch/skscla001/experiments/datasets/swagen/audio/common_voice_sw_37222934.wav	usiwasahau wanao 	0
/scratch/skscla001/experiments/datasets/swagen/audio/common_voice_sw_30327995.wav	kupunga upepo lakini hata kuogelea vivutio vya utamaduni 	0
/scratch/skscla001/experiments/datasets/swagen/audio/common_voice_sw_34760004.wav	alifanya mikataba ya ulinzi na watawala wadogo 	0
/scratch/skscla001/experiments/datasets/swagen/audio/common_voice_sw_34943706.wav	si hivyo tu wazanzibari watano walipewa uwaziri kamili 	0
/scratch/skscla001/experiments/datasets/swagen/audio/common_voice_sw_36641966.wav	ya maneno au muundo wasentensi za kiswahili 	0
/scratch/skscla001/experiments/datasets/swagen/audio/common_voice_sw_29805618.wav	ujio wa pep ulizima moto wa borusia dortmund 	1
/scratch/skscla001/experiments/datasets/swagen/audio/common_voice_sw_30307688.wav	abooud jumbe alichaguliwa kuwa rais wa zanzibar 	1
/scratch/skscla001/experiments/datasets/swagen/audio/common_voice_sw_34943091.wav	yalichangiwa sana na mfumuko wa bei 	0
/scratch/skscla001/experiments/datasets/swagen/audio/common_voice_sw_29941919.wav	kabila la waha limetokana na mtawanyiko wa makabila ya warundi na wahaya 	1
/scratch/skscla001/experiments/datasets/swagen/audio/common_voice_sw_29792139.wav	maeneo maalum yametengwa kwa ajili ya kilimo cha kisasa 	0
/scratch/skscla001/experiments/datasets/swagen/audio/common_voice_sw_30227390.wav	ripoti za mashirika makubwa zinapotolewa 	0
/scratch/skscla001/experiments/datasets/swagen/audio/common_voice_sw_29943266.wav	kulishawishi kundi kubwa la wanawake kujiunga pamoja naye 	1
/scratch/skscla001/experiments/datasets/swagen/audio/common_voice_sw_29795930.wav	si mataifa yote yalikubaliana na matakwa ya uingereza ya kukomesha biashara ya utumwa 	1
/scratch/skscla001/experiments/datasets/swagen/audio/common_voice_sw_35582698.wav	wanafunzi wako darasani 	0
/scratch/skscla001/experiments/datasets/swagen/audio/common_voice_sw_35105123.wav	wa umeme samaki wanaopatikana katika msitu huo 	0
/scratch/skscla001/experiments/datasets/swagen/audio/common_voice_sw_34763262.wav	kwa takriban watu kumi na wawili wamepoteza maisha katika ghasia hizo 	1
/scratch/skscla001/experiments/datasets/swagen/audio/common_voice_sw_30020917.wav	sheria hizi zilithibitishwa na baraza la mapinduzi zanzibar 	1
/scratch/skscla001/experiments/datasets/swagen/audio/common_voice_sw_29805299.wav	messi alirudi kwenye kiwango cha juu na kuvunja rekodi ya magoli mengi kwa msimu 	1
/scratch/skscla001/experiments/datasets/swagen/audio/common_voice_sw_36387602.wav	la kusini mwa afrika kwa miongo mitatu tangu mwaka elfu moja mia tisa sitini 	1
/scratch/skscla001/experiments/datasets/swagen/audio/common_voice_sw_30073353.wav	ubora wa pep unaendelea kuwapa ubingwa manchester city 	0
/scratch/skscla001/experiments/datasets/swagen/audio/common_voice_sw_30148780.wav	akiwa na idadi ya mabao thelathini na sita katika michezo thelathini ya kadet a 	1
/scratch/skscla001/experiments/datasets/swagen/audio/common_voice_sw_30143807.wav	wilaya imeanzisha na kujenga mradi mmoja mkubwa wa umwagiliaji 	0
/scratch/skscla001/experiments/datasets/swagen/audio/common_voice_sw_29981971.wav	mlima lool malasin elfu tatu mia sita ishirini na sita 	1
/scratch/skscla001/experiments/datasets/swagen/audio/common_voice_sw_29948831.wav	biashara ya utumwa ilikuwa biashara iliyodhalilisha utu wa binadamu hasa waafrika 	0
/scratch/skscla001/experiments/datasets/swagen/audio/common_voice_sw_36386334.wav	bairu walikuwa na koo kama mia moja thelathini 	1
/scratch/skscla001/experiments/datasets/swagen/audio/common_voice_sw_36067409.wav	kuna unyanyapaaji wa watu wanaojihusiana na mapenzi ya jinsia moja 	1
/scratch/skscla001/experiments/datasets/swagen/audio/common_voice_sw_30202107.wav	shimo la ajabu lijulikanalo kama shimo la mungu wilayani newala 	1
/scratch/skscla001/experiments/datasets/swagen/audio/common_voice_sw_29797217.wav	kuishirikisha kikamilifu jamii ya wakazi wa bagamoyo katika kupanga na kuamua mikakati madhubuti 	1
/scratch/skscla001/experiments/datasets/swagen/audio/common_voice_sw_29960843.wav	taifa liliishi katika misingi ya ujamaa na kujitegemea 	1
/scratch/skscla001/experiments/datasets/swagen/audio/common_voice_sw_28830713.wav	ni mji mkubwa wa tatu katika mkoa huu 	1
/scratch/skscla001/experiments/datasets/swagen/audio/common_voice_sw_29936771.wav	mlima rungwe ambao huaminika kuwa kilele cha nyanda za juu kusini 	1
/scratch/skscla001/experiments/datasets/swagen/audio/common_voice_sw_28817637.wav	inapatikana sana katika maeneo ya tropiki amerika kusini na afrika lakini si asia 	1
/scratch/skscla001/experiments/datasets/swagen/audio/common_voice_sw_29488918.wav	hakuna uhakika kabisa kuhusu asili ya neno 	0
/scratch/skscla001/experiments/datasets/swagen/audio/common_voice_sw_31285516.wav	alipenda sana kuwapa watoto furaha katika maisha yake 	0
/scratch/skscla001/experiments/datasets/swagen/audio/common_voice_sw_30364173.wav	idi amin alikua na mama yake kijijini 	1
/scratch/skscla001/experiments/datasets/swagen/audio/common_voice_sw_29994793.wav	lotthae mattaus ni mjerumani aliyefanya vizuri zaidi 	1
/scratch/skscla001/experiments/datasets/swagen/audio/common_voice_sw_34764321.wav	nakumbuka nilipovunjika jinsi ulivyoniinua 	1
/scratch/skscla001/experiments/datasets/swagen/audio/common_voice_sw_37091392.wav	miji hiyo ni mikubwa sana 	1
/scratch/skscla001/experiments/datasets/swagen/audio/common_voice_sw_30653699.wav	wageni wakatuhadaa na kutulaghai kwamba ya kwetu yote yalikuwa si mema 	0
/scratch/skscla001/experiments/datasets/swagen/audio/common_voice_sw_28660718.wav	wimbo ulitolewa kunako tarehe moja mwezi wa pili 	1
/scratch/skscla001/experiments/datasets/swagen/audio/common_voice_sw_29961427.wav	forlan alikuwa manchester united kabla ya kutimkia hispania 	1
/scratch/skscla001/experiments/datasets/swagen/audio/common_voice_sw_30037276.wav	pia mabwawa mengine makubwa ya kujivunia ni 	0
/scratch/skscla001/experiments/datasets/swagen/audio/common_voice_sw_30329142.wav	hata hivyo wapare nao wana utani wao kwa wachaga 	0
/scratch/skscla001/experiments/datasets/swagen/audio/common_voice_sw_34946669.wav	hivi sasa bunge la ubeligiji limeruhusu uchunguzi maalumu kuhusu kifo cha lumumba miaka kadhaa 	0
/scratch/skscla001/experiments/datasets/swagen/audio/common_voice_sw_31368827.wav	wengine wakaanza kuyavamia makazi ya wazungu na kuyachoma moto 	1
/scratch/skscla001/experiments/datasets/swagen/audio/common_voice_sw_29793886.wav	kumekuwa na upotovu wa mila na tamaduni za baadhi ya makabila 	0
/scratch/skscla001/experiments/datasets/swagen/audio/common_voice_sw_29961190.wav	mjerumani wolfgang overalh alikuwa mchezaji bora wa michuano ya kombe la dunia 	1
/scratch/skscla001/experiments/datasets/swagen/audio/common_voice_sw_30202872.wav	pep alishinda makombe mengi alivyokuwa kocha wa barcelona 	0
/scratch/skscla001/experiments/datasets/swagen/audio/common_voice_sw_30105912.wav	mheshimiwa daktari john joseph pombe magufuli alifanikiwa kuteuliwa kuipeperusha bendera ya chama 	0
/scratch/skscla001/experiments/datasets/swagen/audio/common_voice_sw_29793610.wav	pia michezo huitambulisha nchi wanapopata nafasi ya kushiriki kitaifa na kimataifa ili kujenga ushirikiano 	0
/scratch/skscla001/experiments/datasets/swagen/audio/common_voice_sw_28661928.wav	ilikuwa hasa vita ndani ya vietnam kusini 	1
/scratch/skscla001/experiments/datasets/swagen/audio/common_voice_sw_29818070.wav	wengine walipewa majina kulingana na lugha yao au matamshi yao 	0
/scratch/skscla001/experiments/datasets/swagen/audio/common_voice_sw_37088747.wav	wanawake wapatao thelathini wanalima mwani pembezoni mwa bahari 	1
/scratch/skscla001/experiments/datasets/swagen/audio/common_voice_sw_29898191.wav	kutokana na wakati baadhi ya vitu kwenye magofu hayo vinaibwa vinaharibiwa 	1
/scratch/skscla001/experiments/datasets/swagen/audio/common_voice_sw_30434539.wav	ningependa kuwapongeza sana sana kwanza kwa kuibuka mabingwa na ligi kuu 	0
/scratch/skscla001/experiments/datasets/swagen/audio/common_voice_sw_29864980.wav	mwelekeo wa kikomunisti wa baadhi ya viongozi 	1
/scratch/skscla001/experiments/datasets/swagen/audio/common_voice_sw_28714504.wav	hasa aliandika mashairi juu ya maisha ya nchi yake 	0
/scratch/skscla001/experiments/datasets/swagen/audio/common_voice_sw_29943269.wav	mandela aliamini katika taifa la kidemokrasia 	1
/scratch/skscla001/experiments/datasets/swagen/audio/common_voice_sw_28582977.wav	leo hii idadi kubwa ya wakazi ni wa asili ya kihindi 	1
/scratch/skscla001/experiments/datasets/swagen/audio/common_voice_sw_29663343.wav	ujumbe unaweza kupelekwa ndani ya barua pepe yenyewe au kama nyongeza ya barua pepe 	0
/scratch/skscla001/experiments/datasets/swagen/audio/common_voice_sw_29924359.wav	virusi husababisha ini kusinyaa na kushindwa kufanya kazi vyema 	0
/scratch/skscla001/experiments/datasets/swagen/audio/common_voice_sw_35156069.wav	lakini historia itakayofundishwa katika nchi zilizoondoa ukoloni na vibaraka wake afrika itaandika historia yake 	0
/scratch/skscla001/experiments/datasets/swagen/audio/common_voice_sw_30321999.wav	kitendo hicho hakikumfurahisha raisi wa kwanza wa tanzania 	1
/scratch/skscla001/experiments/datasets/swagen/audio/common_voice_sw_30326736.wav	ni lazima warejee ndutu ambapo huwa wanazaa 	1
/scratch/skscla001/experiments/datasets/swagen/audio/common_voice_sw_30025178.wav	hatimae kuweka uongozi mikononi mwa waafrika ambao ndio wengi visiwani humo 	0
/scratch/skscla001/experiments/datasets/swagen/audio/common_voice_sw_28684932.wav	hata leo anaheshimiwa na kanisa katoliki na waorthodoksi kama mtakatifu 	1
/scratch/skscla001/experiments/datasets/swagen/audio/common_voice_sw_30053169.wav	kilipatana na chama cha mlengo wa kushoto 	0
/scratch/skscla001/experiments/datasets/swagen/audio/common_voice_sw_36388149.wav	ametumia kifaa 	1
/scratch/skscla001/experiments/datasets/swagen/audio/common_voice_sw_30182030.wav	wasangu walirudishwa katika eneo lao la awali wakarudi kutoka usafwa 	1
/scratch/skscla001/experiments/datasets/swagen/audio/common_voice_sw_29795819.wav	zote zikiwa ni hifadhi zinazopatikana ndani ya taifa la tanzania 	1
/scratch/skscla001/experiments/datasets/swagen/audio/common_voice_sw_30198414.wav	alipokufa milki ilichukuliwa na dada yake mwene ngalu ambaye ndiye mwanzilishi wa sumbawanga 	0
/scratch/skscla001/experiments/datasets/swagen/audio/common_voice_sw_29637470.wav	mifano ni chuo cha ufundi chuo cha kilimo au chuo cha ualimu 	1
/scratch/skscla001/experiments/datasets/swagen/audio/common_voice_sw_36374993.wav	wakamkosa daktari 	1
/scratch/skscla001/experiments/datasets/swagen/audio/common_voice_sw_30088587.wav	siku hizi tamaduni za kupeleka vijana jandoni hufanywa na watu wachache 	0
/scratch/skscla001/experiments/datasets/swagen/audio/common_voice_sw_28581778.wav	takriban spishi zote zinatokea kanda za kaskazini mbali 	1
/scratch/skscla001/experiments/datasets/swagen/audio/common_voice_sw_30567824.wav	chake lakini vyombo vyake viko safi kabisa 	0
/scratch/skscla001/experiments/datasets/swagen/audio/common_voice_sw_37086968.wav	unafikiri hilo la kuongeza thamani china itakubali ama 	0
/scratch/skscla001/experiments/datasets/swagen/audio/common_voice_sw_31306585.wav	messi alikuwa anafanya anachotaka uwanjani 	1
/scratch/skscla001/experiments/datasets/swagen/audio/common_voice_sw_30104493.wav	nyota wa uingereza david beckham aliwahi kuvaa jezi namba saba kabla ya kuondoka united 	1
/scratch/skscla001/experiments/datasets/swagen/audio/common_voice_sw_28695293.wav	hii inaweza kusababisha kila aina ya shida 	1
/scratch/skscla001/experiments/datasets/swagen/audio/common_voice_sw_31284769.wav	sasa kila kitu kipo wazi mapenzi yamekuwa kama kamali 	0
/scratch/skscla001/experiments/datasets/swagen/audio/common_voice_sw_29799175.wav	nchi ya peru ilishiriki kombe la dunia 	0
/scratch/skscla001/experiments/datasets/swagen/audio/common_voice_sw_29793647.wav	hata hivyo singida united nayo imeonyesha nia ya kumsajili 	0
/scratch/skscla001/experiments/datasets/swagen/audio/common_voice_sw_30574258.wav	ndiye anayeongoza orodha ya wafungaji bora wa kipute hicho 	0
/scratch/skscla001/experiments/datasets/swagen/audio/common_voice_sw_29939173.wav	wigo wa kufikiri maeneo hayo ni pamoja 	1
/scratch/skscla001/experiments/datasets/swagen/audio/common_voice_sw_34598094.wav	gari limetokomea kule 	0
/scratch/skscla001/experiments/datasets/swagen/audio/common_voice_sw_30381097.wav	kuna aina mbili za bawasiri moja ni bawasiri ya nje ya puru 	1
/scratch/skscla001/experiments/datasets/swagen/audio/common_voice_sw_30582749.wav	usimbishaji wa theluji unaweza kutokea wakati wowote 	0
/scratch/skscla001/experiments/datasets/swagen/audio/common_voice_sw_30671870.wav	ingawa uchina iliendelea kuwa mshirika muhimu katika vita dhidi ya ubaguzi wa rangi 	1
/scratch/skscla001/experiments/datasets/swagen/audio/common_voice_sw_30194522.wav	ukilinganisha na nchi zinazozalisha mafuta duniani kote 	0
/scratch/skscla001/experiments/datasets/swagen/audio/common_voice_sw_35110347.wav	lakini tunaweza kuibadilisha kulingana na lugha pia vionjo vya kwetu 	0
/scratch/skscla001/experiments/datasets/swagen/audio/common_voice_sw_30414526.wav	wilaya ya rolya na serengeti inaongezeka pia bunda na butiama 	0
/scratch/skscla001/experiments/datasets/swagen/audio/common_voice_sw_31406062.wav	hata hivyo vyakula vingi vitamu vina wanga mwingi 	0
/scratch/skscla001/experiments/datasets/swagen/audio/common_voice_sw_29788594.wav	pia miundombinu kwa kiasi chake imeboreshwa 	1
/scratch/skscla001/experiments/datasets/swagen/audio/common_voice_sw_28987652.wav	nyota za meza ni chache na dhaifu sana 	1
/scratch/skscla001/experiments/datasets/swagen/audio/common_voice_sw_35118932.wav	mwili wa mke wake mwaminifu haukupatikana kamwe 	0
/scratch/skscla001/experiments/datasets/swagen/audio/common_voice_sw_31370880.wav	wakahukumiwa kwenda jela kifungo cha maisha 	1
/scratch/skscla001/experiments/datasets/swagen/audio/common_voice_sw_29961381.wav	furahi kupanda kilimanjaro ni kitu cha kukumbuka maisha yako yote 	1
/scratch/skscla001/experiments/datasets/swagen/audio/common_voice_sw_29791668.wav	kupungua kwa kilimo kulisababishwa na sera za kilimo zisizofaa 	0
/scratch/skscla001/experiments/datasets/swagen/audio/common_voice_sw_29949783.wav	albamu yake ya mwaka wa elfu moja mia tisa na tisini 	0
/scratch/skscla001/experiments/datasets/swagen/audio/common_voice_sw_35105556.wav	makali zaidi mwaka elfu moja mia tisa hamsini na moja ilipata kura nyingi katika 	0
/scratch/skscla001/experiments/datasets/swagen/audio/common_voice_sw_30081019.wav	moja ya maajabu yalimkuta mzungu aliye ingia na mbwa wake kisha kapotea naye 	0
/scratch/skscla001/experiments/datasets/swagen/audio/common_voice_sw_31996665.wav	nagoma kwenda kuteka maji 	0
/scratch/skscla001/experiments/datasets/swagen/audio/common_voice_sw_35104873.wav	hawa wote walitokea radio tanzania dar es salaam 	0
/scratch/skscla001/experiments/datasets/swagen/audio/common_voice_sw_30021413.wav	watafiti wa masuala ya ekolojia huweka kambi mara kwa mara 	1
/scratch/skscla001/experiments/datasets/swagen/audio/common_voice_sw_29997770.wav	hivyo habari hizi bado zinafanyiwa utafiti kuangalia muingiliano wa lugha 	1
/scratch/skscla001/experiments/datasets/swagen/audio/common_voice_sw_34746296.wav	kuliko vile ilivyodhaniwa hapo awali hatukujikwaa tu 	0
/scratch/skscla001/experiments/datasets/swagen/audio/common_voice_sw_29940494.wav	mpira wa sasa umekua laini tofauti na miaka ya nyuma 	0
/scratch/skscla001/experiments/datasets/swagen/audio/common_voice_sw_30216176.wav	biashara ya mafuta ni biashara yenye thamani kubwa duniani kote 	1
/scratch/skscla001/experiments/datasets/swagen/audio/common_voice_sw_32091206.wav	msichana ule mwaka huu kwenye ntihani ndopicha kwaudhuri 	1
/scratch/skscla001/experiments/datasets/swagen/audio/common_voice_sw_28672882.wav	alishiriki kuanzisha shirika la waandishi wa liberia 	0
/scratch/skscla001/experiments/datasets/swagen/audio/common_voice_sw_30074409.wav	semduda alijifungua mtoto wa kiume akamuita muyinga 	0
/scratch/skscla001/experiments/datasets/swagen/audio/common_voice_sw_29838518.wav	alikidhi matakwa ya katiba ya jamuhuri ya muungano wa tanzania 	1
/scratch/skscla001/experiments/datasets/swagen/audio/common_voice_sw_30627992.wav	hivyo hudai kuwa ni wasukuma na kusini yao 	1
/scratch/skscla001/experiments/datasets/swagen/audio/common_voice_sw_30654109.wav	watalii kutoka nje ni wahuzuriaji wazuri wa matamasha hayo 	0
/scratch/skscla001/experiments/datasets/swagen/audio/common_voice_sw_29949521.wav	miongoni mwa filamu ambazo amewahi kuigiza ni rangi ya zambarau 	0
/scratch/skscla001/experiments/datasets/swagen/audio/common_voice_sw_31285755.wav	miamba mikubwa na minene imeliumba eneo la irente 	0
/scratch/skscla001/experiments/datasets/swagen/audio/common_voice_sw_29811364.wav	wataalamu wa viumbe vya majini wanasema kwa kawaida nyangumi 	0
/scratch/skscla001/experiments/datasets/swagen/audio/common_voice_sw_35279541.wav	zimekuwa zikiwavutia viongozi mbali mbali kama vile 	0
/scratch/skscla001/experiments/datasets/swagen/audio/common_voice_sw_30327202.wav	meli za serikali mia moja na tatu tu 	1
/scratch/skscla001/experiments/datasets/swagen/audio/common_voice_sw_30337044.wav	pia wananchi wa maeneo hayo hasa wafanya biashara 	0
/scratch/skscla001/experiments/datasets/swagen/audio/common_voice_sw_29935031.wav	blob anaweza kujua kila harufu ya vitu mbalimbali 	1
/scratch/skscla001/experiments/datasets/swagen/audio/common_voice_sw_35099891.wav	na wakati mzuri wa kuona mlima kilimanjaro kutokea meru 	0
/scratch/skscla001/experiments/datasets/swagen/audio/common_voice_sw_29790730.wav	athari kubwa imepelekea watu wengi kupoteza maisha kutokana na migogoro tofauti ya marais 	0
/scratch/skscla001/experiments/datasets/swagen/audio/common_voice_sw_36644721.wav	kupoza halijoto kinyume chake upepo kutoka bahari 	0
/scratch/skscla001/experiments/datasets/swagen/audio/common_voice_sw_36067438.wav	wazazi wengine wajadiliane na watoto wao kuhusu mahusiano 	1
/scratch/skscla001/experiments/datasets/swagen/audio/common_voice_sw_36385705.wav	duniani wa mwaka mara tatu kwa vipindi tofauti tofauti 	1
/scratch/skscla001/experiments/datasets/swagen/audio/common_voice_sw_37218422.wav	zaidi kwa mtu binafsi upatikanaji wa kutegemeka haijabainika wazi iwapo 	0
/scratch/skscla001/experiments/datasets/swagen/audio/common_voice_sw_29183090.wav	zilikuwa na maandishi ya kiarabu upande mmoja na maandishi ya kijerumani nyuma yake 	1
/scratch/skscla001/experiments/datasets/swagen/audio/common_voice_sw_30148215.wav	wafuaji wa vyuma walikaa maeneo yote yaliyokuwa na uwezekano wa kupata chuma 	0
/scratch/skscla001/experiments/datasets/swagen/audio/common_voice_sw_31596966.wav	lumumba na wenzake walikiwakilisha chama chao katika mkutano 	0
/scratch/skscla001/experiments/datasets/swagen/audio/common_voice_sw_30003950.wav	ambapo ndama laki nne huzaliwa katika kipindi cha wiki sita 	0
/scratch/skscla001/experiments/datasets/swagen/audio/common_voice_sw_29333345.wav	mamba hupenda kuishi katika maji baridi kama vile maziwa mito ardhi tepe tepe 	1
/scratch/skscla001/experiments/datasets/swagen/audio/common_voice_sw_29945757.wav	kesi za jinai ni kesi za jamhuri ya muungano wa tanzania 	1
/scratch/skscla001/experiments/datasets/swagen/audio/common_voice_sw_29938551.wav	kabla ya kujikita na hispania kuanzia mwaka elfu moja mia tisa hamsini na saba 	1
/scratch/skscla001/experiments/datasets/swagen/audio/common_voice_sw_29938543.wav	ujasiri wao wa vita katika kupigana na wamachame uliwapa umaarufu 	1
/scratch/skscla001/experiments/datasets/swagen/audio/common_voice_sw_29792457.wav	akaanzisha mashamba ya mikarafuu kwa kutumia kazi ya watumwa 	0
/scratch/skscla001/experiments/datasets/swagen/audio/common_voice_sw_34979551.wav	kama silaha imetoka kwa nani kwa hivyo ni zoezi muhimu sana 	0
/scratch/skscla001/experiments/datasets/swagen/audio/common_voice_sw_30323794.wav	mwili wa nkrumah ukasafirishwa kutoka bucharest romania kuja mjini conakry 	1
/scratch/skscla001/experiments/datasets/swagen/audio/common_voice_sw_30024256.wav	baadae aliuawa akiwa tanganyika kwa sasa tanzania 	0
/scratch/skscla001/experiments/datasets/swagen/audio/common_voice_sw_32210586.wav	katika mazungumzo yetu tumeafikiana 	1
/scratch/skscla001/experiments/datasets/swagen/audio/common_voice_sw_36390709.wav	sheria na haki za binadamu nchini tanzania 	1
/scratch/skscla001/experiments/datasets/swagen/audio/common_voice_sw_29922493.wav	hifadhi hii ipo ndani ya bonde la ufa 	0
/scratch/skscla001/experiments/datasets/swagen/audio/common_voice_sw_29798469.wav	zamani vijana walikuwa wanaoa na kuolewa wakiwa wadogo sana 	0
/scratch/skscla001/experiments/datasets/swagen/audio/common_voice_sw_31333022.wav	hivyo ni mwiko mkubwa katika siasa za 	0
/scratch/skscla001/experiments/datasets/swagen/audio/common_voice_sw_34958158.wav	anapenda sana kucheza na watoto wdogo 	0
/scratch/skscla001/experiments/datasets/swagen/audio/common_voice_sw_28672921.wav	tangu kale anaheshimiwa na wayahudi wakristo na waislamu kama mtakatifu 	0
/scratch/skscla001/experiments/datasets/swagen/audio/common_voice_sw_29848315.wav	mungu ibariki afrika pia mungu ibariki tanzania 	0
/scratch/skscla001/experiments/datasets/swagen/audio/common_voice_sw_30421123.wav	nahodha wa ghana asamoah gyan alikosa mkwaju wa penati 	0
/scratch/skscla001/experiments/datasets/swagen/audio/common_voice_sw_30436163.wav	kuwavutia watazamaji juu ya wazo kuu 	0
/scratch/skscla001/experiments/datasets/swagen/audio/common_voice_sw_28690565.wav	wako china na mongolia 	1
/scratch/skscla001/experiments/datasets/swagen/audio/common_voice_sw_28739856.wav	kutokana na juhudi zake upigaji picha ukawa kazi yake katika sanaa 	1
/scratch/skscla001/experiments/datasets/swagen/audio/common_voice_sw_28672901.wav	hii ilianzishwa mnamo tarehe moja mwezi wa pili 	0
/scratch/skscla001/experiments/datasets/swagen/audio/common_voice_sw_30201031.wav	mungu ampokea akawe miongoni mwa wateule wake huko mbinguni 	1
/scratch/skscla001/experiments/datasets/swagen/audio/common_voice_sw_30653928.wav	kiasili walikuwa bairu lakini kwa kuoa katika bahima au kufanya kazi kwa watemi 	0
/scratch/skscla001/experiments/datasets/swagen/audio/common_voice_sw_32090937.wav	peche a dhahabu ina samani sana 	1
/scratch/skscla001/experiments/datasets/swagen/audio/common_voice_sw_30561986.wav	kaburi ilipambwa kwa kusimamisha ubao mguuni na sanamu ya ubao mwenye kofia kichwani 	0
/scratch/skscla001/experiments/datasets/swagen/audio/common_voice_sw_35412157.wav	alaa amekuja saa ngapi 	1
/scratch/skscla001/experiments/datasets/swagen/audio/common_voice_sw_29937805.wav	yalianzishwa na aliyekuwa mkuu wa wilaya hiyo akijulikana kwa jina la msonge 	1
/scratch/skscla001/experiments/datasets/swagen/audio/common_voice_sw_31266475.wav	nimepata fursa ya kusaidia katika mipango kadha wa kadha zinazofanywa na kikundi 	0
/scratch/skscla001/experiments/datasets/swagen/audio/common_voice_sw_36381533.wav	ambaye amewasili katika viwanja hivyo vya uhuru 	1
/scratch/skscla001/experiments/datasets/swagen/audio/common_voice_sw_34762937.wav	katika maisha lazima watu wawe wanafanya mazoezi kwa bidii 	1
/scratch/skscla001/experiments/datasets/swagen/audio/common_voice_sw_29892669.wav	hassan mwinyi alijipatia cheti cha ufundishaji 	1
/scratch/skscla001/experiments/datasets/swagen/audio/common_voice_sw_30114392.wav	sauti ambazo zilikuwa hazipewi kipaumbele kwa muda mrefu 	1
/scratch/skscla001/experiments/datasets/swagen/audio/common_voice_sw_30056609.wav	njia nyingine ya kupandia mlima ipo tarakea 	0
/scratch/skscla001/experiments/datasets/swagen/audio/common_voice_sw_30718075.wav	brazil ilicheza dhidi ya italia kwenye fainali ya dunia 	0
/scratch/skscla001/experiments/datasets/swagen/audio/common_voice_sw_30591038.wav	mazao hayo hukaa shambani kwa muda wa miaka mingi 	0
/scratch/skscla001/experiments/datasets/swagen/audio/common_voice_sw_29898553.wav	ufundi na usanifu majengo katika mji huu mkongwe ulitokana na pande hizo nne zilizo 	1
/scratch/skscla001/experiments/datasets/swagen/audio/common_voice_sw_30341810.wav	mashujaa kutoka katika mji wa songea waliendeleza mapambano dhidi ya ukoloni wa kijerumani 	1
/scratch/skscla001/experiments/datasets/swagen/audio/common_voice_sw_29995584.wav	huwezi kuwataja wapigania uhuru wa bara la afrika 	1
/scratch/skscla001/experiments/datasets/swagen/audio/common_voice_sw_36644616.wav	kwa hivyo yaani marekani ame amezitembelea hivi nchi strategically kwa sababu kama ukiangalia 	0
/scratch/skscla001/experiments/datasets/swagen/audio/common_voice_sw_29997295.wav	jeff bezos alitangazwa kuwa mtu wa pili kwa utajiri zaidi duniani 	1
/scratch/skscla001/experiments/datasets/swagen/audio/common_voice_sw_35279565.wav	kupitia mashirika mablimbali ya kitume mwanzoni kabisa 	0
/scratch/skscla001/experiments/datasets/swagen/audio/common_voice_sw_29793720.wav	kuhara kutapika na magonjwa mengine yanayowaathiri watoto 	0
/scratch/skscla001/experiments/datasets/swagen/audio/common_voice_sw_37224266.wav	tumeshikana na baba yake 	1
/scratch/skscla001/experiments/datasets/swagen/audio/common_voice_sw_30527285.wav	hifadhi inafikika wakati wote wa mwaka hasa mwezi disemba februari na mei 	0
/scratch/skscla001/experiments/datasets/swagen/audio/common_voice_sw_28691419.wav	aliendelea kubuni njia ya kubadilisha tabia za mpira kuwa mgumu kabisa 	1
/scratch/skscla001/experiments/datasets/swagen/audio/common_voice_sw_30470830.wav	pia kuogopa mlipuko wa magonjwa kwa raia wao 	1
/scratch/skscla001/experiments/datasets/swagen/audio/common_voice_sw_28817362.wav	kilimo cha pwani ni hasa ya miwa lakini pia ya matunda 	1
/scratch/skscla001/experiments/datasets/swagen/audio/common_voice_sw_31325413.wav	ziwa katwe liko chini ya ziwa edward 	1
/scratch/skscla001/experiments/datasets/swagen/audio/common_voice_sw_34391610.wav	ninasoma 	1
/scratch/skscla001/experiments/datasets/swagen/audio/common_voice_sw_30574560.wav	kiu ya kuwatumikia wananchi haijawahi kukata 	0
/scratch/skscla001/experiments/datasets/swagen/audio/common_voice_sw_36382383.wav	inaathiri takribani asilimia sitini ya wananchi 	1
/scratch/skscla001/experiments/datasets/swagen/audio/common_voice_sw_29791980.wav	reli ya tazara inapita katika ya hifadhi ya kitulo 	0
/scratch/skscla001/experiments/datasets/swagen/audio/common_voice_sw_29847012.wav	jim thompson aliandika mnamo mwaka elfu moja mia tisa sabini 	1
/scratch/skscla001/experiments/datasets/swagen/audio/common_voice_sw_35105174.wav	hii inafanya waturuki wahisi kuwajibika zaidi lakini 	0
/scratch/skscla001/experiments/datasets/swagen/audio/common_voice_sw_35214457.wav	maendeleo endelevu yamedhamiria katika miaka kumi na tano ijayo 	0
/scratch/skscla001/experiments/datasets/swagen/audio/common_voice_sw_29791297.wav	barabara ni chanzo cha maendeleo zikijengwa kwa lami 	0
/scratch/skscla001/experiments/datasets/swagen/audio/common_voice_sw_34837099.wav	kusini mwa bara la afrika kulikuwa na waimbaji wengi wanawake 	0
/scratch/skscla001/experiments/datasets/swagen/audio/common_voice_sw_31329286.wav	sababu kubwa ya vita vya majimaji ni ardhi 	1
/scratch/skscla001/experiments/datasets/swagen/audio/common_voice_sw_30124429.wav	mchezaji nyota wa sweden michael laundrap alicheza vizuri 	0
/scratch/skscla001/experiments/datasets/swagen/audio/common_voice_sw_30035000.wav	mandela hakuzikwa mvezo na badala yake alizikwa qunu 	0
/scratch/skscla001/experiments/datasets/swagen/audio/common_voice_sw_30025376.wav	kuhusu asili ya lugha hiyo kuna nadharia mbalimbali 	1
/scratch/skscla001/experiments/datasets/swagen/audio/common_voice_sw_29936412.wav	kwa ajili ya kuhamasisha watu nchini uingereza kuhusiana na suala hilo 	1
/scratch/skscla001/experiments/datasets/swagen/audio/common_voice_sw_36641265.wav	binadamu anategemea kabisa neema ya mungu kutojali wajibu hata 	0
/scratch/skscla001/experiments/datasets/swagen/audio/common_voice_sw_35183622.wav	chini ya tanganyika african umoja wa kitaifa kilichoongoza harakati za uhuru 	0
/scratch/skscla001/experiments/datasets/swagen/audio/common_voice_sw_29925296.wav	hutoa makazi madogo kwa nyanda zisizo na wanyamapori 	0
/scratch/skscla001/experiments/datasets/swagen/audio/common_voice_sw_37089142.wav	na uholanzi baadaye mnamo mwaka mia mbili na tatu b k aliishi mama 	0
/scratch/skscla001/experiments/datasets/swagen/audio/common_voice_sw_29488107.wav	kwa miji mingine angalia orodha ya miji ya illinois 	0
/scratch/skscla001/experiments/datasets/swagen/audio/common_voice_sw_29977594.wav	mataifa manne yanayoguswa na bahari ya mediterania 	0
/scratch/skscla001/experiments/datasets/swagen/audio/common_voice_sw_29815916.wav	barcelona walifunga chelsea mabao mawili 	1
/scratch/skscla001/experiments/datasets/swagen/audio/common_voice_sw_30089231.wav	amevichezea vilabu kadhaa ikiwemo bayern munich alikotwaa mataji manne ya bundersliga na manne ulaya 	0
/scratch/skscla001/experiments/datasets/swagen/audio/common_voice_sw_36374942.wav	pneumonia ni maambukizi yanayojitokeza kwenye mapafu 	1
/scratch/skscla001/experiments/datasets/swagen/audio/common_voice_sw_28999175.wav	tena ndiye wa kwanza kutangazwa na papa 	1
/scratch/skscla001/experiments/datasets/swagen/audio/common_voice_sw_30144116.wav	milima ya mbarika na milima ya mbeya 	1
/scratch/skscla001/experiments/datasets/swagen/audio/common_voice_sw_30635682.wav	kuongeza vitu vipya ambavyo vinaendana na karne hii 	1
/scratch/skscla001/experiments/datasets/swagen/audio/common_voice_sw_34745897.wav	kama alivyojiwa hapo na mwenzangu victor macsedek 	0
/scratch/skscla001/experiments/datasets/swagen/audio/common_voice_sw_36383840.wav	la kifo na ufufuko wake mwenyewe kitabu kitakatifu cha 	1
/scratch/skscla001/experiments/datasets/swagen/audio/common_voice_sw_30327172.wav	kwa majuma na miezi wakati unaweza kula matunda ya msituni 	0
/scratch/skscla001/experiments/datasets/swagen/audio/common_voice_sw_34906981.wav	tungepiga mbizi ndani ya bahari 	0
/scratch/skscla001/experiments/datasets/swagen/audio/common_voice_sw_30003987.wav	msitu wa amazon unasaidia kupunguza kasi ya ongezeko la joto 	0
/scratch/skscla001/experiments/datasets/swagen/audio/common_voice_sw_30021600.wav	ni zoezi ambalo limetiwa kumbukumbu katika wamasai wa kenya na tanzania 	1
/scratch/skscla001/experiments/datasets/swagen/audio/common_voice_sw_29488455.wav	lakini basi wakazi wanaweza pia kuleta mipango maalum ya maendeleo 	0
/scratch/skscla001/experiments/datasets/swagen/audio/common_voice_sw_36385707.wav	mkazi mwengine wa mtaa huo 	1
/scratch/skscla001/experiments/datasets/swagen/audio/common_voice_sw_34906630.wav	ilikuwa nyumba ya chumba na sebule 	0
/scratch/skscla001/experiments/datasets/swagen/audio/common_voice_sw_30574590.wav	maalim seif aliwania nafasi ya urais wa zanzibari kwa tiketi ya chama cha wananchi 	1
/scratch/skscla001/experiments/datasets/swagen/audio/common_voice_sw_28663183.wav	kuna matoleo mengi tofauti ya hadithi 	1
/scratch/skscla001/experiments/datasets/swagen/audio/common_voice_sw_29307060.wav	teolojia katika dini mbalimbali inatumia neno hili kadiri ya imani yake 	1
/scratch/skscla001/experiments/datasets/swagen/audio/common_voice_sw_36381716.wav	takriban mia saba elfu wanaokaa upande wa tanzania 	1
/scratch/skscla001/experiments/datasets/swagen/audio/common_voice_sw_36385376.wav	sema vizuri nikuskie kwa masikio yangu 	1
/scratch/skscla001/experiments/datasets/swagen/audio/common_voice_sw_29903376.wav	mila na desturi zake ambazo ndizo miongozo na dira 	1
/scratch/skscla001/experiments/datasets/swagen/audio/common_voice_sw_36299854.wav	ee vimeitisha maandamano jijini kampala na kwingineko ili kuishinikiza tume ya uchaguzi mkuu 	1
/scratch/skscla001/experiments/datasets/swagen/audio/common_voice_sw_30121954.wav	mwaka nenda mwaka rudi huku mipango yao ikififia kama nyota ya mchana 	1
/scratch/skscla001/experiments/datasets/swagen/audio/common_voice_sw_30327544.wav	ni zama ambazo watu wote waliishi kwa kushirikiana katika kila sekta 	0
/scratch/skscla001/experiments/datasets/swagen/audio/common_voice_sw_29963032.wav	tunakupakulia kumbukumbu za chanzo na matokeo ya vita 	1
/scratch/skscla001/experiments/datasets/swagen/audio/common_voice_sw_28691046.wav	pwani zake ni za argentina upande wa kaskazini na chile upande wa kusini 	1
/scratch/skscla001/experiments/datasets/swagen/audio/common_voice_sw_30115957.wav	unataja kuwa bado afrika kusini haijatumia rasilimali zake ilizonanazo 	1
/scratch/skscla001/experiments/datasets/swagen/audio/common_voice_sw_36389288.wav	wamekamatwa na mkuu wa polisi katika mji 	1
/scratch/skscla001/experiments/datasets/swagen/audio/common_voice_sw_34764018.wav	mitindo ambayo zamani tulizoea kuona ikipigwa na watu wa nje ya tanzania 	1
/scratch/skscla001/experiments/datasets/swagen/audio/common_voice_sw_30438078.wav	upo ushahidi wa kwamba ruvuma si miongoni mwa mikoa yenye kiwango kikubwa cha maambukizi 	1
/scratch/skscla001/experiments/datasets/swagen/audio/common_voice_sw_29988510.wav	lakini watu walishikwa kama watumwa mpaka mwanzo wa karne ya ishirini 	1
/scratch/skscla001/experiments/datasets/swagen/audio/common_voice_sw_28790702.wav	dini mpya kawaida zina maelezo ya kipekee kuhusu maana ya maisha 	0
/scratch/skscla001/experiments/datasets/swagen/audio/common_voice_sw_36385574.wav	yeye anapenda raha sana 	1
/scratch/skscla001/experiments/datasets/swagen/audio/common_voice_sw_30201883.wav	vimesababisha watoto wengi kutotambuliwa mpaka kufikia umri wa miezi mitatu 	1
/scratch/skscla001/experiments/datasets/swagen/audio/common_voice_sw_37088586.wav	tunaona faraja ya kilimo hiki licha ya changamoto ya hali ya hewa inayotukabili 	1
/scratch/skscla001/experiments/datasets/swagen/audio/common_voice_sw_29897186.wav	asilimia ipatayo arobaini na tatu ya idadi ya watu wote mkoani ni wahehe 	1
/scratch/skscla001/experiments/datasets/swagen/audio/common_voice_sw_30175983.wav	na mama yake alikuwa mama wa nyumbani 	0
/scratch/skscla001/experiments/datasets/swagen/audio/common_voice_sw_36381643.wav	sisi ni watoto wa baba noah 	1
/scratch/skscla001/experiments/datasets/swagen/audio/common_voice_sw_29560157.wav	kwa sasa iko kati ya visiwa vya kanada na ncha ya kijiografia 	0
/scratch/skscla001/experiments/datasets/swagen/audio/common_voice_sw_30572868.wav	wamejikuta wakihamia kusini mwa afrika kama vile taifa lililopotea 	0
/scratch/skscla001/experiments/datasets/swagen/audio/common_voice_sw_29702320.wav	imani inaweza kukua kwa upana na kwa dhati au nguvu 	0
/scratch/skscla001/experiments/datasets/swagen/audio/common_voice_sw_30114735.wav	akinyonyesha mtoto maziwa yatoke kwa wingi 	1
/scratch/skscla001/experiments/datasets/swagen/audio/common_voice_sw_30086537.wav	ni sehemu nzuri inayofaa kwa mapumziko pia na inapendeza na kuvutia 	0
/scratch/skscla001/experiments/datasets/swagen/audio/common_voice_sw_30653831.wav	umoja wa mataifa unaitangaza nchi ya tanzania 	0
/scratch/skscla001/experiments/datasets/swagen/audio/common_voice_sw_29996278.wav	licha ya kuwa katika hatari ya kujeruhiwa wakati wa michezo yake ya awali 	1
/scratch/skscla001/experiments/datasets/swagen/audio/common_voice_sw_30017664.wav	ni muhimu kuongeza ujazo wa fedha katika mzunguko kiuchumi 	0
/scratch/skscla001/experiments/datasets/swagen/audio/common_voice_sw_30104777.wav	engai narok ni mungu mweusi ana huruma 	1
/scratch/skscla001/experiments/datasets/swagen/audio/common_voice_sw_35099919.wav	kwanza baada ya kuongoka kila wakati ulifurahia zaidi kitu fulani 	0
/scratch/skscla001/experiments/datasets/swagen/audio/common_voice_sw_29419996.wav	kwa sasa ni mtayarishaji wa nyimbo kutoka tanzania 	1
/scratch/skscla001/experiments/datasets/swagen/audio/common_voice_sw_34958150.wav	isa tisini na moja walikuwa boris yeltsin na vladimir putindmitry medvedev alichaguliwa kuwa 	0
/scratch/skscla001/experiments/datasets/swagen/audio/common_voice_sw_29938484.wav	atajaribu kuyasimbua kwa kutumia vidokezo kidogo vya habari alivyonavyo 	1
/scratch/skscla001/experiments/datasets/swagen/audio/common_voice_sw_30582627.wav	vikosi vya castro viliingia havana mwaka elfu moja mia tisa hamsini na tisa 	0
/scratch/skscla001/experiments/datasets/swagen/audio/common_voice_sw_30471001.wav	miaka hiyo biashara ya watumwa ilishamiri sana 	1
/scratch/skscla001/experiments/datasets/swagen/audio/common_voice_sw_35123740.wav	nibadilishe unibariki 	0
/scratch/skscla001/experiments/datasets/swagen/audio/common_voice_sw_34598219.wav	titanic ilizinduliwa baada ya kukamilika kuundwa 	0
/scratch/skscla001/experiments/datasets/swagen/audio/common_voice_sw_30021056.wav	kata ya kilomeni mwaka wa elfu moja mia tisa na tisa 	1
/scratch/skscla001/experiments/datasets/swagen/audio/common_voice_sw_36387243.wav	alisimama na kuwaahidi wamatumbi kuingia katika vita aliyoiita vita ya ushindi 	1
/scratch/skscla001/experiments/datasets/swagen/audio/common_voice_sw_30024091.wav	halmashauri ya wilaya ya rolya na halmashauri ya wilaya ya serengeti 	0
/scratch/skscla001/experiments/datasets/swagen/audio/common_voice_sw_35108361.wav	hifadhi ya taifa ruaha inapatika iringa 	0
/scratch/skscla001/experiments/datasets/swagen/audio/common_voice_sw_30143889.wav	ziwa nyasa limezungukwa na nchi tatu ambazo ni tanzania malawi na msumbiji 	1
/scratch/skscla001/experiments/datasets/swagen/audio/common_voice_sw_31283846.wav	kufuatilia na kutathimini matumizi ya ruzuku ya serikali za mitaa 	0
/scratch/skscla001/experiments/datasets/swagen/audio/common_voice_sw_30378658.wav	watu walikuwa wanasema kuwa viumbe wa ajabu wapo usiku 	0
/scratch/skscla001/experiments/datasets/swagen/audio/common_voice_sw_28876251.wav	kuna visiwa vingi 	1
/scratch/skscla001/experiments/datasets/swagen/audio/common_voice_sw_30365219.wav	hata mila na desturi zao hutofautiana 	1
/scratch/skscla001/experiments/datasets/swagen/audio/common_voice_sw_29960798.wav	maporomoko ambayo yamekuwa vivutio sana kwa watalii wa nchi mbalimbali 	1
/scratch/skscla001/experiments/datasets/swagen/audio/common_voice_sw_36038523.wav	wa amazon toucan ya keel billed inajulikana 	0
/scratch/skscla001/experiments/datasets/swagen/audio/common_voice_sw_35105013.wav	khamis mussa makame mvuvi kutoka bububu ameelezea mambo kadhaa 	0
/scratch/skscla001/experiments/datasets/swagen/audio/common_voice_sw_29797015.wav	kumekuwa na nadharia mbalimbali na uelewa tofauti tofauti kuhusu chimbuko au chanzo cha ukimwi 	1
/scratch/skscla001/experiments/datasets/swagen/audio/common_voice_sw_36389979.wav	wakiendelea kuelimishana taratibu kuanzia ngazi za familia 	1
/scratch/skscla001/experiments/datasets/swagen/audio/common_voice_sw_29997851.wav	wapare ni wachapakazi sana wakichanganya kilimo ufugaji na biashara 	1
/scratch/skscla001/experiments/datasets/swagen/audio/common_voice_sw_30201574.wav	wachezaji wengi wakubwa nchini ujerumani wanacheza bayern munich 	1
/scratch/skscla001/experiments/datasets/swagen/audio/common_voice_sw_35176976.wav	na ambao walijua wengine ni wazao wa waturuki 	0
/scratch/skscla001/experiments/datasets/swagen/audio/common_voice_sw_29793646.wav	vyakula vya asili ni magimbi na matuwi pia mahindi pamoja na mihogo 	0
/scratch/skscla001/experiments/datasets/swagen/audio/common_voice_sw_30675003.wav	chakula hiki huandaliwa siku ya ijumaa jioni hadi jumapili jioni 	1
/scratch/skscla001/experiments/datasets/swagen/audio/common_voice_sw_30574156.wav	maonyesho yatafanyika maeneo ya nyakabindi mkoani simiyu 	0
/scratch/skscla001/experiments/datasets/swagen/audio/common_voice_sw_37223754.wav	mimi nataka kukusaidia na kitu chochote utakacho 	1
/scratch/skscla001/experiments/datasets/swagen/audio/common_voice_sw_30179981.wav	tangu vita kati ya ufaransa na ujerumani mika mingi iliyopita 	1
/scratch/skscla001/experiments/datasets/swagen/audio/common_voice_sw_31409747.wav	maeneo ambayo kama hujawahi kutembelea ni vyema ukajitahidi kutafuta nafasi ili kutembelea 	1
/scratch/skscla001/experiments/datasets/swagen/audio/common_voice_sw_35103504.wav	kufika wakati walichukue kombe hilo mara tatu mfululizo na ikishalichukua mara tatu mfululizo 	0
/scratch/skscla001/experiments/datasets/swagen/audio/common_voice_sw_35284786.wav	wachambuzi wa kuheshimika walichambua mkataba wa mauaji ya kimbari 	0
/scratch/skscla001/experiments/datasets/swagen/audio/common_voice_sw_35103565.wav	sita arobaini waliingia misri baadhi ya wenyeji wakopti 	0
/scratch/skscla001/experiments/datasets/swagen/audio/common_voice_sw_30364507.wav	dalili huanza kuonekana siku mbili hadi saba 	1
/scratch/skscla001/experiments/datasets/swagen/audio/common_voice_sw_30243488.wav	mkoa unapakana na nchi ya kenya na uganda kwa upande wa kaskazini 	0
/scratch/skscla001/experiments/datasets/swagen/audio/common_voice_sw_32323918.wav	pochi echu a amu afirika itakuva ni pochi kuruu a pili 	1
/scratch/skscla001/experiments/datasets/swagen/audio/common_voice_sw_37088808.wav	ulianzishwa tarerhe moja mwezi wa tano 	0
/scratch/skscla001/experiments/datasets/swagen/audio/common_voice_sw_36385761.wav	waliomtaja kuwa ni mchawi walilenga kumchafua na kulifuta jina lake kwenye soko la muziki 	1
/scratch/skscla001/experiments/datasets/swagen/audio/common_voice_sw_36386251.wav	wapiganaji wana jukumu la usalama katika jamii 	1
/scratch/skscla001/experiments/datasets/swagen/audio/common_voice_sw_28834667.wav	jumamosi kuu inaitwa kwa namna tofauti katika lugha mbalimbali 	0
/scratch/skscla001/experiments/datasets/swagen/audio/common_voice_sw_31406085.wav	wakati wa utawala wa jumbe zanzibar ilipata bunge na baraza la uwakilishi 	0
/scratch/skscla001/experiments/datasets/swagen/audio/common_voice_sw_28817428.wav	mwanzoni ilitumiwa kama kuni na fimbo ya silaha 	1
/scratch/skscla001/experiments/datasets/swagen/audio/common_voice_sw_29799382.wav	alikuwa anaongoza kwenye orodha ya makocha wanaolipwa vizuri 	0
/scratch/skscla001/experiments/datasets/swagen/audio/common_voice_sw_29898030.wav	ukanda wa eneo hili milimita za mvua kwa mwaka ni milimita mia tatu 	1
/scratch/skscla001/experiments/datasets/swagen/audio/common_voice_sw_30256036.wav	iddi amini kuivamia sehemu mojawapo ya tanzania 	1
/scratch/skscla001/experiments/datasets/swagen/audio/common_voice_sw_29923866.wav	katika bara la afrika ipo kenya na ethipia pamoja na zimbabwe 	0
/scratch/skscla001/experiments/datasets/swagen/audio/common_voice_sw_30582720.wav	wakamfuata mkwawa tarehe kumi na nane mwezi wa saba 	0
/scratch/skscla001/experiments/datasets/swagen/audio/common_voice_sw_29789287.wav	makundi hayo ni waluguru wanaoishi milimani 	0
/scratch/skscla001/experiments/datasets/swagen/audio/common_voice_sw_30079585.wav	sherehe zinapoanza huwa wanatoka ndani na vichwa vyao hunyolewa 	0
/scratch/skscla001/experiments/datasets/swagen/audio/common_voice_sw_28699098.wav	alizaliwa huko saint louis nchini senegal 	0
/scratch/skscla001/experiments/datasets/swagen/audio/common_voice_sw_28684934.wav	kiuchumi matumizi yake siku hizi ni hasa kwa nyama 	1
/scratch/skscla001/experiments/datasets/swagen/audio/common_voice_sw_37093017.wav	linaloelezwa na viongozi wa nchi hiyo kuwa mbaya zaidi kutokea 	0
/scratch/skscla001/experiments/datasets/swagen/audio/common_voice_sw_35425551.wav	ambapo wananchi wengi wamekumbana na madhara kwani 	0
/scratch/skscla001/experiments/datasets/swagen/audio/common_voice_sw_28876842.wav	hii sio mara ya kwanza kwa diamond kufanya kazi kenya 	1
/scratch/skscla001/experiments/datasets/swagen/audio/common_voice_sw_34597365.wav	usafi wa mazingira hutumiwa kama kiashiria kwa lengo la kuelezea malengo ya milenia 	0
/scratch/skscla001/experiments/datasets/swagen/audio/common_voice_sw_36039605.wav	dube alikuwa akiendesha gari lake la aina ya chrysler 	1
/scratch/skscla001/experiments/datasets/swagen/audio/common_voice_sw_37229624.wav	mkurugenzi wa taasisi ya uchunguzi dzhona edgara hooveralipochukua madaraka shirika inaajiri wafanyakazi kuhusu 	1
/scratch/skscla001/experiments/datasets/swagen/audio/common_voice_sw_30582848.wav	mfano taifa la algeria linauza mapiapa mengi sana 	1
/scratch/skscla001/experiments/datasets/swagen/audio/common_voice_sw_35284800.wav	katika kipindi cha utawala wa waingereza kulikuwa na utawala wa kikabila 	0
/scratch/skscla001/experiments/datasets/swagen/audio/common_voice_sw_36945173.wav	uhuum lipi lingine kwa ufupi tu ni kuhusiana na kutajwa kwa mwana 	1
/scratch/skscla001/experiments/datasets/swagen/audio/common_voice_sw_36615852.wav	kuwa ya aibu na ikiwa mtu atarudi baada 	0
/scratch/skscla001/experiments/datasets/swagen/audio/common_voice_sw_30233660.wav	zamadamu alikaribiana na binadamu kwa umbile 	0
/scratch/skscla001/experiments/datasets/swagen/audio/common_voice_sw_31386319.wav	zinapatikana hadi ziwa chala na taveta upande wa kusini mashariki 	1
/scratch/skscla001/experiments/datasets/swagen/audio/common_voice_sw_35437884.wav	ini kama umoja wa mataifa tuna wawakilishi wake hapo nchini rwanda na wanafanya kazi 	0
/scratch/skscla001/experiments/datasets/swagen/audio/common_voice_sw_34924865.wav	mapinduzi ya kiislamu chini ya uongozi wa ayatollah khomeini 	0
/scratch/skscla001/experiments/datasets/swagen/audio/common_voice_sw_29961508.wav	pesa siyo kila kitu katakia maisha 	1
/scratch/skscla001/experiments/datasets/swagen/audio/common_voice_sw_35181668.wav	ee aa aa aondoke wataanza labda 	0
/scratch/skscla001/experiments/datasets/swagen/audio/common_voice_sw_34750147.wav	wakati ambayo marais watano kutoka au 	1
/scratch/skscla001/experiments/datasets/swagen/audio/common_voice_sw_37094900.wav	sawa sawa 	1
/scratch/skscla001/experiments/datasets/swagen/audio/common_voice_sw_35160847.wav	kuchukua maamuzi mazito kupunguza idadi ya mfanyakazi 	0
/scratch/skscla001/experiments/datasets/swagen/audio/common_voice_sw_30025126.wav	wanaume wana fimbo ambazo huwakilisha kazi yao kubwa ya ufugaji 	1
/scratch/skscla001/experiments/datasets/swagen/audio/common_voice_sw_30053595.wav	virusi hivi vinafana na vile vinavyoleta mafua ya kawaida 	0
/scratch/skscla001/experiments/datasets/swagen/audio/common_voice_sw_30629813.wav	ukiambiwa unapaswa kuwekwa karantini usiogope 	0
/scratch/skscla001/experiments/datasets/swagen/audio/common_voice_sw_28660883.wav	taarifa hiyo inaweza kuwa kamili au la 	1
/scratch/skscla001/experiments/datasets/swagen/audio/common_voice_sw_29937887.wav	allofs alishinda tuzo ya kiatu cha mfungaji bora 	1
/scratch/skscla001/experiments/datasets/swagen/audio/common_voice_sw_30581577.wav	au labda yanaumiza sana bali wapenzi wenyewe ndio wenye shida hivyo vinajana wanapaswa kutulia 	0
/scratch/skscla001/experiments/datasets/swagen/audio/common_voice_sw_35105170.wav	miwani yangu imeharibika 	0
/scratch/skscla001/experiments/datasets/swagen/audio/common_voice_sw_34906962.wav	ndio maana wanawake wameanza kutafuta namna nyingine 	0
/scratch/skscla001/experiments/datasets/swagen/audio/common_voice_sw_29791051.wav	adhabu ya kifo ilipanuliwa kuingiza makosa kama vile utoroshaji wa karafuu 	0
/scratch/skscla001/experiments/datasets/swagen/audio/common_voice_sw_30105022.wav	wakati wakipambana na abushiri kule pangani katika mkoa wa tanga 	0
/scratch/skscla001/experiments/datasets/swagen/audio/common_voice_sw_34940733.wav	sana vijana wanaambiwa waende kucheza 	0
/scratch/skscla001/experiments/datasets/swagen/audio/common_voice_sw_30230557.wav	wengi wanazidi kunufaika na vivutio vingi vilivyopo hapa tanzania 	0
/scratch/skscla001/experiments/datasets/swagen/audio/common_voice_sw_35104809.wav	kulikuwa na muungano wa vyama vingi chini ya uongozi wa rais mwai kibaki 	0
/scratch/skscla001/experiments/datasets/swagen/audio/common_voice_sw_29613090.wav	lugha yake ya asili ni kifaransa 	1
/scratch/skscla001/experiments/datasets/swagen/audio/common_voice_sw_30378326.wav	kuliongeza umuhimu wa mwambao wa mlima karibu na unguja 	0
/scratch/skscla001/experiments/datasets/swagen/audio/common_voice_sw_30180835.wav	matokeo ya awali ya vipimo yanaweza kuwa tayari ndani ya masaa mawili 	1
/scratch/skscla001/experiments/datasets/swagen/audio/common_voice_sw_30176840.wav	kangaroo wanapenda kuishi katika makundi yanayozidi kangaroo kumi 	0
/scratch/skscla001/experiments/datasets/swagen/audio/common_voice_sw_35104330.wav	mtoto wako ameibwa 	0
/scratch/skscla001/experiments/datasets/swagen/audio/common_voice_sw_35103491.wav	neno fungu la maneno 	0
/scratch/skscla001/experiments/datasets/swagen/audio/common_voice_sw_30069181.wav	hifadhi ya ngorongoro ya leo ilianzishwa kwa ajili ya kulinda utamaduni wa wamaasai 	0
/scratch/skscla001/experiments/datasets/swagen/audio/common_voice_sw_36617476.wav	imechukua hatua kali ili kupunguza uchafuzi wa hewa na ubora wake wa 	0
/scratch/skscla001/experiments/datasets/swagen/audio/common_voice_sw_31270198.wav	misitu na mapori tengefu yametengwa kuhifadhi mazingira ya utalii 	0
/scratch/skscla001/experiments/datasets/swagen/audio/common_voice_sw_37099552.wav	kiwanda hicho kina haja ya kuongeza uzalishaji 	1
/scratch/skscla001/experiments/datasets/swagen/audio/common_voice_sw_37224092.wav	muswada huo kwamba ni unalingana na 	0
/scratch/skscla001/experiments/datasets/swagen/audio/common_voice_sw_29007036.wav	kufuatana na uainishaji wa lugha kitai ya iko katika kundi la kitai ya kusini magharibi 	1
/scratch/skscla001/experiments/datasets/swagen/audio/common_voice_sw_35280818.wav	mhalifu alikusudia kutekeleza mauaji ya kimbari 	1
/scratch/skscla001/experiments/datasets/swagen/audio/common_voice_sw_29925055.wav	kazimzumbwi ina ukubwa wa takribani hekta elfu tatu 	0
/scratch/skscla001/experiments/datasets/swagen/audio/common_voice_sw_29787549.wav	maana yake ni upande wa kabila la washashi 	1
/scratch/skscla001/experiments/datasets/swagen/audio/common_voice_sw_35099126.wav	ambao unaweza kusukuma lita sitini hadi sabini na tano za damu kwa muda wa 	0
/scratch/skscla001/experiments/datasets/swagen/audio/common_voice_sw_34943413.wav	kwani we unafanya kazi gani 	0
/scratch/skscla001/experiments/datasets/swagen/audio/common_voice_sw_37332137.wav	mamia ya waandamanaji waliingia kwenye mitaa yote ya khartoum na mji wake pacha wa omdurman mashahidi walisema 	0
/scratch/skscla001/experiments/datasets/swagen/audio/common_voice_sw_30024620.wav	mbio izo ufanyika katika wilaya mia moja hamsini na moja za kiutawala 	0
/scratch/skscla001/experiments/datasets/swagen/audio/common_voice_sw_37220027.wav	hii haibadilishi ukweli kwamba alikuwa mwanamke wa pekee 	0
/scratch/skscla001/experiments/datasets/swagen/audio/common_voice_sw_28592247.wav	kazi ya kwanza ni kujenga msingi wa njia ya reli 	1
/scratch/skscla001/experiments/datasets/swagen/audio/common_voice_sw_30658645.wav	michuano ya kombe la dunia ya ilifanyika nchini romania 	0
/scratch/skscla001/experiments/datasets/swagen/audio/common_voice_sw_28583743.wav	tangu mwaka huo hadi kifo chake alikuwa askofu wa jimbo la tanga 	0
/scratch/skscla001/experiments/datasets/swagen/audio/common_voice_sw_28961613.wav	kaa tayari kula 	0
/scratch/skscla001/experiments/datasets/swagen/audio/common_voice_sw_29793296.wav	kwa hiyo chimbuko la wanyakyusa ni pande mbili 	0
/scratch/skscla001/experiments/datasets/swagen/audio/common_voice_sw_36617544.wav	arat ni mwezi wa uhaba ambapo mvua zinanyesha kidogo husababisha mabwawa kukauka 	0
/scratch/skscla001/experiments/datasets/swagen/audio/common_voice_sw_30337341.wav	aliyemfuata mwaka elfu mbili na kumi na tano 	0
/scratch/skscla001/experiments/datasets/swagen/audio/common_voice_sw_30365218.wav	utalii wa kidini ni utalii mzuri ambapo watu 	1
/scratch/skscla001/experiments/datasets/swagen/audio/common_voice_sw_36042045.wav	ni wewe wa kuabudiwa ni wewe tena sana 	1
/scratch/skscla001/experiments/datasets/swagen/audio/common_voice_sw_36256998.wav	wakati huo akizichezea timu mbalimbali za ligi hiyo 	1
/scratch/skscla001/experiments/datasets/swagen/audio/common_voice_sw_29571916.wav	walikuwa ndugu wadogo wamisionari huko moroko kati yao yeye tu hakuwa padri 	1
/scratch/skscla001/experiments/datasets/swagen/audio/common_voice_sw_31304575.wav	asili yake ni kutoka kwa wanawake wa zanzibar katika karne ya kumi na tisa 	1
/scratch/skscla001/experiments/datasets/swagen/audio/common_voice_sw_30653764.wav	kinaeleza kisa cha wadigo vizuri tu kutoka huko walipotoka mpaka kuwapo kenya na tanzania 	0
/scratch/skscla001/experiments/datasets/swagen/audio/common_voice_sw_34979740.wav	makubwa sana na maambukizo ya ukimwi kwanza kabisa ni kutokana 	0
/scratch/skscla001/experiments/datasets/swagen/audio/common_voice_sw_29961523.wav	alipendwa na kukaribishwa na mwamududa kuishi kwake lakini akaanzisha mapenzi ya siri 	0
/scratch/skscla001/experiments/datasets/swagen/audio/common_voice_sw_30201228.wav	kuna usemi kuwa alichaguliwa kama mchezaji wa ziada kaitka michezo ya afrika mashariki 	1
/scratch/skscla001/experiments/datasets/swagen/audio/common_voice_sw_28874561.wav	tangu kale anaheshimiwa na kanisa katoliki waorthodoksi na wengineo kama mtakatifu 	0
/scratch/skscla001/experiments/datasets/swagen/audio/common_voice_sw_34743695.wav	kwa kipindi hicho muziki huo kwa tanzania ulikuwa ukichukuliwa kama uhuni 	0
/scratch/skscla001/experiments/datasets/swagen/audio/common_voice_sw_30341853.wav	hata hivyo luteni kanali paul von lettow vorbeck alichukua mamlaka ya majeshi 	1
/scratch/skscla001/experiments/datasets/swagen/audio/common_voice_sw_30183257.wav	baadae ilikua ikawa linguafranca ya kibiashara 	1
/scratch/skscla001/experiments/datasets/swagen/audio/common_voice_sw_34598589.wav	kukabiliana na changamoto ya ununuzi 	0
/scratch/skscla001/experiments/datasets/swagen/audio/common_voice_sw_29887263.wav	hususani wageni wanaoingia katika mkoa wa tanga kutalii 	1
/scratch/skscla001/experiments/datasets/swagen/audio/common_voice_sw_37221428.wav	hatimaye akakutana na kundi dogo la watu 	0
/scratch/skscla001/experiments/datasets/swagen/audio/common_voice_sw_30572738.wav	kama isingekuwa kwa muungano wasingeweza kufanya chochote 	0
/scratch/skscla001/experiments/datasets/swagen/audio/common_voice_sw_35425630.wav	redio ya taifa ilianzishwa mwaka elfu moja mia tisa sabini 	0
/scratch/skscla001/experiments/datasets/swagen/audio/common_voice_sw_30638512.wav	amejihusisha na tawi la taasisi ya waafrika tanganyika 	1
/scratch/skscla001/experiments/datasets/swagen/audio/common_voice_sw_29793361.wav	vilifikia laki nne na elfu arobaini na tano 	0
/scratch/skscla001/experiments/datasets/swagen/audio/common_voice_sw_30640487.wav	mito mingine midogomidogo kama vile nyajijima na mresi pia kazingu 	0
/scratch/skscla001/experiments/datasets/swagen/audio/common_voice_sw_29295843.wav	wimbo ulikuwa nafasi na 	1
/scratch/skscla001/experiments/datasets/swagen/audio/common_voice_sw_30032640.wav	usiku hali joto ina wastani wa sentigredi tisa 	0
/scratch/skscla001/experiments/datasets/swagen/audio/common_voice_sw_34941788.wav	matamu yote duniani yasiyo barafu ziwa kubwa 	0
/scratch/skscla001/experiments/datasets/swagen/audio/common_voice_sw_28699003.wav	tena wako zambia malawi na sehemu nyingine 	0
/scratch/skscla001/experiments/datasets/swagen/audio/common_voice_sw_37215426.wav	kutoka nje yanaweza kupata leseni ya biashara 	0
/scratch/skscla001/experiments/datasets/swagen/audio/common_voice_sw_29963889.wav	ni katika sikukuu moja ya pasaka ndipo alipobadili dini na kuwa mkristo 	1
/scratch/skscla001/experiments/datasets/swagen/audio/common_voice_sw_30352636.wav	mapinduzi ya zanzibar waliyomo ndani ya kitabu hiki 	0
/scratch/skscla001/experiments/datasets/swagen/audio/common_voice_sw_29915391.wav	makundi ya kikoo kuwa yana nguvu kila mmoja kwa nafasi yake 	1
/scratch/skscla001/experiments/datasets/swagen/audio/common_voice_sw_30526919.wav	hapo wanawake huwa hawaruhusiwi kuingia kuona ila wanaume tu 	0
/scratch/skscla001/experiments/datasets/swagen/audio/common_voice_sw_37224321.wav	hiyo ilikuwa taswira yake ya hadharani 	1
/scratch/skscla001/experiments/datasets/swagen/audio/common_voice_sw_29935936.wav	wakiimba katika kuwajibu wanaume ingawa miili yao 	1
/scratch/skscla001/experiments/datasets/swagen/audio/common_voice_sw_29660533.wav	katika nchi nyingi tendo la kubadilishana pesa bidhaa nakadhalika 	1
/scratch/skscla001/experiments/datasets/swagen/audio/common_voice_sw_29904637.wav	idara ya mambo ya kale nchini tanzania inafanya kazi 	1
/scratch/skscla001/experiments/datasets/swagen/audio/common_voice_sw_29902528.wav	hata hivyo mabadiliko hayo bado yaliendelea kulalamikiwa kwa kutoweka bayana uwajibikaji wa viongozi 	1
/scratch/skscla001/experiments/datasets/swagen/audio/common_voice_sw_30623690.wav	juu ya pwani ya afrika mashariki kutokana na hali ya hewa nzuri 	0
/scratch/skscla001/experiments/datasets/swagen/audio/common_voice_sw_34906965.wav	isiyokufa bado ana uwezo wa kuinuka hadi kwa mungu ingawa uwezo 	0
/scratch/skscla001/experiments/datasets/swagen/audio/common_voice_sw_37093044.wav	hao waliokua 	1
/scratch/skscla001/experiments/datasets/swagen/audio/common_voice_sw_28876200.wav	wana ngozi ndefu chini ya koo lao 	1
/scratch/skscla001/experiments/datasets/swagen/audio/common_voice_sw_37223464.wav	mto huu una urefu wa kilometa za mrabamia nane 	0
/scratch/skscla001/experiments/datasets/swagen/audio/common_voice_sw_36013920.wav	alikuwa anaishi nchini kameruni kwa wakati huo 	1
/scratch/skscla001/experiments/datasets/swagen/audio/common_voice_sw_30081266.wav	chakula cha mahindi viazi mchele na kabichi 	1
/scratch/skscla001/experiments/datasets/swagen/audio/common_voice_sw_30379924.wav	wapare wa kusini ambao ni wapare wa same 	1
/scratch/skscla001/experiments/datasets/swagen/audio/common_voice_sw_29799147.wav	alifuatana na mwalimu nyerere aliyepitia zanzibar 	0
/scratch/skscla001/experiments/datasets/swagen/audio/common_voice_sw_34920416.wav	ema kuwa matokeo ya uchaguzi mkuu wa nchi hiyo yanaweza kuchukua 	0
/scratch/skscla001/experiments/datasets/swagen/audio/common_voice_sw_30653843.wav	amin alichukua kichwa chake ndani ya ukumbi mikononi mwake na ghafla akamlaani 	0
/scratch/skscla001/experiments/datasets/swagen/audio/common_voice_sw_30241793.wav	zinaongezeka halmashauri ya mji wa handeni na halmashauri ya wilaya ya handeni 	0
/scratch/skscla001/experiments/datasets/swagen/audio/common_voice_sw_35099500.wav	taasisi za kimataifa kufanya uchunguzi wa matokeo 	0
/scratch/skscla001/experiments/datasets/swagen/audio/common_voice_sw_35214363.wav	kumbukumbu ikamjia akawa kama anaiangalia ile bahasha huku mze makame akiwa pembeni 	0
/scratch/skscla001/experiments/datasets/swagen/audio/common_voice_sw_30053839.wav	ardhi ya afrika ina mafuta mengi na ya kutosha kila mahali 	0
/scratch/skscla001/experiments/datasets/swagen/audio/common_voice_sw_37096308.wav	wakati wa vita kuu ya kwanza ya duniaa hakushiriki katika vita ya 	0
/scratch/skscla001/experiments/datasets/swagen/audio/common_voice_sw_34747533.wav	mwaka elfu moja mia tisa hamsini na nane 	0
/scratch/skscla001/experiments/datasets/swagen/audio/common_voice_sw_34896064.wav	serikali itaendelea kutoa ushirikiano katika utoaji huduma hizo za jamii 	0
/scratch/skscla001/experiments/datasets/swagen/audio/common_voice_sw_29787443.wav	dola la kwanza katika eneo hili lilikuwa ufalme wa burundi 	1
/scratch/skscla001/experiments/datasets/swagen/audio/common_voice_sw_30056153.wav	ziwa nyasa lililopo ruvuma linawanufaisha wananchi 	0
/scratch/skscla001/experiments/datasets/swagen/audio/common_voice_sw_31285430.wav	mwinuko wa ardhi kutoka usawa wa bahari ni mita elfu moja mia tano 	0
/scratch/skscla001/experiments/datasets/swagen/audio/common_voice_sw_36390747.wav	ti huo ambo nchi hiyo iko katika mchakato wa kura ya maoni 	1
/scratch/skscla001/experiments/datasets/swagen/audio/common_voice_sw_29789387.wav	mheshimiwa samia suluhu hassan alizaliwa januari ishirini na saba elfu moja mia tisa sitini 	0
/scratch/skscla001/experiments/datasets/swagen/audio/common_voice_sw_30182304.wav	mimi ni mswahili sina kabila au kutaja kabila analojua halitadharaulika 	1
/scratch/skscla001/experiments/datasets/swagen/audio/common_voice_sw_30623798.wav	hata hivyo kutokana na mfumo wake wa maisha 	0
/scratch/skscla001/experiments/datasets/swagen/audio/common_voice_sw_29822594.wav	inawezakana kupishana mitazamo lakini lengo linatakiwa kuwa moja 	1
/scratch/skscla001/experiments/datasets/swagen/audio/common_voice_sw_34764296.wav	maji mengi duniani maziwa mengine ni pamoja 	1
/scratch/skscla001/experiments/datasets/swagen/audio/common_voice_sw_30332061.wav	malengo mengineyo yalikuwa ni katika kulinda maslahi ya jamii ya kabila la wamaasai 	0
/scratch/skscla001/experiments/datasets/swagen/audio/common_voice_sw_34979725.wav	alijitangaza vya kutosha akiwa mwaka wa kwanza chuoni 	0
/scratch/skscla001/experiments/datasets/swagen/audio/common_voice_sw_30354288.wav	kudumisha amani umoja na mshikamano kuondoa matesa na ugaidi ndani ya nchi yetu 	0
/scratch/skscla001/experiments/datasets/swagen/audio/common_voice_sw_31446514.wav	jaji mkuu wa mahakama za tanzania anateuliwa na rais 	0
/scratch/skscla001/experiments/datasets/swagen/audio/common_voice_sw_29793701.wav	soka lilijikita kwenye ushindi zaidi kuliko burudani 	0
/scratch/skscla001/experiments/datasets/swagen/audio/common_voice_sw_29937892.wav	wachezaji wote wawili ni bora sana duniani 	1
/scratch/skscla001/experiments/datasets/swagen/audio/common_voice_sw_36641877.wav	hii inaleta picha gani kwa siasa ya tanzania picha hiyo ni mbaya zaidi 	0
/scratch/skscla001/experiments/datasets/swagen/audio/common_voice_sw_36382162.wav	mwaka huu tarehe thelathini na moja mwezi wa kumi 	1
/scratch/skscla001/experiments/datasets/swagen/audio/common_voice_sw_30355767.wav	rais wa uganda hakuficha huruma yake kwa adolf hitler na akamchukulia kama mwalimu wake 	0
/scratch/skscla001/experiments/datasets/swagen/audio/common_voice_sw_30180543.wav	ni vyema wachezaji wote wakajitambua ndani ya timu na kujiwekea malengo 	1
/scratch/skscla001/experiments/datasets/swagen/audio/common_voice_sw_31284379.wav	siyo kazi rahis timu kucheza fainali ya kombe la mabingwa ulaya 	0
/scratch/skscla001/experiments/datasets/swagen/audio/common_voice_sw_36390421.wav	dhambi zangu zote wala si nusu 	1
/scratch/skscla001/experiments/datasets/swagen/audio/common_voice_sw_30327721.wav	sekta ya usafirishaji kwenye sekta ya usafiri wa majini 	0
/scratch/skscla001/experiments/datasets/swagen/audio/common_voice_sw_30342898.wav	tanzania kuna mikoa ambayo imeweka historia kubwa ndani na nje ya mipaka ya tanzania 	1
/scratch/skscla001/experiments/datasets/swagen/audio/common_voice_sw_35107990.wav	sio tu kuweka lawama kwa wateja wao ambao wakati mwingi hawana uelewa mzuri 	1
/scratch/skscla001/experiments/datasets/swagen/audio/common_voice_sw_30631046.wav	anafanya kazi ya mitindo kama ajira yake 	1
/scratch/skscla001/experiments/datasets/swagen/audio/common_voice_sw_28583617.wav	baba yake alikua mwanasiasa 	0
/scratch/skscla001/experiments/datasets/swagen/audio/common_voice_sw_29793672.wav	mlo sahihi na kamili pamoja na mazoezi ya viungo 	0
/scratch/skscla001/experiments/datasets/swagen/audio/common_voice_sw_30365311.wav	baadhi ya wadau hao ni kilimo cha biashara karagwe 	1
/scratch/skscla001/experiments/datasets/swagen/audio/common_voice_sw_29926924.wav	sikuja kutafuta mchumba bali nimekuja kufanya kazi za watanzania 	1
/scratch/skscla001/experiments/datasets/swagen/audio/common_voice_sw_30143673.wav	haruhusiwi kuweka mapambo katika masikio yake yaliyotobolewa 	1
/scratch/skscla001/experiments/datasets/swagen/audio/common_voice_sw_36067507.wav	wetu aligonga mwamba uliowekwa chini ya maji na 	1
/scratch/skscla001/experiments/datasets/swagen/audio/common_voice_sw_36746519.wav	benki kuu inatoa ushauri na kuunda sera katika kuhakikisha usalama wa malipo 	0
/scratch/skscla001/experiments/datasets/swagen/audio/common_voice_sw_28663139.wav	iliendelea kuwa kitovu cha utamaduni wa kigiriki katika misri 	1
/scratch/skscla001/experiments/datasets/swagen/audio/common_voice_sw_30180377.wav	manyatta hizo hazina ua za kulinda boma ili kusisitiza jukumu lao la kulinda jamii 	1
/scratch/skscla001/experiments/datasets/swagen/audio/common_voice_sw_30628192.wav	badala ya kuingia kwenye nafasi yake mwenyewe 	0
/scratch/skscla001/experiments/datasets/swagen/audio/common_voice_sw_34750296.wav	wenye elimuwawe tayari kujibu maswali yao juu ya injili hata kutetea 	1
/scratch/skscla001/experiments/datasets/swagen/audio/common_voice_sw_30631294.wav	kutokana na imani hiyo watu walitupa uchawi wote na taka nyingine kisha wakaingia 	1
/scratch/skscla001/experiments/datasets/swagen/audio/common_voice_sw_28666745.wav	asili ya mimea iko asia 	0
/scratch/skscla001/experiments/datasets/swagen/audio/common_voice_sw_36375123.wav	hati inaweza kuwahusisha watazamaji na hadhira 	1
/scratch/skscla001/experiments/datasets/swagen/audio/common_voice_sw_30327302.wav	tausi wanaweza kuishi mpaka miaka ishirini ikiwa watakuwa mahala salama 	1
/scratch/skscla001/experiments/datasets/swagen/audio/common_voice_sw_31506849.wav	zinazopokuwa mbovu zinachangia kupunguza kasi ya kukua kwa uchumi 	1
/scratch/skscla001/experiments/datasets/swagen/audio/common_voice_sw_30052383.wav	hali hii ilisababisha kuongezeka kwa biashara ya watumwa hasa kutoka afrika 	0
/scratch/skscla001/experiments/datasets/swagen/audio/common_voice_sw_28258454.wav	miamba hii iko hatarini kupotea 	1
/scratch/skscla001/experiments/datasets/swagen/audio/common_voice_sw_30052772.wav	iliungana na tanganyika na kuunda jamhuri ya muungano wa tanzania 	0
/scratch/skscla001/experiments/datasets/swagen/audio/common_voice_sw_30320135.wav	magufuli alianza kuchapa kazi usiku na mchana 	1
/scratch/skscla001/experiments/datasets/swagen/audio/common_voice_sw_34745842.wav	kwenye mkutano wa viongozi barani afrika kwa kutumia nafasi yake 	0
/scratch/skscla001/experiments/datasets/swagen/audio/common_voice_sw_29790981.wav	ufugaji nao ni shughuli muhimu kama ilivyo uvuvi 	0
/scratch/skscla001/experiments/datasets/swagen/audio/common_voice_sw_29791994.wav	ruhuhu na ruipa upo pia mto rungwa 	0
/scratch/skscla001/experiments/datasets/swagen/audio/common_voice_sw_29203699.wav	kufuatana na uainishaji wa lugha kwa ndani zaidi kigbe defi iko katika kundi la kikwa 	1
/scratch/skscla001/experiments/datasets/swagen/audio/common_voice_sw_35106095.wav	misafara ya wafanyabiashara ambao walikuwa wanaeneza 	0
/scratch/skscla001/experiments/datasets/swagen/audio/common_voice_sw_29791962.wav	kilele kikabadilishiwa jina na kuwa uhuru likiwa na maana ya kilele cha uhuru 	0
/scratch/skscla001/experiments/datasets/swagen/audio/common_voice_sw_29793425.wav	makao makuu ya tanzania ni dodoma 	0
/scratch/skscla001/experiments/datasets/swagen/audio/common_voice_sw_30176431.wav	blob hawezi kuishi sehemu safi yoyote 	0
/scratch/skscla001/experiments/datasets/swagen/audio/common_voice_sw_29905397.wav	kilimo cha waha ni mahindi maharage ndizi kahawa mhogo karanga mbaazi na njegere 	1
/scratch/skscla001/experiments/datasets/swagen/audio/common_voice_sw_34812575.wav	na aliefanya vile alikuwa na nia ya kuikausha maji 	0
/scratch/skscla001/experiments/datasets/swagen/audio/common_voice_sw_34598136.wav	ashitakiwe na kwa vile hawezi kushatiwa hapa washitakiwe huko na hapa 	0
/scratch/skscla001/experiments/datasets/swagen/audio/common_voice_sw_30099281.wav	messi analipwa bilioni tatu za kitanzania kwa wiki 	1
/scratch/skscla001/experiments/datasets/swagen/audio/common_voice_sw_34762824.wav	ulishinda nyingine na wimbo mwingine ulishinda tuzo nyingine 	0
/scratch/skscla001/experiments/datasets/swagen/audio/common_voice_sw_36254904.wav	simba wapenzi wa jinsia moja wapigwa picha kenya 	0
/scratch/skscla001/experiments/datasets/swagen/audio/common_voice_sw_32244697.wav	fuata kila lililokuwa zuri 	1
/scratch/skscla001/experiments/datasets/swagen/audio/common_voice_sw_36644619.wav	wanaomchukulia kuwa bora zaidi akilinganishwa na mchezaji pele wa brazil 	0
/scratch/skscla001/experiments/datasets/swagen/audio/common_voice_sw_30180061.wav	timu iliyoibuka na ushindi kwenye fainali hiyo 	1
/scratch/skscla001/experiments/datasets/swagen/audio/common_voice_sw_35132624.wav	wanawake wanaweza kuwa na dalili mbalimbali za kisukari 	1
/scratch/skscla001/experiments/datasets/swagen/audio/common_voice_sw_30024379.wav	wadigo na wadoe wapo pia wafipa na wagogo 	1
/scratch/skscla001/experiments/datasets/swagen/audio/common_voice_sw_36807694.wav	kuogelea kwa wakati huu bado kunawezekana 	1
/scratch/skscla001/experiments/datasets/swagen/audio/common_voice_sw_35250572.wav	hadi tibaijuka alipoibuka kwa mara ya kwanza wiki iliyopita 	0
/scratch/skscla001/experiments/datasets/swagen/audio/common_voice_sw_34763121.wav	rifa ifuatayo inaelezea shughuli ya kuapishwa kwa rais huyo 	0
/scratch/skscla001/experiments/datasets/swagen/audio/common_voice_sw_30327568.wav	ni tishio kwa sarafu kama dola na euro 	0
/scratch/skscla001/experiments/datasets/swagen/audio/common_voice_sw_28903544.wav	dola miji ilikuwa muhimu sana katika nchi nyingi kihistoria 	0
/scratch/skscla001/experiments/datasets/swagen/audio/common_voice_sw_35099334.wav	huyu alikuwa ajina ojwang mwanasheria kutoka kenya akiweka bayana hali halisi ya watu kutambua 	0
/scratch/skscla001/experiments/datasets/swagen/audio/common_voice_sw_30376034.wav	makao yake makuu yalikuwa kijiji cha kisumba nje kidogo ya mji wa sumbawanga 	0
/scratch/skscla001/experiments/datasets/swagen/audio/common_voice_sw_30072475.wav	alisomea shahada ya ualimu katika chuo kikuu cha makerere uganda 	0
/scratch/skscla001/experiments/datasets/swagen/audio/common_voice_sw_30024646.wav	watu waliofanikiwa kufika kileleni na kushuka wanapendekeza unywe lita tano za maji kwa siku 	1
/scratch/skscla001/experiments/datasets/swagen/audio/common_voice_sw_29898924.wav	eneo linalofaa kwa kilimo ni hekta laki moja hamsini na tatu mia tano arobaini 	1
/scratch/skscla001/experiments/datasets/swagen/audio/common_voice_sw_35156093.wav	asiye na wake ana mungu 	0
/scratch/skscla001/experiments/datasets/swagen/audio/common_voice_sw_30478576.wav	kufanya mapenzi na mtu mwenye maambukizi ya virusi vya homa ya ini 	1
/scratch/skscla001/experiments/datasets/swagen/audio/common_voice_sw_28718744.wav	wana watoto wanne pamoja 	0
/scratch/skscla001/experiments/datasets/swagen/audio/common_voice_sw_30330606.wav	kwa sababu ya mila zao na mavazi yao tofauti 	0
/scratch/skscla001/experiments/datasets/swagen/audio/common_voice_sw_35171861.wav	lakini walipotakiwa kwenda kwenye mahojiano na mike wote waliingia mitini 	0
/scratch/skscla001/experiments/datasets/swagen/audio/common_voice_sw_30021556.wav	songoa jiwe likaitwa mkumba vana pia na mfinga ya kikweni 	1
/scratch/skscla001/experiments/datasets/swagen/audio/common_voice_sw_28670618.wav	pia wana ofisi katika mabara mengine 	1
/scratch/skscla001/experiments/datasets/swagen/audio/common_voice_sw_35183939.wav	wafaransa nao walifika katika kisiwa hicho 	0
/scratch/skscla001/experiments/datasets/swagen/audio/common_voice_sw_36615626.wav	tunaopaswa kufahamu kuhusu madhara ya ugonjwa wa malaria 	0
/scratch/skscla001/experiments/datasets/swagen/audio/common_voice_sw_35221702.wav	tiësto afrojack hardwell martin garrix armin van buuren nicky romero sbmg boef 	0
/scratch/skscla001/experiments/datasets/swagen/audio/common_voice_sw_29227320.wav	anthony akaendelea kuwa mtu muhimu kwenye habari 	1
/scratch/skscla001/experiments/datasets/swagen/audio/common_voice_sw_29796975.wav	kwani kupitia bahari ya hindi afrika inafikika kiurahisi kwa kila upande 	0
/scratch/skscla001/experiments/datasets/swagen/audio/common_voice_sw_35183597.wav	huyo ni balozi wa marekani katika baraza la umoja 	0
/scratch/skscla001/experiments/datasets/swagen/audio/common_voice_sw_29790633.wav	jiji linapakana na mkoa wa pwani upande wa mashariki linapakana na bahari ya hindi 	0
/scratch/skscla001/experiments/datasets/swagen/audio/common_voice_sw_36374746.wav	tofauti ya nchi yao athari za kiafya na ni hatua gani zenye matokeo 	1
/scratch/skscla001/experiments/datasets/swagen/audio/common_voice_sw_35156881.wav	mwanaume kutoka tanzania ambaye amebuni mziki wake unaoitwa swahili blue 	0
/scratch/skscla001/experiments/datasets/swagen/audio/common_voice_sw_34811321.wav	wa elfu moja mia tisa tisini na moja 	0
/scratch/skscla001/experiments/datasets/swagen/audio/common_voice_sw_36383737.wav	aa hapa idhaa ya kiswahili ya redio france international 	1
/scratch/skscla001/experiments/datasets/swagen/audio/common_voice_sw_29637086.wav	waziri mkuu ndilo jina la kawaida la cheo cha mkuu wa serikali 	1
/scratch/skscla001/experiments/datasets/swagen/audio/common_voice_sw_36364088.wav	tunazaidi ya wairaki elfu moja mia mbili 	0
/scratch/skscla001/experiments/datasets/swagen/audio/common_voice_sw_30653472.wav	moja kwa moja waliingia mpaka ofisini kwa mwalimu mkuu wa shule hiyo na kuingia 	0
/scratch/skscla001/experiments/datasets/swagen/audio/common_voice_sw_29791492.wav	umaridadi wake umekuwa mzuri kila siku iitwayo leo 	0
/scratch/skscla001/experiments/datasets/swagen/audio/common_voice_sw_29811549.wav	zanzibari ina bunge na rais wake wakuleta maendeleo 	0
/scratch/skscla001/experiments/datasets/swagen/audio/common_voice_sw_36386219.wav	sitashangaa kwamba eeh mataifa haya ya magharibi 	1
/scratch/skscla001/experiments/datasets/swagen/audio/common_voice_sw_30568070.wav	lugha yao rasmi ni kimachinga inasadikika 	0
/scratch/skscla001/experiments/datasets/swagen/audio/common_voice_sw_36382619.wav	kwenye eneo hilo huakikisha kwamba kila mtu anachukua tahadhari husika 	1
/scratch/skscla001/experiments/datasets/swagen/audio/common_voice_sw_35438525.wav	kusafirisha watumwa afrika katika ya karne ya kumi na tisa kutoka kitabu cha livingstone 	0
/scratch/skscla001/experiments/datasets/swagen/audio/common_voice_sw_30056255.wav	baada ya kukua kwa biashara ya utumwa kulisababisha watu wengi kuhamia kilwa kivinje 	0
/scratch/skscla001/experiments/datasets/swagen/audio/common_voice_sw_36105685.wav	msitu wa jozani ni umbali wa kilometa thelathini na tano kutoka kusini mashariki 	0
/scratch/skscla001/experiments/datasets/swagen/audio/common_voice_sw_30585424.wav	wanadai kuwa neno kiileman limetokana na neno kileme 	0
/scratch/skscla001/experiments/datasets/swagen/audio/common_voice_sw_30526933.wav	rangi pia huonyesha dhana na vipengele muhimu katika tamaduni 	0
/scratch/skscla001/experiments/datasets/swagen/audio/common_voice_sw_28584926.wav	ni moja kati ya majimbo tisa ya kaunti ya meru 	0
/scratch/skscla001/experiments/datasets/swagen/audio/common_voice_sw_31441013.wav	walikuwa wakiishi pamoja na kusaidiana katika mambo mbalimbali 	1
/scratch/skscla001/experiments/datasets/swagen/audio/common_voice_sw_36644314.wav	mitatu ya rwanda na mmoja wa dar es salaam tanzania 	0
/scratch/skscla001/experiments/datasets/swagen/audio/common_voice_sw_29856681.wav	wakati hakuna kitu cha kula na mwenzako mmoja amejeruhiwa kumuua na kumla ili kuishi 	1
/scratch/skscla001/experiments/datasets/swagen/audio/common_voice_sw_30227422.wav	maendeleo yoyote duniani yanaletwa na wingi wa watu 	0
/scratch/skscla001/experiments/datasets/swagen/audio/common_voice_sw_37215908.wav	karibu sana kijana wangu alisema mzee makame kwa uchangamfu 	0
/scratch/skscla001/experiments/datasets/swagen/audio/common_voice_sw_31410387.wav	kuanzia hapo mambo hayakuendelea kuwa mazuri kwake 	1
/scratch/skscla001/experiments/datasets/swagen/audio/common_voice_sw_30381641.wav	mongolia yalitangaza pia hali ya vita dhidi ya ujerumani na japani 	1
/scratch/skscla001/experiments/datasets/swagen/audio/common_voice_sw_30640474.wav	maeneo yanayolizunguka ziwa tanganyika waliweza kukaa 	0
/scratch/skscla001/experiments/datasets/swagen/audio/common_voice_sw_30106390.wav	utawala wa kidikiteta unaathiri sana maisha ya watu 	1
/scratch/skscla001/experiments/datasets/swagen/audio/common_voice_sw_30091171.wav	hali hii ilitambuliwa na uholanzi mwaka elfumoja mia nane kumi na tano 	1
/scratch/skscla001/experiments/datasets/swagen/audio/common_voice_sw_28927267.wav	ni kati ya nchi za dunia zenye historia ndefu inayojulikana 	0
/scratch/skscla001/experiments/datasets/swagen/audio/common_voice_sw_34762999.wav	saa unapiga nduru juu ushapotezanga hela 	1
/scratch/skscla001/experiments/datasets/swagen/audio/common_voice_sw_30108383.wav	mwaka mmoja baadaye zidane akauzwa kwenda real 	0
/scratch/skscla001/experiments/datasets/swagen/audio/common_voice_sw_34750859.wav	la kiongozi wa ufalme wa kwimbundo karne ya kumi 	1
/scratch/skscla001/experiments/datasets/swagen/audio/common_voice_sw_28582079.wav	sababu yake ni nafasi ya moscow iliyoko ndani zaidi ya eneo la urusi yenyewe 	1
/scratch/skscla001/experiments/datasets/swagen/audio/common_voice_sw_30653678.wav	safari yake ya uanamitindo imejawa na changamoto nyingi sana 	0
/scratch/skscla001/experiments/datasets/swagen/audio/common_voice_sw_28682820.wav	konokono wengine wengi kiasi pia hupatikana kwenye maji baridi 	1
/scratch/skscla001/experiments/datasets/swagen/audio/common_voice_sw_35183492.wav	kuenea kote katika bonde la ufa na pande za ardhi 	0
/scratch/skscla001/experiments/datasets/swagen/audio/common_voice_sw_30090717.wav	bora zaidi kwa mgonjwa wa kisukari aina ya kwanza kuliko vile vyenye nyuzinyuzi chache 	1
/scratch/skscla001/experiments/datasets/swagen/audio/common_voice_sw_28682696.wav	ana dada wawili na kaka wanne 	1
/scratch/skscla001/experiments/datasets/swagen/audio/common_voice_sw_34943114.wav	twiga masai jike huwa na nywele nyingi kichwani wakati dume huwa ana nywele chache 	0
/scratch/skscla001/experiments/datasets/swagen/audio/common_voice_sw_28583381.wav	pia aliteuliwa kama waziri msaidizi wa kazi za umma 	0
/scratch/skscla001/experiments/datasets/swagen/audio/common_voice_sw_30020746.wav	ila aliwahi kuwa kocha mkuu wa geita gold lipuli na polisi tanzania 	1
/scratch/skscla001/experiments/datasets/swagen/audio/common_voice_sw_36310716.wav	amazon ni hatari kupita maelezo lakini ghafla 	1
/scratch/skscla001/experiments/datasets/swagen/audio/common_voice_sw_30660064.wav	kwanza ina dhahabu ya kutosha katika ardhi yake 	0
/scratch/skscla001/experiments/datasets/swagen/audio/common_voice_sw_29791814.wav	benjamin mkapa ni rais wa awamu ya tatu 	0
/scratch/skscla001/experiments/datasets/swagen/audio/common_voice_sw_30196718.wav	nchi nyingi za afrika zilijenga uhusiano na tanzania 	0
/scratch/skscla001/experiments/datasets/swagen/audio/common_voice_sw_37096519.wav	katika mwamba ukristo uko afrika katika wingi wa madhehebu 	0
/scratch/skscla001/experiments/datasets/swagen/audio/common_voice_sw_29898592.wav	wa nini huyo mtu amebeba kinachokuhusu unavyoongezeka 	1
/scratch/skscla001/experiments/datasets/swagen/audio/common_voice_sw_30180978.wav	mataifa yanavutiwa na maonyesho ya blob yanayofanyika kila mwaka 	1
/scratch/skscla001/experiments/datasets/swagen/audio/common_voice_sw_36389577.wav	cha kupata mataji ya kwanza ya ligi mwaka 	1
/scratch/skscla001/experiments/datasets/swagen/audio/common_voice_sw_29572531.wav	huu ni uwanja wa kwanza wa libya 	1
/scratch/skscla001/experiments/datasets/swagen/audio/common_voice_sw_35161022.wav	aa imekuwa ni kawaida pale ambapo unapokwenda kinyume na masuala mbalimbali 	0
/scratch/skscla001/experiments/datasets/swagen/audio/common_voice_sw_34924488.wav	huo ulikuwa ni mfano wa imani yake katika masuala ya diplomasia 	0
/scratch/skscla001/experiments/datasets/swagen/audio/common_voice_sw_35181689.wav	uchaguzi wa rais uliofanyika novemba ishrini na nane mwaka huu 	0
/scratch/skscla001/experiments/datasets/swagen/audio/common_voice_sw_36067178.wav	lakini aliona hawakuwa peke yao ambao hawatii amri yake 	1
/scratch/skscla001/experiments/datasets/swagen/audio/common_voice_sw_30062283.wav	ethiopia na burkinafaso lakini siyo hizo tu zenye hifadhi za wanyama 	0
/scratch/skscla001/experiments/datasets/swagen/audio/common_voice_sw_29797969.wav	ni umbali wa mwendo wa saa tano mpaka sita kutoka mji wa arusha 	0
/scratch/skscla001/experiments/datasets/swagen/audio/common_voice_sw_28716306.wav	hata hivyo aliweza kushiriki na kushinda 	1
/scratch/skscla001/experiments/datasets/swagen/audio/common_voice_sw_29685388.wav	haina matumizi nje ya utafiti wa kisayansi kutokana maisha mafupi na uhaba 	0
/scratch/skscla001/experiments/datasets/swagen/audio/common_voice_sw_37096889.wav	dada naomba kubarikiwa nawe 	0
/scratch/skscla001/experiments/datasets/swagen/audio/common_voice_sw_36381701.wav	mgonjwa wa kisukari anahitaji uangalizi wa karibu sana 	1
/scratch/skscla001/experiments/datasets/swagen/audio/common_voice_sw_29665101.wav	sehemu ya pili iko na nambari tatu 	0
/scratch/skscla001/experiments/datasets/swagen/audio/common_voice_sw_28662091.wav	tarakilishi ni nzuri kwa kufuata amri na kuhifadhi vitu muhimu 	1
/scratch/skscla001/experiments/datasets/swagen/audio/common_voice_sw_30025734.wav	ukataji wa miti ni uharibifu wa mazingira 	1
/scratch/skscla001/experiments/datasets/swagen/audio/common_voice_sw_30635691.wav	yeye alikuwa ndiye mkubwa kwa kuzaliwa 	1
/scratch/skscla001/experiments/datasets/swagen/audio/common_voice_sw_37084049.wav	wakili wao mtetezi john dodie mhusenge 	1
/scratch/skscla001/experiments/datasets/swagen/audio/common_voice_sw_30110305.wav	mara zote mungu ana uwezo wake wa pekee 	0
/scratch/skscla001/experiments/datasets/swagen/audio/common_voice_sw_35224115.wav	ni ziara iliyokuwa na mafanikio makubwa kwa 	1
/scratch/skscla001/experiments/datasets/swagen/audio/common_voice_sw_36375273.wav	mmoja wa jinsi kiwanda kikubwa kinaweza kutenda ili kupunguza 	1
/scratch/skscla001/experiments/datasets/swagen/audio/common_voice_sw_29798077.wav	vilevile longombas ambalo ni kundi maarufu lenye makao nchini kenya 	0
/scratch/skscla001/experiments/datasets/swagen/audio/common_voice_sw_29937127.wav	kusababisha zaidi ya watu elfu moja kupoteza maisha katika meli hiyo 	1
/scratch/skscla001/experiments/datasets/swagen/audio/common_voice_sw_30173554.wav	bahari yenyewe ambayo baadhi wakipenda kuketi fukweni wakielekeza nyuso zao vilindini 	0
/scratch/skscla001/experiments/datasets/swagen/audio/common_voice_sw_36106128.wav	katika mwezi wa septemba msimu wa pukutisha huanza katika sehemu ya kaskazini mwa dunia na msimu wa chipukizi katika sehemu ya kusini 	0
/scratch/skscla001/experiments/datasets/swagen/audio/common_voice_sw_30495169.wav	kimetawaliwa na teknolojia na utandawazi ambao unapinga 	0
/scratch/skscla001/experiments/datasets/swagen/audio/common_voice_sw_35104628.wav	pengine kusiwe na kinyongo ame amenifurahisha sana profesa 	0
/scratch/skscla001/experiments/datasets/swagen/audio/common_voice_sw_37095040.wav	kuikaribia miili ya wapendwa wao wakati wa mazishi 	1
/scratch/skscla001/experiments/datasets/swagen/audio/common_voice_sw_36067213.wav	lakini kanuni hii ilisitishwa baadayekidogo 	1
/scratch/skscla001/experiments/datasets/swagen/audio/common_voice_sw_36256395.wav	nilipata kazi huku mombasa 	1
/scratch/skscla001/experiments/datasets/swagen/audio/common_voice_sw_35155487.wav	za cocaine halisi na vidonge viwili vya dawa 	0
/scratch/skscla001/experiments/datasets/swagen/audio/common_voice_sw_30574445.wav	ipo pia halmashauri ya wilaya ya kaliua na halmashauri ya wilaya ya igunga 	0
/scratch/skscla001/experiments/datasets/swagen/audio/common_voice_sw_30333822.wav	idadi ya watu inaongezeka kwa kasi na hivyo pia kuongezeka kwa wakulima 	1
/scratch/skscla001/experiments/datasets/swagen/audio/common_voice_sw_34763465.wav	nchi wanachama wa shirikisho la biashara duniani 	1
/scratch/skscla001/experiments/datasets/swagen/audio/common_voice_sw_30327027.wav	ndipo huyo mganga akamtunuku jina lake la mwigulu na ndivyo jina lilivyozaliwa 	0
/scratch/skscla001/experiments/datasets/swagen/audio/common_voice_sw_31306628.wav	ziwa eyasi ni sehemu inayochimbwa chumvi ndani ya tanzania 	1
/scratch/skscla001/experiments/datasets/swagen/audio/common_voice_sw_34812531.wav	dereva walibishania abiria njiani 	0
/scratch/skscla001/experiments/datasets/swagen/audio/common_voice_sw_34906851.wav	mpango wa taifa wa maendeleo uelewa wake wa serikali na ubobezi wake kama mchumi 	0
/scratch/skscla001/experiments/datasets/swagen/audio/common_voice_sw_29958302.wav	walipokonywa mali na mashamba yao bila kulipwa fidia 	1
/scratch/skscla001/experiments/datasets/swagen/audio/common_voice_sw_29936717.wav	tauni inayosababisha mtoki dalili huanza kuonekana ghafla 	1
/scratch/skscla001/experiments/datasets/swagen/audio/common_voice_sw_29925027.wav	alishinda kwa tiketi ya chama cha mapinduzi 	0
/scratch/skscla001/experiments/datasets/swagen/audio/common_voice_sw_36644338.wav	hawajainishwa katika nakala hii tutakuambia sifa 	0
/scratch/skscla001/experiments/datasets/swagen/audio/common_voice_sw_31261912.wav	kutoka dar es salaam mpaka mpanda mkoa ni rukwa magharibi mwa tanzania 	0
/scratch/skscla001/experiments/datasets/swagen/audio/common_voice_sw_30002551.wav	kwanza ziwa hili ni chanzo cha mito kadhaa barani afrika 	1
/scratch/skscla001/experiments/datasets/swagen/audio/common_voice_sw_35279537.wav	vyama vya upinzani nchini humo ambae sasa hivi yuko burundi 	0
/scratch/skscla001/experiments/datasets/swagen/audio/common_voice_sw_30057881.wav	hufuga punda ndogowe kwa ajili ya ubebaji mizigo na 	1
/scratch/skscla001/experiments/datasets/swagen/audio/common_voice_sw_28583897.wav	sifa muhimu ya kuni ni uwezo wake wa kutoa joto 	0
/scratch/skscla001/experiments/datasets/swagen/audio/common_voice_sw_31475973.wav	nadhari hii hutoa mfumo rasmi wa mwelekeo kwa hali za kijamii 	1
/scratch/skscla001/experiments/datasets/swagen/audio/common_voice_sw_31326289.wav	watoto wanaweza kuacha shule kwa sababu ya kipaji 	1
/scratch/skscla001/experiments/datasets/swagen/audio/common_voice_sw_30582045.wav	zanzibar iliongeza nembo kwenye bendera yake ya zamani 	0
/scratch/skscla001/experiments/datasets/swagen/audio/common_voice_sw_37225199.wav	kuna ujumbe ambao rais samia ameutoa katika siku zake mia moja za kwanza 	1
/scratch/skscla001/experiments/datasets/swagen/audio/common_voice_sw_29993434.wav	mechi nyingi za michuano la kombe la dunia zilifanyika mjini azteca 	1
/scratch/skscla001/experiments/datasets/swagen/audio/common_voice_sw_28961556.wav	katika itikadi ile hifadhi ya mazingira haikuwa na umuhimu sana 	0
/scratch/skscla001/experiments/datasets/swagen/audio/common_voice_sw_30148245.wav	maporomoko ya maji malamba yanapatikana mkoani mbeya tanzania 	1
/scratch/skscla001/experiments/datasets/swagen/audio/common_voice_sw_36642513.wav	na yatupelekea kuwa na wasiwasi katika matokeo ya uchaguzi 	0
/scratch/skscla001/experiments/datasets/swagen/audio/common_voice_sw_30582645.wav	kuna mijadala ya wataalamu mbalimbali inayozungumzia chimbuko la lugha ya kiswahili 	0
/scratch/skscla001/experiments/datasets/swagen/audio/common_voice_sw_29790682.wav	alipata mafunzo mbalimbali katika taasisi ya chuo cha utawala wa umma lahore pakistani 	0
/scratch/skscla001/experiments/datasets/swagen/audio/common_voice_sw_34942763.wav	kijamii ya kiutu uzima kwa wakati unaotazamiwa 	0
/scratch/skscla001/experiments/datasets/swagen/audio/common_voice_sw_30024376.wav	daktari wako atakupima ili kugundua tatizo 	0
/scratch/skscla001/experiments/datasets/swagen/audio/common_voice_sw_29896831.wav	mtu yeyote anapofanya mazoezi huwa huimarisha mwili wake 	1
/scratch/skscla001/experiments/datasets/swagen/audio/common_voice_sw_34917845.wav	ya pwani na ziwa tanganyika misafara hiyo ambayo ilikuwa ikibeba bidhaa za nje kama 	0
/scratch/skscla001/experiments/datasets/swagen/audio/common_voice_sw_30574782.wav	shimo linaongezeka kila baada ya muda na karibu lifikie makazi ya watu 	0
/scratch/skscla001/experiments/datasets/swagen/audio/common_voice_sw_30629640.wav	sheria mbalimbali zilitungwa na kuboreshwa na bunge 	0
/scratch/skscla001/experiments/datasets/swagen/audio/common_voice_sw_35183689.wav	umeiweza roho yangu 	0
/scratch/skscla001/experiments/datasets/swagen/audio/common_voice_sw_30220643.wav	kabila la pili limemezwa na makabila mengine 	0
/scratch/skscla001/experiments/datasets/swagen/audio/common_voice_sw_30085557.wav	pep guardiola akachagua mbinu ya pasi nyingi 	1
/scratch/skscla001/experiments/datasets/swagen/audio/common_voice_sw_28682075.wav	aina ya pili ni mafuta yanapatikana katika kiini cha tunda 	1
/scratch/skscla001/experiments/datasets/swagen/audio/common_voice_sw_30341954.wav	kwa sababu kadiri unavyofukua unakuta mawe yaliyojengwa 	1
/scratch/skscla001/experiments/datasets/swagen/audio/common_voice_sw_34834307.wav	kwani yeye alihamasika kuona ishara zile kutoka kwa mungu yesu akamjibu 	0
/scratch/skscla001/experiments/datasets/swagen/audio/common_voice_sw_29936976.wav	adolf anasema hilo sio tatizo kubwa kwa sababu hakuna anayemdhuru mgeni 	1
/scratch/skscla001/experiments/datasets/swagen/audio/common_voice_sw_30563448.wav	utaweza kuwa na mafanikia hivi karibuni 	0
/scratch/skscla001/experiments/datasets/swagen/audio/common_voice_sw_29943342.wav	hadi wakaingia kurudi kusini mwa wilaya ya mpwapwa mkoani dodoma 	1
/scratch/skscla001/experiments/datasets/swagen/audio/common_voice_sw_30623995.wav	halmashauri ya jiji la dodoma imeendelea kushika nafasi ya kwanza katika maonesho ya nanenane 	0
/scratch/skscla001/experiments/datasets/swagen/audio/common_voice_sw_30030990.wav	mifumo tofauti hutumika kulingana na mategemeo ya timu katika mchezo fulani 	0
/scratch/skscla001/experiments/datasets/swagen/audio/common_voice_sw_30146130.wav	mabadiliko haya yalikuja kama sehemu ya kujaribu kushughulikia kero mbalimbali za muungano 	0
/scratch/skscla001/experiments/datasets/swagen/audio/common_voice_sw_30005144.wav	wanyambo hupenda kula ndizi kama chakula chao 	0
/scratch/skscla001/experiments/datasets/swagen/audio/common_voice_sw_34940018.wav	na pia kuna watu ambae wanakabiliana na 	0
/scratch/skscla001/experiments/datasets/swagen/audio/common_voice_sw_36644643.wav	makala yetu ya siha njema juma hili 	0
/scratch/skscla001/experiments/datasets/swagen/audio/common_voice_sw_29797783.wav	tambua kuwa anayechanua mkia ni tausi dume na siyo jike 	0
/scratch/skscla001/experiments/datasets/swagen/audio/common_voice_sw_36330731.wav	zoezi la kukabidhi vifaa vya kuweka alama na kudhibiti kuzagaa kwa silaha haramu 	1
/scratch/skscla001/experiments/datasets/swagen/audio/common_voice_sw_30638486.wav	inasemekana walikuwa huko taveta kaskazini nchini kenya 	1
/scratch/skscla001/experiments/datasets/swagen/audio/common_voice_sw_35176941.wav	papiriri hamsini na mbilk iliyoandikwa kwa kigiriki mwaka mia moja ishirini na tano hivi 	0
/scratch/skscla001/experiments/datasets/swagen/audio/common_voice_sw_30570110.wav	tukio hili huwavutia sana wapigaji picha za sinema 	0
/scratch/skscla001/experiments/datasets/swagen/audio/common_voice_sw_36616998.wav	aliyeandika waraka hadharani kupinga hatua ya kuigeuza chato kuwa mkoa kamili 	0
/scratch/skscla001/experiments/datasets/swagen/audio/common_voice_sw_35154773.wav	kati ya jumla ya maaskofu na mapadre zaidi 	0
/scratch/skscla001/experiments/datasets/swagen/audio/common_voice_sw_29847216.wav	usultani ulikuwa pwani ya afrika mashariki 	0
/scratch/skscla001/experiments/datasets/swagen/audio/common_voice_sw_37096603.wav	karani wa koti ni yupi 	1
/scratch/skscla001/experiments/datasets/swagen/audio/common_voice_sw_29791681.wav	wakulima wengi nchini tanzania wanapenda ufugaji 	0
/scratch/skscla001/experiments/datasets/swagen/audio/common_voice_sw_29798731.wav	alisuluhisha migogoro mingi ya bara la afrika 	0
/scratch/skscla001/experiments/datasets/swagen/audio/common_voice_sw_30628769.wav	taifa la misri limetwaa mataji saba ya michuano hiyo ya afrika 	1
/scratch/skscla001/experiments/datasets/swagen/audio/common_voice_sw_30674908.wav	kina cha ziwa hilo ni karibu meta mia saba na hamsini 	1
/scratch/skscla001/experiments/datasets/swagen/audio/common_voice_sw_30341829.wav	hata hivyo mila na desturi nyingi za wagweno zinafanana zaidi na zile za wapare 	1
/scratch/skscla001/experiments/datasets/swagen/audio/common_voice_sw_29899376.wav	hizo fensi za nyumba kwa kangaroo sio kizuizi huweza kuruka pasi na kugusa ukuta 	1
/scratch/skscla001/experiments/datasets/swagen/audio/common_voice_sw_34756222.wav	alimuuliza julian paruku kahonja gavana wa kivu kaskazini 	0
/scratch/skscla001/experiments/datasets/swagen/audio/common_voice_sw_30320348.wav	mlima mlimu pamoja na ule mlima mlomboza 	1
/scratch/skscla001/experiments/datasets/swagen/audio/common_voice_sw_31409225.wav	argentina waliwafunga brazil kwenye fainali za kopa amerika 	1
/scratch/skscla001/experiments/datasets/swagen/audio/common_voice_sw_30577589.wav	umarufu huo unatokana na vitu mbalimbali vilivyomo wilayani humo ikiwemo mapango ya kale 	1
/scratch/skscla001/experiments/datasets/swagen/audio/common_voice_sw_30470870.wav	hatua hiyo ya werema ilikuja wakati watanzania wakiwa bado wanasubiri uamuzi wa rais 	1
/scratch/skscla001/experiments/datasets/swagen/audio/common_voice_sw_29845427.wav	na ukosefu wa makazi pia hifadhi za kuwaweka wakimbizi 	1
/scratch/skscla001/experiments/datasets/swagen/audio/common_voice_sw_35272665.wav	milioni nane na nne mia tatu hamsini na nane nukta sifuri sifuri 	0
/scratch/skscla001/experiments/datasets/swagen/audio/common_voice_sw_30307738.wav	pia alishirikishwa kama atalaku kama mtu wa kutumbuiza 	0
/scratch/skscla001/experiments/datasets/swagen/audio/common_voice_sw_36367892.wav	mfano mzuri ni kile ambacho kinatokea 	1
/scratch/skscla001/experiments/datasets/swagen/audio/common_voice_sw_29926922.wav	cameroon waliibuka washindi wa kombe nchini morocco 	1
/scratch/skscla001/experiments/datasets/swagen/audio/common_voice_sw_29558813.wav	akiwa chuo alijiunga na kikundi cha uigizaji 	0
/scratch/skscla001/experiments/datasets/swagen/audio/common_voice_sw_28681566.wav	hutumika kutibu magonjwa katika mfumo wa mkojo na koo 	1
/scratch/skscla001/experiments/datasets/swagen/audio/common_voice_sw_34597699.wav	mkewe ni mwenye bidii sana 	0
/scratch/skscla001/experiments/datasets/swagen/audio/common_voice_sw_29791248.wav	wanyama wengine wanaopatikana gombe ni kima wenye mkia mwekundu na bluu 	0
/scratch/skscla001/experiments/datasets/swagen/audio/common_voice_sw_36644210.wav	ya kulevya iwe yale ya kiasili kama bangi au yale yatengenezwayo 	0
/scratch/skscla001/experiments/datasets/swagen/audio/common_voice_sw_31433790.wav	kuna sita za kukwea mlima mlima kilimanjaro hadi kileleni 	0
/scratch/skscla001/experiments/datasets/swagen/audio/common_voice_sw_35108173.wav	lakini kwa ajili ya mkutano huu wanaohudhuria nayasema haya 	1
/scratch/skscla001/experiments/datasets/swagen/audio/common_voice_sw_35056451.wav	mama yule ana watoto wanne 	0
/scratch/skscla001/experiments/datasets/swagen/audio/common_voice_sw_34890799.wav	hakika mtu anayefahamika na kujulikana sana ni ahmed mistil 	1
/scratch/skscla001/experiments/datasets/swagen/audio/common_voice_sw_31405979.wav	mkoa huo una makabila mbalimbali ila kabila kubwa na la asili ni wafipa 	0
/scratch/skscla001/experiments/datasets/swagen/audio/common_voice_sw_30121662.wav	ukosefu wa viwanja vya ndege karibu na hifadhi 	1
/scratch/skscla001/experiments/datasets/swagen/audio/common_voice_sw_29939423.wav	hatua izo zilihusisha kuwaachilia huru watumwa ndani ya meli zinazokamatwa 	0
/scratch/skscla001/experiments/datasets/swagen/audio/common_voice_sw_37085583.wav	ndio maana karafuu hutumika kama kiungo cha chai 	1
/scratch/skscla001/experiments/datasets/swagen/audio/common_voice_sw_29680334.wav	rangi zao ni nyeusi na nyekundu au nyeusi na njano 	0
/scratch/skscla001/experiments/datasets/swagen/audio/common_voice_sw_35108229.wav	kama vile p squire wenzake wanamzungumziaje mbali na tathmini hiyo mwanamuziki wa kike kutoka 	0
/scratch/skscla001/experiments/datasets/swagen/audio/common_voice_sw_28817324.wav	aliyemfuata alikuwa mwana wake abdullah bin khalifa sultani wa mwisho kisiwani 	1
/scratch/skscla001/experiments/datasets/swagen/audio/common_voice_sw_28683132.wav	picha za feri za zamani na za kisasa 	1
/scratch/skscla001/experiments/datasets/swagen/audio/common_voice_sw_30181899.wav	alikuwa paroko msaidizi wa parokia ya mtakatifu petro oysterbay 	1
/scratch/skscla001/experiments/datasets/swagen/audio/common_voice_sw_35104933.wav	ngana na mipango yake ya hapo awali 	0
/scratch/skscla001/experiments/datasets/swagen/audio/common_voice_sw_30335029.wav	inaongezeka hifadhi ya taifa ya ngorongoro kaskazini mwa tanzania 	1
/scratch/skscla001/experiments/datasets/swagen/audio/common_voice_sw_36331661.wav	na kwamba wako pale kwa maslahi yao binafsi 	1
/scratch/skscla001/experiments/datasets/swagen/audio/common_voice_sw_34942819.wav	usiniache gizani bwana 	0
/scratch/skscla001/experiments/datasets/swagen/audio/common_voice_sw_35442244.wav	namke huyo angenyongwa jumatano ya leo 	0
/scratch/skscla001/experiments/datasets/swagen/audio/common_voice_sw_30362319.wav	mlima wa nyamibata na milima ya nyanda 	1
/scratch/skscla001/experiments/datasets/swagen/audio/common_voice_sw_36037083.wav	watu hao waliambukizwa virusi vya ukimwi 	1
/scratch/skscla001/experiments/datasets/swagen/audio/common_voice_sw_37216258.wav	amefikisha ukingoni 	0
/scratch/skscla001/experiments/datasets/swagen/audio/common_voice_sw_29696866.wav	ndege hawa wanatokea afrika kusini mwa sahara 	1
/scratch/skscla001/experiments/datasets/swagen/audio/common_voice_sw_28584764.wav	akiwa rais alifuata siasa ya kujitegemea kwa ufaransa 	0
/scratch/skscla001/experiments/datasets/swagen/audio/common_voice_sw_37229932.wav	mashuka ni vitambaa vinavyozungushwa mwilini juu ya kila bega kisha ya tatu juu yao 	1
/scratch/skscla001/experiments/datasets/swagen/audio/common_voice_sw_35106053.wav	wabuni maarufu wa mitindo ya mavazi hupendelea wanamitindo 	0
/scratch/skscla001/experiments/datasets/swagen/audio/common_voice_sw_28716471.wav	panya nyasi ni wakubwa kiasi 	1
/scratch/skscla001/experiments/datasets/swagen/audio/common_voice_sw_30321099.wav	wabena wanatumia salamu maalum ya kilugha wanapokutana msibani 	0
/scratch/skscla001/experiments/datasets/swagen/audio/common_voice_sw_31787809.wav	mwanasiasa tundu lissu anaijia siasa vyema 	0
/scratch/skscla001/experiments/datasets/swagen/audio/common_voice_sw_30200824.wav	wengi waliamini kuwa ukatili aliyoufanya zilikuwa ni mbinu za kumchafua 	1
/scratch/skscla001/experiments/datasets/swagen/audio/common_voice_sw_30274994.wav	kwa kawaida makabila mengine yote ya wafugaji ukiwatoa wasukuma 	0
/scratch/skscla001/experiments/datasets/swagen/audio/common_voice_sw_37097404.wav	tukio hili linatafsiriwa kama ndilo lililochochea kuongezeka kwa uhasama 	0
/scratch/skscla001/experiments/datasets/swagen/audio/common_voice_sw_30177396.wav	kitu cha msingi ni kuangalia na kuzifanyia kazi sifa unazozitaka kutoka kwa mpenzi wako 	0
/scratch/skscla001/experiments/datasets/swagen/audio/common_voice_sw_29937942.wav	wakati huo ikiwa tanganyika na ujerumani yenyewe wanakotokea akina hiss 	1
/scratch/skscla001/experiments/datasets/swagen/audio/common_voice_sw_31446722.wav	pale unapowashwa na kukimbizwa nchi nzima huku miradi mbalimbali ikizinduliwa 	0
/scratch/skscla001/experiments/datasets/swagen/audio/common_voice_sw_34958832.wav	alisoma shahada yake ya kwanza katika chuo kikuu cha mamara uturuki 	0
/scratch/skscla001/experiments/datasets/swagen/audio/common_voice_sw_34906864.wav	ya kupambana dhidi ya maambukizi ya ukimwi na unyanyapaji 	0
/scratch/skscla001/experiments/datasets/swagen/audio/common_voice_sw_30585243.wav	dalili hizi zote zinaweza kutokana na kitu kingine chochote lakini unapaswa kushuku malaria 	0
/scratch/skscla001/experiments/datasets/swagen/audio/common_voice_sw_35250602.wav	kisha akachukua pwani ya mashariki ya bahari ya 	0
/scratch/skscla001/experiments/datasets/swagen/audio/common_voice_sw_35156146.wav	wanasheria wanadadisi sababu ya kukosefu kwa ufafanuzi 	0
/scratch/skscla001/experiments/datasets/swagen/audio/common_voice_sw_30582592.wav	kisha ukasafirishwa tena mpaka katika uwanja wa gombani pemba na baadae kupelekwa kijijini kwaoa 	0
/scratch/skscla001/experiments/datasets/swagen/audio/common_voice_sw_36386214.wav	hadi mwaka elfumoja miasaba themanini na tatu 	1
/scratch/skscla001/experiments/datasets/swagen/audio/common_voice_sw_36013837.wav	uvamia kambi ya wakimbizi katika eneo hilo ambalo hadi sasa 	1
/scratch/skscla001/experiments/datasets/swagen/audio/common_voice_sw_35146312.wav	twiga hawa kwa sasa ni wanyama ambao wapo katika uangalizi mkubwa sana hususani hapa 	0
/scratch/skscla001/experiments/datasets/swagen/audio/common_voice_sw_29947080.wav	milipuko pia hutokea kwa watu wenye kinga dhaifu wanapoingia maeneo yenye malaria kwa wingi 	0
/scratch/skscla001/experiments/datasets/swagen/audio/common_voice_sw_29905395.wav	ambayo ilikuwa haifahamiki kwa wakazi wa maeneo hayo 	1
/scratch/skscla001/experiments/datasets/swagen/audio/common_voice_sw_35214151.wav	mjerumani heinrich hertz alitagundua mawimbi ya sumakuumeme 	0
/scratch/skscla001/experiments/datasets/swagen/audio/common_voice_sw_31720726.wav	walikusanywa sehemu moja ili kumrahisishia ngariba 	1
/scratch/skscla001/experiments/datasets/swagen/audio/common_voice_sw_28689058.wav	katika imani yao kuna miungu mingi kwenye ngazi mbalimbali ya enzi 	0
/scratch/skscla001/experiments/datasets/swagen/audio/common_voice_sw_35183643.wav	wana uhusiano wa karibu na asili moja 	0
/scratch/skscla001/experiments/datasets/swagen/audio/common_voice_sw_30402901.wav	mwanamke huyo ambaye ametajwa kuwa mwanamke tajiri zaidi barani afrika 	1
/scratch/skscla001/experiments/datasets/swagen/audio/common_voice_sw_37086983.wav	ocha unawaambia mukubali matokeo 	0
/scratch/skscla001/experiments/datasets/swagen/audio/common_voice_sw_29896836.wav	hapo munyigumba akakasirika na kuamua kumfukuza sekinyaga na mwanawe 	1
/scratch/skscla001/experiments/datasets/swagen/audio/common_voice_sw_29906025.wav	ilikuwa ya kwamba hajajikazia kuendeleza taasisi yake 	1
/scratch/skscla001/experiments/datasets/swagen/audio/common_voice_sw_31285062.wav	akikagua ofisi mpya za ardhi ya mkoa wa mara 	0
/scratch/skscla001/experiments/datasets/swagen/audio/common_voice_sw_28583654.wav	eneo la ziwa ni kavu sana na maji yake ni ya magadi 	0
/scratch/skscla001/experiments/datasets/swagen/audio/common_voice_sw_29519413.wav	inataja pia orodha ya maneno pamoja na maelezo mafupi ya maana yake 	0
/scratch/skscla001/experiments/datasets/swagen/audio/common_voice_sw_35181653.wav	tofauti na jabir ambaye alijulikana na wafanyakazi wenzie wa ofisi hiyo 	0
/scratch/skscla001/experiments/datasets/swagen/audio/common_voice_sw_36945652.wav	bila hivyo 	1
/scratch/skscla001/experiments/datasets/swagen/audio/common_voice_sw_29468540.wav	jimbo linapatikana katika kaunti ya marsabit mashariki mwa nchi 	1
/scratch/skscla001/experiments/datasets/swagen/audio/common_voice_sw_30362919.wav	hifadhi ina makundi makubwa ya tembo wakila majani ziwani 	0
/scratch/skscla001/experiments/datasets/swagen/audio/common_voice_sw_30585427.wav	ni chombo kilichotumika kuwaunganisha hawa watu waliotumia hii lugha 	0
/scratch/skscla001/experiments/datasets/swagen/audio/common_voice_sw_34391813.wav	kumi akigombea kwa chama cha mapinduzitarehe kumi na tisa mwezi wa kumi na 	1
/scratch/skscla001/experiments/datasets/swagen/audio/common_voice_sw_30630934.wav	kama ilivyo kwa makabila mengine wapare wamepiga hatua kwenye maendeleo kielimu kisiasa na kichumi 	1
/scratch/skscla001/experiments/datasets/swagen/audio/common_voice_sw_29789009.wav	pia walikuwa na lengo la kuweka makazi ya kudumu 	0
/scratch/skscla001/experiments/datasets/swagen/audio/common_voice_sw_30527291.wav	dunia ilimshuhudia mbambe mwingine wa kisiasa kivita na kiuchumi aliyeitwa fidel castro 	0
/scratch/skscla001/experiments/datasets/swagen/audio/common_voice_sw_30375767.wav	husababishwa na kundi la virusi lifahamikalo kama virusi ambao husambazwa wakati wa kujamiiana 	0
/scratch/skscla001/experiments/datasets/swagen/audio/common_voice_sw_35155263.wav	yote yanawezekana 	0
/scratch/skscla001/experiments/datasets/swagen/audio/common_voice_sw_35105726.wav	kwa kuwa ninaye yesu 	0
/scratch/skscla001/experiments/datasets/swagen/audio/common_voice_sw_29736157.wav	haina milima mirefu 	0
/scratch/skscla001/experiments/datasets/swagen/audio/common_voice_sw_28681010.wav	majengo mbalimbali ya kale ni ishara ya historia ndefu ya mji huu 	1
/scratch/skscla001/experiments/datasets/swagen/audio/common_voice_sw_30624143.wav	mtu aliye jenga heshima kubwa duniani 	0
/scratch/skscla001/experiments/datasets/swagen/audio/common_voice_sw_34944180.wav	bahari vumbi la mchanga moto wa mimea ya asili na radi 	0
/scratch/skscla001/experiments/datasets/swagen/audio/common_voice_sw_31266484.wav	mtwara mikindani ni jina ambalo lina muunganiko wa maneno mawili 	0
/scratch/skscla001/experiments/datasets/swagen/audio/common_voice_sw_30718033.wav	ukipata muda funga safari za kwenda kilimanjaro kutoka dar es salaam 	0
/scratch/skscla001/experiments/datasets/swagen/audio/common_voice_sw_29789049.wav	umetabiriwa mara nyingine kwa sababu ya kupungua kwa mapato ya pembezoni 	0
/scratch/skscla001/experiments/datasets/swagen/audio/common_voice_sw_29795901.wav	kiumbe huyo alijulikana kwa jina la blob 	1
/scratch/skscla001/experiments/datasets/swagen/audio/common_voice_sw_28670218.wav	huenda pia mtu akawa na shida za kufikiria 	1
/scratch/skscla001/experiments/datasets/swagen/audio/common_voice_sw_28694252.wav	vilabu vya burudani ni pamoja na ala za muziki kwaya na ngoma ya kisasa 	1
/scratch/skscla001/experiments/datasets/swagen/audio/common_voice_sw_28689160.wav	hata hivyo kuna vituo vya afya na maabara ya watu binafsi pia 	0
/scratch/skscla001/experiments/datasets/swagen/audio/common_voice_sw_35105637.wav	sultani sayyid said alihamisha mji mkuu wake kutoka omani kuja unguja 	0
/scratch/skscla001/experiments/datasets/swagen/audio/common_voice_sw_34958793.wav	mizimu wakupa kweli wakueleze undani 	0
/scratch/skscla001/experiments/datasets/swagen/audio/common_voice_sw_29898089.wav	ghana ilifungwa bao moja kwa sifuri kwenye fainali 	1
/scratch/skscla001/experiments/datasets/swagen/audio/common_voice_sw_34762883.wav	kisha huzaa mtoto mmoja tu twiga ni baadhi ya wanyama wachache wanao zaa wakiwa 	1
/scratch/skscla001/experiments/datasets/swagen/audio/common_voice_sw_28581706.wav	alipelekwa uhamishoni na kaisari leo v kwa sababu ya kutetea matumizi ya picha takatifu 	1
/scratch/skscla001/experiments/datasets/swagen/audio/common_voice_sw_37097462.wav	rfi kiswahili itakujuza yatakaojiri katika mkutano huo kwa niaba ya mwenzangu abubakari suleiman 	1
/scratch/skscla001/experiments/datasets/swagen/audio/common_voice_sw_28683272.wav	ilikuwa moja ya sehemu za dini ya ugiriki ya kale 	1
/scratch/skscla001/experiments/datasets/swagen/audio/common_voice_sw_30034508.wav	kutoka kwenye mimea mbalimbali kama vile miti na mimea mingine 	0
/scratch/skscla001/experiments/datasets/swagen/audio/common_voice_sw_30016584.wav	wakati wa vita kuu ya kwanza ya dunia 	1
/scratch/skscla001/experiments/datasets/swagen/audio/common_voice_sw_37218564.wav	dhambi zangu kuziosha 	0
/scratch/skscla001/experiments/datasets/swagen/audio/common_voice_sw_37083803.wav	ambae amemfanyia unyama sana mwana mwana ameuguwa kwa asilimia kubwa sana mkononi amemchoma 	0
/scratch/skscla001/experiments/datasets/swagen/audio/common_voice_sw_35103120.wav	kwa sasa wamasai wengi wamekuwa wakristo na kwa kiwango kidogo waislamu 	0
/scratch/skscla001/experiments/datasets/swagen/audio/common_voice_sw_29713327.wav	ndiyo sababu anaheshimiwa na madhehebu mbalimbali kama mtakatifu mfiadini 	0
/scratch/skscla001/experiments/datasets/swagen/audio/common_voice_sw_35181842.wav	ilitangazwa kuwa majelaha yote yaliyokuwa kichwani kwa biko 	0
/scratch/skscla001/experiments/datasets/swagen/audio/common_voice_sw_28951727.wav	alisaidia kumaliza farakano la magharibi 	0
/scratch/skscla001/experiments/datasets/swagen/audio/common_voice_sw_29144900.wav	chemchemi hizo huwa kaskazini magharibi na kusini mwa ziwa hili 	1
/scratch/skscla001/experiments/datasets/swagen/audio/common_voice_sw_34942734.wav	kuweza kuleta matokeo katika kazi wanazopewa 	0
/scratch/skscla001/experiments/datasets/swagen/audio/common_voice_sw_29988662.wav	uchaguzi wa pili wa mwaka huo wa elfu moja mia tisa sabini na nane 	1
/scratch/skscla001/experiments/datasets/swagen/audio/common_voice_sw_35183363.wav	ni wewe wa kuokoa 	0
/scratch/skscla001/experiments/datasets/swagen/audio/common_voice_sw_30180017.wav	raia wa msumbiji hasa mshauri wa machel alifundishwa na uingereza 	1
/scratch/skscla001/experiments/datasets/swagen/audio/common_voice_sw_36385237.wav	fasihi kujishughulisha na kukuza na kukitangaza kiswahili katika 	1
/scratch/skscla001/experiments/datasets/swagen/audio/common_voice_sw_37089251.wav	gani yanayohitaji ufumbuzi wa aina gani hili ni jambo kubwa sana kwake japokuwa tutaendelea 	1
/scratch/skscla001/experiments/datasets/swagen/audio/common_voice_sw_31797683.wav	lakini tunashindwa kutambua ule uwezo uliopo ndani mwetu 	1
/scratch/skscla001/experiments/datasets/swagen/audio/common_voice_sw_29466731.wav	iraq ina akiba kubwa za mafuta ya petroli ardhini 	0
/scratch/skscla001/experiments/datasets/swagen/audio/common_voice_sw_30025030.wav	theodoros zagora ndiye aliyekuwa nyota wa ugiriki 	1
/scratch/skscla001/experiments/datasets/swagen/audio/common_voice_sw_30434931.wav	kama hamtalala ndani ya hifadhi ni sehemu gani nyinginezo za huduma hiyo 	1
/scratch/skscla001/experiments/datasets/swagen/audio/common_voice_sw_30635653.wav	je ni kampuni zipi nyinginezo hutumika kutotoa huduma hiyo hifadhini 	1
/scratch/skscla001/experiments/datasets/swagen/audio/common_voice_sw_30327661.wav	ukoloni wa ujerumani uliondoka tanzania kwenye vita ya kwanza ya dunia 	0
/scratch/skscla001/experiments/datasets/swagen/audio/common_voice_sw_29653987.wav	aliandika historia kama mwanamke wa kwanza wa nigeria kupewa shahada ya udaktari 	0
/scratch/skscla001/experiments/datasets/swagen/audio/common_voice_sw_30376177.wav	hata hivyo wanawake wa kimasai wengi hawana nywele 	1
/scratch/skscla001/experiments/datasets/swagen/audio/common_voice_sw_34942747.wav	alienda kwa mwenyekiti wa kamati ya bunge la mashirika 	0
/scratch/skscla001/experiments/datasets/swagen/audio/common_voice_sw_35183812.wav	hiyo inachagia lakini tena 	0
/scratch/skscla001/experiments/datasets/swagen/audio/common_voice_sw_29790771.wav	hii ni kwa sababu misitu inatusaidia kwa utalii na tunaweza kupata mvua kwa wingi 	0
/scratch/skscla001/experiments/datasets/swagen/audio/common_voice_sw_35099654.wav	na imesaidia watu wa kiasili katika historia 	0
/scratch/skscla001/experiments/datasets/swagen/audio/common_voice_sw_30025526.wav	pia kwa taifa la ghana linaongoza kwa kilimo cha kakao 	1
/scratch/skscla001/experiments/datasets/swagen/audio/common_voice_sw_36385335.wav	kwa viongozi baba uliotupa 	1
/scratch/skscla001/experiments/datasets/swagen/audio/common_voice_sw_37095278.wav	ilivyo na wanyama wengi katika orodha hii bonde 	1
/scratch/skscla001/experiments/datasets/swagen/audio/common_voice_sw_34942721.wav	wafungwa wananyanyaswa sana 	0
/scratch/skscla001/experiments/datasets/swagen/audio/common_voice_sw_30539506.wav	huyu anapatikana msitu wa amazon pekee 	0
/scratch/skscla001/experiments/datasets/swagen/audio/common_voice_sw_36390293.wav	pia nelson mandela aliyekuwa raisi wa kwanza wa afrika kusini 	1
/scratch/skscla001/experiments/datasets/swagen/audio/common_voice_sw_36615363.wav	kufanana kwao lugha kwa kiasi kikubwa tisini jirani zao 	0
/scratch/skscla001/experiments/datasets/swagen/audio/common_voice_sw_30667191.wav	hapo ndipo tunapoweza kujua ni namna gani taifa kama ghana limetuacha mbali 	0
/scratch/skscla001/experiments/datasets/swagen/audio/common_voice_sw_29950528.wav	mapango ya nongoma ni sehemu ambayo watalii wanaweza kujifunza historia 	1
/scratch/skscla001/experiments/datasets/swagen/audio/common_voice_sw_35409869.wav	na wacherkesi pia kati ya wasemaji wengi wa lugha za kiturki kama vile 	0
/scratch/skscla001/experiments/datasets/swagen/audio/common_voice_sw_35182024.wav	vigumu kwenda haja ndogo na hii pia umeleta utata thelathini na tisa ukeketaji ni 	0
/scratch/skscla001/experiments/datasets/swagen/audio/common_voice_sw_29923748.wav	mwalimu uniachie huyu mtoto niongea naye kisha nitachukua hatua zinazofaa 	0
/scratch/skscla001/experiments/datasets/swagen/audio/common_voice_sw_35099359.wav	sasa ifahamu historia ya wamasai kutoka israel hadi afrika mashariki 	0
/scratch/skscla001/experiments/datasets/swagen/audio/common_voice_sw_35099297.wav	wa kugeuza umbo la glutamati katika mara mtu ageukapo kutoka matumizi 	0
/scratch/skscla001/experiments/datasets/swagen/audio/common_voice_sw_30342482.wav	asilimia sabini na tano ya wananchi wa mtwara ni wamakonde wakifuatiwa na wayao 	1
/scratch/skscla001/experiments/datasets/swagen/audio/common_voice_sw_30436172.wav	ondoa vichaka miamba uchafu kuni zilizotapakaa na chochote kinachoweza kuwa chakula cha panya 	0
/scratch/skscla001/experiments/datasets/swagen/audio/common_voice_sw_29994717.wav	hata hivyo mengi ya mabadiliko hayo yamewakwepa wananchi isipokuwa yale ya zamani 	1
/scratch/skscla001/experiments/datasets/swagen/audio/common_voice_sw_29945047.wav	mpandaji wa mlima huu anapitia kanda tofati za hewa 	1
/scratch/skscla001/experiments/datasets/swagen/audio/common_voice_sw_30364445.wav	huyu alifahamika kwa jina la benito musolini 	0
/scratch/skscla001/experiments/datasets/swagen/audio/common_voice_sw_31596844.wav	hazikupita siku saba sokoine akafa kwa ajali ya gari 	0
/scratch/skscla001/experiments/datasets/swagen/audio/common_voice_sw_36642133.wav	na eneo hilo la bugoye ispokuwa waha walifahamiana na wamanyema kutokana na ujio wa 	0
/scratch/skscla001/experiments/datasets/swagen/audio/common_voice_sw_36310881.wav	tabia za pekee hasa katika maeneo ya jalidi ya kudumu 	1
/scratch/skscla001/experiments/datasets/swagen/audio/common_voice_sw_34831575.wav	wanyamwezi ni kabila la tanzania wanaoishi katika mikoa ya tabora na shinyanga 	0
/scratch/skscla001/experiments/datasets/swagen/audio/common_voice_sw_28695670.wav	hata ikiwa ndivyo ilivyokuwa ni juu yangu 	1
/scratch/skscla001/experiments/datasets/swagen/audio/common_voice_sw_30021269.wav	nyangumi ni jina la mamalia wa majini wa oda ya cetacea 	1
/scratch/skscla001/experiments/datasets/swagen/audio/common_voice_sw_30000573.wav	ngoma hutumika kuwakaribisha watalii wanapofika kwenye maeneo ya kihistoria 	1
/scratch/skscla001/experiments/datasets/swagen/audio/common_voice_sw_30122322.wav	nchini kenya ziwa lina ukubwa wa kilomita za mraba elfu nne na mia moja 	1
/scratch/skscla001/experiments/datasets/swagen/audio/common_voice_sw_34980730.wav	ili kutoa msukumo zaidi kwa korea kaskazini 	0
/scratch/skscla001/experiments/datasets/swagen/audio/common_voice_sw_30342575.wav	alipohitimu kidato cha nne samia alijiunga na chuo cha usimamizi wa fedha zanzibari 	1
/scratch/skscla001/experiments/datasets/swagen/audio/common_voice_sw_30005404.wav	ikiwa ni pamoja na sehemu zenye malighafi za kutosha 	0
/scratch/skscla001/experiments/datasets/swagen/audio/common_voice_sw_30090847.wav	wake wengine ambao waliolewa na bwana karume ni bibi nasra helemu 	1
/scratch/skscla001/experiments/datasets/swagen/audio/common_voice_sw_29799220.wav	akizungumza katika ofisi za mwananchi jana zuhura anasema ndoto ya udaktari ilikufa 	0
/scratch/skscla001/experiments/datasets/swagen/audio/common_voice_sw_29791918.wav	punde tu ikaanzisha mapambano ya kulikomboa eneo lake 	0
/scratch/skscla001/experiments/datasets/swagen/audio/common_voice_sw_30030935.wav	mto songwe una eneo la kidaka maji chenye kilomita za mraba elfu nne 	0
/scratch/skscla001/experiments/datasets/swagen/audio/common_voice_sw_34897305.wav	ununuzi wa dawa katika maduka na famasia ambazo zimehalalishwa na serikali 	0
/scratch/skscla001/experiments/datasets/swagen/audio/common_voice_sw_29939137.wav	mnyama aliyewahi kuwa kwenye hatari ya kupotea kutokana na ujangili 	1
/scratch/skscla001/experiments/datasets/swagen/audio/common_voice_sw_31304496.wav	taifa la liberia liliwahi kutoa mwanasoka bora wa dunia 	1
/scratch/skscla001/experiments/datasets/swagen/audio/common_voice_sw_30177277.wav	majeshi ya upinzani dhidi ya serikali ya kongo 	0
/scratch/skscla001/experiments/datasets/swagen/audio/common_voice_sw_29925693.wav	pep guardiola hajawahi kufungwa mara tatu mfululizo 	0
/scratch/skscla001/experiments/datasets/swagen/audio/common_voice_sw_34917803.wav	ya vitalo kutawazwa kwa mabingwa 	0
/scratch/skscla001/experiments/datasets/swagen/audio/common_voice_sw_36390419.wav	hawai ni kwetu 	1
/scratch/skscla001/experiments/datasets/swagen/audio/common_voice_sw_30209931.wav	fainali za kombe la dunia zilimunufaisha lato 	1
/scratch/skscla001/experiments/datasets/swagen/audio/common_voice_sw_29406911.wav	hapo alijiunga na umonaki kwenye mlima sinai 	0
/scratch/skscla001/experiments/datasets/swagen/audio/common_voice_sw_29977863.wav	kilele cha shira kilikuwa na kaldera yenye lava 	0
/scratch/skscla001/experiments/datasets/swagen/audio/common_voice_sw_30364100.wav	utalii vilivyoko katika nchi yetu mfano katika 	1
/scratch/skscla001/experiments/datasets/swagen/audio/common_voice_sw_30327634.wav	dalili kuu na ishara tofauti pamoja na hatua za kifua kikuu zinajulikana saba 	1
/scratch/skscla001/experiments/datasets/swagen/audio/common_voice_sw_30582057.wav	wasukuma pia wanajihusisha sana na kilimo cha mazao ya nafaka na mifugo 	0
/scratch/skscla001/experiments/datasets/swagen/audio/common_voice_sw_28670633.wav	kuta za mawe zinaonekana kati ya miti 	1
/scratch/skscla001/experiments/datasets/swagen/audio/common_voice_sw_30335416.wav	meno ya plastiki pia imani hiyo si ya pekee kwa wamasai 	1
/scratch/skscla001/experiments/datasets/swagen/audio/common_voice_sw_29796840.wav	sheria inayatambua majengo yote yaliyojengwa kabla ya uhuru 	1
/scratch/skscla001/experiments/datasets/swagen/audio/common_voice_sw_29822737.wav	upana wake ni kilomita kumi na tatu 	1
/scratch/skscla001/experiments/datasets/swagen/audio/common_voice_sw_29922537.wav	ronaldo na messi walienda urusi wakiwa na mategemeo ya kuondoka na taji 	0
/scratch/skscla001/experiments/datasets/swagen/audio/common_voice_sw_29939200.wav	miongoni mwetu tumekuwa tukisahau asili zetu na kutotambua kuwa ni wapi tulipotoka 	0
/scratch/skscla001/experiments/datasets/swagen/audio/common_voice_sw_34895895.wav	kuna tofauti kati ya wakazi wa pemba na unguja 	0
/scratch/skscla001/experiments/datasets/swagen/audio/common_voice_sw_30075908.wav	mama hupewa maji katika kibuyu ili ayanywe 	1
/scratch/skscla001/experiments/datasets/swagen/audio/common_voice_sw_30653492.wav	mababu waliotokea ugogo waliishi vyema na makibila jirani 	0
/scratch/skscla001/experiments/datasets/swagen/audio/common_voice_sw_30233608.wav	kwa hiyo hii ni sekta inayochangia mapato makubwa kwa serikali na jamii nzima 	0
/scratch/skscla001/experiments/datasets/swagen/audio/common_voice_sw_31446790.wav	hugubikwa na mambo mengi ya nje na ndani ya uwanja 	0
/scratch/skscla001/experiments/datasets/swagen/audio/common_voice_sw_29654656.wav	anafahamika zaidi kwa kuwa sauti kali yenye nguvu na mvuto 	0
/scratch/skscla001/experiments/datasets/swagen/audio/common_voice_sw_29897831.wav	jose mourinho na makocha wengine wakawa waasisi wa soka la kujihami 	1
/scratch/skscla001/experiments/datasets/swagen/audio/common_voice_sw_28927238.wav	alipata digrii ya mawasiliano kutoka chuo kikuu cha florida university of south florida 	0
/scratch/skscla001/experiments/datasets/swagen/audio/common_voice_sw_30574832.wav	inatakiwa kujiamini kwamba ulemavu sio kikwazo cha kufanya kitu ambacho unakipenda 	1
/scratch/skscla001/experiments/datasets/swagen/audio/common_voice_sw_30100150.wav	uwezo wa wachezaji huhitajika mara zote katika kutekeleza majukumu yanayotokana na mfumo unaotumika 	1
/scratch/skscla001/experiments/datasets/swagen/audio/common_voice_sw_37095311.wav	haruhusiwi kutumia vyakula vya mafuta ya wanyama 	1
/scratch/skscla001/experiments/datasets/swagen/audio/common_voice_sw_29303362.wav	walikuwa wafanyabiashara na mabaharia hodari sana 	0
/scratch/skscla001/experiments/datasets/swagen/audio/common_voice_sw_31585112.wav	ni kwenye bonde la mto nile kaskazini mwa ziwa turkana 	0
/scratch/skscla001/experiments/datasets/swagen/audio/common_voice_sw_31285954.wav	utamaduni huo hata hivyo haukuwahi kutibu magonjwa hayo pia 	0
/scratch/skscla001/experiments/datasets/swagen/audio/common_voice_sw_30175899.wav	ana utajiri wa dola bilioni kumi nukta moja 	0
/scratch/skscla001/experiments/datasets/swagen/audio/common_voice_sw_28670573.wav	sasa hawa ana matumaini kwa maisha yake 	1
/scratch/skscla001/experiments/datasets/swagen/audio/common_voice_sw_29925362.wav	yusuf macho alicheza simba kwa miaka miwili na msimu wake wa mwisho 	0
/scratch/skscla001/experiments/datasets/swagen/audio/common_voice_sw_30071246.wav	bundi waliyopo kwenye msitu wa amani huwezi kuwapata popote duniani 	0
/scratch/skscla001/experiments/datasets/swagen/audio/common_voice_sw_29799401.wav	hadi mwaka elfu moja mia tisa arobaini na tano 	0
/scratch/skscla001/experiments/datasets/swagen/audio/common_voice_sw_28699138.wav	mashariki na kusini mashariki eritrea ina pwani ndefu katika bahari ya shamu 	0
/scratch/skscla001/experiments/datasets/swagen/audio/common_voice_sw_35104587.wav	asi ya jumuiya ya kimatifa kwenye masuala kama haya inapotokea 	0
/scratch/skscla001/experiments/datasets/swagen/audio/common_voice_sw_29815700.wav	hayati benjamini wiliam mkapa alizikwa kijijini kwao lupaso mkoani mtwara 	1
/scratch/skscla001/experiments/datasets/swagen/audio/common_voice_sw_29794164.wav	kamwe hawana athari yoyote kwa binadamu 	0
/scratch/skscla001/experiments/datasets/swagen/audio/common_voice_sw_30035368.wav	wakapoteza vitu vyao ndani ya umoja wa afrika kitaifa tanganyika na serikalini pia 	0
/scratch/skscla001/experiments/datasets/swagen/audio/common_voice_sw_30177600.wav	watoto hao hupelekwa nyumbani ambako nako sherehe hizo huendelea kufanyika 	0
/scratch/skscla001/experiments/datasets/swagen/audio/common_voice_sw_29791870.wav	mchezaji bora wa michuano ya kombe la dunia alikuwa varela wa uruguay 	0
/scratch/skscla001/experiments/datasets/swagen/audio/common_voice_sw_29752935.wav	kiko upande wa kusini magharibi wa kisiwa cha hao 	1
/scratch/skscla001/experiments/datasets/swagen/audio/common_voice_sw_30332523.wav	hivyo ni rahisi kutambua koo zao kulingana na miiko yao 	0
/scratch/skscla001/experiments/datasets/swagen/audio/common_voice_sw_29792696.wav	chelsea kwenye michuano ya ulaya walikuwa wanafanya vizuri 	0
/scratch/skscla001/experiments/datasets/swagen/audio/common_voice_sw_29936484.wav	wakati huo kamanda mpya mjerumani tom von prince alijenga boma jipya la wajerumani 	1
/scratch/skscla001/experiments/datasets/swagen/audio/common_voice_sw_35132538.wav	mheshimiwa samia aliteuliwa na aliyekuwa katibu mkuu wa umoja wa mataifa 	1
/scratch/skscla001/experiments/datasets/swagen/audio/common_voice_sw_28666334.wav	wamiliki wa watumwa walitoa zawadi kubwa kwa kurudi kwa watumwa wao 	0
/scratch/skscla001/experiments/datasets/swagen/audio/common_voice_sw_35161028.wav	watumwa waliouzwa wakawawezesha kununua bunduki nyingi 	0
/scratch/skscla001/experiments/datasets/swagen/audio/common_voice_sw_29789912.wav	moja ya hifadhi yenye makundi makubwa na mengi ya tembo kuliko hifadhi nyingine tanzania 	0
/scratch/skscla001/experiments/datasets/swagen/audio/common_voice_sw_37224114.wav	au maamuzi yanayotolewa kwa jina la cote de voire 	1
/scratch/skscla001/experiments/datasets/swagen/audio/common_voice_sw_35183952.wav	baada ya kumaliza kinywaji jacob alisimama na kuangalia picha za ofisini kwa bi anita 	0
/scratch/skscla001/experiments/datasets/swagen/audio/common_voice_sw_30437856.wav	alipojiunga na wapiganaji wa mujahideen kupigana na 	0
/scratch/skscla001/experiments/datasets/swagen/audio/common_voice_sw_34943126.wav	makundi mbalimbali ya mziki huo yakaanzishwa rasmi 	0
/scratch/skscla001/experiments/datasets/swagen/audio/common_voice_sw_29796076.wav	alipofika alikaribishwa katika kasri la alhasan ibn sulaiman abulmawahib 	1
/scratch/skscla001/experiments/datasets/swagen/audio/common_voice_sw_30351703.wav	kumtorosha inti wa kikurya ilikuwa ni kosa kubwa sana na unakuwa umekosea ukoo mzima 	0
/scratch/skscla001/experiments/datasets/swagen/audio/common_voice_sw_29915537.wav	baadae jengo la mgahawa huu maarufu lilitumika kama hospitali 	1
/scratch/skscla001/experiments/datasets/swagen/audio/common_voice_sw_30028589.wav	amin alijibu kwa kubomoa miji ya tanzania na kusafisha jeshi la akoli 	0
/scratch/skscla001/experiments/datasets/swagen/audio/common_voice_sw_30143697.wav	mfanyabiashara kutoka morocco ibn batuta aliyefika hapo 	0
/scratch/skscla001/experiments/datasets/swagen/audio/common_voice_sw_30195876.wav	mhusika ni mtu mashuhuri na mwenye wadhifa mkubwa katika nyanja ya ulinzi na usalama 	0
/scratch/skscla001/experiments/datasets/swagen/audio/common_voice_sw_30117890.wav	mpaka saa kumi na moja alfajiri bibi harusi atakapowasili 	1
/scratch/skscla001/experiments/datasets/swagen/audio/common_voice_sw_30138136.wav	hivyo basi kwa waluguru baba hutoa jina na mama hutoa ukoo 	0
/scratch/skscla001/experiments/datasets/swagen/audio/common_voice_sw_30052079.wav	umoja wa kisovyeti zilianzisha mahusiano ya kirafiki na serikali mpya ya zanzibar 	0
/scratch/skscla001/experiments/datasets/swagen/audio/common_voice_sw_36036546.wav	bonde la mto la amazon pia linajulikana 	1
/scratch/skscla001/experiments/datasets/swagen/audio/common_voice_sw_30635647.wav	party walipewa nafasi serikalini kufikia machi okello 	1
/scratch/skscla001/experiments/datasets/swagen/audio/common_voice_sw_29463079.wav	kwa sababu ya kazi ya baba yake al badawi aliishi katika miji kadhaa tofauti 	0
/scratch/skscla001/experiments/datasets/swagen/audio/common_voice_sw_30052687.wav	mke wake wa pili ni bibi ashura binti maisara 	0
/scratch/skscla001/experiments/datasets/swagen/audio/common_voice_sw_34906690.wav	hadi mwaka elfu moja mia nane tisini na tatu 	0
/scratch/skscla001/experiments/datasets/swagen/audio/common_voice_sw_34598133.wav	kutoka pwani hadi pale msafara ulipolenga hata ziwa 	0
/scratch/skscla001/experiments/datasets/swagen/audio/common_voice_sw_30514862.wav	wajita wengi wanaozungumza lahaja ya kikwaya ni wakatoliki 	1
/scratch/skscla001/experiments/datasets/swagen/audio/common_voice_sw_29787714.wav	watalii wa hifadhi ya arusha wanavutiwa kupanda farasi kuzungaka ndani ya hifadhi 	1
/scratch/skscla001/experiments/datasets/swagen/audio/common_voice_sw_30527537.wav	jasiri na maarufu marehemu mchungaji nathanaeli mgaya 	0
/scratch/skscla001/experiments/datasets/swagen/audio/common_voice_sw_28666522.wav	njia nyeupe inapita eneo lake 	0
/scratch/skscla001/experiments/datasets/swagen/audio/common_voice_sw_29797106.wav	hivi majuzi wamasai wamekuwa wakitegemea vyakula kutoka maeneo mengine 	0
/scratch/skscla001/experiments/datasets/swagen/audio/common_voice_sw_30108209.wav	milima ya samya na ile milima ya sangaiwe 	0
/scratch/skscla001/experiments/datasets/swagen/audio/common_voice_sw_35989418.wav	nyinyi ni watoto wa maria 	1
/scratch/skscla001/experiments/datasets/swagen/audio/common_voice_sw_30048013.wav	kama yataachwa bila kutibiwa magonjwa hayo yanaweza kusababisha maumivu makali 	0
/scratch/skscla001/experiments/datasets/swagen/audio/common_voice_sw_28662077.wav	kwa jumla watu walifanya kazi kwa kushirikiana bila ubaguzi wala matabaka 	1
/scratch/skscla001/experiments/datasets/swagen/audio/common_voice_sw_35182125.wav	tunaweza kujibu swali hili kwa msaada wao 	0
/scratch/skscla001/experiments/datasets/swagen/audio/common_voice_sw_28584842.wav	mahakama pia inatoa mfumo wa kutatua migogoro 	0
/scratch/skscla001/experiments/datasets/swagen/audio/common_voice_sw_28681404.wav	hapa alishiriki katika jitihada za kubuni mavazi ya kitaifa ya tanganyika 	1
/scratch/skscla001/experiments/datasets/swagen/audio/common_voice_sw_30181636.wav	ripoti hizo awali hazikuushtua uongozi wa jeshi la tanzania 	1
/scratch/skscla001/experiments/datasets/swagen/audio/common_voice_sw_30110805.wav	kenya pia imetawala voliboli ya wanawake barani afrika 	0
/scratch/skscla001/experiments/datasets/swagen/audio/common_voice_sw_30577567.wav	haki ya mageuzi haina misingi ya kisheria ya kubadili tabia ama mawazo 	1
/scratch/skscla001/experiments/datasets/swagen/audio/common_voice_sw_35099082.wav	kwa hoja za tibaijuka kwa mfano chato kama wilaya kwa sasa 	0
/scratch/skscla001/experiments/datasets/swagen/audio/common_voice_sw_29922947.wav	hifadhi hii ina ukubwa wa kilomita za mraba mia saba hamsini na tano 	0
/scratch/skscla001/experiments/datasets/swagen/audio/common_voice_sw_29791402.wav	vivutio vikubwa vya utalii duniani mara nyingi 	0
/scratch/skscla001/experiments/datasets/swagen/audio/common_voice_sw_30026376.wav	bara la maasai lina mbuga ya wanyama bora zaidi afrika mashariki 	1
/scratch/skscla001/experiments/datasets/swagen/audio/common_voice_sw_36384314.wav	kipindi cha kutazamana risasi yalifyatuliwa wanamgambo nane 	1
/scratch/skscla001/experiments/datasets/swagen/audio/common_voice_sw_30566752.wav	raisi kikwete alikuwa ni mtu wa watu 	0
/scratch/skscla001/experiments/datasets/swagen/audio/common_voice_sw_36386568.wav	los angeles na chicago marekani ni nchi iliyoendelea na yenye 	1
/scratch/skscla001/experiments/datasets/swagen/audio/common_voice_sw_30143813.wav	waitalia walianza kushambulia ugiriki na jeshi la waingereza 	1
/scratch/skscla001/experiments/datasets/swagen/audio/common_voice_sw_37229703.wav	usisahau kwamba pele ni mmoja kati ya wachezaji wanne duniani 	1
/scratch/skscla001/experiments/datasets/swagen/audio/common_voice_sw_30671089.wav	iko tanzania katika mkoa wa katavi zamani rukwa 	1
/scratch/skscla001/experiments/datasets/swagen/audio/common_voice_sw_29699104.wav	kwa kuwa tu viungo vya mwili wake 	0
/scratch/skscla001/experiments/datasets/swagen/audio/common_voice_sw_30574979.wav	manchester united ilijitutumua wakatoaka 	0
/scratch/skscla001/experiments/datasets/swagen/audio/common_voice_sw_30306439.wav	uhasama mkubwa wa kisiasa kati yake na makada wenzake 	1
/scratch/skscla001/experiments/datasets/swagen/audio/common_voice_sw_30176740.wav	akiwa na maslahi binafsi huku wakazidi kumlaumu kwa kufanya hivyo 	0
/scratch/skscla001/experiments/datasets/swagen/audio/common_voice_sw_29898087.wav	alifanya masomo ya mawasiliano ya jamii katika taasisi ya mafunzo ya jamii nyegezi mwanza 	1
/scratch/skscla001/experiments/datasets/swagen/audio/common_voice_sw_30381662.wav	mchezo wa soka unafuatiliwa sana na watu wengi ulimwenguni 	0
/scratch/skscla001/experiments/datasets/swagen/audio/common_voice_sw_29815917.wav	nyama pia ingawa ni chakula muhimu na huliwa kwa nadra sana 	1
/scratch/skscla001/experiments/datasets/swagen/audio/common_voice_sw_30194950.wav	cristiano ronaldo aliibuka mfungaji bora 	0
/scratch/skscla001/experiments/datasets/swagen/audio/common_voice_sw_30379824.wav	maeneo yenye historia kama kilwa kisiwani na bagamoyo 	0
/scratch/skscla001/experiments/datasets/swagen/audio/common_voice_sw_30654315.wav	watu wanaojidunga dawa za kulevya 	1
/scratch/skscla001/experiments/datasets/swagen/audio/common_voice_sw_30623789.wav	tundu antiphas mughwai lissu ni mwanasiasa wa chama cha demokrasia na maendeleo nchini tanzania 	0
/scratch/skscla001/experiments/datasets/swagen/audio/common_voice_sw_30634573.wav	sheikh abeid amani karume anasalia kukumbukwa kuwa rais wa kwanza wa nchi hiyo 	1
/scratch/skscla001/experiments/datasets/swagen/audio/common_voice_sw_29978863.wav	mabaharia wa mali walikanyaga aridhi miaka ya mia moja na themanini na moja 	1
/scratch/skscla001/experiments/datasets/swagen/audio/common_voice_sw_30021970.wav	hicho baada ya kutokukubaliana na itikadi za ujamaa za nyerere 	1
/scratch/skscla001/experiments/datasets/swagen/audio/common_voice_sw_30582880.wav	rasilimali madini ya aina mbalimbali kutoka pembezoni mwa bahari 	1
/scratch/skscla001/experiments/datasets/swagen/audio/common_voice_sw_35118951.wav	yule aliyejiuzulu na sasa hivi waziri mkuu mwengine yupi 	0
/scratch/skscla001/experiments/datasets/swagen/audio/common_voice_sw_37802415.wav	hali hatari zinazochangia ugonjwa huu 	0
/scratch/skscla001/experiments/datasets/swagen/audio/common_voice_sw_30654111.wav	uoto wa asilia umebaki pekee katika mabonde 	0
/scratch/skscla001/experiments/datasets/swagen/audio/common_voice_sw_30180515.wav	wasukuma mchanganyiko kutoka kahama na tabora 	1
/scratch/skscla001/experiments/datasets/swagen/audio/common_voice_sw_28681440.wav	maua ni meupe 	1
/scratch/skscla001/experiments/datasets/swagen/audio/common_voice_sw_29797418.wav	waasu wakaanza kuitwa wapare kwa maana ya wapige 	0
/scratch/skscla001/experiments/datasets/swagen/audio/common_voice_sw_30582780.wav	mpira umekua mchezo wenye kuingiza pesa nyingi sana duniani 	0
/scratch/skscla001/experiments/datasets/swagen/audio/common_voice_sw_29660320.wav	ndilo daraja kubwa katika afrika ya mashariki 	1
/scratch/skscla001/experiments/datasets/swagen/audio/common_voice_sw_28962066.wav	sawa na suala la ugonjwa hakuna elezo kamili kuhusu hali ya afya 	0
/scratch/skscla001/experiments/datasets/swagen/audio/common_voice_sw_35437612.wav	rais hussein mwinyi aliingia katika kinyanganyiro cha kugombea kiti cha urais wa zanzibar 	0
/scratch/skscla001/experiments/datasets/swagen/audio/common_voice_sw_35105404.wav	elfu moja mia tisa sabini na sita wazazi wake walimpa jina la joseph mayanja 	0
/scratch/skscla001/experiments/datasets/swagen/audio/common_voice_sw_28583544.wav	kanisa hilo lina pia jimbo la mt 	0
/scratch/skscla001/experiments/datasets/swagen/audio/common_voice_sw_34958448.wav	ni sloth tatu toed bradypus tridactylus ambayo 	0
/scratch/skscla001/experiments/datasets/swagen/audio/common_voice_sw_30337923.wav	uwezo wa kutibu kwa ufanisi magonjwa ya wanadamu na mifugo kwa wanadamu magonjwa 	0
/scratch/skscla001/experiments/datasets/swagen/audio/common_voice_sw_34798046.wav	dhidi ya maadui wanaoingia ksiwani hapo 	0
/scratch/skscla001/experiments/datasets/swagen/audio/common_voice_sw_29642753.wav	kila aina ina faida na hasara yake 	0
/scratch/skscla001/experiments/datasets/swagen/audio/common_voice_sw_30020558.wav	wadigo wanaoishi nchini tanzania waliwahi kuishi nchini kenya hasa maeneo ya magodi 	1
/scratch/skscla001/experiments/datasets/swagen/audio/common_voice_sw_30091466.wav	bargash na mfuasi wake khalifa bin said waliamua kuuza maeneo hayo au kuyakodisha 	1
/scratch/skscla001/experiments/datasets/swagen/audio/common_voice_sw_29947870.wav	chakula kikiwa kingi na kukuta mazingira mazuri wanakaa muda mrefu 	0
/scratch/skscla001/experiments/datasets/swagen/audio/common_voice_sw_31304600.wav	timu nyingi dar es salaam zilitegemea matawi ya simba 	1
/scratch/skscla001/experiments/datasets/swagen/audio/common_voice_sw_29424452.wav	wana miguu mirefu na shingo refu na wanapenda kuwa pamoja 	1
/scratch/skscla001/experiments/datasets/swagen/audio/common_voice_sw_29796625.wav	kiungo wa kushambulia wa wales gareth bale alikuwa shujaa 	1
/scratch/skscla001/experiments/datasets/swagen/audio/common_voice_sw_28583895.wav	hali hii inaweza kutokea hadi wiki sita baada ya kuzaa 	0
/scratch/skscla001/experiments/datasets/swagen/audio/common_voice_sw_36616429.wav	pamoja na wapagazi sabini na nne 	0
/scratch/skscla001/experiments/datasets/swagen/audio/common_voice_sw_30230223.wav	jokate anajibu akitabasamu kuwa majukumu na malengo ambayo yuko nayo hayampi nafasi ya kuhisi 	0
/scratch/skscla001/experiments/datasets/swagen/audio/common_voice_sw_37212056.wav	viongozi wa soka afrika mashariki na kati kuhakikisha kwamba wachezaji wanajua 	0
/scratch/skscla001/experiments/datasets/swagen/audio/common_voice_sw_30021117.wav	mjadala wa nani bora kati ya pele na maradona ufungwe kwa wote kupewa heshima 	1
/scratch/skscla001/experiments/datasets/swagen/audio/common_voice_sw_30629471.wav	tanzania ina vivutio vingi sana vya utalii 	0
/scratch/skscla001/experiments/datasets/swagen/audio/common_voice_sw_37097767.wav	ninachemsha maji lakini halafu ninasahau mara moja 	1
/scratch/skscla001/experiments/datasets/swagen/audio/common_voice_sw_37219304.wav	mtu ukishtakiwa unakwenda mahakamani na kujibu ma 	0
/scratch/skscla001/experiments/datasets/swagen/audio/common_voice_sw_30478320.wav	pia ipo halmashauri ya wilaya ya liwale na halmashauri ya manispaa ya lindi 	1
/scratch/skscla001/experiments/datasets/swagen/audio/common_voice_sw_29749154.wav	unaishia kwenye bahari ya atlantiki 	0
/scratch/skscla001/experiments/datasets/swagen/audio/common_voice_sw_29923733.wav	dakta jakaya mrisho kikwete alikuwa mbunge 	0
/scratch/skscla001/experiments/datasets/swagen/audio/common_voice_sw_30102191.wav	kutoka kabila ya kishujaa ya kikongo na kundi hili 	0
/scratch/skscla001/experiments/datasets/swagen/audio/common_voice_sw_30495079.wav	hawakuwa na elimu ya kutosha juu ya ukombozi wao na juu ya zile malighafi 	0
/scratch/skscla001/experiments/datasets/swagen/audio/common_voice_sw_34811055.wav	hisia na tabia huku wakitambua kwamba mabadiliko yoyote katika 	0
/scratch/skscla001/experiments/datasets/swagen/audio/common_voice_sw_30325702.wav	vile vile mkoa wa kagera upo kusini mwa ikweta 	0
/scratch/skscla001/experiments/datasets/swagen/audio/common_voice_sw_28748539.wav	aliunda taasisi ya utafiti wa kiafrika 	0
/scratch/skscla001/experiments/datasets/swagen/audio/common_voice_sw_35183988.wav	walianzisha shule za dini kwa ajili ya 	0
/scratch/skscla001/experiments/datasets/swagen/audio/common_voice_sw_30131782.wav	vitu vingi katika maisha vinaweza kujaribu kukuondoa kwenye malengo yako 	1
/scratch/skscla001/experiments/datasets/swagen/audio/common_voice_sw_30628724.wav	timu nyingi za bara la amerika kusini zilifanya vizuri kwenye mashindano 	1
/scratch/skscla001/experiments/datasets/swagen/audio/common_voice_sw_35123718.wav	jamhuri ya kiarabu waingereza waliacha nchi mikononi mwa mfalme 	0
/scratch/skscla001/experiments/datasets/swagen/audio/common_voice_sw_30326665.wav	awamu ya kwanza ya raisi mkapa iliisha 	0
/scratch/skscla001/experiments/datasets/swagen/audio/common_voice_sw_31787761.wav	hawakuweza kumgusa kwa wakati hule sheikh hassan alikuwa kwenye siasa kabla ya 	0
/scratch/skscla001/experiments/datasets/swagen/audio/common_voice_sw_29115705.wav	kipaji kinaweza kuwa cha kimwili au cha kiakili 	1
/scratch/skscla001/experiments/datasets/swagen/audio/common_voice_sw_30180867.wav	tembo na nyani pia wapo chui bila kusahau pundamilia na wanyama wengine wanaokula majani 	1
/scratch/skscla001/experiments/datasets/swagen/audio/common_voice_sw_35156889.wav	makamba alifanya kazi kwa karibu na mama samia 	0
/scratch/skscla001/experiments/datasets/swagen/audio/common_voice_sw_30124009.wav	baadhi ya hominid fossils kongwe hupatikana vilevile 	0
/scratch/skscla001/experiments/datasets/swagen/audio/common_voice_sw_30583021.wav	magonjwa ya zinaa ni miongoni mwa maambukizi yanayofahamika sana 	1
/scratch/skscla001/experiments/datasets/swagen/audio/common_voice_sw_28761023.wav	akiwa mwalimu alitunga kamusi kwa shule za msingi 	0
/scratch/skscla001/experiments/datasets/swagen/audio/common_voice_sw_30052328.wav	utamaduni na mila zao hufahamika sana katika suala la kucheza ngoma za asili 	0
/scratch/skscla001/experiments/datasets/swagen/audio/common_voice_sw_36385454.wav	mombasa tarehe kumi na nane mwezi wa nane mwaka elfu moja mia tisa sabini 	1
/scratch/skscla001/experiments/datasets/swagen/audio/common_voice_sw_37332013.wav	nchini iran na kuchochea uhasama wa miaka mingi kati ya mataifa hayo 	0
/scratch/skscla001/experiments/datasets/swagen/audio/common_voice_sw_31285714.wav	wazanzibari watano walipewa uwaziri kamili katika baraza la mawaziri 	0
/scratch/skscla001/experiments/datasets/swagen/audio/common_voice_sw_29596209.wav	hapa mhimili wa kati unaendelea kuwa uti wa mgongo 	0
/scratch/skscla001/experiments/datasets/swagen/audio/common_voice_sw_29791092.wav	simba na chui hawapatikani kwenye hifadhi ya gombe 	0
/scratch/skscla001/experiments/datasets/swagen/audio/common_voice_sw_37092666.wav	mimi ni mtu mstaarabu sana 	1
/scratch/skscla001/experiments/datasets/swagen/audio/common_voice_sw_29664188.wav	kikanisa lina majimbo ya bubanza na bururi chini yake 	0
/scratch/skscla001/experiments/datasets/swagen/audio/common_voice_sw_29390324.wav	roho mtakatifu si baba wala mwana 	0
/scratch/skscla001/experiments/datasets/swagen/audio/common_voice_sw_35160865.wav	ya serengeti au makao makuu ya shirika la hifadhi za taifa mjini arusha 	0
/scratch/skscla001/experiments/datasets/swagen/audio/common_voice_sw_30628155.wav	baada ya kurekodi albamu yake ya kwanza 	1
/scratch/skscla001/experiments/datasets/swagen/audio/common_voice_sw_34751043.wav	katika vitabu vyake na uinjilishaji uliendelea katika ulaya ya kati 	1
/scratch/skscla001/experiments/datasets/swagen/audio/common_voice_sw_29994057.wav	baadhi ya wasanii hao ni kama halima madiwa jacob steven sara mvungi na wengine 	1
/scratch/skscla001/experiments/datasets/swagen/audio/common_voice_sw_29895838.wav	messi alikuwa kwenye kikosi cha argentina kilichokuwa na mastaa kibao 	1
/scratch/skscla001/experiments/datasets/swagen/audio/common_voice_sw_35176700.wav	ili niheshimiwe 	0
/scratch/skscla001/experiments/datasets/swagen/audio/common_voice_sw_29797031.wav	edward ngoyai lowass ni mbunge wa bunge la tanzania jimbo la uchaguzi monduli 	0
/scratch/skscla001/experiments/datasets/swagen/audio/common_voice_sw_30007117.wav	mchezaji bora wa kombe la dunia alikuwa giasinto faccheff 	1
/scratch/skscla001/experiments/datasets/swagen/audio/common_voice_sw_29946984.wav	alianzisha misa takatifu za kila mwezi na kutenga chumba kikanisa 	0
/scratch/skscla001/experiments/datasets/swagen/audio/common_voice_sw_29174916.wav	alikuwa mkristo tena shemasi wa madhehebu ya kanisa la kiorthodoksi la ethiopia 	0
/scratch/skscla001/experiments/datasets/swagen/audio/common_voice_sw_30574587.wav	alipoandaa mkutano mkubwa wa chama chake uliozibadili 	1
/scratch/skscla001/experiments/datasets/swagen/audio/common_voice_sw_29753819.wav	kazi yake ni kulinda mfupa laini zaidi ya ndani 	0
/scratch/skscla001/experiments/datasets/swagen/audio/common_voice_sw_28582365.wav	albamu ilipata kushika nafasi ya kwanza kwenye cha za bora 	1
/scratch/skscla001/experiments/datasets/swagen/audio/common_voice_sw_28950307.wav	ni lugha rasmi mojawapo ya nchi ya nigeria 	0
/scratch/skscla001/experiments/datasets/swagen/audio/common_voice_sw_30527550.wav	aliteseka kwa muda wa miaka mitatu 	0
/scratch/skscla001/experiments/datasets/swagen/audio/common_voice_sw_36642940.wav	wafika huko chini 	0
/scratch/skscla001/experiments/datasets/swagen/audio/common_voice_sw_28690359.wav	wako alizaliwa nchini kenya 	1
/scratch/skscla001/experiments/datasets/swagen/audio/common_voice_sw_34940150.wav	mwingine ili kujikinga na jicho baya waturuki huvaa jicho la samawati 	0
/scratch/skscla001/experiments/datasets/swagen/audio/common_voice_sw_28584845.wav	hali kadhalika alisema maneno machache tu kuhusu ufalme wa kaskazini 	0
/scratch/skscla001/experiments/datasets/swagen/audio/common_voice_sw_35099299.wav	indi cha siasa cha kampeni kama hii baada ya hapo wanatuweka pembeni 	0
/scratch/skscla001/experiments/datasets/swagen/audio/common_voice_sw_30034722.wav	alizikwa mahali pa kuzaliwa kwake kijiji cha butiama 	0
/scratch/skscla001/experiments/datasets/swagen/audio/common_voice_sw_34890754.wav	mtu huyu alikuwa akiyalifanya shambulio hiyo katika eneo la wasafiri wanosubiri 	1
/scratch/skscla001/experiments/datasets/swagen/audio/common_voice_sw_34746480.wav	la misheni hizo lilikuwa kwamba liliambatana na uenezaji wa kijeshi wa 	1
/scratch/skscla001/experiments/datasets/swagen/audio/common_voice_sw_35442553.wav	za dopamini na serotonini ndani ya mfumo mzima wa sakiti ya uridhikaji 	0
/scratch/skscla001/experiments/datasets/swagen/audio/common_voice_sw_28259641.wav	mji ina idadi ya viwanda 	1
/scratch/skscla001/experiments/datasets/swagen/audio/common_voice_sw_30243091.wav	kuumwa kichwa kutetemeka na kuumwa mwili mzima 	0
/scratch/skscla001/experiments/datasets/swagen/audio/common_voice_sw_30653703.wav	ziwa eyasi lina upepo wa kasi kubwa takribani masaa ishirini na nne 	0
/scratch/skscla001/experiments/datasets/swagen/audio/common_voice_sw_30573583.wav	ndege wa kuvutia wanalipamba ziwa hilo wakiruka huku na kule 	0
/scratch/skscla001/experiments/datasets/swagen/audio/common_voice_sw_30539562.wav	hakuna timu bora kama barcelona ya miaka kumi iliyopita 	0
/scratch/skscla001/experiments/datasets/swagen/audio/common_voice_sw_30351741.wav	baadhi yao wametuhumiwa kwa kufanya unyama kaskazini mwa nchi 	0
/scratch/skscla001/experiments/datasets/swagen/audio/common_voice_sw_30574522.wav	chelsea inamtaja didier drogba kama mchezaji wao bora sana kwenye kikosi 	0
/scratch/skscla001/experiments/datasets/swagen/audio/common_voice_sw_30035419.wav	mwimbaji huyu alirekodi zaidi ya nyimbo mia tatu 	0
/scratch/skscla001/experiments/datasets/swagen/audio/common_voice_sw_30073794.wav	hivyo wageni na watu wengine waliwatambua watu wa maeneo hayo kuwa ni wadigo 	0
/scratch/skscla001/experiments/datasets/swagen/audio/common_voice_sw_35123626.wav	lakini akaachana na hayo mawazo kwa kuwa alihitaji kuongea na magreth 	0
/scratch/skscla001/experiments/datasets/swagen/audio/common_voice_sw_36375310.wav	ili kufikiautegemezi bandia wa dawa za kulevya 	1
/scratch/skscla001/experiments/datasets/swagen/audio/common_voice_sw_29811527.wav	uchaguzi wa vyama vingi vya kisiasa desemba mwaka elfumoja miatisa tisini na mbili 	0
/scratch/skscla001/experiments/datasets/swagen/audio/common_voice_sw_30224847.wav	mchakato uliopo hivi sasa ni makumbusho hayo kuchukuliwa kuwa ya kitaifa 	1
/scratch/skscla001/experiments/datasets/swagen/audio/common_voice_sw_37226285.wav	niliomba utakatifu 	1
/scratch/skscla001/experiments/datasets/swagen/audio/common_voice_sw_30024144.wav	wachaga kabila linalojulikana kwa kufanya biashara 	0
/scratch/skscla001/experiments/datasets/swagen/audio/common_voice_sw_28246343.wav	teknolojia yake ni karibu sawa na ya bunduki isipokuwa ni ndogo 	1
/scratch/skscla001/experiments/datasets/swagen/audio/common_voice_sw_37091755.wav	mbu wanaweza kusambaza virusi vya ukimwi 	1
/scratch/skscla001/experiments/datasets/swagen/audio/common_voice_sw_30020733.wav	lengo kubwa ni kuongeza ubora wa ligi yao 	1
/scratch/skscla001/experiments/datasets/swagen/audio/common_voice_sw_28973467.wav	iko kati ya milima ya alpi na bahari ya mediteranea 	1
/scratch/skscla001/experiments/datasets/swagen/audio/common_voice_sw_29240003.wav	kufunga ni moja ya nguzo tano za uislamu 	1
/scratch/skscla001/experiments/datasets/swagen/audio/common_voice_sw_36644275.wav	mbili huenda ikawa vigumu kuyathibitisha kwa sababu ya umbali wa maeneo ya vijiji vyao 	0
/scratch/skscla001/experiments/datasets/swagen/audio/common_voice_sw_35214535.wav	imejitolea kukuza ukuaji wa muda mrefu katika sekta za baharini na usafirishaji 	0
/scratch/skscla001/experiments/datasets/swagen/audio/common_voice_sw_37084717.wav	gharama ya kupunguza uchafuzi wa hewa ya kwanza ikiwa 	1
/scratch/skscla001/experiments/datasets/swagen/audio/common_voice_sw_36013666.wav	mkutano mkuu wa chama cha umoja wa kitaifa afrika 	1
/scratch/skscla001/experiments/datasets/swagen/audio/common_voice_sw_30368543.wav	katika jaribio la mapinduzi ambalo lilishindwa na jaribio hilo 	0
/scratch/skscla001/experiments/datasets/swagen/audio/common_voice_sw_29792013.wav	wakati wa kutembelea ni wakati wowote wa majira ya mwaka 	0
/scratch/skscla001/experiments/datasets/swagen/audio/common_voice_sw_29945675.wav	uhamiaji huu umeonyeshwa katika filamu na programu nyingi za televisheni 	1
/scratch/skscla001/experiments/datasets/swagen/audio/common_voice_sw_29898921.wav	mfungaji bora wa michuano ya alikuwa mkolombia 	1
/scratch/skscla001/experiments/datasets/swagen/audio/common_voice_sw_30180409.wav	mshambuliaji wa kimataifa wa uganda emmanuel okwi ameweka historia kubwa uwanja wa taifa 	1
/scratch/skscla001/experiments/datasets/swagen/audio/common_voice_sw_29884798.wav	pep guardiola alivyoenda ujerumani alianza kubadili mfumo 	1
/scratch/skscla001/experiments/datasets/swagen/audio/common_voice_sw_35161004.wav	kwa kilatini kinaitwa de trinitate alikiandika kilichukua muda mrefu kwa 	0
/scratch/skscla001/experiments/datasets/swagen/audio/common_voice_sw_29789779.wav	katika kitabu cha mwaka wa elfu moja mia nane tisini na nne 	0
/scratch/skscla001/experiments/datasets/swagen/audio/common_voice_sw_30379758.wav	kwa kuwa ilikuwa njia ya kuingia barani afrika mashariki 	1
/scratch/skscla001/experiments/datasets/swagen/audio/common_voice_sw_31266550.wav	alishinda tuzo ya mchezaji bora wa dunia mara tano 	0
/scratch/skscla001/experiments/datasets/swagen/audio/common_voice_sw_29791448.wav	hifadhi imeendelea kuhakikisha mazingira yanasimamiwa kikamilifu 	0
/scratch/skscla001/experiments/datasets/swagen/audio/common_voice_sw_29610082.wav	tabia muhimu za manowari ni kasi na kinga pamoja na uwezo wa kubeba silaha 	0
/scratch/skscla001/experiments/datasets/swagen/audio/common_voice_sw_30025954.wav	timu zinazoingia fainali mara mbili mfululizo zipewe sifa 	1
/scratch/skscla001/experiments/datasets/swagen/audio/common_voice_sw_31285830.wav	maeneo muhimu zaidi ya utalii ni miji 	0
/scratch/skscla001/experiments/datasets/swagen/audio/common_voice_sw_29655079.wav	hili kundi lilikuwa dogo zaidi 	0
/scratch/skscla001/experiments/datasets/swagen/audio/common_voice_sw_34756682.wav	maji taka yalielekezwa chini ya mitaro iliyofunikwa kando ya barabara kuu 	0
/scratch/skscla001/experiments/datasets/swagen/audio/common_voice_sw_29996189.wav	dume mmoja anapanda majike kati ya mawili hadi saba 	1
/scratch/skscla001/experiments/datasets/swagen/audio/common_voice_sw_35156112.wav	ninayopata ndiyo ninayoitumia kusafiri na gharama nyingine si tajiri lakini naishi kujisikia vizuri alisema 	0
/scratch/skscla001/experiments/datasets/swagen/audio/common_voice_sw_30182081.wav	kila mfadhili haina budi kuwa katika kundi linalolingana na umri wa mama au mtoto 	1
/scratch/skscla001/experiments/datasets/swagen/audio/common_voice_sw_35586802.wav	malenga amekuwa na kazi nyingi sana 	0
/scratch/skscla001/experiments/datasets/swagen/audio/common_voice_sw_37084977.wav	kuna vivutio kama vile mji mkongwe wa zanzibar 	1
/scratch/skscla001/experiments/datasets/swagen/audio/common_voice_sw_31467055.wav	messi alipoteza nafasi adimu ya kuvaa taji la ubingwa wa kombe la dunia 	1
/scratch/skscla001/experiments/datasets/swagen/audio/common_voice_sw_30561937.wav	mei kumi elfu moja mia tisa themanini na nane maalim self alikamatwa na polisi 	0
/scratch/skscla001/experiments/datasets/swagen/audio/common_voice_sw_37221800.wav	ugali huu ni mtamu sana 	0
/scratch/skscla001/experiments/datasets/swagen/audio/common_voice_sw_28877904.wav	yeye ni mwanamuziki mkongwe zaidi katika kundi la westlife la huko nchini ireland 	1
/scratch/skscla001/experiments/datasets/swagen/audio/common_voice_sw_30450842.wav	mangi shangali alitokea alitokea katika ukoo wa mushi kutoka machame 	1
/scratch/skscla001/experiments/datasets/swagen/audio/common_voice_sw_30629356.wav	zanzibar ni sehemu inayounda eneo la jamhuri 	1
/scratch/skscla001/experiments/datasets/swagen/audio/common_voice_sw_29796362.wav	ukandamizaji dhidi ya tabaka la watu walio na elimu zaidi 	1
/scratch/skscla001/experiments/datasets/swagen/audio/common_voice_sw_29944859.wav	ni mchezaji wa pili katika historia ya kupiga fainali mbili za kombe la mabingwa 	1
/scratch/skscla001/experiments/datasets/swagen/audio/common_voice_sw_37229917.wav	msema kweli mwadilifu mcha mungu na mtu ambaye anaamini katika vitendo kuliko manenosababu 	1
/scratch/skscla001/experiments/datasets/swagen/audio/common_voice_sw_29659990.wav	alimaliza elimu ya msingi na sekondari katika jimbo la delta 	0
/scratch/skscla001/experiments/datasets/swagen/audio/common_voice_sw_30572146.wav	nchi hizi za morocco na algeria pamoja na misri bila kuisahau libya 	0
/scratch/skscla001/experiments/datasets/swagen/audio/common_voice_sw_30624139.wav	tdege waliyobaki kwenye hifadhi wanapatikana kwenye misitu 	0
/scratch/skscla001/experiments/datasets/swagen/audio/common_voice_sw_29936391.wav	rais yoweri museveni wa uganda alitangaza mikakati kumi na moja 	1
/scratch/skscla001/experiments/datasets/swagen/audio/common_voice_sw_36386478.wav	ushiriki katika tume maalum ya kupitia katiba 	1
/scratch/skscla001/experiments/datasets/swagen/audio/common_voice_sw_36373493.wav	za mchezaji bora wa soka duniani ballon dor 	1
/scratch/skscla001/experiments/datasets/swagen/audio/common_voice_sw_37094858.wav	sambabmba na huyo dunia ilishuhudia kiongozi mwingine 	1
/scratch/skscla001/experiments/datasets/swagen/audio/common_voice_sw_30385691.wav	daraja la tatu au la chini lilikuwa na mabafu mawili tu 	1
/scratch/skscla001/experiments/datasets/swagen/audio/common_voice_sw_29982089.wav	ya vyungu vya zanzibar 	1
/scratch/skscla001/experiments/datasets/swagen/audio/common_voice_sw_30653538.wav	kabila hili ni la kibantu waliofika maeneo ya udigo 	0
/scratch/skscla001/experiments/datasets/swagen/audio/common_voice_sw_29787880.wav	michuano yote ya soka inapofanyika waandaaji wanatoa tuzo 	1
/scratch/skscla001/experiments/datasets/swagen/audio/common_voice_sw_29988535.wav	hufanya uamuzi wa kutoa elimu kwa vitendo na kuelekeza wananchi namna ya kulima 	1
/scratch/skscla001/experiments/datasets/swagen/audio/common_voice_sw_35183287.wav	mara nyingi watu wanaochaguliwa kwenye kazi hizi ni watu ambao watu wanao fahamu 	0
/scratch/skscla001/experiments/datasets/swagen/audio/common_voice_sw_36385831.wav	makubwa mno afya ya umma na kwa mazingirauhusiano kati ya 	1
/scratch/skscla001/experiments/datasets/swagen/audio/common_voice_sw_34917701.wav	kimsingi ni tofauti na njia ya sayansi ya 	0
/scratch/skscla001/experiments/datasets/swagen/audio/common_voice_sw_30323506.wav	jiji linamkakati wa kuhakikisha linatoa elimu ya kilimo 	1
/scratch/skscla001/experiments/datasets/swagen/audio/common_voice_sw_29216157.wav	zifuatazo ni orodha kamili ya nyimbo zinapatikana katika albamu hii 	0
/scratch/skscla001/experiments/datasets/swagen/audio/common_voice_sw_31415663.wav	hakuna mwalimu asiyetaka kuinoa barcelona 	1
/scratch/skscla001/experiments/datasets/swagen/audio/common_voice_sw_36388888.wav	anasonga ugali 	1
/scratch/skscla001/experiments/datasets/swagen/audio/common_voice_sw_29924504.wav	alipendwa na kukaribishwa na mwamududa kuishi kwake 	0
/scratch/skscla001/experiments/datasets/swagen/audio/common_voice_sw_36644239.wav	walakini si kama nitakavyo mimi bali utakavyo wewe 	0
/scratch/skscla001/experiments/datasets/swagen/audio/common_voice_sw_29997368.wav	mchanga unaohama bila upepo huko ngorongoro 	1
/scratch/skscla001/experiments/datasets/swagen/audio/common_voice_sw_35160921.wav	kuwa matokeo ya mabadiliko ya sinapti 	0
/scratch/skscla001/experiments/datasets/swagen/audio/common_voice_sw_37090167.wav	mingine kadhaa walisubiri serikali iwajengee shule nne ukichanganya sababu moja mbili na tatu utagundua 	0
/scratch/skscla001/experiments/datasets/swagen/audio/common_voice_sw_28584681.wav	hatari hii huweza kudumu kwa takriban miezi miwili 	0
/scratch/skscla001/experiments/datasets/swagen/audio/common_voice_sw_31406019.wav	kusaini huko kulitangazwa katika mkutano wa waandishi wa habari dar es salaam 	0
/scratch/skscla001/experiments/datasets/swagen/audio/common_voice_sw_30435922.wav	urefu wake wa kilomita mia mbili na tisini 	0
/scratch/skscla001/experiments/datasets/swagen/audio/common_voice_sw_30022076.wav	elimu hii iliwasaidia kupambana na changamoto za familia na kudumisha amani na upendo 	0
/scratch/skscla001/experiments/datasets/swagen/audio/common_voice_sw_29797769.wav	mapinduzi ya zanzibar yanaadhimishwa kila mwaka kama sikukuu ya taifa zima la tanzania 	0
/scratch/skscla001/experiments/datasets/swagen/audio/common_voice_sw_30653534.wav	pep guardiola akatwaa ubingwa wa uingereza 	0
/scratch/skscla001/experiments/datasets/swagen/audio/common_voice_sw_29915430.wav	wanyama milioni moja aina ya nyumbu 	1
/scratch/skscla001/experiments/datasets/swagen/audio/common_voice_sw_30638477.wav	japo ukifika tabora wilaya ya sikonge na urambo hasa yenye wanyamwezi 	1
/scratch/skscla001/experiments/datasets/swagen/audio/common_voice_sw_28660748.wav	unaweza kufanywa naye au na watu wengine kwa kibali chake au bila ya hicho 	1
/scratch/skscla001/experiments/datasets/swagen/audio/common_voice_sw_30470811.wav	tangu ugonjwa wa ukimwi ulipogunduliwa miaka ya elfu moja mia tisa na themanini 	1
/scratch/skscla001/experiments/datasets/swagen/audio/common_voice_sw_37090435.wav	zeno alijenga balcony iliyozuia maoni ya anthemius au zaidi ya kushinda mahakamani 	1
/scratch/skscla001/experiments/datasets/swagen/audio/common_voice_sw_30122633.wav	mgonjwa huambukizwa kwa kuumwa na mbu jike mwenye vimelea vya plasmodium 	0
/scratch/skscla001/experiments/datasets/swagen/audio/common_voice_sw_30115449.wav	wenger naye anahesabika kama kocha bora duniani 	1
/scratch/skscla001/experiments/datasets/swagen/audio/common_voice_sw_36373473.wav	mitume na la mababu utitiri wa madhehebu ya waprotestanti ndio wenye 	1
/scratch/skscla001/experiments/datasets/swagen/audio/common_voice_sw_28811702.wav	hata hivyo mbinu hii ina matatizo mengi na mafanikio yako mbali mno 	1
/scratch/skscla001/experiments/datasets/swagen/audio/common_voice_sw_35442443.wav	watatu waliomkaribia aliagiza kuwaua bila kuongea nao kumbe walikuwa mabalozi wa mkwawa aliyetaka kujadiliana 	0
/scratch/skscla001/experiments/datasets/swagen/audio/common_voice_sw_29792342.wav	utatalii huu unawavutia watafiti wa maswala ya anga 	0
/scratch/skscla001/experiments/datasets/swagen/audio/common_voice_sw_35156054.wav	waweza kutoka nje nizungumze na ali 	0
/scratch/skscla001/experiments/datasets/swagen/audio/common_voice_sw_30566632.wav	grace alikuwa mwanawake mrembo sana msumbiji nyakati zile 	0
/scratch/skscla001/experiments/datasets/swagen/audio/common_voice_sw_34833141.wav	babu amepotea 	0
/scratch/skscla001/experiments/datasets/swagen/audio/common_voice_sw_30117869.wav	nyanda za juu kaskazini katika mamlaka ya hifadhi ya ngorongoro 	1
/scratch/skscla001/experiments/datasets/swagen/audio/common_voice_sw_28699111.wav	lakini mara nyingi kuna uchaguzi bandia badala ya uchaguzi huru 	0
/scratch/skscla001/experiments/datasets/swagen/audio/common_voice_sw_30585431.wav	hali zilizozingira kuzuka kwa vita hazieleweki 	0
/scratch/skscla001/experiments/datasets/swagen/audio/common_voice_sw_28681018.wav	spishi nyingine hula mbegu hasa nyingine hula wadudu hasa 	1
/scratch/skscla001/experiments/datasets/swagen/audio/common_voice_sw_29432366.wav	asili ya jina haijulikani 	1
/scratch/skscla001/experiments/datasets/swagen/audio/common_voice_sw_30495139.wav	hatujawahi kubaguana kwa udini kabila wala rangi tulizonazo 	0
/scratch/skscla001/experiments/datasets/swagen/audio/common_voice_sw_29923675.wav	watu wenye uhitaji ndio wanaofanya mambo ya kushangaza katika jamii 	0
/scratch/skscla001/experiments/datasets/swagen/audio/common_voice_sw_28714506.wav	shirika la ndege la uingereza linatokana na shirika hili 	0
/scratch/skscla001/experiments/datasets/swagen/audio/common_voice_sw_30364125.wav	mourinho alipeleka soka la kujihami chelsea 	1
/scratch/skscla001/experiments/datasets/swagen/audio/common_voice_sw_30003898.wav	zidane akatoka juventus akajiunga real madrid 	0
/scratch/skscla001/experiments/datasets/swagen/audio/common_voice_sw_35176942.wav	kesho asubuhi nina kazi nyingi ya kufanya 	0
/scratch/skscla001/experiments/datasets/swagen/audio/common_voice_sw_28681622.wav	uwanja huu unapatikana huko cape town nchini afrika kusini 	1
/scratch/skscla001/experiments/datasets/swagen/audio/common_voice_sw_29959268.wav	ikumbukwe kwamba wadigo ni kabila linalojali na kuthamini mila na desturi zao kama chakula 	1
/scratch/skscla001/experiments/datasets/swagen/audio/common_voice_sw_30035202.wav	matumizi ya vidonge vya uzazi wa majira lilikuwa kosa kubwa 	0
/scratch/skscla001/experiments/datasets/swagen/audio/common_voice_sw_37086934.wav	ambapo afisa waji maji wa bonde ndiye katibu wa bodi hiyo 	1
/scratch/skscla001/experiments/datasets/swagen/audio/common_voice_sw_29589184.wav	ina matumizi muhimu kwa ujenzi na vifaa pia kama kuni kwa moto 	0
/scratch/skscla001/experiments/datasets/swagen/audio/common_voice_sw_37091426.wav	walihakikisha kwamba wahehe hawataingilia katika sehemu walizolenga 	1
/scratch/skscla001/experiments/datasets/swagen/audio/common_voice_sw_30568017.wav	mchezaji bora wa dunia mara tano cristiano ronaldo 	0
/scratch/skscla001/experiments/datasets/swagen/audio/common_voice_sw_37089548.wav	hasa mtu kama waziri mkuu nadhani 	1
/scratch/skscla001/experiments/datasets/swagen/audio/common_voice_sw_35582828.wav	hivyo aliuondoa uhuru katika nafasi ya kiongozi wa upinzani bungeni 	0
/scratch/skscla001/experiments/datasets/swagen/audio/common_voice_sw_35181722.wav	mwokozi atanitosha 	0
/scratch/skscla001/experiments/datasets/swagen/audio/common_voice_sw_31356607.wav	kiwango chake cha mchezo hakipungui na badala yake kinaongezeka kila uchao 	1
/scratch/skscla001/experiments/datasets/swagen/audio/common_voice_sw_36299712.wav	hadi kufika calicutndani ya bara hindi 	1
/scratch/skscla001/experiments/datasets/swagen/audio/common_voice_sw_35099626.wav	vilivyoitwa jihadi vilileta mateso mengi kwa wakristo katika nchi 	0
/scratch/skscla001/experiments/datasets/swagen/audio/common_voice_sw_35105712.wav	sherehe hii sisi nasherehekea baada ya kukamilika baada ya kuisha kwa ile hajj 	0
/scratch/skscla001/experiments/datasets/swagen/audio/common_voice_sw_30343093.wav	elfu moja mia nane na nne aliimarisha utawala wa omani 	0
/scratch/skscla001/experiments/datasets/swagen/audio/common_voice_sw_36807759.wav	awali mpinzani mkubwa bonny ayai adeehu benji 	1
/scratch/skscla001/experiments/datasets/swagen/audio/common_voice_sw_29393175.wav	makao makuu yapo mbeya mjini 	0
/scratch/skscla001/experiments/datasets/swagen/audio/common_voice_sw_35181960.wav	makazi yalijengwa katika visiwa vyote vya ulinzi 	0
/scratch/skscla001/experiments/datasets/swagen/audio/common_voice_sw_34824120.wav	na kusahau mazingira na hasa matatizo yanayomzunguka kwa wakati huo 	0
/scratch/skscla001/experiments/datasets/swagen/audio/common_voice_sw_35183804.wav	chukua hatua ambazo hazita tuadhiri na wakati huo huo 	0
/scratch/skscla001/experiments/datasets/swagen/audio/common_voice_sw_29978203.wav	wachezaji wanapotaka kuhama timu zao za awali 	1
/scratch/skscla001/experiments/datasets/swagen/audio/common_voice_sw_29799471.wav	vita hivyo vilitanguliwa na kuzorota kwa uhusiano kati ya uganda na tanzania 	0
/scratch/skscla001/experiments/datasets/swagen/audio/common_voice_sw_29791450.wav	vijana wanaweza wakaona ugumu kuwaambia wenzi wao kuwa wameambukizwa magonjwa ya zinaa 	0
/scratch/skscla001/experiments/datasets/swagen/audio/common_voice_sw_30241062.wav	katika afrika ya mashariki huko bagamoyo wakiona umuhimu 	0
/scratch/skscla001/experiments/datasets/swagen/audio/common_voice_sw_28582834.wav	papa gregori i aliandika juu yake sura moja ya kitabu cha majadiliano 	1
/scratch/skscla001/experiments/datasets/swagen/audio/common_voice_sw_34946674.wav	ramadhan machaku wa ubalozini camp area six morogoro tanzania 	0
/scratch/skscla001/experiments/datasets/swagen/audio/common_voice_sw_29422564.wav	imekuwa pia mila ya pekee kwenye kisiwa cha pemba tanzania 	1
/scratch/skscla001/experiments/datasets/swagen/audio/common_voice_sw_30382206.wav	baadhi ya mashabiki waliunga mkono kile alichokizungumza andy 	0
/scratch/skscla001/experiments/datasets/swagen/audio/common_voice_sw_30035937.wav	kabla ya kuingia kijiji cha sumbawanga alichokianzisha aliwataka wananchi waliomfuata watupe uchafu wote 	0
/scratch/skscla001/experiments/datasets/swagen/audio/common_voice_sw_29184756.wav	kufuatana na uainishaji wa lugha kitai pao iko katika kundi la kitai ya kusini magharibi 	1
/scratch/skscla001/experiments/datasets/swagen/audio/common_voice_sw_30567804.wav	watoto wote wanahesabiwa kuwa wa ukoo huo 	0
/scratch/skscla001/experiments/datasets/swagen/audio/common_voice_sw_29958418.wav	ni julius kambarage nyerere na robert gabriel mugabe 	1
/scratch/skscla001/experiments/datasets/swagen/audio/common_voice_sw_29748094.wav	kuna nyota nyingi katika eneo la kundinyota hili lakini zote si angavu sana 	0
/scratch/skscla001/experiments/datasets/swagen/audio/common_voice_sw_29938070.wav	mahojiano yanayochapishwa kwa muundo wa maswali na majibu ndiyo hasa huelimisha zaidi 	1
/scratch/skscla001/experiments/datasets/swagen/audio/common_voice_sw_29860918.wav	na mikoa mingine hadi rwanda na burundi watu hawa ilikuwa ngumu sana wao kukimbia 	0
/scratch/skscla001/experiments/datasets/swagen/audio/common_voice_sw_34748541.wav	ilivyo adhimishwa huko jijini bujumbura 	0
/scratch/skscla001/experiments/datasets/swagen/audio/common_voice_sw_28583177.wav	iko kaskazini mashariki mwa nchi 	1
/scratch/skscla001/experiments/datasets/swagen/audio/common_voice_sw_30326267.wav	ni silaha aina ya bunduki na vioo vya kujitazamia 	0
/scratch/skscla001/experiments/datasets/swagen/audio/common_voice_sw_30342714.wav	pamoja na vile vikosi vya mapinduzi nchini ghana 	1
/scratch/skscla001/experiments/datasets/swagen/audio/common_voice_sw_29470107.wav	watu wengine bilioni moja wanakadiriwa kukosa vitamini na madini 	1
/scratch/skscla001/experiments/datasets/swagen/audio/common_voice_sw_28306010.wav	pia yeye ni mwanachama wa shirika la kifalme la fasihi 	1
/scratch/skscla001/experiments/datasets/swagen/audio/common_voice_sw_36385914.wav	alipelekwa masomoni kwenye chuo cha kijeshi huko uchina wakati wa kurudi alipewa cheo cha 	1
/scratch/skscla001/experiments/datasets/swagen/audio/common_voice_sw_29797711.wav	mataifa mengi ulimwenguni hayana amani kama tanzania 	0
/scratch/skscla001/experiments/datasets/swagen/audio/common_voice_sw_30575008.wav	wakaazi wa eneo hili ni waluhya ambao wanategemea msitu huu 	0
/scratch/skscla001/experiments/datasets/swagen/audio/common_voice_sw_30122435.wav	wakati wa maji kupwa ndiyo kipindi kizuri cha kuona kisiwa hicho 	1
/scratch/skscla001/experiments/datasets/swagen/audio/common_voice_sw_35105465.wav	wewe ni daktari wa nini 	0
/scratch/skscla001/experiments/datasets/swagen/audio/common_voice_sw_30025046.wav	lakini kumbuka ni miongoni mwa vinara kwa darasa la saba mwalimu 	0
/scratch/skscla001/experiments/datasets/swagen/audio/common_voice_sw_29844119.wav	na ukoo wake ulitangazwa kwa jina lake anbalo ndilo lilitumika kama jina la ukoo 	1
/scratch/skscla001/experiments/datasets/swagen/audio/common_voice_sw_30080507.wav	mbuni anakimbia kuliko viumbe wote wenye miguu miwili 	0
/scratch/skscla001/experiments/datasets/swagen/audio/common_voice_sw_28670315.wav	jike ni mkubwa kidogo kuliko dume lakini dume ana pembe fupi na nyembamba 	1
/scratch/skscla001/experiments/datasets/swagen/audio/common_voice_sw_29793039.wav	nchi za afrika mashariki zilianzisha umoja wao 	0
/scratch/skscla001/experiments/datasets/swagen/audio/common_voice_sw_30332155.wav	mchimbaji mdogo wa madini hayo laizer kuryani amefanikiwa kupata mawe mawili makubwa 	0
/scratch/skscla001/experiments/datasets/swagen/audio/common_voice_sw_35525897.wav	na ameweza kufanya miaka miwili na miezi sita 	0
/scratch/skscla001/experiments/datasets/swagen/audio/common_voice_sw_30264477.wav	amin alipata sifa ya ukatili alikuwa karibu akizuia mara kadhaa kwa ukatili mkali 	0
/scratch/skscla001/experiments/datasets/swagen/audio/common_voice_sw_28993473.wav	pamoja na hayo mwenyewe aliendelea kutunga vitabu mbalimbali 	1
/scratch/skscla001/experiments/datasets/swagen/audio/common_voice_sw_30022709.wav	jakaya kikwete alipendwa sana na wananchi wa tanzania 	0
/scratch/skscla001/experiments/datasets/swagen/audio/common_voice_sw_30007221.wav	mbalimbali lakini hasa majeruhi wa vita na kizazi chake ndicho kinachoendelea kutibu 	1
/scratch/skscla001/experiments/datasets/swagen/audio/common_voice_sw_29869255.wav	mwanawe amin hussein alisema babake alizaliwa kampala 	1
/scratch/skscla001/experiments/datasets/swagen/audio/common_voice_sw_36014039.wav	ya mapenzi lakini sijaingia studio sasa hii naihisi inachukua chati kwa sababu 	1
/scratch/skscla001/experiments/datasets/swagen/audio/common_voice_sw_31590673.wav	hadi mwaka wa elfu moja na mia saba alitawala ruhinda wa tano 	0
/scratch/skscla001/experiments/datasets/swagen/audio/common_voice_sw_35425428.wav	li kuweza kukabiliana na mlipuko wa ugonjwa wa kipindupindu 	0
/scratch/skscla001/experiments/datasets/swagen/audio/common_voice_sw_35157567.wav	ulipata chanjo lini 	0
/scratch/skscla001/experiments/datasets/swagen/audio/common_voice_sw_28584802.wav	jina hili hutumika pia kwa manyasi marefu yoyote ya maji 	0
/scratch/skscla001/experiments/datasets/swagen/audio/common_voice_sw_30196710.wav	mchezo wa mpira wa miguu unavutia sana kutazama 	0
/scratch/skscla001/experiments/datasets/swagen/audio/common_voice_sw_29960695.wav	mashamba hayo hayawezi kudumisha idadi kubwa ya wanyama 	0
/scratch/skscla001/experiments/datasets/swagen/audio/common_voice_sw_28663142.wav	leo hii usafiri wa mizigo unapita katika mfereji wa panama 	1
/scratch/skscla001/experiments/datasets/swagen/audio/common_voice_sw_29790679.wav	amin alifanikiwa kugombana na majirani zake wa karibu 	0
/scratch/skscla001/experiments/datasets/swagen/audio/common_voice_sw_30419851.wav	yasiyopungua laki mbili na nusu kwa siku moja 	1
/scratch/skscla001/experiments/datasets/swagen/audio/common_voice_sw_29216028.wav	yeye huishi na hufanya mazoezi yake ya mbio ngong karibu na jiji la nairobi 	0
/scratch/skscla001/experiments/datasets/swagen/audio/common_voice_sw_35279643.wav	nchi tofauti wacha tumaini kwamba mwishowe waturuki wa 	0
/scratch/skscla001/experiments/datasets/swagen/audio/common_voice_sw_29846073.wav	kujamiiana ndiyo njia hasa ya maambukizi ya virusi hivi 	1
/scratch/skscla001/experiments/datasets/swagen/audio/common_voice_sw_35221639.wav	wa tegetero na hega akiongoza utawala wa uluguru kusini akiwa na makao yake bwakila 	0
/scratch/skscla001/experiments/datasets/swagen/audio/common_voice_sw_28733241.wav	wanatokea misitu ya afrika kusini kwa sahara 	0
/scratch/skscla001/experiments/datasets/swagen/audio/common_voice_sw_37217580.wav	makubwa anatufundisha kutoangalia ukristo kama sheria au amri tu 	0
/scratch/skscla001/experiments/datasets/swagen/audio/common_voice_sw_30114387.wav	cristiano ronaldo wa madrid yake hawakufua dafu 	1
/scratch/skscla001/experiments/datasets/swagen/audio/common_voice_sw_37225206.wav	kwa yakisaidiwa na mji wa kigali na wengine 	1
/scratch/skscla001/experiments/datasets/swagen/audio/common_voice_sw_30581863.wav	mahale ni hifadhi yenye historia ya kuwa makazi ya jamii adimu za sokwe 	0
/scratch/skscla001/experiments/datasets/swagen/audio/common_voice_sw_35224165.wav	yenye uraibu miongoni mwa vijanahii leo ikiwa ni siku ya kupiga vita matumizi 	1
/scratch/skscla001/experiments/datasets/swagen/audio/common_voice_sw_28695160.wav	ndoa ya wakristo ni sakramenti ya yesu na kanisa lake 	1
/scratch/skscla001/experiments/datasets/swagen/audio/common_voice_sw_29956177.wav	nakumbuka ilifikia hatua majangili yalianza kutumia sumu kuua wanyama 	1
/scratch/skscla001/experiments/datasets/swagen/audio/common_voice_sw_34598097.wav	vitatoa mawasiliano ya pande mbili baina ya serikali na watu 	0
/scratch/skscla001/experiments/datasets/swagen/audio/common_voice_sw_30026484.wav	msimu uliopita jose mourinho alifukuzwa tottenham 	1
/scratch/skscla001/experiments/datasets/swagen/audio/common_voice_sw_34943093.wav	na kuandika zaidi ukweli wa kuvutia kuhusu uturuki na waturuki 	0
/scratch/skscla001/experiments/datasets/swagen/audio/common_voice_sw_29797047.wav	magofu mengi yapo katika hifadhi ya mji mkongwe wa bagamoyo 	1
/scratch/skscla001/experiments/datasets/swagen/audio/common_voice_sw_31406167.wav	asiyekia la mkuu huvunyika guu 	0
/scratch/skscla001/experiments/datasets/swagen/audio/common_voice_sw_29794165.wav	lakini wafanayakazi wa mashamaba haya walikuwa ni wenyeji 	0
/scratch/skscla001/experiments/datasets/swagen/audio/common_voice_sw_36067370.wav	takasa maisha yangu 	1
/scratch/skscla001/experiments/datasets/swagen/audio/common_voice_sw_30020861.wav	uchaguzi wa vyama vingi ni mzuri kwenye demokrasia 	1
/scratch/skscla001/experiments/datasets/swagen/audio/common_voice_sw_28259031.wav	hiki ni chombo kikuu kabisa cha utawala wa kijiji 	1
/scratch/skscla001/experiments/datasets/swagen/audio/common_voice_sw_35103516.wav	ii nyingi hazili matunda na mboga mboga kwa hivyo huyo mtu hawezi kuna na 	0
/scratch/skscla001/experiments/datasets/swagen/audio/common_voice_sw_29368612.wav	kundi la raila likawa kubwa zaidi 	0
/scratch/skscla001/experiments/datasets/swagen/audio/common_voice_sw_36013795.wav	kwakiasi kikubwa kuenea kwa lugha hii nchini 	1
/scratch/skscla001/experiments/datasets/swagen/audio/common_voice_sw_29896938.wav	hushughulika pia ukubwa na usambazaji wa faida kutoka kwenye biashara 	1
/scratch/skscla001/experiments/datasets/swagen/audio/common_voice_sw_30671226.wav	inayokamilisha jumla ya halamashauri nane za mkoa wa dodoma 	1
/scratch/skscla001/experiments/datasets/swagen/audio/common_voice_sw_30378756.wav	hakuna timu iliyowahi kushinda ubingwa wa ujerumani 	0
/scratch/skscla001/experiments/datasets/swagen/audio/common_voice_sw_36299567.wav	uweze kupambana vema na maradhi yatakayoharibu kinga za mwili 	1
/scratch/skscla001/experiments/datasets/swagen/audio/common_voice_sw_30180944.wav	ada yake kwa mtu wa miaka kumi na sita na kuendelea 	1
/scratch/skscla001/experiments/datasets/swagen/audio/common_voice_sw_28582433.wav	mipaka mingine ni ya ghuba ya uajemi 	1
/scratch/skscla001/experiments/datasets/swagen/audio/common_voice_sw_34763141.wav	alionwa kama mtu asiyejiweza kwa kuwa hakuwa na mali wala nguvu 	1
/scratch/skscla001/experiments/datasets/swagen/audio/common_voice_sw_35132630.wav	eza nishati mwilini na hilo huchangia mtu kuwa na uzito 	1
/scratch/skscla001/experiments/datasets/swagen/audio/common_voice_sw_30004622.wav	palikuwa na biashara kiasi samaki na chumvi 	0
/scratch/skscla001/experiments/datasets/swagen/audio/common_voice_sw_29923596.wav	ilitungwa sheria ya usalama wa raia ilyopelekea kupigwa marufuku 	0
/scratch/skscla001/experiments/datasets/swagen/audio/common_voice_sw_35099877.wav	neno kujiuzulu tumesikia watu wengi wakiwa wamejiuzulu kipindi cha nyuma 	0
/scratch/skscla001/experiments/datasets/swagen/audio/common_voice_sw_36389899.wav	china ina eneo la kilomita za mraba 	1
/scratch/skscla001/experiments/datasets/swagen/audio/common_voice_sw_28682744.wav	asili na maana ya jina la mto haijulikani 	1
/scratch/skscla001/experiments/datasets/swagen/audio/common_voice_sw_29790106.wav	kijiografia inaendelea ndani ya kenya inapoitwa hifadhi ya masai mara 	0
/scratch/skscla001/experiments/datasets/swagen/audio/common_voice_sw_36945694.wav	inatoa wito wa kuzingatia jukumu muhimu la waandishi wa habari 	1
/scratch/skscla001/experiments/datasets/swagen/audio/common_voice_sw_29915693.wav	serikali imeanzisha kampeni kama tanzania isiyo sahaulika ili utalii 	1
/scratch/skscla001/experiments/datasets/swagen/audio/common_voice_sw_30209768.wav	mdomo wa nyangumi unaweza kuhifazi tani tisini za chakula na maji akiufumbua mdomo wake 	1
/scratch/skscla001/experiments/datasets/swagen/audio/common_voice_sw_29997361.wav	wamasai wa tanzania walifukuzwa kutoka ardhi yenye rutuba 	1
/scratch/skscla001/experiments/datasets/swagen/audio/common_voice_sw_30098008.wav	kwa upande wa vijana huku ndiko maombolezo 	0
/scratch/skscla001/experiments/datasets/swagen/audio/common_voice_sw_28582893.wav	milo iliyotengenezwa nje ya australia hutengenezwa tofauti ili kutumika kwa urahisi 	1
/scratch/skscla001/experiments/datasets/swagen/audio/common_voice_sw_34947086.wav	kifo cha seyyid barghash kilimleta kwenye kiti cha usultan seyyid khalifa 	0
/scratch/skscla001/experiments/datasets/swagen/audio/common_voice_sw_35439235.wav	weza kuwa katika hali ya kuweza kudhibiti bunge hilo 	0
/scratch/skscla001/experiments/datasets/swagen/audio/common_voice_sw_28683149.wav	kuna miezi minne ambako jotoridi iko juu ya sentigredi sifuri 	1
/scratch/skscla001/experiments/datasets/swagen/audio/common_voice_sw_30197488.wav	milima mitatu inaonekana kama vilele vitatu vya mlima mmoja 	0
/scratch/skscla001/experiments/datasets/swagen/audio/common_voice_sw_31304381.wav	muogeleaji pia alicheza rugby kwa uwezo wa hali ya juu 	1
/scratch/skscla001/experiments/datasets/swagen/audio/common_voice_sw_37084267.wav	maalim seif mgombea wa chama kipya cha wazalendo 	0
/scratch/skscla001/experiments/datasets/swagen/audio/common_voice_sw_29762596.wav	iko kando ya mto rhine 	1
/scratch/skscla001/experiments/datasets/swagen/audio/common_voice_sw_34943415.wav	liandikwalo ndiyo liwalo 	0
/scratch/skscla001/experiments/datasets/swagen/audio/common_voice_sw_30176377.wav	mji wa mto wa mbu ni maarufu kwa shughuli za kiutalii 	0
/scratch/skscla001/experiments/datasets/swagen/audio/common_voice_sw_30162240.wav	licha ya kuweka utaratibu wa kumuaga hayati magufuli 	1
/scratch/skscla001/experiments/datasets/swagen/audio/common_voice_sw_28980701.wav	mji uko kando ya bahari ya mediteranea 	1
/scratch/skscla001/experiments/datasets/swagen/audio/common_voice_sw_30327114.wav	bustani ambayo watalii wanaweza kuwaona wanyamapori kwa usalama mkubwa 	0
/scratch/skscla001/experiments/datasets/swagen/audio/common_voice_sw_30634755.wav	ivory coast ilikuwana kikosi cha dhahabu 	1
/scratch/skscla001/experiments/datasets/swagen/audio/common_voice_sw_31285479.wav	zile malighafi walizovuna katika ardhi ya afrika ziliwemo dhahabu na almasi 	0
/scratch/skscla001/experiments/datasets/swagen/audio/common_voice_sw_29969683.wav	mtindo huo wa biashara ulianza kuhusisha watu wa rika tofauti 	0
/scratch/skscla001/experiments/datasets/swagen/audio/common_voice_sw_34597078.wav	ni salum alfan baruan 	0
/scratch/skscla001/experiments/datasets/swagen/audio/common_voice_sw_30717877.wav	sheria nambari tatu ya vyama vya wafanyakazi 	0
/scratch/skscla001/experiments/datasets/swagen/audio/common_voice_sw_30577693.wav	zipo nadharia kadha wa kadha zinazoeleza asili ya wagweno 	1
/scratch/skscla001/experiments/datasets/swagen/audio/common_voice_sw_34958931.wav	rais lauren badbo wa cote de voire azidi kutunisha misuli 	0
/scratch/skscla001/experiments/datasets/swagen/audio/common_voice_sw_37226172.wav	uchunguzi wa ripoti hiyo sasa itawakilishwa mbele ya bunge la nchi hiyo 	0
/scratch/skscla001/experiments/datasets/swagen/audio/common_voice_sw_36383743.wav	madawa ya kulevya baada ya kuwa yametumiwa na mtu yeyote hupunguza 	1
/scratch/skscla001/experiments/datasets/swagen/audio/common_voice_sw_30654004.wav	huu ni utambulisho ambao haukufananishwa ama kuitwa kwa jina la kabila fulani 	0
/scratch/skscla001/experiments/datasets/swagen/audio/common_voice_sw_35103886.wav	leo ni siku nzuri sana 	0
/scratch/skscla001/experiments/datasets/swagen/audio/common_voice_sw_29938392.wav	alikuwa na urefu wa sentimita mia moja na tisini 	1
/scratch/skscla001/experiments/datasets/swagen/audio/common_voice_sw_31996897.wav	alipoenda kwa shehe kushtukia magonjwa ake alipewa kombe anywe ili apone 	0
/scratch/skscla001/experiments/datasets/swagen/audio/common_voice_sw_29887572.wav	kila ukoo ulijigamba kwa kutumia majina ya wanyama na wadudu 	1
/scratch/skscla001/experiments/datasets/swagen/audio/common_voice_sw_35103763.wav	hakuna mtu alijua kama ingewezekana kumfufua marehemu mzee suluhu 	0
/scratch/skscla001/experiments/datasets/swagen/audio/common_voice_sw_29789366.wav	kusini wapo wadakama hawa wanaweza kuwa shinyanga ama tabora 	0
/scratch/skscla001/experiments/datasets/swagen/audio/common_voice_sw_29898406.wav	akaamua kuukabidhi utawala wake kwa mjukuu ambaye 	1
/scratch/skscla001/experiments/datasets/swagen/audio/common_voice_sw_29795595.wav	kaunda alitangazwa kuwa raia wa nchi ya kigeni yaani msumbiji 	1
/scratch/skscla001/experiments/datasets/swagen/audio/common_voice_sw_28735840.wav	mashirika yasiyo ya kiserikali yako kwenye ngazi ya miji maeneo kitaifa na kimataifa 	1
/scratch/skscla001/experiments/datasets/swagen/audio/common_voice_sw_29935617.wav	rais wa croatia alihimiza mashabiki wa nchi yake kushangilia timu yao 	1
/scratch/skscla001/experiments/datasets/swagen/audio/common_voice_sw_37083310.wav	ana uzoefu kwa kusema uongo 	1
/scratch/skscla001/experiments/datasets/swagen/audio/common_voice_sw_28703835.wav	awali ilikuwa ni hifadhi ya misitu kabla ya kutangazwa kama mbuga ya kitaifa 	0
/scratch/skscla001/experiments/datasets/swagen/audio/common_voice_sw_30025846.wav	hii ni kutokana na kukosa chakula wakiwa njiani 	0
/scratch/skscla001/experiments/datasets/swagen/audio/common_voice_sw_29941771.wav	mji huu wa bagamoyo upo mkoani pwani katika mwambao wa bahari 	1
/scratch/skscla001/experiments/datasets/swagen/audio/common_voice_sw_37225431.wav	chakula anachokula kima punju hula maganda ya matunda 	0
/scratch/skscla001/experiments/datasets/swagen/audio/common_voice_sw_29580259.wav	kaskazini mwa nchi hakuna bonde kubwa la kati 	0
/scratch/skscla001/experiments/datasets/swagen/audio/common_voice_sw_36013473.wav	katika imani za kimaasai inaaminika kuwa wanaweza kugundua magonjwa na sababu za mikosi 	1
/scratch/skscla001/experiments/datasets/swagen/audio/common_voice_sw_29981547.wav	wananchi wengi walisikitikam kupoteza kipenzi chao 	1
/scratch/skscla001/experiments/datasets/swagen/audio/common_voice_sw_28583187.wav	kwa kawaida hutokana na maambukizi 	0
/scratch/skscla001/experiments/datasets/swagen/audio/common_voice_sw_29657692.wav	hasa anajulikana kwa kugundua elektroni 	1
/scratch/skscla001/experiments/datasets/swagen/audio/common_voice_sw_35221863.wav	ndivyo ninavyo kualika kwenye makala ya wimbi la siasa 	0
/scratch/skscla001/experiments/datasets/swagen/audio/common_voice_sw_30200638.wav	messi alifanya kila mbinu kuinusulu timu 	1
/scratch/skscla001/experiments/datasets/swagen/audio/common_voice_sw_28662053.wav	huyu ni mke wa kwanza wa mzee kizito 	1
/scratch/skscla001/experiments/datasets/swagen/audio/common_voice_sw_29788493.wav	zaidi ya hapo mitindo ya vitenge imeanze kuonekana kwenye dunia ya mitindo 	1
/scratch/skscla001/experiments/datasets/swagen/audio/common_voice_sw_30146062.wav	uliwekwa utaratibu wa kuandaa katiba ya kudumu ya muungano 	1
/scratch/skscla001/experiments/datasets/swagen/audio/common_voice_sw_34762308.wav	jacob hakuweza kueleza sana kwa kuwa alikuwa na wasiwasi kwa kumhofia yule mdunguaji 	0
/scratch/skscla001/experiments/datasets/swagen/audio/common_voice_sw_30677313.wav	vivutio vilivyoingia katika shindano la kutafuta maajabu saba ya asili 	1
/scratch/skscla001/experiments/datasets/swagen/audio/common_voice_sw_35107653.wav	vijana wakizanzibari kama at rico single off side trick na wengineo walianza 	0
/scratch/skscla001/experiments/datasets/swagen/audio/common_voice_sw_30180119.wav	kubwa zaidi ya haya ni ziwa lenye urefu wa kilometa mbili na nusu 	1
/scratch/skscla001/experiments/datasets/swagen/audio/common_voice_sw_28584766.wav	uwindaji huu ulikuwa muhimu kiuchumi na sababu muhimu kwa uenezaji wa urusi katika siberia 	0
/scratch/skscla001/experiments/datasets/swagen/audio/common_voice_sw_36383634.wav	alifunga pingu ya maisha na bwana hafidh ameir 	1
/scratch/skscla001/experiments/datasets/swagen/audio/common_voice_sw_30591019.wav	walichangia kikamilifu hasa harakati za ukombozi 	0
/scratch/skscla001/experiments/datasets/swagen/audio/common_voice_sw_29787561.wav	wananchi walitokea kumuamini sokoine kuliko nyerere 	1
/scratch/skscla001/experiments/datasets/swagen/audio/common_voice_sw_35183983.wav	tangu uhuru soka lilipanuka sana katika nchi huru za afrika 	0
/scratch/skscla001/experiments/datasets/swagen/audio/common_voice_sw_29434675.wav	serikali za kwanza zilikuwa na matatizo ya kisiasa 	1
/scratch/skscla001/experiments/datasets/swagen/audio/common_voice_sw_30230301.wav	chimbuko la mji huu ambako sasa panajulikana kama eneo la magofu ya kaole 	0
/scratch/skscla001/experiments/datasets/swagen/audio/common_voice_sw_29564841.wav	kwanza kuna joto halafu ukame 	0
/scratch/skscla001/experiments/datasets/swagen/audio/common_voice_sw_30323512.wav	mazingira yasiyo ya kimarekani 	1
/scratch/skscla001/experiments/datasets/swagen/audio/common_voice_sw_30327192.wav	yai moja la mbuni ni sawa na mayai ishirini ya kuku 	1
/scratch/skscla001/experiments/datasets/swagen/audio/common_voice_sw_34980719.wav	hali hii katika simu huyu ni mwanasheria 	0
/scratch/skscla001/experiments/datasets/swagen/audio/common_voice_sw_35118954.wav	lakini hakuiamini serikali hiyo ya marekani 	0
/scratch/skscla001/experiments/datasets/swagen/audio/common_voice_sw_30574746.wav	hifadhi hii maarufu kwa wanyama jamii ya tumbili wajulikanao kama mbega weusi na weupe 	0
/scratch/skscla001/experiments/datasets/swagen/audio/common_voice_sw_29141381.wav	alizaliwa jamaika lakini alihamia nchini kanada akiwa na umri wa miaka saba 	1
/scratch/skscla001/experiments/datasets/swagen/audio/common_voice_sw_30360103.wav	mamalia kwa kawaida hupatikana katika kanda hii 	0
/scratch/skscla001/experiments/datasets/swagen/audio/common_voice_sw_29797103.wav	seli hiyo ina viini tete vingi vinavyofanana 	1
/scratch/skscla001/experiments/datasets/swagen/audio/common_voice_sw_30438462.wav	loitai na kisonko pia matapato na dalalekutuk zinaongezeka 	0
/scratch/skscla001/experiments/datasets/swagen/audio/common_voice_sw_29153587.wav	ilikuwa ni theluthi moja ya uzito wa mwili wake 	0
/scratch/skscla001/experiments/datasets/swagen/audio/common_voice_sw_28661930.wav	kuna mambo mengi yaliyotokea wakati wa karne hii kama haya yafuatayo 	1
/scratch/skscla001/experiments/datasets/swagen/audio/common_voice_sw_37101778.wav	wake mwenye fadhila ambaye atamtunuku haki yake naye mnyenyekevu 	1
/scratch/skscla001/experiments/datasets/swagen/audio/common_voice_sw_37094324.wav	wa miamba waligundua mlundikano mkubwa wa gesi 	0
/scratch/skscla001/experiments/datasets/swagen/audio/common_voice_sw_30017127.wav	miongoni mwa mataifa ambayo yanaendelea kuikumbuka tanzania kwa mchango wake ni afrika kusini 	0
/scratch/skscla001/experiments/datasets/swagen/audio/common_voice_sw_30327387.wav	hatua iliyomfanya kupewa jina la utani jaffa 	1
/scratch/skscla001/experiments/datasets/swagen/audio/common_voice_sw_29421692.wav	wengi pia ni wakristo 	1
/scratch/skscla001/experiments/datasets/swagen/audio/common_voice_sw_30442897.wav	wala hakuagiza taarifa rasmi juu ya maisha yake 	0
/scratch/skscla001/experiments/datasets/swagen/audio/common_voice_sw_34991055.wav	ambapo wanatuhumiwa kutenga eneo la uzazi kwa ajili ya watu wasioridhika 	0
/scratch/skscla001/experiments/datasets/swagen/audio/common_voice_sw_31284519.wav	bado hakukaukiwa kweli mtoto wa nyoka ni nyoka 	0
/scratch/skscla001/experiments/datasets/swagen/audio/common_voice_sw_36381714.wav	kwa ufanisi rasilimali za usafiri waendeshaji wa 	1
/scratch/skscla001/experiments/datasets/swagen/audio/common_voice_sw_30653507.wav	pep ni moja wapo ya makocha bora duniani 	0
/scratch/skscla001/experiments/datasets/swagen/audio/common_voice_sw_35104789.wav	ukitazama katika muktadha wa wa 	0
/scratch/skscla001/experiments/datasets/swagen/audio/common_voice_sw_31304408.wav	mfugale amepokea tuzo mbalimbali ambapo alipokea tuzo ya mafanikio 	1
/scratch/skscla001/experiments/datasets/swagen/audio/common_voice_sw_29421837.wav	wanaheshimiwa na kanisa katoliki waorthodoksi na waorthodoksi wa mashariki kama watakatifu wafiadini 	0
/scratch/skscla001/experiments/datasets/swagen/audio/common_voice_sw_29996948.wav	mwalimu nyerere aliwahamasisha wananchi kudumisha kilimo 	1
/scratch/skscla001/experiments/datasets/swagen/audio/common_voice_sw_37212059.wav	tunaangalizia ligi kuu za soka katika mataifa 	0
/scratch/skscla001/experiments/datasets/swagen/audio/common_voice_sw_31305870.wav	kiswahili kitukuzwe 	1
/scratch/skscla001/experiments/datasets/swagen/audio/common_voice_sw_29905898.wav	guardiola aliamua kupumzika kufundisha soka 	1
/scratch/skscla001/experiments/datasets/swagen/audio/common_voice_sw_36374783.wav	ufaransa emmanuel macron amesema kuwa idadi ya maafa 	1
/scratch/skscla001/experiments/datasets/swagen/audio/common_voice_sw_30574986.wav	matokeo yake endapo yangeipa uganda ushindi yangebadilisha kabisa ramani ya afrika mashariki 	0
/scratch/skscla001/experiments/datasets/swagen/audio/common_voice_sw_36746527.wav	na kumuachia mdogo wake ajulikanae kama ràul castro 	0
/scratch/skscla001/experiments/datasets/swagen/audio/common_voice_sw_38306926.wav	wanajeshi wa marekani wasiozidi mia tano wameidhinishwa kuingia somalia kukabiliana na al shabaab 	0
/scratch/skscla001/experiments/datasets/swagen/audio/common_voice_sw_36385776.wav	hao na wakristo wa kwanza walio wengi waliishi chini ya serikali ya roma 	1
/scratch/skscla001/experiments/datasets/swagen/audio/common_voice_sw_29793607.wav	apo awali alikuwa mfuasi wa dini ya kiislam 	0
/scratch/skscla001/experiments/datasets/swagen/audio/common_voice_sw_30572951.wav	tembo hapendi kusikia kelele za aina yoyote 	0
/scratch/skscla001/experiments/datasets/swagen/audio/common_voice_sw_30659391.wav	wavulana hupiga foleni na kuimba oooooh yakwa 	0
/scratch/skscla001/experiments/datasets/swagen/audio/common_voice_sw_30515274.wav	japokuwa waliweka wazi kuwa chuo akina uwezo wa kunipatia vifaa vya kujisomea 	1
/scratch/skscla001/experiments/datasets/swagen/audio/common_voice_sw_28682690.wav	kuna makaburi ya wafoeniki karibu 	1
/scratch/skscla001/experiments/datasets/swagen/audio/common_voice_sw_29877984.wav	baadae rais hussein mwinyi akamteua kuwa makamu wa kwanza wa rais 	1
/scratch/skscla001/experiments/datasets/swagen/audio/common_voice_sw_28691214.wav	watu wenye pesa wameanza kujenga nyumba hapa pia 	1
/scratch/skscla001/experiments/datasets/swagen/audio/common_voice_sw_35105923.wav	ya watoto kwa upande mmoja hapa haiti na kwangu mimi na upande 	0
/scratch/skscla001/experiments/datasets/swagen/audio/common_voice_sw_34940106.wav	imekatwa nayo imepakana na kolombia peru na bahari ya 	0
/scratch/skscla001/experiments/datasets/swagen/audio/common_voice_sw_37093117.wav	tulivyo katika ligi ya hapa uganda 	0
/scratch/skscla001/experiments/datasets/swagen/audio/common_voice_sw_29788082.wav	mario gomez wa ujerumani alifunga mabao matatu 	0
/scratch/skscla001/experiments/datasets/swagen/audio/common_voice_sw_37331886.wav	takribani watu thamanini na saba wameuawa na mamia kujeruhiwa 	0
/scratch/skscla001/experiments/datasets/swagen/audio/common_voice_sw_35683904.wav	haki yako na mpaka hapa tunatamatisha makala yetu ya jua haki zako 	1
/scratch/skscla001/experiments/datasets/swagen/audio/common_voice_sw_31370571.wav	idadi ya wazanzibari ilikuwa asilimia tatu tu ya watanganyika 	1
/scratch/skscla001/experiments/datasets/swagen/audio/common_voice_sw_36640863.wav	mwalimu aligawanya vitabu kwa wanafunzi 	0
/scratch/skscla001/experiments/datasets/swagen/audio/common_voice_sw_36013833.wav	mwaka elfumoja miasaba sabini na nane ufaransa 	1
/scratch/skscla001/experiments/datasets/swagen/audio/common_voice_sw_36385477.wav	mkubwa mkali alimtaja chameleon pale alipoambiwa amtaje msanii mmoja anayetumia nguvu za 	1
/scratch/skscla001/experiments/datasets/swagen/audio/common_voice_sw_35774660.wav	mmoja hadi madai yao ya kupunguza kodi 	0
/scratch/skscla001/experiments/datasets/swagen/audio/common_voice_sw_36387521.wav	tulikuwa na mazigaziga 	1
/scratch/skscla001/experiments/datasets/swagen/audio/common_voice_sw_28716317.wav	hasa alichunguza maswali ya umeme 	1
/scratch/skscla001/experiments/datasets/swagen/audio/common_voice_sw_29903370.wav	marco van basten alikuwa mfungaji bora 	1
/scratch/skscla001/experiments/datasets/swagen/audio/common_voice_sw_30653802.wav	baadae kuliundwa timu nyengine ya mpira wa miguu ambayo ni vuga boys 	0
/scratch/skscla001/experiments/datasets/swagen/audio/common_voice_sw_30335391.wav	yeye anataka kufuata biblia pia na wakatoliki hawakuwa wanapinga 	1
/scratch/skscla001/experiments/datasets/swagen/audio/common_voice_sw_29906240.wav	maambukizi yanaweza kuendelea bila ya kuwa na dalili 	1
/scratch/skscla001/experiments/datasets/swagen/audio/common_voice_sw_30630892.wav	kimsingi kuna sekta kumi na mbili za kabila la wamasai 	1
/scratch/skscla001/experiments/datasets/swagen/audio/common_voice_sw_29791746.wav	kaskazini kwake ni msitu wa hifadhi ya kisere 	0
/scratch/skscla001/experiments/datasets/swagen/audio/common_voice_sw_29662594.wav	aliishi sana na binamu yake utotoni mwake kwa sababu mama yake alisafiri kila wakati 	0
/scratch/skscla001/experiments/datasets/swagen/audio/common_voice_sw_29956856.wav	afisa wa waandishi wa habari anaweza kuwafundisha imani na kupokea taarifa muhimu 	1
/scratch/skscla001/experiments/datasets/swagen/audio/common_voice_sw_36310767.wav	ulinifia mwokozi wangu 	1
/scratch/skscla001/experiments/datasets/swagen/audio/common_voice_sw_34958702.wav	matumaini yangu ni ya hakika 	0
/scratch/skscla001/experiments/datasets/swagen/audio/common_voice_sw_37094043.wav	katika klabu ya manchester unitedi na timu yake ya taifa 	0
/scratch/skscla001/experiments/datasets/swagen/audio/common_voice_sw_30070694.wav	bidhaa zinazosafirishwa kwa wingi katika bahari hii ni 	0
/scratch/skscla001/experiments/datasets/swagen/audio/common_voice_sw_37093211.wav	daktari alimtibu mgonjwa aliyekuwa hali mahututi 	1
/scratch/skscla001/experiments/datasets/swagen/audio/common_voice_sw_28581513.wav	kwa upande wa kaskazini mwa nyanda za juu iko tambarare ya siberia ya kaskazini 	1
/scratch/skscla001/experiments/datasets/swagen/audio/common_voice_sw_36014180.wav	ikiwa tutamaliza uchafu huu wa plastiki itabidi tuangazie suala zima 	1
/scratch/skscla001/experiments/datasets/swagen/audio/common_voice_sw_30378622.wav	uharibifu huu unatokana na sababu mbalimbali kama vile kutokana na wakati 	0
/scratch/skscla001/experiments/datasets/swagen/audio/common_voice_sw_30020390.wav	jomo kenyatta alichaguliwa kama rais wa kwanza 	1
/scratch/skscla001/experiments/datasets/swagen/audio/common_voice_sw_30116108.wav	washirazi walijigamba kwamba ndio walinunua eneo hilo kutokana na migogoro iliyokuwapo ushirazi 	1
/scratch/skscla001/experiments/datasets/swagen/audio/common_voice_sw_31284698.wav	hiyo ni kwa upande wa taifa la afrika kusini 	0
/scratch/skscla001/experiments/datasets/swagen/audio/common_voice_sw_30110189.wav	tanzania ilianzisha ujamaa katika kuleta maendeleo 	0
/scratch/skscla001/experiments/datasets/swagen/audio/common_voice_sw_30220481.wav	wananchi watapata huduma ya umeme kwa wingi majumbani mwao 	0
/scratch/skscla001/experiments/datasets/swagen/audio/common_voice_sw_30382944.wav	abeid karume aliwaalika kuitembelea zanzibar baadhi ya viongozi wa chama hicho 	0
/scratch/skscla001/experiments/datasets/swagen/audio/common_voice_sw_30419920.wav	ilikuwa ni kukumbatia sera za kiuchumi za shirika la fedha la kimataifa 	1
/scratch/skscla001/experiments/datasets/swagen/audio/common_voice_sw_29812396.wav	baada ya hapo mnyama alipotea msituni hadi aliporudi tena kwenye ubingwa 	0
/scratch/skscla001/experiments/datasets/swagen/audio/common_voice_sw_36616509.wav	ni muhimu katika kusimamia utoaji haki nchini 	0
/scratch/skscla001/experiments/datasets/swagen/audio/common_voice_sw_29797093.wav	real adrid hawajasajiri wachezaji kwa misimu minne sasa mfululizo 	1
/scratch/skscla001/experiments/datasets/swagen/audio/common_voice_sw_30671205.wav	aina za samaki wanaozalishwa kwa wingi ni sato au ngege na kambale 	1
/scratch/skscla001/experiments/datasets/swagen/audio/common_voice_sw_28661944.wav	ni mzaliwa wa moshi mjini mkoa wa kilimanjaro kaskazini mwa tanzania 	1
/scratch/skscla001/experiments/datasets/swagen/audio/common_voice_sw_29429307.wav	ilikuwa vigumu kwa waimbaji hawa kupanga muda kwa ajili ya kutengeneza wimbo huu 	0
/scratch/skscla001/experiments/datasets/swagen/audio/common_voice_sw_31333235.wav	alianza kukumbana na shida ya ubaguzi wa rangi 	0
/scratch/skscla001/experiments/datasets/swagen/audio/common_voice_sw_30031153.wav	ilipofika siku ya jumatano muda wa alasiri aliamua kwenda kumuona daktari wake kwa vipimo 	0
/scratch/skscla001/experiments/datasets/swagen/audio/common_voice_sw_30638441.wav	mwanadamu akavipa viumbe vyote majina ili aweze kuwafundisha wengine 	0
/scratch/skscla001/experiments/datasets/swagen/audio/common_voice_sw_30327366.wav	mwaka huo koloni la kenya liliundwa na kupatiwa jina linalotokana na mlima kenya 	1
/scratch/skscla001/experiments/datasets/swagen/audio/common_voice_sw_35222183.wav	kuboreshwa kwa msikiti mkubwa na kujengwa kwa soko la husuni ndogo kulipofanyika anasema mtemi 	0
/scratch/skscla001/experiments/datasets/swagen/audio/common_voice_sw_29798054.wav	ufaransa walikuwa mabingwa kombe la dunia 	0
/scratch/skscla001/experiments/datasets/swagen/audio/common_voice_sw_29850290.wav	waandishi wa habari nchini tanzania wanasema wamekuwa wakipitia kwenye wakati mgumu 	1
/scratch/skscla001/experiments/datasets/swagen/audio/common_voice_sw_30582813.wav	hawakuchoka kujitafutia ridhiki kwa namna yoyote 	0
/scratch/skscla001/experiments/datasets/swagen/audio/common_voice_sw_29797707.wav	anasema kazi ya kupambana na ujangili ni ngumu 	0
/scratch/skscla001/experiments/datasets/swagen/audio/common_voice_sw_37802319.wav	wanachama wengine hawakuonyesha utashi wa kuwa wenyeji 	0
/scratch/skscla001/experiments/datasets/swagen/audio/common_voice_sw_34906794.wav	katika mazungumzo maalumu yaliyofanyika katika makala hii tundu lissu ambaye kwa sasa ni rais 	0
/scratch/skscla001/experiments/datasets/swagen/audio/common_voice_sw_30561988.wav	alipofanya kazi ya uuzaji wa bia kwa wasafiri 	0
/scratch/skscla001/experiments/datasets/swagen/audio/common_voice_sw_35176581.wav	katika sikukuu ya wapendanao haijalishi mimi kumnunulia daniella range rover lakini yeye ana lake 	0
/scratch/skscla001/experiments/datasets/swagen/audio/common_voice_sw_30574822.wav	kalambo ndio maporomoko marefu zaidi nchini tanzania 	0
/scratch/skscla001/experiments/datasets/swagen/audio/common_voice_sw_30572902.wav	mwaka wa elfu mbili na saba kulingana na chuo cha sanaa ya bagamoyo 	0
/scratch/skscla001/experiments/datasets/swagen/audio/common_voice_sw_29946393.wav	ronaldo ndiye mchezaji aliyecheza mechi nyingi zaidi 	1
/scratch/skscla001/experiments/datasets/swagen/audio/common_voice_sw_31304437.wav	hayati daktari magufuli alichaguliwa kuwa waziri wa kilimo 	1
/scratch/skscla001/experiments/datasets/swagen/audio/common_voice_sw_34762821.wav	alikuwa raisi wa nne na wa sasa wa jamhuri ya kenya 	0
/scratch/skscla001/experiments/datasets/swagen/audio/common_voice_sw_29612298.wav	ni maarufu kwa hisia za kuhama 	1
/scratch/skscla001/experiments/datasets/swagen/audio/common_voice_sw_34390842.wav	kujiuzulu kutokana na chama hicho kutajwa kuhusika kwenye uchunguzi 	1
/scratch/skscla001/experiments/datasets/swagen/audio/common_voice_sw_35106092.wav	kiswahili nchini kenya licha ya kuwepo kwa 	0
/scratch/skscla001/experiments/datasets/swagen/audio/common_voice_sw_30364096.wav	real madrid ndio timu tajiri zaidi duniani zaidi ya miongo miwili 	1
/scratch/skscla001/experiments/datasets/swagen/audio/common_voice_sw_30021461.wav	mbali na filamu hiyo kuna filamu takribani kumi na moja 	1
/scratch/skscla001/experiments/datasets/swagen/audio/common_voice_sw_29726190.wav	ilikuwa siku ya ijumaa kuu 	1
/scratch/skscla001/experiments/datasets/swagen/audio/common_voice_sw_34942575.wav	dishi wa habari yaani kamwe hawatujali 	0
/scratch/skscla001/experiments/datasets/swagen/audio/common_voice_sw_30089236.wav	kwa kuzingatia haya tutakuwa na mfumo ulioboreshwa wa kutoa mafunzo kwa vijana 	0
/scratch/skscla001/experiments/datasets/swagen/audio/common_voice_sw_29924156.wav	baadhi ya maeneo ya matombo na kiroka 	0
/scratch/skscla001/experiments/datasets/swagen/audio/common_voice_sw_30364561.wav	milima tisa kati ya kumi mirefu zaidi nchini ipo katika mikoa miwili tu 	0
/scratch/skscla001/experiments/datasets/swagen/audio/common_voice_sw_37229709.wav	picha hiyo ilipigwa aprili mwaka elfu moja mia tisa tisini 	1
/scratch/skscla001/experiments/datasets/swagen/audio/common_voice_sw_30021781.wav	kayuni hakuishi litembo maisha yake yote lakini alizaliwa katika ardhi ya litembo 	1
/scratch/skscla001/experiments/datasets/swagen/audio/common_voice_sw_29591999.wav	iko upande wa kusini wa kisiwa 	1
/scratch/skscla001/experiments/datasets/swagen/audio/common_voice_sw_34746410.wav	barack obama akiwa katika ziara yake ya siku kumi huko barani asia 	1
/scratch/skscla001/experiments/datasets/swagen/audio/common_voice_sw_30368435.wav	utafiti wa ziada bado unahitajika sana 	0
/scratch/skscla001/experiments/datasets/swagen/audio/common_voice_sw_31916044.wav	wenda saa ngapi madrassa 	0
/scratch/skscla001/experiments/datasets/swagen/audio/common_voice_sw_35132610.wav	kuchangia katika kuleta maendeleowiki iliyopita mawaziri wa 	1
/scratch/skscla001/experiments/datasets/swagen/audio/common_voice_sw_30201438.wav	watanzania ni watu tulivu wenye heshima na uvumulivu 	1
/scratch/skscla001/experiments/datasets/swagen/audio/common_voice_sw_29754385.wav	uhusiano wetu ulikuwa wa ajabu 	1
/scratch/skscla001/experiments/datasets/swagen/audio/common_voice_sw_34391223.wav	anaona maono mengine yana mbana inambidi aahirishe mambo baadhi ya mambo kama 	1
/scratch/skscla001/experiments/datasets/swagen/audio/common_voice_sw_28581953.wav	utumbo mwembamba ni mrefu kuliko ogani nyingine yoyote ya njia ya chakula 	1
/scratch/skscla001/experiments/datasets/swagen/audio/common_voice_sw_36644639.wav	wa ambalo linasalia na kusubiriwa kwa hamu 	0
/scratch/skscla001/experiments/datasets/swagen/audio/common_voice_sw_28804143.wav	kwa hiyo lugha imetoweka kabisa kwa sasa 	0
/scratch/skscla001/experiments/datasets/swagen/audio/common_voice_sw_29906405.wav	unapoona ndege tausi kainua mkia basi hapo ni kipindi cha dume huyo kuhitaji jike 	1
/scratch/skscla001/experiments/datasets/swagen/audio/common_voice_sw_29797741.wav	alifanya hivi kwa lengo la kutunza kumbukumbu 	0
/scratch/skscla001/experiments/datasets/swagen/audio/common_voice_sw_30653637.wav	kumekuwa na hadithi nyingi juu ya eneo hilo ambazo nyingi ni za kutisha 	0
/scratch/skscla001/experiments/datasets/swagen/audio/common_voice_sw_37222990.wav	futi kumi na tisa sawa na mita tano nukta tano huku jike akiwa na 	0
/scratch/skscla001/experiments/datasets/swagen/audio/common_voice_sw_28670205.wav	lugha rasmi ni kiebrania na kiarabu 	1
/scratch/skscla001/experiments/datasets/swagen/audio/common_voice_sw_28583382.wav	maana ya jumamosi jumapili nakadhalika 	0
/scratch/skscla001/experiments/datasets/swagen/audio/common_voice_sw_30055092.wav	alipigwa risasi wakati akicheza mchezo wa bao na wenzake 	0
/scratch/skscla001/experiments/datasets/swagen/audio/common_voice_sw_30005215.wav	umoja ni nguvu utengano ni udhaifu 	0
/scratch/skscla001/experiments/datasets/swagen/audio/common_voice_sw_30562075.wav	washiriki wa maadhimisho ya sabasaba wanaweza kujifunza vitu mbalimbali 	0
/scratch/skscla001/experiments/datasets/swagen/audio/common_voice_sw_30337459.wav	vijana wengi wa kiluguru waliamua kubaki katika ardhi ya wandengereko 	0
/scratch/skscla001/experiments/datasets/swagen/audio/common_voice_sw_32243057.wav	ametumia kanuni rahisi 	1
/scratch/skscla001/experiments/datasets/swagen/audio/common_voice_sw_29810749.wav	mwamubambe alikuwa na jeshi kubwa na wafuasi wengi wenye uwezo wa vita 	1
/scratch/skscla001/experiments/datasets/swagen/audio/common_voice_sw_29941754.wav	msimu uliyofuata pep alihamia ujerumani 	1
/scratch/skscla001/experiments/datasets/swagen/audio/common_voice_sw_35250488.wav	kama rais wa marekani katika uchaguzi wa mwaka elfu mbili mtoto wake mwengine jeb 	0
/scratch/skscla001/experiments/datasets/swagen/audio/common_voice_sw_30674918.wav	alipita madarasa kumi katika muda wa miaka minane 	1
/scratch/skscla001/experiments/datasets/swagen/audio/common_voice_sw_29902324.wav	mbuni dume anakuwa na jike moja linalompendeza zaidi 	1
/scratch/skscla001/experiments/datasets/swagen/audio/common_voice_sw_34751057.wav	tamasha hili linatajwa kwamba liliweka misingi mipya ya bongo fleva 	1
/scratch/skscla001/experiments/datasets/swagen/audio/common_voice_sw_29941871.wav	abeid karume alishtakiwa na mfanyabiashara aitwae punja kara 	1
/scratch/skscla001/experiments/datasets/swagen/audio/common_voice_sw_29789818.wav	zote zipo kwenye maeneo ambapo ushaidi wa mababu wa kwanza kwa binadamu upo 	0
/scratch/skscla001/experiments/datasets/swagen/audio/common_voice_sw_28666689.wav	kuna vidole vitano kwa miguu ya nyuma lakini vidole vinne kwa miguu ya mbele 	0
/scratch/skscla001/experiments/datasets/swagen/audio/common_voice_sw_30581618.wav	alitafuta majibu ya harakaharaka labda sehemu ya matatizo yake 	0
/scratch/skscla001/experiments/datasets/swagen/audio/common_voice_sw_31406045.wav	bendi hii iliweza kuwaibua na kuwapa nafasi 	0
/scratch/skscla001/experiments/datasets/swagen/audio/common_voice_sw_29914941.wav	au mabadiliko ya utandawazi yanachangia katika tabia 	1
/scratch/skscla001/experiments/datasets/swagen/audio/common_voice_sw_29790650.wav	badala yake obote ilipangwa ili apate mafunzo zaidi ya kijeshi nchini uingereza 	0
/scratch/skscla001/experiments/datasets/swagen/audio/common_voice_sw_28663323.wav	kufuatana na uainishaji wa lugha kwa ndani zaidi kinyamusa molo iko katika kundi la kibongo bagirmi 	1
/scratch/skscla001/experiments/datasets/swagen/audio/common_voice_sw_29615602.wav	sehemu hizi pia huitwa rasi 	0
/scratch/skscla001/experiments/datasets/swagen/audio/common_voice_sw_30630474.wav	muda mzuri wa kutembelea ni kuanzia mwezi juni mpaka septemba 	0
/scratch/skscla001/experiments/datasets/swagen/audio/common_voice_sw_34834573.wav	tarehe mbili mwezi mei mwaka huu wa elfu mbili na kumi na moja 	0
/scratch/skscla001/experiments/datasets/swagen/audio/common_voice_sw_31823717.wav	kwani ndiyo siku zilishushwa chini bendera zote za utawala wa waingereza 	0
/scratch/skscla001/experiments/datasets/swagen/audio/common_voice_sw_36373409.wav	wakereketwa wa haki za binadamu duniani wanasema kutuzwa kwa siambo 	1
/scratch/skscla001/experiments/datasets/swagen/audio/common_voice_sw_35108397.wav	alimwambia jacob kuwa aende naye hotelini alipofikia wakalale wote usiku ule 	0
/scratch/skscla001/experiments/datasets/swagen/audio/common_voice_sw_30001991.wav	kiuhalisia kesi ni njia mojawapo ya kuhakikisha haki inatendeka katika jamii 	1
/scratch/skscla001/experiments/datasets/swagen/audio/common_voice_sw_29476762.wav	ameonekana katika filamu nyingi za marekani 	0
/scratch/skscla001/experiments/datasets/swagen/audio/common_voice_sw_35206719.wav	wakati hali ikiwa hivyo mjumbe wa umoja wamataifa ambaye anashughulikia masuala ya somalia 	0
/scratch/skscla001/experiments/datasets/swagen/audio/common_voice_sw_30653987.wav	hii humaanisha kabila la kimasai lina wajane wengi 	0
/scratch/skscla001/experiments/datasets/swagen/audio/common_voice_sw_37090149.wav	wa maji ya mto huu umeundwa na mto 	1
/scratch/skscla001/experiments/datasets/swagen/audio/common_voice_sw_35588344.wav	ya kusini katika uwanja wa al gharafa 	0
/scratch/skscla001/experiments/datasets/swagen/audio/common_voice_sw_30574588.wav	mara baada ya maneno hayo alipanda ndege kwenda beira msumbiji 	1
/scratch/skscla001/experiments/datasets/swagen/audio/common_voice_sw_29846249.wav	maalim self alianza kuugua january kumi na tisa elfu mbili na ishirini na moja 	1
/scratch/skscla001/experiments/datasets/swagen/audio/common_voice_sw_36375144.wav	ya chakula cha jioni bila mapema kuliko 	1
/scratch/skscla001/experiments/datasets/swagen/audio/common_voice_sw_28681667.wav	tangu kale anaheshimiwa na kanisa lake kama mtakatifu 	1
/scratch/skscla001/experiments/datasets/swagen/audio/common_voice_sw_37089612.wav	hiyo ilitokana na wajerumani walioingia kama marafikina kubadilika kuwa makatiili 	1
/scratch/skscla001/experiments/datasets/swagen/audio/common_voice_sw_36039124.wav	lakini pia ni muhimu kuakikisha usalama wa wafanyakazi wa shirika hilo 	1
/scratch/skscla001/experiments/datasets/swagen/audio/common_voice_sw_29959526.wav	pep guardiola hapendi jambo la kufukuzwa litokea kwake 	1
/scratch/skscla001/experiments/datasets/swagen/audio/common_voice_sw_31940453.wav	watoto awa waandika uzuri 	1
/scratch/skscla001/experiments/datasets/swagen/audio/common_voice_sw_34835479.wav	mkoa huu ulikuwa na majimbo ya uchaguzi ambayo ni geita mjini 	0
/scratch/skscla001/experiments/datasets/swagen/audio/common_voice_sw_30243287.wav	japo pia neno hili shahi linamaanisha kabila la wakurya 	0
/scratch/skscla001/experiments/datasets/swagen/audio/common_voice_sw_29790414.wav	kobe mkubwa kabisa duniani ana uzito wa hadi kilogramu mia saba 	0
/scratch/skscla001/experiments/datasets/swagen/audio/common_voice_sw_30108019.wav	sasa huu wakati wa kueneza dini elimu ya kimtaala 	0
/scratch/skscla001/experiments/datasets/swagen/audio/common_voice_sw_29000597.wav	hivyo ni kata kubwa zaidi katika wilaya hiyo yote 	1
/scratch/skscla001/experiments/datasets/swagen/audio/common_voice_sw_34743443.wav	ambayo ni mali ghafi muhimu kwa mahitaji mengine ya mwanadamu 	0
/scratch/skscla001/experiments/datasets/swagen/audio/common_voice_sw_30332582.wav	juu zaidi usimbishaji unapungua tena hadi milimita mia mbili 	0
/scratch/skscla001/experiments/datasets/swagen/audio/common_voice_sw_37095281.wav	iwapo ule mchezaji utamtambua kwamba ni muhimu 	1
/scratch/skscla001/experiments/datasets/swagen/audio/common_voice_sw_35104115.wav	lengo la mkataba wa mauaji ya kimbari ni kuzuia uangamizaji wa makusudi 	0
/scratch/skscla001/experiments/datasets/swagen/audio/common_voice_sw_30671390.wav	kutokana na kuoana na makabila mengine bado warangi wanaweza kujivunia historia 	1
/scratch/skscla001/experiments/datasets/swagen/audio/common_voice_sw_30180542.wav	tanga ilipata bahati kuvipata mapema sana 	1
/scratch/skscla001/experiments/datasets/swagen/audio/common_voice_sw_30091340.wav	muhogo kiasi na katika maeneo machache mpunga na mzabibu 	1
/scratch/skscla001/experiments/datasets/swagen/audio/common_voice_sw_29176961.wav	maria wa mt 	0
/scratch/skscla001/experiments/datasets/swagen/audio/common_voice_sw_28991869.wav	mji mkuu ni cankuzo 	1
/scratch/skscla001/experiments/datasets/swagen/audio/common_voice_sw_30115289.wav	watoto wa mbuni wana maadui wengi sana 	1
/scratch/skscla001/experiments/datasets/swagen/audio/common_voice_sw_29798418.wav	hali hiyo ilianza kubadilika baada ya miaka kadhaa 	0
/scratch/skscla001/experiments/datasets/swagen/audio/common_voice_sw_31262001.wav	ukijisahau kusema maneno ya kumsifia mwenyekiti wa chama watu watakushangaa 	0
/scratch/skscla001/experiments/datasets/swagen/audio/common_voice_sw_32323964.wav	lyunda jahazi 	1
/scratch/skscla001/experiments/datasets/swagen/audio/common_voice_sw_30298415.wav	argentina ilicheza na ujerumani kwenye hatua ya fainali 	0
/scratch/skscla001/experiments/datasets/swagen/audio/common_voice_sw_28670614.wav	hapa ni asili ya nyumba ya wageni na hoteli 	1
/scratch/skscla001/experiments/datasets/swagen/audio/common_voice_sw_36386234.wav	sheria mwafaka zipitishwe ili kampuni hizi ziwajibike 	1
/scratch/skscla001/experiments/datasets/swagen/audio/common_voice_sw_28682534.wav	alifanya kazi kama mjumbe na kuongoza kwa miaka mitatu 	1
/scratch/skscla001/experiments/datasets/swagen/audio/common_voice_sw_30628910.wav	akiwa uhamishoni amin alifadhili mabaki ya jeshi lake 	1
/scratch/skscla001/experiments/datasets/swagen/audio/common_voice_sw_31433454.wav	kumbukumbu ya wenyeji ina habari ya mlipuko mnamo mwaka elfu moja mia saba thelathini 	1
/scratch/skscla001/experiments/datasets/swagen/audio/common_voice_sw_36299955.wav	inaelezwa kuwa kima dume huonyonyeshwa zaidi kuliko jike 	1
/scratch/skscla001/experiments/datasets/swagen/audio/common_voice_sw_35104184.wav	amesema wadau wanapaswa kuunga mkono uandishi wa kitabu hicho ili kusaidia jamii ya kitanzania 	0
/scratch/skscla001/experiments/datasets/swagen/audio/common_voice_sw_29935032.wav	historia ya tanzania ina mambo mengi 	1
/scratch/skscla001/experiments/datasets/swagen/audio/common_voice_sw_36641213.wav	hakuna mtu mrefu kati yao 	0
/scratch/skscla001/experiments/datasets/swagen/audio/common_voice_sw_35183475.wav	kwa mfano wachezaji watano kwa watano 	0
/scratch/skscla001/experiments/datasets/swagen/audio/common_voice_sw_36383667.wav	katika ya jamii yote ya kimasai ndani kenya na tanzania 	1
/scratch/skscla001/experiments/datasets/swagen/audio/common_voice_sw_36252472.wav	na na na namna hiyo unatamani watu wapone magonjwa yao 	1
/scratch/skscla001/experiments/datasets/swagen/audio/common_voice_sw_31389509.wav	wanaopatikana ndani yake na kati yao ni simba na nyumbu 	1
/scratch/skscla001/experiments/datasets/swagen/audio/common_voice_sw_28669905.wav	siku hizi imekuwa nchi tajiri kutokana na utalii 	1
/scratch/skscla001/experiments/datasets/swagen/audio/common_voice_sw_37223451.wav	huruma na mapenzi yao yanawafanya wawe karibu na mungu wao 	0
/scratch/skscla001/experiments/datasets/swagen/audio/common_voice_sw_30091301.wav	rufaa zote zikawa kwa rais karume pekee 	1
/scratch/skscla001/experiments/datasets/swagen/audio/common_voice_sw_34924782.wav	ya mataifa kutaka kuifungia anga ya libya isitumike ili kudhibiti vifo zaidi 	0
/scratch/skscla001/experiments/datasets/swagen/audio/common_voice_sw_30060842.wav	baada ya kifo hicho wapiganaji waliona kuwa ni njia nzuri 	0
/scratch/skscla001/experiments/datasets/swagen/audio/common_voice_sw_37090323.wav	vya asili badala ya kumwabudu mungu mungu akakasirika hata akauangamiza ulimwengu ule kwa maji 	1
/scratch/skscla001/experiments/datasets/swagen/audio/common_voice_sw_30037344.wav	eneo kuu katika hifadhi ni uwanda wa mafuriko 	0
/scratch/skscla001/experiments/datasets/swagen/audio/common_voice_sw_35411837.wav	serikali ya india imefanya majaribio mawili ya silaha zake za nyuklia 	1
/scratch/skscla001/experiments/datasets/swagen/audio/common_voice_sw_29792845.wav	haruna shamte alijaribu kutaka kupora namba ya nsajigwa 	0
/scratch/skscla001/experiments/datasets/swagen/audio/common_voice_sw_30363370.wav	wanapenda kurudi ziwa manyara kwa sababu wanafuata chakula cha kutosha 	0
/scratch/skscla001/experiments/datasets/swagen/audio/common_voice_sw_30659335.wav	wananchi wengi walikuwa na mapenzi mazito na chama tawala 	0
/scratch/skscla001/experiments/datasets/swagen/audio/common_voice_sw_30308124.wav	stanley aliona ziwa hili mara ya kwanza 	0
/scratch/skscla001/experiments/datasets/swagen/audio/common_voice_sw_30104564.wav	hata hivyo nyumba zao za asili zinajengwa kwa kutumia miti 	1
/scratch/skscla001/experiments/datasets/swagen/audio/common_voice_sw_34746880.wav	matokeo yaliyotangazwa na tume ya uchaguzi zanzibar katika uchaguzi huo 	0
/scratch/skscla001/experiments/datasets/swagen/audio/common_voice_sw_29790827.wav	kiongozi huyo alistaafu uraisi mwaka elfu moja mia tisa themanini na tano 	0
/scratch/skscla001/experiments/datasets/swagen/audio/common_voice_sw_36350015.wav	ama umoja wa wachezaji wa kimataifa 	1
/scratch/skscla001/experiments/datasets/swagen/audio/common_voice_sw_37225849.wav	na nne wamasai wengi huko tanzania huvaa makubadhi ambayo walikuwa mpaka hivi majuzi wakizitengeneza 	0
/scratch/skscla001/experiments/datasets/swagen/audio/common_voice_sw_30299630.wav	ni mtu wa kabila la wakambi kutoka kenya kutokana na umbile lake kubwa 	1
/scratch/skscla001/experiments/datasets/swagen/audio/common_voice_sw_30075447.wav	marekani ilijiunga na vita dhidi ya wajerumani 	1
/scratch/skscla001/experiments/datasets/swagen/audio/common_voice_sw_30470979.wav	cafu ameshinda ubingwa wa dunia mara mbili 	1
/scratch/skscla001/experiments/datasets/swagen/audio/common_voice_sw_36252326.wav	labda wafanye uchaguzi mwingine labda mazungumzo hata kabla ya hapo 	0
/scratch/skscla001/experiments/datasets/swagen/audio/common_voice_sw_29897126.wav	uhuru alipinga uamuzi huo na hatimaye mahakama kuu ikabatilisha kura ya mombasa 	1
/scratch/skscla001/experiments/datasets/swagen/audio/common_voice_sw_36310862.wav	ya dawa unaofanywa na wataalamu wa kimatabibu zimezidisha 	1
/scratch/skscla001/experiments/datasets/swagen/audio/common_voice_sw_30007107.wav	miezi kadhaa inayofuata tohara hata hivyo nyekundu ni rangi iliyopendelewa 	1
/scratch/skscla001/experiments/datasets/swagen/audio/common_voice_sw_36746465.wav	na hutumika kwa kuvutwa puani kama unga 	0
/scratch/skscla001/experiments/datasets/swagen/audio/common_voice_sw_34942722.wav	na wakuu wa wakati huo jeshini dhidi ya waziri mkuu 	0
/scratch/skscla001/experiments/datasets/swagen/audio/common_voice_sw_30378702.wav	mtu yeyote anayevunja sheria za jamhuri ataadhibiwa kwa mujibu wa sheria 	0
/scratch/skscla001/experiments/datasets/swagen/audio/common_voice_sw_32211156.wav	nchu huu mara ningii kindrasi hupawa iye hachupawi isi 	1
/scratch/skscla001/experiments/datasets/swagen/audio/common_voice_sw_30653736.wav	wanyama wanaopatikana katika hifadhi hiyo ni wengi 	0
/scratch/skscla001/experiments/datasets/swagen/audio/common_voice_sw_30577737.wav	huwa kama kizuizi kwa vijidudu vinavyosababisha magonjwa ya zinaa 	1
/scratch/skscla001/experiments/datasets/swagen/audio/common_voice_sw_29791929.wav	chelsea ndiyo waliyoshinda ubingwa wa ulaya 	0
/scratch/skscla001/experiments/datasets/swagen/audio/common_voice_sw_29960192.wav	fikra zake za kisiasa alizipata nchini kenya 	1
/scratch/skscla001/experiments/datasets/swagen/audio/common_voice_sw_35104673.wav	takwimu hazikuonesha ni watu wangapi walizama kwenye titanic 	0
/scratch/skscla001/experiments/datasets/swagen/audio/common_voice_sw_37089675.wav	ambao hunaopatikana katika mkoa wa arusha 	0
/scratch/skscla001/experiments/datasets/swagen/audio/common_voice_sw_28817377.wav	lugha muziki michezo au sanaa 	1
/scratch/skscla001/experiments/datasets/swagen/audio/common_voice_sw_30035952.wav	kati ya mwezi julai hadi mwezi oktoba wakiwa kenya 	0
/scratch/skscla001/experiments/datasets/swagen/audio/common_voice_sw_35199058.wav	chama cha waandishi wa habari nchini humo kimelaani vikali kitendo hicho 	0
/scratch/skscla001/experiments/datasets/swagen/audio/common_voice_sw_30485802.wav	wateka nyara hao waliingia ofisini humo taratibu kabla ya kupaza sauti 	1
/scratch/skscla001/experiments/datasets/swagen/audio/common_voice_sw_29731324.wav	idadi ya wasemaji nchini sudan kusini haijulikani 	1
/scratch/skscla001/experiments/datasets/swagen/audio/common_voice_sw_29793396.wav	hayati mwalimu julius kambarage nyerere alikuwa rais wa kwanza wa tanzania 	0
/scratch/skscla001/experiments/datasets/swagen/audio/common_voice_sw_29974204.wav	maporomoko ya maji milima na mabonde vianpatikana ndani ya kitulo 	1
/scratch/skscla001/experiments/datasets/swagen/audio/common_voice_sw_30586116.wav	milima ya usambara na milima ya uvidunda 	1
/scratch/skscla001/experiments/datasets/swagen/audio/common_voice_sw_29668192.wav	kila somo dogo lina wataalamu wake 	0
/scratch/skscla001/experiments/datasets/swagen/audio/common_voice_sw_29815984.wav	milima ya karambi na mlima karatu pamoja na mlima karema 	1
/scratch/skscla001/experiments/datasets/swagen/audio/common_voice_sw_35587859.wav	kama kanuni kuu za maadili na ufunuo wa tabia ya mungu kama vile ilivyokuwa 	0
/scratch/skscla001/experiments/datasets/swagen/audio/common_voice_sw_30314732.wav	kitulo ni eneo pekee kwa ajili ya ndege aina ya tendawili machaka 	0
/scratch/skscla001/experiments/datasets/swagen/audio/common_voice_sw_28681403.wav	lugha rasmi ni kiingereza hutumika sana katika masuala ya serikali na biashara 	1
/scratch/skscla001/experiments/datasets/swagen/audio/common_voice_sw_37096495.wav	dhiti ya mwimbaji maarufu michele mati 	1
/scratch/skscla001/experiments/datasets/swagen/audio/common_voice_sw_30047783.wav	kombe la dunia lilifanyika nchini brazil 	1
/scratch/skscla001/experiments/datasets/swagen/audio/common_voice_sw_30036212.wav	waziri mkuu wa tanzania kassim majaliwa kassim amesema 	0
/scratch/skscla001/experiments/datasets/swagen/audio/common_voice_sw_37090922.wav	ya kwanza ya wakristo chini ya serikali petro ni mfano mzuri wa 	0
/scratch/skscla001/experiments/datasets/swagen/audio/common_voice_sw_28694322.wav	baada ya kufika mkoani morogoro ndipo akaanza masomo yake ya awali 	1
/scratch/skscla001/experiments/datasets/swagen/audio/common_voice_sw_30495711.wav	mto huu unasaidia kwa kiwango kikubwa kukuza uzalishaji wa sukari 	0
/scratch/skscla001/experiments/datasets/swagen/audio/common_voice_sw_30314310.wav	tanzania ilivyomnyoosha nduli iddi amin dadaa nakupa kidogo halafu tunaendelea 	0
/scratch/skscla001/experiments/datasets/swagen/audio/common_voice_sw_35409396.wav	ule umoja wa vyama vya wafanyikazi uliokuwepo ukiwakutanisha vyama vinane 	0
/scratch/skscla001/experiments/datasets/swagen/audio/common_voice_sw_30173328.wav	huu ni uharibifu wa makazi ya wanyama 	0
/scratch/skscla001/experiments/datasets/swagen/audio/common_voice_sw_28830725.wav	dalili za ugonjwa huu ni uvimbe kwenye shingo mabadiliko ya sauti 	1
/scratch/skscla001/experiments/datasets/swagen/audio/common_voice_sw_30020162.wav	kuwa na hidarati ni lazima kama una matumaini ya kufika mbali 	1
/scratch/skscla001/experiments/datasets/swagen/audio/common_voice_sw_29887266.wav	anakikatwa katikati anawezo kujiunganisha kwa dakika mbili 	1
/scratch/skscla001/experiments/datasets/swagen/audio/common_voice_sw_28691064.wav	dalili hasi ni pamoja na hisia bapa au hafifu 	1
/scratch/skscla001/experiments/datasets/swagen/audio/common_voice_sw_35104474.wav	na kisha akamwokoa nuhu na familia yake kwa kuwatoa kwenye kifungo 	0
/scratch/skscla001/experiments/datasets/swagen/audio/common_voice_sw_29994825.wav	kipindi cha nyuma wenzetu waarabu walianza kumpeleka 	1
/scratch/skscla001/experiments/datasets/swagen/audio/common_voice_sw_36945318.wav	mfumo wa upumuaji unasababisha matatizo kwa mgonjwa 	1
/scratch/skscla001/experiments/datasets/swagen/audio/common_voice_sw_29799386.wav	sheria husaidi watu mno 	0
/scratch/skscla001/experiments/datasets/swagen/audio/common_voice_sw_29794563.wav	katika hatua hii ndio uamuzi unachukuliwa wa kutahiri wavulana 	0
/scratch/skscla001/experiments/datasets/swagen/audio/common_voice_sw_31409242.wav	amekuwa kiongozi bora kwa kila mtu hapa nchini 	1
/scratch/skscla001/experiments/datasets/swagen/audio/common_voice_sw_30149055.wav	mechi ya kwanza ya ufunguzi nchini afrika kusini iliwakutanisha mexico na waandaaji wa michuano 	1
/scratch/skscla001/experiments/datasets/swagen/audio/common_voice_sw_30671383.wav	watafiti mbalimbali wanahisi limetokana na kazi ya kuvuna ulezi 	1
/scratch/skscla001/experiments/datasets/swagen/audio/common_voice_sw_36105817.wav	sawa na asilimia ishirini na saba 	0
/scratch/skscla001/experiments/datasets/swagen/audio/common_voice_sw_29938063.wav	kwenye orodha ya timu tatu tajiri duniani 	1
/scratch/skscla001/experiments/datasets/swagen/audio/common_voice_sw_29995263.wav	mfugale ni moja ya waandisi wakongwe nchini waliotoa mchango mkubwa katika sekta ya ujenzi 	1
/scratch/skscla001/experiments/datasets/swagen/audio/common_voice_sw_30020071.wav	ni vema pia kusema kuwa shule hizo huvutia wanafunzi kutoka tanzania nzima 	1
/scratch/skscla001/experiments/datasets/swagen/audio/common_voice_sw_30123416.wav	katikati ya mwaka elfu moja mia tisa na themanini 	0
/scratch/skscla001/experiments/datasets/swagen/audio/common_voice_sw_30378900.wav	namna bora ya kuimarisha sekta binafsi ziko nne 	0
/scratch/skscla001/experiments/datasets/swagen/audio/common_voice_sw_29708313.wav	mfalme wa buganda anatumia cheo cha kabaka 	0
/scratch/skscla001/experiments/datasets/swagen/audio/common_voice_sw_29981294.wav	alizungumza na wananchi kwa niaba ya chama cha tanganyika 	0
/scratch/skscla001/experiments/datasets/swagen/audio/common_voice_sw_36040193.wav	obito alidhani kuwa rafiki yake sarah alikufa 	0
/scratch/skscla001/experiments/datasets/swagen/audio/common_voice_sw_29898555.wav	chui ana kasi kubwa sana nyikani 	1
/scratch/skscla001/experiments/datasets/swagen/audio/common_voice_sw_35099569.wav	kiaskofu wakati wa karne za kati yaliona afadhali kuendelea bila cheo 	0
/scratch/skscla001/experiments/datasets/swagen/audio/common_voice_sw_29793226.wav	jitihada hizo zilishindikana kufuatia hali ya nkrumah kuwa mbaya 	0
/scratch/skscla001/experiments/datasets/swagen/audio/common_voice_sw_28584013.wav	hatimaye yeye akawa mkurugenzi wake wakati mumewe alijiunga na utawa wa tatu wa mt 	0
/scratch/skscla001/experiments/datasets/swagen/audio/common_voice_sw_34764221.wav	wasema ni wa luobaadhi ya jamii ya wajaluo wanaoaminika kwamba walikuwa wabantu na 	1
/scratch/skscla001/experiments/datasets/swagen/audio/common_voice_sw_29478139.wav	baadaye aliunda kikundi chake na kurudi tanzania kwa muda mfupi 	0
/scratch/skscla001/experiments/datasets/swagen/audio/common_voice_sw_30382274.wav	zidane aliweka rekodi ya uhamisho wa dunia alipokubali kuhamia nchini hispania 	0
/scratch/skscla001/experiments/datasets/swagen/audio/common_voice_sw_30450714.wav	nchi ilikuwa inaongozwa na gavana ambaye alikuwa mwakilishi wa malkia 	1
/scratch/skscla001/experiments/datasets/swagen/audio/common_voice_sw_35690341.wav	ghafla akamkumbuka mzee alberto kito aliyemtembelea afajiri 	1
/scratch/skscla001/experiments/datasets/swagen/audio/common_voice_sw_30026345.wav	watalii wanapenda kununua vitu ambavyo nchini kwao havipo 	0
/scratch/skscla001/experiments/datasets/swagen/audio/common_voice_sw_30183075.wav	alizaliwa kijana mmoja kutoka kijiji cha makunda wilayani iramba 	0
/scratch/skscla001/experiments/datasets/swagen/audio/common_voice_sw_34906971.wav	jamaa alikaa kimya jacob akafyatua risasi nyingine ya paja 	0
/scratch/skscla001/experiments/datasets/swagen/audio/common_voice_sw_28802772.wav	macho yako wazi kiasi kwa kuangalia chini lakini bila kutazama kitu 	0
/scratch/skscla001/experiments/datasets/swagen/audio/common_voice_sw_35963925.wav	wafanyikazi wa bei rahisi katika ulaya magharibi kusikia 	1
/scratch/skscla001/experiments/datasets/swagen/audio/common_voice_sw_31858725.wav	wote wadhima 	1
/scratch/skscla001/experiments/datasets/swagen/audio/common_voice_sw_29948454.wav	blia kusahau halmashauri ya wilaya ya chato na halmasahauri ya mji wa geita 	1
/scratch/skscla001/experiments/datasets/swagen/audio/common_voice_sw_29907000.wav	aliyekuwa akitawala katika kipindi hicho hapo kisiwani 	1
/scratch/skscla001/experiments/datasets/swagen/audio/common_voice_sw_36375308.wav	kati ya miji yao ulikuwa karthago uliopanua utawala wake 	1
/scratch/skscla001/experiments/datasets/swagen/audio/common_voice_sw_29792220.wav	kilipata nafasi za ubunge na udiwani 	0
/scratch/skscla001/experiments/datasets/swagen/audio/common_voice_sw_37098616.wav	lakini mamlaka husika imeweza kuhakikisha kuwa dawa zitumikazo nchini humo 	1
/scratch/skscla001/experiments/datasets/swagen/audio/common_voice_sw_35182291.wav	edward na ethel beanov walisafiri kwa meli ya titanic 	0
/scratch/skscla001/experiments/datasets/swagen/audio/common_voice_sw_28761158.wav	hapo awali alikuwa jaji mkuu wakati huo bw 	0
/scratch/skscla001/experiments/datasets/swagen/audio/common_voice_sw_30326798.wav	ndipo hupelekwa kusoma elimu dunia siyo kwamba wao 	1
/scratch/skscla001/experiments/datasets/swagen/audio/common_voice_sw_29793541.wav	idadi kubwa ya wanafunzi kutoka shule mbalimbali nchini tanzania hutembelea hifadhi hii 	0
/scratch/skscla001/experiments/datasets/swagen/audio/common_voice_sw_28695758.wav	hujenga tago lao juu ya mti msituni 	1
/scratch/skscla001/experiments/datasets/swagen/audio/common_voice_sw_28670201.wav	yapo matoleo mawili ya muziki wa video 	1
/scratch/skscla001/experiments/datasets/swagen/audio/common_voice_sw_30031779.wav	makombora yalipotua kwenye viwanja vya ikulu alipanda helikopta ya jeshi na kutimkia kampala 	0
/scratch/skscla001/experiments/datasets/swagen/audio/common_voice_sw_34958908.wav	k mkutano wa jumuiya ya madola chogum ambao ulikuwa pamoja 	0
/scratch/skscla001/experiments/datasets/swagen/audio/common_voice_sw_30574051.wav	nilipopata nafasi ya kusalimu nikataja tumpongeze mfugale kwa daraja hili 	0
/scratch/skscla001/experiments/datasets/swagen/audio/common_voice_sw_28682656.wav	maisha ya mtu hayana thamani nchini humo 	1
/scratch/skscla001/experiments/datasets/swagen/audio/common_voice_sw_37097375.wav	takriban makabila yote ya tanzania wakiwemo waluguru yana utajiri mkubwa wa historia na taratibu 	1
/scratch/skscla001/experiments/datasets/swagen/audio/common_voice_sw_31409500.wav	jamii zinazosahaulika huunganishwa katika kundi la suba 	1
/scratch/skscla001/experiments/datasets/swagen/audio/common_voice_sw_35412375.wav	kwamba haki za binadamu zinaheshimiwa mfano haki ya kupata elimu afya 	1
/scratch/skscla001/experiments/datasets/swagen/audio/common_voice_sw_35183926.wav	na anatakiwa kuwa mrembo lakini urembo pia 	0
/scratch/skscla001/experiments/datasets/swagen/audio/common_voice_sw_35104544.wav	kufaulu kwa kura ya maamuzi huku sudan kwa namna moja au nyingine na manufaa 	0
/scratch/skscla001/experiments/datasets/swagen/audio/common_voice_sw_30572130.wav	mfumo wa kuzuia dakika zote ulitamba miaka ya zamani 	0
/scratch/skscla001/experiments/datasets/swagen/audio/common_voice_sw_29787886.wav	kwa hiyo allaah subhaanahu wa taala akawa anawaita kwa jina la bani israaiyl 	1
/scratch/skscla001/experiments/datasets/swagen/audio/common_voice_sw_29848312.wav	wanakuja kununua madini hayo ya tanzanite na kuondoka 	0
/scratch/skscla001/experiments/datasets/swagen/audio/common_voice_sw_28725615.wav	goli ziko kwenye pande fupi zaidi 	1
/scratch/skscla001/experiments/datasets/swagen/audio/common_voice_sw_30182125.wav	hifadhi hiyo ilipingwa na wabunge kabla ya hayati magufuli kuiidhinisha 	1
/scratch/skscla001/experiments/datasets/swagen/audio/common_voice_sw_28581995.wav	rasmi huwa sherehe za utoaji wa tuzo mbalimbali 	0
/scratch/skscla001/experiments/datasets/swagen/audio/common_voice_sw_28584923.wav	alijitahidi kurekebisha maadili ya jimbo lake 	0
/scratch/skscla001/experiments/datasets/swagen/audio/common_voice_sw_29936829.wav	mwisho wa utawala wa austria nahungaria na wa ule wa taifa la uturuki 	1
/scratch/skscla001/experiments/datasets/swagen/audio/common_voice_sw_35438719.wav	ya rais mugabe na waziri mkuu shangirai 	0
/scratch/skscla001/experiments/datasets/swagen/audio/common_voice_sw_30008591.wav	pia katika afrika ni ziwa la pili kwa kuwa na kina kirefu zaidi 	1
/scratch/skscla001/experiments/datasets/swagen/audio/common_voice_sw_28683245.wav	idadi ya wakazi iliongezeka sana 	1
/scratch/skscla001/experiments/datasets/swagen/audio/common_voice_sw_30203825.wav	tarehe kumi mwezi wa kumi na mbili 	1
/scratch/skscla001/experiments/datasets/swagen/audio/common_voice_sw_28921843.wav	aliandika pia historia ya wafalme wa norwei 	1
/scratch/skscla001/experiments/datasets/swagen/audio/common_voice_sw_30240951.wav	wakitangaza tu kushikamana nao pia kushirikiana nao 	0
/scratch/skscla001/experiments/datasets/swagen/audio/common_voice_sw_37084270.wav	baadhi ya watemi waliotawala himaya hizo ni pamoja na 	1
/scratch/skscla001/experiments/datasets/swagen/audio/common_voice_sw_30545674.wav	hawa ni maarufu kwa ufanyaji biashara hasa za madukani 	0
/scratch/skscla001/experiments/datasets/swagen/audio/common_voice_sw_29822686.wav	dutu za sehemu za siri zinaweza kutibiwa na kuondolewa kwa upasuaji mdogo 	1
/scratch/skscla001/experiments/datasets/swagen/audio/common_voice_sw_30342397.wav	sasa limezaa matunda na kumuweka rais samia katika mstari wa mbele barani afrika 	1
/scratch/skscla001/experiments/datasets/swagen/audio/common_voice_sw_37225982.wav	yesu kafa msalaba yahwe ili mimi niokolewe 	1
/scratch/skscla001/experiments/datasets/swagen/audio/common_voice_sw_28666520.wav	aliyemfuata kama tenno ni mwana wake go fushimi 	0
/scratch/skscla001/experiments/datasets/swagen/audio/common_voice_sw_30581811.wav	kuanzia mashariki tarakea rombo hadi magharibi kwa kilimanjaro siha machame 	0
/scratch/skscla001/experiments/datasets/swagen/audio/common_voice_sw_30053582.wav	vuguvugu la maumau halikuwa na mafanikio makubwa kijeshi 	0
/scratch/skscla001/experiments/datasets/swagen/audio/common_voice_sw_29937102.wav	ulikuwa asilimia hamsini za wastani wa wamarekani 	1
/scratch/skscla001/experiments/datasets/swagen/audio/common_voice_sw_30043856.wav	masomo ya sekondari ya awali katika seminari ya katoke biharamulo 	1
/scratch/skscla001/experiments/datasets/swagen/audio/common_voice_sw_37098052.wav	ni muda ambao sitaweza kuusahau maishani mwangu 	0
/scratch/skscla001/experiments/datasets/swagen/audio/common_voice_sw_37223857.wav	imani hiyo hadi urusi mtemi wa kiev vladimir mkuu alipokea 	0
/scratch/skscla001/experiments/datasets/swagen/audio/common_voice_sw_31306587.wav	rais wa kwanza wa kenya alikuwa jomo kenyatta 	1
/scratch/skscla001/experiments/datasets/swagen/audio/common_voice_sw_30193884.wav	huku kilio miongoni mwa wananchi wadau na wanasiasa ndani na nje ya bunge 	0
/scratch/skscla001/experiments/datasets/swagen/audio/common_voice_sw_29902573.wav	baadae kichwa cha hussein kilionekana wakati wa karamu ya kifahari 	1
/scratch/skscla001/experiments/datasets/swagen/audio/common_voice_sw_34944301.wav	watu wengine na zaidi ya hayo hawajisifu kwa 	0
/scratch/skscla001/experiments/datasets/swagen/audio/common_voice_sw_30375760.wav	chatu wenye uwezo wa kupanda miti waneifanya tarangire kuwa ya kipekee 	0
/scratch/skscla001/experiments/datasets/swagen/audio/common_voice_sw_30261756.wav	mjukuu wake aitwaye mandla akaibua ya kuibua 	0
/scratch/skscla001/experiments/datasets/swagen/audio/common_voice_sw_29915168.wav	jiji la dar es salaam lilikua haraka na kumeza vijiji vingi vya wazaramo 	1
/scratch/skscla001/experiments/datasets/swagen/audio/common_voice_sw_31446483.wav	waswahili wa pwani waliuita huo mlima kilimanjaro 	0
/scratch/skscla001/experiments/datasets/swagen/audio/common_voice_sw_30570340.wav	kutokana na kitendo hicho mandela na viongozi wenzake walikamatwa 	0
/scratch/skscla001/experiments/datasets/swagen/audio/common_voice_sw_30342860.wav	pia wanapewa ajira kwenye viwanda vya uvuvi vilivyojengwa kwenye maeneo hayo 	1
/scratch/skscla001/experiments/datasets/swagen/audio/common_voice_sw_30182950.wav	kwa sababu waliiishi katika nchi zilizotunga sheria za kuwabana wakimbizi 	1
/scratch/skscla001/experiments/datasets/swagen/audio/common_voice_sw_28834519.wav	kuna idadi kubwa ya wanyamapori 	0
/scratch/skscla001/experiments/datasets/swagen/audio/common_voice_sw_29798694.wav	ufugaji wao ni wa kawaida tofauti na wenzao wakurya 	0
/scratch/skscla001/experiments/datasets/swagen/audio/common_voice_sw_34763053.wav	na kilomita za mraba elfu kumi na tisa mia mbili na nane 	0
/scratch/skscla001/experiments/datasets/swagen/audio/common_voice_sw_36617063.wav	a chancellor wa ujerumani angela mickel 	0
/scratch/skscla001/experiments/datasets/swagen/audio/common_voice_sw_30390056.wav	mourinho alikuwa na msimu mzuri sana 	0
/scratch/skscla001/experiments/datasets/swagen/audio/common_voice_sw_30582551.wav	samia suluhu hasasn aliingia madarakani 	0
/scratch/skscla001/experiments/datasets/swagen/audio/common_voice_sw_28989758.wav	alicheza kama mshambuliaji wa kati 	1
/scratch/skscla001/experiments/datasets/swagen/audio/common_voice_sw_28673127.wav	chakula pia hutolewa 	1
/scratch/skscla001/experiments/datasets/swagen/audio/common_voice_sw_35176681.wav	mmiliki wa faili hilo alikuwa ni alberto kito na ndipo jacob akamkumbuka debby 	0
/scratch/skscla001/experiments/datasets/swagen/audio/common_voice_sw_30004277.wav	waasu hawa wakatimka mbio na kuparamia milima ambayo sasa inaitwa milima ya upare 	0
/scratch/skscla001/experiments/datasets/swagen/audio/common_voice_sw_29905233.wav	wengi walipoteza maisha kwa hiyo nguvukazi ilipungua kwa kiwango kikubwa 	1
/scratch/skscla001/experiments/datasets/swagen/audio/common_voice_sw_37100386.wav	kuonesha uhusiano uliopo katiya kiswahili na kiarabu 	0
/scratch/skscla001/experiments/datasets/swagen/audio/common_voice_sw_30128611.wav	utu wake na mtizamo wake ulipenya nje ya kuta za gereza 	1
/scratch/skscla001/experiments/datasets/swagen/audio/common_voice_sw_36253358.wav	alikuwa amepoteza masaa meengi alipokuwa amepoteza fahamu 	1
/scratch/skscla001/experiments/datasets/swagen/audio/common_voice_sw_30130807.wav	kazi ya ualimu ndiyo iliyompatia jina ambalo lilimkaa maisha yake yote 	1
/scratch/skscla001/experiments/datasets/swagen/audio/common_voice_sw_30354762.wav	aliongoza wizara hiyo kwa takriban miaka kumi na mbili 	0
/scratch/skscla001/experiments/datasets/swagen/audio/common_voice_sw_30230418.wav	walichukua asilimia sitini na kudai haki zao 	0
/scratch/skscla001/experiments/datasets/swagen/audio/common_voice_sw_28725325.wav	iko kando ya mto main 	1
/scratch/skscla001/experiments/datasets/swagen/audio/common_voice_sw_30582919.wav	kuruhusu magari ya kivita vifaru na wanajeshi kuvuka mto kagera 	1
/scratch/skscla001/experiments/datasets/swagen/audio/common_voice_sw_30243939.wav	mazingira yakiwa mazuri husaidia hasa kwa afya ya watoto wachanga na watoto 	0
/scratch/skscla001/experiments/datasets/swagen/audio/common_voice_sw_35103582.wav	mshahara mzuri na kuku wa mayai pia 	0
/scratch/skscla001/experiments/datasets/swagen/audio/common_voice_sw_36389494.wav	milima inayopanda hadi ya kimo cha m elfu tatu mia sita kumi na moja 	1
/scratch/skscla001/experiments/datasets/swagen/audio/common_voice_sw_31285711.wav	kwasababu gharama za uendeshaji wa vita zilikuwa kubwa 	0
/scratch/skscla001/experiments/datasets/swagen/audio/common_voice_sw_34979771.wav	nakuja kukusaidia kufanya sherehe 	0
/scratch/skscla001/experiments/datasets/swagen/audio/common_voice_sw_31271655.wav	viongozi wa shirazi association ni thabit kombo na jecha muhidini 	0
/scratch/skscla001/experiments/datasets/swagen/audio/common_voice_sw_36013992.wav	kama hiyo hali imekutokezea 	1
/scratch/skscla001/experiments/datasets/swagen/audio/common_voice_sw_30585207.wav	mendi alizaa mtoto mmoja tu munchari na watu hawa hujiitia emendi 	0
/scratch/skscla001/experiments/datasets/swagen/audio/common_voice_sw_29779678.wav	maneno haya mawili hutumika kwa kubadilishana mara nyingi 	0
/scratch/skscla001/experiments/datasets/swagen/audio/common_voice_sw_29191678.wav	uso wao ni mweusi 	0
/scratch/skscla001/experiments/datasets/swagen/audio/common_voice_sw_35123943.wav	baada ya kurejea nchini cuba akitokea mexico aliongoza mapinduzi ya kijeshi 	0
/scratch/skscla001/experiments/datasets/swagen/audio/common_voice_sw_34958811.wav	miaka minane kama makamu wa rais wa reagan bush alijaribu kwa mara nyingine tena 	0
/scratch/skscla001/experiments/datasets/swagen/audio/common_voice_sw_30133525.wav	miaka kumi imepita tangu guardiola aondoke barcelona 	1
/scratch/skscla001/experiments/datasets/swagen/audio/common_voice_sw_28581703.wav	mauaji ya kimbari ya rwanda yalitokea wakati wa urais wake 	1
/scratch/skscla001/experiments/datasets/swagen/audio/common_voice_sw_28682474.wav	ni metali laini yenye rangi ya kifedha kijivu chumvi zake ni njano kijani 	1
/scratch/skscla001/experiments/datasets/swagen/audio/common_voice_sw_30327745.wav	hii ikapekelekea kuzuka kwa baadhi ya majina ya makabila mbalimbali 	0
/scratch/skscla001/experiments/datasets/swagen/audio/common_voice_sw_30023301.wav	kilimo ambacho ni uti wa mgongo huku wanawake wakiwa wanachangia pakubwa 	0
/scratch/skscla001/experiments/datasets/swagen/audio/common_voice_sw_36746528.wav	mambo ni mengi sana ikiwemo mfumuko wa bei 	0
/scratch/skscla001/experiments/datasets/swagen/audio/common_voice_sw_35582730.wav	moja aliiga mfumo wa kijeshi wa wasangu waliowahi kuwa kabila lenye nguvu kwa kujifunza 	0
/scratch/skscla001/experiments/datasets/swagen/audio/common_voice_sw_29796392.wav	maladona alifungwa bao la mkono wakicheza dhidi ya uingereza 	1
/scratch/skscla001/experiments/datasets/swagen/audio/common_voice_sw_30197739.wav	baadhi ya miamba imekaa kama shimo na mingine ikitengeneza vilima 	0
/scratch/skscla001/experiments/datasets/swagen/audio/common_voice_sw_29573648.wav	meno ya tembo ni tofauti sana na yale ya mamalia wengine 	1
/scratch/skscla001/experiments/datasets/swagen/audio/common_voice_sw_36386571.wav	amesema mashambulizi ya wanamgambo wa taliban 	1
/scratch/skscla001/experiments/datasets/swagen/audio/common_voice_sw_30058691.wav	kama vile hoteli na nyumba za wageni bila kusahau makambi ya mahema 	0
/scratch/skscla001/experiments/datasets/swagen/audio/common_voice_sw_35198801.wav	rais samia amesema kanisa hilo lina mchango mkubwa katika utoaji wa huduma za jamii 	0
/scratch/skscla001/experiments/datasets/swagen/audio/common_voice_sw_36039511.wav	zao na desturi zao lakini baada ya muda wamisri waliona 	0
/scratch/skscla001/experiments/datasets/swagen/audio/common_voice_sw_28682624.wav	spishi hizi hula matunda 	1
/scratch/skscla001/experiments/datasets/swagen/audio/common_voice_sw_35107823.wav	upungufu wa uchafuzi wa hewa hauathiri ukuzi wa kibiashara 	0
/scratch/skscla001/experiments/datasets/swagen/audio/common_voice_sw_30624180.wav	magufuli alipata elimu ya kiwango cha juu cha sekondari shule ya upili ya mkwawa 	0
/scratch/skscla001/experiments/datasets/swagen/audio/common_voice_sw_28745413.wav	aliwahi kucheza timu ya taifa ya burkina faso 	1
/scratch/skscla001/experiments/datasets/swagen/audio/common_voice_sw_29924815.wav	kwenye serikali na kuwafanya kuwa kundi la wapiganaji 	0
/scratch/skscla001/experiments/datasets/swagen/audio/common_voice_sw_36299579.wav	kuibiwa kura na rais wa sasa alibong onimba 	1
/scratch/skscla001/experiments/datasets/swagen/audio/common_voice_sw_31285927.wav	viingilio vinatofautia kulingana na umri wa watalii 	0
/scratch/skscla001/experiments/datasets/swagen/audio/common_voice_sw_29790810.wav	kunaweza pia kushuhudiwa dalili nyingine ya kawaida ni maumivu ya misuli au viungo 	0
/scratch/skscla001/experiments/datasets/swagen/audio/common_voice_sw_34907054.wav	kucha zake ni ndefu sana 	0
/scratch/skscla001/experiments/datasets/swagen/audio/common_voice_sw_37092541.wav	nambari ya saba ilichukuliwa na msichana 	1
/scratch/skscla001/experiments/datasets/swagen/audio/common_voice_sw_29942878.wav	akiona mambo yamekaa vibaya anawahi kuondoka kabla ya kuondoshwa 	1
/scratch/skscla001/experiments/datasets/swagen/audio/common_voice_sw_35438831.wav	aa ambaye pia anawania urais kwa wakati huu stanila 	0
/scratch/skscla001/experiments/datasets/swagen/audio/common_voice_sw_28820711.wav	ni pia rangi ya matunda mbalimbali na rangi ya damu 	1
/scratch/skscla001/experiments/datasets/swagen/audio/common_voice_sw_30362587.wav	kwa njia ya barabara kutoka hifadhi ya taifa ya serengeti 	0
/scratch/skscla001/experiments/datasets/swagen/audio/common_voice_sw_36945265.wav	kukuletea makala haya ni mimi mtayarishaji na mtangazaji wako 	1
/scratch/skscla001/experiments/datasets/swagen/audio/common_voice_sw_30092059.wav	alifanikiwa kulishinda jeshi la serikali lililokuwa linadhibitiwa 	1
/scratch/skscla001/experiments/datasets/swagen/audio/common_voice_sw_30081134.wav	manchester united ya sir alex ferguson ilikuwa matata 	0
/scratch/skscla001/experiments/datasets/swagen/audio/common_voice_sw_35104480.wav	mwaka wa elfu moja mia tisa hamsini na tano 	0
/scratch/skscla001/experiments/datasets/swagen/audio/common_voice_sw_28825447.wav	ndege hawa wanatokea maeneo wazi wa afrika asia na ulaya 	1
/scratch/skscla001/experiments/datasets/swagen/audio/common_voice_sw_36310684.wav	na kuweka bayana umoja huo unasaka uungwaji mkono 	1
/scratch/skscla001/experiments/datasets/swagen/audio/common_voice_sw_30351588.wav	mzee wa kimaasai wakati mmoja alituambia hilo 	0
/scratch/skscla001/experiments/datasets/swagen/audio/common_voice_sw_30340741.wav	timu nyingi za afrika zinajivunia kucheza kwenye uwanja wa mkapa 	1
/scratch/skscla001/experiments/datasets/swagen/audio/common_voice_sw_28662855.wav	mbali na kuigiza yeye pia ni mtayarishaji mwanamitindo na mtu wa runinga 	0
/scratch/skscla001/experiments/datasets/swagen/audio/common_voice_sw_30030026.wav	licha ya uwepo wa bahari ya hindi katika pwani ya mombasa 	0
/scratch/skscla001/experiments/datasets/swagen/audio/common_voice_sw_28743688.wav	makao makuu ya mkoa ni mji wa bukoba 	0
/scratch/skscla001/experiments/datasets/swagen/audio/common_voice_sw_29949665.wav	iwe unaingia ofisini umeenda dukani au unakutana na marafiki 	0
/scratch/skscla001/experiments/datasets/swagen/audio/common_voice_sw_29939251.wav	makao makuu ya mkoa yapo katika mji wa bukoba u 	0
/scratch/skscla001/experiments/datasets/swagen/audio/common_voice_sw_35409314.wav	utaenda makilometa makumi mbili makumi na tano sijui na 	0
/scratch/skscla001/experiments/datasets/swagen/audio/common_voice_sw_30342394.wav	mkataba wake utaanza mwaka elfu mbili na ishirini 	1
/scratch/skscla001/experiments/datasets/swagen/audio/common_voice_sw_30564070.wav	ziwa victoria lilikuwa linaitwa nyanza kwa upande wa tanzania 	0
/scratch/skscla001/experiments/datasets/swagen/audio/common_voice_sw_29796563.wav	hatimae waingereza waliijenga reli hii 	1
/scratch/skscla001/experiments/datasets/swagen/audio/common_voice_sw_35176858.wav	ukame wa mara kwa mara wafugaji wengi pamoja na wamasai hutumia nafaka katika maakuli 	0
/scratch/skscla001/experiments/datasets/swagen/audio/common_voice_sw_30470916.wav	nchi mbalimbali zilijitenga na kupata uhuru kama vile ugiriki 	1
/scratch/skscla001/experiments/datasets/swagen/audio/common_voice_sw_29895682.wav	sehemu hiyo inadumisha utalii wa kihistoria ndani ya tanzania 	1
/scratch/skscla001/experiments/datasets/swagen/audio/common_voice_sw_29848607.wav	akifanya maajabu na klabu yake ya ajax ya uholanzi 	0
/scratch/skscla001/experiments/datasets/swagen/audio/common_voice_sw_29257312.wav	huhesabiwa kati ya injili ndugu pamoja na mathayo na luka 	0
/scratch/skscla001/experiments/datasets/swagen/audio/common_voice_sw_30582798.wav	magufuli alisema ataendelea kumkumbuka mzee mkapa 	1
/scratch/skscla001/experiments/datasets/swagen/audio/common_voice_sw_29923141.wav	kati ya mlima meru na mlima kilimanjaro nyanda yenye rutuba 	0
/scratch/skscla001/experiments/datasets/swagen/audio/common_voice_sw_31996977.wav	hiyo hiyo ruhusa 	0
/scratch/skscla001/experiments/datasets/swagen/audio/common_voice_sw_29862545.wav	mwelekeo wa ujamaa wa baadhi katika serikali mpya 	1
/scratch/skscla001/experiments/datasets/swagen/audio/common_voice_sw_37094907.wav	watano walioshtakiwa kwa kosa la mauwaji ya biko 	0
/scratch/skscla001/experiments/datasets/swagen/audio/common_voice_sw_35437885.wav	kukatokea na mashambulizi ya mwi kabla 	0
/scratch/skscla001/experiments/datasets/swagen/audio/common_voice_sw_28681624.wav	florida ilitawaliwa kama mkoa chini ya ufalme mdogo wa hispania mpya 	1
/scratch/skscla001/experiments/datasets/swagen/audio/common_voice_sw_30224199.wav	kama vile ufaransa na canada bila kuisahau uingereza na ujerumani 	0
/scratch/skscla001/experiments/datasets/swagen/audio/common_voice_sw_29963209.wav	inapatikana mkoani morogoro na ilianzishwa mwaka wa elfu moja mia tisa sitini na nne 	1
/scratch/skscla001/experiments/datasets/swagen/audio/common_voice_sw_36382234.wav	na mabepari wa venus mwaka elfumoja miatisa sitini na tisa 	1
/scratch/skscla001/experiments/datasets/swagen/audio/common_voice_sw_31584339.wav	ilikuwa novemba tano mwaka elfu mbili 	0
/scratch/skscla001/experiments/datasets/swagen/audio/common_voice_sw_30586136.wav	nchi nyingi hujivunia utawala wa serikali ya nchi ya tanzania 	1
/scratch/skscla001/experiments/datasets/swagen/audio/common_voice_sw_29797397.wav	mchezo wa ufunguzi ulimalizika kwa sare ya bao moja kwa moja 	0
/scratch/skscla001/experiments/datasets/swagen/audio/common_voice_sw_28581653.wav	wao ni wadudu mbuai na hula wadudu wengine wadogo kwa mfano 	1
/scratch/skscla001/experiments/datasets/swagen/audio/common_voice_sw_30709785.wav	kama hujawahi kutembelea ni vyema ukajitahidi kutafuta 	0
/scratch/skscla001/experiments/datasets/swagen/audio/common_voice_sw_36373725.wav	wa amazon umepata asilimia hamsini mrefu na 	1
/scratch/skscla001/experiments/datasets/swagen/audio/common_voice_sw_30196402.wav	kukabiliana na mistari yao ni ishara ya kuimba kwa wanawake 	0
/scratch/skscla001/experiments/datasets/swagen/audio/common_voice_sw_32323898.wav	lulu humilikiwa na vachu matajiri nno na ina thamani sana 	1
/scratch/skscla001/experiments/datasets/swagen/audio/common_voice_sw_30527177.wav	historia ya mkoa wa mara inaanzia mwaka elfu moja mia tisa kumi na sita 	0
/scratch/skscla001/experiments/datasets/swagen/audio/common_voice_sw_30233551.wav	aliitumikia kwa misimu minne akibeba taji la la liga katika msimu wake mwisho 	1
/scratch/skscla001/experiments/datasets/swagen/audio/common_voice_sw_30314119.wav	wakati waingereze walipowafukuza ili kutayarisha mashamaba ya wakoloni 	0
/scratch/skscla001/experiments/datasets/swagen/audio/common_voice_sw_29935937.wav	nono alikuwa mtawala wa mwisho wa wenyeji asilia 	1
/scratch/skscla001/experiments/datasets/swagen/audio/common_voice_sw_35107820.wav	ili waweze kuondokana na utumiaji wa madawa na hawa wanaouza madawa ya kulevya 	0
/scratch/skscla001/experiments/datasets/swagen/audio/common_voice_sw_35177057.wav	mifumo ya kutoa makafara na ya upatanisho yaliagizwa ili kuwapatanisha wavunjaji wa amri kumi 	0
/scratch/skscla001/experiments/datasets/swagen/audio/common_voice_sw_37095295.wav	tutatangaza matokeo yetu na ikiwa uchaguzi utaibiwa sitarudi tena mahakamani 	1
/scratch/skscla001/experiments/datasets/swagen/audio/common_voice_sw_34391337.wav	naye atafanya agano thabiti na watu wengi kwa muda wa juma moja na kwa 	1
/scratch/skscla001/experiments/datasets/swagen/audio/common_voice_sw_35132750.wav	emmanuel ni mrefu 	1
/scratch/skscla001/experiments/datasets/swagen/audio/common_voice_sw_37229823.wav	na kusema kwamba sio urembo wa asilia 	1
/scratch/skscla001/experiments/datasets/swagen/audio/common_voice_sw_30341572.wav	utalii wa utamaduni ukidumishwa makabila yanaweza kufaidika 	0
/scratch/skscla001/experiments/datasets/swagen/audio/common_voice_sw_30121725.wav	wasambaa wamegawanyika katika koo mbalimbali ndani ya jamii zao 	1
/scratch/skscla001/experiments/datasets/swagen/audio/common_voice_sw_29793059.wav	zinazotumiwa na wavuvi wadogo wadogo wa mataifa haya 	0
/scratch/skscla001/experiments/datasets/swagen/audio/common_voice_sw_30323459.wav	wanadamu wanampenda sana kuishi karibu na tausi 	1
/scratch/skscla001/experiments/datasets/swagen/audio/common_voice_sw_30629947.wav	tembo ana ukubwa wa tani saba 	1
/scratch/skscla001/experiments/datasets/swagen/audio/common_voice_sw_29684576.wav	uchumi hutegemea misaada kutoka ufaransa 	0
/scratch/skscla001/experiments/datasets/swagen/audio/common_voice_sw_29994905.wav	shanga za shingoni husogea kwa mdundo wakati wanacheza 	1
/scratch/skscla001/experiments/datasets/swagen/audio/common_voice_sw_30478657.wav	mungu ni mkuu kuliko hofu uliyonayo 	1
/scratch/skscla001/experiments/datasets/swagen/audio/common_voice_sw_29175058.wav	pori hubeba vitu mbalimbali kama wadudu wanyama miti nyasi nakadhalika 	0
/scratch/skscla001/experiments/datasets/swagen/audio/common_voice_sw_30667250.wav	simulizi inayoendana na ufafanuzi wa matukio yanayoripotiwa 	0
/scratch/skscla001/experiments/datasets/swagen/audio/common_voice_sw_31909821.wav	kwenyu hakufungwi nlango usiku 	0
/scratch/skscla001/experiments/datasets/swagen/audio/common_voice_sw_29539276.wav	kwa mfano nadharia ya utafiti 	0
/scratch/skscla001/experiments/datasets/swagen/audio/common_voice_sw_36944892.wav	wamekuwa wakidhani kwamba mkoa huo una kabila moja tu wakurya 	1
/scratch/skscla001/experiments/datasets/swagen/audio/common_voice_sw_30299581.wav	licha ya kuiingizia nchi mapato makubwa pia ni maeneo yenye fursa kubwa 	0
/scratch/skscla001/experiments/datasets/swagen/audio/common_voice_sw_30074699.wav	ipo bahari ya hindi ambayo ni njia kuu ya usafirishaji wa mizigo 	0
/scratch/skscla001/experiments/datasets/swagen/audio/common_voice_sw_29796576.wav	mji mkongwe wa bagamoyo unakadiriwa kuanza kutukuka 	1
/scratch/skscla001/experiments/datasets/swagen/audio/common_voice_sw_35103847.wav	benki kuu ya tanzania ina muundo wa bodi yake 	0
/scratch/skscla001/experiments/datasets/swagen/audio/common_voice_sw_31304405.wav	wasanii wengi walitumia warsha hizi na kuanzisha blogi zao na kuandika makala 	1
/scratch/skscla001/experiments/datasets/swagen/audio/common_voice_sw_28306009.wav	tangu kale anaheshimiwa na waorthodoksi wakatoliki na waanglikana kama mtakatifu 	1
/scratch/skscla001/experiments/datasets/swagen/audio/common_voice_sw_36386002.wav	ulifanya kazi gani 	1
/scratch/skscla001/experiments/datasets/swagen/audio/common_voice_sw_28681619.wav	mifugo ni pamoja na ng ombe mbuzi kondoo na kuku 	1
/scratch/skscla001/experiments/datasets/swagen/audio/common_voice_sw_37086705.wav	askari wa cheo cha chini bwana hezekiah ochuka 	0
/scratch/skscla001/experiments/datasets/swagen/audio/common_voice_sw_37229674.wav	uwezo na kibali sahihi kuchunguza na kuthibitisha 	1
/scratch/skscla001/experiments/datasets/swagen/audio/common_voice_sw_29700321.wav	pamoja na mt 	0
/scratch/skscla001/experiments/datasets/swagen/audio/common_voice_sw_29788369.wav	mkutano huo ulifanyika kuanzia mwaka elfu moja mia nane themanini na nne 	0
/scratch/skscla001/experiments/datasets/swagen/audio/common_voice_sw_30201646.wav	ziwa edward liko ndani ya mbuga ya wanyama ya virunga 	1
/scratch/skscla001/experiments/datasets/swagen/audio/common_voice_sw_30364231.wav	wapinzani walimhakikishia nyerere kuwa wangeweza kukusanya wapambanaji wa kutosha 	1
/scratch/skscla001/experiments/datasets/swagen/audio/common_voice_sw_29822575.wav	alitafiti na kutengeneza mfumo wa madaraja nchini tanzania 	1
/scratch/skscla001/experiments/datasets/swagen/audio/common_voice_sw_29624515.wav	katika nchi nyingi huwa na kawaida ya kutembelea pia makaburi ya marehemu 	1
/scratch/skscla001/experiments/datasets/swagen/audio/common_voice_sw_37225640.wav	uliopo tunapozungumza juu ya uchafuzi wa mazingira tunazungumzia 	0
/scratch/skscla001/experiments/datasets/swagen/audio/common_voice_sw_29788683.wav	hivyo waliwafukuza kwa kupigana kama ilivyokuwa kwa makabila mengi 	0
/scratch/skscla001/experiments/datasets/swagen/audio/common_voice_sw_35438645.wav	benki kuu ya tanzania ina manaibu gavana watatu 	0
/scratch/skscla001/experiments/datasets/swagen/audio/common_voice_sw_29350927.wav	nchi mara nyingi huwekwa ndani ya makundi manne hafifu ya maendeleo 	0
/scratch/skscla001/experiments/datasets/swagen/audio/common_voice_sw_30582095.wav	engai ni mungu mmoja mwenye asili mbili 	0
/scratch/skscla001/experiments/datasets/swagen/audio/common_voice_sw_37223253.wav	wanapokuwa wagonjwa punde tu wanapotahiriwa au wanapojifungua 	1
/scratch/skscla001/experiments/datasets/swagen/audio/common_voice_sw_30146041.wav	kunakuwepo na sherehe kadhaa zinazofuatana pale mashujaa wanapoingia 	1
/scratch/skscla001/experiments/datasets/swagen/audio/common_voice_sw_30572095.wav	mwalimu nyerere alikuwa anajiamini kupita kiasi 	0
/scratch/skscla001/experiments/datasets/swagen/audio/common_voice_sw_38106566.wav	kisha bekteria hao huingia kwenye mfumo wa kusaga au kumengenya chakula 	1
/scratch/skscla001/experiments/datasets/swagen/audio/common_voice_sw_35156844.wav	jamaa aliyekuwa ameketi kwenye usukani wa dereva aligeuka 	0
/scratch/skscla001/experiments/datasets/swagen/audio/common_voice_sw_30024456.wav	wanajituma kwenye kazi hasa za kilimo 	1
/scratch/skscla001/experiments/datasets/swagen/audio/common_voice_sw_28670215.wav	hakuna lugha nyingine duniani inayozungumzwa hadi leo yenye historia ndefu kuliko hii isipokuwa kichina 	1
/scratch/skscla001/experiments/datasets/swagen/audio/common_voice_sw_30205368.wav	jeshi la uganda ndilo linafanya kazi ya kulinda amani nchini somalia 	0
/scratch/skscla001/experiments/datasets/swagen/audio/common_voice_sw_30262167.wav	wanahistoria na watalii kote duniani hutembelea 	0
/scratch/skscla001/experiments/datasets/swagen/audio/common_voice_sw_35106328.wav	wakati wa sherehe au matatizo aidha hata pombe ya mbege utaweza kuikuta kwenye makusanyiko 	0
/scratch/skscla001/experiments/datasets/swagen/audio/common_voice_sw_30025127.wav	ronaldo aliondoka united baada ya tevez kuondoka 	0
/scratch/skscla001/experiments/datasets/swagen/audio/common_voice_sw_30026685.wav	inaongezeka halmashauri ya wilaya ya rombo na halmashauri ya wilaya ya hai 	1
/scratch/skscla001/experiments/datasets/swagen/audio/common_voice_sw_30201230.wav	pia kuna tambarare zenye nyasi nzuri zenye kupendeza 	1
/scratch/skscla001/experiments/datasets/swagen/audio/common_voice_sw_35963972.wav	licha ya mafanikio hayo lakini pia mashirika haya yamekuwa yakikumbwa na vikwazo vingi 	1
/scratch/skscla001/experiments/datasets/swagen/audio/common_voice_sw_30201827.wav	kila ukoo ulikuwa na kitu walichokatazwa kula omuziro 	1
/scratch/skscla001/experiments/datasets/swagen/audio/common_voice_sw_30653595.wav	waliamua kukataa manyanyaso na masumbuko dhidi ya wakoloni 	0
/scratch/skscla001/experiments/datasets/swagen/audio/common_voice_sw_29796075.wav	ukeketaji nchini kenya unatekelezwa kwa asilimia thelathini na nane 	1
/scratch/skscla001/experiments/datasets/swagen/audio/common_voice_sw_30098687.wav	mapinga magomeni makurunge kiromo yombo na kitame lilipokuwa soko la watumwa 	1
/scratch/skscla001/experiments/datasets/swagen/audio/common_voice_sw_30660108.wav	maonesho hayo yanashirikisha nchi takribani ishirini 	0
/scratch/skscla001/experiments/datasets/swagen/audio/common_voice_sw_34958100.wav	eeh huenda walishauriana na utakumbukwa vizuri alisema kwamba awali walikuwa wameshauriana 	0
/scratch/skscla001/experiments/datasets/swagen/audio/common_voice_sw_35774712.wav	tetere ni mtu wa usalama kama yeye 	0
/scratch/skscla001/experiments/datasets/swagen/audio/common_voice_sw_29795500.wav	kaburi lilipambwa kwa kusimamisha ubao mguuni na sanamu ya ubao wenye kofia 	1
/scratch/skscla001/experiments/datasets/swagen/audio/common_voice_sw_37093593.wav	sehemu nyingine za bara la afrika na nje ya 	1
/scratch/skscla001/experiments/datasets/swagen/audio/common_voice_sw_32090625.wav	polisi huchisia vachu kwa bundhuki dhavo 	1
/scratch/skscla001/experiments/datasets/swagen/audio/common_voice_sw_37211827.wav	inadaiwa watu hao wamesilimu kutoka ukristu na kuwa waislamu 	0
/scratch/skscla001/experiments/datasets/swagen/audio/common_voice_sw_30574135.wav	alikuwa na nia ya kujenga muungano wa afrika ili iwe kitu kimoja 	0
/scratch/skscla001/experiments/datasets/swagen/audio/common_voice_sw_29902798.wav	ngao ya barafu ilikuwa na kilomita za mraba kumi na mbili 	1
/scratch/skscla001/experiments/datasets/swagen/audio/common_voice_sw_28582717.wav	pwani hizo zilikuwa mapema sehemu ya biashara ya kimataifa katika bahari hindi 	1
/scratch/skscla001/experiments/datasets/swagen/audio/common_voice_sw_30667212.wav	umaarufu wa filamu hiyo ulichangiwa na ushiriki wa mastaa 	0
/scratch/skscla001/experiments/datasets/swagen/audio/common_voice_sw_30357297.wav	ujenzi wa nyumba hufanyika kwa ushirikiano mkubwa sana 	0
/scratch/skscla001/experiments/datasets/swagen/audio/common_voice_sw_29788555.wav	makaburi ya chifu mapenza wa wagogo yaliyopo ndani ya hifadhi 	0
/scratch/skscla001/experiments/datasets/swagen/audio/common_voice_sw_30377021.wav	sababu ya msingi iliyopelekea kuanzishwa kwa mamlaka ya hifadhi ya ngorongoro 	0
/scratch/skscla001/experiments/datasets/swagen/audio/common_voice_sw_29791346.wav	wakati bibi inapofika yeye anapokea mtoto kuwaonyesha watoto 	0
/scratch/skscla001/experiments/datasets/swagen/audio/common_voice_sw_30195894.wav	alipata habari ya kwamba hata mdogo wake mpangile alishikamana na wajerumani 	0
/scratch/skscla001/experiments/datasets/swagen/audio/common_voice_sw_30522450.wav	kwa ajili ya kujikinga dhidi ya kuumwa na mbu 	0
/scratch/skscla001/experiments/datasets/swagen/audio/common_voice_sw_37098275.wav	ee iwasaidie watu wake kwamba inapofikia stage 	0
/scratch/skscla001/experiments/datasets/swagen/audio/common_voice_sw_30034719.wav	castro alikamatwa na kufungwa baada ya uvamizi wake dhidi ya moncada 	0
/scratch/skscla001/experiments/datasets/swagen/audio/common_voice_sw_29993169.wav	vazi la kujifunga kiunoni na mabegani ambayo husukwa kwa pamba 	1
/scratch/skscla001/experiments/datasets/swagen/audio/common_voice_sw_34962824.wav	ligi ya mabingwa afrika elfu mbili na kumi na sita mamelodi sundowns 	0
/scratch/skscla001/experiments/datasets/swagen/audio/common_voice_sw_29937520.wav	alisisitiza kwamba sehemu ya matamshi huwa na umuhimu wa kuonyesha hali kati ka tamthilia 	1
/scratch/skscla001/experiments/datasets/swagen/audio/common_voice_sw_30718717.wav	alieleza makazi huko katika valkano ya ngorongoro 	0
/scratch/skscla001/experiments/datasets/swagen/audio/common_voice_sw_29787926.wav	ni bilionea ambaye ametambuliwa kuwa miongoni mwa mabilionea wa umri mdogo zaidi afrika 	1
/scratch/skscla001/experiments/datasets/swagen/audio/common_voice_sw_35103632.wav	amezungumza na wanahabari katika jiji la tripoli na kushusha shutuma nzito 	0
/scratch/skscla001/experiments/datasets/swagen/audio/common_voice_sw_30004632.wav	mwenge unarudisha heshima ya wale wote waliopoteza heshima 	0
/scratch/skscla001/experiments/datasets/swagen/audio/common_voice_sw_29797913.wav	man city wametumia pesa nyingi sana kujenga timu 	0
/scratch/skscla001/experiments/datasets/swagen/audio/common_voice_sw_36389457.wav	nalitakasika kwa damu 	1
/scratch/skscla001/experiments/datasets/swagen/audio/common_voice_sw_30341915.wav	hili ni swali ambalo mamlaka za ulinzi na usalama za uganda zinapaswa kulijibu 	1
/scratch/skscla001/experiments/datasets/swagen/audio/common_voice_sw_29923851.wav	alifanya hivyo ili kuleta muungano katika mapigano ya uhuru 	0
/scratch/skscla001/experiments/datasets/swagen/audio/common_voice_sw_30582629.wav	ngamia huishi katika maeneo kame na jangwa 	0
/scratch/skscla001/experiments/datasets/swagen/audio/common_voice_sw_30562931.wav	inaweza hata kuchukua miaka kumi na tano nchi haijapata matokeo 	0
/scratch/skscla001/experiments/datasets/swagen/audio/common_voice_sw_29618159.wav	kichwa ni kifupi na kwa umbo la tufe nusu 	1
/scratch/skscla001/experiments/datasets/swagen/audio/common_voice_sw_31283812.wav	waargentina walitamba wakiwa na maradona 	0
/scratch/skscla001/experiments/datasets/swagen/audio/common_voice_sw_29847267.wav	kwa maana raia wa tanzania wanapeleka bidhaa burundi 	0
/scratch/skscla001/experiments/datasets/swagen/audio/common_voice_sw_35103687.wav	tutashinda vita hii endapo wananchi pia watatuunga mkono 	0
/scratch/skscla001/experiments/datasets/swagen/audio/common_voice_sw_37094141.wav	bi hassan alichaguliwa kwa kura mia tatu na tisini 	0
/scratch/skscla001/experiments/datasets/swagen/audio/common_voice_sw_30718194.wav	huonekana wakati tayari ini limenyauka au lina kansa 	0
/scratch/skscla001/experiments/datasets/swagen/audio/common_voice_sw_30224588.wav	alikuja kumfukuza badae lakini pia aliwateua wazungu 	0
/scratch/skscla001/experiments/datasets/swagen/audio/common_voice_sw_29430620.wav	mapema alianza kuheshimiwa kama mwenye heri 	0
/scratch/skscla001/experiments/datasets/swagen/audio/common_voice_sw_35155411.wav	ya miti mitubwi na kuingia bara la ulaya 	0
/scratch/skscla001/experiments/datasets/swagen/audio/common_voice_sw_30341808.wav	ujuzi wa mambo unaongezeka kwa kujifunza 	1
/scratch/skscla001/experiments/datasets/swagen/audio/common_voice_sw_35103468.wav	alirudi kwenye lile daftari na kusoma ule mtaa mwisho akafunika na kulirudisha kwenye shelfu 	0
/scratch/skscla001/experiments/datasets/swagen/audio/common_voice_sw_30624075.wav	kama ilivyo kawaida ya maisha kwa kiumbe yeyote aliye hai 	0
/scratch/skscla001/experiments/datasets/swagen/audio/common_voice_sw_31304347.wav	alikuwa anashirikiana na viongozi wake kwa amani na upendo 	1
/scratch/skscla001/experiments/datasets/swagen/audio/common_voice_sw_30341979.wav	kutetemeka vipindi vikali vya kutetemeka kwa dakika kadhaa na hudumu hadi saa moja 	1
/scratch/skscla001/experiments/datasets/swagen/audio/common_voice_sw_29923252.wav	katiba ya mwaka elfu moja mia tisa sitini na mbili ndiyo ilitungwa na watanganyika 	0
/scratch/skscla001/experiments/datasets/swagen/audio/common_voice_sw_29698018.wav	babeli uliendelea kuwa mji muhimu katika dola la uajemi 	1
/scratch/skscla001/experiments/datasets/swagen/audio/common_voice_sw_29304532.wav	kwa hiyo mara nyingi si lazima kulenga ushindi dhidi ya mpinzani 	0
/scratch/skscla001/experiments/datasets/swagen/audio/common_voice_sw_28673138.wav	hakuna habari za uhakika kuhusu maisha yake ya baadaye 	1
/scratch/skscla001/experiments/datasets/swagen/audio/common_voice_sw_35222494.wav	wachambuzi wa siasa wanasema mzozo huo ni ishara 	0
/scratch/skscla001/experiments/datasets/swagen/audio/common_voice_sw_29895968.wav	weusi katika ngozi yako havitakuwepo tena 	1
/scratch/skscla001/experiments/datasets/swagen/audio/common_voice_sw_35214600.wav	lincoln alikowahi kusoma mwenyewe na kilichokuwa chuo kwa waamerika weusi nkrumah angependelea kusoma london 	0
/scratch/skscla001/experiments/datasets/swagen/audio/common_voice_sw_34906848.wav	uu akielezea pengine inaweza ikawa hujma au kitu kingine 	0
/scratch/skscla001/experiments/datasets/swagen/audio/common_voice_sw_37217559.wav	jambo la kwanza waziri wa sheria masuala ya katiba 	0
/scratch/skscla001/experiments/datasets/swagen/audio/common_voice_sw_34833575.wav	kila timu ikiwa na wachezaji kumi na mmoja 	0
/scratch/skscla001/experiments/datasets/swagen/audio/common_voice_sw_29791665.wav	hadi mwaka wa elfu moja mia tatu thelathini na tano 	0
/scratch/skscla001/experiments/datasets/swagen/audio/common_voice_sw_29996657.wav	maboga hushikilia maziwa ambayo hutolewa kwa wageni 	1
/scratch/skscla001/experiments/datasets/swagen/audio/common_voice_sw_37083272.wav	ika kampani zangu kutiliamukazo swala la kutilia amani na utulivu 	1
/scratch/skscla001/experiments/datasets/swagen/audio/common_voice_sw_34826911.wav	anampenda mama yake 	0
/scratch/skscla001/experiments/datasets/swagen/audio/common_voice_sw_30091394.wav	mkwawa alisikia habari za wajerumani akajaribu kuwasiliana nao lakini hawakuelewana 	1
/scratch/skscla001/experiments/datasets/swagen/audio/common_voice_sw_30036046.wav	kilichonileta hapa ni kufafanua lengo la fedha hizo 	0
/scratch/skscla001/experiments/datasets/swagen/audio/common_voice_sw_35224223.wav	kwa hiyo wameboresha zaidi wasiwe na wasiwasi wanovyokwenda kutengeneza nywele 	1
/scratch/skscla001/experiments/datasets/swagen/audio/common_voice_sw_30718704.wav	nchi karibu zote za africa mashariki zinatumia tanzania kupokea mizigo 	0
/scratch/skscla001/experiments/datasets/swagen/audio/common_voice_sw_30623907.wav	inayokamilisha wilaya tano za mkoa wa mtwara 	0
/scratch/skscla001/experiments/datasets/swagen/audio/common_voice_sw_30114895.wav	kaburi lilipambwa kwa kusimamisha ubao mguuni na sanamu ya ubao 	1
/scratch/skscla001/experiments/datasets/swagen/audio/common_voice_sw_29795256.wav	abeid amani karume alipeleka barua ya kuomba kazi melini 	1
/scratch/skscla001/experiments/datasets/swagen/audio/common_voice_sw_37095778.wav	yametangaza kuwa yatakabidhi mikoa kadhaa yenye usalama kwa vikosi vya usalama vya afghanistan 	0
/scratch/skscla001/experiments/datasets/swagen/audio/common_voice_sw_29902475.wav	na kuchapa kazi na pia kusimamia vyema nyumba yake 	1
/scratch/skscla001/experiments/datasets/swagen/audio/common_voice_sw_35123640.wav	lakini kwa sababu hakukataa moja kwa moja 	0
/scratch/skscla001/experiments/datasets/swagen/audio/common_voice_sw_30046316.wav	watanzania tumempoteza kiongozi mpiganaji na mwenye uchungu na nchi yake 	0
/scratch/skscla001/experiments/datasets/swagen/audio/common_voice_sw_36615356.wav	kuna upangaji mkakati wa pwani na bahari na usimamizi wa bahari 	0
/scratch/skscla001/experiments/datasets/swagen/audio/common_voice_sw_31285870.wav	mwamubambe alipoona mambo yamemzidia akatimua mbio 	0
/scratch/skscla001/experiments/datasets/swagen/audio/common_voice_sw_31370831.wav	kwa kiasi fulani ukomeshaji wa biashara ya utumwa ulikuwa unamanufaa ya kiuchumi kwao 	1
/scratch/skscla001/experiments/datasets/swagen/audio/common_voice_sw_30653488.wav	kiwili ni msamiati mwingine wa kipare 	0
/scratch/skscla001/experiments/datasets/swagen/audio/common_voice_sw_36640749.wav	utapata kwamba moyo wako wadunda haraka kuliko kawaida 	0
/scratch/skscla001/experiments/datasets/swagen/audio/common_voice_sw_35171927.wav	lakini sahihi ambayo inazungumza juu ya tabia yao dhahiri ya 	0
/scratch/skscla001/experiments/datasets/swagen/audio/common_voice_sw_35103991.wav	kupambana taarifa kutoka jeshi la polisi la nchi hiyo zimethibitisha 	0
/scratch/skscla001/experiments/datasets/swagen/audio/common_voice_sw_37087884.wav	atazungumza pia na wakazi wa halmashauri hiyo pamoja na maeneo jirani 	0
/scratch/skscla001/experiments/datasets/swagen/audio/common_voice_sw_29937730.wav	maonyesho ya nane nane kitaifa mwaka huu tatafanyika katika kanda nane 	1
/scratch/skscla001/experiments/datasets/swagen/audio/common_voice_sw_29960258.wav	udongo na chokaa iliyochomwa matumbawe na magamba ya konokono wa bahari 	1
/scratch/skscla001/experiments/datasets/swagen/audio/common_voice_sw_30076190.wav	huyu ni mwanasiasa tishio kwa wengine wote walio madarakani 	0
/scratch/skscla001/experiments/datasets/swagen/audio/common_voice_sw_37092582.wav	kumsaidia wapiganaji pia warundi walitumia ardhi ya buha kupigana na wanyamwez 	0
/scratch/skscla001/experiments/datasets/swagen/audio/common_voice_sw_30008199.wav	hasa wa kanisa katoliki pia siku hizi hata mabondeni 	1
/scratch/skscla001/experiments/datasets/swagen/audio/common_voice_sw_36310805.wav	jacob alimtoa hofu na kumwambia yupo mahali salama na yeye ndio aliagizwa aletwe 	1
/scratch/skscla001/experiments/datasets/swagen/audio/common_voice_sw_29798416.wav	kaburi la barbosa lilitengwa na wabrazil 	0
/scratch/skscla001/experiments/datasets/swagen/audio/common_voice_sw_29797220.wav	wapagazi wengi walikuwa watu wa maeneo ya magharibi 	1
/scratch/skscla001/experiments/datasets/swagen/audio/common_voice_sw_29915388.wav	kongosho haitengenezi kabisa insulini au inatengeneza kwa kiasi kidogo sana 	1
/scratch/skscla001/experiments/datasets/swagen/audio/common_voice_sw_29505205.wav	nimonia hutokea kwa wale wana majeraha kwa mfumo wa kupumua 	0
/scratch/skscla001/experiments/datasets/swagen/audio/common_voice_sw_30574002.wav	wakulima wao waliishi sehemu za milimani 	0
/scratch/skscla001/experiments/datasets/swagen/audio/common_voice_sw_29925858.wav	alikaa sudan kwa kipindi cha muda wa miaka 	0
/scratch/skscla001/experiments/datasets/swagen/audio/common_voice_sw_29957459.wav	karol aliomba asome upadri kwa ajili ya kumtumikia mungu 	1
/scratch/skscla001/experiments/datasets/swagen/audio/common_voice_sw_30338775.wav	magofu haya ni miongoni mwa historia ya kale barani afrika 	1
/scratch/skscla001/experiments/datasets/swagen/audio/common_voice_sw_30262107.wav	uholanzi alishika nafasi ya tatu kwenye michuano ya kombe la dunia 	0
/scratch/skscla001/experiments/datasets/swagen/audio/common_voice_sw_30671690.wav	hutoweka maeneo hayo na hata mtoto pia hujihami kwa kuingia katika mfuko 	1
/scratch/skscla001/experiments/datasets/swagen/audio/common_voice_sw_35172737.wav	nchi hiyo ilianza kupelekea mataifa mengine msaada 	0
/scratch/skscla001/experiments/datasets/swagen/audio/common_voice_sw_36381026.wav	zinapunguza utegemeaji wa baadhi ya fueli na mazoea yenye 	1
/scratch/skscla001/experiments/datasets/swagen/audio/common_voice_sw_29796794.wav	mwanafizikia ambaye amegundua kani mvutano 	1
/scratch/skscla001/experiments/datasets/swagen/audio/common_voice_sw_30368636.wav	hawa wote huajiriwa na serikali chini ya mamlaka ya hifadhi 	0
/scratch/skscla001/experiments/datasets/swagen/audio/common_voice_sw_30188599.wav	ulisababisha kuchomeka kwa miche mipya ya miti ya mbuga hiyo 	0
/scratch/skscla001/experiments/datasets/swagen/audio/common_voice_sw_29979547.wav	brazil iliweka historia ya kushinda kombe la ubingwa wa dunia kwa mara ya nne 	1
/scratch/skscla001/experiments/datasets/swagen/audio/common_voice_sw_29163693.wav	hakuna hakika kuhusu wakazi wa kwanza 	0
/scratch/skscla001/experiments/datasets/swagen/audio/common_voice_sw_30653681.wav	misitu hutupatia mbao kwaajili ya ujenzi 	0
/scratch/skscla001/experiments/datasets/swagen/audio/common_voice_sw_30030244.wav	ambao uliyagharimu maisha ya mamia ya wapendwa wetu 	0
/scratch/skscla001/experiments/datasets/swagen/audio/common_voice_sw_30334762.wav	mohammed anaunda safu ya ulinzi ya azam ambayo ndio timu pekee mpaka sasa 	1
/scratch/skscla001/experiments/datasets/swagen/audio/common_voice_sw_29623344.wav	jina hilo linatokana na neno la kwanza la wimbo huo katika tafsiri ya kilatini 	1
/scratch/skscla001/experiments/datasets/swagen/audio/common_voice_sw_30200964.wav	sehemu kubwa ya mkoa ni yenye milima 	1
/scratch/skscla001/experiments/datasets/swagen/audio/common_voice_sw_29938218.wav	aliporejea tanganyika kutoka masomoni nyerere alifundisha historia kingereza na kiswahili 	1
/scratch/skscla001/experiments/datasets/swagen/audio/common_voice_sw_31285078.wav	operesheni hiyo ilipewa jina operation neptune spear 	0
/scratch/skscla001/experiments/datasets/swagen/audio/common_voice_sw_30176823.wav	kwa miaka kadhaa alikaa guinea na baadae akapelekwa huko romania 	0
/scratch/skscla001/experiments/datasets/swagen/audio/common_voice_sw_30354921.wav	ziwa victoria ni kivutio cha watalii 	1
/scratch/skscla001/experiments/datasets/swagen/audio/common_voice_sw_28669383.wav	magharibi iko morogoro vijijini na upande wa mashariki wilaya inapakana na bahari ya hindi 	1
/scratch/skscla001/experiments/datasets/swagen/audio/common_voice_sw_29898550.wav	wenyeji pia wana zao la miti ya ulanzi 	1
/scratch/skscla001/experiments/datasets/swagen/audio/common_voice_sw_36040547.wav	majeshi ya baba yake hayatoshindwa 	1
/scratch/skscla001/experiments/datasets/swagen/audio/common_voice_sw_30629032.wav	samia alijiunga na shule ya sekondari ngambo na lumumba unguja 	1
/scratch/skscla001/experiments/datasets/swagen/audio/common_voice_sw_36386305.wav	walihudhuria viongozi wengine wakiwemo mabalozi wadogo wanaoziwakilisha nchi zao hapa zanzibar 	1
/scratch/skscla001/experiments/datasets/swagen/audio/common_voice_sw_28673117.wav	lakini waprotestanti kwa jumla ni wengi zaidi 	1
/scratch/skscla001/experiments/datasets/swagen/audio/common_voice_sw_34835986.wav	ambavyo watu wanaweza kuweka nyumbani mwao 	0
/scratch/skscla001/experiments/datasets/swagen/audio/common_voice_sw_30177430.wav	walikuwa na homa ya pneumonia na saratani ya ngozi 	0
/scratch/skscla001/experiments/datasets/swagen/audio/common_voice_sw_30671176.wav	wengi walitokea kumchukia idd amin katika kipindi chote cha utawala wake 	1
/scratch/skscla001/experiments/datasets/swagen/audio/common_voice_sw_29790888.wav	lazima tuamke na kukubaliana na ukweli wa namna hii 	0
/scratch/skscla001/experiments/datasets/swagen/audio/common_voice_sw_34748020.wav	picha zetu ushahidi ambao tunatuma umekuwa wa faida 	0
/scratch/skscla001/experiments/datasets/swagen/audio/common_voice_sw_35103750.wav	hivyo kutokana na mpaka mrefu kati ya waha na warundi 	0
/scratch/skscla001/experiments/datasets/swagen/audio/common_voice_sw_36382257.wav	alikuwa akivishambulia vikosi vidogo vidogo vya askari vya kijerumani 	1
/scratch/skscla001/experiments/datasets/swagen/audio/common_voice_sw_30020531.wav	wakati wamepona na wamelishwa vizuri nyumba inayojulikana kama enkangoo ntaritik 	1
/scratch/skscla001/experiments/datasets/swagen/audio/common_voice_sw_29923003.wav	anataka kuwafukuza wazungu kutoka katika bara la afrika 	0
/scratch/skscla001/experiments/datasets/swagen/audio/common_voice_sw_28714505.wav	haijulikani kama sumu ni hatari 	0
/scratch/skscla001/experiments/datasets/swagen/audio/common_voice_sw_30257461.wav	kwa wapare walio wengi uchawi na wizi vilipigwa marufuku hadi kwenye matambiko 	1
/scratch/skscla001/experiments/datasets/swagen/audio/common_voice_sw_34597172.wav	kwa vyanzo tofauti kama vile zifuatazokumwaga kwa viwandakumwaga 	0
/scratch/skscla001/experiments/datasets/swagen/audio/common_voice_sw_28583173.wav	matumizi hayo ya maji yanaweza kuwa 	1
/scratch/skscla001/experiments/datasets/swagen/audio/common_voice_sw_31304441.wav	timu kupata ushindi kwao ndio burudani 	1
/scratch/skscla001/experiments/datasets/swagen/audio/common_voice_sw_30574787.wav	lugha yao inaitwa kibena na makao yao makuu yanaitwa ubena 	1
/scratch/skscla001/experiments/datasets/swagen/audio/common_voice_sw_30653653.wav	ila wazee hukaa nje kidogo ya nyumba na kukoka moto 	0
/scratch/skscla001/experiments/datasets/swagen/audio/common_voice_sw_30635703.wav	hifadhi ya ngorongoro inashika nafasi ya nane 	1
/scratch/skscla001/experiments/datasets/swagen/audio/common_voice_sw_34843263.wav	wanacheka sana wakiwa pamoja 	0
/scratch/skscla001/experiments/datasets/swagen/audio/common_voice_sw_30020916.wav	makundi makubwa ya viboko pundamilia na nyumbu huonekana katika eneo hili 	1
/scratch/skscla001/experiments/datasets/swagen/audio/common_voice_sw_36644618.wav	ambayo ilibainisha zifuatazo masharti yafuatayo 	0
/scratch/skscla001/experiments/datasets/swagen/audio/common_voice_sw_30179694.wav	mto rufiji umebeba daraja lilounganisha mkoa ya dar es salaam na indi 	1
/scratch/skscla001/experiments/datasets/swagen/audio/common_voice_sw_36617546.wav	yeye ni mshambuliaji wa juu kabisa ureno wakati wote 	0
/scratch/skscla001/experiments/datasets/swagen/audio/common_voice_sw_35104065.wav	simulizi na baadhi ya tafiti zenye mashiko kuwa mtawala wa mwanzo wa kiluguru ni 	0
/scratch/skscla001/experiments/datasets/swagen/audio/common_voice_sw_30023548.wav	mbuga zote za wanyama nchini zina wanayama wakubwa 	0
/scratch/skscla001/experiments/datasets/swagen/audio/common_voice_sw_36382222.wav	kwamba unapoangalia saa hii tumekuwa na mabadiliko mengi sana katika hii ligi ya hapa 	1
/scratch/skscla001/experiments/datasets/swagen/audio/common_voice_sw_30176710.wav	wamehamia huko kwa ajili ya kufata kilimo na malisho ya mifugo 	0
/scratch/skscla001/experiments/datasets/swagen/audio/common_voice_sw_36319593.wav	david zacharia kafulila anakuwa mkuu mpya wa mkoa wa arusha 	1
/scratch/skscla001/experiments/datasets/swagen/audio/common_voice_sw_34745870.wav	wawindaji wote waliotafuta watumwa walikuwa wakiwaepuka wamasai 	0
/scratch/skscla001/experiments/datasets/swagen/audio/common_voice_sw_28669452.wav	uwanja huo uko umbali wa kilomita mbili kutoka hifadhi ya taifa ya ziwa nakuru 	1
/scratch/skscla001/experiments/datasets/swagen/audio/common_voice_sw_28839512.wav	ndiyo maana yeye ni shujaa wa muziki wa injili wa sasa hizi 	0
/scratch/skscla001/experiments/datasets/swagen/audio/common_voice_sw_35105452.wav	tangu vita vya wenyewe kwa wenyewe nchini humo miaka kumi na nne iliyopita takriban 	0
/scratch/skscla001/experiments/datasets/swagen/audio/common_voice_sw_31997277.wav	rehema anaishi mombasa 	0
/scratch/skscla001/experiments/datasets/swagen/audio/common_voice_sw_36643012.wav	mungu wetu yuko mbinguni 	0
/scratch/skscla001/experiments/datasets/swagen/audio/common_voice_sw_30075232.wav	bila kusahau barabara na umeme na mengine mengi 	0
/scratch/skscla001/experiments/datasets/swagen/audio/common_voice_sw_30641358.wav	timu ya taifa ya brazil ilikuja nchini tanzania 	1
/scratch/skscla001/experiments/datasets/swagen/audio/common_voice_sw_34743188.wav	hii ni kutokana na ukweli kwamba jiografia ya zanzibar imezungukwa na bahari 	1
/scratch/skscla001/experiments/datasets/swagen/audio/common_voice_sw_30005181.wav	walihamia huko wakushi kutoka kaskazini nao wakameza kwa kiasi kikubwa wakazi asili 	0
/scratch/skscla001/experiments/datasets/swagen/audio/common_voice_sw_30376232.wav	katika muda wa saa arobaini na nane hadi sabini na mbili 	1
/scratch/skscla001/experiments/datasets/swagen/audio/common_voice_sw_29793722.wav	hakuna chombo chochote cha habari cha tanzania kilichoandika taarifa zozote 	0
/scratch/skscla001/experiments/datasets/swagen/audio/common_voice_sw_30628988.wav	katika utawala wake alitumia msemo useamao 	1
/scratch/skscla001/experiments/datasets/swagen/audio/common_voice_sw_30114433.wav	mandela alizaliwa katika mji mdogo wa transkei 	1
/scratch/skscla001/experiments/datasets/swagen/audio/common_voice_sw_31440728.wav	waziri rashid kawawa alihujumu fedha za serikali shilingi milioni sitini 	1
/scratch/skscla001/experiments/datasets/swagen/audio/common_voice_sw_29789914.wav	bila shaka ataacha rekodi ambazo zitakuwa ngumu kuvunjwa 	0
/scratch/skscla001/experiments/datasets/swagen/audio/common_voice_sw_30075106.wav	katika miaka ya elfu moja mia moja na tisa 	0
/scratch/skscla001/experiments/datasets/swagen/audio/common_voice_sw_30668386.wav	mwaka elfu moja mia tisa tisini na tano 	1
/scratch/skscla001/experiments/datasets/swagen/audio/common_voice_sw_35155453.wav	leo nashinda mjini 	0
/scratch/skscla001/experiments/datasets/swagen/audio/common_voice_sw_30582052.wav	kutwaa kombe la dunia mara mbili mfululizo sio jambo rahisi 	0
/scratch/skscla001/experiments/datasets/swagen/audio/common_voice_sw_28690679.wav	mbegu zake ndogo hutoa mafuta 	1
/scratch/skscla001/experiments/datasets/swagen/audio/common_voice_sw_30577778.wav	ikiwa watu wengi wanapenda jina lake la muda mfupi 	1
/scratch/skscla001/experiments/datasets/swagen/audio/common_voice_sw_35104547.wav	kwa vipindi vijavyo kutoka hapa idhaa ya kiswahili 	0
/scratch/skscla001/experiments/datasets/swagen/audio/common_voice_sw_28690135.wav	kwa sasa imekuwa sehemu ya kaunti ya elgeyo marakwet 	1
/scratch/skscla001/experiments/datasets/swagen/audio/common_voice_sw_36299553.wav	ni mtazamo wake ojwang kina 	1
/scratch/skscla001/experiments/datasets/swagen/audio/common_voice_sw_30176728.wav	jina hilo lilibadilishwa na kuwa kagera 	0
/scratch/skscla001/experiments/datasets/swagen/audio/common_voice_sw_29792830.wav	serikali za kikoloni zilikuwa zinaruhusu vyama vya kijamii 	0
/scratch/skscla001/experiments/datasets/swagen/audio/common_voice_sw_37088035.wav	joseph bruce aliitelekeza meli yake ya titanic 	0
/scratch/skscla001/experiments/datasets/swagen/audio/common_voice_sw_29685802.wav	kuna pia kiwanda cha maziwa 	1
/scratch/skscla001/experiments/datasets/swagen/audio/common_voice_sw_29789310.wav	tunaona kwamba mtemi huyu wa kabila la wangindo aliamini 	0
/scratch/skscla001/experiments/datasets/swagen/audio/common_voice_sw_30062911.wav	wananchi wengi hawakumtaka kwa alikuwa na utawala wa mabavu 	0
/scratch/skscla001/experiments/datasets/swagen/audio/common_voice_sw_29915745.wav	wamarekani na waingereza walipeleka wanajeshi kusini mwa italia 	1
/scratch/skscla001/experiments/datasets/swagen/audio/common_voice_sw_30176824.wav	watu wengi wanajifunza mambo mbalimbali kwenye maonesho 	0
/scratch/skscla001/experiments/datasets/swagen/audio/common_voice_sw_31446464.wav	lugha yao imeathirika zaidi na wakurya kutokana na kupakana nao 	0
/scratch/skscla001/experiments/datasets/swagen/audio/common_voice_sw_28582715.wav	kila mmoja ana haki ya kuwa na siri zake 	1
/scratch/skscla001/experiments/datasets/swagen/audio/common_voice_sw_30372517.wav	alipostaafu alirudi kijijini kwake butiama ndipo alianza kuendesha shughuli za kilimo 	0
/scratch/skscla001/experiments/datasets/swagen/audio/common_voice_sw_34940140.wav	mtoto anaenda shuleni 	0
/scratch/skscla001/experiments/datasets/swagen/audio/common_voice_sw_34958965.wav	oma ujumbe ambao umetutumia victor karibu asante sana tumepokea ujumbe chungu zima kutoka 	0
/scratch/skscla001/experiments/datasets/swagen/audio/common_voice_sw_35182259.wav	mabaharia walikuwa wanatuma jumbe kutoka majini mpaka nchi kavu 	0
/scratch/skscla001/experiments/datasets/swagen/audio/common_voice_sw_35172733.wav	kusikiza ni vyema 	0
/scratch/skscla001/experiments/datasets/swagen/audio/common_voice_sw_30385728.wav	mkwavinyika munyigumba alikuwa chifu na kiongozi mkuu wa wahehe 	1
/scratch/skscla001/experiments/datasets/swagen/audio/common_voice_sw_35181936.wav	kutoka dar es salaam ukisindikizwa na milima ya usambara 	0
/scratch/skscla001/experiments/datasets/swagen/audio/common_voice_sw_34827739.wav	jambo lolote bila ya kutumia madawa hayo ukizingatia pia bei kubwa 	0
/scratch/skscla001/experiments/datasets/swagen/audio/common_voice_sw_29591218.wav	ni mitandao minne mikubwa ya televisheni iliyo katika nchi moja 	0
/scratch/skscla001/experiments/datasets/swagen/audio/common_voice_sw_28584712.wav	kumbe maelezo ya sayansi ni kama ifuatavyo 	0
/scratch/skscla001/experiments/datasets/swagen/audio/common_voice_sw_30661152.wav	na kupunguza urasimu katika kusaidia ukuaji wa kiuchumi 	1
/scratch/skscla001/experiments/datasets/swagen/audio/common_voice_sw_29717797.wav	jina la sala hiyo linatokana na maneno yake ya kwanza 	0
/scratch/skscla001/experiments/datasets/swagen/audio/common_voice_sw_29958338.wav	aligombea na kuchaguliwa kuwa mbunge wa jimbo la ruangwa mkoani lindi 	1
/scratch/skscla001/experiments/datasets/swagen/audio/common_voice_sw_29898411.wav	kabla ya kuhamia klabu ya feberbahce uturuki alikuwa akichezea aston villa timu ya uingereza 	1
/scratch/skscla001/experiments/datasets/swagen/audio/common_voice_sw_29655266.wav	kwa kukua huko alijifunza mengi juu ya meli na bahari 	0
/scratch/skscla001/experiments/datasets/swagen/audio/common_voice_sw_29622040.wav	aliandika mengi na vitabu vingi 	0
/scratch/skscla001/experiments/datasets/swagen/audio/common_voice_sw_30196390.wav	matibabu haya ni ya bei ghali hivyo yanaweza kuhusishwa na madhara mbadala 	0
/scratch/skscla001/experiments/datasets/swagen/audio/common_voice_sw_29994058.wav	masomo ya daraja ya pili ya vyuo vikuu yameendelea kuwa ya kiufundi 	1
/scratch/skscla001/experiments/datasets/swagen/audio/common_voice_sw_34920363.wav	kwa mujibu wa katiba ya jamhuri ya muungano wa tanzania ya mwaka elfu moja 	0
/scratch/skscla001/experiments/datasets/swagen/audio/common_voice_sw_37085776.wav	ambapo asilimia hamsini na mbili ya wapiga kura 	1
/scratch/skscla001/experiments/datasets/swagen/audio/common_voice_sw_35106370.wav	nenda ukawasaidie wale kina dada 	0
/scratch/skscla001/experiments/datasets/swagen/audio/common_voice_sw_30364120.wav	mashirikisho ya soka ya mabara nayo yakaiga kutoka kwa wasimamizi wa soka duniani 	1
/scratch/skscla001/experiments/datasets/swagen/audio/common_voice_sw_29811946.wav	kilimo cha mkonge na korosho katika maeneo mbalimbali ya afrika 	0
/scratch/skscla001/experiments/datasets/swagen/audio/common_voice_sw_30055159.wav	baada ya hifadhi ya kafue iliyopo nchini zambia 	0
/scratch/skscla001/experiments/datasets/swagen/audio/common_voice_sw_31356166.wav	ukeketaji ni haramu nchini kenya na tanzania na huleta ukosoaji 	1
/scratch/skscla001/experiments/datasets/swagen/audio/common_voice_sw_35056452.wav	mwanafamilia anayezaliwa husajiliwa na anayekufa pia huwekwa kwenye daftari ljeusi la wafu ambalo kila 	0
/scratch/skscla001/experiments/datasets/swagen/audio/common_voice_sw_29679634.wav	hali hii inasababisha kutokea kwa mambo yasiyo kawaida 	0
/scratch/skscla001/experiments/datasets/swagen/audio/common_voice_sw_37087619.wav	wa kwanza kumtuhumu chameleone kutumia nguvu za giza ni mkali wa muziki wa raga 	0
/scratch/skscla001/experiments/datasets/swagen/audio/common_voice_sw_30142849.wav	mara nyingi mishipa hiyo ya damu hupasuka na damu huganda 	1
/scratch/skscla001/experiments/datasets/swagen/audio/common_voice_sw_30079930.wav	hapa kazi ninayo hivi nitaiweza hii shule kweli aliurudisha mlango na kutoka 	0
/scratch/skscla001/experiments/datasets/swagen/audio/common_voice_sw_29864520.wav	tanzania imejengwa katika misingi ya ushirikiano 	1
/scratch/skscla001/experiments/datasets/swagen/audio/common_voice_sw_28879236.wav	aliandika vitabu vya maisha ya kiroho 	1
/scratch/skscla001/experiments/datasets/swagen/audio/common_voice_sw_30558988.wav	wazazi na marafiki wakiwa wamewabeba watoto wao wakielekea kanisani 	0
/scratch/skscla001/experiments/datasets/swagen/audio/common_voice_sw_29949035.wav	wachezaji wengi wakubwa duniani wametokea familia maskini 	0
/scratch/skscla001/experiments/datasets/swagen/audio/common_voice_sw_34831155.wav	rummel aliandika mambo mengi sana ya kitafiti 	0
/scratch/skscla001/experiments/datasets/swagen/audio/common_voice_sw_34828883.wav	hata hivyo siasa za dunia za maeneo zilibadili mkondo wake 	0
/scratch/skscla001/experiments/datasets/swagen/audio/common_voice_sw_29787906.wav	eneo la cameroon na mto congo pia eneo la niger 	1
/scratch/skscla001/experiments/datasets/swagen/audio/common_voice_sw_31406153.wav	ziwa nyasa linasifika kuwa na aina nyingi za samaki 	0
/scratch/skscla001/experiments/datasets/swagen/audio/common_voice_sw_35409338.wav	agosti ya themanini na tatu na januari wastani 	0
/scratch/skscla001/experiments/datasets/swagen/audio/common_voice_sw_30585180.wav	ni dhahiri kuwa hakuna jina lisilokuwa na maana yake 	0
/scratch/skscla001/experiments/datasets/swagen/audio/common_voice_sw_30144192.wav	kujivunia na kila mtanzania anapaswa kuona thamani 	1
/scratch/skscla001/experiments/datasets/swagen/audio/common_voice_sw_30085768.wav	kwa muda mrefu eneo hilo lilipo kwenye ziwa victoria ndiyo limeonekena kuhifadhiwa 	0
/scratch/skscla001/experiments/datasets/swagen/audio/common_voice_sw_34917864.wav	babu alinihadhithia hadithi 	0
/scratch/skscla001/experiments/datasets/swagen/audio/common_voice_sw_30021359.wav	ziwa viktoria linapatikanankaskazini magharibi mwa tanzania 	1
/scratch/skscla001/experiments/datasets/swagen/audio/common_voice_sw_28735761.wav	hapa waliweza kupata chakula na kuweka akiba mpya kwenye jahazi 	1
/scratch/skscla001/experiments/datasets/swagen/audio/common_voice_sw_29995742.wav	kulinda mifugo dhidi ya wanyama wakali kurudisha mifugo iliyoibiwa au kupotea 	1
/scratch/skscla001/experiments/datasets/swagen/audio/common_voice_sw_34832281.wav	ni vizuri tukae vizuri na majirani zetu 	0
/scratch/skscla001/experiments/datasets/swagen/audio/common_voice_sw_30659531.wav	mtoto hatuwezi kuacha kuzungumzia afya ya mama 	0
/scratch/skscla001/experiments/datasets/swagen/audio/common_voice_sw_36385716.wav	iwapo kutatokea majeraha basi atakuwa anajitosa katika shughuli hizo za ununuzi wa wachezaji 	1
/scratch/skscla001/experiments/datasets/swagen/audio/common_voice_sw_37223909.wav	hata hivyo ukeketaji unabakia kuwa ni kielelezo cha utamaduni 	1
/scratch/skscla001/experiments/datasets/swagen/audio/common_voice_sw_34958998.wav	bolivia guyana suriname na guyana ya kifaransa kwa 	0
/scratch/skscla001/experiments/datasets/swagen/audio/common_voice_sw_29815740.wav	keneth kaunda na wenzake kutokea taifa la zambia 	1
/scratch/skscla001/experiments/datasets/swagen/audio/common_voice_sw_30354949.wav	sir alex na pep guardiola ni makocha wa pekee 	0
/scratch/skscla001/experiments/datasets/swagen/audio/common_voice_sw_31441372.wav	kila kabila lina sifa zake ambazo ni tofauti 	1
/scratch/skscla001/experiments/datasets/swagen/audio/common_voice_sw_30058552.wav	hata hivyo wapo baadhi ya wapare ambao mpaka leo wanaiweza mvua 	0
/scratch/skscla001/experiments/datasets/swagen/audio/common_voice_sw_29955180.wav	bandari ya cape town na ile ya johanesberg katika taifa ka afrika kusini 	1
/scratch/skscla001/experiments/datasets/swagen/audio/common_voice_sw_29943712.wav	utaratibu wakuwakutanisha wanafunzi wote waliofanya vizuri katika 	1
/scratch/skscla001/experiments/datasets/swagen/audio/common_voice_sw_29666977.wav	idadi ya wasemaji nchini mali haijulikani 	0
/scratch/skscla001/experiments/datasets/swagen/audio/common_voice_sw_28584625.wav	ufafanuzi wa vizio vya upimaji 	0
/scratch/skscla001/experiments/datasets/swagen/audio/common_voice_sw_30629110.wav	ajali nyingine zingeepukika na tungekuwa tunaziepuka 	0
/scratch/skscla001/experiments/datasets/swagen/audio/common_voice_sw_30173758.wav	hapa alienda kuzunguka mitaani na kusikiliza wahubiri wa barabarani 	0
/scratch/skscla001/experiments/datasets/swagen/audio/common_voice_sw_29896185.wav	pep guardiola siyo mtu wa kukata tamaa 	1
/scratch/skscla001/experiments/datasets/swagen/audio/common_voice_sw_30623998.wav	mwai kibaki akachaguliwa kama rais tarehe kumi na saba aprili elfu mbili na nane 	0
/scratch/skscla001/experiments/datasets/swagen/audio/common_voice_sw_29728364.wav	lilikuwa pia jina la mungu wa kike katika dini ya roma ya kale 	1
/scratch/skscla001/experiments/datasets/swagen/audio/common_voice_sw_37096435.wav	katika maeneo ya mpwapwa na dodoma mwaka 	0
/scratch/skscla001/experiments/datasets/swagen/audio/common_voice_sw_30327506.wav	wakati huo wahehe walikuwa wameimarisha himaya yao 	1
/scratch/skscla001/experiments/datasets/swagen/audio/common_voice_sw_30020826.wav	wanapatikana samaki wa kila aina pamoja wa viumbe vingine wanaoishi kwenye maji 	1
/scratch/skscla001/experiments/datasets/swagen/audio/common_voice_sw_36039686.wav	punk imany david guetta soprano martin solveig kutoka nchini ufransa 	0
/scratch/skscla001/experiments/datasets/swagen/audio/common_voice_sw_30351749.wav	masomo yao na wengine kupoteza ndoto zao za maisha 	0
/scratch/skscla001/experiments/datasets/swagen/audio/common_voice_sw_28961802.wav	serikali ina utaratibu wa kidemokrasia ya vyama vingi 	0
/scratch/skscla001/experiments/datasets/swagen/audio/common_voice_sw_29850308.wav	kenyata alihusishwa na harakati za vita vya msituni 	1
/scratch/skscla001/experiments/datasets/swagen/audio/common_voice_sw_29575681.wav	kwa wengine wana hali ya juu kwa sababu ya thamani ya bidhaa zao 	1
/scratch/skscla001/experiments/datasets/swagen/audio/common_voice_sw_30021558.wav	historia ya kenya kama nchi inayokaliwa na binadamu inaenea miaka laki kama milioni 	1
/scratch/skscla001/experiments/datasets/swagen/audio/common_voice_sw_30628324.wav	kwa kawaida malindi umekuwa mji na bandari ya kirafiki 	1
/scratch/skscla001/experiments/datasets/swagen/audio/common_voice_sw_30200829.wav	hivyo kufanya makazi katika eneo hili la kijiji cha wapimbwe 	1
/scratch/skscla001/experiments/datasets/swagen/audio/common_voice_sw_35155474.wav	unga ambapo mitaani hujulikana kama coke 	0
/scratch/skscla001/experiments/datasets/swagen/audio/common_voice_sw_29815988.wav	maafisa wa uganda watachukua hatua za kidiplomasia 	1
/scratch/skscla001/experiments/datasets/swagen/audio/common_voice_sw_35099360.wav	naa na miongoni mwa hizo nchini ni ni ziko nyingine nchi za kiafrika 	0
/scratch/skscla001/experiments/datasets/swagen/audio/common_voice_sw_30180483.wav	familia yenye utajiri mkubwa huku wazazi wake walitalakiana 	1
/scratch/skscla001/experiments/datasets/swagen/audio/common_voice_sw_30414755.wav	kuhusu hatari za maambukizi ya magonjwa haya 	0
/scratch/skscla001/experiments/datasets/swagen/audio/common_voice_sw_31284930.wav	watu walihofia kuwa volkano inaweza kulipuka 	0
/scratch/skscla001/experiments/datasets/swagen/audio/common_voice_sw_30055738.wav	elfu mbili kumi na saba ambapo ni sawa na 	0
/scratch/skscla001/experiments/datasets/swagen/audio/common_voice_sw_30364060.wav	luther alianza kuelewa kwamba haki ya mungu si sheria yake 	0
/scratch/skscla001/experiments/datasets/swagen/audio/common_voice_sw_36381519.wav	wabantu waliwaua kikatili wamasai kipindi chakula chao kikuu mifugo 	1
/scratch/skscla001/experiments/datasets/swagen/audio/common_voice_sw_35425635.wav	sasa taasisi zimeanza kushughulikia pia masuala ya kuondoa umasikini 	0
/scratch/skscla001/experiments/datasets/swagen/audio/common_voice_sw_28994862.wav	vitongoji duni huwa na vyumba duni 	1
/scratch/skscla001/experiments/datasets/swagen/audio/common_voice_sw_29797029.wav	jina linatokana na lile la mto mara 	1
/scratch/skscla001/experiments/datasets/swagen/audio/common_voice_sw_28704692.wav	gavana wa jimbo ni john harvard 	0
/scratch/skscla001/experiments/datasets/swagen/audio/common_voice_sw_35438772.wav	nyumba za mji mkongwe zilijengwa tangu mwaka elfu moja mia nane thelathini 	0
/scratch/skscla001/experiments/datasets/swagen/audio/common_voice_sw_30334820.wav	mji wa bagamoyo ulihusishwa na biashara ya masafa marefu 	1
/scratch/skscla001/experiments/datasets/swagen/audio/common_voice_sw_30257134.wav	watoto hao waliiendeleza lugha waliyoikuta na baadaye ikazaliwa krioli 	1
/scratch/skscla001/experiments/datasets/swagen/audio/common_voice_sw_29022559.wav	alikuwa mwalimu wa mshairi wa mombasa w e taylor 	1
/scratch/skscla001/experiments/datasets/swagen/audio/common_voice_sw_31285983.wav	vilevile misitu yenye mandhari mazuri yenye kupendeza 	0
/scratch/skscla001/experiments/datasets/swagen/audio/common_voice_sw_34828995.wav	yanipasa nikutumikie wewe peke 	0
/scratch/skscla001/experiments/datasets/swagen/audio/common_voice_sw_29896178.wav	tunakokwenda najua kabisa akina mama watakuwa na nguvu kuliko akina baba 	1
/scratch/skscla001/experiments/datasets/swagen/audio/common_voice_sw_36040224.wav	pamoja na ufahamu mdogo kuhusu umuhimu wa vitabu 	0
/scratch/skscla001/experiments/datasets/swagen/audio/common_voice_sw_29608071.wav	kulikuwa na viti kwa ajili ya wazungu wahindi na waafrika 	1
/scratch/skscla001/experiments/datasets/swagen/audio/common_voice_sw_29943891.wav	neno msaragambo linamaanisha mfumo uliokubaliwa na jamii katika kitongoji 	0
/scratch/skscla001/experiments/datasets/swagen/audio/common_voice_sw_35181988.wav	ni mwambao wa bahari ya kaspi tehran ni mji mkuu pia mji mkubwa 	0
/scratch/skscla001/experiments/datasets/swagen/audio/common_voice_sw_29790618.wav	nyumba nyingine mbili za bwana karume zilikuwa gongoni na michenzani 	0
/scratch/skscla001/experiments/datasets/swagen/audio/common_voice_sw_29923824.wav	wakati wa mazishi ya hayati magufuli jakaya kikwete aliweka wazi mahusiano yao 	0
/scratch/skscla001/experiments/datasets/swagen/audio/common_voice_sw_29792873.wav	alifanya ziara kwa ajili ya kufanya shughuli mbalimbali za kanisa 	0
/scratch/skscla001/experiments/datasets/swagen/audio/common_voice_sw_31409707.wav	maeneo mengine na kupanuliwa kwa jamii hiyo 	1
/scratch/skscla001/experiments/datasets/swagen/audio/common_voice_sw_30709795.wav	walikuwa viongozi waliokwenda kama wajumbe wa biashara ya ngombe 	0
/scratch/skscla001/experiments/datasets/swagen/audio/common_voice_sw_30375138.wav	kumshukru mungu kwa magumu uliyoyapitia na kukumbuka yale 	0
/scratch/skscla001/experiments/datasets/swagen/audio/common_voice_sw_30628799.wav	biashara ya watumwa haikuwa muhimu sana hapa 	1
/scratch/skscla001/experiments/datasets/swagen/audio/common_voice_sw_30029116.wav	kwa kawaida adhabu mbili kuu ndizo zilikuwepo 	0
/scratch/skscla001/experiments/datasets/swagen/audio/common_voice_sw_30671889.wav	kukosa nguvu maumivu ya misuli degedege kuuma na kuvimba kwa tezi za limfu 	1
/scratch/skscla001/experiments/datasets/swagen/audio/common_voice_sw_30025955.wav	nilikuwa na kikohozi kikali ambacho kimekuwa kikiendelea kuwa kibaya 	1
/scratch/skscla001/experiments/datasets/swagen/audio/common_voice_sw_29878166.wav	katika wilaya ya mwanga kuna idadi kubwa ya waluteri na waislamu 	1
/scratch/skscla001/experiments/datasets/swagen/audio/common_voice_sw_37092795.wav	naitwa albalo jacob alimdanganya magreth jina lake 	0
/scratch/skscla001/experiments/datasets/swagen/audio/common_voice_sw_37097991.wav	utawala wa kiroma lakini waliheshimiwa sana na wananchi wa kawaida 	1
/scratch/skscla001/experiments/datasets/swagen/audio/common_voice_sw_36390261.wav	nampenda mamangu sana 	0
/scratch/skscla001/experiments/datasets/swagen/audio/common_voice_sw_30034495.wav	ambayo imepokea fedha za kigeni shirika la utalii 	0
/scratch/skscla001/experiments/datasets/swagen/audio/common_voice_sw_29937758.wav	ngoma za jadi zilipigwa kwa matukio maalum kama kwenye jando au unyago 	1
/scratch/skscla001/experiments/datasets/swagen/audio/common_voice_sw_34745977.wav	nilienda shule jana 	0
/scratch/skscla001/experiments/datasets/swagen/audio/common_voice_sw_29407144.wav	dominiko alipopata habari aliamua kufanya toba kama mkaapweke 	1
/scratch/skscla001/experiments/datasets/swagen/audio/common_voice_sw_35107949.wav	na mara hii kuna taarifa kuhusiana na suala la wachezaji 	0
/scratch/skscla001/experiments/datasets/swagen/audio/common_voice_sw_30219506.wav	lakini husababisha magonjwa ya mapafu yanayofanana na kifua kikuu 	0
/scratch/skscla001/experiments/datasets/swagen/audio/common_voice_sw_31321717.wav	lakini huko geita katika mkoa wa geita 	1
/scratch/skscla001/experiments/datasets/swagen/audio/common_voice_sw_31584116.wav	mnamo tarehe thelathini na moja januari mwaka elfu mbili na tano alitunukiwa tuzo 	0
/scratch/skscla001/experiments/datasets/swagen/audio/common_voice_sw_36641999.wav	watumwa walikamatwa au kununuliwa wakibeba pembe hadi pwani 	0
/scratch/skscla001/experiments/datasets/swagen/audio/common_voice_sw_35180663.wav	maim seif aliwani nafasi ya urais wa zanzibar kwa tiketi ya chama cha wananchi 	0
/scratch/skscla001/experiments/datasets/swagen/audio/common_voice_sw_36616242.wav	wamanyema waliwafundisha waha na wote hawa waliipigania tanganyika kutoka mikononi mwa serekali ya kikoloni 	0
/scratch/skscla001/experiments/datasets/swagen/audio/common_voice_sw_30653494.wav	alishalizoea bunge akiwa msaidizi wa raisi mstaafu wa awamu ya nne jakaya kikwete 	0
/scratch/skscla001/experiments/datasets/swagen/audio/common_voice_sw_35056382.wav	kipekee kwa kuwa linaandaa makubaliano ya kimataifa yanayokubalika 	0
/scratch/skscla001/experiments/datasets/swagen/audio/common_voice_sw_37096395.wav	vijana na wazee piahapa tutaongelea aina mbili za 	1
/scratch/skscla001/experiments/datasets/swagen/audio/common_voice_sw_29306327.wav	de wever alizaliwa mortsel ubelgiji 	1
/scratch/skscla001/experiments/datasets/swagen/audio/common_voice_sw_30003771.wav	walijiona wamedanganywa kwa kutotimiziwa ahadi walizopewa ili wasaliti ujerumani na hungaria 	0
/scratch/skscla001/experiments/datasets/swagen/audio/common_voice_sw_30369628.wav	lakini utawala wao ulifuatiwa na kutokuwepo utulivu 	0
/scratch/skscla001/experiments/datasets/swagen/audio/common_voice_sw_30718226.wav	hakuna mwanasayansi aliejua hawa viumbe wametokana na nini 	0
/scratch/skscla001/experiments/datasets/swagen/audio/common_voice_sw_30445670.wav	janga la rinderpest na ukame wakati ulisababisha kupungua kwa idadi ya wamasai 	1
/scratch/skscla001/experiments/datasets/swagen/audio/common_voice_sw_35279241.wav	kaka yangu amesafiri 	0
/scratch/skscla001/experiments/datasets/swagen/audio/common_voice_sw_34745630.wav	yakamfukuza tsar aliyejiuzulu vita vikaendelea na wajerumani walizidi kusogea 	0
/scratch/skscla001/experiments/datasets/swagen/audio/common_voice_sw_30313785.wav	hawa wakienda tabora wanaambiwa ni wasukuma 	0
/scratch/skscla001/experiments/datasets/swagen/audio/common_voice_sw_37212146.wav	na shirika la marekani la dawa za kulevya kwa pamoja zilitoa 	0
/scratch/skscla001/experiments/datasets/swagen/audio/common_voice_sw_30148699.wav	iliyojulikana kwa jina la boshazi maana yake bondei zigua sambaa 	1
/scratch/skscla001/experiments/datasets/swagen/audio/common_voice_sw_29798058.wav	alipewa daraja takatifu la upadre katika kanisa kuu la mtakatifu josefu 	0
/scratch/skscla001/experiments/datasets/swagen/audio/common_voice_sw_29935979.wav	wabantu walianza biashara na waarabu waliokuja afrika ya mashariki 	1
/scratch/skscla001/experiments/datasets/swagen/audio/common_voice_sw_35104883.wav	ambaye alifariki akiwa madarakani hayati john joseph pombe magufuli 	0
/scratch/skscla001/experiments/datasets/swagen/audio/common_voice_sw_36642168.wav	haya yalifanywa hasa katika kuondoa unyanyapaa wa usafi wa mazingira 	0
/scratch/skscla001/experiments/datasets/swagen/audio/common_voice_sw_34763181.wav	dalili hizo zinapodumu kwa muda mrefu nenda ukapime 	0
/scratch/skscla001/experiments/datasets/swagen/audio/common_voice_sw_30149111.wav	zikiendelea kupigwa ili sauti za wanaotahiriwa hasa wanaolia zisisikike 	1
/scratch/skscla001/experiments/datasets/swagen/audio/common_voice_sw_30314252.wav	uyoga umeongeza ajira na kuinua kipato kwa rika zote 	0
/scratch/skscla001/experiments/datasets/swagen/audio/common_voice_sw_35118890.wav	asilimia tisini ya biashara yote duniani hupitia baharini 	0
/scratch/skscla001/experiments/datasets/swagen/audio/common_voice_sw_30634776.wav	kila kabila lina washamba na wasio washamba kutegemeana na aina ya ushamba 	1
/scratch/skscla001/experiments/datasets/swagen/audio/common_voice_sw_30647704.wav	yohane paulo wa pili alitangazwa mwenye kheri na papa benedikto wa kumi na sita 	1
/scratch/skscla001/experiments/datasets/swagen/audio/common_voice_sw_31305524.wav	chombo hicho kilikuwa hutengenezwa na magome ya miti na kilitumika 	1
/scratch/skscla001/experiments/datasets/swagen/audio/common_voice_sw_30176630.wav	mradi unaokusudia kuifanyia matengenezo meli hiyo 	0
/scratch/skscla001/experiments/datasets/swagen/audio/common_voice_sw_34906927.wav	aliye madarakani na rais mstaafu kutoka vyama 	0
/scratch/skscla001/experiments/datasets/swagen/audio/common_voice_sw_30102980.wav	wazanzibari walikuwa malaria proof yaani hawaguswi wala kuugua malaria 	0
/scratch/skscla001/experiments/datasets/swagen/audio/common_voice_sw_30366214.wav	karibu na ziwa viktoria kuna tambarare yenye mafuriko 	0
/scratch/skscla001/experiments/datasets/swagen/audio/common_voice_sw_29799593.wav	nyerere alikuwa na mchango mkubwa wakati wa harakati za kupigania uhuru 	0
/scratch/skscla001/experiments/datasets/swagen/audio/common_voice_sw_30438994.wav	wananchi wa tanzania hawatabuli sokoine aguswe 	0
/scratch/skscla001/experiments/datasets/swagen/audio/common_voice_sw_30405656.wav	taifa la uruguay lilikuwa linazalisha nyota wengi 	0
/scratch/skscla001/experiments/datasets/swagen/audio/common_voice_sw_30256961.wav	maonyesho ya kubainisha fikira za kiuchumi mara nyingi hutumia michoro 	1
/scratch/skscla001/experiments/datasets/swagen/audio/common_voice_sw_28704543.wav	kiebrania kilikuwa lugha ya israeli ya kale wakati wa biblia kuanza kuandikwa 	0
/scratch/skscla001/experiments/datasets/swagen/audio/common_voice_sw_36311018.wav	wa kisiasa wa negus negesti mfalme wa ethiopia tangu mwaka 	1
/scratch/skscla001/experiments/datasets/swagen/audio/common_voice_sw_30072227.wav	mtaalamu wa historia frank schubert anasema mapinduzi ya obote yalibainisha wazi 	0
/scratch/skscla001/experiments/datasets/swagen/audio/common_voice_sw_35099624.wav	nikusaidieje tafadhali 	0
/scratch/skscla001/experiments/datasets/swagen/audio/common_voice_sw_30326879.wav	eneo hili hutumiwa kama makazi ya watu sehemu za biashara 	0
/scratch/skscla001/experiments/datasets/swagen/audio/common_voice_sw_29516943.wav	hayo yote yalisababisha mara moja ghasia 	1
/scratch/skscla001/experiments/datasets/swagen/audio/common_voice_sw_37088968.wav	hospitali hapo hakukuwa na taarifa ambayo kuna mgonjwa aliezimia kutokana na muziki huo shoo 	0
/scratch/skscla001/experiments/datasets/swagen/audio/common_voice_sw_30377805.wav	kiungo wa zamani wa arsenal fabregas alikuwa hatari kwa pasi 	0
/scratch/skscla001/experiments/datasets/swagen/audio/common_voice_sw_30181548.wav	lengo la kuhakikisha usalama na uimara katika mfumo wa shughuli za kibenki 	1
/scratch/skscla001/experiments/datasets/swagen/audio/common_voice_sw_30224079.wav	tumia bidhaa za nywele ambazo zinaendana na nywele zako na hakikisha unazingatia mambo muhimu 	1
/scratch/skscla001/experiments/datasets/swagen/audio/common_voice_sw_29865349.wav	baba yake alihamia zambia kama mchungaji wa kanisa la kilutheri 	1
/scratch/skscla001/experiments/datasets/swagen/audio/common_voice_sw_35198779.wav	hutoweka wakati maumivu yametibiwa kikamilifu 	0
/scratch/skscla001/experiments/datasets/swagen/audio/common_voice_sw_35409294.wav	wa upanuzi wa ukoloni wa ujerumani mwishoni mwa karne ya kumi na tisawahehe 	0
/scratch/skscla001/experiments/datasets/swagen/audio/common_voice_sw_28661856.wav	mwaka uliofuata vikundi vya watutsi kutoka nchi hizi za jirani walijaribu kushambulia utaratibu mpya 	1
/scratch/skscla001/experiments/datasets/swagen/audio/common_voice_sw_30574503.wav	hayati dkjohn joseph pombe magufuli kwa hakika tutakukumbuka kwa mengi uliyoyafanya 	1
/scratch/skscla001/experiments/datasets/swagen/audio/common_voice_sw_30023730.wav	mafunzo juu ya mabadiliko ya kibayolojia kwa vijana 	0
/scratch/skscla001/experiments/datasets/swagen/audio/common_voice_sw_29796521.wav	mwanamke anayetokea katika kabila la warangi wanaotokea kondoa mkoani dodoma 	1
/scratch/skscla001/experiments/datasets/swagen/audio/common_voice_sw_37100241.wav	na vilima dhidi ya luxemburg na milima ya eifel dhidi ya ubelgiji 	1
/scratch/skscla001/experiments/datasets/swagen/audio/common_voice_sw_34977500.wav	akiwa shuleni la salle mara kwa mara castro alionekana 	0
/scratch/skscla001/experiments/datasets/swagen/audio/common_voice_sw_29924405.wav	mfano mzuri wa mgomo wa wanyaturu katika eneo la wilwana 	0
/scratch/skscla001/experiments/datasets/swagen/audio/common_voice_sw_28819833.wav	kuna nyota nyingi katika eneo la kundinyota hii 	1
/scratch/skscla001/experiments/datasets/swagen/audio/common_voice_sw_34747622.wav	isipokuwa kwa kuwaachia watawale italia ya kati walisababisha papa 	0
/scratch/skscla001/experiments/datasets/swagen/audio/common_voice_sw_34942582.wav	serikali ya awamu ya nane inaweka nguvu nyingi sana 	0
/scratch/skscla001/experiments/datasets/swagen/audio/common_voice_sw_29465797.wav	iko katika kaskazini mashariki ya nchi 	0
/scratch/skscla001/experiments/datasets/swagen/audio/common_voice_sw_31797681.wav	mkwawa kabla ya kukimbia alimuua mganga mzee aliyewahi kutabiri hilo 	1
/scratch/skscla001/experiments/datasets/swagen/audio/common_voice_sw_34392047.wav	kulipa dola za kimarekani elfu mbili na mia nne machi mwaka elfu mbili 	1
/scratch/skscla001/experiments/datasets/swagen/audio/common_voice_sw_31266553.wav	chama ama hicho alikisaidia kukijenga alipokuwa mwanafunzi katika chuo kikuu cha makerere 	0
/scratch/skscla001/experiments/datasets/swagen/audio/common_voice_sw_28583492.wav	walipewa maelekezo ya kila mtu kutunga nyimbo moja ya mazingira 	1
/scratch/skscla001/experiments/datasets/swagen/audio/common_voice_sw_30570341.wav	ukilinganisha na robo iliyopita ya kuanzia januari hadi machi 	0
/scratch/skscla001/experiments/datasets/swagen/audio/common_voice_sw_30640465.wav	akawa sultani wa kwanza wa zanzibar 	0
/scratch/skscla001/experiments/datasets/swagen/audio/common_voice_sw_29727469.wav	beseni yake ina umbo kama s 	0
/scratch/skscla001/experiments/datasets/swagen/audio/common_voice_sw_31371165.wav	idi amin alikimbia tena safari hii alitumia mwanya aliopewa na muammar gaddafi 	1
/scratch/skscla001/experiments/datasets/swagen/audio/common_voice_sw_30026250.wav	mwigulu alikuwa hodari wa masomo yote ya sayansi na lugha 	0
/scratch/skscla001/experiments/datasets/swagen/audio/common_voice_sw_35284628.wav	hawezi kujidanganya ni taifa ambalo mpaka sasa lina matatizo makubwa sana ya 	0
/scratch/skscla001/experiments/datasets/swagen/audio/common_voice_sw_30122078.wav	hatuhesabiwi haki tukiacha mabaya na kujaribu kutenda mema 	0
/scratch/skscla001/experiments/datasets/swagen/audio/common_voice_sw_37092430.wav	yule kijana aliyekuwa na mtaalamu wa ufundi alisema kwa kuhamaki kuwa havifanani 	1
/scratch/skscla001/experiments/datasets/swagen/audio/common_voice_sw_29797773.wav	baadhi yake ni mlima kilimanjaro na mlima kenya 	0
/scratch/skscla001/experiments/datasets/swagen/audio/common_voice_sw_34958043.wav	meskhetian walikwenda amerika chini ya mpango mkubwa 	0
/scratch/skscla001/experiments/datasets/swagen/audio/common_voice_sw_30180373.wav	hali hiyo ilimfanya karume azidi hamu na kutafuta kazi ya ubaharia 	1
/scratch/skscla001/experiments/datasets/swagen/audio/common_voice_sw_30327143.wav	mlima kilimanjaro una vilele vitatu vya kivolkeno 	0
/scratch/skscla001/experiments/datasets/swagen/audio/common_voice_sw_30654267.wav	tanzania ni nchi iliyobarikiwa kuwa na wanyama mbalimbali 	1
/scratch/skscla001/experiments/datasets/swagen/audio/common_voice_sw_36385354.wav	inaratibu mchakato wa viwango na mikakati ya mifumo ya malipo 	1
/scratch/skscla001/experiments/datasets/swagen/audio/common_voice_sw_28980440.wav	alijifunza uhandisi huko frankfurt na baadaye chuo kikuu cha munich 	1
/scratch/skscla001/experiments/datasets/swagen/audio/common_voice_sw_29797357.wav	mama yake alikuwa mganga aliyetibu watu kwa mitishamba 	0
/scratch/skscla001/experiments/datasets/swagen/audio/common_voice_sw_32242757.wav	karafuu zazalishwa kwa wingi pemba 	1
/scratch/skscla001/experiments/datasets/swagen/audio/common_voice_sw_31284676.wav	alishtuka sana kuona ukoo ule ukifanya tukio hilo la ajabu sana 	0
/scratch/skscla001/experiments/datasets/swagen/audio/common_voice_sw_30080332.wav	nahodha wa meli ya bukoba alikuwa anaitwa jumanne mwiru 	0
/scratch/skscla001/experiments/datasets/swagen/audio/common_voice_sw_30440093.wav	soka la pasi nyingi la kumtawala mpinzani wake 	0
/scratch/skscla001/experiments/datasets/swagen/audio/common_voice_sw_36732180.wav	mwaka ishirini na sita ndugu yake yohane mbatizaji aliacha maisha ya jangwani alikokulia 	0
/scratch/skscla001/experiments/datasets/swagen/audio/common_voice_sw_29623935.wav	wenyeji wa visiwa hivi wana utamaduni wa pekee na historia ndefu 	1
/scratch/skscla001/experiments/datasets/swagen/audio/common_voice_sw_30193609.wav	ndoa za kisukuma zinaruhusu ndoa za mitaala 	0
/scratch/skscla001/experiments/datasets/swagen/audio/common_voice_sw_30025492.wav	ni mlima mmoja uitwao mtorwi ndiyo unapatikana mkoani iringa 	0
/scratch/skscla001/experiments/datasets/swagen/audio/common_voice_sw_29246480.wav	hadi hapa maendeleo ya vikosi vya maungano yalikuwa na matatizo mengi 	0
/scratch/skscla001/experiments/datasets/swagen/audio/common_voice_sw_30180514.wav	katika uchaguzi huo abeid amani karume alijiandikisha katika jimbo la ngambo 	1
/scratch/skscla001/experiments/datasets/swagen/audio/common_voice_sw_30320397.wav	chifu mkwawa alitumia pango hilo kujificha wakati wa vipita kwenye utawa wa kikoloni 	1
/scratch/skscla001/experiments/datasets/swagen/audio/common_voice_sw_35105919.wav	dawa za jadi biashara ya mikahawa au maduka kununua na kuuza madini kuuza bidhaa 	0
/scratch/skscla001/experiments/datasets/swagen/audio/common_voice_sw_35183669.wav	wimbo wake kwangu usiku 	0
/scratch/skscla001/experiments/datasets/swagen/audio/common_voice_sw_29777671.wav	mama yake ni mwandishi wa vitabu kwa watoto 	1
/scratch/skscla001/experiments/datasets/swagen/audio/common_voice_sw_30081512.wav	ipo umbali wa kilometa mia mbili themanini na tatu magharibi kwa dar es salaam 	1
/scratch/skscla001/experiments/datasets/swagen/audio/common_voice_sw_35056440.wav	unapata sasa mwelekeo kwa sababu wananchi wengi wakishajua matatizo muziki 	0
/scratch/skscla001/experiments/datasets/swagen/audio/common_voice_sw_30577887.wav	mchakato wa ujenzi wa bomba hilo litakalosafirisha mafuta hayo umeanza na unakaribia kukamilika 	1
/scratch/skscla001/experiments/datasets/swagen/audio/common_voice_sw_36389931.wav	na akasema kwamba atakwenda kuwakilisha mbele ya viongozi wenzake katika mkutano 	0
/scratch/skscla001/experiments/datasets/swagen/audio/common_voice_sw_29791089.wav	viumbe hai ndege ni pamoja na ndege john na mbuni 	0
/scratch/skscla001/experiments/datasets/swagen/audio/common_voice_sw_28258762.wav	awali alikuwa mwimbaji kabla ya kujihusisha na uigizaji 	1
/scratch/skscla001/experiments/datasets/swagen/audio/common_voice_sw_29997547.wav	arsenal walilala kwa mabao mawili kwa moja dhidi ya vijana wa frank rijkard 	1
/scratch/skscla001/experiments/datasets/swagen/audio/common_voice_sw_34826900.wav	amefuzu katika uhandisi 	0
/scratch/skscla001/experiments/datasets/swagen/audio/common_voice_sw_28581479.wav	aina ya tano hupatikana katika sehemu ya bara hindi na arabia 	1
/scratch/skscla001/experiments/datasets/swagen/audio/common_voice_sw_30574693.wav	nyerere alimweleza mkapa kuwa kuna mtu mwengine ambaye ailikuwa akimfikiria 	0
/scratch/skscla001/experiments/datasets/swagen/audio/common_voice_sw_36389396.wav	naam imetimia saa mbili na dakika thelathini na tatu kwa saa za afrika mashariki 	1
/scratch/skscla001/experiments/datasets/swagen/audio/common_voice_sw_30091431.wav	ujanja wote kangaroo hawezi kutembea kinyume nyume 	1
/scratch/skscla001/experiments/datasets/swagen/audio/common_voice_sw_36383714.wav	hapa mimi niko msaka kwenye jengo linaloitwa idigo house sasa njoo 	1
/scratch/skscla001/experiments/datasets/swagen/audio/common_voice_sw_30653500.wav	katika historia ya uongozi wa jamhuri ya muungano wa tanzania 	0
/scratch/skscla001/experiments/datasets/swagen/audio/common_voice_sw_30148561.wav	huku wao wakipata njaa kwa sababu ya kutolima mazao ya chakula 	1
/scratch/skscla001/experiments/datasets/swagen/audio/common_voice_sw_29792645.wav	iko umbali wa kilomita sitini na mbili 	0
/scratch/skscla001/experiments/datasets/swagen/audio/common_voice_sw_37223969.wav	hutoa ufahamu wenye kusisimua katika mvuto wa mji wa asia 	0
/scratch/skscla001/experiments/datasets/swagen/audio/common_voice_sw_28670637.wav	mwaka huo ulikuwa kilele cha kazi yake ya riadha 	1
/scratch/skscla001/experiments/datasets/swagen/audio/common_voice_sw_36644677.wav	huyo ni mwanasheria kutoka nchini kenya cyprian nyamwamu akizungumza kutoka dar es salaam 	0
/scratch/skscla001/experiments/datasets/swagen/audio/common_voice_sw_29979957.wav	kuna maeneo katika mji huu yalijengwa vizuri sana 	1
/scratch/skscla001/experiments/datasets/swagen/audio/common_voice_sw_34597414.wav	uao wake ukaonesha uzito uliotisha macho ya jacob matata 	0
/scratch/skscla001/experiments/datasets/swagen/audio/common_voice_sw_30353484.wav	alizikwa kijiji cha butiama huko musoma 	0
/scratch/skscla001/experiments/datasets/swagen/audio/common_voice_sw_36254357.wav	vita vya wahehe dhidi ya wajerumaniupanuzi wa wahehe azingira ya iringa leo jina 	1
/scratch/skscla001/experiments/datasets/swagen/audio/common_voice_sw_29923530.wav	ziwa nyasa limepita kwenye nchi tatu ambazo ni tanzania malawi na msumbiji 	0
/scratch/skscla001/experiments/datasets/swagen/audio/common_voice_sw_31284413.wav	barcelona walifungwana chelsea kwenye uwanja wa stamford bridge 	0
/scratch/skscla001/experiments/datasets/swagen/audio/common_voice_sw_32295878.wav	ameweza kujilipia ada 	1
/scratch/skscla001/experiments/datasets/swagen/audio/common_voice_sw_37229743.wav	pamoja na idadi yote hii haishangazi kwamba kuna vitu vya kweli vingi vya kusisimua 	1
/scratch/skscla001/experiments/datasets/swagen/audio/common_voice_sw_35104491.wav	alwi amesafiri kwenda dubai 	0
/scratch/skscla001/experiments/datasets/swagen/audio/common_voice_sw_32243557.wav	silaha tuliyonayo na kinga ya miili yetu 	1
/scratch/skscla001/experiments/datasets/swagen/audio/common_voice_sw_31461746.wav	bayern wakashinda makombe yote msimu huo 	0
/scratch/skscla001/experiments/datasets/swagen/audio/common_voice_sw_37084600.wav	lugomola bukara rutinwa kiziba kayo za bugabo kahigi kihanja na nyarubamba ihangiro 	1
/scratch/skscla001/experiments/datasets/swagen/audio/common_voice_sw_29994670.wav	mwalimu nyerere yupo kwenye orodha ya wapigania uhuru wa afrika 	1
/scratch/skscla001/experiments/datasets/swagen/audio/common_voice_sw_30184802.wav	ikiwa ni lazima uingie katika nyumba ya mtu aliye mgonjwa 	1
/scratch/skscla001/experiments/datasets/swagen/audio/common_voice_sw_30584817.wav	plasmodium malariae anayepatikana dunia nzima ni kimelea wa tofauti na wa pekee 	0
/scratch/skscla001/experiments/datasets/swagen/audio/common_voice_sw_30070909.wav	hakika ni maajabu ya kujifunza na kufurahia kwa watalii 	0
/scratch/skscla001/experiments/datasets/swagen/audio/common_voice_sw_35118905.wav	pamoja na umasikini wake wa rasilimali na madhila mengine ya ukoloni mkongwe 	0
/scratch/skscla001/experiments/datasets/swagen/audio/common_voice_sw_36945650.wav	tunaweza kuya kuya kuyazuia kabla hayajatokea 	1
/scratch/skscla001/experiments/datasets/swagen/audio/common_voice_sw_29696886.wav	na timu ya taifa ya kroatia 	1
/scratch/skscla001/experiments/datasets/swagen/audio/common_voice_sw_29963731.wav	blob hawezi kutatua migogoro yoyote hile 	1
/scratch/skscla001/experiments/datasets/swagen/audio/common_voice_sw_30090980.wav	wewe humjuhi vizuri malatwe tuulize sisi tukupe habari 	1
/scratch/skscla001/experiments/datasets/swagen/audio/common_voice_sw_35110308.wav	kudumisha amani hususan kupitia usuluhishi wa migogoro mbalimbali 	0
/scratch/skscla001/experiments/datasets/swagen/audio/common_voice_sw_30267159.wav	rais wa ghana anataka mwili urudi ghana lakini toure alikataa 	0
/scratch/skscla001/experiments/datasets/swagen/audio/common_voice_sw_30351255.wav	kwa hiyo kama watalii hao walitoka nje ya nchi huenda wakaendelea kuutangaza utamaduni wetu 	0
/scratch/skscla001/experiments/datasets/swagen/audio/common_voice_sw_37098371.wav	washindani wote 	1
/scratch/skscla001/experiments/datasets/swagen/audio/common_voice_sw_35160900.wav	waarabu dhidi ya waosmani badala yake alishindana na makabila 	0
/scratch/skscla001/experiments/datasets/swagen/audio/common_voice_sw_29924888.wav	usultani wa zanzibar ulikuwa umepewa na uingereza 	0
/scratch/skscla001/experiments/datasets/swagen/audio/common_voice_sw_30175716.wav	lilijengwa na mwarabu tajiri abdallah selemani marhabi 	0
/scratch/skscla001/experiments/datasets/swagen/audio/common_voice_sw_30323504.wav	mfano mapango ya amboni pangani na sehemu nyingine nyingi 	1
/scratch/skscla001/experiments/datasets/swagen/audio/common_voice_sw_30182996.wav	kwa hiyo ni sehemu au sekta inayotoa mchango mkubwa kwa jamii 	1
/scratch/skscla001/experiments/datasets/swagen/audio/common_voice_sw_35154697.wav	heroini ambayo inatokana na dawa ya mofini hutumika 	0
/scratch/skscla001/experiments/datasets/swagen/audio/common_voice_sw_37217072.wav	ee na na inapokuwa ni kesi kama hii ya madawa ya kulevya 	0
/scratch/skscla001/experiments/datasets/swagen/audio/common_voice_sw_29551213.wav	alikuwa maarufu kwa kipekee za miundo 	0
/scratch/skscla001/experiments/datasets/swagen/audio/common_voice_sw_30379332.wav	bila kusahau umuhimu wake katika sekta nyingine mbalimbali 	0
/scratch/skscla001/experiments/datasets/swagen/audio/common_voice_sw_30647798.wav	alikuwa waziri wa afya mambo ya ndani na maliasili 	1
/scratch/skscla001/experiments/datasets/swagen/audio/common_voice_sw_30183455.wav	japokuwa mbatiany alimpa santeu boksi la maajabu ambalo lingemwezesha 	1
/scratch/skscla001/experiments/datasets/swagen/audio/common_voice_sw_30654036.wav	umahiri waa pele kwenye mpira ulikuwa mkubwa 	0
/scratch/skscla001/experiments/datasets/swagen/audio/common_voice_sw_30323933.wav	hadi mia nne sitini na saba katika mwaka elfu moja mia tisa sabini 	1
/scratch/skscla001/experiments/datasets/swagen/audio/common_voice_sw_28815205.wav	mwaka uleule alifunga ndoa 	1
/scratch/skscla001/experiments/datasets/swagen/audio/common_voice_sw_28681668.wav	tabianchi ndani ya mzingo aktiki kwa jumla ni baridi 	1
/scratch/skscla001/experiments/datasets/swagen/audio/common_voice_sw_30574885.wav	ngorongoro ni hifadhi maarufu sana africa na duniani kote 	0
/scratch/skscla001/experiments/datasets/swagen/audio/common_voice_sw_30376375.wav	hazikutajwa tena katika takwimu ya ujerumani 	0
/scratch/skscla001/experiments/datasets/swagen/audio/common_voice_sw_35425410.wav	na zamani za roma ya kale wenyeji wa misri na mkoa wa afrikatunisia ya 	0
/scratch/skscla001/experiments/datasets/swagen/audio/common_voice_sw_30240948.wav	kumbukumbu ya uasi dhidi ya wanafunzi kumi na sita 	0
/scratch/skscla001/experiments/datasets/swagen/audio/common_voice_sw_30527065.wav	akisema hakuwa mtu wa kuvimilia uzembe ufisadi na ubadhirifu wa fedha 	0
/scratch/skscla001/experiments/datasets/swagen/audio/common_voice_sw_30180243.wav	analeta mkosi na laana kwenye ukoo pia 	1
/scratch/skscla001/experiments/datasets/swagen/audio/common_voice_sw_28690178.wav	yeye pia ni mwanachama wa taasisi ya usimamizi ya kenya 	1
/scratch/skscla001/experiments/datasets/swagen/audio/common_voice_sw_28814691.wav	kuna watoto wengi wanaoishi bila wazazi wala familia kwenye barabara za kinshasa 	1
/scratch/skscla001/experiments/datasets/swagen/audio/common_voice_sw_30659098.wav	bilioni thelathini na tisa zimetolewa kwa ajiri ya wanawake 	0
/scratch/skscla001/experiments/datasets/swagen/audio/common_voice_sw_37095560.wav	e ukiangalia mchakato mzima sasa hivi 	0
/scratch/skscla001/experiments/datasets/swagen/audio/common_voice_sw_29842745.wav	mapadre wakaona akili yake wakamsaidia kusoma ualimu uko makerere ugand 	1
/scratch/skscla001/experiments/datasets/swagen/audio/common_voice_sw_30033909.wav	uruguay ndio nchi yenye historia ya kuanza kutwaa kombe la dunia tangu lilipoanzishwa 	0
/scratch/skscla001/experiments/datasets/swagen/audio/common_voice_sw_29895832.wav	zidane amefanikiwa ndani ya uwanjani na nje ya uwanja 	1
/scratch/skscla001/experiments/datasets/swagen/audio/common_voice_sw_34597725.wav	chuki dhuluma wivu na maovu mengine ili kuishinda kwa utukufu 	0
/scratch/skscla001/experiments/datasets/swagen/audio/common_voice_sw_31356169.wav	waziri mkuu wa sultani alikuwa mwingereza aliyepokea amri kutoka london 	1
/scratch/skscla001/experiments/datasets/swagen/audio/common_voice_sw_30147743.wav	hivyo akaangusha nguzo muhimu ya kiuchumi ya kanisa la kale 	0
/scratch/skscla001/experiments/datasets/swagen/audio/common_voice_sw_30667172.wav	walioishi nyakahanga karibu na kiongozi huyo wa jadi 	0
/scratch/skscla001/experiments/datasets/swagen/audio/common_voice_sw_35099623.wav	mapafu na kupita kwenye mfumo wa damu na 	0
/scratch/skscla001/experiments/datasets/swagen/audio/common_voice_sw_36617362.wav	ibrah young lunya baraka da prince lady jay dee baba levo kutoka nchini tanzania 	1
/scratch/skscla001/experiments/datasets/swagen/audio/common_voice_sw_36319530.wav	sasa wanaamua kuonyesha sanaa yao 	1
/scratch/skscla001/experiments/datasets/swagen/audio/common_voice_sw_36374737.wav	napenda amani 	1
/scratch/skscla001/experiments/datasets/swagen/audio/common_voice_sw_29468040.wav	miaka miwili baadaye alipata udaktari wa teolojia 	0
/scratch/skscla001/experiments/datasets/swagen/audio/common_voice_sw_35155083.wav	kufuatana na afisa wa mtandao huo misukosuko inaendelea kuwakumba watetezi wa haki za binadamu 	0
/scratch/skscla001/experiments/datasets/swagen/audio/common_voice_sw_36644246.wav	samia suluhu hassan alisoma stashahada ya uzamili ya uchumi katika chuo kikuu cha manchester 	0
/scratch/skscla001/experiments/datasets/swagen/audio/common_voice_sw_29962173.wav	mvua za muda mrefu hunyesha kati ya mwezi februari na juni 	0
/scratch/skscla001/experiments/datasets/swagen/audio/common_voice_sw_29193616.wav	na huu ndio ukawa mwanzo wa carey kuingia katika ulimwengu wa muziki 	0
/scratch/skscla001/experiments/datasets/swagen/audio/common_voice_sw_30351485.wav	maambukizi ya virusi vya homa ya ini ndio sababu kuu ya shida kwenye ini 	0
/scratch/skscla001/experiments/datasets/swagen/audio/common_voice_sw_29791785.wav	wahujumu uchumi walitupa vyakula magunia kwa magunia 	0
/scratch/skscla001/experiments/datasets/swagen/audio/common_voice_sw_29841626.wav	waliokufa katika mapigano wamekadiriwa kuwa themanini hivi 	1
/scratch/skscla001/experiments/datasets/swagen/audio/common_voice_sw_29936928.wav	wasichana husimama mbele ya wanaume na kusokota miili huku wakiimba 	1
/scratch/skscla001/experiments/datasets/swagen/audio/common_voice_sw_30572768.wav	kufika moshi ni rahisi sana kwa kuwa uwanja mkubwa wa ndege upo hapo 	0
/scratch/skscla001/experiments/datasets/swagen/audio/common_voice_sw_30566817.wav	kifo cha sultani kilisababisha kudidimia kwa maendeleo ya mzizima 	0
/scratch/skscla001/experiments/datasets/swagen/audio/common_voice_sw_34991421.wav	mbaya zaidi ni kule kuamini kwao kwamba hilo linawezekana tu 	0
/scratch/skscla001/experiments/datasets/swagen/audio/common_voice_sw_34598894.wav	sherehe ya tohara ambayo inafanywa bila dawa ya kugandisha misuli hii tohara hufanywa na 	0
/scratch/skscla001/experiments/datasets/swagen/audio/common_voice_sw_37229655.wav	mali ya wachina mwenyewe alisema anajipa raha jifurahishe ungali hai chameleone alijigamba 	1
/scratch/skscla001/experiments/datasets/swagen/audio/common_voice_sw_29262321.wav	minus huwatega kwenye ngome 	1
/scratch/skscla001/experiments/datasets/swagen/audio/common_voice_sw_31321691.wav	samuel etoo na messi walifunga mabao ya ushindi 	1
/scratch/skscla001/experiments/datasets/swagen/audio/common_voice_sw_29856725.wav	kwame nkrumah alimaliza masomo akapokea shahada yake ya kwanza 	1
/scratch/skscla001/experiments/datasets/swagen/audio/common_voice_sw_30181640.wav	unaonekana kuwa na manufaa mengi kwa wanajamii wa kabila hilo 	1
/scratch/skscla001/experiments/datasets/swagen/audio/common_voice_sw_29790075.wav	ni mchezaji wa zamani wa timu ya taifa ya ureno na klabu za barcelona 	0
/scratch/skscla001/experiments/datasets/swagen/audio/common_voice_sw_29323788.wav	ni maarufu kwa ngano zake 	1
/scratch/skscla001/experiments/datasets/swagen/audio/common_voice_sw_30717705.wav	sir edward mutesa wa pili alikuwa rais wa taifa 	0
/scratch/skscla001/experiments/datasets/swagen/audio/common_voice_sw_29591148.wav	yerusalemu ina historia ndefu sana 	1
/scratch/skscla001/experiments/datasets/swagen/audio/common_voice_sw_30591025.wav	kuongezeka biashara ya bidhaa huduma na mtaji baina ya nchi ni athari kuu 	0
/scratch/skscla001/experiments/datasets/swagen/audio/common_voice_sw_31306038.wav	wazigula hupewa jina litakalotumika wakati na baada ya ndoa 	1
/scratch/skscla001/experiments/datasets/swagen/audio/common_voice_sw_28689001.wav	takriban spishi zote hupatikana ardhini 	0
/scratch/skscla001/experiments/datasets/swagen/audio/common_voice_sw_29996765.wav	hilo halina uzito tunachoamini karume alikuwa ni mzalendo 	1
/scratch/skscla001/experiments/datasets/swagen/audio/common_voice_sw_30017222.wav	alinyongwa mwezi wa nane mwaka elfu moja mia tisa tano na maafisa wa ujerumani 	0
/scratch/skscla001/experiments/datasets/swagen/audio/common_voice_sw_30202010.wav	mkwawa aliongoza kabila la wahehe kupambana dhidi ya wajerumani 	1
/scratch/skscla001/experiments/datasets/swagen/audio/common_voice_sw_29981325.wav	simba kupanda miti siyo jambo la kawaida lakini manyara ni kama jadi 	1
/scratch/skscla001/experiments/datasets/swagen/audio/common_voice_sw_34831425.wav	watu wa brazil waliokuwa wanakusanya njugu katika 	0
/scratch/skscla001/experiments/datasets/swagen/audio/common_voice_sw_30577843.wav	alikuwa mmoja wa washitakiwa zaidi ya nia moja 	1
/scratch/skscla001/experiments/datasets/swagen/audio/common_voice_sw_29924935.wav	ni wanyama wanaoongoza kutazamwa na watalii katika hifadhi zote 	0
/scratch/skscla001/experiments/datasets/swagen/audio/common_voice_sw_28815171.wav	spishi zote zinatokea karibu na maji ama baridi ama ya bahari 	1
/scratch/skscla001/experiments/datasets/swagen/audio/common_voice_sw_30182949.wav	mnamo tarehe kumi na nne mwezi wa kumi na mbili barcelona ilimsajili messi 	1
/scratch/skscla001/experiments/datasets/swagen/audio/common_voice_sw_30053025.wav	tukio la nahodha wa ufaransa zidane kumpiga kichwa materazi litabaki milele 	0
/scratch/skscla001/experiments/datasets/swagen/audio/common_voice_sw_29794062.wav	timu kubwa zote hazina pesa kwa kioindi hiki 	0
/scratch/skscla001/experiments/datasets/swagen/audio/common_voice_sw_30080282.wav	tatizo kubwa zaidi alilokumbana nalo ni dhoruba kali 	0
/scratch/skscla001/experiments/datasets/swagen/audio/common_voice_sw_30623638.wav	yapo baadhi ya mambo yameachwa kwa mfano kuwaua walemavu 	0
/scratch/skscla001/experiments/datasets/swagen/audio/common_voice_sw_34745283.wav	watu tisa wameripotiwa kuaga dunia katika tukio hilo 	0
/scratch/skscla001/experiments/datasets/swagen/audio/common_voice_sw_30026557.wav	jifunze kuwa jasiri na kujikubali hapo ndipo utakuwa imara 	0
/scratch/skscla001/experiments/datasets/swagen/audio/common_voice_sw_37229649.wav	vinaonesha kwamba historia ya binadamu ya zanzibar inarejea wakati wa prehistoric 	1
/scratch/skscla001/experiments/datasets/swagen/audio/common_voice_sw_30183457.wav	safari yangu katika siasa imekuwa njia ndefu na yenye tija 	1
/scratch/skscla001/experiments/datasets/swagen/audio/common_voice_sw_29747840.wav	shabaha ya safari hizi ni upelelezi na utafiti wa kisayansi 	0
/scratch/skscla001/experiments/datasets/swagen/audio/common_voice_sw_29795830.wav	aliacha kazi hiyo kutokana na sababu mbalimbali karume 	1
/scratch/skscla001/experiments/datasets/swagen/audio/common_voice_sw_31284796.wav	baadhi ya koo za kizanaki zilichanganya damu sana na wasukuma 	0
/scratch/skscla001/experiments/datasets/swagen/audio/common_voice_sw_34810846.wav	hotuba ya rais 	0
/scratch/skscla001/experiments/datasets/swagen/audio/common_voice_sw_34745860.wav	ilivisa kama hivi visiwahi tokea tena 	0
/scratch/skscla001/experiments/datasets/swagen/audio/common_voice_sw_28689985.wav	amezaliwa na mama wa ghana na baba wa nigeria 	1
/scratch/skscla001/experiments/datasets/swagen/audio/common_voice_sw_30329554.wav	soka la ulaya kwa sasa linahitaji mbinu mpya 	0
/scratch/skscla001/experiments/datasets/swagen/audio/common_voice_sw_30591022.wav	tumia maji tiririka wakati wa kunawa mikono 	0
/scratch/skscla001/experiments/datasets/swagen/audio/common_voice_sw_28682642.wav	aliyemfuata kama tenno ni mdogo wake go sanjo 	1
/scratch/skscla001/experiments/datasets/swagen/audio/common_voice_sw_29925053.wav	hufanyika mwezi wa kumi na mbili tu 	0
/scratch/skscla001/experiments/datasets/swagen/audio/common_voice_sw_29791256.wav	vikwazo vingi vya upigaji kura vilikuwepo 	0
/scratch/skscla001/experiments/datasets/swagen/audio/common_voice_sw_30591035.wav	vito huundwa zaidi kwa uzuri wake 	0
/scratch/skscla001/experiments/datasets/swagen/audio/common_voice_sw_31284558.wav	pep alifanikia kuliteka soka la hispania 	0
/scratch/skscla001/experiments/datasets/swagen/audio/common_voice_sw_36311000.wav	lazima kuna kitu labda unaona siyo muda muafaka kunambia alisema mtaalamu huku akisimama 	1
/scratch/skscla001/experiments/datasets/swagen/audio/common_voice_sw_35377076.wav	uoto wa asili wa msitu unaostawi kufuata mkondo wa mto 	1
/scratch/skscla001/experiments/datasets/swagen/audio/common_voice_sw_30297498.wav	heshima ya pep guardiola ni kubwa sana barani ulaya 	0
/scratch/skscla001/experiments/datasets/swagen/audio/common_voice_sw_37085096.wav	tiba ya ugonjwa wa kisukari inaendana na muda wa tatizo 	0
/scratch/skscla001/experiments/datasets/swagen/audio/common_voice_sw_29915207.wav	koppe moja inayoweza kuonekana kwa wageni huko serengeti 	1
/scratch/skscla001/experiments/datasets/swagen/audio/common_voice_sw_31446681.wav	asili ya mto huu ni nyanda za juu za mto kondoa 	0
/scratch/skscla001/experiments/datasets/swagen/audio/common_voice_sw_34812790.wav	ibada za kifungu zaidi zinahitajika kabla ya kufikia hadhi ya mpiganaji mwandamizi 	0
/scratch/skscla001/experiments/datasets/swagen/audio/common_voice_sw_30495726.wav	mwaka wa elfu moja mia nane tisini na nane 	0
/scratch/skscla001/experiments/datasets/swagen/audio/common_voice_sw_36381025.wav	watumwa walifungwa kwenye mkunazi uliokuwa ukipatikana hapo kwa ajili ya kunadiwa na kuuzwa 	1
/scratch/skscla001/experiments/datasets/swagen/audio/common_voice_sw_32090802.wav	vanavake vamechangadhiwa kuwa mwaka huu hakuna harusi 	1
/scratch/skscla001/experiments/datasets/swagen/audio/common_voice_sw_29805176.wav	kuna makadirio ya kwamba jumla ya watu laki moja hadi laki tano waliuawa 	1
/scratch/skscla001/experiments/datasets/swagen/audio/common_voice_sw_30566710.wav	mamlaka ya hifadhi ngorongoro si eneo ambalo ni hifadhi ya taifa 	0
/scratch/skscla001/experiments/datasets/swagen/audio/common_voice_sw_28691073.wav	saratani ilikuwa imemuenea sana mwilini 	1
/scratch/skscla001/experiments/datasets/swagen/audio/common_voice_sw_34837380.wav	mishipa ya damu kwenye ubongo inaweza kusinyaa na kupelekea 	0
/scratch/skscla001/experiments/datasets/swagen/audio/common_voice_sw_30585466.wav	mwalimu nyerere alichanganya udongo wa tanzania na zanzibar 	0
/scratch/skscla001/experiments/datasets/swagen/audio/common_voice_sw_36375006.wav	hata hivyo wadau wa utalii mbuga ya maasai mara wanasema 	1
/scratch/skscla001/experiments/datasets/swagen/audio/common_voice_sw_34763466.wav	ka la ndege la kuntas la australia limeahirisha safari za ndege 	1
/scratch/skscla001/experiments/datasets/swagen/audio/common_voice_sw_29936666.wav	eneo hilo limetengwa kwa ajili ya uhifadhi wa viumbe vya baharini 	1
/scratch/skscla001/experiments/datasets/swagen/audio/common_voice_sw_30122415.wav	hadzane ina aina tatu ya click konsonanti meno alveopalatal 	1
/scratch/skscla001/experiments/datasets/swagen/audio/common_voice_sw_31446621.wav	bayern munich iliyokuwa balaa ujerumani haikuwahi kumaliza msimu bila kufungwa 	0
/scratch/skscla001/experiments/datasets/swagen/audio/common_voice_sw_36386487.wav	walielekea kenya walifika kwanza mombasa hawakupokelewa vema wakaendelea hadi malindi 	1
/scratch/skscla001/experiments/datasets/swagen/audio/common_voice_sw_30004893.wav	huleta mabadiliko ya katiba ya kuongeza sauti ya waafrika kwa ajili ya jumuiya ndogondogo 	0
/scratch/skscla001/experiments/datasets/swagen/audio/common_voice_sw_30313876.wav	bunge la tanganyika na baraza la wawakilishi la zanzibar 	1
/scratch/skscla001/experiments/datasets/swagen/audio/common_voice_sw_30182046.wav	uchaguzi mkuu wa tanzania unahusisha vyama vingi 	1
/scratch/skscla001/experiments/datasets/swagen/audio/common_voice_sw_35103616.wav	ingia mkataba na kampuni ya universal records 	0
/scratch/skscla001/experiments/datasets/swagen/audio/common_voice_sw_29939388.wav	awali aliondoa zuio la chama cha african national congress 	0
/scratch/skscla001/experiments/datasets/swagen/audio/common_voice_sw_30053887.wav	wataalamu wasio wachache wanasema mwisho wa vita kuu ya kwanza 	0
/scratch/skscla001/experiments/datasets/swagen/audio/common_voice_sw_29818344.wav	wengi wanaujua zaidi mlima kilimanjaro kutokana na upekee wake katika bara la afrika 	0
/scratch/skscla001/experiments/datasets/swagen/audio/common_voice_sw_29923503.wav	wengi wamekuwa hawajui maana ya upendo 	0
/scratch/skscla001/experiments/datasets/swagen/audio/common_voice_sw_35104881.wav	njombe ina wakazi wanaofikia kuwa laki saba na mbili na tisini na saba 	0
/scratch/skscla001/experiments/datasets/swagen/audio/common_voice_sw_30326925.wav	mzee mwinyi kabla hajatawala tanzania alikuwa visiwani 	0
/scratch/skscla001/experiments/datasets/swagen/audio/common_voice_sw_29791041.wav	makampuni hayo yametoa ajira kwa raia wengi wa tanzania 	0
/scratch/skscla001/experiments/datasets/swagen/audio/common_voice_sw_28718791.wav	alianza kuchora alipokuwa bado mtoto wa shule akaanza pia kuchora katuni za kisiasa 	0
/scratch/skscla001/experiments/datasets/swagen/audio/common_voice_sw_37214774.wav	na wenzake hata ilipotimia siku ya pentekoste walikuwapo wote mahali 	0
/scratch/skscla001/experiments/datasets/swagen/audio/common_voice_sw_29795851.wav	mlima kilimanjaro unapandwa katika misimu miwili tofauti 	1
/scratch/skscla001/experiments/datasets/swagen/audio/common_voice_sw_30200641.wav	nchi nyingi za afrika na duniani zilipata uhuru wake kwa silaha 	1
/scratch/skscla001/experiments/datasets/swagen/audio/common_voice_sw_29955149.wav	tanzania ilianza kutumia bendera yake baada ya uhuru 	1
/scratch/skscla001/experiments/datasets/swagen/audio/common_voice_sw_29792109.wav	serengeti pamoja na masai mara inajulikana hasa kwa uhamisho wa kila mwaka 	0
/scratch/skscla001/experiments/datasets/swagen/audio/common_voice_sw_31812061.wav	mji wa bagamoyo unaotafsiri kuhusu dini ya kiislamu na utamaduni wake 	0
/scratch/skscla001/experiments/datasets/swagen/audio/common_voice_sw_30640490.wav	ametaka wanawake kujiamini nchini kuacha woga wakati wa mapambano ya kutafuta fursa 	0
/scratch/skscla001/experiments/datasets/swagen/audio/common_voice_sw_29943822.wav	aligawa maduka na biashara yao kwa ndugu au wafuasi wa rais 	1
/scratch/skscla001/experiments/datasets/swagen/audio/common_voice_sw_30623602.wav	mti aliyonyongewa upo mpaka sasa sehemu ya oldmoshi bomani karibu na kolila sekondari 	0
/scratch/skscla001/experiments/datasets/swagen/audio/common_voice_sw_37091804.wav	ni tasnia inayoonekana kusaidia ukuaji wa uchumi kupitia sekta ya utalii 	1
/scratch/skscla001/experiments/datasets/swagen/audio/common_voice_sw_29947059.wav	mtangazaji wa taarifa ya habari alikuwa mwalimu julius kambarage nyerere 	1
/scratch/skscla001/experiments/datasets/swagen/audio/common_voice_sw_32244229.wav	gusa karatasi yako 	1
/scratch/skscla001/experiments/datasets/swagen/audio/common_voice_sw_29896937.wav	sehemu kubwa ya mkoa ni yenye milima na vilima vilivyogawanywa na mabonde 	1
/scratch/skscla001/experiments/datasets/swagen/audio/common_voice_sw_28883789.wav	alikuwa mwanamke wa kwanza kuchaguliwa na kuongoza nchi ya kiislamu 	0
/scratch/skscla001/experiments/datasets/swagen/audio/common_voice_sw_34765591.wav	harakati na wapinzani wa kisosialisti 	1
/scratch/skscla001/experiments/datasets/swagen/audio/common_voice_sw_29941590.wav	kwani tayari walikuwa na deni la kulipa mabao sita kwa sifuri walichopewa 	1
/scratch/skscla001/experiments/datasets/swagen/audio/common_voice_sw_30230735.wav	kisukari aina ya kwanza ambapo insulini inakuwa tegemezi 	0
/scratch/skscla001/experiments/datasets/swagen/audio/common_voice_sw_29943400.wav	maharage ni mazuri kwasababu yana faida nyingi mwilini ikiwemo kushusha shinikizo la damu 	1
/scratch/skscla001/experiments/datasets/swagen/audio/common_voice_sw_28673091.wav	leo uzalishaji ni mkubwa hasa hispania halafu italia ugiriki uturuki nakadhalika 	1
/scratch/skscla001/experiments/datasets/swagen/audio/common_voice_sw_30079786.wav	kiharusi ni ugonjwa wa dharura na hatari 	1
/scratch/skscla001/experiments/datasets/swagen/audio/common_voice_sw_30021555.wav	usiku hakuna usalama kwa kuwa kuna matukio ya uhalifu ambayo yanafanywa na vijana wanaokaba 	1
/scratch/skscla001/experiments/datasets/swagen/audio/common_voice_sw_35155150.wav	kama kunahafadhali zozote ambazo zimefanyika kwa hiyo zianze kurekebishwa kabla hazijaenda mbali 	0
/scratch/skscla001/experiments/datasets/swagen/audio/common_voice_sw_30631065.wav	anasema zuhura ambaye ni mwanamke wa kwanza kutangaza kipindi cha televisheni 	1
/scratch/skscla001/experiments/datasets/swagen/audio/common_voice_sw_30024109.wav	muundo wa bunge la muungano ulibadilika na kuanzisha viti malumu vya wanawake 	1
/scratch/skscla001/experiments/datasets/swagen/audio/common_voice_sw_28927603.wav	ina jumba la makumbusho dogo kuhusu historia ya zanzibar 	0
/scratch/skscla001/experiments/datasets/swagen/audio/common_voice_sw_29793935.wav	mahojiano ni mchakato wa kichambuzi unaohusisha mabadiliko 	0
/scratch/skscla001/experiments/datasets/swagen/audio/common_voice_sw_30036040.wav	mataifa mengi ya afrika yanapambana kwa nguvu zote kulinda hifadhi hizo 	0
/scratch/skscla001/experiments/datasets/swagen/audio/common_voice_sw_28583294.wav	ndiyo asili ya jina 	0
/scratch/skscla001/experiments/datasets/swagen/audio/common_voice_sw_30360131.wav	maeneo ya india na thailand umetajwa kuwa hatari sana 	0
/scratch/skscla001/experiments/datasets/swagen/audio/common_voice_sw_30438887.wav	usambazaji hutokea kupitia vyombo vya habari na 	0
/scratch/skscla001/experiments/datasets/swagen/audio/common_voice_sw_30314240.wav	amini aliendelea kupokea mafunzo ya kijeshi 	0
/scratch/skscla001/experiments/datasets/swagen/audio/common_voice_sw_30640451.wav	pamoja na kuunda kanuni mpya za kusimamia vizuri sekta hizo 	0
/scratch/skscla001/experiments/datasets/swagen/audio/common_voice_sw_30002122.wav	jambo hili huwa linatukosesha usingizi timu nzima 	1
/scratch/skscla001/experiments/datasets/swagen/audio/common_voice_sw_30570295.wav	zoea kuisha kwa kawaida na usihofie chochote 	0
/scratch/skscla001/experiments/datasets/swagen/audio/common_voice_sw_29787964.wav	simulizi ndiyo muundo unaotoa kiasi kikubwa zaidi cha maelezo 	1
/scratch/skscla001/experiments/datasets/swagen/audio/common_voice_sw_30143976.wav	tofauti na matarajio ya karume hatua hiyo iliwaleta karibu zaidi 	1
/scratch/skscla001/experiments/datasets/swagen/audio/common_voice_sw_30567963.wav	aliimarisha utawala wa omani juu ya pwani ya afrika ya mashariki 	0
/scratch/skscla001/experiments/datasets/swagen/audio/common_voice_sw_29628539.wav	tarehe ya mwaka mpya inategemea kalenda yake 	1
/scratch/skscla001/experiments/datasets/swagen/audio/common_voice_sw_34906819.wav	mpya katika majimbo ya kusini zilinyima haki nyingi za kiraia 	0
/scratch/skscla001/experiments/datasets/swagen/audio/common_voice_sw_29879315.wav	wachezaji wengi wakubwa kutoka barani ulaya walishiriki michuano 	1
/scratch/skscla001/experiments/datasets/swagen/audio/common_voice_sw_30653685.wav	lahaja za cinyambwa na cinyaugogo ndizo hujulikana zaidi 	0
/scratch/skscla001/experiments/datasets/swagen/audio/common_voice_sw_35442270.wav	matatizo makuu ya binadamu ingawa wachache tu wameweza 	0
/scratch/skscla001/experiments/datasets/swagen/audio/common_voice_sw_29941787.wav	mlima kilimanjaro wakiwemo mbega na nyani 	1
/scratch/skscla001/experiments/datasets/swagen/audio/common_voice_sw_30181694.wav	kasi ya usambazaji hutegemea aina ya kimelea pia mbu msambazaji binadamu anayeumwa na mazingira 	1
/scratch/skscla001/experiments/datasets/swagen/audio/common_voice_sw_37221849.wav	sheria pamoja na dini ziligeuka toy ya mtawala 	0
/scratch/skscla001/experiments/datasets/swagen/audio/common_voice_sw_37214859.wav	ezi ukaweka numbers sana kwenye hii kitu kwa sababu inategemea na priorities za nchi 	0
/scratch/skscla001/experiments/datasets/swagen/audio/common_voice_sw_29787911.wav	hadhi ya mji wa dar es salaam ilipandishwa kuwa ya manispaa 	1
/scratch/skscla001/experiments/datasets/swagen/audio/common_voice_sw_35155473.wav	tapita humo kwa damu 	0
/scratch/skscla001/experiments/datasets/swagen/audio/common_voice_sw_30376447.wav	huyu ni msanii maarufu wa muziki wa injili katika lugha ya swahili 	0
/scratch/skscla001/experiments/datasets/swagen/audio/common_voice_sw_31454740.wav	kwa ajili ya ukulima wa ngano na ufugaji wa kondoo 	1
/scratch/skscla001/experiments/datasets/swagen/audio/common_voice_sw_30055243.wav	huu ni msikiti mkubwa zaidi kuwahi kujengwa kusini mwa jangwa la sahara 	0
/scratch/skscla001/experiments/datasets/swagen/audio/common_voice_sw_30577568.wav	mwaka elfu mbili na tano kitulo likatangazwa kuwa hifadhi ya taifa 	1
/scratch/skscla001/experiments/datasets/swagen/audio/common_voice_sw_37331965.wav	ulaji wa chakula kilichoambukizwa na viini vinavyosababisha tatizo hili 	0
/scratch/skscla001/experiments/datasets/swagen/audio/common_voice_sw_28716339.wav	uwanja huo ni sehemu ya makazi magumu zaidi ya vifaa vingine vya riadha 	1
/scratch/skscla001/experiments/datasets/swagen/audio/common_voice_sw_36385104.wav	jacob aliitikia na kusema kuwa amebahatika tena kuonana na mtaalamu wa ufundi 	1
/scratch/skscla001/experiments/datasets/swagen/audio/common_voice_sw_28695279.wav	anaheshimiwa na kanisa katoliki kama mwenye heri bikira 	1
/scratch/skscla001/experiments/datasets/swagen/audio/common_voice_sw_30380486.wav	milima ya usambara inapatikana kaskazini mashariki mwa tanzania mkoani tanga 	0
/scratch/skscla001/experiments/datasets/swagen/audio/common_voice_sw_30025044.wav	wilaya ya same ina eneo kubwa sana 	0
/scratch/skscla001/experiments/datasets/swagen/audio/common_voice_sw_30026647.wav	inahusu eneo la afrika mashariki ambalo wakazi wake leo wanaunda jamhuri ya kenya 	0
/scratch/skscla001/experiments/datasets/swagen/audio/common_voice_sw_30327026.wav	plasmodiam kutoka kwa mtu mmoja hadi mwingine 	0
/scratch/skscla001/experiments/datasets/swagen/audio/common_voice_sw_29902195.wav	baadae jokate anaangalia nyuma yake na kufurahikia mno yale ambayo ameweza kuyafikia 	1
/scratch/skscla001/experiments/datasets/swagen/audio/common_voice_sw_30313837.wav	kibuyu na kuni zilitumika katika ufundi huo 	0
/scratch/skscla001/experiments/datasets/swagen/audio/common_voice_sw_29797499.wav	hivyo basi waliamua kukataa manyanyaso na masumbuko dhidi ya wakoloni 	0
/scratch/skscla001/experiments/datasets/swagen/audio/common_voice_sw_34393005.wav	wanaume hunyoa nywele wanapopita hatua moja ya maisha hadi nyingine 	1
/scratch/skscla001/experiments/datasets/swagen/audio/common_voice_sw_35221623.wav	umonaki haraka mashariki na vilevile magharibi watawa ni wakristo 	0
/scratch/skscla001/experiments/datasets/swagen/audio/common_voice_sw_31284654.wav	kijana huyo alipokua kwa vile chifu mwamududa hakuwa na mtoto wa kiume 	0
/scratch/skscla001/experiments/datasets/swagen/audio/common_voice_sw_29793463.wav	wangekuwa kwa siku hizi wangewaita halmashauri 	0
/scratch/skscla001/experiments/datasets/swagen/audio/common_voice_sw_29896063.wav	vilele vya juu ni mlima mtingire na mlima kimhandu 	1
/scratch/skscla001/experiments/datasets/swagen/audio/common_voice_sw_28718644.wav	mkono huu wa kaskazini huitwa mkondo wa atlantiki ya kaskazini 	0
/scratch/skscla001/experiments/datasets/swagen/audio/common_voice_sw_28725324.wav	katika taifa hilo watu wote wanapaswa kuingia bila ya ubaguzi ili wawe kitu kimoja 	1
/scratch/skscla001/experiments/datasets/swagen/audio/common_voice_sw_34833131.wav	ndio wanakaa na hali mbaya ya kiafya 	0
/scratch/skscla001/experiments/datasets/swagen/audio/common_voice_sw_30201291.wav	ni miongoni mwa vilele vitano tanzania 	1
/scratch/skscla001/experiments/datasets/swagen/audio/common_voice_sw_30334178.wav	mahitaji yao yote kama vile kuni na kilimo 	1
/scratch/skscla001/experiments/datasets/swagen/audio/common_voice_sw_30195678.wav	ardhi zaidi ilichukuliwa kwa ajili ya hifadhi ya wanyamapori na hifadhi za taifa 	0
/scratch/skscla001/experiments/datasets/swagen/audio/common_voice_sw_29822618.wav	uchimbaji wa madini ya kobalti unatoa fursa nyingi sana kwa taifa hilo 	1
/scratch/skscla001/experiments/datasets/swagen/audio/common_voice_sw_29787562.wav	muziki wa kitamaduni wa kimasai huwa na sauti 	1
/scratch/skscla001/experiments/datasets/swagen/audio/common_voice_sw_37225491.wav	hizi zilizo ndogo na kuwafundisha watu hivyo ataitwa mdogo kabisa katika ufalme wa mbinguni 	1
/scratch/skscla001/experiments/datasets/swagen/audio/common_voice_sw_29936711.wav	akiwa na shahada ya kwanza katika biashara ya kimataifa na fedha 	1
/scratch/skscla001/experiments/datasets/swagen/audio/common_voice_sw_30121766.wav	mwaka elfu moja mia tisa hamsini na mbili alihitimu shahada ya uzamili 	1
/scratch/skscla001/experiments/datasets/swagen/audio/common_voice_sw_36642666.wav	ana majuto baada ya kuacha shule 	0
/scratch/skscla001/experiments/datasets/swagen/audio/common_voice_sw_30628515.wav	mbuga ya kitaifa ya tsavo mashariki ni mojawapo hifadhi maarufu 	0
/scratch/skscla001/experiments/datasets/swagen/audio/common_voice_sw_29793885.wav	kila mtu aliamini pep atamaliza maisha yake ya soka 	0
/scratch/skscla001/experiments/datasets/swagen/audio/common_voice_sw_30415216.wav	mashabiki wa barcelona walichukizwa na kitendo hicho 	0
/scratch/skscla001/experiments/datasets/swagen/audio/common_voice_sw_30193312.wav	benki hiyo ilipewa kibali na serikali ya ujerumani kuchapisha noti 	0
/scratch/skscla001/experiments/datasets/swagen/audio/common_voice_sw_30661133.wav	katika karne ya kumi na tisa shanga nyingi zenye rangi mbalimbali zilifika afrika 	1
/scratch/skscla001/experiments/datasets/swagen/audio/common_voice_sw_30338247.wav	seleman matola alicheza na kaseja katika kikosi cha simba kuanzia mwaka 	0
/scratch/skscla001/experiments/datasets/swagen/audio/common_voice_sw_29936444.wav	makabila mashuhuri kwa vita kama wangoni na wagogo pia wahehe 	1
/scratch/skscla001/experiments/datasets/swagen/audio/common_voice_sw_30653959.wav	viongozi wa pwani kwa kipindi cha nyuma walikuwa mamwinyi 	0
/scratch/skscla001/experiments/datasets/swagen/audio/common_voice_sw_28978792.wav	sehemu ndogo zaidi za nchi kavu ndani ya magimba ya maji huitwa kisiwa 	1
/scratch/skscla001/experiments/datasets/swagen/audio/common_voice_sw_29795419.wav	tunatakiwa tutunze misitu kwa ajili ya manufaa yetu wenyewe na vizazi vingine 	1
/scratch/skscla001/experiments/datasets/swagen/audio/common_voice_sw_36644250.wav	mwingine mashuhuri zaidi ni mwande akifahamika kama mwenye 	0
/scratch/skscla001/experiments/datasets/swagen/audio/common_voice_sw_30377533.wav	passarella alitajwa miongoni mwa wachezaji bora wa michuano 	0
/scratch/skscla001/experiments/datasets/swagen/audio/common_voice_sw_34920418.wav	mwenyekiti wa chama cha wanahabari nchini kenya oloo janak 	0
/scratch/skscla001/experiments/datasets/swagen/audio/common_voice_sw_30527504.wav	wairwana wana maeneo kuelekea kaskazini ambayo ni sehemu ndogo sana 	0
/scratch/skscla001/experiments/datasets/swagen/audio/common_voice_sw_29936410.wav	ni mchezaji wa soka wa kameruni ambaye anacheza kwa klabu ya qatar kama mshambuliaji 	1
/scratch/skscla001/experiments/datasets/swagen/audio/common_voice_sw_36382311.wav	nauliza maswali mengi sana 	1
/scratch/skscla001/experiments/datasets/swagen/audio/common_voice_sw_30034553.wav	alikuwa na watumishi watano alikamatwa na kusimamishwa 	0
/scratch/skscla001/experiments/datasets/swagen/audio/common_voice_sw_35284665.wav	mji mkongwe wenye historia kubwa una majengo mengi ya kihistoria 	0
/scratch/skscla001/experiments/datasets/swagen/audio/common_voice_sw_29939018.wav	pia hifadhi hii inapitiwa na njia ya treni inayoelekea katika taifa jirani la zambia 	1
/scratch/skscla001/experiments/datasets/swagen/audio/common_voice_sw_29923746.wav	aliyekuwa waziri mkuu miaka ya mwanzoni ya uhuru 	0
/scratch/skscla001/experiments/datasets/swagen/audio/common_voice_sw_28581557.wav	nchi iko kwenye sehemu nyembamba kabisa ya amerika ya kati 	1
/scratch/skscla001/experiments/datasets/swagen/audio/common_voice_sw_37099517.wav	mababu ya waturuki wa kisasa makabila ya oguz ya 	1
/scratch/skscla001/experiments/datasets/swagen/audio/common_voice_sw_30119702.wav	likiyaunganisha mataifa ya jamhuri ya kidemokrasi ya kongo 	0
/scratch/skscla001/experiments/datasets/swagen/audio/common_voice_sw_29792547.wav	jengo hili la ghorofa mbili lina urefu wa mita arobaini na mbili 	0
/scratch/skscla001/experiments/datasets/swagen/audio/common_voice_sw_30668394.wav	katika ardhi ya tanzanai katika miaka hiyo ya ukombozi wa bara la afrika 	1
/scratch/skscla001/experiments/datasets/swagen/audio/common_voice_sw_35105421.wav	tarehe tano juni kila mwaka watanzania wanaungana na mataifa mengine 	0
/scratch/skscla001/experiments/datasets/swagen/audio/common_voice_sw_30124010.wav	kijiji hiki kilianzishwa na wabalawa ambao walichanganyika na wazaramo 	0
/scratch/skscla001/experiments/datasets/swagen/audio/common_voice_sw_29798565.wav	ngorongoro inayotembelewa na watalii wengi zaidi kwa mwaka 	0
/scratch/skscla001/experiments/datasets/swagen/audio/common_voice_sw_28669856.wav	pia kuna wasemaji wachache nchini jamhuri ya kongo na nigeria 	0
/scratch/skscla001/experiments/datasets/swagen/audio/common_voice_sw_29788604.wav	makampuni yale yalianza kutumia wakazi wa tanga kulima mkonge 	0
/scratch/skscla001/experiments/datasets/swagen/audio/common_voice_sw_34940055.wav	sahara lilikuwa kizuizi kikuu cha mawasiliano na usafiri kati ya 	0
/scratch/skscla001/experiments/datasets/swagen/audio/common_voice_sw_28874605.wav	kwa wengine kama mileli bahari hutumika kwa kukamata mawindo tu 	0
/scratch/skscla001/experiments/datasets/swagen/audio/common_voice_sw_28699152.wav	lakini kuingilia kati kwa serikali ya uingereza kulikuwa mwisho wa utawala wa kampuni 	0
/scratch/skscla001/experiments/datasets/swagen/audio/common_voice_sw_30653913.wav	wakijaribu kujiokoa meli haikuwa na boti za kuokolea za kutosha 	0
/scratch/skscla001/experiments/datasets/swagen/audio/common_voice_sw_29645006.wav	ni mwigizaji filamu wa kike wa nigeria pia ni mwongozaji wa filamu na mwanamitindo 	0
/scratch/skscla001/experiments/datasets/swagen/audio/common_voice_sw_30659258.wav	pengine jina wanyaturu linapoteza historia yao 	0
/scratch/skscla001/experiments/datasets/swagen/audio/common_voice_sw_36384084.wav	leo nimeona ni vyema tuanzie nchini rwanda 	1
/scratch/skscla001/experiments/datasets/swagen/audio/common_voice_sw_34942396.wav	tuna maziwa tuna misitu tuna milima 	0
/scratch/skscla001/experiments/datasets/swagen/audio/common_voice_sw_28963910.wav	ulimwengu hauna mipaka na ni wa milele 	1
/scratch/skscla001/experiments/datasets/swagen/audio/common_voice_sw_30182598.wav	mto nile unatiririsha maji katika bahari iliyopo kaskazini mashariki mwa afrika 	1
/scratch/skscla001/experiments/datasets/swagen/audio/common_voice_sw_37084057.wav	dopamineji ambayo hujibia glutamati seli hizi 	0
/scratch/skscla001/experiments/datasets/swagen/audio/common_voice_sw_35183982.wav	yote wanahimizwa kubatizwa kwa maji ili kuzaliwa upya kadiri ya 	0
/scratch/skscla001/experiments/datasets/swagen/audio/common_voice_sw_29795530.wav	zaidi ya elfu thelathini kwa eneo lake zima 	1
/scratch/skscla001/experiments/datasets/swagen/audio/common_voice_sw_31808930.wav	lupembe alieleza ndege hupendelea kuogelea pamoja 	0
/scratch/skscla001/experiments/datasets/swagen/audio/common_voice_sw_35588826.wav	watalii wengi wanapenda mno kufika eneo hili kujionea 	0
/scratch/skscla001/experiments/datasets/swagen/audio/common_voice_sw_34812584.wav	taarifa zilizo zidisha hofu kwa nchi hiyo 	0
/scratch/skscla001/experiments/datasets/swagen/audio/common_voice_sw_30352567.wav	bila hiana nikajikuta na nyanyuka na kuelekea chumbani kwangu hakika nilikuwa na mawazo sana 	0
/scratch/skscla001/experiments/datasets/swagen/audio/common_voice_sw_30522473.wav	baada ya kukamilisha mafunzo rasmi katika hospitali ya miguel bombarda huko maputo 	0
/scratch/skscla001/experiments/datasets/swagen/audio/common_voice_sw_30147401.wav	idizina bya ngasu netangwa samachau ni jina apewalo mtu mzima aliyepata mchumba na kuoa 	1
/scratch/skscla001/experiments/datasets/swagen/audio/common_voice_sw_29936259.wav	huku upande wa mama akiwa na asili ya italia 	1
/scratch/skscla001/experiments/datasets/swagen/audio/common_voice_sw_36385786.wav	mi nashangaa 	1
/scratch/skscla001/experiments/datasets/swagen/audio/common_voice_sw_31285489.wav	nyingine ni volkeno ndefu kuliko zote duniani nje ya amerika kusini 	0
/scratch/skscla001/experiments/datasets/swagen/audio/common_voice_sw_35109555.wav	ambapo baadhi ya sifa za muziki ni uzito wa sauti na wizani au mahadhi 	0
/scratch/skscla001/experiments/datasets/swagen/audio/common_voice_sw_29796842.wav	watu wanaamini kuwa mashindano ya urembo hayana maana 	1
/scratch/skscla001/experiments/datasets/swagen/audio/common_voice_sw_35106231.wav	mwaka elfu mbili na ishirini inayoendelea kwenye majiji kumi na moja barani ulaya 	0
/scratch/skscla001/experiments/datasets/swagen/audio/common_voice_sw_34392006.wav	wapi maisha yako kwa ujumla nimezaliwa miaka thelathini iliyopita na nimezaliwa zanzibar 	1
/scratch/skscla001/experiments/datasets/swagen/audio/common_voice_sw_34757040.wav	tisa na tarehe kumi na moja hatimaye mwaka wa elfu mbili na tatu gaddafi 	0
/scratch/skscla001/experiments/datasets/swagen/audio/common_voice_sw_30327406.wav	leeds united inacheza soka safi nchini uingereza 	0
/scratch/skscla001/experiments/datasets/swagen/audio/common_voice_sw_30470906.wav	ndiye pekee miongoni mwa wazanzibari ambaye angeweza kuendeleza fikra 	1
/scratch/skscla001/experiments/datasets/swagen/audio/common_voice_sw_30635648.wav	alisaini ili kusitisha harakati za waarabu dhidi ya uzayuni 	1
/scratch/skscla001/experiments/datasets/swagen/audio/common_voice_sw_37225538.wav	ahsante kwa kiamsha kinywa 	0
/scratch/skscla001/experiments/datasets/swagen/audio/common_voice_sw_29439303.wav	alijiunga na utawa wa tatu wa mt 	1
/scratch/skscla001/experiments/datasets/swagen/audio/common_voice_sw_31581517.wav	zamadamu alikuwa akiishi kwenye bonde la ufa 	0
/scratch/skscla001/experiments/datasets/swagen/audio/common_voice_sw_28814609.wav	manyoya yao ni magumu lakini siyo kama yale ya vipanya miiba 	1
/scratch/skscla001/experiments/datasets/swagen/audio/common_voice_sw_37089552.wav	linajumuisha nguzo za chuma milango yenye marembo 	0
/scratch/skscla001/experiments/datasets/swagen/audio/common_voice_sw_37085642.wav	benzema alikuwa mchezaji wa timu ya taifa na kuiwakilisha nchi yake 	0
/scratch/skscla001/experiments/datasets/swagen/audio/common_voice_sw_30495093.wav	ni kitoweo kitamu sana kwa mujibu wa wenyeji na watalii pia 	0
/scratch/skscla001/experiments/datasets/swagen/audio/common_voice_sw_28819457.wav	majukumu hutofautiana kulingana na kazi na ukubwa wa shirika 	1
/scratch/skscla001/experiments/datasets/swagen/audio/common_voice_sw_35157514.wav	hilo linafanana na upendo ambao katika ukristo ndio adili kuu kuliko 	0
/scratch/skscla001/experiments/datasets/swagen/audio/common_voice_sw_29976849.wav	kutokana na kuwepo kwa mto rufiji karibu na hifadhi hiyo 	1
/scratch/skscla001/experiments/datasets/swagen/audio/common_voice_sw_28714514.wav	kwa muda mrefu wa historia yake austria ilihesabiwa kama sehemu ya ujerumani 	0
/scratch/skscla001/experiments/datasets/swagen/audio/common_voice_sw_30117840.wav	malaika alipogeuka na kufanya matendo ya kigaidi 	1
/scratch/skscla001/experiments/datasets/swagen/audio/common_voice_sw_29961287.wav	zilikuwa zimetokana na utu au nafsi yake si cheo chake 	1
/scratch/skscla001/experiments/datasets/swagen/audio/common_voice_sw_28663206.wav	wanaishi huko indonesia papua new guinea na australia ya mashariki 	1
/scratch/skscla001/experiments/datasets/swagen/audio/common_voice_sw_28682420.wav	hata hivyo mifumo mingine kadhaa ya uainishaji wa virusi ipo 	1
/scratch/skscla001/experiments/datasets/swagen/audio/common_voice_sw_37084330.wav	kitu kipya leo imba kwa shangwe wewe uliye tasa 	1
/scratch/skscla001/experiments/datasets/swagen/audio/common_voice_sw_30342895.wav	lakini wakati huo ilijulikana kwa jina la tanganyika upande wa mashariki mwa afrika 	1
/scratch/skscla001/experiments/datasets/swagen/audio/common_voice_sw_29943833.wav	muhimu si tu ulipofika lakini pia wapi umeanzia 	0
/scratch/skscla001/experiments/datasets/swagen/audio/common_voice_sw_31909764.wav	usipoukata utakukata 	0
/scratch/skscla001/experiments/datasets/swagen/audio/common_voice_sw_30336377.wav	pep guardiola aliweza kubadili staili ya bayern munich 	0
/scratch/skscla001/experiments/datasets/swagen/audio/common_voice_sw_30628284.wav	hufikia mwendokasi wa kilometa hamsini na tano kwa saa 	0
/scratch/skscla001/experiments/datasets/swagen/audio/common_voice_sw_30192088.wav	matibabu ya awali kwa kutumia antibayotiki huanzishwa kabla matokeo ya vipimo 	0
/scratch/skscla001/experiments/datasets/swagen/audio/common_voice_sw_29795818.wav	pele ameshinda mataji mengi ya kombe la dunia kuliko maradona 	1
/scratch/skscla001/experiments/datasets/swagen/audio/common_voice_sw_35099280.wav	waandishi wa habari wakipigwa na kunyang anywa vifaa vyao vya kazi 	0
/scratch/skscla001/experiments/datasets/swagen/audio/common_voice_sw_35118942.wav	afrika pia baadhi ya nchi zimeunga mkono hilo 	0
/scratch/skscla001/experiments/datasets/swagen/audio/common_voice_sw_30354197.wav	maalim self alizikwa tarehe kumi na nane mwezi wa pili 	0
/scratch/skscla001/experiments/datasets/swagen/audio/common_voice_sw_30321954.wav	jengo hili pia lilitumiwa na waingereza enzi za ukoloni 	1
/scratch/skscla001/experiments/datasets/swagen/audio/common_voice_sw_29925691.wav	na nyingine nyingi sana zilizopo katika bara la afrika 	0
/scratch/skscla001/experiments/datasets/swagen/audio/common_voice_sw_28670635.wav	pia kuna wasemaji wachache nchini burkina faso 	1
/scratch/skscla001/experiments/datasets/swagen/audio/common_voice_sw_28716372.wav	dalili nyingine zinaweza kujumuisha maumivu na matatizo wakati wa kumeza 	1
/scratch/skscla001/experiments/datasets/swagen/audio/common_voice_sw_30034409.wav	brazil iliendelea na biashara hiyo hadi mwaka elfu moja mia nane hamsini 	0
/scratch/skscla001/experiments/datasets/swagen/audio/common_voice_sw_30182723.wav	kwa ujumla hivyo jamii ndiyo nguvu kazi katika nchi hasa nchini tanzania 	0
/scratch/skscla001/experiments/datasets/swagen/audio/common_voice_sw_30574763.wav	uchumi wa kenya utakuwa dola bilioni mia moja kumi na tatu 	1
/scratch/skscla001/experiments/datasets/swagen/audio/common_voice_sw_35106504.wav	reli ni mfumo wa kupitia 	0
/scratch/skscla001/experiments/datasets/swagen/audio/common_voice_sw_35104363.wav	na kujaribu na kujaribu kuharibu mali ya umma 	0
/scratch/skscla001/experiments/datasets/swagen/audio/common_voice_sw_37225734.wav	ioonesha kuwa rais wa sasa bagbo alikuwa ameongoza kwa aslimia thelathini na nane 	0
/scratch/skscla001/experiments/datasets/swagen/audio/common_voice_sw_30564155.wav	hali hii imepelekea wafanyabiashara wa namna hiyo wote 	0
/scratch/skscla001/experiments/datasets/swagen/audio/common_voice_sw_31823710.wav	hifadhi imepewa jina la nyerere kama njia ya kumuenzi hayati nyerere 	0
/scratch/skscla001/experiments/datasets/swagen/audio/common_voice_sw_34745158.wav	siku ya furaha 	0
/scratch/skscla001/experiments/datasets/swagen/audio/common_voice_sw_28999954.wav	pijini ni lugha za nyongeza si lugha mama 	1
/scratch/skscla001/experiments/datasets/swagen/audio/common_voice_sw_29943862.wav	historia ya wamasai inaonyesha kwamba wao ni jamii ya wafugaji 	1
/scratch/skscla001/experiments/datasets/swagen/audio/common_voice_sw_29856249.wav	amin aliifilisi nchi na kiwango cha maisha kikawa cha chini kabisa 	1
/scratch/skscla001/experiments/datasets/swagen/audio/common_voice_sw_29789291.wav	hifadhi ya mlima kilimanjaro ni hifadhi ya taifa inayopatikana nchini tanzania 	0
/scratch/skscla001/experiments/datasets/swagen/audio/common_voice_sw_30546177.wav	shirikisho la soka la ulaya likaanzisha michuano ya mataifa ya ulaya 	0
/scratch/skscla001/experiments/datasets/swagen/audio/common_voice_sw_29603244.wav	hata hivyo watu wa liberia huongea kiingereza sana 	0
/scratch/skscla001/experiments/datasets/swagen/audio/common_voice_sw_29935552.wav	ronaldo amemaliza michuano akiwa mchezaji aliyefunga mabao mengi 	1
/scratch/skscla001/experiments/datasets/swagen/audio/common_voice_sw_29788177.wav	ni milionea tajika afrika akizaliwa visiwani zanzibar tanzania 	1
/scratch/skscla001/experiments/datasets/swagen/audio/common_voice_sw_29798027.wav	hakuna ushahidi wa moja kwa moja kwamba wakazi walikuwa wakoloni 	0
/scratch/skscla001/experiments/datasets/swagen/audio/common_voice_sw_28883658.wav	sehemu hii ya bahari ina dhoruba nyingi na mawimbi makali 	0
/scratch/skscla001/experiments/datasets/swagen/audio/common_voice_sw_29479213.wav	msimamo ni ile hali ya mwandishi kuamua kufuata na kushikilia jambo fulani 	0
/scratch/skscla001/experiments/datasets/swagen/audio/common_voice_sw_29944522.wav	hata hivyo wapare wa mwanga wamegawanyika katika jamii mbili wasangi na wagweno 	0
/scratch/skscla001/experiments/datasets/swagen/audio/common_voice_sw_30275372.wav	aliacha kazi hiyo kutokana na wakati huo tayari vita vikuu vya pili vya dunia 	0
/scratch/skscla001/experiments/datasets/swagen/audio/common_voice_sw_35103585.wav	baadhi ya miundombinu hiyo ni bandari viwanda vya kusindika samaki uchimbaji mafuta na gesi 	0
/scratch/skscla001/experiments/datasets/swagen/audio/common_voice_sw_37214399.wav	akizungumza wakati wa uzinduzi huo ametoa wito kwa wananchi kuacha mara moja 	0
/scratch/skscla001/experiments/datasets/swagen/audio/common_voice_sw_34980409.wav	uwezo wake wa kubuni vitu mbalimbali kiasi cha watu kudiriki kusema alikuwa injini ya 	0
/scratch/skscla001/experiments/datasets/swagen/audio/common_voice_sw_36039697.wav	alishinda mosul syria palestina na misri halafu hungary na algeria 	0
/scratch/skscla001/experiments/datasets/swagen/audio/common_voice_sw_35279576.wav	ikiwa ni pamoja na wasiwasi wa kusambaa kwa ugonjwa cholera 	0
/scratch/skscla001/experiments/datasets/swagen/audio/common_voice_sw_35683126.wav	wao ni wengi mno 	1
/scratch/skscla001/experiments/datasets/swagen/audio/common_voice_sw_34597853.wav	ni madhara na maovu yake yote 	0
/scratch/skscla001/experiments/datasets/swagen/audio/common_voice_sw_28874541.wav	miaka yake ya mwisho al masudi aliishi misri 	0
/scratch/skscla001/experiments/datasets/swagen/audio/common_voice_sw_36106324.wav	madawa ya kulevya nchini humomario sergio 	0
/scratch/skscla001/experiments/datasets/swagen/audio/common_voice_sw_30354900.wav	mila za kingoni ndoa za koo moja huwa zinapitia katika matukio kadhaa 	1
/scratch/skscla001/experiments/datasets/swagen/audio/common_voice_sw_29798448.wav	hispania ilifungwa mabao matano kwa moja dhidi ya uholanzi 	0
/scratch/skscla001/experiments/datasets/swagen/audio/common_voice_sw_30647708.wav	mafanikio ya bibi titi mohamed katika harakati za ukombozi wa tanganyika 	1
/scratch/skscla001/experiments/datasets/swagen/audio/common_voice_sw_30008296.wav	linalotokana na neno la kimasai siringiti lenye maana ya uwazi usio na mwisho 	1
/scratch/skscla001/experiments/datasets/swagen/audio/common_voice_sw_34944373.wav	mara nyingi kwa kutegemea kujumlisha data ya vifaa vya kufuatilia na 	0
/scratch/skscla001/experiments/datasets/swagen/audio/common_voice_sw_30342562.wav	na kuwaondolea shida ya maji ambayo imekuwa ni tatizo kubwa kwa jamii za kiafrika 	1
/scratch/skscla001/experiments/datasets/swagen/audio/common_voice_sw_35106131.wav	yesu kwa kumweka nje ya mazingira ya kiyahudi dini hizo mbili zilitengana 	0
/scratch/skscla001/experiments/datasets/swagen/audio/common_voice_sw_30377074.wav	wamangati ambao pia huitwa wabarbaig 	0
/scratch/skscla001/experiments/datasets/swagen/audio/common_voice_sw_29790584.wav	wakati vikosi vya uganda vikikishambulia kikosi kilichokuwa kimepita njia ya kawaida 	0
/scratch/skscla001/experiments/datasets/swagen/audio/common_voice_sw_36389641.wav	jicho la bi kijicho limetoboka 	1
/scratch/skscla001/experiments/datasets/swagen/audio/common_voice_sw_30026681.wav	kwa hiyo ni shughuli ya vizazi na vizazi mpaka leo hii 	1
/scratch/skscla001/experiments/datasets/swagen/audio/common_voice_sw_30717975.wav	wamekuwa na uhusiano tangu siku nyingi 	0
/scratch/skscla001/experiments/datasets/swagen/audio/common_voice_sw_29937919.wav	kanuni za kikatiba na mamlaka ya bodi ya sarafu zilieleza 	1
/scratch/skscla001/experiments/datasets/swagen/audio/common_voice_sw_37086779.wav	ni kielelezo cha ineffiency tu yaani kwamba ile 	1
/scratch/skscla001/experiments/datasets/swagen/audio/common_voice_sw_29795214.wav	maradona ndiye mchezaji aliyefunga bao la ajabu duniani 	1
/scratch/skscla001/experiments/datasets/swagen/audio/common_voice_sw_29948456.wav	tunatumia siku ya maadhimisho ya mtoto wa afrika kuwakumbusha viongozi 	1
/scratch/skscla001/experiments/datasets/swagen/audio/common_voice_sw_30583020.wav	kumekuwapo na shughuli za kinabadamu ambazo si rafiki katika masuala ya uhifadhi 	1
/scratch/skscla001/experiments/datasets/swagen/audio/common_voice_sw_30641343.wav	pep guardiola aliwahi kufunga safari hadi shambani kwa bielsa 	1
/scratch/skscla001/experiments/datasets/swagen/audio/common_voice_sw_34391169.wav	hewa ikiwa ni pamoja na chembechembe za vumbi la mchanga na 	1
/scratch/skscla001/experiments/datasets/swagen/audio/common_voice_sw_29793928.wav	shughuli za kilimo na utalii pia usafirishaji na bila kusahau uvuvi 	0
/scratch/skscla001/experiments/datasets/swagen/audio/common_voice_sw_36040423.wav	hapo ndio ilibidi nichukue hatua ya kutoroka nyumbani 	1
/scratch/skscla001/experiments/datasets/swagen/audio/common_voice_sw_29434705.wav	hakuna huduma ya ndege za abiria 	1
/scratch/skscla001/experiments/datasets/swagen/audio/common_voice_sw_30630877.wav	wengine wanasema kuna mizimu inayoishi ziwa ngosi 	1
/scratch/skscla001/experiments/datasets/swagen/audio/common_voice_sw_35177036.wav	kitabibu inafaa kukumbukwa kuwa mwongozo utambuzi wa 	0
/scratch/skscla001/experiments/datasets/swagen/audio/common_voice_sw_29796985.wav	blob anawezo kuwasiliana na binadamu kwa vitendo 	0
/scratch/skscla001/experiments/datasets/swagen/audio/common_voice_sw_35206727.wav	amir habib jamal aliongoza kuanzia tarehe ishirini na sita januari 	0
/scratch/skscla001/experiments/datasets/swagen/audio/common_voice_sw_34746124.wav	wanasiasa wakubwa kutoka kaskazini wakitaka mwislamu kupokea kijiti hicho 	0
/scratch/skscla001/experiments/datasets/swagen/audio/common_voice_sw_29418685.wav	kuna aina nyingi tofauti za nyumba za wageni 	1
/scratch/skscla001/experiments/datasets/swagen/audio/common_voice_sw_30247306.wav	heshima ya ferguson duniani ni kubwa 	0
/scratch/skscla001/experiments/datasets/swagen/audio/common_voice_sw_30198740.wav	kwani mataifa haya yanasafirisha dhahabu na vitu vingine kwenda nje 	0
/scratch/skscla001/experiments/datasets/swagen/audio/common_voice_sw_30377875.wav	pia katika maeneo kama chome na mbaga bila kusahau gonja na vudee 	0
/scratch/skscla001/experiments/datasets/swagen/audio/common_voice_sw_35279253.wav	katika nadharia mbalimbali za isimu muundo wa kiswahili 	0
/scratch/skscla001/experiments/datasets/swagen/audio/common_voice_sw_37093881.wav	nywele refu sana 	0
/scratch/skscla001/experiments/datasets/swagen/audio/common_voice_sw_36374893.wav	eneo la maziwa makuu na kwote inaposikika redio france international 	1
/scratch/skscla001/experiments/datasets/swagen/audio/common_voice_sw_30624118.wav	historia yake inawavutia watu wengi kufanya utafiti 	0
/scratch/skscla001/experiments/datasets/swagen/audio/common_voice_sw_29993830.wav	kwenye soka lolote linaweza kutokea 	1
/scratch/skscla001/experiments/datasets/swagen/audio/common_voice_sw_36643715.wav	akishinda magoli mawili na kuwa shujaa wa timu 	0
/scratch/skscla001/experiments/datasets/swagen/audio/common_voice_sw_30334895.wav	kiongozi wa kanisa katoliki wakati huo ni julius wa pili 	1
/scratch/skscla001/experiments/datasets/swagen/audio/common_voice_sw_30177135.wav	hawamiliki mali yeyote binafsi na wanawajibika kutumia pamoja 	0
/scratch/skscla001/experiments/datasets/swagen/audio/common_voice_sw_36385165.wav	mifumo ya ikolojia iliyo na virutubishi vichache kama vile maeneo ya joto 	1
/scratch/skscla001/experiments/datasets/swagen/audio/common_voice_sw_29799384.wav	hayati julius nyerere alitangaza vita dhidi ya uganda 	0
/scratch/skscla001/experiments/datasets/swagen/audio/common_voice_sw_29877377.wav	kama nilivyosema awali unaweza kuwa unaishi katikati 	1
/scratch/skscla001/experiments/datasets/swagen/audio/common_voice_sw_35408230.wav	moja miaka halafu iendelea kupanda juu ikielekea kabisa 	1
/scratch/skscla001/experiments/datasets/swagen/audio/common_voice_sw_37229694.wav	ati hayahusu afrika lakini sivyo 	1
/scratch/skscla001/experiments/datasets/swagen/audio/common_voice_sw_29798311.wav	kocha wa taifa wa brazil aliiongoza kushinda ubingwa 	0
/scratch/skscla001/experiments/datasets/swagen/audio/common_voice_sw_30003768.wav	hupiga gumzo na huweka akiba ya chakula 	0
/scratch/skscla001/experiments/datasets/swagen/audio/common_voice_sw_30195751.wav	wanyambwa ni kundi linaloonekana wazi kwenye kabila hili ambao huongea lafudhi ya kinyambwa 	0
/scratch/skscla001/experiments/datasets/swagen/audio/common_voice_sw_30261108.wav	wananchi wanalima kilimo cha umwagiliaji kwa kutumia maji ya ziwa hilo 	0
/scratch/skscla001/experiments/datasets/swagen/audio/common_voice_sw_29206985.wav	kabla ya kujiunga na monasteri alikuwa na cheo kikubwa ikulu 	1
/scratch/skscla001/experiments/datasets/swagen/audio/common_voice_sw_30653985.wav	wataalamu walisema baada ya kuchunguza kwa undani zaidi 	0
/scratch/skscla001/experiments/datasets/swagen/audio/common_voice_sw_28670603.wav	kwa matumizi kwenye ndege kuna vipimo sanifu vidogo zaidi 	1
/scratch/skscla001/experiments/datasets/swagen/audio/common_voice_sw_28967174.wav	jiji ni kitovu cha uchumi utamaduni na siasa ya nchi 	1
/scratch/skscla001/experiments/datasets/swagen/audio/common_voice_sw_29939253.wav	sayyid said aliona nafasi kubwa ya biashara ya karafuu 	0
/scratch/skscla001/experiments/datasets/swagen/audio/common_voice_sw_30658747.wav	wabena kabila linalosifika kwa ukaribu sana 	0
/scratch/skscla001/experiments/datasets/swagen/audio/common_voice_sw_29794166.wav	na ujanja wa kizaramo wa kumfukuza mwizi kimyakimya 	0
/scratch/skscla001/experiments/datasets/swagen/audio/common_voice_sw_30570928.wav	ambao ndio mlima wa kumi kwa urefu tanzania 	0
/scratch/skscla001/experiments/datasets/swagen/audio/common_voice_sw_30379369.wav	lakini kwa muda huu vimetawala vyakula vya aina nyingi sana 	0
/scratch/skscla001/experiments/datasets/swagen/audio/common_voice_sw_34958953.wav	ya mauwaji yaliofanywa na polisi mmoja nchini marekani michael minim 	0
/scratch/skscla001/experiments/datasets/swagen/audio/common_voice_sw_30071738.wav	ulinzi zaidi uongezwe kuvilinda vivutio vyetu vidumu milele 	1
/scratch/skscla001/experiments/datasets/swagen/audio/common_voice_sw_30667194.wav	rais ali hassan mwinyi alikuwa rais wa pili wa tanzania 	0
/scratch/skscla001/experiments/datasets/swagen/audio/common_voice_sw_37098222.wav	ee hiki ni kibanda huu mchezo unakwenda wapi 	1
/scratch/skscla001/experiments/datasets/swagen/audio/common_voice_sw_35183989.wav	kustaafu na shule kupewa pension zako za maisha 	0
/scratch/skscla001/experiments/datasets/swagen/audio/common_voice_sw_31797427.wav	wakoloni walikuwa na nia zaidi kenye ardhi nzuri ya wamasai 	1
/scratch/skscla001/experiments/datasets/swagen/audio/common_voice_sw_30379933.wav	mlima klute una urefu wa mita elfu tatu mia sita na arobaini na nane 	1
/scratch/skscla001/experiments/datasets/swagen/audio/common_voice_sw_28961585.wav	athari kuu ni nadra 	0
/scratch/skscla001/experiments/datasets/swagen/audio/common_voice_sw_29796560.wav	vadongwe wao waliishi kando ya milima ya uhambingeto 	1
/scratch/skscla001/experiments/datasets/swagen/audio/common_voice_sw_30380493.wav	shughuli kubwa ya wajita ni kilimo uvuvi na ufugaji 	1
/scratch/skscla001/experiments/datasets/swagen/audio/common_voice_sw_30051519.wav	shughuli kubwa ya wachagga ni biashara kilimo na kazi za ofisini 	0
/scratch/skscla001/experiments/datasets/swagen/audio/common_voice_sw_36384115.wav	raia wa uingerza wanataka aendelee kutawala 	1
/scratch/skscla001/experiments/datasets/swagen/audio/common_voice_sw_30434370.wav	nyerere alimuagiza sheikh yahya atafsiri maana ya ile namba mia moja kumi na tano 	1
/scratch/skscla001/experiments/datasets/swagen/audio/common_voice_sw_30581016.wav	usaliti huu hunatokana na sababu za kiuchumi au kifedha 	0
/scratch/skscla001/experiments/datasets/swagen/audio/common_voice_sw_30033962.wav	kuna makadirio ya kwamba jumla ya watu laki moja hadi laki tano waliuawa 	0
/scratch/skscla001/experiments/datasets/swagen/audio/common_voice_sw_36299637.wav	kwa kumbukumbu zako itakuwa ni vema zaidi ukibeba kamera 	1
/scratch/skscla001/experiments/datasets/swagen/audio/common_voice_sw_37224720.wav	dakika tatu baadae kuunguruma kwa simu aliyoitupa mezani kulimfanya ageuke kukabiri chumba 	1
/scratch/skscla001/experiments/datasets/swagen/audio/common_voice_sw_30329044.wav	wengine ambao hawakutakiwa ni pamoja na babu mwenyewe 	0
/scratch/skscla001/experiments/datasets/swagen/audio/common_voice_sw_30124150.wav	kutokana na kazi zake mfugale amepokea tuzo mbalimbai za mafanikio katika fani ya uhandisi 	0
/scratch/skscla001/experiments/datasets/swagen/audio/common_voice_sw_30470868.wav	halmashauri hiyo ilionesha teknolojia za umwagiliaji 	1
/scratch/skscla001/experiments/datasets/swagen/audio/common_voice_sw_30570004.wav	katika orodha ya maajabu asilia duniani kote 	0
/scratch/skscla001/experiments/datasets/swagen/audio/common_voice_sw_35104383.wav	tena madarakani kwa wingi kama mara iliopita 	0
/scratch/skscla001/experiments/datasets/swagen/audio/common_voice_sw_30381043.wav	kupoteza uzito kwa kasi wakati ambapo virusi vya ukimwi vimeshasababisha ugonjwa 	1
/scratch/skscla001/experiments/datasets/swagen/audio/common_voice_sw_30182237.wav	kabla ya kusafirishwa kwenda kuzikwa katika eneo la makaburi ya watu maarufu uingereza 	1
/scratch/skscla001/experiments/datasets/swagen/audio/common_voice_sw_29788597.wav	watu wa misri walikua wakiishi kando ya mto naili 	0
/scratch/skscla001/experiments/datasets/swagen/audio/common_voice_sw_35106073.wav	usishindane na mtu wajibu kwa wema 	0
/scratch/skscla001/experiments/datasets/swagen/audio/common_voice_sw_36038675.wav	na waturuki na hata zaidi kuwaonyesha hasira yako 	0
/scratch/skscla001/experiments/datasets/swagen/audio/common_voice_sw_36331632.wav	ameachiliwa baada ya chama tawala nchini humo 	1
/scratch/skscla001/experiments/datasets/swagen/audio/common_voice_sw_28681155.wav	isichanganywe na kibete ya nigeria 	1
/scratch/skscla001/experiments/datasets/swagen/audio/common_voice_sw_29515722.wav	uko kwenye mdomo mpana wa mto saint john 	0
/scratch/skscla001/experiments/datasets/swagen/audio/common_voice_sw_30574712.wav	baada ya kifo cha sayyid sultan mwaka elfu moja mia nane hamsini na sita 	0
/scratch/skscla001/experiments/datasets/swagen/audio/common_voice_sw_36389498.wav	wakati ambao kuna maumivu makali kwenda haja ndogo 	1
/scratch/skscla001/experiments/datasets/swagen/audio/common_voice_sw_35683505.wav	karibu mara nyingi husikia maneno uturuki kubwa 	1
/scratch/skscla001/experiments/datasets/swagen/audio/common_voice_sw_30629509.wav	uliofuata ni mkataba wa sant germain na austria uliosainiwa tarehe kumi 	1
/scratch/skscla001/experiments/datasets/swagen/audio/common_voice_sw_37090129.wav	amani tele sote ni wakenya laleni salama 	1
/scratch/skscla001/experiments/datasets/swagen/audio/common_voice_sw_30090787.wav	makumbusho ya nyerere yalianza kujengwa baada ya yeye kustaafu urais 	1
/scratch/skscla001/experiments/datasets/swagen/audio/common_voice_sw_30641382.wav	lango la marangu ndiyo makao makuu ya hifadhi 	1
/scratch/skscla001/experiments/datasets/swagen/audio/common_voice_sw_34743325.wav	kule hasa wa lugha za kikuyu na kijaluo 	0
/scratch/skscla001/experiments/datasets/swagen/audio/common_voice_sw_30090911.wav	wachezaji wengi wanatamani sana kushiriki kombe la dunia 	0
/scratch/skscla001/experiments/datasets/swagen/audio/common_voice_sw_35099723.wav	uwezo wake wa kitamaduni katika kubariki na kulaani humuongezea heshima 	0
/scratch/skscla001/experiments/datasets/swagen/audio/common_voice_sw_30327191.wav	kutokana na sheria ya mambo ya kale ya mwaka huo 	1
/scratch/skscla001/experiments/datasets/swagen/audio/common_voice_sw_28716342.wav	aina fulani za chati ni bora zaidi kwa kuwasilisha data kuliko nyingine 	1
/scratch/skscla001/experiments/datasets/swagen/audio/common_voice_sw_31326459.wav	chimbuko la utamaduni huo linaaminiwa kuwa barani ulaya katika karne ya kumi na sita 	1
/scratch/skscla001/experiments/datasets/swagen/audio/common_voice_sw_29725190.wav	v ni zaidi ya kiingereza w 	1
/scratch/skscla001/experiments/datasets/swagen/audio/common_voice_sw_35250508.wav	msaada kwa sababu za mazingira hata tulishangazwa 	0
/scratch/skscla001/experiments/datasets/swagen/audio/common_voice_sw_34924486.wav	barghash wa zanzibar kwenye mwaka elfu moja mia nane sabini alipeleka wanamuziki wake 	0
/scratch/skscla001/experiments/datasets/swagen/audio/common_voice_sw_30220049.wav	waziri mkuu wa sasa wa tanzania ni kassim majaliwa 	0
/scratch/skscla001/experiments/datasets/swagen/audio/common_voice_sw_29791137.wav	binadamu wa kwanza kuishi huko huaminiwa kuwa wawindaji 	0
/scratch/skscla001/experiments/datasets/swagen/audio/common_voice_sw_29939930.wav	alikuwa makamu mkuu alizidi kuliendesha jeshi kwani aliamini yeye ndio mkuu wa majeshi hayo 	0
/scratch/skscla001/experiments/datasets/swagen/audio/common_voice_sw_29696942.wav	kwa miaka kadhaa alikaa guinea 	1
/scratch/skscla001/experiments/datasets/swagen/audio/common_voice_sw_30586137.wav	mbaya zaidi kuna kundi kubwa la vijana waliozaliwa baada ya mauaji ya rwanda 	1
/scratch/skscla001/experiments/datasets/swagen/audio/common_voice_sw_30056152.wav	pia raia wa burundi wanapeleka bidhaa zao tanzania kutafuta soko 	0
/scratch/skscla001/experiments/datasets/swagen/audio/common_voice_sw_29793932.wav	alishindwa kumpa baraka na kumfanya awe laiboni anayefuata 	0
/scratch/skscla001/experiments/datasets/swagen/audio/common_voice_sw_30568039.wav	aliugua kwa muda wa miaka mitatu na baadae alipona na kubadili dini 	0
/scratch/skscla001/experiments/datasets/swagen/audio/common_voice_sw_30327432.wav	alisoma katika shule ambayo iliyomilikiwa na wamisionari 	1
/scratch/skscla001/experiments/datasets/swagen/audio/common_voice_sw_30630630.wav	ni mabadiliko yanayojitokeza kwenye kucha za muathirika 	0
/scratch/skscla001/experiments/datasets/swagen/audio/common_voice_sw_30568041.wav	mark mahela kwanza alifungwa kamba kwenye kiti chake 	0
/scratch/skscla001/experiments/datasets/swagen/audio/common_voice_sw_31445552.wav	mpaka hivi karibuni jamii hii ilikuwa haitilii maanani sana suala la elimu 	0
/scratch/skscla001/experiments/datasets/swagen/audio/common_voice_sw_30220815.wav	alisema maneno ambayo hakujua kama yataishi 	1
/scratch/skscla001/experiments/datasets/swagen/audio/common_voice_sw_28792961.wav	wana rangi ya mchanga na madoa meusi au kahawia 	0
/scratch/skscla001/experiments/datasets/swagen/audio/common_voice_sw_29789308.wav	ndiyo gura ya wanyama kwenye ardhi iliyo kubwa na ndefu zaidi duniani 	0
/scratch/skscla001/experiments/datasets/swagen/audio/common_voice_sw_34924412.wav	ni bora uyashuhudie kwa mwenzio 	0
/scratch/skscla001/experiments/datasets/swagen/audio/common_voice_sw_30006775.wav	hawa ndio wanachukua sehemu ya watu wa magharibi 	1
/scratch/skscla001/experiments/datasets/swagen/audio/common_voice_sw_30105025.wav	ushindi wetu ni uthibitisho kuwa mikakati ya lengo letu imeanza vizuri 	0
/scratch/skscla001/experiments/datasets/swagen/audio/common_voice_sw_30022336.wav	jeshi la waasi likaingia katika mji mkuu wa cuba 	0
/scratch/skscla001/experiments/datasets/swagen/audio/common_voice_sw_30037131.wav	muda wa taarifa ya habari ulipokuwa ukifika shughuli zote zinasimama 	0
/scratch/skscla001/experiments/datasets/swagen/audio/common_voice_sw_31409822.wav	kutoka daressalaam mpaka mkoani singida katikati mwa tanzania 	1
/scratch/skscla001/experiments/datasets/swagen/audio/common_voice_sw_31271171.wav	tanzania imebarikiwa kuwa na uoto wa asili 	0
/scratch/skscla001/experiments/datasets/swagen/audio/common_voice_sw_30326814.wav	kama vile china na india pia malaysia na ufilipino 	1
/scratch/skscla001/experiments/datasets/swagen/audio/common_voice_sw_29787612.wav	hali iliyopelekea kushindana na kiongozi mkuu wa kanisa hilo yani papa wa roma 	1
/scratch/skscla001/experiments/datasets/swagen/audio/common_voice_sw_30582090.wav	akizungumza na gavana wa uingereza general richard kabla ya kuchukua kiti cha uwaziri mkuu 	0
/scratch/skscla001/experiments/datasets/swagen/audio/common_voice_sw_30189552.wav	anaeleza pia viumbe vinavyoishi kwenye maji chumvi ni papa pweza nyangumi tasi na changu 	0
/scratch/skscla001/experiments/datasets/swagen/audio/common_voice_sw_30337411.wav	gombe ni moja ya makazi ya machache yaliyosalia ya sokwe duniani 	0
/scratch/skscla001/experiments/datasets/swagen/audio/common_voice_sw_30375701.wav	wakati huo italia ilifanya mapinduzi ya dikteta na mwitalia mussolini 	0
/scratch/skscla001/experiments/datasets/swagen/audio/common_voice_sw_29937036.wav	hata hivyo mtindo uliopendelewa ni mistari 	1
/scratch/skscla001/experiments/datasets/swagen/audio/common_voice_sw_28672836.wav	ya mwamba na lava angani 	0
/scratch/skscla001/experiments/datasets/swagen/audio/common_voice_sw_31406168.wav	hifadhi hii ni ukanda mwembamba wa msitu wa mlima unaokatizwa na miteremko mikali 	0
/scratch/skscla001/experiments/datasets/swagen/audio/common_voice_sw_30342849.wav	ghana waliibuka washindi wa kombe kwenye fainali zilizochezwa nchini kwao 	1
/scratch/skscla001/experiments/datasets/swagen/audio/common_voice_sw_34812781.wav	ni mto ambao uko amerika kusini na 	0
/scratch/skscla001/experiments/datasets/swagen/audio/common_voice_sw_37084062.wav	kambini kwetu ingawa kukata eneo lenye mchanga 	1
/scratch/skscla001/experiments/datasets/swagen/audio/common_voice_sw_29796792.wav	kutoka arusha mjini na wakati mzuri wa kutembelea hifadhi hii ni 	1
/scratch/skscla001/experiments/datasets/swagen/audio/common_voice_sw_29936411.wav	pep na jose mourinho wote ni washindani 	1
/scratch/skscla001/experiments/datasets/swagen/audio/common_voice_sw_30104787.wav	bila kusahau wilaya ya itilima inayokamilisha jumla ya wilaya tano za mkoa wa simiyu 	0
/scratch/skscla001/experiments/datasets/swagen/audio/common_voice_sw_30330458.wav	malatwe ni mtukutu aliyeshindikana shuleni na mtaani 	0
/scratch/skscla001/experiments/datasets/swagen/audio/common_voice_sw_29994979.wav	mchanga wake ni mweupe na laini ambao watalii humpumzika kukiwa hamna maji 	1
/scratch/skscla001/experiments/datasets/swagen/audio/common_voice_sw_35099110.wav	la majanga ya moto katika eneo la msitu wa 	0
/scratch/skscla001/experiments/datasets/swagen/audio/common_voice_sw_30569877.wav	wanyaturu wengi sura na nywele zao hasa kina mama 	0
/scratch/skscla001/experiments/datasets/swagen/audio/common_voice_sw_29736137.wav	idadi hii ilikua tena 	0
/scratch/skscla001/experiments/datasets/swagen/audio/common_voice_sw_30327500.wav	magufuli alipata asilimia themanini na nne ya kura dhidi ya mpinzani wake mkuu 	0
/scratch/skscla001/experiments/datasets/swagen/audio/common_voice_sw_32210947.wav	sauti 	1
/scratch/skscla001/experiments/datasets/swagen/audio/common_voice_sw_30450852.wav	manchester united ilitwaa ubingwa wa ulaya kwa kuifunga benfica ya ureno 	1
/scratch/skscla001/experiments/datasets/swagen/audio/common_voice_sw_35279258.wav	tukio hilo lilisababisha kuvunjwa kwa kikosi chote cha wanahewa 	0
/scratch/skscla001/experiments/datasets/swagen/audio/common_voice_sw_30677312.wav	mazao ya chakula na biashara kama mpunga katani na mahindi zimeinua maendeleo kiuchumi 	1
/scratch/skscla001/experiments/datasets/swagen/audio/common_voice_sw_30230348.wav	esther mkwizu aliwahi kuwa rais wa sekta binafsi tanzania 	0
/scratch/skscla001/experiments/datasets/swagen/audio/common_voice_sw_29268788.wav	nane ni mkazo nia sahihi 	0
/scratch/skscla001/experiments/datasets/swagen/audio/common_voice_sw_37099210.wav	waliokuwa wanahifadhiwa katika vyumba vya chini katika uwanja huo 	0
/scratch/skscla001/experiments/datasets/swagen/audio/common_voice_sw_29982024.wav	ronaldo alifanikiwa kucheza michezo mia moja tisini na sita 	1
/scratch/skscla001/experiments/datasets/swagen/audio/common_voice_sw_29791758.wav	siku moja alisema muungano ni kama koti tu likikubana unalivua 	0
/scratch/skscla001/experiments/datasets/swagen/audio/common_voice_sw_28696300.wav	walitumia ngamia farasi punda au wanyama wengine katika kuendeleza biashara ya misafara 	0
/scratch/skscla001/experiments/datasets/swagen/audio/common_voice_sw_28903435.wav	kiasili albamu ilitolewa nchini marekani mnamo tarehe moja mwezi wa pili 	0
/scratch/skscla001/experiments/datasets/swagen/audio/common_voice_sw_29612143.wav	asili yake ni delta ya alfabeti ya kigiriki 	1
/scratch/skscla001/experiments/datasets/swagen/audio/common_voice_sw_30306490.wav	baadhi ya visiwa hivyo ni goziba na nansio pamoja na ukerewe 	1
/scratch/skscla001/experiments/datasets/swagen/audio/common_voice_sw_37219872.wav	mmoja ama kwa ubinadamu kwa jumla hata hivyo 	0
/scratch/skscla001/experiments/datasets/swagen/audio/common_voice_sw_34750536.wav	fursa nyingine ni uvuvi wa bahari kuu ufugaji samaki na mazao ya bahari 	1
/scratch/skscla001/experiments/datasets/swagen/audio/common_voice_sw_37089325.wav	muziki wake mwingi ulikuwa unazungumzia hadithi za nyumbani 	0
/scratch/skscla001/experiments/datasets/swagen/audio/common_voice_sw_37086886.wav	biashara hiyo iliendelea kwa siri katika maeneo mengine 	1
/scratch/skscla001/experiments/datasets/swagen/audio/common_voice_sw_28681492.wav	kwa hivyo huitwa kasuku mapenzi pia 	1
/scratch/skscla001/experiments/datasets/swagen/audio/common_voice_sw_28584584.wav	hali ya hewa ni ya kitropiki 	0
/scratch/skscla001/experiments/datasets/swagen/audio/common_voice_sw_35180778.wav	mtoto wake ameng ara sana 	0
/scratch/skscla001/experiments/datasets/swagen/audio/common_voice_sw_29791867.wav	mchezaji wa peru teofile alicheza vizuri sana 	0
/scratch/skscla001/experiments/datasets/swagen/audio/common_voice_sw_30036211.wav	baada ya kufanya vizuri mwaka elfu mbili na kumi na nane kombe la sportpesa 	0
/scratch/skscla001/experiments/datasets/swagen/audio/common_voice_sw_30122288.wav	mwalimu vincent kamoto ni mkuu wa shule hii ya udenye iliyoko wilayani songwe 	1
/scratch/skscla001/experiments/datasets/swagen/audio/common_voice_sw_35183794.wav	kwa njia ya magavana na wanajeshi wake 	0
/scratch/skscla001/experiments/datasets/swagen/audio/common_voice_sw_35437815.wav	mtindo wa kikomunisti utawala wa kikomunisti uliendelea hadi mwishoni 	0
/scratch/skscla001/experiments/datasets/swagen/audio/common_voice_sw_36390537.wav	moja na kufuatiwa na mwingine wa mwaka elfu moja mia tisa kumi na moja 	1
/scratch/skscla001/experiments/datasets/swagen/audio/common_voice_sw_29226964.wav	kufuatana na uainishaji wa lugha kitai daeng iko katika kundi la kitai ya kusini magharibi 	1
/scratch/skscla001/experiments/datasets/swagen/audio/common_voice_sw_30004276.wav	mlaji atawashwa midomo na ulimi kwa kula chakula hicho 	0
/scratch/skscla001/experiments/datasets/swagen/audio/common_voice_sw_29780905.wav	licha ya hayo kuzaa ni jinsi ya kawaida ya kuongezeka 	0
/scratch/skscla001/experiments/datasets/swagen/audio/common_voice_sw_29937962.wav	wanafunzi wengi waliyomaliza elimu ya msingi walijiunga na sekondari 	1
/scratch/skscla001/experiments/datasets/swagen/audio/common_voice_sw_29959501.wav	bi aneth alimuuliza baada ya kumuona mkuu wake mwenye mawazo 	1
/scratch/skscla001/experiments/datasets/swagen/audio/common_voice_sw_30558670.wav	kuwahi kutokea kuhusishwa na janga la virusi vya ukimwi 	0
/scratch/skscla001/experiments/datasets/swagen/audio/common_voice_sw_36383855.wav	marko sura ya kumi na tano aya ya thelathini na tisa 	1
/scratch/skscla001/experiments/datasets/swagen/audio/common_voice_sw_31808946.wav	shoka zilizotumika kwa kazi ya kuvunja mifupa nyembe na visu 	0
/scratch/skscla001/experiments/datasets/swagen/audio/common_voice_sw_28874841.wav	kitabu cha mwanzo kina sura hamsini 	0
/scratch/skscla001/experiments/datasets/swagen/audio/common_voice_sw_30028960.wav	mafunzo huhusisha uchapa kazi malezi na makuzi ya watoto 	0
/scratch/skscla001/experiments/datasets/swagen/audio/common_voice_sw_30653693.wav	hadi msimu ulipokwisha akajiweka kando na soka 	0
/scratch/skscla001/experiments/datasets/swagen/audio/common_voice_sw_29793057.wav	tofauti na wanyaturu hawakuwa utawala wa kichifu 	0
/scratch/skscla001/experiments/datasets/swagen/audio/common_voice_sw_29923250.wav	lakini upande wa barabara na shule kwa ajili ya elimu 	0
/scratch/skscla001/experiments/datasets/swagen/audio/common_voice_sw_29798536.wav	kila mtu aliguswa kwa namna yake kwa sababu midomo ilibaki wazi 	0
/scratch/skscla001/experiments/datasets/swagen/audio/common_voice_sw_30023508.wav	wanaouwawa huuwawa kwa sababu ya uchawi ila imepotoshwa sana 	0
/scratch/skscla001/experiments/datasets/swagen/audio/common_voice_sw_35438865.wav	na georgia katika eneo la kilima cha meskhetian 	0
/scratch/skscla001/experiments/datasets/swagen/audio/common_voice_sw_29938494.wav	na umiliki haramu wa silaha shughuli zao katika makambi 	1
/scratch/skscla001/experiments/datasets/swagen/audio/common_voice_sw_36374766.wav	umeinua kutoka katika hali ya kawaida hadi katika hali ya kisasa zaidi 	1
/scratch/skscla001/experiments/datasets/swagen/audio/common_voice_sw_28672760.wav	yeye ni wa kwanza kuzaliwa kutoka katika familia ya watoto watano 	0
/scratch/skscla001/experiments/datasets/swagen/audio/common_voice_sw_32244522.wav	nenda tanzania 	1
/scratch/skscla001/experiments/datasets/swagen/audio/common_voice_sw_31304461.wav	pia huvuka mto lwiche kwa imani kuwa ni moja ya hatua 	1
/scratch/skscla001/experiments/datasets/swagen/audio/common_voice_sw_37225290.wav	ustaarabu wa ulimwengu walakini historia ya kweli ya watu wa 	1
/scratch/skscla001/experiments/datasets/swagen/audio/common_voice_sw_30351406.wav	ibara ya thalathini na saba kifungu kidogo cha tano 	0
/scratch/skscla001/experiments/datasets/swagen/audio/common_voice_sw_30369355.wav	yani kwa tanzania na msumbiji pia kwa upande wa malawi 	0
/scratch/skscla001/experiments/datasets/swagen/audio/common_voice_sw_30717977.wav	lakini wahenga walisema kisicho riziki akiliki 	0
/scratch/skscla001/experiments/datasets/swagen/audio/common_voice_sw_31415702.wav	waingereza nao kulitumia kama gereza kuanzia mwaka elfu moja mia tisa kumi na sita 	1
/scratch/skscla001/experiments/datasets/swagen/audio/common_voice_sw_34745976.wav	ya maji na kutupwa akituacha bila nguvu 	0
/scratch/skscla001/experiments/datasets/swagen/audio/common_voice_sw_35108171.wav	ba sifuri tatu mbili moja nane mbili 	0
/scratch/skscla001/experiments/datasets/swagen/audio/common_voice_sw_30627942.wav	kiliweka historia nchini na afrika katika soka baada ya kuwavua ubingwa miamba wa soka 	1
/scratch/skscla001/experiments/datasets/swagen/audio/common_voice_sw_29815851.wav	hapo ukawa mwanzo wa mwilwana huku masanja akienda upande wa mashariki eneo la kisaki 	1
/scratch/skscla001/experiments/datasets/swagen/audio/common_voice_sw_30060840.wav	ni yeye aliyepandisha mwenge wa uhuru na bendera katika mlima mrefu kuliko yote afrika 	0
/scratch/skscla001/experiments/datasets/swagen/audio/common_voice_sw_36374792.wav	sugu alitoa nyimbo ambazo zilikuwa gumzo na zenye ujumbe wa moja kwa moja 	1
/scratch/skscla001/experiments/datasets/swagen/audio/common_voice_sw_30054660.wav	kisha mama yake huendelea basi kumdanganya kidogo kidogo 	0
/scratch/skscla001/experiments/datasets/swagen/audio/common_voice_sw_28683159.wav	mamlaka haya yapo mjini dar es salaam 	1
/scratch/skscla001/experiments/datasets/swagen/audio/common_voice_sw_30016919.wav	mwaka elfu moja mia tatu ishirini wakati wa utawala wa alhassan sulaiman 	1
/scratch/skscla001/experiments/datasets/swagen/audio/common_voice_sw_29781746.wav	na alichezea timu yao hifadhi 	0
/scratch/skscla001/experiments/datasets/swagen/audio/common_voice_sw_29962396.wav	messi akawa sehemu muhimu ya timu ya mtoto wa ndoto timu ya vijana barcelona 	1
/scratch/skscla001/experiments/datasets/swagen/audio/common_voice_sw_35279613.wav	kampeni mbalimbali kama maleria na hata katika uchaguzi uliopita mmeona jinsi wasanii walivyokuwa wakitumika 	0
/scratch/skscla001/experiments/datasets/swagen/audio/common_voice_sw_31812419.wav	john magufuli alifariki mwaka elfu mbili ishirini na moja 	0
/scratch/skscla001/experiments/datasets/swagen/audio/common_voice_sw_31304397.wav	jana tuliona jinsi majeshi ya tanzania yalivyoanza safari 	1
/scratch/skscla001/experiments/datasets/swagen/audio/common_voice_sw_36106641.wav	kitulizo changu ni yesu 	0
/scratch/skscla001/experiments/datasets/swagen/audio/common_voice_sw_29841705.wav	isimamia ya afghanistan marekani nao kama 	1
/scratch/skscla001/experiments/datasets/swagen/audio/common_voice_sw_29963477.wav	taifa la ujerumani lilishinda taji la tatu la dunia 	1
/scratch/skscla001/experiments/datasets/swagen/audio/common_voice_sw_37213631.wav	hawajamwona kwa mwongo mmoja sasa 	0
/scratch/skscla001/experiments/datasets/swagen/audio/common_voice_sw_35586602.wav	alirejea nyumbani nairobi akitokea the haque uholanzi yalipo makao makuu ya mahakama 	0
/scratch/skscla001/experiments/datasets/swagen/audio/common_voice_sw_35224112.wav	amemtaka mfalme hamadi kusitisha mapigano yanaendelea na kuanzisha mazungumzo kati ya pande mbili zinazokinzana 	1
/scratch/skscla001/experiments/datasets/swagen/audio/common_voice_sw_28669835.wav	pengine mabawa ni meusi takriban kabisa 	1
/scratch/skscla001/experiments/datasets/swagen/audio/common_voice_sw_37226038.wav	kisha akakagua magazine zake zilikuwa zimejaa risasi akaziweka kiunoni zile bastola 	1
/scratch/skscla001/experiments/datasets/swagen/audio/common_voice_sw_30176945.wav	wajerumani wakaanza kumpigia pep kelele 	0
/scratch/skscla001/experiments/datasets/swagen/audio/common_voice_sw_35214184.wav	wavulana waliotahiriwa wataishi katika manyatta yaani kijiji kilichojengwa na mama zao 	0
/scratch/skscla001/experiments/datasets/swagen/audio/common_voice_sw_30372095.wav	pato la taifa lilikua kwa asilimia sita nukta sita 	0
/scratch/skscla001/experiments/datasets/swagen/audio/common_voice_sw_29873164.wav	mwaka elfu moja mia tisa thelathini na nne uliundwa umoja wa waafrika 	1
/scratch/skscla001/experiments/datasets/swagen/audio/common_voice_sw_29507950.wav	wakati huo makao yao makuu yalikuwa mjini elmhurst katika eneo la illinois 	1
/scratch/skscla001/experiments/datasets/swagen/audio/common_voice_sw_30327112.wav	akampiga na kumchinja katika eneo hilo la lungemba 	0
/scratch/skscla001/experiments/datasets/swagen/audio/common_voice_sw_31370932.wav	mchanga huo unaohama kwa pamoja kama kifusi kwa zaidi ya miaka kumi na saba 	1
/scratch/skscla001/experiments/datasets/swagen/audio/common_voice_sw_29877498.wav	messi kuondoka barcelona jambo la kushangaza 	1
/scratch/skscla001/experiments/datasets/swagen/audio/common_voice_sw_36643703.wav	a nyingi chakula kikifika mwilini 	0
/scratch/skscla001/experiments/datasets/swagen/audio/common_voice_sw_37222827.wav	bahari ni kubwa 	0
/scratch/skscla001/experiments/datasets/swagen/audio/common_voice_sw_29995494.wav	wengi wanafahamu kuwa akina mama wajawazito wanapaswa 	1
/scratch/skscla001/experiments/datasets/swagen/audio/common_voice_sw_29924158.wav	waingereza walikuwa wakisita kuhusu zanzibar 	0
/scratch/skscla001/experiments/datasets/swagen/audio/common_voice_sw_30338461.wav	lakini wakatengana kwa kuhamia sehemu za mbali 	0
/scratch/skscla001/experiments/datasets/swagen/audio/common_voice_sw_31285402.wav	ya watu wa china na rais wa baraza la tanzania 	0
/scratch/skscla001/experiments/datasets/swagen/audio/common_voice_sw_30221135.wav	hospitali zetu pia zinahitaji umeme wa uhakika 	0
/scratch/skscla001/experiments/datasets/swagen/audio/common_voice_sw_35684147.wav	wanajua uchafuzi wa hewa unatokea wapi ukubwa wa vyanzo 	1
/scratch/skscla001/experiments/datasets/swagen/audio/common_voice_sw_29796000.wav	koloni hilo la kijerumani lilitekwa na majeshi ya uingereza na ubelgiji 	1
/scratch/skscla001/experiments/datasets/swagen/audio/common_voice_sw_29323916.wav	lugha yake hasa ni kiaramu 	1
/scratch/skscla001/experiments/datasets/swagen/audio/common_voice_sw_36381667.wav	ninatumaini 	1
