sentence	gender	duration	audio
walijiona wamedanganywa kwa kutotimiziwa ahadi walizopewa ili wasaliti ujerumani na hungaria 	female_feminine	8.66365625	common_voice_sw_30003771.wav
tumeshikana na baba yake 	male_masculine	3.33565625	common_voice_sw_37224266.wav
kifua kikuu cha mapafu hutokea zaidi kwa wagonjwa wenye upungufu wa kinga mwilini 	female_feminine	5.5875	common_voice_sw_30038228.wav
mungu huyu mwenye nguvu na anayeyajua yote 	female_feminine	4.4355	common_voice_sw_30054661.wav
ambayo ilikuwa bilioni kumi na nne nukta mbili hata ukaongeza bajeti ya rwanda 	female_feminine	5.8755	common_voice_sw_36255278.wav
baadaye ilikuwa makao makuu ya utawala wa mesopotamia katika dola la uturuki 	male_masculine	7.2075	common_voice_sw_29522129.wav
pamoja ikionyesha mtu akiwaka moto 	male_masculine	3.9675	common_voice_sw_37098031.wav
kwani kupitia bahari ya hindi afrika inafikika kiurahisi kwa kila upande 	female_feminine	5.2275	common_voice_sw_29796975.wav
inakisiwa kuwa zaidi ya raia wa sudan elfu kumi amekitaka makao 	female_feminine	5.5155	common_voice_sw_35214344.wav
ilikuwa ni kukumbatia sera za kiuchumi za shirika la fedha la kimataifa 	male_masculine	5.9835	common_voice_sw_30419920.wav
ya elfu moja mia tisa sabini na tatu jina la hip hop likazaliwa hii 	male_masculine	4.1475	common_voice_sw_36389766.wav
magufuli ndio alikuwa chaguo langu la kwanza halafu nikaongeza na wengine 	female_feminine	5.1555	common_voice_sw_30073350.wav
ipo bahari ya hindi ambayo ni njia kuu ya usafirishaji wa mizigo 	female_feminine	4.1475	common_voice_sw_30074699.wav
kama mwenyewe ambavyo anavyojiita niliendelea kutaka kujua mengi kutoka kwake 	female_feminine	5.4075	common_voice_sw_35221881.wav
hifadhi ina makundi makubwa ya tembo wakila majani ziwani 	female_feminine	4.9755	common_voice_sw_30362919.wav
hilo linafanana na upendo ambao katika ukristo ndio adili kuu kuliko 	female_feminine	5.2635	common_voice_sw_35157514.wav
kadri ujumbe wake ulivyokuwa unazidi kusambaa 	female_feminine	4.8675	common_voice_sw_34812452.wav
wakati wa kudai uhuru tanzania ilikuwa mstari wa mbele 	female_feminine	5.5155	common_voice_sw_29788491.wav
pia kama barabara ya usimamizi wa mali na michakato 	female_feminine	4.5435	common_voice_sw_35109590.wav
sasa kule kaingia kufanya nini na zile pumba jamani 	female_feminine	3.8235	common_voice_sw_30653870.wav
mahindi ni asilimia kumi na mbili hadi asilimia thelathini na tisa 	female_feminine	4.9035	common_voice_sw_34597670.wav
mbio izo ufanyika katika wilaya mia moja hamsini na moja za kiutawala 	female_feminine	4.7955	common_voice_sw_30024620.wav
kwa wanyoro wengi waankole watoro na wanyambo 	female_feminine	6.1635	common_voice_sw_35105842.wav
mabadiliko haya kwenye barafuto za kilimanjaro zinalingana 	female_feminine	4.3635	common_voice_sw_31406016.wav
alifuatana na mwalimu nyerere aliyepitia zanzibar 	female_feminine	5.8755	common_voice_sw_29799147.wav
wawili walijaribu kutoroka lakini walishikwa na jeshi la polisi la uchunguzi 	female_feminine	5.8035	common_voice_sw_35156956.wav
hupiga gumzo na huweka akiba ya chakula 	female_feminine	5.63965625	common_voice_sw_30003768.wav
mwaka wa elfu moja mia tisa hamsini na tano 	female_feminine	4.0035	common_voice_sw_35104480.wav
hasa alichunguza mfumo wa protini mbalimbali 	female_feminine	3.9675	common_voice_sw_29622770.wav
watu walihofia kuwa volkano inaweza kulipuka 	female_feminine	3.6435	common_voice_sw_31284930.wav
ethiopia na burkinafaso lakini siyo hizo tu zenye hifadhi za wanyama 	female_feminine	5.6955	common_voice_sw_30062283.wav
wala hapana mmoja wapo wao aliyepotea ila yule mwana wa upotevu ili andiko litimie 	female_feminine	8.1435	common_voice_sw_35180569.wav
niliomba utakatifu 	male_masculine	2.4555	common_voice_sw_37226285.wav
atazungumza pia na wakazi wa halmashauri hiyo pamoja na maeneo jirani 	female_feminine	5.5515	common_voice_sw_37087884.wav
kabla ya wangoni kuja songea na kujenga makazi yao 	female_feminine	4.2555	common_voice_sw_30025117.wav
anaimba nyimbo za kanisani 	male_masculine	3.1755	common_voice_sw_32244971.wav
maandishi ya lemkin yaliitwa utawala wa kiaksisi 	male_masculine	5.4075	common_voice_sw_37088575.wav
kalambo ndio maporomoko marefu zaidi nchini tanzania 	female_feminine	5.0835	common_voice_sw_30574822.wav
rais wa tanzania ana wizara tatu ambazo zinajulikana 	female_feminine	4.3275	common_voice_sw_34597081.wav
wakati anaikaribia gari yake aloegesha nje simu yake ya kiganjani iliita 	female_feminine	6.6315	common_voice_sw_37088794.wav
mtindo wa kikomunisti utawala wa kikomunisti uliendelea hadi mwishoni 	female_feminine	6.6675	common_voice_sw_35437815.wav
maafisa afya ndio waliopewa jukumu la kuizika miili hiyo 	female_feminine	5.4075	common_voice_sw_34942513.wav
huathiri bidhaa au usalama wake kwa ajili ya matumizi 	female_feminine	4.9755	common_voice_sw_35183346.wav
na yatupelekea kuwa na wasiwasi katika matokeo ya uchaguzi 	female_feminine	4.7235	common_voice_sw_36642513.wav
alikuwa anaishi nchini kameruni kwa wakati huo 	male_masculine	3.7155	common_voice_sw_36013920.wav
miaka ya mwisho qatar imejihusisha na siasa ya mashariki ya kati 	male_masculine	7.2075	common_voice_sw_36013332.wav
halafu alipaa mbinguni mbele ya macho yao 	female_feminine	4.5435	common_voice_sw_35435849.wav
watu waliyoambukizwa wanatakiwa kusaidiwa matumizi yao ya kila siku 	female_feminine	6.4155	common_voice_sw_34745853.wav
tapita humo kwa damu 	female_feminine	3.3555	common_voice_sw_35155473.wav
akakataa kufanya hivyo kama viongozi wa ghana walivyokuwa wanataka 	female_feminine	5.1555	common_voice_sw_29939759.wav
mila na desturi za kizigua kama zilivyo mila nyingine za kiafrika zina miiko yake 	female_feminine	7.6755	common_voice_sw_30175982.wav
panya wengi huishi kati ya wanadamu 	female_feminine	2.9955	common_voice_sw_28583104.wav
pia alikuwa mwana michezo mahiri kwa kudhamini shughuli za michezo 	male_masculine	7.0275	common_voice_sw_29905653.wav
wachambuzi wa kuheshimika walichambua mkataba wa mauaji ya kimbari 	female_feminine	4.9755	common_voice_sw_35284786.wav
amezungumza na wanahabari katika jiji la tripoli 	female_feminine	6.7755	common_voice_sw_34598426.wav
fasihi kujishughulisha na kukuza na kukitangaza kiswahili katika 	male_masculine	7.1715	common_voice_sw_36385237.wav
eneo la ziwa ni kavu sana na maji yake ni ya magadi 	female_feminine	4.1835	common_voice_sw_28583654.wav
samia alianza safari yake ya elimu katika shule ya msingi chwaka iloyopo unguja 	female_feminine	7.1355	common_voice_sw_30034818.wav
hadithi zinasema hiyo michoro ilikuwa sehemu ya matambiko ya uwindaji 	female_feminine	6.1275	common_voice_sw_29789410.wav
iliungana na tanganyika na kuunda jamhuri ya muungano wa tanzania 	female_feminine	5.5875	common_voice_sw_30052772.wav
kanisa hilo lina pia jimbo la mt 	female_feminine	3.7155	common_voice_sw_28583544.wav
matokeo yaliyotangazwa na tume ya uchaguzi zanzibar katika uchaguzi huo 	female_feminine	5.3355	common_voice_sw_34746880.wav
mvuto huu wenye nguvu wa anga pia husababisha mzunguko wa anga wa jumla 	female_feminine	6.5955	common_voice_sw_28802990.wav
bahari yenyewe ambayo baadhi wakipenda kuketi fukweni wakielekeza nyuso zao vilindini 	female_feminine	10.2675	common_voice_sw_30173554.wav
watakambiliana na westbromich naambiwa wigan na liverpool 	female_feminine	6.4875	common_voice_sw_35104393.wav
ulimwengu hauna mipaka na ni wa milele 	male_masculine	3.6435	common_voice_sw_28963910.wav
misitu na mapori tengefu yametengwa kuhifadhi mazingira ya utalii 	female_feminine	4.6875	common_voice_sw_31270198.wav
jeshi la updf lina uwezo wa kuingia pia kule dr congo kuwasaka hawa wa 	female_feminine	6.5955	common_voice_sw_36615580.wav
hali hii katika simu huyu ni mwanasheria 	female_feminine	4.1835	common_voice_sw_34980719.wav
rubondo ni kisiwa kilichopo pembezoni mwa ziwa victoria 	female_feminine	4.5075	common_voice_sw_31596679.wav
ni vizuri tukae vizuri na majirani zetu 	female_feminine	4.1835	common_voice_sw_34832281.wav
matumizi mengine ni wakati wa kutoa mahubiri na mafundisho hata barabarani 	male_masculine	4.9755	common_voice_sw_29000747.wav
walitembea kwa masafa marefu 	female_feminine	2.7435	common_voice_sw_36642210.wav
sifa muhimu ya kuni ni uwezo wake wa kutoa joto 	female_feminine	4.5435	common_voice_sw_28583897.wav
muda mzuri wa kutembelea ni kuanzia mwezi juni mpaka septemba 	female_feminine	4.6875	common_voice_sw_30630474.wav
waliamua kukataa manyanyaso na masumbuko dhidi ya wakoloni 	female_feminine	4.1835	common_voice_sw_30653595.wav
nchi hizi za morocco na algeria pamoja na misri bila kuisahau libya 	female_feminine	8.2155	common_voice_sw_30572146.wav
hakika ni maajabu ya kujifunza na kufurahia kwa watalii 	female_feminine	3.9675	common_voice_sw_30070909.wav
tunakwenda bagamoyo roho yangu furahi tumelia barani 	female_feminine	5.2635	common_voice_sw_29790808.wav
jifunze kuwa jasiri na kujikubali hapo ndipo utakuwa imara 	female_feminine	4.7955	common_voice_sw_30026557.wav
gari limetokomea kule 	female_feminine	2.5275	common_voice_sw_34598094.wav
wafika huko chini 	female_feminine	1.9155	common_voice_sw_36642940.wav
makabila yote yaliyopo nchini tanzania huzungumza lugha moja ya kiswahili 	female_feminine	5.7675	common_voice_sw_34979576.wav
bidi kuwe na serikali ya umoja ambayo inahakikisha katika viama vyote vinakuwa included 	female_feminine	6.3435	common_voice_sw_35279233.wav
ya mawaziri kumi na moja kutoka helzbolla 	female_feminine	3.9675	common_voice_sw_37214069.wav
argentina ilicheza na ujerumani kwenye hatua ya fainali 	female_feminine	5.8755	common_voice_sw_30298415.wav
seleman matola alicheza na kaseja katika kikosi cha simba kuanzia mwaka 	female_feminine	4.9035	common_voice_sw_30338247.wav
aina ya kuchukua hatamu kwa samia kumekuja kwa mara ya kwanza nchini tanzania 	female_feminine	7.3155	common_voice_sw_34834482.wav
plutarch anasema kuwa alijifanya kufurahia ujuzi wa mpenzi wake 	female_feminine	4.6155	common_voice_sw_34958937.wav
milioni moja mbili kumi na sita nukta sifuri 	female_feminine	4.0755	common_voice_sw_30194221.wav
azimio liliwekwa mbele ya mkuu wa bunge 	female_feminine	4.5435	common_voice_sw_34747474.wav
wakapata nafasi ya kusoma na kujifunza matumizi ya silaha 	female_feminine	5.4435	common_voice_sw_30623654.wav
kinyesi chenye virusi 	female_feminine	2.8155	common_voice_sw_37331891.wav
nadharia hii hutumia kigezo cha msamiati wa kiswahili kuonesha uhusiano uliopo kati ya kiswahili 	female_feminine	7.9275	common_voice_sw_35214456.wav
hadi mwaka wa elfu moja mia nane themanini na tisa 	female_feminine	4.9035	common_voice_sw_30585144.wav
wanyama waliopo kwenye hifadhi hiyo huvutia sana 	male_masculine	3.8235	common_voice_sw_30647742.wav
amezungumza na wanahabari katika jiji la tripoli na kushusha shutuma nzito 	female_feminine	5.0475	common_voice_sw_35103632.wav
shirikisho la soka la afrika halikuwa nyuma likaanzisha michuano ya mataifa ya afrika 	male_masculine	7.76365625	common_voice_sw_30633138.wav
ambapo alijizolea milioni mia moja hamsini 	male_masculine	5.6955	common_voice_sw_29816037.wav
wanyaturu hao walikaa hapo kidogo na ndio eneo hilo ambalo watu hao waligawanyika tena 	female_feminine	7.2435	common_voice_sw_30581572.wav
lumumba na wenzake walikiwakilisha chama chao katika mkutano 	female_feminine	6.1275	common_voice_sw_31596966.wav
walianzisha pia kazi ya elimu 	female_feminine	3.6075	common_voice_sw_28583821.wav
mabadiliko hayo yalimpa raisi uwezo wa kuteua watanzania kumi kuwa wabunge 	female_feminine	7.7475	common_voice_sw_29799459.wav
nilitaka kuenda pale lakini sikuweza 	female_feminine	3.4635	common_voice_sw_34958884.wav
mara nyingi kwa marekebisho ya umonaki katika karne ya kumi na tano 	female_feminine	5.4435	common_voice_sw_35183894.wav
pangani ilikuwa mji muhimu katika utamaduni wa waswahili 	male_masculine	6.5235	common_voice_sw_28735554.wav
wapare ni wachapakazi sana wakichanganya kilimo ufugaji na biashara 	male_masculine	4.5075	common_voice_sw_29997851.wav
mark mahela kwanza alifungwa kamba kwenye kiti chake 	female_feminine	7.0635	common_voice_sw_30568041.wav
chanjo dhidi ya homa ya ini hutolewa kwa watoto wote 	male_masculine	5.5875	common_voice_sw_30661156.wav
augustino wa hippo aliandika juu yake 	female_feminine	3.7875	common_voice_sw_29731032.wav
mapumziko wa bath huchukuliwa kuwa mojawapo ya miji 	female_feminine	6.1275	common_voice_sw_34598100.wav
ngamia huishi katika maeneo kame na jangwa 	female_feminine	3.9675	common_voice_sw_30582629.wav
leo hii usafiri wa mizigo unapita katika mfereji wa panama 	male_masculine	5.5155	common_voice_sw_28663142.wav
unafikiri hilo la kuongeza thamani china itakubali ama 	female_feminine	4.7595	common_voice_sw_37086968.wav
idi amin dada alikuwa mwanajeshi kutoka nchi ya uganda aliyepindua serikali na kujifanya rais 	female_feminine	8.0355	common_voice_sw_36617289.wav
uingereza walitunga sheria za mchezo wa soka 	female_feminine	3.7155	common_voice_sw_29788330.wav
serikali inaweza kupata fedha nyingi za kigeni kwa kupitia utamaduni 	female_feminine	8.0355	common_voice_sw_30372184.wav
muungano wa vyama tawala ulihahidi kushughulikia ukuaji wa kiuchumi 	female_feminine	6.1275	common_voice_sw_35103887.wav
ambao ndio mlima wa kumi kwa urefu tanzania 	female_feminine	5.6955	common_voice_sw_30570928.wav
ikiwa na mipango ya kuongeza nchi kama angola south sudan and uganda 	female_feminine	6.7755	common_voice_sw_28666462.wav
dalili zake ni pamoja na ngozi kubadilika rangi kuwa nyekundu na pia kuvimba 	female_feminine	7.0275	common_voice_sw_29256361.wav
hakuna hakika kuhusu wakazi wa kwanza 	female_feminine	4.4355	common_voice_sw_29163693.wav
kama zingekuwa zinatumia sarafu zao wenyewe 	female_feminine	4.5435	common_voice_sw_34747471.wav
kongamano hilo limehudhuriwa na viongozi mbalimbali wa serikali 	female_feminine	4.1475	common_voice_sw_30582732.wav
nimonia hutokea kwa wale wana majeraha kwa mfumo wa kupumua 	female_feminine	5.0475	common_voice_sw_29505205.wav
kwani we unafanya kazi gani 	female_feminine	2.7075	common_voice_sw_34943413.wav
kampuni ya kufua umeme dowarz iliowahi kupewa dha zabuni 	female_feminine	5.0835	common_voice_sw_37222693.wav
mboga za majani zina wanga ya kutosha 	female_feminine	2.8875	common_voice_sw_37093009.wav
kufuatana na uainishaji wa lugha kwa ndani zaidi kimur pano iko katika kundi la kioseaniki 	male_masculine	10.4475	common_voice_sw_28814702.wav
michezo ya karata bao la solo huwakutanisha wao pamoja 	female_feminine	2.5635	common_voice_sw_37098766.wav
iko katika siberia ya kusini kwenye kitovu cha kijiografia cha asia 	female_feminine	6.4155	common_voice_sw_28961660.wav
huyu anapatikana msitu wa amazon pekee 	female_feminine	4.0755	common_voice_sw_30539506.wav
mama mkwe ni yule 	female_feminine	2.0955	common_voice_sw_35587972.wav
kwani kutakuwa na uhakika wa umeme kwa ajili ya shughuli za viwanda 	female_feminine	5.6235	common_voice_sw_30107690.wav
urais wa chama hiki ulitolewa kwa jomo kenyatta 	female_feminine	4.7235	common_voice_sw_30016472.wav
kusababisha watalii waliotaka kuwatazama wakivuka kubadilisha mpangilio wa safari zao 	male_masculine	7.6755	common_voice_sw_34750381.wav
kwenye neno sumbu wanga likiwa namaana ya tupa uchawi 	male_masculine	4.7955	common_voice_sw_30024825.wav
misitu hutupatia mbao kwaajili ya ujenzi 	female_feminine	3.4275	common_voice_sw_30653681.wav
pesa ni nzuri 	female_feminine	2.0235	common_voice_sw_35157431.wav
jambo ambalo wakati mwingine husababisha migogoro hasa ya mipaka 	female_feminine	4.9035	common_voice_sw_30653532.wav
karibu katika awamu nyingine na sasa tuanzie nchini cote de voire 	female_feminine	5.2275	common_voice_sw_34947062.wav
mwalimu uniachie huyu mtoto niongea naye kisha nitachukua hatua zinazofaa 	female_feminine	5.2275	common_voice_sw_29923748.wav
kutoa tarifa kuhusu matokeo ya uchimbaji mafuta 	female_feminine	5.5155	common_voice_sw_34598522.wav
tabia muhimu za manowari ni kasi na kinga pamoja na uwezo wa kubeba silaha 	female_feminine	6.1275	common_voice_sw_29610082.wav
ashitakiwe na kwa vile hawezi kushatiwa hapa washitakiwe huko na hapa 	female_feminine	9.9075	common_voice_sw_34598136.wav
hasa alichunguza neva 	female_feminine	3.6075	common_voice_sw_28673009.wav
moja walitumwa uzbekistan kyrgyzstan na kazakhstan waturuki 	female_feminine	7.5675	common_voice_sw_36641470.wav
vinavyoiunda aliuliza maswali na kutoa majibu yaliyo muhimu mpaka leo 	male_masculine	5.9835	common_voice_sw_37087179.wav
na kusahau mazingira na hasa matatizo yanayomzunguka kwa wakati huo 	female_feminine	6.5235	common_voice_sw_34824120.wav
sumu ajali iliweza kutokea cha kushangaza ni kwamba hukohuko kilimanjaro majirani na watani wa 	male_masculine	6.7035	common_voice_sw_36383697.wav
sehemu ndogo ya miti ambayo data ya skanning 	female_feminine	4.2555	common_voice_sw_35105525.wav
pia ni msitu ambao una wanyama wengi zaidi ya misitu mingine duniani 	male_masculine	7.6035	common_voice_sw_29613720.wav
pia utazidi kuonekana kuwa mrembo zaidi 	female_feminine	4.3635	common_voice_sw_30574770.wav
sana vijana wanaambiwa waende kucheza 	female_feminine	3.8235	common_voice_sw_34940733.wav
blob anazaliana kwa wingi kipindi cha joto jingi 	female_feminine	3.9675	common_voice_sw_30582103.wav
mpira alioufundisha hadi leo unachezwa nchini hispania 	male_masculine	5.2635	common_voice_sw_30582961.wav
serikali ya shirikisho la marekani ilisaidia kuiongezea idadi ya watu hususani watumwa walioachiwa huru 	female_feminine	8.8275	common_voice_sw_29949020.wav
viumbe hai ndege ni pamoja na ndege john na mbuni 	female_feminine	4.0755	common_voice_sw_29791089.wav
ambaye alifariki akiwa madarakani hayati john joseph pombe magufuli 	female_feminine	5.4435	common_voice_sw_35104883.wav
kwenye mkutano wa viongozi barani afrika kwa kutumia nafasi yake 	female_feminine	5.2275	common_voice_sw_34745842.wav
na eneo hilo la bugoye ispokuwa waha walifahamiana na wamanyema kutokana na ujio wa 	female_feminine	7.7835	common_voice_sw_36642133.wav
walipanda mashua ya mwisho ya kuokoleaa 	female_feminine	3.8235	common_voice_sw_35206707.wav
maeneo yanayolizunguka ziwa tanganyika waliweza kukaa 	female_feminine	5.9835	common_voice_sw_30640474.wav
mawenzi yenye kimo cha mita elfu tano mia moja arobaini na tisa 	female_feminine	6.1275	common_voice_sw_30379346.wav
ina jumba la makumbusho dogo kuhusu historia ya zanzibar 	female_feminine	5.2635	common_voice_sw_28927603.wav
habari nyingine zinaeleza amin alizaliwa elfu moja mia tisa ishirini na tatu 	female_feminine	6.1635	common_voice_sw_29793608.wav
isiyo ya kawaida kwa muda mrefu hii ilikuwa sababu kipindi kubwa ya kufanya kazi 	female_feminine	7.6035	common_voice_sw_35181854.wav
safari yake ya kwanza ilikuwa kusafiri kwa muda mrefu sana 	female_feminine	4.0035	common_voice_sw_35123919.wav
alistaafu baada ya kutawalakwa miaka mitano 	female_feminine	4.6875	common_voice_sw_29961013.wav
mchakato kupata haki kwa walengwa 	female_feminine	5.6595	common_voice_sw_37091958.wav
leo nashinda mjini 	female_feminine	2.7075	common_voice_sw_35155453.wav
alama za nembo ya taifa zinawakilisha uhalisia wa watanzania 	female_feminine	4.5075	common_voice_sw_31446524.wav
ulifanya kazi gani jana 	female_feminine	2.5635	common_voice_sw_37093597.wav
watu waliyoshitakiwa alikuwa nahodha na mkuu wa bandari ya kemondo 	female_feminine	8.08765625	common_voice_sw_30005015.wav
mkwawa ni maarufu hasa kwa kuongoza vita vya wahehe dhidi ya wajerumani 	male_masculine	6.39565625	common_voice_sw_30630497.wav
densi la sakati 	female_feminine	3.2835	common_voice_sw_34598795.wav
biko aliwekewa vikwazo wakati wa kipindi cha ubaguzi wa rangi 	male_masculine	4.8675	common_voice_sw_37226246.wav
wanajeshi wa uganda waliingia tanzania kwa mara ya kwanza 	female_feminine	5.1555	common_voice_sw_30021657.wav
je walizaliwa ili wafe kabla ya kuishi 	female_feminine	4.6875	common_voice_sw_30099363.wav
na nyingine nyingi sana zilizopo katika bara la afrika 	female_feminine	5.1555	common_voice_sw_29925691.wav
malatwe ni mtukutu aliyeshindikana shuleni na mtaani 	female_feminine	5.8035	common_voice_sw_30330458.wav
kwa ukanda wa pwani na nchi kavu nyuzi joto ishirini na nne 	female_feminine	4.9035	common_voice_sw_35104459.wav
mvua zinanyesha kwa wastani wa milimita elfu moja na nne 	female_feminine	5.2995	common_voice_sw_30315539.wav
na nne wamasai wengi huko tanzania huvaa makubadhi ambayo walikuwa mpaka hivi majuzi wakizitengeneza 	female_feminine	8.2875	common_voice_sw_37225849.wav
imekosoa uhuru wa vyombo vya habari 	female_feminine	2.3835	common_voice_sw_37093077.wav
watu wote waliompinga iddi amini waliuliwa hadharani 	female_feminine	4.5435	common_voice_sw_29797708.wav
mchezaji nyota wa sweden michael laundrap alicheza vizuri 	female_feminine	6.64765625	common_voice_sw_30124429.wav
mwokozi atanitosha 	female_feminine	2.2035	common_voice_sw_35181722.wav
walifundishwa jinsi ya kufanya mapenzi na kumridhisha mume 	female_feminine	4.1835	common_voice_sw_29944503.wav
mashindano ya kuongeza silaha mpya yalishinda uwezo wa uchumi 	male_masculine	6.9555	common_voice_sw_30181584.wav
tunaona faraja ya kilimo hiki licha ya changamoto ya hali ya hewa inayotukabili 	male_masculine	7.4235	common_voice_sw_37088586.wav
hali hii inasababisha kutokea kwa mambo yasiyo kawaida 	female_feminine	6.0555	common_voice_sw_29679634.wav
ni mto ambao uko amerika kusini na 	female_feminine	3.6075	common_voice_sw_34812781.wav
kuingilia ee mkondo wa kidemokrasia ulikuwa unafua 	female_feminine	4.6155	common_voice_sw_35099438.wav
amini aliendelea kupokea mafunzo ya kijeshi 	female_feminine	4.2915	common_voice_sw_30314240.wav
wanamichezo tunapswa kumkumbuka hayati karume 	female_feminine	4.7235	common_voice_sw_35177108.wav
usishindane na mtu wajibu kwa wema 	female_feminine	3.4275	common_voice_sw_35106073.wav
ujanja wote kangaroo hawezi kutembea kinyume nyume 	male_masculine	4.9755	common_voice_sw_30091431.wav
kwa ajili ya soko la india na kwingineko duniani 	male_masculine	5.1195	common_voice_sw_30342579.wav
utatalii huu unawavutia watafiti wa maswala ya anga 	female_feminine	4.2555	common_voice_sw_29792342.wav
walimu shuleni walizungumzia tatizo hilo kijuujuu tu 	male_masculine	4.1475	common_voice_sw_37229973.wav
kama urithi kwa taifa na kwa ajili ya biashara 	female_feminine	3.9675	common_voice_sw_29940397.wav
wao ni wahanga wakubwa wa majanga yatokanayo na uharibifu wa mazingira 	female_feminine	6.3075	common_voice_sw_36641223.wav
maambukizi ya chachu na ngozi kavu 	female_feminine	3.7155	common_voice_sw_29925607.wav
kwenye serikali na kuwafanya kuwa kundi la wapiganaji 	female_feminine	4.5075	common_voice_sw_29924815.wav
meskhetian walikwenda amerika chini ya mpango mkubwa 	female_feminine	4.6155	common_voice_sw_34958043.wav
usultani wa zanzibar ulikuwa umepewa na uingereza uhuru wake 	female_feminine	6.0555	common_voice_sw_29848812.wav
kupoza halijoto kinyume chake upepo kutoka bahari 	female_feminine	4.7235	common_voice_sw_36644721.wav
kuwa ya aibu na ikiwa mtu atarudi baada 	female_feminine	7.3875	common_voice_sw_36615852.wav
hutoa ufahamu wenye kusisimua katika mvuto wa mji wa asia 	female_feminine	5.0835	common_voice_sw_37223969.wav
hivyo basi waliamua kukataa manyanyaso na masumbuko dhidi ya wakoloni 	female_feminine	5.1555	common_voice_sw_29797499.wav
leo ni siku nzuri sana 	female_feminine	2.1675	common_voice_sw_35103886.wav
argentina waliishuhudia mataifa mengi yakifanikiwa kushinda mataji 	female_feminine	6.9555	common_voice_sw_30667233.wav
mabadiliko haya yamesaidia kuongeza hali ya usikivu na tahadhari 	female_feminine	5.4435	common_voice_sw_36616212.wav
na wacherkesi pia kati ya wasemaji wengi wa lugha za kiturki kama vile 	female_feminine	7.2075	common_voice_sw_35409869.wav
sehemu kubwa ya eneo hutumiwa kwa kilimo 	male_masculine	4.9035	common_voice_sw_28878070.wav
alikuwa mmoja kati ya wanawake wachache walioaminiwa katika kuongoza mapambano dhidi ya udhalimu 	female_feminine	8.0355	common_voice_sw_29811630.wav
isiyokufa bado ana uwezo wa kuinuka hadi kwa mungu ingawa uwezo 	female_feminine	6.4875	common_voice_sw_34906965.wav
asilimia ishirini na mbili pekee za mto nile ndizo zinahusishwa na misri 	female_feminine	5.6235	common_voice_sw_30653650.wav
njia nyingine ya kupandia mlima ipo tarakea 	female_feminine	4.6875	common_voice_sw_30056609.wav
bi anita alimpa ruhusa jabir kumuoa juliana owimana na juliana alilitegemea kwsababu alifahamu ukweli 	female_feminine	9.5835	common_voice_sw_36641214.wav
alitangaza nia kugombea nafasi ya uraisi mwezi wa pili mwaka elfu mbili na saba 	female_feminine	6.5955	common_voice_sw_36616507.wav
lakini tunaweza kuibadilisha kulingana na lugha pia vionjo vya kwetu 	female_feminine	5.2275	common_voice_sw_35110347.wav
nafahamike kuwa asilimia kubwa ya makabila mengi yaliyopo hapa afrika yalipata majina kulingana na 	female_feminine	6.9555	common_voice_sw_35221658.wav
ukabidhi jukumu la kulinda amani kwa vikosi vya kulinda amani ni la umoja huo 	female_feminine	7.4235	common_voice_sw_36106706.wav
wagogo ni miongoni mwa makabila ya wakulima na wafugaji kwa asili 	male_masculine	6.7035	common_voice_sw_29907315.wav
awali aliondoa zuio la chama cha african national congress 	female_feminine	5.1555	common_voice_sw_29939388.wav
ni silaha aina ya bunduki na vioo vya kujitazamia 	female_feminine	5.1555	common_voice_sw_30326267.wav
mashuka hayo yamegawanyika kwa wanaume na wanawake 	female_feminine	4.6155	common_voice_sw_30173555.wav
sakramenti hizo ni kama pande mbili za pesa moja 	female_feminine	4.0755	common_voice_sw_29447210.wav
wauzaji wa vyakula hadi kwa madereva wa teksi 	female_feminine	4.0755	common_voice_sw_29818123.wav
kenya ilipendelewa kwa misaada ikasonga mbele na hasa katika sekta ya viwanda 	male_masculine	7.4955	common_voice_sw_29795457.wav
hiyo hiyo ruhusa 	female_feminine	2.2755	common_voice_sw_31996977.wav
jimbo lina mapato madogo sana kuliko jimbo lolote nchini humo 	male_masculine	6.7035	common_voice_sw_28704235.wav
ziwa edward ni nyumbani kwa aina ningi za samaki 	female_feminine	5.9835	common_voice_sw_30110008.wav
maana yake ni upande wa kusini kama wanavyoita wao 	female_feminine	4.9755	common_voice_sw_29925964.wav
na pamoja na tunatambua 	female_feminine	2.9235	common_voice_sw_34746748.wav
tanzania ilipigana vita na taifa jirani la uganda 	female_feminine	5.4435	common_voice_sw_30495676.wav
yani wengine walitumia mapigano au vita kuwafurusha wazungu 	female_feminine	4.9035	common_voice_sw_30718321.wav
kanada na japani ambapo sera zenye nguvu sheria na mifumo ya 	female_feminine	6.9555	common_voice_sw_35409273.wav
watoto wengi huenda shule kucheza 	female_feminine	3.1035	common_voice_sw_35176547.wav
kuna shule za msingi tano moja kwa kila kijiji 	female_feminine	4.3635	common_voice_sw_28962051.wav
hivyo hutumiwa na masomo mengine kama fizikia jiografia kemia katika mafunzo yake 	male_masculine	8.5395	common_voice_sw_29522744.wav
kanali seif bakari alikuwa mkuu wa usalama wa taifa zanzibar 	female_feminine	4.9755	common_voice_sw_37087186.wav
kikwete alikutana na barack obama mwaka elfu mbili na tisa 	female_feminine	4.8675	common_voice_sw_35105309.wav
jina la sikukuu ya kiyahudi linapatikana kwa maumbo mbalimbali 	female_feminine	6.0555	common_voice_sw_28874736.wav
alicheza kwa kwa mafanikio katika klabu hiyo 	female_feminine	5.2635	common_voice_sw_29475447.wav
familia nyingi huenda kanisani jumapili 	female_feminine	3.2475	common_voice_sw_35181792.wav
waandishi wa habari wakipigwa na kunyang anywa vifaa vyao vya kazi 	female_feminine	5.1555	common_voice_sw_35099280.wav
kwa muda mrefu wa historia yake austria ilihesabiwa kama sehemu ya ujerumani 	female_feminine	6.7035	common_voice_sw_28714514.wav
hali ya hewa ni ya kitropiki 	female_feminine	3.2475	common_voice_sw_28584584.wav
pep guardiola hapendi jambo la kufukuzwa litokea kwake 	male_masculine	5.8755	common_voice_sw_29959526.wav
kuna tai pia wanaopatikana katika msitu wa amazon 	male_masculine	4.6155	common_voice_sw_30090709.wav
mtoto anaenda shuleni 	female_feminine	2.6355	common_voice_sw_34940140.wav
alikufa mjini jeddah tarehe kumi na sita agosti mwaka elfu mbili na tatu 	female_feminine	6.5235	common_voice_sw_37225998.wav
haijulikani kama sumu ni hatari 	female_feminine	3.7875	common_voice_sw_28714505.wav
mafunzo huhusisha uchapa kazi malezi na makuzi ya watoto 	female_feminine	4.7955	common_voice_sw_30028960.wav
vita wanatoka huko wakiogopa kuporwa utu na 	female_feminine	5.5155	common_voice_sw_30574523.wav
mia moja na ishirini kutoka iringa mjini 	female_feminine	4.2555	common_voice_sw_30177380.wav
alifanya hivyo ili kuleta muungano katika mapigano ya uhuru 	female_feminine	3.9675	common_voice_sw_29923851.wav
ujenzi wa makao ya sultani pamoja na bandari ulianza rasmi 	female_feminine	6.0555	common_voice_sw_31284876.wav
nyota wa uingereza david beckham aliwahi kuvaa jezi namba saba kabla ya kuondoka united 	male_masculine	8.3955	common_voice_sw_30104493.wav
ni mchezaji wa soka wa kameruni ambaye anacheza kwa klabu ya qatar kama mshambuliaji 	male_masculine	6.5235	common_voice_sw_29936410.wav
bonde la oldupai sehemu ambayo ndio chimbuko la historia yetu 	female_feminine	7.0635	common_voice_sw_29799454.wav
taifa la jamhuri ya kidemokrasia ya congo linapata pesa nyingi sana za kigeni 	male_masculine	6.8835	common_voice_sw_30182043.wav
wanakuwa tayari wamebalehe na si wa kizazi kilichopita 	female_feminine	5.0475	common_voice_sw_35206651.wav
urefu wake wa kilomita mia mbili na tisini 	female_feminine	3.6075	common_voice_sw_30435922.wav
jasiri na maarufu marehemu mchungaji nathanaeli mgaya 	female_feminine	6.0555	common_voice_sw_30527537.wav
usambazaji hutokea kupitia vyombo vya habari na 	female_feminine	3.7155	common_voice_sw_30438887.wav
hakuna ushahidi wa moja kwa moja kwamba wakazi walikuwa wakoloni 	female_feminine	5.4435	common_voice_sw_29798027.wav
pia kuna wasemaji wachache nchini burkina faso 	male_masculine	7.9275	common_voice_sw_28670635.wav
mahali ambapo palijengwa kijiji kinachoitwa mvumi makulu 	female_feminine	5.5875	common_voice_sw_29789622.wav
labda wafanye uchaguzi mwingine labda mazungumzo hata kabla ya hapo 	female_feminine	5.9475	common_voice_sw_36252326.wav
asubuhi na mapema mwanachama wa chama hicho 	female_feminine	5.06365625	common_voice_sw_30103680.wav
cristiano ronaldo aliibuka mfungaji bora 	female_feminine	3.1035	common_voice_sw_30194950.wav
tafiti zimeonyesha hata damu iliyokauka huwa na uwezo wa kuambukiza virusi hivi 	female_feminine	6.4155	common_voice_sw_29797543.wav
mbaya zaidi ni kule kuamini kwao kwamba hilo linawezekana tu 	female_feminine	4.6155	common_voice_sw_34991421.wav
hakuwa tayari kusema ni lini hoteli hiyo itakamilika 	female_feminine	5.5155	common_voice_sw_30173214.wav
pwani zake ni za argentina upande wa kaskazini na chile upande wa kusini 	male_masculine	7.9635	common_voice_sw_28691046.wav
viongozi wengine wa kitaifa ambao ni wazaliwa wa mkoa huu ni waziri mkuu mstaafu 	female_feminine	7.7475	common_voice_sw_30574065.wav
makamba alifanya kazi kwa karibu na mama samia 	female_feminine	5.6955	common_voice_sw_35156889.wav
m huyo ni bi juiet sima ambaye ni afisa lishe 	female_feminine	5.9835	common_voice_sw_35099574.wav
uhamiaji wa nyumbu hawa unaonyeshwa katika programu za televisheni 	female_feminine	7.4235	common_voice_sw_30547060.wav
kupanda kucheza kama winga wakati wakiwa wanashambulia 	male_masculine	3.6075	common_voice_sw_29942747.wav
nenda ukawasaidie wale kina dada 	female_feminine	3.1035	common_voice_sw_35106370.wav
madai hayo hayakuwa na athari kubwa kisiasa 	female_feminine	4.4355	common_voice_sw_34834642.wav
kuliko vile ilivyodhaniwa hapo awali hatukujikwaa tu 	female_feminine	6.3435	common_voice_sw_34746296.wav
haswa kwa wale waishio katika maeneo 	female_feminine	4.3275	common_voice_sw_36642953.wav
kudumisha mitandao hiyo hata katika sehemu zenye ufuatiliaji mzuri 	female_feminine	5.1555	common_voice_sw_35107675.wav
asili ya mto huu ni nyanda za juu za mto kondoa 	female_feminine	4.3635	common_voice_sw_31446681.wav
soka linaweza kusitisha shughuli zingine zote duniani 	female_feminine	5.8755	common_voice_sw_30037188.wav
labda uniondoe shuleni kwako ili kuleta utulivu na mimi nikaishi maisha yangu 	female_feminine	7.4235	common_voice_sw_30495453.wav
ya anatolia ambayo wengi wa uturuki wa sasa 	male_masculine	4.6155	common_voice_sw_37222853.wav
kuwa jumuiya hile ilikuwa chombo cha makabaila wakubwa 	female_feminine	6.25165625	common_voice_sw_30005188.wav
ghuba ya uthai haina kina kirefu 	female_feminine	3.9675	common_voice_sw_28835308.wav
milima ya isaro na mlima isisimba pia ipo milima ya isyoro 	female_feminine	6.3075	common_voice_sw_30654094.wav
makao yake makuu yalikuwa kijiji cha kisumba nje kidogo ya mji wa sumbawanga 	female_feminine	6.0555	common_voice_sw_30376034.wav
ali anampenda khadija 	female_feminine	3.2835	common_voice_sw_35107981.wav
samia anawarejeshea watanzania vibali vya kazi 	female_feminine	4.1475	common_voice_sw_35409627.wav
hifadhi ya ruaha inapatikana mkoani iringa 	male_masculine	3.0675	common_voice_sw_29942824.wav
real madrid ilishinda mabao matatu kwa moja 	female_feminine	7.0275	common_voice_sw_29793149.wav
afya ya meno ni sehemu muhimu ya afya ya mwili kwa jumla 	male_masculine	4.7235	common_voice_sw_28695291.wav
ilikuwa ni majonzi kwa waafrika wengi hususani wale wenye itikadi za kijamaa 	female_feminine	6.1635	common_voice_sw_29793097.wav
lugha yao imeathirika zaidi na wakurya kutokana na kupakana nao 	female_feminine	5.0835	common_voice_sw_31446464.wav
serikali za kikoloni zilikuwa zinaruhusu vyama vya kijamii 	female_feminine	6.7035	common_voice_sw_29792830.wav
historia yake inawavutia watu wengi kufanya utafiti 	female_feminine	4.9755	common_voice_sw_30624118.wav
watoto waliotoka jandoni wakiogeshwa na ndugujamaa na marafiki 	female_feminine	6.6675	common_voice_sw_31446991.wav
vijiti vinavyohusiana kati ya makundi ya kiumri 	female_feminine	4.5435	common_voice_sw_30360194.wav
aliyemfuata mwaka elfu mbili na kumi na tano 	female_feminine	3.6075	common_voice_sw_30337341.wav
jinsi inasema serikali za mitaa na makampuni binafsi 	female_feminine	6.1275	common_voice_sw_37217752.wav
mkutano mkuu ulipiga kura na kumchagua magufuli kuwa mgombea urais wa chama cha mapinduzi 	female_feminine	8.8635	common_voice_sw_29793050.wav
kwanza baada ya kuongoka kila wakati ulifurahia zaidi kitu fulani 	female_feminine	5.4435	common_voice_sw_35099919.wav
hujipaka rangi na alama kwenye nyuso na kisha kufunika nyuso zao wanapokamilisha sherehe 	female_feminine	5.6955	common_voice_sw_37093146.wav
iwapo bidhaa kutoka uchina vitakuwa vimechafuliwa na virusi huwa vinasafiri masafa marefu 	female_feminine	6.9555	common_voice_sw_35182302.wav
kikundi hutawanyika na kusubiri mwaka mwingine au miwili 	female_feminine	5.9835	common_voice_sw_29925270.wav
gani miji kama vile kilwa lamu na 	female_feminine	3.6435	common_voice_sw_35106350.wav
nyumba nyana ni aina ya ndoa ambayo mwanaume anayeoa ni tahira 	female_feminine	5.3355	common_voice_sw_29798898.wav
wanasayansi wanaona athari kubwa ya dhoruba ya bahari ya hindi 	female_feminine	5.6955	common_voice_sw_30030033.wav
tumia maji tiririka wakati wa kunawa mikono 	female_feminine	3.9675	common_voice_sw_30591022.wav
wanachama wa shirikisho la soka duniani ni nchi zote zilizokidhi vigezo 	female_feminine	6.4155	common_voice_sw_30324838.wav
wanaheshimiwa na kanisa katoliki waorthodoksi na waorthodoksi wa mashariki kama watakatifu wafiadini 	female_feminine	9.5475	common_voice_sw_29421837.wav
baba ndiye mwamba wa familia 	female_feminine	3.5355	common_voice_sw_35106132.wav
serikali ya awamu ya nane inaweka nguvu nyingi sana 	female_feminine	4.6155	common_voice_sw_34942582.wav
ufugaji wao ni wa kawaida tofauti na wenzao wakurya 	female_feminine	4.9035	common_voice_sw_29798694.wav
manchester united ya sir alex ferguson ilikuwa matata 	female_feminine	5.67565625	common_voice_sw_30081134.wav
kijiografia baltiki ni mabaki ya enzi ya barafu iliyopita 	male_masculine	6.6675	common_voice_sw_28660867.wav
sherehe ya tohara ambayo inafanywa bila dawa ya kugandisha misuli hii tohara hufanywa na 	female_feminine	8.5755	common_voice_sw_34598894.wav
mazungumzo ya wawili hawa yalikuwa ya kipekee 	male_masculine	3.8235	common_voice_sw_29645349.wav
alipostaafu alirudi kijijini kwake butiama ndipo alianza kuendesha shughuli za kilimo 	female_feminine	8.8275	common_voice_sw_30372517.wav
ukame wa mara kwa mara wafugaji wengi pamoja na wamasai hutumia nafaka katika maakuli 	female_feminine	6.6675	common_voice_sw_35176858.wav
nakuja kukusaidia kufanya sherehe 	female_feminine	3.1035	common_voice_sw_34979771.wav
watakuwepo viongozi wa serikali kutoka idara mbalimbali za kilimo 	female_feminine	6.43165625	common_voice_sw_30034006.wav
mashairi ya kiswahili yalionesha kuwavutia watu wengi sana waliofurika kwenye tamasha hilo 	female_feminine	5.8035	common_voice_sw_34994421.wav
anaeleza pia viumbe vinavyoishi kwenye maji chumvi ni papa pweza nyangumi tasi na changu 	female_feminine	7.9275	common_voice_sw_30189552.wav
kabla ya kutokea ukame mkubwa sana uliosababisha njaa katika eneo hilo 	male_masculine	6.0915	common_voice_sw_30574424.wav
katika mwezi wa septemba msimu wa pukutisha huanza katika sehemu ya kaskazini mwa dunia na msimu wa chipukizi katika sehemu ya kusini 	female_feminine	9.8355	common_voice_sw_36106128.wav
mkapa aliendelea kuwa mshauri wa serikali hadi umauti ulipompata 	female_feminine	6.1635	common_voice_sw_29791176.wav
katika makanisa mengine huwa askofu mkuu ni askofu kiongozi wa nchi fulani 	female_feminine	5.8755	common_voice_sw_29636711.wav
maafisa wa uganda watachukua hatua za kidiplomasia 	male_masculine	6.5955	common_voice_sw_29815988.wav
samia suluhu alihutubia mkutano wa umoja wa mataifa 	female_feminine	4.7235	common_voice_sw_30031036.wav
ukitazama katika muktadha wa wa 	female_feminine	2.9235	common_voice_sw_35104789.wav
afrika kusini na misri zikiwa na matajiri watano kila mmoja 	female_feminine	6.03565625	common_voice_sw_30143131.wav
ziwa nyasa linasifika kuwa na aina nyingi za samaki 	female_feminine	3.6435	common_voice_sw_31406153.wav
nyongeza katika mambo ya ndoa au urithi wa mali walikuwa chini ya 	female_feminine	5.9475	common_voice_sw_34745231.wav
magufuli aliwataka watanzania wote kuwa watulivu 	female_feminine	4.5435	common_voice_sw_30035034.wav
milima ya katete na milima ya katutu 	female_feminine	3.51565625	common_voice_sw_31812394.wav
ni moja kati ya hifadhi za taifamoja mashuhuri na kubwa nchini tanzania hifadhi 	female_feminine	5.6595	common_voice_sw_37088570.wav
makaburi ya chifu mapenza wa wagogo yaliyopo ndani ya hifadhi 	female_feminine	6.8475	common_voice_sw_29788555.wav
kama nilivyotanguliza kusema mwanzo kwamba ardhi ya afrika imebarikiwa sana 	female_feminine	6.7755	common_voice_sw_29818381.wav
dunia ilimshuhudia mbambe mwingine wa kisiasa kivita na kiuchumi aliyeitwa fidel castro 	female_feminine	8.5755	common_voice_sw_30527291.wav
ushindi huo ni kieelezo cha dhamira thabiti ya halmashauri 	female_feminine	4.6155	common_voice_sw_31285592.wav
ubora wa pep unaendelea kuwapa ubingwa manchester city 	female_feminine	3.7875	common_voice_sw_30073353.wav
rose muhando alizawadiwa tuzo ya mtunzi mzuri wa nyimbo 	female_feminine	9.5475	common_voice_sw_30566941.wav
mwaka elfu moja mia tisa themanini na saba 	female_feminine	3.9675	common_voice_sw_29793540.wav
pia alikuwa mkuu wa utawala wa kikoloni wa eneo hilo 	female_feminine	5.9835	common_voice_sw_28696377.wav
ongezeko la watu kwa mwaka kwa sasa 	male_masculine	4.3275	common_voice_sw_29937408.wav
katiba ya tanzania ilitungwa rasmi na bunge la tanzania 	female_feminine	4.8675	common_voice_sw_29939762.wav
baada ya hapo mnyama alipotea msituni hadi aliporudi tena kwenye ubingwa 	female_feminine	6.2355	common_voice_sw_29812396.wav
maeneo maalum yametengwa kwa ajili ya kilimo cha kisasa 	female_feminine	4.5075	common_voice_sw_29792139.wav
madawa ya kulevya nchini humomario sergio 	female_feminine	3.9675	common_voice_sw_36106324.wav
eneo hili hutumiwa kama makazi ya watu sehemu za biashara 	female_feminine	5.5875	common_voice_sw_30326879.wav
rangi pia huonyesha dhana na vipengele muhimu katika tamaduni 	female_feminine	5.8755	common_voice_sw_30526933.wav
kufanya mapenzi na mtu mwenye maambukizi ya virusi vya homa ya ini 	male_masculine	5.0835	common_voice_sw_30478576.wav
walikula sehemu tofauti wanaume na wanawake bila kujali umri walizingatia jinsia tu 	female_feminine	6.1275	common_voice_sw_30074378.wav
tuko kwenye hali isiyo ya kawaida yaani tumejaribu 	female_feminine	4.6155	common_voice_sw_36643737.wav
kiwili ni msamiati mwingine wa kipare 	female_feminine	3.4275	common_voice_sw_30653488.wav
ni umbali wa mwendo wa saa tano mpaka sita kutoka mji wa arusha 	female_feminine	5.6955	common_voice_sw_29797969.wav
wa kisovyetiwarusi walipoteza askari milioni kadhaa lakini waliweza kuwazuia wajerumani wasiteke moscow na leningrad 	female_feminine	9.2955	common_voice_sw_35425680.wav
timu iliyoibuka na ushindi kwenye fainali hiyo 	male_masculine	3.9675	common_voice_sw_30180061.wav
na wakati mzuri wa kuona mlima kilimanjaro kutokea meru 	female_feminine	4.3275	common_voice_sw_35099891.wav
waasu wakaanza kuitwa wapare kwa maana ya wapige 	female_feminine	5.3355	common_voice_sw_29797418.wav
rangi yake kuu ni nyeusi na nyeupe lakini rangi nyingine pia zinaweza kutumika 	female_feminine	6.3435	common_voice_sw_28584675.wav
lakini kwa muda huu vimetawala vyakula vya aina nyingi sana 	female_feminine	4.9755	common_voice_sw_30379369.wav
profesa jumanne maghembe alikuwa waziri wa maji na waziri wa maliasili na utalii 	female_feminine	6.4875	common_voice_sw_30054314.wav
alienda kwa mwenyekiti wa kamati ya bunge la mashirika 	female_feminine	4.7235	common_voice_sw_34942747.wav
pia katika maeneo kama chome na mbaga bila kusahau gonja na vudee 	female_feminine	6.1635	common_voice_sw_30377875.wav
kuongeza vitu vipya ambavyo vinaendana na karne hii 	male_masculine	5.8755	common_voice_sw_30635682.wav
hadi tibaijuka alipoibuka kwa mara ya kwanza wiki iliyopita 	female_feminine	5.6955	common_voice_sw_35250572.wav
ya mitaa ya buza kwenye suala nzima la ulinzi shirikishi ambalo limekuwa tegemezi 	female_feminine	8.5035	common_voice_sw_34924159.wav
kwa sababu wengi ni rahisi kuwasahau lakini mchango wao ni mkubwa sana 	male_masculine	5.3355	common_voice_sw_36386232.wav
haina milima mirefu 	female_feminine	3.0675	common_voice_sw_29736157.wav
kwani kufanya mambo mema ni bora zaidi kuliko kufanya dhambi za dunia 	female_feminine	4.8675	common_voice_sw_35109643.wav
papiriri hamsini na mbilk iliyoandikwa kwa kigiriki mwaka mia moja ishirini na tano hivi 	female_feminine	8.6475	common_voice_sw_35176941.wav
na wachambuzi wa mambo wanasema kikao hicho 	female_feminine	3.4635	common_voice_sw_35106230.wav
halmashauri ya manispaa ya kinondoni na halmashauri ya manispaa ya ilala 	female_feminine	5.6955	common_voice_sw_30574802.wav
plasmodium malariae anayepatikana dunia nzima ni kimelea wa tofauti na wa pekee 	female_feminine	7.3155	common_voice_sw_30584817.wav
kama vile china na india pia malaysia na ufilipino 	male_masculine	4.0755	common_voice_sw_30326814.wav
daktari menena mame afungwe mai tupa mbili 	male_masculine	3.9675	common_voice_sw_32101561.wav
sisahau habari zako 	female_feminine	2.9235	common_voice_sw_34836563.wav
hunyoa nywele wanapopita kifungu kimoja cha maisha hadi kingine bibiarusi pia atanyolewa kichwa chake 	female_feminine	8.3235	common_voice_sw_36642966.wav
joto la baharini viwango vya juu vya unyevu na kutokuwa na utulivu wa anga 	female_feminine	7.4235	common_voice_sw_30495156.wav
bidhaa zinazosafirishwa kwa wingi katika bahari hii ni 	female_feminine	4.3635	common_voice_sw_30070694.wav
eneo kuu katika hifadhi ni uwanda wa mafuriko 	female_feminine	4.9035	common_voice_sw_30037344.wav
eneo hilo limetengwa wilayani kigamboni jijini dar es salaam 	female_feminine	4.3635	common_voice_sw_31285472.wav
alikuwa sultani wa maskat oman na zanzibar 	female_feminine	4.6155	common_voice_sw_34896069.wav
pep guardiola amepata kila kitu maishani mwake 	male_masculine	6.1275	common_voice_sw_30320363.wav
wanyaturu ni moja ya makabila yanayojumlishwa katika kundi la nilo hamites 	female_feminine	6.6675	common_voice_sw_31823795.wav
sultani sayyid said alihamisha mji mkuu wake kutoka omani kuja unguja 	female_feminine	6.5235	common_voice_sw_35105637.wav
tangu kale anaheshimiwa na wayahudi wakristo na waislamu kama mtakatifu 	female_feminine	6.8475	common_voice_sw_28672921.wav
alikuwa muhimu kwa harakati za haki za kiraia 	female_feminine	3.9675	common_voice_sw_28583616.wav
e ukiangalia mchakato mzima sasa hivi 	female_feminine	2.7435	common_voice_sw_37095560.wav
upande wa kulia ukifuatwa na upande wa kushoto 	female_feminine	5.2635	common_voice_sw_30623906.wav
sheria pamoja na dini ziligeuka toy ya mtawala 	female_feminine	3.5355	common_voice_sw_37221849.wav
alikuwa na nia ya kujenga muungano wa afrika ili iwe kitu kimoja 	female_feminine	6.0555	common_voice_sw_30574135.wav
wakati ambao kuna maumivu makali kwenda haja ndogo 	male_masculine	3.0675	common_voice_sw_36389498.wav
arat ni mwezi wa uhaba ambapo mvua zinanyesha kidogo husababisha mabwawa kukauka 	female_feminine	6.7755	common_voice_sw_36617544.wav
ni bahari kubwa sana na yenye historia ndefu sana 	female_feminine	4.6515	common_voice_sw_30080399.wav
uwezo wake wa kubuni vitu mbalimbali kiasi cha watu kudiriki kusema alikuwa injini ya 	female_feminine	6.0555	common_voice_sw_34980409.wav
zifuatazo ni orodha kamili ya nyimbo zinapatikana katika albamu hii 	female_feminine	5.9835	common_voice_sw_29216157.wav
alitoa albam bora zaidi ya mwaka wakati wa tamasha la muziki wa injili tanzania 	female_feminine	5.4435	common_voice_sw_31823770.wav
tumetumbukia katika masuala ya utandawazi kiasi ambacho tunashindwa hata kutambua miiko yetu 	male_masculine	8.2875	common_voice_sw_31389512.wav
ulipata chanjo lini 	female_feminine	2.6355	common_voice_sw_35157567.wav
alifanya hivi kwa lengo la kutunza kumbukumbu 	female_feminine	4.0755	common_voice_sw_29797741.wav
na ndiyo kwa maana kwamba kwanza imani 	male_masculine	4.1835	common_voice_sw_36387560.wav
soka la pasi nyingi la kumtawala mpinzani wake 	female_feminine	3.7875	common_voice_sw_30440093.wav
forodhani ni mashuhuri kwa upishi na uuzaji wa vyakupa vya bahari 	male_masculine	6.0555	common_voice_sw_29856726.wav
ukoloni wa ujerumani uliondoka tanzania kwenye vita ya kwanza ya dunia 	female_feminine	5.8755	common_voice_sw_30327661.wav
alikuwa na watumishi watano alikamatwa na kusimamishwa 	female_feminine	5.0835	common_voice_sw_30034553.wav
katikati ya mwaka elfu moja mia tisa na themanini 	female_feminine	6.21565625	common_voice_sw_30123416.wav
kimetawaliwa na teknolojia na utandawazi ambao unapinga 	female_feminine	6.5955	common_voice_sw_30495169.wav
mti mrefu sana 	male_masculine	1.5555	common_voice_sw_36382570.wav
amir habib jamal aliongoza kuanzia tarehe ishirini na sita januari 	female_feminine	5.7675	common_voice_sw_35206727.wav
wamekuwa na uhusiano tangu siku nyingi 	female_feminine	3.7155	common_voice_sw_30717975.wav
hatari hii huweza kudumu kwa takriban miezi miwili 	female_feminine	4.9035	common_voice_sw_28584681.wav
kisiwa hiki kimejaa bata wa aina mbalimbali wa kupendeza 	female_feminine	5.5875	common_voice_sw_29793858.wav
hawa wote walitokea radio tanzania dar es salaam 	female_feminine	3.6075	common_voice_sw_35104873.wav
kufuatilia na kutathimini matumizi ya ruzuku ya serikali za mitaa 	female_feminine	5.5875	common_voice_sw_31283846.wav
mchezaji nyota wa brazil zico alingara sana kipindi hicho 	female_feminine	6.4155	common_voice_sw_29798592.wav
hubaki na maambukizi ya kudumu ya virusi vya homa ya ini 	female_feminine	8.3235	common_voice_sw_30566963.wav
hii haibadilishi ukweli kwamba alikuwa mwanamke wa pekee 	female_feminine	4.9035	common_voice_sw_37220027.wav
timu za uingereza zilikuwa zinacheza kwa vurugu 	female_feminine	3.7155	common_voice_sw_29793926.wav
kwa waingereza na katika makoloni ya uingereza lakini watumwa waliokuwepo walibaki hivohivo 	female_feminine	10.0875	common_voice_sw_37224384.wav
walioishi nyakahanga karibu na kiongozi huyo wa jadi 	female_feminine	5.9475	common_voice_sw_30667172.wav
kujitangaza emir wa najd hapo alivamia ufalme wa hijaz 	female_feminine	5.0475	common_voice_sw_35102793.wav
kutokana na maendeleo ya kijamii na viwandani 	female_feminine	3.8235	common_voice_sw_35123649.wav
utaweza kuwa na mafanikia hivi karibuni 	female_feminine	6.1635	common_voice_sw_30563448.wav
alikuwa katibu mkuu wa muda katika wizara ya elimu zanzibar 	female_feminine	5.9835	common_voice_sw_29848543.wav
katika kugawanyika huko kuna kimachame na kirombo ambacho nacho kinatofautiana 	female_feminine	6.5235	common_voice_sw_30378789.wav
neno kujiuzulu tumesikia watu wengi wakiwa wamejiuzulu kipindi cha nyuma 	female_feminine	5.4075	common_voice_sw_35099877.wav
samia suluhu hassan alisoma stashahada ya uzamili ya uchumi katika chuo kikuu cha manchester 	female_feminine	6.3075	common_voice_sw_36644246.wav
umetabiriwa mara nyingine kwa sababu ya kupungua kwa mapato ya pembezoni 	female_feminine	6.2355	common_voice_sw_29789049.wav
vikosi vya amin na libya vilkitaka kushinda ili kuyarudisha nyuma majeshi ya tanzania 	female_feminine	6.7755	common_voice_sw_30017277.wav
chombo hicho kilikuwa hutengenezwa na magome ya miti na kilitumika 	male_masculine	8.6475	common_voice_sw_31305524.wav
akinyonyesha mtoto maziwa yatoke kwa wingi 	male_masculine	4.6875	common_voice_sw_30114735.wav
alijitolea maisha yake na ujana wake wote katika kupigania haki 	female_feminine	5.3355	common_voice_sw_30364992.wav
wa umeme samaki wanaopatikana katika msitu huo 	female_feminine	4.2555	common_voice_sw_35105123.wav
katika masomo ya sayansi na hisabati waliyapa kipaumbele 	female_feminine	5.8035	common_voice_sw_30126752.wav
zitakuwa ni ndogo mno kwa utafiti wao walioufanya 	female_feminine	4.3275	common_voice_sw_30196512.wav
au labda yanaumiza sana bali wapenzi wenyewe ndio wenye shida hivyo vinajana wanapaswa kutulia 	female_feminine	8.8275	common_voice_sw_30581577.wav
mo dewji alisomea marekani na mpango wake ulikuwa kusalia na kufanya kazi huko 	female_feminine	7.72765625	common_voice_sw_30121917.wav
makampuni hayo yametoa ajira kwa raia wengi wa tanzania 	female_feminine	4.1835	common_voice_sw_29791041.wav
kutokana na kuiuzia kenya bidhaa zake katika mwezi huo 	female_feminine	4.9755	common_voice_sw_37332145.wav
hakuna aliyeamini kuwa pep ataondoka barcelona 	female_feminine	3.3555	common_voice_sw_30363524.wav
watu tisa wameripotiwa kuaga dunia katika tukio hilo 	female_feminine	5.0475	common_voice_sw_34745283.wav
leo hii wakazi wengi kabisa ni warusi 	female_feminine	3.3555	common_voice_sw_29586047.wav
takribani kilomita sabini na tano kaskaziini mwa jiji la daressalaam 	female_feminine	5.3355	common_voice_sw_30377006.wav
hasa anapokula na kucheza na mtoto wake wa kipekee zaidi 	female_feminine	5.5155	common_voice_sw_30202192.wav
za cocaine halisi na vidonge viwili vya dawa 	female_feminine	3.8235	common_voice_sw_35155487.wav
inayofanana na hiyo ya libya na nchi kama cote de voire 	female_feminine	5.7675	common_voice_sw_35176883.wav
nagoma kwenda kuteka maji 	female_feminine	2.7075	common_voice_sw_31996665.wav
karol alimaliza masomo yake ya seminarini 	female_feminine	5.1555	common_voice_sw_30108513.wav
na sasa hata katika ligi kuu za uingereza hispania ufaransa italia ujerumani nakadhalika 	female_feminine	8.5035	common_voice_sw_29626828.wav
hifadhi hii maarufu kwa wanyama jamii ya tumbili wajulikanao kama mbega weusi na weupe 	female_feminine	6.4155	common_voice_sw_30574746.wav
wakati bibi inapofika yeye anapokea mtoto kuwaonyesha watoto 	female_feminine	5.9475	common_voice_sw_29791346.wav
jina hili hutumika pia kwa manyasi marefu yoyote ya maji 	female_feminine	4.7955	common_voice_sw_28584802.wav
dopamineji ambayo hujibia glutamati seli hizi 	female_feminine	6.3075	common_voice_sw_37084057.wav
wakitangaza tu kushikamana nao pia kushirikiana nao 	female_feminine	6.3075	common_voice_sw_30240951.wav
kwa maana raia wa tanzania wanapeleka bidhaa burundi 	female_feminine	5.3355	common_voice_sw_29847267.wav
benki inatoa elimu kwa umma kupitia programu mbalimbali 	female_feminine	7.4955	common_voice_sw_37100697.wav
kufuatana na gudewekko mamake amin ni assa aatte 	male_masculine	7.9635	common_voice_sw_30321919.wav
kukabiliana na mistari yao ni ishara ya kuimba kwa wanawake 	female_feminine	5.2635	common_voice_sw_30196402.wav
pia alipata njozi 	male_masculine	2.9235	common_voice_sw_28690356.wav
tangu vita vya wenyewe kwa wenyewe nchini humo miaka kumi na nne iliyopita takriban 	female_feminine	6.7035	common_voice_sw_35105452.wav
pep alishinda mataji yaliyompa heshima akiwa kocha 	male_masculine	5.7675	common_voice_sw_29961889.wav
masomo yao na wengine kupoteza ndoto zao za maisha 	female_feminine	4.8675	common_voice_sw_30351749.wav
dean alikufa mwaka elfu mbili na tisa 	female_feminine	3.5355	common_voice_sw_35110331.wav
ya nchini hispania aliyekuwa anacheza nafasi ya kiungo mshambuliaji 	female_feminine	6.7755	common_voice_sw_29685965.wav
kazi ya mwenge ni kuwahamasisha watanzania 	male_masculine	2.9235	common_voice_sw_29996826.wav
visiwani zanzibar barani afrika na duniani kwa ujumla wamekuwa na mitazamo tofauti kwa wanawake 	female_feminine	7.0635	common_voice_sw_36389878.wav
atawasili kwa ajili ya kuwasalimia na kuzungumza na wananchi wa gairo 	female_feminine	7.3875	common_voice_sw_35176751.wav
miongoni mwa maajabu hayo ni yale ambayo hutokea nyakati za asubuhi 	female_feminine	4.3275	common_voice_sw_30585339.wav
tukio hilo lilisababisha kuvunjwa kwa kikosi chote cha wanahewa 	female_feminine	4.9755	common_voice_sw_35279258.wav
makao yake ni mjini nairobi kenya 	female_feminine	4.7955	common_voice_sw_29588869.wav
ni mfanyabiashara na mwanasiasa ambaye pia amewekeza katika kandanda 	female_feminine	5.5875	common_voice_sw_30021664.wav
uwezo wa wachezaji huhitajika mara zote katika kutekeleza majukumu yanayotokana na mfumo unaotumika 	male_masculine	6.5235	common_voice_sw_30100150.wav
ee aa aa aondoke wataanza labda 	female_feminine	4.7955	common_voice_sw_35181668.wav
hawajainishwa katika nakala hii tutakuambia sifa 	female_feminine	6.4155	common_voice_sw_36644338.wav
nchi ya peru ilishiriki kombe la dunia 	female_feminine	4.5075	common_voice_sw_29799175.wav
tunaangalia chanzo kikubwa kabisa kilikuwa ni kupinga manyanyaso 	female_feminine	5.6235	common_voice_sw_34826828.wav
nchu akitaka kuanda kunena kwanda huangalia lake 	male_masculine	5.8035	common_voice_sw_32210622.wav
malengo mengineyo yalikuwa ni katika kulinda maslahi ya jamii ya kabila la wamaasai 	female_feminine	7.3875	common_voice_sw_30332061.wav
pamoja na ile bandari ya mtwara kusini mwa nchi 	female_feminine	4.01965625	common_voice_sw_31791996.wav
akiwa shuleni la salle mara kwa mara castro alionekana 	female_feminine	4.5435	common_voice_sw_34977500.wav
katika nadharia mbalimbali za isimu muundo wa kiswahili 	female_feminine	4.7235	common_voice_sw_35279253.wav
watu wenye virusi vya corona kutoka kwa watu walioambukizwa 	female_feminine	6.4155	common_voice_sw_30397706.wav
wilaya imeanzisha na kujenga mradi mmoja mkubwa wa umwagiliaji 	female_feminine	6.97165625	common_voice_sw_30143807.wav
kuumwa kichwa kutetemeka na kuumwa mwili mzima 	female_feminine	4.7595	common_voice_sw_30243091.wav
la kifo na ufufuko wake mwenyewe kitabu kitakatifu cha 	male_masculine	4.6155	common_voice_sw_36383840.wav
nchini sierra leon kikundi cha west side boys 	female_feminine	3.4275	common_voice_sw_37099059.wav
ukiachana na madaraja ambayo yamemtambulisha vilivyo 	female_feminine	4.6155	common_voice_sw_29790200.wav
lilikuwa ni la anglikana ambalo kwa asili ni la uingereza 	male_masculine	5.7675	common_voice_sw_30233640.wav
imejitolea kukuza ukuaji wa muda mrefu katika sekta za baharini na usafirishaji 	female_feminine	6.0555	common_voice_sw_35214535.wav
benzema alikuwa mchezaji wa timu ya taifa na kuiwakilisha nchi yake 	female_feminine	6.4155	common_voice_sw_37085642.wav
mwanadamu akavipa viumbe vyote majina ili aweze kuwafundisha wengine 	female_feminine	6.8835	common_voice_sw_30638441.wav
wapare ni jamii ya kabila la wapare wanapatikana moshi wilaya ya same 	female_feminine	6.46765625	common_voice_sw_30005106.wav
rasmi huwa sherehe za utoaji wa tuzo mbalimbali 	female_feminine	5.5155	common_voice_sw_28581995.wav
mto niger na mto congo bila kusahau mto zambezi 	female_feminine	5.1555	common_voice_sw_30036076.wav
yalichangiwa sana na mfumuko wa bei 	female_feminine	3.5355	common_voice_sw_34943091.wav
uchapakazi wake na uweledi umefanya wengi wazidi kumpenda 	female_feminine	4.5435	common_voice_sw_30439466.wav
hatimaye akakutana na kundi dogo la watu 	female_feminine	3.6075	common_voice_sw_37221428.wav
amekuwa makamu wa rais kwa muhula wote wa kwanza wa rais magufuli 	female_feminine	5.8755	common_voice_sw_30552845.wav
oma ujumbe ambao umetutumia victor karibu asante sana tumepokea ujumbe chungu zima kutoka 	female_feminine	6.4155	common_voice_sw_34958965.wav
kana kwamba najihisi kuwa mtu ambaye 	female_feminine	3.7155	common_voice_sw_37100109.wav
idadi kubwa ya wanafunzi kutoka shule mbalimbali nchini tanzania hutembelea hifadhi hii 	female_feminine	5.8035	common_voice_sw_29793541.wav
samaki aina ya chui wanapatikana katika mto naili pekee barani africa 	female_feminine	4.9035	common_voice_sw_31787959.wav
ni watu wangapi watu gani unawatakia kuwatakia idd 	female_feminine	5.5155	common_voice_sw_35279637.wav
kuna sita za kukwea mlima mlima kilimanjaro hadi kileleni 	female_feminine	4.3635	common_voice_sw_31433790.wav
alipata kuwa mkuu wa kwanza wa shirika hilo lote la mt 	female_feminine	7.5675	common_voice_sw_29013540.wav
reli hii ilikuwa na urefu wa kilomita elfu moja mia mbili arobaini na tano 	female_feminine	4.9035	common_voice_sw_31269936.wav
siku hizi biashara nyingi zinafanyika kupitia mitandao ya kijamii 	female_feminine	4.3635	common_voice_sw_31284669.wav
yatokanayo na matumizi ya madawa ya kulevya kwani ni hatari 	female_feminine	4.7235	common_voice_sw_37093773.wav
lililoendesha shughuli zake kisiri kwa lengo la kuungoa madarakani utawala wa batista 	female_feminine	7.3875	common_voice_sw_30580988.wav
auti yake waziri mkuu wa israel benjamin netanyahu 	female_feminine	7.3875	common_voice_sw_35104288.wav
mama aliulizwa na mganga mwanae ataitwa jina gani alimuambia wewe nitajie tu jina lako 	female_feminine	8.8275	common_voice_sw_30098536.wav
wakati wa misiba sherehe na hata kwenye matukio ya kijamii walisaidiana kwa upendo 	male_masculine	6.7755	common_voice_sw_30091555.wav
upimaji unaweza kutumika kuamua ukali wa kuharibika kwa kusikia 	male_masculine	6.5955	common_voice_sw_28963932.wav
mwalimu mkuu alielekea kwa mama aliyekuwa akiuza vitumbua nje kidogo ya shule 	female_feminine	5.8755	common_voice_sw_30660077.wav
karatasi nyeusi 	female_feminine	2.0955	common_voice_sw_36250933.wav
hakuna chombo chochote cha habari cha tanzania kilichoandika taarifa zozote 	female_feminine	5.2275	common_voice_sw_29793722.wav
katika kitabu cha mwaka wa elfu moja mia nane tisini na nne 	female_feminine	6.0555	common_voice_sw_29789779.wav
nionapo majaribu na mateso 	female_feminine	3.8235	common_voice_sw_34824108.wav
chama ama hicho alikisaidia kukijenga alipokuwa mwanafunzi katika chuo kikuu cha makerere 	female_feminine	7.2435	common_voice_sw_31266553.wav
mfano maeneo ya nchi za jamhuri ya kidemokrasia ya congo 	male_masculine	5.4435	common_voice_sw_30661120.wav
kwa vyanzo tofauti kama vile zifuatazokumwaga kwa viwandakumwaga 	female_feminine	10.0155	common_voice_sw_34597172.wav
yapo makampuni makubwa ya kimataifa yenye uwezo wa mitaji 	female_feminine	4.6155	common_voice_sw_30653869.wav
wakati sultani sayyid said alipoamua kuhamisha makao yake makuu 	female_feminine	6.93565625	common_voice_sw_30105457.wav
mwamubambe alikuwa na jeshi kubwa na wafuasi wengi wenye uwezo wa vita 	male_masculine	4.9755	common_voice_sw_29810749.wav
ndio maana wanawake wameanza kutafuta namna nyingine 	female_feminine	3.7875	common_voice_sw_34906962.wav
familia kumgeuza mtumiaji kutoka njia hatari zaidi za kutumia dawa za 	female_feminine	6.5235	common_voice_sw_35582766.wav
mei kumi elfu moja mia tisa themanini na nane maalim self alikamatwa na polisi 	female_feminine	9.4755	common_voice_sw_30561937.wav
padre paul peter haule alipata daraja takatifu la ushemasi 	male_masculine	6.3435	common_voice_sw_30299454.wav
ilivyo adhimishwa huko jijini bujumbura 	female_feminine	3.7875	common_voice_sw_34748541.wav
baada ya kumaliza kinywaji jacob alisimama na kuangalia picha za ofisini kwa bi anita 	female_feminine	7.3155	common_voice_sw_35183952.wav
husaidia kutofautisha utambuzi kati ya utegemezi pombe na matumizi sugu ya pombe 	female_feminine	7.7835	common_voice_sw_29713637.wav
walipitishwa katika njia hiyo na wakoloni wakati wa vita 	female_feminine	4.4355	common_voice_sw_30028916.wav
utalii husaidia kuongezeka kwa mzunguko wa fedha 	female_feminine	5.4435	common_voice_sw_30350604.wav
tumekukusanyia baadhi ya sababu zinazopelekea watu wengi kupendelea kwenda kutalii mkoa wa tanga 	male_masculine	7.9275	common_voice_sw_29997174.wav
bidhaa zilizokuwa zinazingizwa nje zilipugua kiasi cha kuathiri uchumi 	male_masculine	7.8555	common_voice_sw_30357275.wav
mmiliki wa faili hilo alikuwa ni alberto kito na ndipo jacob akamkumbuka debby 	female_feminine	7.6035	common_voice_sw_35176681.wav
tutarudi kila siku 	female_feminine	2.7075	common_voice_sw_35410254.wav
tanzania haikuwepo hadi aprili ishirini na sita elfu moja mia tisa sitini na nne 	female_feminine	5.5875	common_voice_sw_31285717.wav
a chancellor wa ujerumani angela mickel 	female_feminine	3.6435	common_voice_sw_36617063.wav
kufika wakati walichukue kombe hilo mara tatu mfululizo na ikishalichukua mara tatu mfululizo 	female_feminine	7.9275	common_voice_sw_35103504.wav
kuna aina mbalimbali 	female_feminine	2.4555	common_voice_sw_29620744.wav
kwa mfano nadharia ya utafiti 	female_feminine	3.2835	common_voice_sw_29539276.wav
hadi kufikia mwezi wanane mwaka wa elfu moja amia tisa kumi nasita 	female_feminine	7.1355	common_voice_sw_31284874.wav
ni suala ambalo tulikubaliana tusiliseme kwa mtu yeyote kwa usalama wetu alisema magreth 	male_masculine	5.0475	common_voice_sw_36390524.wav
waargentina walitamba wakiwa na maradona 	female_feminine	3.4275	common_voice_sw_31283812.wav
ini haikuwa bahati yake kama unavyofahamu kifo 	male_masculine	3.9675	common_voice_sw_36252906.wav
mitetemeko yote inayohusiana na milima ya litembo ilijengwa vibanda 	female_feminine	5.8035	common_voice_sw_30193248.wav
vita baridi vilikuwa ni vita ambavyo havikutumia siilaha kama ilivyo kwa vita vingine 	female_feminine	7.1355	common_voice_sw_29959425.wav
yesu alizaliwa na bikira maria kwa uwezo wa roho mtakatifu huko bethlehemu ya uyahudi 	female_feminine	7.2435	common_voice_sw_35171895.wav
nimekula maembe 	female_feminine	2.2035	common_voice_sw_35104983.wav
wanaume wa kichagga hupendelea kufanya kazi mbali na kwao 	female_feminine	5.2275	common_voice_sw_29799296.wav
katika jumuiya isiyo na upendeleo na alikosoa kwa kiasi kikubwa 	female_feminine	6.0555	common_voice_sw_30629401.wav
wilaya ya handeni mkoani tanga lugha yao huitwa kizigua 	female_feminine	4.9755	common_voice_sw_30196669.wav
kupunguza uzalishaji wa mmea na inaweza kuondoa virutubishi vilivyo 	male_masculine	5.5875	common_voice_sw_36382359.wav
katika miji na vijiji vidogo hautawahi kuona wenzi 	female_feminine	4.9035	common_voice_sw_35183859.wav
wanakuja kununua madini hayo ya tanzanite na kuondoka 	female_feminine	5.4075	common_voice_sw_29848312.wav
hivyo wageni na watu wengine waliwatambua watu wa maeneo hayo kuwa ni wadigo 	female_feminine	6.8835	common_voice_sw_30073794.wav
kwa kiasi fulani ukomeshaji wa biashara ya utumwa ulikuwa unamanufaa ya kiuchumi kwao 	male_masculine	10.0155	common_voice_sw_31370831.wav
nahodha wa ghana asamoah gyan alikosa mkwaju wa penati 	female_feminine	7.2435	common_voice_sw_30421123.wav
mkataba wake utaanza mwaka elfu mbili na ishirini 	male_masculine	4.9395	common_voice_sw_30342394.wav
wakati wa vita kuu ya kwanza ya duniaa hakushiriki katika vita ya 	female_feminine	5.8755	common_voice_sw_37096308.wav
badae yanapelekwa katika bandari kwa ajili ya kusafirishwa na kupelekwa bara la ulaya 	female_feminine	7.3875	common_voice_sw_30522596.wav
na jumuiya kimataifa alasan watera 	male_masculine	4.3635	common_voice_sw_36038194.wav
mendi alizaa mtoto mmoja tu munchari na watu hawa hujiitia emendi 	female_feminine	6.1635	common_voice_sw_30585207.wav
ya kupambana dhidi ya maambukizi ya ukimwi na unyanyapaji 	female_feminine	4.3635	common_voice_sw_34906864.wav
ya kwanza ya wakristo chini ya serikali petro ni mfano mzuri wa 	female_feminine	4.1835	common_voice_sw_37090922.wav
kabla ya mechi 	male_masculine	2.4555	common_voice_sw_28669684.wav
na kumi na tano kati ya mia moja waliopata maambukizi ya ini 	female_feminine	5.6235	common_voice_sw_30624004.wav
alikuwa ni rais wa kwanza wa kenyaalizaliwa mwelfu moja mia nane tisini na 	female_feminine	7.5675	common_voice_sw_34746635.wav
alikuwa mkristo tena shemasi wa madhehebu ya kanisa la kiorthodoksi la ethiopia 	female_feminine	6.3435	common_voice_sw_29174916.wav
mongolia yalitangaza pia hali ya vita dhidi ya ujerumani na japani 	male_masculine	4.9035	common_voice_sw_30381641.wav
tarehe kumi na mbili desemba mwaka elfu moja mia tisa sitini na nne 	male_masculine	4.8675	common_voice_sw_36310814.wav
zinaongezeka halmashauri ya mji wa handeni na halmashauri ya wilaya ya handeni 	female_feminine	7.0275	common_voice_sw_30241793.wav
ingawa wakati wa masika barabara zinaweza kutopitika kirahisi 	female_feminine	5.8035	common_voice_sw_30126499.wav
waliwasaidia adui wa adui yao kwa jina la oparesheni 	female_feminine	4.3275	common_voice_sw_30073324.wav
wanaoshukiwa kuwa mstari wa mbele kutekeleza mauaji hayo 	female_feminine	7.2435	common_voice_sw_35105816.wav
hizi ni rangi za bendera ya ethiopia au rangi za umoja wa afrika 	female_feminine	5.9475	common_voice_sw_29589314.wav
kutokana na kitendo hicho mandela na viongozi wenzake walikamatwa 	female_feminine	7.0635	common_voice_sw_30570340.wav
kesho asubuhi nina kazi nyingi ya kufanya 	female_feminine	2.9955	common_voice_sw_35176942.wav
watu walianza kupinga serikali na kuchukua silaha katika sehemu mbalimbali za nchi 	female_feminine	6.0555	common_voice_sw_29611177.wav
katika lugha adhimu ya kiswahili 	female_feminine	2.5635	common_voice_sw_37095422.wav
alianza kukumbana na shida ya ubaguzi wa rangi 	female_feminine	4.5075	common_voice_sw_31333235.wav
ndege huyo hawezi kuruka kutokana na uzito wa mwili wake 	female_feminine	4.3275	common_voice_sw_30022819.wav
kushiriki katika biashara ya siri ya pembe za ndovu kutoka kongo 	female_feminine	5.0835	common_voice_sw_31787696.wav
sekta ya utalii inategemewa kwa kiasi kikubwa sana 	female_feminine	4.5075	common_voice_sw_30378499.wav
dalili hizo zinapodumu kwa muda mrefu nenda ukapime 	female_feminine	4.8675	common_voice_sw_34763181.wav
kwa kawaida mtu mzima huwa na meno thelathini na mbili 	female_feminine	4.9755	common_voice_sw_28584800.wav
baada ya kufika mkoani morogoro ndipo akaanza masomo yake ya awali 	male_masculine	7.4235	common_voice_sw_28694322.wav
anthemius alipata upatikanaji wa chini ya zeno na akaweka kifaa cha mvuke shinikizo 	male_masculine	7.3875	common_voice_sw_30008150.wav
ni salum alfan baruan 	female_feminine	3.1755	common_voice_sw_34597078.wav
simulizi na baadhi ya tafiti zenye mashiko kuwa mtawala wa mwanzo wa kiluguru ni 	female_feminine	6.8475	common_voice_sw_35104065.wav
kuchimba visima vya maji na kuchimba barabara na kadhalika 	female_feminine	4.0035	common_voice_sw_30071965.wav
ngoma hiyo hutumika wakati wa sherehe kama harusi na kadhalika 	male_masculine	6.4155	common_voice_sw_29864110.wav
kuna nyota nyingi katika eneo la kundinyota hili lakini zote si angavu sana 	female_feminine	7.2075	common_voice_sw_29748094.wav
tunaopaswa kufahamu kuhusu madhara ya ugonjwa wa malaria 	female_feminine	4.3635	common_voice_sw_36615626.wav
umoja huo ulianzishwa na mataifa washindi wa vita kuu ya kwanza ya dunia 	female_feminine	6.5235	common_voice_sw_28584468.wav
miaka minane kama makamu wa rais wa reagan bush alijaribu kwa mara nyingine tena 	female_feminine	5.7675	common_voice_sw_34958811.wav
si fukwe tu bali zanzibar kuna vivutio vingi vya asili 	female_feminine	5.4435	common_voice_sw_34979425.wav
zimekuwa zikiwavutia viongozi mbali mbali kama vile 	female_feminine	4.3635	common_voice_sw_35279541.wav
nitasafiri wiki ijayo 	male_masculine	2.8875	common_voice_sw_37097996.wav
hna amesema kuwa aliamua kuchukua hatua ya kushauriana na serikali ya iran 	female_feminine	6.4875	common_voice_sw_35104865.wav
kikanisa lina majimbo ya bubanza na bururi chini yake 	female_feminine	4.8675	common_voice_sw_29664188.wav
kwa upande wa vijana huku ndiko maombolezo 	female_feminine	4.9035	common_voice_sw_30098008.wav
mzee mwinyi kabla hajatawala tanzania alikuwa visiwani 	female_feminine	4.9035	common_voice_sw_30326925.wav
vilevile misitu yenye mandhari mazuri yenye kupendeza 	female_feminine	3.8955	common_voice_sw_31285983.wav
wa maji ya mto huu umeundwa na mto 	male_masculine	4.1475	common_voice_sw_37090149.wav
matendo ya chuki ni tofauti na matendo ya kibinafsi 	female_feminine	4.6155	common_voice_sw_28584922.wav
nilijikuta nauliza bila kupata majibu yake 	female_feminine	4.4355	common_voice_sw_30718368.wav
katika mwamba ukristo uko afrika katika wingi wa madhehebu 	female_feminine	3.7155	common_voice_sw_37096519.wav
hawezi mwingine kunifaa 	female_feminine	2.8155	common_voice_sw_35103681.wav
watapata ajira ama kufanikiwa katika baadhi ya mambo waliyoyataka 	female_feminine	7.3875	common_voice_sw_30173742.wav
kuna unyanyapaaji wa watu wanaojihusiana na mapenzi ya jinsia moja 	male_masculine	5.2275	common_voice_sw_36067409.wav
mbuga zote za wanyama nchini zina wanayama wakubwa 	female_feminine	4.2555	common_voice_sw_30023548.wav
kuikaribia miili ya wapendwa wao wakati wa mazishi 	male_masculine	4.2555	common_voice_sw_37095040.wav
alikuwa na urefu wa sentimita mia moja na tisini 	male_masculine	4.5435	common_voice_sw_29938392.wav
zao na desturi zao lakini baada ya muda wamisri waliona 	female_feminine	5.3355	common_voice_sw_36039511.wav
guardiola aliamua kupumzika kufundisha soka 	male_masculine	5.2635	common_voice_sw_29905898.wav
elimu hii iliwasaidia kupambana na changamoto za familia na kudumisha amani na upendo 	female_feminine	6.3435	common_voice_sw_30022076.wav
kazimzumbwi ina ukubwa wa takribani hekta elfu tatu 	female_feminine	5.3355	common_voice_sw_29925055.wav
kabila kubwa ni lile la wasukuma 	female_feminine	4.4355	common_voice_sw_28669853.wav
nadhani katika mataifa mengine itakuwa ni hivo 	female_feminine	4.4355	common_voice_sw_37083983.wav
wadudu hao hawana mabawa lakini wanaweza kuruka mbali sana ikilinganishwa na ukubwa wao 	female_feminine	8.1075	common_voice_sw_29594614.wav
tangu wakati huo hali yake ya kiafya haikuwa nzuri 	female_feminine	4.5075	common_voice_sw_29235518.wav
ni madhara na maovu yake yote 	female_feminine	4.2555	common_voice_sw_34597853.wav
ukilizungumzia swala hili mahala fulani watu wanaweza kukuona muongo 	female_feminine	5.6955	common_voice_sw_30316831.wav
baba yake alikuwa mfalme wa poland 	female_feminine	4.0755	common_voice_sw_29259453.wav
chukua hatua ambazo hazita tuadhiri na wakati huo huo 	female_feminine	5.0835	common_voice_sw_35183804.wav
ni bandari ya kilwa masoko katika eneo la tanganyika pia 	female_feminine	5.2275	common_voice_sw_30054580.wav
chelsea inamtaja didier drogba kama mchezaji wao bora sana kwenye kikosi 	female_feminine	6.7755	common_voice_sw_30574522.wav
kwasababu gharama za uendeshaji wa vita zilikuwa kubwa 	female_feminine	4.0755	common_voice_sw_31285711.wav
mapema karne ya kumi na tano nyumba mpya za mawe ziliendelea kujengwa 	female_feminine	8.1075	common_voice_sw_30573691.wav
kwa hiyo lugha imetoweka kabisa kwa sasa 	female_feminine	3.9675	common_voice_sw_28804143.wav
waziri mkuu majaliwa tarehe kumi na tisa novemba elfu mbili na kumi na tano 	male_masculine	5.7315	common_voice_sw_30363041.wav
bila kusahau umuhimu wake katika sekta nyingine mbalimbali 	female_feminine	5.5155	common_voice_sw_30379332.wav
liandikwalo ndiyo liwalo 	female_feminine	2.9235	common_voice_sw_34943415.wav
umri wake wa kuishi ni miaka sitini 	female_feminine	3.4275	common_voice_sw_29792189.wav
ilitungwa sheria ya usalama wa raia ilyopelekea kupigwa marufuku 	female_feminine	5.1555	common_voice_sw_29923596.wav
miaka kumi imepita tangu guardiola aondoke barcelona 	male_masculine	4.7235	common_voice_sw_30133525.wav
hadi hapa maendeleo ya vikosi vya maungano yalikuwa na matatizo mengi 	female_feminine	6.1635	common_voice_sw_29246480.wav
ukame huo huathiri sana mifugo ya jamii hiyo 	female_feminine	7.0275	common_voice_sw_30568025.wav
sana kwa sababu kilimo chao ni cha mazao ya kudumu kama kahawa na ndizi 	female_feminine	5.1555	common_voice_sw_35181902.wav
kwa kawaida makabila mengine yote ya wafugaji ukiwatoa wasukuma 	female_feminine	7.4595	common_voice_sw_30274994.wav
elfu moja mia nane na nne aliimarisha utawala wa omani 	female_feminine	4.9035	common_voice_sw_30343093.wav
chatu wenye uwezo wa kupanda miti waneifanya tarangire kuwa ya kipekee 	female_feminine	7.6755	common_voice_sw_30375760.wav
wanaishi huko indonesia papua new guinea na australia ya mashariki 	male_masculine	5.0475	common_voice_sw_28663206.wav
zina tabia za kufanana 	female_feminine	2.8875	common_voice_sw_29749169.wav
amepata mapendekezo kadhaa ambayo 	female_feminine	3.4635	common_voice_sw_36364190.wav
yeye ni wa kwanza kuzaliwa kutoka katika familia ya watoto watano 	female_feminine	6.3435	common_voice_sw_28672760.wav
benki kuu ya tanzania ina muundo wa bodi yake 	female_feminine	3.8235	common_voice_sw_35103847.wav
sekta binafsi zinahitaji kufunguliwa milango ya mikopo na mitaji 	female_feminine	6.5955	common_voice_sw_29793861.wav
watoto awa waandika uzuri 	male_masculine	2.7075	common_voice_sw_31940453.wav
ni mwigizaji filamu wa kike wa nigeria pia ni mwongozaji wa filamu na mwanamitindo 	female_feminine	8.3235	common_voice_sw_29645006.wav
magamba ni makubwa kiasi 	male_masculine	3.0675	common_voice_sw_28682667.wav
wakapoteza vitu vyao ndani ya umoja wa afrika kitaifa tanganyika na serikalini pia 	female_feminine	6.7035	common_voice_sw_30035368.wav
kasi ya harakati inategemea na tabia za mwamba unaopatikana 	female_feminine	6.8835	common_voice_sw_29262332.wav
wakati msitu wa amazon ukiongoza kwa ukubwa duniani unafuatiwa na msitu wa kongo 	male_masculine	7.6755	common_voice_sw_29997109.wav
kazi za sanaa zinapatikana jijini 	female_feminine	4.7955	common_voice_sw_29702950.wav
ee vimeitisha maandamano jijini kampala na kwingineko ili kuishinikiza tume ya uchaguzi mkuu 	male_masculine	10.4835	common_voice_sw_36299854.wav
historia ya binadamu katika ethiopia ilianza mapema kabisa 	male_masculine	4.5075	common_voice_sw_28681690.wav
imeongeza kasi ya kutoa fedha kwa wateja 	female_feminine	3.6075	common_voice_sw_35104248.wav
pep guardiola aliweza kubadili staili ya bayern munich 	female_feminine	5.2635	common_voice_sw_30336377.wav
kipindi cha kiangazi au ukame wanyama hujipatia hifadhi ya maji kupitia magome ya mibuyu 	female_feminine	7.9275	common_voice_sw_29925923.wav
jitihada zinachukuliwa hivi sasa kuwawezesha kupata utaalamu bora 	female_feminine	4.7235	common_voice_sw_34958972.wav
mumewe bwana boi selemani alipewa kadi namba kumi na tano 	male_masculine	6.2355	common_voice_sw_30575344.wav
akipokea hundi hiyo mtendaji mkuu wa simba barbara gonzalez 	female_feminine	6.5955	common_voice_sw_30034026.wav
ndege ya kwanza iliyokodiwa na wizara ya mambo ya nchi za nje ya ufaransa 	female_feminine	5.8755	common_voice_sw_35272536.wav
watu wenye mamlaka walikusudia kuangamiza kundi 	female_feminine	4.8675	common_voice_sw_34598249.wav
ni kwenye bonde la mto nile kaskazini mwa ziwa turkana 	female_feminine	4.2555	common_voice_sw_31585112.wav
lincoln alikowahi kusoma mwenyewe na kilichokuwa chuo kwa waamerika weusi nkrumah angependelea kusoma london 	female_feminine	8.8635	common_voice_sw_35214600.wav
pili kushirikiana katika kula kunachochea ushirikiano katika mambo mengine 	female_feminine	6.5955	common_voice_sw_29788356.wav
alikuwa anapenda kusaidia kazi mbalimbali za nyumbani 	female_feminine	4.2555	common_voice_sw_30058995.wav
bayern munich wamebeba ubingwa wa ujerumani mara tisa mfululizo 	female_feminine	5.2275	common_voice_sw_29797526.wav
ni kwamba wananchi vile wanachukulia uchaguzi 	female_feminine	3.4275	common_voice_sw_35156580.wav
unapata sasa mwelekeo kwa sababu wananchi wengi wakishajua matatizo muziki 	female_feminine	5.8035	common_voice_sw_35056440.wav
huu unatumika kuzuia waumini wa dini nyingine zote 	female_feminine	4.7235	common_voice_sw_37215064.wav
indi cha siasa cha kampeni kama hii baada ya hapo wanatuweka pembeni 	female_feminine	7.4235	common_voice_sw_35099299.wav
ronaldo ndiye mchezaji aliyefunga mabao kwenye kila michuano duniani 	female_feminine	5.8755	common_voice_sw_30327759.wav
kama walihubiri nchi hizo za afrika kaskazini zilikuwa tajiri hali 	female_feminine	5.3355	common_voice_sw_34944119.wav
uliopo tunapozungumza juu ya uchafuzi wa mazingira tunazungumzia 	female_feminine	6.1275	common_voice_sw_37225640.wav
sengimba mkubwa aliwazaa kilemaganga na mkwawa pia mpangile 	female_feminine	4.7235	common_voice_sw_29794184.wav
ujenzi wa nyumba hufanyika kwa ushirikiano mkubwa sana 	female_feminine	4.6155	common_voice_sw_30357297.wav
wanasiasa wa wakati huo waliona fursa kwa obote kuweka mwanzo mpya 	male_masculine	7.7835	common_voice_sw_31433729.wav
wakishiriki michezo tofauti mbele ya viwanja visivyo na mashabiki 	female_feminine	6.4155	common_voice_sw_30227207.wav
bayern wakashinda makombe yote msimu huo 	female_feminine	3.80365625	common_voice_sw_31461746.wav
kijamii ya kiutu uzima kwa wakati unaotazamiwa 	female_feminine	4.6875	common_voice_sw_34942763.wav
vigumu kwenda haja ndogo na hii pia umeleta utata thelathini na tisa ukeketaji ni 	female_feminine	7.3155	common_voice_sw_35182024.wav
ni kisiwa cha utalii 	male_masculine	3.2835	common_voice_sw_29576576.wav
kutoka pwani hadi pale msafara ulipolenga hata ziwa 	female_feminine	5.1555	common_voice_sw_34598133.wav
ningependa kuwapongeza sana sana kwanza kwa kuibuka mabingwa na ligi kuu 	female_feminine	5.9475	common_voice_sw_30434539.wav
wakati wakipambana na abushiri kule pangani katika mkoa wa tanga 	female_feminine	6.75565625	common_voice_sw_30105022.wav
ni wanyama wanaoongoza kutazamwa na watalii katika hifadhi zote 	female_feminine	6.4155	common_voice_sw_29924935.wav
utawa mkubwa zaidi ni ule wa wafransisko ambao unaitwa utawa wa tatu wa mt 	male_masculine	7.6755	common_voice_sw_28814042.wav
aliyeitawala uingereza kuanzia mwaka elfu moja mia nane na themanini na saba 	female_feminine	5.4075	common_voice_sw_29792126.wav
bandari ya beila na maputo katka taifa la msumbiji 	female_feminine	6.1275	common_voice_sw_29793878.wav
kuna aina ya chura wanaopatikana jozani na hawapatikani dunia nzima 	female_feminine	5.0835	common_voice_sw_35183724.wav
wakaomba msaada kutoka kwa waluguru ambao walituma vijana kuwasaidia 	female_feminine	5.2275	common_voice_sw_30026175.wav
unafitinisha wenzako we hujali utu 	female_feminine	4.2555	common_voice_sw_35582611.wav
huwa hawaondoki na wanaweza kukaa kwako hata mwezi wanatambika tu 	female_feminine	4.9035	common_voice_sw_30075275.wav
uchumi hutegemea misaada kutoka ufaransa 	female_feminine	4.1475	common_voice_sw_29684576.wav
si kila kitivo cha uandishi wa habari inaruhusu mazoezi ya kina 	female_feminine	4.7955	common_voice_sw_29797481.wav
biashara ya utumwa ilikuwa biashara iliyodhalilisha utu wa binadamu hasa waafrika 	female_feminine	6.3795	common_voice_sw_29948831.wav
eneo hilo limekuwa kivutio kikubwa cha watu kwenda kufanya matambiko 	female_feminine	4.7955	common_voice_sw_31405983.wav
usiku upepo unavuma kutoka juu kuelekea chini 	female_feminine	3.2835	common_voice_sw_30585336.wav
ilivisa kama hivi visiwahi tokea tena 	female_feminine	3.8235	common_voice_sw_34745860.wav
ufaransa walikuwa mabingwa kombe la dunia 	female_feminine	4.7955	common_voice_sw_29798054.wav
chakula chao kikuu ni aina mbalimbali za mimea 	female_feminine	4.9035	common_voice_sw_28718746.wav
katiba ya mwaka elfu moja mia tisa sitini na mbili ndiyo ilitungwa na watanganyika 	female_feminine	4.7235	common_voice_sw_29923252.wav
kitamaduni wanaume huwa walikuwa wanategemewa kutoa vitanda vyao kwa mgeni mwanaume 	female_feminine	6.9555	common_voice_sw_35103849.wav
kuna pia chuo kikuu na askofu wa kanisa la kilutheri 	female_feminine	5.3355	common_voice_sw_28672982.wav
uchaguzi mkuu wa tanzania unahusisha vyama vingi 	male_masculine	3.7155	common_voice_sw_30182046.wav
na mengine mengi ikiwemo na shughuli za uchimbaji wa madini 	female_feminine	4.9035	common_voice_sw_30123743.wav
mwaka elfu mbili na ishirini inayoendelea kwenye majiji kumi na moja barani ulaya 	female_feminine	6.7755	common_voice_sw_35106231.wav
usafi wa mazingira hutumiwa kama kiashiria kwa lengo la kuelezea malengo ya milenia 	female_feminine	8.8635	common_voice_sw_34597365.wav
ee iwasaidie watu wake kwamba inapofikia stage 	female_feminine	4.7235	common_voice_sw_37098275.wav
wala hakuagiza taarifa rasmi juu ya maisha yake 	female_feminine	4.3635	common_voice_sw_30442897.wav
hifadhi yenyewe na msitu wa maji wa ardhini 	female_feminine	3.6435	common_voice_sw_29970303.wav
wanyama hao wametengwa kwenye maeneo maalumu kulingana na aina zao 	female_feminine	6.4875	common_voice_sw_30205439.wav
maonesho hayo yanashirikisha nchi takribani ishirini 	female_feminine	5.4435	common_voice_sw_30660108.wav
alikua miongoni mwa watu mia moja wenye ushawishi zaidi 	female_feminine	4.9755	common_voice_sw_30574386.wav
maambukizi ya virusi vya homa ya ini ndio sababu kuu ya shida kwenye ini 	female_feminine	5.7675	common_voice_sw_30351485.wav
karume alikuwa chachu katika kuleta jina la timu ya simba 	female_feminine	5.4075	common_voice_sw_30196916.wav
wakiamini kwamba ana uwezo wa kuona kila kitu 	female_feminine	5.2275	common_voice_sw_30379311.wav
hakuna uhakika juu ya mwaka na mahali alikozaliwa amin mwenyewe hakuandika kumbukumbu ya maisha 	female_feminine	6.8835	common_voice_sw_34895982.wav
hadi msimu ulipokwisha akajiweka kando na soka 	female_feminine	4.1475	common_voice_sw_30653693.wav
wanaakiolojia wamegundua zana za mawe zilizotumika miaka milioni mbili 	male_masculine	5.8755	common_voice_sw_30183055.wav
kiongozi wa zanzibar alikodisha eneo la pwani 	female_feminine	4.0755	common_voice_sw_29797572.wav
huyo ni mwanasheria kutoka nchini kenya cyprian nyamwamu akizungumza kutoka dar es salaam 	female_feminine	7.1355	common_voice_sw_36644677.wav
hujitambulisha katika jamii kupitia mapambo ya mwili na uchoraji 	female_feminine	7.2435	common_voice_sw_30572952.wav
pep amepata heshima kubwa katika ulimwengu wa soka 	female_feminine	3.7875	common_voice_sw_30079210.wav
makundi hayo ni waluguru wanaoishi milimani 	female_feminine	6.4155	common_voice_sw_29789287.wav
jumbe aliteuliwa na baraza la mapinduzi kuchukua nafasi yake 	female_feminine	5.8035	common_voice_sw_29925460.wav
nchi tofauti wacha tumaini kwamba mwishowe waturuki wa 	female_feminine	3.9675	common_voice_sw_35279643.wav
lilijengwa na mwarabu tajiri abdallah selemani marhabi 	female_feminine	5.6955	common_voice_sw_30175716.wav
baada ya kuchukua nafasi ya kumi mwaka elfu mbili na kumi na saba 	female_feminine	5.9475	common_voice_sw_30048365.wav
neno msaragambo linamaanisha mfumo uliokubaliwa na jamii katika kitongoji 	female_feminine	6.8475	common_voice_sw_29943891.wav
kwa kuongezea wamesheki wenyewe hujiita waturuki wa akhaltsikhe 	female_feminine	8.8635	common_voice_sw_35181987.wav
giza inaanza na usiku huendelea hadi septemba 	female_feminine	4.5435	common_voice_sw_28703910.wav
ninyi ni wakina nani na ndipo watu hao walipojibu turi abhaha 	female_feminine	6.82765625	common_voice_sw_30122628.wav
albamu yake ya hivi karibuni ijulikanayo kama heshima ilipata nafasi 	female_feminine	4.9035	common_voice_sw_35221610.wav
rukia ananukia 	female_feminine	2.8155	common_voice_sw_35587895.wav
sherehe zinapoanza huwa wanatoka ndani na vichwa vyao hunyolewa 	female_feminine	5.81965625	common_voice_sw_30079585.wav
mikoa ya northern ireland iliendelea kuwa sehemu za ufalme wa muungano 	female_feminine	6.3435	common_voice_sw_28698952.wav
plasmodiam kutoka kwa mtu mmoja hadi mwingine 	female_feminine	6.8475	common_voice_sw_30327026.wav
wanyama kadhaa wanapatikana katika msitu unaozunguka mlima kilimanjaro 	female_feminine	6.5955	common_voice_sw_29925963.wav
wajerumani wakaanza kumpigia pep kelele 	female_feminine	4.3635	common_voice_sw_30176945.wav
hata leo ni kati ya makabila fukara zaidi nchini tanzania 	female_feminine	4.5435	common_voice_sw_29922646.wav
wakati wa kurudi alipatwa na mvua ya radi mvua kali ya radi 	male_masculine	6.5235	common_voice_sw_29844323.wav
kwa njia ya magavana na wanajeshi wake 	female_feminine	3.2835	common_voice_sw_35183794.wav
yenye urefu wa mita elfu mbili mia tisa sitini na mbili 	female_feminine	5.9835	common_voice_sw_35182127.wav
kiaskofu wakati wa karne za kati yaliona afadhali kuendelea bila cheo 	female_feminine	5.7675	common_voice_sw_35099569.wav
kulikuwa na muungano wa vyama vingi chini ya uongozi wa rais mwai kibaki 	female_feminine	7.0275	common_voice_sw_35104809.wav
zilichangia sana mafarakano monasteri ya khor virap karne ya saba ikiwa 	female_feminine	7.6035	common_voice_sw_35409322.wav
huyu alikuwa papa wa kwanza anayejulikana kwa kufanya hivyo 	male_masculine	4.4355	common_voice_sw_28683299.wav
unatakiwa kuamini kwamba wewe ni mrembo 	female_feminine	3.7875	common_voice_sw_29924160.wav
hatua izo zilihusisha kuwaachilia huru watumwa ndani ya meli zinazokamatwa 	female_feminine	6.1275	common_voice_sw_29939423.wav
nyanda za juu kaskazini katika mamlaka ya hifadhi ya ngorongoro 	male_masculine	6.4515	common_voice_sw_30117869.wav
wengi wao wanaishi kwa kushirikiana na wamasai kama tabaka la chini 	female_feminine	6.5235	common_voice_sw_29350718.wav
messi alifanya kila mbinu kuinusulu timu 	male_masculine	5.2635	common_voice_sw_30200638.wav
hata hivyo kuna vituo vya afya na maabara ya watu binafsi pia 	female_feminine	5.4075	common_voice_sw_28689160.wav
na mama yake alikuwa mama wa nyumbani 	female_feminine	3.5355	common_voice_sw_30175983.wav
mwenyewe aliposema kwamba wafuasi wake ni chumvi ya dunia 	female_feminine	4.8675	common_voice_sw_35442342.wav
jinsi na namna alivyomjua bibi titi mohamed 	male_masculine	4.7235	common_voice_sw_30671202.wav
tembea nami baba 	female_feminine	3.0675	common_voice_sw_34833923.wav
karibu miaka mia tatu iliyopita wa wazungumzao kinailoti kutoka sudan 	female_feminine	6.7755	common_voice_sw_30640476.wav
ndege ya kwanza ilipanga kuondoka mwezi wa nne 	female_feminine	4.7955	common_voice_sw_35123763.wav
ni kwamba hata marekani yenyewe itakuwa katika hatihati 	male_masculine	3.9675	common_voice_sw_36310638.wav
wengi wa nyumbu hawakuvuka juni kama ilivyo kawaida kutokana na moto uliowashwa porini 	male_masculine	6.1275	common_voice_sw_29941625.wav
wataalamu wanaona asili ya nguruwe kwenye mabara ya afrika asia na ulaya 	female_feminine	5.9475	common_voice_sw_28583855.wav
vibaya ikiwa ni pamoja na kuvunjika miguu yote walinzi wa hoteli hiyo walikimbilia eneo 	male_masculine	8.8275	common_voice_sw_34764209.wav
kwa upande wa mashariki kusini inapakana na wilaya za kibaha na kinondoni 	female_feminine	5.6235	common_voice_sw_30378754.wav
katika vitabu vyake na uinjilishaji uliendelea katika ulaya ya kati 	male_masculine	6.7755	common_voice_sw_34751043.wav
wengi wanaujua zaidi mlima kilimanjaro kutokana na upekee wake katika bara la afrika 	female_feminine	6.5235	common_voice_sw_29818344.wav
mwanafamilia anayezaliwa husajiliwa na anayekufa pia huwekwa kwenye daftari ljeusi la wafu ambalo kila 	female_feminine	8.3235	common_voice_sw_35056452.wav
ana majuto baada ya kuacha shule 	female_feminine	2.5275	common_voice_sw_36642666.wav
kuishi chini ya waarabu waislamu ilibidi walipe madeni yaliyoachwa nyuma 	female_feminine	5.8035	common_voice_sw_37099353.wav
wahujumu uchumi walitupa vyakula magunia kwa magunia 	female_feminine	4.6155	common_voice_sw_29791785.wav
kubainisha makundi ya jamii hizo lakini muingiliano bado haujapata ufafanuzi makini 	female_feminine	7.7835	common_voice_sw_35161019.wav
amekuwa kiongozi bora kwa kila mtu hapa nchini 	male_masculine	4.1475	common_voice_sw_31409242.wav
kanisa katoliki pamoja na mfalme mkuu wa ujerumani walijaribu kugandamiza wafuasi wa luther 	female_feminine	8.1075	common_voice_sw_30074703.wav
jacob alitua kwenye maji ya mto jirani na ukingo sehemu kulipokuwa na kisiki 	female_feminine	6.8475	common_voice_sw_35103447.wav
kutokana na imani hiyo watu walitupa uchawi wote na taka nyingine kisha wakaingia 	male_masculine	7.40365625	common_voice_sw_30631294.wav
mtaa wa congo na mtaa wa tandamti 	female_feminine	5.5875	common_voice_sw_30567976.wav
yote wanahimizwa kubatizwa kwa maji ili kuzaliwa upya kadiri ya 	female_feminine	6.5235	common_voice_sw_35183982.wav
siyo kazi rahis timu kucheza fainali ya kombe la mabingwa ulaya 	female_feminine	5.4075	common_voice_sw_31284379.wav
hii ilisababishwa na bishara ya watumwa ambapo kwa kiasi kikubwa ilifanyika kilwa 	female_feminine	6.3075	common_voice_sw_30023972.wav
kutoka hapa alishirikiana na obote katika hatua za kuimarisha utawala 	female_feminine	5.4075	common_voice_sw_30658917.wav
kihistori brazil iliwahi kutawaliwa na wareno 	male_masculine	3.7875	common_voice_sw_29788774.wav
nchini tanzania afisa mtendaji wa kata huitwa katibu kata 	female_feminine	5.4075	common_voice_sw_29258950.wav
flamingo wazuri warefu wanapatikana ndani ya bonde la ngorongoro 	female_feminine	4.1475	common_voice_sw_31596910.wav
masuala ya jando na unyago yalikuwa ya kawaida sana 	female_feminine	5.2275	common_voice_sw_30002197.wav
akapewa kadi namba kumi na sita na mumewe bwana boi selemani 	female_feminine	6.4155	common_voice_sw_30030342.wav
mahakama pia inatoa mfumo wa kutatua migogoro 	female_feminine	4.7235	common_voice_sw_28584842.wav
misitu ya asili ni misitu ambayo huota yenyewe bila kupandwa na binadamu 	female_feminine	5.3355	common_voice_sw_31446523.wav
majeshi ya upinzani dhidi ya serikali ya kongo 	female_feminine	4.0755	common_voice_sw_30177277.wav
hispania ilifungwa mabao matano kwa moja dhidi ya uholanzi 	female_feminine	4.9755	common_voice_sw_29798448.wav
kuna uwezekano mkubwa wa kujikunja kwa kucha pembeni 	female_feminine	4.0035	common_voice_sw_29791201.wav
ndege wa kuvutia wanalipamba ziwa hilo wakiruka huku na kule 	female_feminine	6.4875	common_voice_sw_30573583.wav
uchaguzi wa vyama vingi vya kisiasa desemba mwaka elfumoja miatisa tisini na mbili 	female_feminine	6.5235	common_voice_sw_29811527.wav
kabila hilo limemezwa na makabila mengine 	female_feminine	4.0755	common_voice_sw_29923545.wav
na shirika la marekani la dawa za kulevya kwa pamoja zilitoa 	female_feminine	5.5875	common_voice_sw_37212146.wav
magonjwa ya mlipuko yanaweza kusambaa kutoka kwa wanyama kwenda kwa binadamu 	male_masculine	4.8675	common_voice_sw_30631316.wav
hatuwezi kusema tuna usawa wa kijinsia wakati bado hatujaweza kuchaguliwa na watu 	female_feminine	8.0355	common_voice_sw_29925228.wav
vya habari sioni ushujaa wowote bali amevuna matunda ya kazi yake na siasa za 	female_feminine	6.6675	common_voice_sw_35409919.wav
karamu hii hufanywa na wazazi au wajomba wa mama aliyejifungua 	female_feminine	7.0635	common_voice_sw_30304015.wav
karibu na ziwa viktoria kuna tambarare yenye mafuriko 	female_feminine	4.6875	common_voice_sw_30366214.wav
mwaka elfu moja mia tisa sabini na tano field marshal 	female_feminine	4.3275	common_voice_sw_31787719.wav
wakati wa ukoloni malkia alituma wapelelezi wake kuja afrika 	female_feminine	5.8035	common_voice_sw_30054424.wav
kuboreshwa kwa msikiti mkubwa na kujengwa kwa soko la husuni ndogo kulipofanyika anasema mtemi 	female_feminine	7.2435	common_voice_sw_35222183.wav
wachezaji wengi wanatamani sana kushiriki kombe la dunia 	female_feminine	5.4435	common_voice_sw_30090911.wav
spishi hii ina spishi nyingine nne ndani yake 	female_feminine	4.8675	common_voice_sw_29259670.wav
njia iliyo rahisi na maarufu zaidi ni ile ya kuanzia lango la marangu 	female_feminine	5.6955	common_voice_sw_31445762.wav
kuna siku saba kwa wiki 	male_masculine	2.5275	common_voice_sw_36319765.wav
kufanya uchunguzi wake wa uandishi wa habari 	male_masculine	4.5075	common_voice_sw_30149363.wav
yalivyopakana kwa mfano kivunjo kinafanana na kioldimoshi vile vile kisiha kinafanana sana na kimachame 	female_feminine	8.2875	common_voice_sw_35214573.wav
watu walikuwa wanasema kuwa viumbe wa ajabu wapo usiku 	female_feminine	5.8035	common_voice_sw_30378658.wav
ikumbukwe kwamba kuna takriban zaidi ya silaha laki tano hadi million moja ambazo hazijulikani 	female_feminine	8.0355	common_voice_sw_37225843.wav
pep alifanikia kuliteka soka la hispania 	female_feminine	4.7235	common_voice_sw_31284558.wav
gharama ya kupunguza uchafuzi wa hewa ya kwanza ikiwa 	male_masculine	4.5075	common_voice_sw_37084717.wav
tamasha hili linatajwa kwamba liliweka misingi mipya ya bongo fleva 	male_masculine	7.6035	common_voice_sw_34751057.wav
mtemi wa same mohammedi kibacha singo aliacha uongozi baada ya mila za jadi kusitishwa 	female_feminine	5.9835	common_voice_sw_30582055.wav
watu wana mang amuzi tofauti juu ya mwelekeo wao wa kimapenzi 	female_feminine	6.7035	common_voice_sw_29615110.wav
ukisikia mtu anakwambia amepatwa na msiba basi tambua ya kuwa anaujua uchungu 	male_masculine	5.9475	common_voice_sw_29937874.wav
basi thoma alipendekeza mtazamo mpana na lenye tumaini kuhusu akili ya binadamu 	female_feminine	7.3155	common_voice_sw_28883777.wav
hali halisi kuna umbali mkubwa kati yao 	female_feminine	3.8955	common_voice_sw_28927019.wav
mkapa alikuwa na umri wa miaka themanini na moja 	male_masculine	4.7235	common_voice_sw_29993108.wav
sango ya mawa ya papy texaliyekuwa rafiki yake wa karibu 	female_feminine	7.4955	common_voice_sw_30717978.wav
ya watu ambao hawakuwa wamevaa barakoakitendo hicho kwa wakosoaji wake kilimweka katika kundi 	female_feminine	7.6035	common_voice_sw_35206744.wav
mwezi septemba mwaka jana rais joseph kabila wa jamhuri kidemokrasi ya congo drc 	female_feminine	7.0275	common_voice_sw_35774936.wav
hapo ilionekana haja ya kupanga ziara kwenye makanisa mbalimbali 	female_feminine	6.5235	common_voice_sw_29924872.wav
milima tisa kati ya kumi mirefu zaidi nchini ipo katika mikoa miwili tu 	female_feminine	5.6955	common_voice_sw_30364561.wav
vijana wakizanzibari kama at rico single off side trick na wengineo walianza 	female_feminine	7.2075	common_voice_sw_35107653.wav
kwa kawaida hutokana na maambukizi 	female_feminine	2.7435	common_voice_sw_28583187.wav
timu kubwa zote hazina pesa kwa kioindi hiki 	female_feminine	4.6155	common_voice_sw_29794062.wav
wapare wengine wanaishi katika maeneo mbalimbali 	female_feminine	4.3635	common_voice_sw_30176574.wav
baada ya shughuli hiyo ya kuogeshwa watoto hao huveshwa nguo mpya 	male_masculine	5.4075	common_voice_sw_29936581.wav
tetere ni mtu wa usalama kama yeye 	female_feminine	3.6075	common_voice_sw_35774712.wav
hayati dkjohn joseph pombe magufuli kwa hakika tutakukumbuka kwa mengi uliyoyafanya 	male_masculine	7.0995	common_voice_sw_30574503.wav
imepakana na uswisi na austria 	female_feminine	4.5075	common_voice_sw_29778817.wav
cristiano ronaldo ni mreno mwenye asili ya brazil 	female_feminine	4.9035	common_voice_sw_29792369.wav
aliimarisha utawala wa omani juu ya pwani ya afrika ya mashariki 	female_feminine	7.9635	common_voice_sw_30567963.wav
katika uhuru wa vyombo vya habari hivi sasa liko katika mtanziko 	female_feminine	4.7235	common_voice_sw_35146473.wav
wazazi na marafiki wakiwa wamewabeba watoto wao wakielekea kanisani 	female_feminine	6.7035	common_voice_sw_30558988.wav
watu wengi wanajifunza mambo mbalimbali kwenye maonesho 	female_feminine	4.9035	common_voice_sw_30176824.wav
joseph bruce aliitelekeza meli yake ya titanic 	female_feminine	4.5435	common_voice_sw_37088035.wav
karim mostafa benzema amezaliwa tarehe kumi na tisa mwezi wa kumi na mbili 	female_feminine	6.7035	common_voice_sw_36039841.wav
hivyo aliuondoa uhuru katika nafasi ya kiongozi wa upinzani bungeni 	female_feminine	5.8035	common_voice_sw_35582828.wav
vipengele vilivyo katika mchakato wa ustawi katika nchi zilizo na mapato ya chini 	female_feminine	4.9755	common_voice_sw_30585450.wav
picha alizowapiga zinapendeza 	female_feminine	3.1035	common_voice_sw_35123965.wav
kilipatana na chama cha mlengo wa kushoto 	female_feminine	3.7875	common_voice_sw_30053169.wav
tangu uhuru soka lilipanuka sana katika nchi huru za afrika 	female_feminine	5.1555	common_voice_sw_35183983.wav
kupitia katika bahari hii ya atlantik enzi hizo 	female_feminine	5.6235	common_voice_sw_29790175.wav
tabaka la viongozi wa kisiasa na wa kijeshi 	female_feminine	4.0395	common_voice_sw_37091977.wav
maeneo ya india na thailand umetajwa kuwa hatari sana 	female_feminine	5.0475	common_voice_sw_30360131.wav
ana mpango wa kusafiri ngámbo 	female_feminine	3.0675	common_voice_sw_34823316.wav
hatakija nchini tanzania chama cha soka zanzibar said issa kimetangaza kurejesha uongozi wa zamani 	female_feminine	7.0635	common_voice_sw_35284635.wav
carols ancellot ambaye anakiongoza 	female_feminine	4.3635	common_voice_sw_37214960.wav
muelekeo wa kukomesha utumwa ambao ulikuwa ukiendeshwa 	female_feminine	5.53165625	common_voice_sw_30004884.wav
asilimia tisini ya biashara yote duniani hupitia baharini 	female_feminine	4.3635	common_voice_sw_35118890.wav
wanaharakati wa mitandaoni wakitumia mtandao wa face book na twitter kwa pamoja 	female_feminine	5.7675	common_voice_sw_35106032.wav
aliwasaidia sana kina mama kwa kujengea vituo vya afya vijijini 	female_feminine	7.4955	common_voice_sw_30572145.wav
kwa ajili ya kujikinga dhidi ya kuumwa na mbu 	female_feminine	5.4435	common_voice_sw_30522450.wav
mkutano mkuu wa chama cha umoja wa kitaifa afrika 	male_masculine	5.4435	common_voice_sw_36013666.wav
huhesabiwa kati ya injili ndugu pamoja na mathayo na luka 	female_feminine	7.5675	common_voice_sw_29257312.wav
aliwakilisha jimbo la morogoro kuanzia mwaka elfu moja mia tisa sitini 	female_feminine	5.5155	common_voice_sw_35107621.wav
benki kuu ya tanzania inahakikisha kuwa taifa lina uchumi imara 	female_feminine	5.3355	common_voice_sw_34979492.wav
mwalimu julius kambarage nyerere alikuwa ni rais wa kwanza wa tanganyika 	female_feminine	4.0755	common_voice_sw_30074410.wav
nchi za afrika mashariki zilianzisha umoja wao 	female_feminine	3.6075	common_voice_sw_29793039.wav
mwanaume kutoka tanzania ambaye amebuni mziki wake unaoitwa swahili blue 	female_feminine	6.3075	common_voice_sw_35156881.wav
wanatokea misitu ya afrika kusini kwa sahara 	female_feminine	4.0755	common_voice_sw_28733241.wav
mmojawapo maji yanafikia ziwa tanganyika 	female_feminine	6.4155	common_voice_sw_28704537.wav
udongo una rutuba kwa wingi na yakiwa juu ya urefu wa udongo kaskazini mashariki 	female_feminine	7.3875	common_voice_sw_30574943.wav
hospitali zetu pia zinahitaji umeme wa uhakika 	female_feminine	4.1475	common_voice_sw_30221135.wav
serengeti ilitumika kama jukwaa kutengeneza filamu ya disney 	female_feminine	4.9755	common_voice_sw_30653560.wav
wenye elimuwawe tayari kujibu maswali yao juu ya injili hata kutetea 	male_masculine	6.7755	common_voice_sw_34750296.wav
kilomita za mraba mia mbili na ishirini 	female_feminine	3.4275	common_voice_sw_30038288.wav
na sasa hivi baadhi ya viongozi mbalimbali wanajiuzulu 	female_feminine	4.3275	common_voice_sw_36644267.wav
karatasi kubwa 	female_feminine	2.1675	common_voice_sw_34840208.wav
bustani ambayo watalii wanaweza kuwaona wanyamapori kwa usalama mkubwa 	female_feminine	8.5035	common_voice_sw_30327114.wav
kwa njia ya kristo bwana wetu 	female_feminine	2.2755	common_voice_sw_28583305.wav
baadhi ya koo za kizanaki zilichanganya damu sana na wasukuma 	female_feminine	6.2355	common_voice_sw_31284796.wav
rais ali hassan mwinyi alikuwa rais wa pili wa tanzania 	female_feminine	5.3355	common_voice_sw_30667194.wav
aliongoza kwa muda wa miaka mitano na nusu hadi kifo chake 	male_masculine	5.2635	common_voice_sw_28259622.wav
majira ya joto pep guardiola akatimka bayern munich 	female_feminine	5.2275	common_voice_sw_30159506.wav
bayern munich iliyokuwa balaa ujerumani haikuwahi kumaliza msimu bila kufungwa 	female_feminine	5.5875	common_voice_sw_31446621.wav
mtu yeyote anapofanya mazoezi huwa huimarisha mwili wake 	male_masculine	5.5875	common_voice_sw_29896831.wav
silaha tuliyonayo na kinga ya miili yetu 	male_masculine	4.5435	common_voice_sw_32243557.wav
wananchi wengi hawakumtaka kwa alikuwa na utawala wa mabavu 	female_feminine	5.0835	common_voice_sw_30062911.wav
baadhi ya hominid fossils kongwe hupatikana vilevile 	female_feminine	6.35965625	common_voice_sw_30124009.wav
rummel aliandika mambo mengi sana ya kitafiti 	female_feminine	4.2555	common_voice_sw_34831155.wav
wenyeji wa visiwa hivi wana utamaduni wa pekee na historia ndefu 	male_masculine	6.3075	common_voice_sw_29623935.wav
wataalamu wa viumbe vya majini wanasema kwa kawaida nyangumi 	female_feminine	5.5875	common_voice_sw_29811364.wav
ustahimilivu ulimshinda binti 	female_feminine	3.2475	common_voice_sw_35409408.wav
blob hawezi kuishi sehemu safi yoyote 	female_feminine	5.1195	common_voice_sw_30176431.wav
nane ni mkazo nia sahihi 	female_feminine	3.0675	common_voice_sw_29268788.wav
utawala wa wareno ulibakia tu katika bandari na maeneo ya kusini 	male_masculine	6.7755	common_voice_sw_30181173.wav
baada ya kifo hicho wapiganaji waliona kuwa ni njia nzuri 	female_feminine	5.1555	common_voice_sw_30060842.wav
muda wa taarifa ya habari ulipokuwa ukifika shughuli zote zinasimama 	female_feminine	5.8035	common_voice_sw_30037131.wav
aliendelea hivyo hadi katika shule ya upili 	female_feminine	5.7675	common_voice_sw_28908638.wav
ukitaka kupata mafanikio kwa njia rahisi basi inabidi usichague fursa 	female_feminine	5.1555	common_voice_sw_29789947.wav
alifuata kanuni za utawa wa tatu wa mt 	female_feminine	4.8675	common_voice_sw_28666338.wav
kitendo chake cha kuficha kichwa mwendo wake wa taratibu na gamba lake gumu 	female_feminine	6.7755	common_voice_sw_29789854.wav
kuanzia hapa mto huitwa galana 	female_feminine	4.0035	common_voice_sw_28673032.wav
oliver kahn alikuwa kwenye kikosi cha ujerumani 	female_feminine	3.7155	common_voice_sw_31271677.wav
elfu mbili kumi na saba ambapo ni sawa na 	female_feminine	3.6435	common_voice_sw_30055738.wav
mdunguaji ambaye hakuwa na muda naye alimkosa jacob kwa risasi mbili zikavunja kioo 	female_feminine	7.3875	common_voice_sw_34906637.wav
kuigwa zinajulikana kama buprenofini zote hutumika kama dawa 	female_feminine	5.9475	common_voice_sw_35099489.wav
sawa na asilimia ishirini na saba 	female_feminine	3.2475	common_voice_sw_36105817.wav
usaliti huu hunatokana na sababu za kiuchumi au kifedha 	female_feminine	4.7235	common_voice_sw_30581016.wav
mfuko wa nelson mandela wa kusaidia watoto ni sehemu tu ya ushahidi wa mafanikio 	male_masculine	5.4435	common_voice_sw_29937524.wav
alpi katika kusini ni milima mirefu ujerumani ingawa 	female_feminine	5.5155	common_voice_sw_35107850.wav
kutoka nje yanaweza kupata leseni ya biashara 	female_feminine	4.5435	common_voice_sw_37215426.wav
ya mwamba na lava angani 	female_feminine	3.4275	common_voice_sw_28672836.wav
siku hizi tamaduni za kupeleka vijana jandoni hufanywa na watu wachache 	female_feminine	6.5955	common_voice_sw_30088587.wav
wazazi wanatakiwa wapimwe virusi vya ukimwi 	female_feminine	4.7955	common_voice_sw_34834324.wav
kuna mmea wa kienyeji uitwao olari ambao unakua ukiwa mrefu na mwingi 	female_feminine	6.5235	common_voice_sw_30581763.wav
nkrumah alitaka kurudi afrika baada ya vita ya pili ya dunia 	female_feminine	6.3435	common_voice_sw_30395017.wav
asili na maana ya jina la mto haijulikani 	male_masculine	3.9675	common_voice_sw_28682744.wav
uchumi wa buluu ni kati ya maeneo yanayoangaliwa kwa jicho la kipekee 	male_masculine	7.6395	common_voice_sw_37096752.wav
ushanga huu huwa sehemu muhimu ya urembesho wa miili yao 	female_feminine	5.0835	common_voice_sw_30355848.wav
hizi ni pamoja na 	female_feminine	2.3475	common_voice_sw_28666649.wav
sawa na suala la ugonjwa hakuna elezo kamili kuhusu hali ya afya 	female_feminine	5.6955	common_voice_sw_28962066.wav
alisema uhuru wa kongo ni mwendelezo wa kazi iliyotukuka iliyopangwa na mtu mwenye akili 	female_feminine	8.1435	common_voice_sw_35099766.wav
mama yake alikuwa mganga aliyetibu watu kwa mitishamba 	female_feminine	4.7955	common_voice_sw_29797357.wav
hawa walikuwa mababu wa wenyeji wa leo 	female_feminine	3.8955	common_voice_sw_29680454.wav
kipekee kwa kuwa linaandaa makubaliano ya kimataifa yanayokubalika 	female_feminine	5.4435	common_voice_sw_35056382.wav
upepo mkali huitwa dhoruba 	female_feminine	3.1755	common_voice_sw_28718824.wav
likiyaunganisha mataifa ya jamhuri ya kidemokrasi ya kongo 	female_feminine	5.2635	common_voice_sw_30119702.wav
aa hawapo basi afrika kusini watawa 	female_feminine	3.8235	common_voice_sw_35108363.wav
walihamia huko wakushi kutoka kaskazini nao wakameza kwa kiasi kikubwa wakazi asili 	female_feminine	9.38365625	common_voice_sw_30005181.wav
majumba mengi ya magofu na misikiti ni alama ya zanzibar 	female_feminine	5.0835	common_voice_sw_36746514.wav
jamaa alikaa kimya jacob akafyatua risasi nyingine ya paja 	female_feminine	4.9755	common_voice_sw_34906971.wav
wimbo wake kwangu usiku 	female_feminine	2.8155	common_voice_sw_35183669.wav
ndani ya hifadhi ya mikumi kuna simba 	female_feminine	3.8235	common_voice_sw_29960269.wav
serikali ya tanzania imeliendeleza eneo hilo kuwa kivutio cha utalii 	female_feminine	6.1635	common_voice_sw_30718694.wav
tiba ya malaria hulenga kuondoa vimelea vya plasmodium kwenye mfumo wa damu ya mgonjwa 	female_feminine	6.5235	common_voice_sw_30574760.wav
hoteli hii ilikuwa hoteli ya tatu kujengwa katika kipande hicho cha ardhi 	female_feminine	6.3075	common_voice_sw_29654016.wav
ukoloni lakini sasa wengi waliachishwa au kupinduliwa na serikali kama hawakufuata maagizo yote kutoka 	female_feminine	8.1435	common_voice_sw_35198835.wav
vyombo vya kukuza lugha ya kiswahili mfano 	female_feminine	3.4275	common_voice_sw_35118889.wav
jaysonuzoefu mkubwa wa nape katika masuala ya uongozi umejikita katika masuala ya siasa 	female_feminine	8.5755	common_voice_sw_37095119.wav
chanzo kikubwa cha uchumi wa mataifa haya kukua kwa kasi kubwa 	female_feminine	6.5955	common_voice_sw_29791118.wav
uyoga umeongeza ajira na kuinua kipato kwa rika zote 	female_feminine	6.1275	common_voice_sw_30314252.wav
wanafanya kazi kubwa kubadilisha mtazamo wa wanasiasa na jamii 	female_feminine	5.8035	common_voice_sw_35104608.wav
katika kuleta amani ana kipaji cha pekee 	female_feminine	3.5355	common_voice_sw_28950448.wav
benjamin mkapa ni rais wa awamu ya tatu 	female_feminine	3.2835	common_voice_sw_29791814.wav
tangu walipofika katika ardhi hiyo na pia ni kabila lenye umaarufu mkubwa nchini 	female_feminine	5.7675	common_voice_sw_30375134.wav
messi ni mwanafunzi wa pep guardiola wakati 	female_feminine	5.4435	common_voice_sw_29789349.wav
watalii wengi wanapenda mno kufika eneo hili kujionea 	female_feminine	4.6155	common_voice_sw_35588826.wav
waliochaguliwa ni hawa 	male_masculine	2.3475	common_voice_sw_37098705.wav
wawindaji wote waliotafuta watumwa walikuwa wakiwaepuka wamasai 	female_feminine	6.1275	common_voice_sw_34745870.wav
sasa huu wakati wa kueneza dini elimu ya kimtaala 	female_feminine	6.5235	common_voice_sw_30108019.wav
huzalishwa kila siku na watumiaji wa barabara hiyo 	female_feminine	4.3635	common_voice_sw_34761114.wav
wabena wanatumia salamu maalum ya kilugha wanapokutana msibani 	female_feminine	7.4955	common_voice_sw_30321099.wav
oldrich nejedly alitwaa kiatu cha dhahabu kwa kufunga mabao matano 	female_feminine	7.6755	common_voice_sw_30330380.wav
nchi ya nigeria ilikuwa na nyota kama victor ikpeba na emmanuel amunike 	male_masculine	6.1635	common_voice_sw_30182045.wav
kiswahili huwachanganya watu sana 	female_feminine	3.7155	common_voice_sw_37225117.wav
nyerere inayobaki kuwa na vivutio vya wanyamapori na uoto wa asilia usio na kifani 	female_feminine	5.9475	common_voice_sw_30063154.wav
kisha mama yake huendelea basi kumdanganya kidogo kidogo 	female_feminine	5.4435	common_voice_sw_30054660.wav
viwanja vinatumika kwa maonesho ni viwanja vya mwalimu nyerere 	male_masculine	5.2275	common_voice_sw_30671768.wav
ndiye anayeongoza orodha ya wafungaji bora wa kipute hicho 	female_feminine	7.7475	common_voice_sw_30574258.wav
ujumbe aliouandika tarehe kumi mwezi septemba mwaka elfu mbili kumi na nane 	female_feminine	5.8035	common_voice_sw_30355237.wav
walikuwa wanasema huyu ni nani labda atakuwa mtu mzima fulani 	female_feminine	4.6875	common_voice_sw_31446990.wav
kuna idadi kubwa ya wanyamapori 	female_feminine	4.2555	common_voice_sw_28834519.wav
hifadhi hii ina ukubwa wa kilomita za mraba mia saba hamsini na tano 	female_feminine	4.8675	common_voice_sw_29922947.wav
washambaa wanaishi kwenye milima ya usambara na lugha yao kubwa ni kisambaa 	male_masculine	8.7555	common_voice_sw_31321674.wav
huitwa ruaha mkuu kwa kuutofautisha na ruaha mdogo 	female_feminine	4.8315	common_voice_sw_30080640.wav
viongozi wengi wa afrika walipata usaidizi wa upande mmoja au mwingine 	female_feminine	6.3075	common_voice_sw_30306799.wav
serengeti pamoja na masai mara inajulikana hasa kwa uhamisho wa kila mwaka 	female_feminine	6.2355	common_voice_sw_29792109.wav
frorentino perez wa real madrid hana pesa 	female_feminine	6.5235	common_voice_sw_30563410.wav
mikoa mingine itakuwa na miundombinu ya maji ya dhoruba inayofaa zaidi 	female_feminine	5.6955	common_voice_sw_30075143.wav
lugha yao inaitwa kibena na makao yao makuu yanaitwa ubena 	male_masculine	4.6875	common_voice_sw_30574787.wav
akizungumza na gavana wa uingereza general richard kabla ya kuchukua kiti cha uwaziri mkuu 	female_feminine	5.9835	common_voice_sw_30582090.wav
kuna pia wakristo kama jumuiya ndogo zaidi 	female_feminine	4.4355	common_voice_sw_28666426.wav
madini ya nuclear tayari kutoka umoja wa ulaya 	female_feminine	4.7235	common_voice_sw_34743611.wav
makazi yalijengwa katika visiwa vyote vya ulinzi 	female_feminine	3.2475	common_voice_sw_35181960.wav
maeneo muhimu zaidi ya utalii ni miji 	female_feminine	3.4635	common_voice_sw_31285830.wav
kama yataachwa bila kutibiwa magonjwa hayo yanaweza kusababisha maumivu makali 	female_feminine	5.9115	common_voice_sw_30048013.wav
uingereza ulieneza zaidi mvuto wake karne ya kumi na tisa 	female_feminine	5.4435	common_voice_sw_30325486.wav
mingine kadhaa walisubiri serikali iwajengee shule nne ukichanganya sababu moja mbili na tatu utagundua 	female_feminine	7.0995	common_voice_sw_37090167.wav
wakati akiendelea kuwa bosi mfugale tayari ameshalitumikia taifa kwa zaidi 	male_masculine	7.0635	common_voice_sw_30109893.wav
mara zote mungu ana uwezo wake wa pekee 	female_feminine	3.9675	common_voice_sw_30110305.wav
alimwambia jacob kuwa aende naye hotelini alipofikia wakalale wote usiku ule 	female_feminine	6.7035	common_voice_sw_35108397.wav
wataalamu wasio wachache wanasema mwisho wa vita kuu ya kwanza 	female_feminine	6.4155	common_voice_sw_30053887.wav
maziwa ya mtindi yana asidi za asili 	female_feminine	4.6155	common_voice_sw_29790076.wav
tanzania ilienda kinyume chake ilifuata sera za kujitegemea 	male_masculine	5.2635	common_voice_sw_30470998.wav
waliishi pamoja na wanyama pori wengi huku wakikataa kula wanyama hao 	male_masculine	4.9755	common_voice_sw_30002327.wav
mji mkongwe wenye historia kubwa una majengo mengi ya kihistoria 	female_feminine	4.7235	common_voice_sw_35284665.wav
amin alifanikiwa kugombana na majirani zake wa karibu 	female_feminine	6.4155	common_voice_sw_29790679.wav
takwimu na benki kuu ya tanzania oktoba mwaka jana 	female_feminine	5.0835	common_voice_sw_30370808.wav
takribani asilimia ishirini ya hewa safi duniani huzalishwa kutoka kwenye msitu huo 	female_feminine	5.71165625	common_voice_sw_31812121.wav
baada ya sherehe hii kumalizika wavulana wanatahiriwa katika nyumba zao 	female_feminine	4.1835	common_voice_sw_31284795.wav
karibu sana kijana wangu alisema mzee makame kwa uchangamfu 	female_feminine	5.0475	common_voice_sw_37215908.wav
tanzania ilipata uhuru wake kamili kutoka kwa uingereza 	female_feminine	5.9835	common_voice_sw_30176724.wav
mfugale amepokea tuzo mbalimbali ambapo alipokea tuzo ya mafanikio 	male_masculine	7.0275	common_voice_sw_31304408.wav
hadithi hizi hutokea zaidi katika maandishi 	male_masculine	4.1475	common_voice_sw_28690259.wav
hapo alijiunga na umonaki kwenye mlima sinai 	female_feminine	5.6235	common_voice_sw_29406911.wav
wakati huo italia ilifanya mapinduzi ya dikteta na mwitalia mussolini 	female_feminine	7.4955	common_voice_sw_30375701.wav
nyerere alikuwa kiungo muhimu katika muungano wa tanganyika na zanzibar 	male_masculine	4.1475	common_voice_sw_30307279.wav
mfano katika taifa la tanzania kuna hifadhi kubwa za wanyama 	female_feminine	4.99165625	common_voice_sw_30004106.wav
katika hali nzuri na iko tayari kabisa kuwenza kutekeleza zoezi hilo 	female_feminine	5.9475	common_voice_sw_34819370.wav
amani idhumishwe nchini 	male_masculine	3.5355	common_voice_sw_34890932.wav
ni bora pia kuthibitisha hakuna uwezekano wa madhara ya madawa au pombe 	female_feminine	5.8755	common_voice_sw_28951376.wav
katika mlo wake kijiji kikubwa na cha 	female_feminine	3.1035	common_voice_sw_37092315.wav
jaji werema katibu mkuu wa wizara ya nishati na madini 	female_feminine	4.9755	common_voice_sw_30624159.wav
nigeria ilishinda ubingwa kwa kuifunga zambia 	female_feminine	5.4435	common_voice_sw_30073514.wav
milima ya usambara inapatikana kaskazini mashariki mwa tanzania mkoani tanga 	female_feminine	5.8755	common_voice_sw_30380486.wav
sasa taasisi zimeanza kushughulikia pia masuala ya kuondoa umasikini 	female_feminine	6.3075	common_voice_sw_35425635.wav
lengo lake lilikuwa kuendeleza matengenezo lakini pia kudumisha umoja huo 	female_feminine	6.1635	common_voice_sw_28761186.wav
kadhaa kutoka kwenye misitu ya burundi hujiunga nao upande wa kulia 	female_feminine	4.8675	common_voice_sw_34814853.wav
ngoja nikusimulie 	female_feminine	2.5275	common_voice_sw_35156898.wav
wabuni maarufu wa mitindo ya mavazi hupendelea wanamitindo 	female_feminine	5.5875	common_voice_sw_35106053.wav
ii nyingi hazili matunda na mboga mboga kwa hivyo huyo mtu hawezi kuna na 	female_feminine	5.9475	common_voice_sw_35103516.wav
mwanamke hakuwa na kumbukumbu siku hiyo 	female_feminine	2.9235	common_voice_sw_35588270.wav
ameandika hasa kwa watoto 	female_feminine	2.9955	common_voice_sw_28666544.wav
bernard lagat akiwa wa mwishoni akichagua kuiwakilisha marekani 	female_feminine	6.5955	common_voice_sw_29790728.wav
kuwahi kutokea kuhusishwa na janga la virusi vya ukimwi 	female_feminine	6.1635	common_voice_sw_30558670.wav
subirini matukio mengine wakati kandarasi yake itakapokamilika mwezi juni 	female_feminine	6.5955	common_voice_sw_29958774.wav
bendera hufuata upepo 	female_feminine	2.0955	common_voice_sw_31284356.wav
mchanga huo husafirishwa na upepo bila kuacha mabaki nyuma 	female_feminine	4.5435	common_voice_sw_30653757.wav
wa hewa ndio hatari kubwa zaidi ya kimazingira inayokabili afya ya umma duniani 	female_feminine	6.7755	common_voice_sw_35181557.wav
golikipa wa urusi alikuwa bora kuliko magolikipa wengine 	female_feminine	6.3435	common_voice_sw_30383857.wav
kunkaza sana 	male_masculine	2.3835	common_voice_sw_31940312.wav
kwa ujumla hivyo jamii ndiyo nguvu kazi katika nchi hasa nchini tanzania 	female_feminine	7.6755	common_voice_sw_30182723.wav
raisi kikwete alikuwa ni mtu wa watu 	female_feminine	6.5235	common_voice_sw_30566752.wav
bi anita alimuomba jacob asirudi dar kwa kuhofia angepoteza muda wa kufanya kazi yake 	male_masculine	8.7555	common_voice_sw_37085125.wav
linapotajwa jina lake kwa hakika hustua nyoyo za watu wengi duniani 	female_feminine	5.0475	common_voice_sw_35586733.wav
ya serengeti au makao makuu ya shirika la hifadhi za taifa mjini arusha 	female_feminine	6.5235	common_voice_sw_35160865.wav
walutheri waliendelea na cheo cha uaskofu na desturi nyingi za kanisa la kale 	female_feminine	7.9635	common_voice_sw_30372708.wav
kutoka kabila ya kishujaa ya kikongo na kundi hili 	female_feminine	5.5875	common_voice_sw_30102191.wav
mpira umekua laini sana nyakati hizi 	female_feminine	5.4075	common_voice_sw_30372349.wav
taifa la uruguay lilikuwa linazalisha nyota wengi 	female_feminine	6.3435	common_voice_sw_30405656.wav
uingereza ilieneza zaidi mvuto wake karne ya kumi na tisa kupitia wamisionari 	female_feminine	9.4755	common_voice_sw_30562871.wav
mawaziri wakuu wawili kati ya watangulizi wake walihamia katika vyama vya upinzani 	female_feminine	6.8475	common_voice_sw_31285613.wav
halmashauri ya jiji inaundwa na baraza la madiwani 	female_feminine	6.1635	common_voice_sw_30307682.wav
ni mwanaharakati wa maswala ya uhuru wa vyombo vya habari 	female_feminine	4.6155	common_voice_sw_34917789.wav
alimuuliza julian paruku kahonja gavana wa kivu kaskazini 	female_feminine	6.0555	common_voice_sw_34756222.wav
ameandaliwa mapambano mengi tu na ruge alisema nyota na bingwa wa zamani wa 	female_feminine	6.2355	common_voice_sw_36617107.wav
umoja wa mataifa ulianzisha mahakama ya makosa ya jinai 	male_masculine	5.1555	common_voice_sw_36013474.wav
kukaa kenya miezi mitatu hivi hurejea tanzania mwezi novemba hadi mwezi disemba 	female_feminine	8.8635	common_voice_sw_30421299.wav
hii humaanisha kabila la kimasai lina wajane wengi 	female_feminine	4.0035	common_voice_sw_30653987.wav
wakati vikosi vya uganda vikikishambulia kikosi kilichokuwa kimepita njia ya kawaida 	female_feminine	6.7755	common_voice_sw_29790584.wav
hakuna mchezaji aliyewahi kushinda makombe mengi ya dunia kama yeye 	female_feminine	4.3635	common_voice_sw_30074736.wav
vipindi vya joto jingi kwa kawaida hubadilishana na vile vya baridi na joto 	female_feminine	7.51165625	common_voice_sw_30034007.wav
waliomtaja kuwa ni mchawi walilenga kumchafua na kulifuta jina lake kwenye soko la muziki 	male_masculine	7.2435	common_voice_sw_36385761.wav
karani wangu ni kioo cha jamii 	female_feminine	2.9955	common_voice_sw_35221670.wav
hali hiyo ilianza kubadilika baada ya miaka kadhaa 	female_feminine	4.1835	common_voice_sw_29798418.wav
mwaka elfu moja mia tisa sabini serikali iliipa kazi kampuni ya upangaji miji 	female_feminine	7.1355	common_voice_sw_30017714.wav
ni hotuba iliyosomwa kwa niaba yake na balozi seif ali iddi 	female_feminine	4.5075	common_voice_sw_35272721.wav
na anatakiwa kuwa mrembo lakini urembo pia 	female_feminine	4.3635	common_voice_sw_35183926.wav
halmashauri hiyo ilionesha teknolojia za umwagiliaji kwa kutumia miundombinu 	female_feminine	4.9755	common_voice_sw_31285536.wav
kumekuwapo na shughuli za kinabadamu ambazo si rafiki katika masuala ya uhifadhi 	male_masculine	10.1955	common_voice_sw_30583020.wav
ni dhahiri kuwa hakuna jina lisilokuwa na maana yake 	female_feminine	5.0475	common_voice_sw_30585180.wav
ule ya utekelezaji wa sera ya taifa ya mazingira 	female_feminine	3.9675	common_voice_sw_34958960.wav
nyurojenesi ya matibabu hujumuisha upunguzaji matumizi kwa 	female_feminine	5.5155	common_voice_sw_36038750.wav
alitafsiri biblia kwa kijerumani ili watu wengi zaidi waweze kuisoma 	female_feminine	5.1555	common_voice_sw_29923938.wav
aa ambaye pia anawania urais kwa wakati huu stanila 	female_feminine	4.7955	common_voice_sw_35438831.wav
wakimaliza mafunzo yao ya maisha kama watu binafsi huendeleza umoja wao 	female_feminine	5.0475	common_voice_sw_34958484.wav
usultani ulikuwa pwani ya afrika mashariki 	female_feminine	4.5435	common_voice_sw_29847216.wav
mbuga ya kitaifa ya tsavo mashariki ni mojawapo hifadhi maarufu 	female_feminine	6.9555	common_voice_sw_30628515.wav
alitunukiwa shahada ya ualimu masomo ya kemiana hisabati 	female_feminine	5.4075	common_voice_sw_30034511.wav
mkono huu wa kaskazini huitwa mkondo wa atlantiki ya kaskazini 	female_feminine	6.0555	common_voice_sw_28718644.wav
kabla ya hapo kaole ilikuwa bandari muhimu katika pwani ya afrika mashariki 	female_feminine	5.6955	common_voice_sw_30659282.wav
barafu ya icebergs ni marafiki wa meli katika atlantiki ya kasikazini 	female_feminine	5.6955	common_voice_sw_35279278.wav
adhabu ya kifo ilipanuliwa kuingiza makosa kama vile utoroshaji wa karafuu 	female_feminine	9.4035	common_voice_sw_29791051.wav
lakini umiliki wa nyumba binafsi haukupigwa marufuku 	female_feminine	3.9675	common_voice_sw_29792996.wav
tangu nilipoteuliwa sijawahi kuwafikiria baadhi ya watu walionisuta 	female_feminine	4.3635	common_voice_sw_30070990.wav
tumekataa kudhalilishwa kabisa 	female_feminine	2.8875	common_voice_sw_35588661.wav
wataadhibiwa kwa kutekeleza sheria za rwanda za makosa ya jinai wanaostahili kusaidiwa ni yatima 	female_feminine	8.2155	common_voice_sw_35586800.wav
kupunga upepo lakini hata kuogelea vivutio vya utamaduni 	female_feminine	4.8675	common_voice_sw_30327995.wav
ziwa victoria lilikuwa linaitwa nyanza kwa upande wa tanzania 	female_feminine	8.6835	common_voice_sw_30564070.wav
ni kutoka kwa shetani na usahihi hauna maana ikiwa mturuki anasema 	female_feminine	6.9555	common_voice_sw_35586810.wav
alifikia utaratibu wa kuulizwa maswali 	female_feminine	3.6435	common_voice_sw_37331840.wav
mkwawa kabla ya kukimbia alimuua mganga mzee aliyewahi kutabiri hilo 	male_masculine	10.2675	common_voice_sw_31797681.wav
na kila walipoenda waliwasema hivyo sifa hiyo ikawaganda 	female_feminine	4.7235	common_voice_sw_31284363.wav
hakuna vile ningeficha 	female_feminine	3.2835	common_voice_sw_34833767.wav
zaidi jina halisi na sifa za hadithi hiyo hutofautiana kulingana na eneo 	female_feminine	6.1275	common_voice_sw_29762176.wav
kichwa changu 	female_feminine	2.4555	common_voice_sw_35106189.wav
kiongozi huyo hakuishia hapo alifanikisha ujenzi wa uwanja wa amani 	female_feminine	5.4435	common_voice_sw_30591028.wav
mbalimbali na nguo hata hivyo mtindo uliopendelewa 	female_feminine	4.2555	common_voice_sw_30582082.wav
walijadiliana kuhusu ushirikiano wa kimkakati kati ya marekani na kenya kuhamasisha amani na usalama 	female_feminine	7.7835	common_voice_sw_37329863.wav
mlima kilimanjaro unapandwa katika misimu miwili tofauti 	male_masculine	6.7755	common_voice_sw_29795851.wav
hifadhi hii iko umbali wa kilometa mia moja ishirini na sita 	female_feminine	5.4075	common_voice_sw_29790078.wav
ardhi ya morogoro ina takribani rutuba ya kufaa kwa mazao mengi 	male_masculine	5.5875	common_voice_sw_29528404.wav
elfu mbili iliyopita mawasiliano kati ya nchi na nchi hayakuwa rahisi 	female_feminine	6.0555	common_voice_sw_35105247.wav
achana naye hana nguvu 	female_feminine	3.4275	common_voice_sw_34829113.wav
obito alidhani kuwa rafiki yake sarah alikufa 	female_feminine	4.5075	common_voice_sw_36040193.wav
wanyama hawa hupenda sana kujichanganya na wanyama kama pundamlia na nyani 	female_feminine	5.3355	common_voice_sw_30718299.wav
amin alipata sifa ya ukatili alikuwa karibu akizuia mara kadhaa kwa ukatili mkali 	female_feminine	6.4875	common_voice_sw_30264477.wav
lugha yao rasmi ni kimachinga inasadikika 	female_feminine	5.5875	common_voice_sw_30568070.wav
tambarare ya yatta pia ambayo ina historia ndefu 	female_feminine	5.6235	common_voice_sw_29949163.wav
iko kando ya mto main 	male_masculine	3.1035	common_voice_sw_28725325.wav
ikifikia upeo katika sherehe ya eunoto yaani ujio wa umri 	female_feminine	8.5755	common_voice_sw_30566574.wav
aliyemfuata kama tenno ni mwana wake go fushimi 	female_feminine	5.2635	common_voice_sw_28666520.wav
aliwazaa watoto kama vile magidangana mhalwike pia mupoma 	female_feminine	6.25165625	common_voice_sw_31812464.wav
ikitokea mataifa mengine pia mizigo mingine ikichukuliwa 	male_masculine	6.9555	common_voice_sw_29815698.wav
huduma ya afya haijaelimishwa na elimu hii haijawafikia vizuri watu 	female_feminine	5.9475	common_voice_sw_36746522.wav
kazi ambayo aliifanya huku akiendelea na masomo yake hadi alipohitimu katika chuo kikuu 	female_feminine	5.8755	common_voice_sw_30653781.wav
huyo ni balozi wa marekani katika baraza la umoja 	female_feminine	4.0035	common_voice_sw_35183597.wav
unaweza kupata mkopo wa kipindi kisichozidi siku moja ya kazi 	female_feminine	4.3275	common_voice_sw_35279234.wav
donald ngoma na wengine hawachezi katika timu zao lakini ni wafalme wa soka tanzania 	male_masculine	7.2435	common_voice_sw_30008824.wav
ni wa kiindio na kumi na sita 	female_feminine	3.8955	common_voice_sw_36641450.wav
hata hivyo baba wa sinsang amesikitishwa na hukumu hiyo 	female_feminine	4.5435	common_voice_sw_37224331.wav
mto nile unatiririsha maji katika bahari iliyopo kaskazini mashariki mwa afrika 	male_masculine	5.6955	common_voice_sw_30182598.wav
iraq ina akiba kubwa za mafuta ya petroli ardhini 	female_feminine	6.4875	common_voice_sw_29466731.wav
kijiuvimbe katika eneo la tundu mlango wa kutolea haja kubwa 	female_feminine	6.9195	common_voice_sw_30227550.wav
kizazi hiki cha viongozi wa uhuru kimekwisha viongozi wa sasa wamejaa tamaa ya mali 	female_feminine	7.2435	common_voice_sw_35102851.wav
naa na miongoni mwa hizo nchini ni ni ziko nyingine nchi za kiafrika 	female_feminine	5.8755	common_voice_sw_35099360.wav
hiyo inachagia lakini tena 	female_feminine	2.9235	common_voice_sw_35183812.wav
mbuni anakimbia kuliko viumbe wote wenye miguu miwili 	female_feminine	5.5515	common_voice_sw_30080507.wav
alijitahidi kurekebisha maadili ya jimbo lake 	female_feminine	4.3275	common_voice_sw_28584923.wav
kwa hiyo lugha imekaribia kutoweka kabisa 	female_feminine	3.9675	common_voice_sw_29211515.wav
raslimali zinazohitajika ili kushughulikia tatizo la 	female_feminine	4.4355	common_voice_sw_36365344.wav
vilifikia laki nne na elfu arobaini na tano 	female_feminine	5.4435	common_voice_sw_29793361.wav
uongeza kuwa anauhakika nchi ya marekani 	female_feminine	3.4275	common_voice_sw_35250649.wav
kutokana na kufufuliwa kwa sekta ya huduma 	female_feminine	4.2555	common_voice_sw_37332149.wav
alikuwa mwanamke wa kwanza kuchaguliwa na kuongoza nchi ya kiislamu 	female_feminine	6.1635	common_voice_sw_28883789.wav
kwa mujibu wa takwimu zilizopo zinaonesha wahadzabe wapo watu chini ya elfu moja 	female_feminine	7.8555	common_voice_sw_31284931.wav
liwasheni taa zenu ili ziwake zote 	female_feminine	3.6435	common_voice_sw_35103839.wav
huku akitaka uungwaji mikono juu ya kile ambacho watakiamua 	male_masculine	7.6395	common_voice_sw_37100443.wav
ousmane dembele alifunga goli katika dakika ya sabini na moja 	female_feminine	4.5075	common_voice_sw_30070719.wav
hatuoni kwamba wananchi wa misri 	female_feminine	3.7155	common_voice_sw_35099490.wav
lakini wafanayakazi wa mashamaba haya walikuwa ni wenyeji 	female_feminine	6.8475	common_voice_sw_29794165.wav
tangu kale anaheshimiwa na kanisa katoliki kama mtakatifu 	female_feminine	5.5155	common_voice_sw_28584677.wav
dawa za jadi biashara ya mikahawa au maduka kununua na kuuza madini kuuza bidhaa 	female_feminine	7.0635	common_voice_sw_35105919.wav
hata akisema amechoka anataka muachane 	female_feminine	4.9035	common_voice_sw_34747535.wav
hitler alifanya mauaji ya halaiki kabisa 	female_feminine	5.2635	common_voice_sw_30351391.wav
isa tisini na moja walikuwa boris yeltsin na vladimir putindmitry medvedev alichaguliwa kuwa 	female_feminine	8.8275	common_voice_sw_34958150.wav
inawezesha ubadilishanaji na makubaliano ya kifedha na dhamana 	female_feminine	5.7675	common_voice_sw_35183579.wav
tutunze mazingira kwa minajili ya vizazi vya leo na vya kesho 	female_feminine	4.9755	common_voice_sw_34766410.wav
wa kugeuza umbo la glutamati katika mara mtu ageukapo kutoka matumizi 	female_feminine	7.9275	common_voice_sw_35099297.wav
ziwa victoria hupokea maji kutoka mito mikubwa kama vile mto kagera na mto mara 	female_feminine	6.7755	common_voice_sw_30035563.wav
mwalimu nyerere alikuwa rais wa pekee sana ulimwenguni 	female_feminine	5.81965625	common_voice_sw_30079923.wav
usafiri wa meli na utalii wa cruise pia huendelea kukua 	female_feminine	5.1555	common_voice_sw_35409398.wav
mahakama ya haki za binadamu ilihukumu kesi arobaini na tano 	female_feminine	5.9475	common_voice_sw_35182213.wav
mambo ni mengi sana ikiwemo mfumuko wa bei 	female_feminine	4.0755	common_voice_sw_36746528.wav
usultani wa zanzibar ulikuwa umepewa na uingereza 	female_feminine	4.8675	common_voice_sw_29924888.wav
mifugo ni pamoja na ng ombe mbuzi kondoo na kuku 	male_masculine	5.0475	common_voice_sw_28681619.wav
uwindaji huu ulikuwa muhimu kiuchumi na sababu muhimu kwa uenezaji wa urusi katika siberia 	female_feminine	7.3875	common_voice_sw_28584766.wav
ee makubaliano juu ya mpango wa kuzalisha nuclear liz masinga kulikoni 	female_feminine	7.2075	common_voice_sw_34749725.wav
wakati tukio hilo linatokea mkapa alikuwa ughaibuni akishiriki mkutano wa kiuchumi 	female_feminine	6.4155	common_voice_sw_30028949.wav
mwanasiasa tundu lissu anaijia siasa vyema 	female_feminine	3.9675	common_voice_sw_31787809.wav
hayajulikani mengine kuhusu historia yao ila tangu kale wanaheshimiwa kama watakatifu wafiadini 	male_masculine	9.0075	common_voice_sw_29559650.wav
santeu akamjibu baba yake iliyomfanya atambue sauti yake 	female_feminine	5.3355	common_voice_sw_29792598.wav
mgonjwa huambukizwa kwa kuumwa na mbu jike mwenye vimelea vya plasmodium 	female_feminine	6.89965625	common_voice_sw_30122633.wav
kaskazini kwake ni msitu wa hifadhi ya kisere 	female_feminine	5.6235	common_voice_sw_29791746.wav
ipo haja kwa serikali ya zanzibar kuharakisha upatikanaji wa sera ya uchumi buluu 	female_feminine	6.1635	common_voice_sw_35183653.wav
fainali ya kombe la dunia ilichezwa mjini moscow 	male_masculine	4.5075	common_voice_sw_29937752.wav
vita kati ya washona na wazungu iliyopiganwa katika taifa la zimbabwe 	female_feminine	6.7035	common_voice_sw_29789506.wav
ufalme wa buganda ulifutwa kisheria kabaka edward mutesa wa pili alikufa ngambo 	female_feminine	5.6235	common_voice_sw_31284375.wav
ni pemba yenye utajiri mkubwa wa rasilimali za kimaumbile ila mpemba hafaidiki nazo 	male_masculine	6.6675	common_voice_sw_37091246.wav
maambukizi ya kibofu ni ya kawaida sana katika familia nyingine 	female_feminine	6.3435	common_voice_sw_29595853.wav
kwenye orodha ya wachezaji kutokana na maongezi na 	female_feminine	4.7955	common_voice_sw_30224443.wav
kwa miji mingine angalia orodha ya miji ya illinois 	female_feminine	5.4075	common_voice_sw_29488107.wav
waasu hawa wakatimka mbio na kuparamia milima ambayo sasa inaitwa milima ya upare 	female_feminine	8.08765625	common_voice_sw_30004277.wav
nahodha huyo raia wa argentina alivunja rekodi ya mechi mia saba sitini na saba 	male_masculine	5.6955	common_voice_sw_30635700.wav
kwa jumla inakadiriwa kuwa milioni mbili mbili makadirio hayo ya wamasai katika nchi zote 	male_masculine	7.9275	common_voice_sw_37229947.wav
nyerere alipiga vita ukabila ndani ya nchi ya tanzania 	female_feminine	4.9755	common_voice_sw_29960748.wav
kwenye fainali ya kombe la dunia ujerumani ilishinda mbili kwa moja 	female_feminine	8.2875	common_voice_sw_30570692.wav
mwaka elfu moja mia tisa themanini na tano nyerere anastaafu 	female_feminine	5.2635	common_voice_sw_30585222.wav
mwaka wa elfu moja mia nane tisini na nane 	female_feminine	4.5075	common_voice_sw_30495726.wav
chini ya tanganyika african umoja wa kitaifa kilichoongoza harakati za uhuru 	female_feminine	6.5955	common_voice_sw_35183622.wav
uko katika magharibi ya kati ya nchi 	female_feminine	4.8675	common_voice_sw_28581626.wav
usiku hali joto ina wastani wa sentigredi tisa 	female_feminine	6.0555	common_voice_sw_30032640.wav
aina za samaki wanaozalishwa kwa wingi ni sato au ngege na kambale 	male_masculine	5.8035	common_voice_sw_30671205.wav
na kuandika zaidi ukweli wa kuvutia kuhusu uturuki na waturuki 	female_feminine	5.4075	common_voice_sw_34943093.wav
siku zote utukuzwe 	female_feminine	2.5275	common_voice_sw_34598187.wav
isipokuwa kwa kuwaachia watawale italia ya kati walisababisha papa 	female_feminine	7.0635	common_voice_sw_34747622.wav
kumekuwa na hadithi nyingi juu ya eneo hilo ambazo nyingi ni za kutisha 	female_feminine	5.7675	common_voice_sw_30653637.wav
kama wazaramo na wakaguru pia wakutu na wakwere 	female_feminine	6.86365625	common_voice_sw_30124432.wav
kaa ukijua safari yako inaweza isifanikiwe kwa namna moja au nyingine 	female_feminine	7.1355	common_voice_sw_30575570.wav
jua linaangaza vizuri 	female_feminine	3.2835	common_voice_sw_31997472.wav
walikuwa wakiishi pamoja na kusaidiana katika mambo mbalimbali 	male_masculine	6.1635	common_voice_sw_31441013.wav
wakati wa awamu za mapema za mlipuko idadi ya kesi iliongezeka mara mbili 	female_feminine	6.3075	common_voice_sw_37214804.wav
mfugale aliteuliwa kuwa mhandisi mkuu wa madaraja 	female_feminine	4.7235	common_voice_sw_30029211.wav
ikiwa mwishoni mwa tafakuri yake binafsi mwandishi wa habari atafikia uamuzi wa kimaadili 	female_feminine	5.8755	common_voice_sw_29794476.wav
hizo ni baadhi ya faida za utalii kwa kila taifa lenye hifadhi za wanyama 	female_feminine	5.9475	common_voice_sw_29791723.wav
miaka iliyopita raha ilikuwa ni kushinda makombe 	male_masculine	4.8675	common_voice_sw_30364543.wav
wadhifa alioutumikia mpaka anafikwa na mauti 	female_feminine	5.0835	common_voice_sw_30389241.wav
mto nile umepita katika nchi tano za africa 	female_feminine	3.9675	common_voice_sw_31585383.wav
baadaye aliunda kikundi chake na kurudi tanzania kwa muda mfupi 	female_feminine	4.1475	common_voice_sw_29478139.wav
pia ardhi yenye rutuba kwa mifungo kama vile ngombe mbuzi kondoo na punda 	female_feminine	6.0555	common_voice_sw_34920400.wav
wengine huona ya kwamba ni wazungu wasiojua kiswahili vema waliochanganya mlima na kilima 	female_feminine	7.6035	common_voice_sw_31787966.wav
ko tusikiliza idhaa ya kiswahili ya redio france international 	female_feminine	5.3355	common_voice_sw_35103890.wav
mzee wa kimaasai wakati mmoja alituambia hilo 	female_feminine	4.9755	common_voice_sw_30351588.wav
alifanya ziara kwa ajili ya kufanya shughuli mbalimbali za kanisa 	female_feminine	5.0475	common_voice_sw_29792873.wav
kwa hiyo uwepo wa bahari hii imeleta nafuu kubwa sana kwa mataifa ya afrika 	female_feminine	7.07965625	common_voice_sw_30142996.wav
kuhusu hatari za maambukizi ya magonjwa haya 	female_feminine	6.0555	common_voice_sw_30414755.wav
ambaye alikua ni dada wa anna 	male_masculine	3.4635	common_voice_sw_28876221.wav
ee na na inapokuwa ni kesi kama hii ya madawa ya kulevya 	female_feminine	4.9035	common_voice_sw_37217072.wav
kipindi professa jay anavuma wakati huo sugu na dudubaya nao walikuwa wanavuma 	female_feminine	6.3435	common_voice_sw_35198756.wav
kisha ukasafirishwa tena mpaka katika uwanja wa gombani pemba na baadae kupelekwa kijijini kwaoa 	female_feminine	6.5955	common_voice_sw_30582592.wav
ushirikiano unapatikana kwa watu kuungana pamoja 	female_feminine	5.2275	common_voice_sw_30623748.wav
taarifa hizi zilithibitishwa na mdogo wake raul castro 	female_feminine	4.6875	common_voice_sw_36252519.wav
za dopamini na serotonini ndani ya mfumo mzima wa sakiti ya uridhikaji 	female_feminine	7.3155	common_voice_sw_35442553.wav
wanaouwawa huuwawa kwa sababu ya uchawi ila imepotoshwa sana 	female_feminine	5.9475	common_voice_sw_30023508.wav
inachangia katika utendaji wako binafsi wa kukupa mwanga mzuri 	female_feminine	4.9755	common_voice_sw_29791480.wav
makubwa anatufundisha kutoangalia ukristo kama sheria au amri tu 	female_feminine	6.0555	common_voice_sw_37217580.wav
wakichekeana lakini walikuwa maadui ili tuelewe chanzo 	female_feminine	8.3235	common_voice_sw_30567756.wav
ba sifuri tatu mbili moja nane mbili 	female_feminine	4.1835	common_voice_sw_35108171.wav
mshahara mzuri na kuku wa mayai pia 	female_feminine	3.7155	common_voice_sw_35103582.wav
wachaga kabila linalojulikana kwa kufanya biashara 	female_feminine	4.3275	common_voice_sw_30024144.wav
nadhari hii hutoa mfumo rasmi wa mwelekeo kwa hali za kijamii 	male_masculine	10.0155	common_voice_sw_31475973.wav
unaishia kwenye bahari ya atlantiki 	female_feminine	3.9675	common_voice_sw_29749154.wav
gombe ni moja ya makazi ya machache yaliyosalia ya sokwe duniani 	female_feminine	5.7675	common_voice_sw_30337411.wav
ahsante kwa kiamsha kinywa 	female_feminine	2.8875	common_voice_sw_37225538.wav
waha walipoanza kuyazoea mazingira walijigamba na kujidai 	female_feminine	4.7235	common_voice_sw_30443838.wav
mto songwe una eneo la kidaka maji chenye kilomita za mraba elfu nne 	female_feminine	7.3155	common_voice_sw_30030935.wav
anikisha uchumi wa taifa hilo kuimarika kwa aslimia saba nukta tano mwaka huu 	male_masculine	6.6675	common_voice_sw_35107937.wav
wakristo hao walikataa kutoa sadaka hiyo 	male_masculine	4.1835	common_voice_sw_28725788.wav
shoka zilizotumika kwa kazi ya kuvunja mifupa nyembe na visu 	female_feminine	7.72765625	common_voice_sw_31808946.wav
kihistoria hazijakuwa na mafanikio kama ule wa tiba mbadala 	female_feminine	5.8035	common_voice_sw_37088806.wav
ni kati ya maajabu makubwa ya dunia hii 	female_feminine	3.1035	common_voice_sw_28836347.wav
alihakikisha anasoma kwa bidii ili kutimiza ndoto zake 	female_feminine	6.57565625	common_voice_sw_31767002.wav
wanacheza kwa siku nne siku mbili zikijulikana kama siku nyeupe 	female_feminine	6.0555	common_voice_sw_30107678.wav
kwa kuzingatia haya tutakuwa na mfumo ulioboreshwa wa kutoa mafunzo kwa vijana 	female_feminine	6.7035	common_voice_sw_30089236.wav
kuna uchungu kwenda haja ndogo na wakati mwingine hata haiwezekani 	male_masculine	5.3355	common_voice_sw_30182026.wav
tuna maziwa tuna misitu tuna milima 	female_feminine	3.4635	common_voice_sw_34942396.wav
pep guardiola hajawahi kufungwa mara tatu mfululizo 	female_feminine	5.4075	common_voice_sw_29925693.wav
walianzisha shule za dini kwa ajili ya 	female_feminine	3.6075	common_voice_sw_35183988.wav
tawimto kubwa ni mto mweusi 	female_feminine	2.8155	common_voice_sw_28583186.wav
shughuli za kilimo na utalii pia usafirishaji na bila kusahau uvuvi 	female_feminine	5.0475	common_voice_sw_29793928.wav
ezi ukaweka numbers sana kwenye hii kitu kwa sababu inategemea na priorities za nchi 	female_feminine	5.9475	common_voice_sw_37214859.wav
aliyekuwa akitawala katika kipindi hicho hapo kisiwani 	male_masculine	6.2355	common_voice_sw_29907000.wav
milima mitatu inaonekana kama vilele vitatu vya mlima mmoja 	female_feminine	5.5155	common_voice_sw_30197488.wav
ambazo zingine na zile sifurahie akaruhusu ziendelee katika 	female_feminine	4.8675	common_voice_sw_37090203.wav
hii ilianzishwa mnamo tarehe moja mwezi wa pili 	female_feminine	5.0475	common_voice_sw_28672901.wav
pep guardiola akachagua mbinu ya pasi nyingi 	male_masculine	2.7075	common_voice_sw_30085557.wav
alichagua jina la kaiser na lilitumika hadi tanzania ilipoundwa 	male_masculine	4.7595	common_voice_sw_30381963.wav
amenifanya mwana niliyekuwa mfungwa 	female_feminine	3.9675	common_voice_sw_35156077.wav
vijana wanaweza wakaona ugumu kuwaambia wenzi wao kuwa wameambukizwa magonjwa ya zinaa 	female_feminine	5.9835	common_voice_sw_29791450.wav
takriban miaka elfu mbili na mia tano iliyopita watu walionge lugha ya cushitic 	female_feminine	5.9835	common_voice_sw_29939353.wav
mara kwa mara hufuma marembesho na mikufu ya 	female_feminine	4.2555	common_voice_sw_30205635.wav
usikuwa na pupa unapofanya vitu 	male_masculine	3.4275	common_voice_sw_36382080.wav
wakurugenzi mameneja na mameneja wasaidizi huteuliwa na gavana 	male_masculine	7.0275	common_voice_sw_29836671.wav
ikolojia na kupunguza mazao ya mimea na kuathiri misitu 	female_feminine	5.5155	common_voice_sw_37084849.wav
bahari hii siyo kubwa sana kama zilivyo bahari ya hindi na atlantiki 	female_feminine	7.29565625	common_voice_sw_30121923.wav
wakati wa kutembelea ni wakati wowote wa majira ya mwaka 	female_feminine	4.9755	common_voice_sw_29792013.wav
umaridadi wake umekuwa mzuri kila siku iitwayo leo 	female_feminine	4.3275	common_voice_sw_29791492.wav
kocha wa taifa wa brazil aliiongoza kushinda ubingwa 	female_feminine	4.1475	common_voice_sw_29798311.wav
hizo ni tabia tu lakini pia kuna baadhi ya sifa 	female_feminine	4.1475	common_voice_sw_30048139.wav
shirika la haki za kibinadamu hufanya mazungumzo ya majadiliano 	female_feminine	4.6875	common_voice_sw_34764785.wav
ilikuwa ni theluthi moja ya uzito wa mwili wake 	female_feminine	6.1275	common_voice_sw_29153587.wav
na zamani za roma ya kale wenyeji wa misri na mkoa wa afrikatunisia ya 	female_feminine	6.7035	common_voice_sw_35425410.wav
utamaduni na mila zao hufahamika sana katika suala la kucheza ngoma za asili 	female_feminine	7.3155	common_voice_sw_30052328.wav
wanyama na mimea pamoja nawakazi wa eneo hilo ni milioni moja 	female_feminine	6.7755	common_voice_sw_30308432.wav
gül historia yake yaonesha ni mtu mwenye 	female_feminine	3.8235	common_voice_sw_35099640.wav
ghana na mmoja wa viongozi wenye nia ya kujenga muungano wa afrika tena mchochezi 	female_feminine	7.0635	common_voice_sw_35099289.wav
jeshi la waasi likaingia katika mji mkuu wa cuba 	female_feminine	4.5435	common_voice_sw_30022336.wav
hasa yale ya chakula na biashara 	female_feminine	2.8875	common_voice_sw_30434264.wav
jumamosi kuu inaitwa kwa namna tofauti katika lugha mbalimbali 	female_feminine	4.9755	common_voice_sw_28834667.wav
na kumuachia mdogo wake ajulikanae kama ràul castro 	female_feminine	5.4075	common_voice_sw_36746527.wav
akiwa na ambwene yesaya katika wimbo wa mfalme na malkia na amani 	female_feminine	5.7675	common_voice_sw_30087732.wav
zoea kuisha kwa kawaida na usihofie chochote 	female_feminine	6.4155	common_voice_sw_30570295.wav
lakini vijana bado wanavuta kwa kasi kiasi hiki itakuaje sasa kuhusu 	female_feminine	5.6955	common_voice_sw_30659494.wav
boma la kale la wajerumani bado inatumika 	female_feminine	4.2555	common_voice_sw_29304343.wav
mvua mingi ilileta mafuriko kijijini 	female_feminine	3.0675	common_voice_sw_34757360.wav
ni tishio kwa sarafu kama dola na euro 	female_feminine	4.7955	common_voice_sw_30327568.wav
takwimu hazikuonesha ni watu wangapi walizama kwenye titanic 	female_feminine	5.9835	common_voice_sw_35104673.wav
shule ya sekondari ya elboro mkoani arusha kaskazini mwa tanzania 	female_feminine	5.8035	common_voice_sw_29797317.wav
miongo kadhaa aliyotumikia kifungo haikumvunja nguvu 	male_masculine	4.0755	common_voice_sw_29996618.wav
kuna makadirio ya kwamba jumla ya watu laki moja hadi laki tano waliuawa 	female_feminine	7.1355	common_voice_sw_30033962.wav
mwamubambe alipoona mambo yamemzidia akatimua mbio 	female_feminine	5.9835	common_voice_sw_31285870.wav
ramani na data za kijiografia hutumia wastani kati ya mahali pa namna hiyo 	female_feminine	6.4875	common_voice_sw_28666526.wav
umiliki wa ardhi umeongezeka kwa wanawake kutoka asilimia sita 	female_feminine	5.8755	common_voice_sw_29789862.wav
kwenyewe baba yake nape amewahi kuwa mjumbe wa kamati kuu ya kwanza katibu wa 	female_feminine	7.0275	common_voice_sw_36644346.wav
mbili huenda ikawa vigumu kuyathibitisha kwa sababu ya umbali wa maeneo ya vijiji vyao 	female_feminine	5.9475	common_voice_sw_36644275.wav
jiji lipo katika pwani ya mjini kusini mwa mediteranea 	female_feminine	4.9035	common_voice_sw_29395929.wav
kilichonileta hapa ni kufafanua lengo la fedha hizo 	female_feminine	5.6235	common_voice_sw_30036046.wav
ni moja kati ya majimbo tisa ya kaunti ya meru 	female_feminine	4.5075	common_voice_sw_28584926.wav
ziwa nyasa wilaya ya ludewa mkoa wa njombe kusini mwa nchi ya tanzaniamwaka 	male_masculine	5.4435	common_voice_sw_36390187.wav
makombora yalipotua kwenye viwanja vya ikulu alipanda helikopta ya jeshi na kutimkia kampala 	female_feminine	8.2875	common_voice_sw_30031779.wav
kila hatua ina sifa zake na matatizo yake maalumu 	female_feminine	4.4355	common_voice_sw_29752771.wav
mtoto wa tembo anazaliwa akiwa na kilo themanini 	female_feminine	6.03565625	common_voice_sw_30121964.wav
mtu yeyote anayevunja sheria za jamhuri ataadhibiwa kwa mujibu wa sheria 	female_feminine	9.5835	common_voice_sw_30378702.wav
ilikuwa novemba tano mwaka elfu mbili 	female_feminine	3.1755	common_voice_sw_31584339.wav
umoja wa mataifa unaitangaza nchi ya tanzania 	female_feminine	4.0035	common_voice_sw_30653831.wav
hifadhi hii pia inasifika kwa wingi wa ndege hasa heroe na mnandi 	female_feminine	6.2355	common_voice_sw_30130595.wav
kwa kuwapatia mafunzo wanajeshi binafsi wa cuba waliokuwa ukimbizini 	female_feminine	5.3355	common_voice_sw_31284665.wav
maalim self alizikwa tarehe kumi na nane mwezi wa pili 	female_feminine	4.6875	common_voice_sw_30354197.wav
kati ya mlima meru na mlima kilimanjaro nyanda yenye rutuba 	female_feminine	3.9675	common_voice_sw_29923141.wav
uzuri wa tanzania vivutio vya utalii vimegawanyika kila kanda 	female_feminine	6.5955	common_voice_sw_29788795.wav
sikufika kwa harusi ya dadangu wiki iliyopita 	female_feminine	3.7155	common_voice_sw_37221113.wav
pia hali ya hewa inabadilika kadri anavyozidi kuelekea katika kilele 	female_feminine	5.5875	common_voice_sw_30337189.wav
mji wa morogoro unajulikana pia kwa klabu za mchezo wa mpira 	female_feminine	5.6955	common_voice_sw_29629355.wav
ni wewe wa kuokoa 	female_feminine	2.9235	common_voice_sw_35183363.wav
tanzania ilihitaji wasimamizi bora wa mali ghafi 	female_feminine	4.7955	common_voice_sw_29791294.wav
hata hivyo mfumo huo wa mahakama huwa chini ya bunge 	female_feminine	5.2275	common_voice_sw_29632901.wav
na aliefanya vile alikuwa na nia ya kuikausha maji 	female_feminine	4.5435	common_voice_sw_34812575.wav
kutwaa kombe la dunia mara mbili mfululizo sio jambo rahisi 	female_feminine	4.1835	common_voice_sw_30582052.wav
a zikachakachuliwa huko huko vijijini 	female_feminine	4.0755	common_voice_sw_34940571.wav
tutashinda vita hii endapo wananchi pia watatuunga mkono 	female_feminine	4.7955	common_voice_sw_35103687.wav
mwaka elfu moja mia tisa tisini na nne 	female_feminine	4.4355	common_voice_sw_30376731.wav
unaweza kuwaona chui wakibarizi katika vivuli vya matawi ya miti 	female_feminine	8.6835	common_voice_sw_30566563.wav
sehemu kubwa ya nchi hasa kaskazini na magharibi hadi mwishoni mwa 	female_feminine	6.1275	common_voice_sw_34944412.wav
kwenye titi unaweza kukakaa katika maeneo aaa matano 	female_feminine	4.6155	common_voice_sw_37094552.wav
andres iniesta alikuwa na balaa duniani 	female_feminine	6.6675	common_voice_sw_30569937.wav
sawa karibu sanaaliongea maneno hayo huku akipiga muhuri pasi ya jacob 	male_masculine	8.5035	common_voice_sw_34763927.wav
mpango wa hili hautaishia kwa mchezaji kuishia kupata mazoezi ya kocha wa timu pekee 	female_feminine	6.9555	common_voice_sw_30328908.wav
utanipa chakula nikule nikifika nyumbani 	female_feminine	4.0755	common_voice_sw_34827691.wav
wamasai wadogo wakiwa na vilemba na michoro 	female_feminine	5.0835	common_voice_sw_29793091.wav
wavulana waliotahiriwa wataishi katika manyatta yaani kijiji kilichojengwa na mama zao 	female_feminine	6.8475	common_voice_sw_35214184.wav
karume alitoa mchango mkubwa sana katika serikali ya mapinduzi ya zanzibar 	female_feminine	5.4075	common_voice_sw_30025305.wav
wakazi wake leo wanaunda jamhuri ya muungano wa tanzania 	female_feminine	4.4355	common_voice_sw_30329557.wav
itakufanikishia wewe kusafiri toka ulipo hadi bondeni ngorongoro kwa bei nafuu 	female_feminine	6.8115	common_voice_sw_30073459.wav
mabaharia walikuwa wanatuma jumbe kutoka majini mpaka nchi kavu 	female_feminine	5.2275	common_voice_sw_35182259.wav
wananchi wanatakiwa wajisajili kupiga kura 	male_masculine	3.4635	common_voice_sw_29787715.wav
nyumba moja ya kupanga imependekezwa kujengwa mahondo 	female_feminine	5.4075	common_voice_sw_30196411.wav
simulizi inayoendana na ufafanuzi wa matukio yanayoripotiwa 	female_feminine	6.3075	common_voice_sw_30667250.wav
kuanzia mashariki tarakea rombo hadi magharibi kwa kilimanjaro siha machame 	female_feminine	5.6955	common_voice_sw_30581811.wav
hutajirika na kalsiamu ngumu kama saruji baada ya kunyeshewa 	female_feminine	8.0355	common_voice_sw_29793229.wav
upo kwenye pwani ya bahari nyeusi 	female_feminine	3.1755	common_voice_sw_28926870.wav
zile mbili au inaweza kuwa na msamiati wenye uzito sawa lugha hiyo ndiyo kipijini 	female_feminine	6.4875	common_voice_sw_35183394.wav
sasa hawa ana matumaini kwa maisha yake 	male_masculine	5.4075	common_voice_sw_28670573.wav
na dawa yake yaani ukimeza umepona tofauti na malaria hata anywe dawa leo 	female_feminine	6.2355	common_voice_sw_36617207.wav
hifadhi ya mikumi jina la hifadhi limetokana na milima hiyo 	female_feminine	7.69165625	common_voice_sw_30569175.wav
mifumo tofauti hutumika kulingana na mategemeo ya timu katika mchezo fulani 	female_feminine	6.9555	common_voice_sw_30030990.wav
virusi husababisha ini kusinyaa na kushindwa kufanya kazi vyema 	female_feminine	5.5155	common_voice_sw_29924359.wav
inasemekana aliuawa kwa ajili ya imani pamoja na mke wake na wengineo 	female_feminine	6.3435	common_voice_sw_28718723.wav
kwa wengine kama mileli bahari hutumika kwa kukamata mawindo tu 	female_feminine	6.5235	common_voice_sw_28874605.wav
mangi shangali alitokea alitokea katika ukoo wa mushi kutoka machame 	male_masculine	4.5435	common_voice_sw_30450842.wav
hili ni eneo lenye urefu wa kilometa ishirini kina cha mita mia sita 	female_feminine	4.3275	common_voice_sw_30074065.wav
tutamsifu bwana milele na milele 	male_masculine	2.9955	common_voice_sw_37224716.wav
muhimu si tu ulipofika lakini pia wapi umeanzia 	female_feminine	5.8755	common_voice_sw_29943833.wav
stanley aliona ziwa hili mara ya kwanza 	female_feminine	4.7955	common_voice_sw_30308124.wav
siku hizi imekuwa nchi tajiri kutokana na utalii 	male_masculine	6.3435	common_voice_sw_28669905.wav
chimbuko la mji huu ambako sasa panajulikana kama eneo la magofu ya kaole 	female_feminine	7.5315	common_voice_sw_30230301.wav
eeh huenda walishauriana na utakumbukwa vizuri alisema kwamba awali walikuwa wameshauriana 	female_feminine	6.3075	common_voice_sw_34958100.wav
kitafuata imani ya ujamaa ikiwa na maana kwamba watu wote ni sawa 	female_feminine	5.6955	common_voice_sw_29981817.wav
jengo hili la ghorofa mbili lina urefu wa mita arobaini na mbili 	female_feminine	5.6955	common_voice_sw_29792547.wav
kuna tofauti kati ya wakazi wa pemba na unguja 	female_feminine	4.7955	common_voice_sw_34895895.wav
kobe ni mnyama jamii ya reptilia ambaye kwa kumtazama tu lazima ujiulize maswali mengi 	male_masculine	8.3955	common_voice_sw_30201722.wav
licha ya kujiuzulu wadhifa wake huo miaka michache awali 	female_feminine	4.6155	common_voice_sw_30196492.wav
likiwa na wakazi milioni tatu na laki tano hivi 	male_masculine	4.3635	common_voice_sw_30017185.wav
mwaka wa elfu moja mia tisa arobaini na tisa 	male_masculine	4.9755	common_voice_sw_36067098.wav
wapagazi wao walibeba bidhaa kutoka zanzibar zilizobadilishwa kwa pembe za ndovu 	female_feminine	5.6955	common_voice_sw_35214571.wav
hakika mtu anayefahamika na kujulikana sana ni ahmed mistil 	male_masculine	6.5235	common_voice_sw_34890799.wav
pep ni moja wapo ya makocha bora duniani 	female_feminine	3.6435	common_voice_sw_30653507.wav
ulifanyika mjini mombasa bila idhini ya mwenyekiti wala kamati ya chama 	female_feminine	6.0555	common_voice_sw_35103347.wav
vita hivyo vilitanguliwa na kuzorota kwa uhusiano kati ya uganda na tanzania 	female_feminine	6.8475	common_voice_sw_29799471.wav
mapafu na kupita kwenye mfumo wa damu na 	female_feminine	4.1835	common_voice_sw_35099623.wav
brazil ilicheza dhidi ya italia kwenye fainali ya dunia 	female_feminine	4.2555	common_voice_sw_30718075.wav
wengi wanamtumia kiumbe huyo kukuza mapato ya taifa 	female_feminine	5.4435	common_voice_sw_30585124.wav
alishindwa kumpa baraka na kumfanya awe laiboni anayefuata 	female_feminine	6.7755	common_voice_sw_29793932.wav
afrika pia baadhi ya nchi zimeunga mkono hilo 	female_feminine	4.0755	common_voice_sw_35118942.wav
akawa sultani wa kwanza wa zanzibar 	female_feminine	2.7435	common_voice_sw_30640465.wav
wamasai wa tanzania walifukuzwa kutoka ardhi yenye rutuba 	male_masculine	4.4355	common_voice_sw_29997361.wav
wakati waingereze walipowafukuza ili kutayarisha mashamaba ya wakoloni 	female_feminine	5.2275	common_voice_sw_30314119.wav
abeid karume aliwaalika kuitembelea zanzibar baadhi ya viongozi wa chama hicho 	female_feminine	9.0075	common_voice_sw_30382944.wav
barack hussein obama wa pili 	female_feminine	2.7075	common_voice_sw_34980696.wav
watu kutoka maeneo ya kongo walihamia pwani ya afrika ya mashariki 	female_feminine	4.3275	common_voice_sw_31285837.wav
abiria wa titanic walisimulia hadithi za kweli 	male_masculine	4.7235	common_voice_sw_36387318.wav
kama ilivyo kawaida ya maisha kwa kiumbe yeyote aliye hai 	female_feminine	5.8035	common_voice_sw_30624075.wav
hadi mwaka wa elfu moja na mia saba alitawala ruhinda wa tano 	female_feminine	6.1635	common_voice_sw_31590673.wav
hifadhi ya taifa ya ngorongoro na serengeti 	female_feminine	3.3555	common_voice_sw_31284471.wav
mwai kibaki akachaguliwa kama rais tarehe kumi na saba aprili elfu mbili na nane 	female_feminine	7.0275	common_voice_sw_30623998.wav
maisha yaliyosababishwa na ukosefu wa huduma hizo za msingi nchini humo 	female_feminine	5.1555	common_voice_sw_29791392.wav
kisukari aina ya kwanza ambapo insulini inakuwa tegemezi 	female_feminine	6.4155	common_voice_sw_30230735.wav
mbuni dume anaishi maisha marefu zaidi 	female_feminine	3.8955	common_voice_sw_30354007.wav
kuna kaldera yenye upana wa kilomita mbili nukta tano 	female_feminine	5.8035	common_voice_sw_30080294.wav
aligombea na kuchaguliwa kuwa mbunge wa jimbo la ruangwa mkoani lindi 	male_masculine	6.7755	common_voice_sw_29958338.wav
vimekuwa kama alama za mapinduzi duniani kote 	female_feminine	4.0035	common_voice_sw_34979717.wav
athari kubwa imepelekea watu wengi kupoteza maisha kutokana na migogoro tofauti ya marais 	female_feminine	5.6955	common_voice_sw_29790730.wav
ya mauwaji yaliofanywa na polisi mmoja nchini marekani michael minim 	female_feminine	4.1475	common_voice_sw_34958953.wav
alianza maisha ya kujitegemea akiwa na umri mdogo 	female_feminine	5.1555	common_voice_sw_28718597.wav
wakati wa vita kuu ya kwanza ya dunia waingereza waliteka kisiwa cha mafia 	female_feminine	7.25965625	common_voice_sw_30555985.wav
walikutana na mandela kwa ajili kujadili suluhu na hatma 	female_feminine	4.3275	common_voice_sw_30582388.wav
vijiji vya jirani zake kwa maana ya kupanua tena himaya yake 	female_feminine	6.9555	common_voice_sw_30204442.wav
hadi mwaka wa elfu moja mia tatu thelathini na tano 	female_feminine	6.6675	common_voice_sw_29791665.wav
kustaafu na shule kupewa pension zako za maisha 	female_feminine	5.1555	common_voice_sw_35183989.wav
uasherati na uzinzi amri ya sita isemayo usiue ilivunjwa na mauaji yakawa ni matokeo 	female_feminine	9.7635	common_voice_sw_34917733.wav
picha hiyo ilipigwa aprili mwaka elfu moja mia tisa tisini 	male_masculine	4.3275	common_voice_sw_37229709.wav
asili yake ni ni kutoka wanawake wa zanzibar 	female_feminine	3.8955	common_voice_sw_29791457.wav
eneo ambalo mamia ya wapigania uhuru toka afrika kusini waliishi 	male_masculine	5.4075	common_voice_sw_29938215.wav
malighafi zilizokuwa zikizalishwa amerika na wafanyakazi waliochukuliwa 	male_masculine	6.1635	common_voice_sw_29950330.wav
walipinga uanzishwaji wa vyama vya siasa 	female_feminine	4.2555	common_voice_sw_30181733.wav
namke huyo angenyongwa jumatano ya leo 	female_feminine	4.9035	common_voice_sw_35442244.wav
ina ukubwa wa kilomita za mraba elfu tatu mia mbili themanini na nne 	male_masculine	8.5755	common_voice_sw_30364226.wav
ulishinda nyingine na wimbo mwingine ulishinda tuzo nyingine 	female_feminine	4.7235	common_voice_sw_34762824.wav
pia sheikh abeid amani karume kwa upande wa zanzibari 	female_feminine	4.6875	common_voice_sw_29922712.wav
umaarufu wa filamu hiyo ulichangiwa na ushiriki wa mastaa 	female_feminine	6.5235	common_voice_sw_30667212.wav
watu wengine na zaidi ya hayo hawajisifu kwa 	female_feminine	4.0755	common_voice_sw_34944301.wav
hayajulikani mengine kuhusu historia yao ila tangu kale wanaheshimiwa kama watakatifu 	female_feminine	6.7755	common_voice_sw_29707312.wav
halmashauri ya wilaya ya kishapu na halamshauri ya kahama mjini 	female_feminine	4.3635	common_voice_sw_30022519.wav
pesa siyo kila kitu katakia maisha 	male_masculine	3.7155	common_voice_sw_29961508.wav
tufike uwanjani kuna sherehe 	female_feminine	4.0755	common_voice_sw_34750287.wav
duniani lakini bado watu kama hawa wanahitajika ni mtu ambaye akipeleka nyimbo 	female_feminine	5.7675	common_voice_sw_34831579.wav
aliacha kazi hiyo kutokana na wakati huo tayari vita vikuu vya pili vya dunia 	female_feminine	6.3075	common_voice_sw_30275372.wav
wasukuma hao walitokea shinyanga na mwanza miaka mingi iliyopita kutoka magharibi 	male_masculine	7.0275	common_voice_sw_30017577.wav
kazi hii yataka mtu mwenye makini mmakinifu 	male_masculine	4.7955	common_voice_sw_32210587.wav
rais mkapa alikuwa ni mtu mwenye maono ya hali ya juu 	female_feminine	5.0115	common_voice_sw_30188616.wav
wa dini asilimia themanini ni wakristo hasa 	male_masculine	4.6875	common_voice_sw_37229657.wav
mfumo wa kuzuia dakika zote ulitamba miaka ya zamani 	female_feminine	8.6835	common_voice_sw_30572130.wav
bwawa la nyabogati kipindi cha kiangazi linakauka na kujaa kipindi cha mvua 	female_feminine	6.1275	common_voice_sw_30363885.wav
ukiwa ni mlima wa tisa kwa urefu nchini 	female_feminine	4.0755	common_voice_sw_30329379.wav
baadhi ni metali kama dhahabu au chuma 	male_masculine	6.4875	common_voice_sw_28669362.wav
wana uhusiano wa karibu na asili moja 	female_feminine	4.1475	common_voice_sw_35183643.wav
nyerere alikuwa na mchango mkubwa wakati wa harakati za kupigania uhuru 	female_feminine	6.8835	common_voice_sw_29799593.wav
matajiri wengine wanaanzisha kampuni za kubashili mayokeo ya mechi 	female_feminine	5.4435	common_voice_sw_30443885.wav
wafaransa nao walifika katika kisiwa hicho 	female_feminine	3.7875	common_voice_sw_35183939.wav
lakini mara nyingi kuna uchaguzi bandia badala ya uchaguzi huru 	female_feminine	6.2355	common_voice_sw_28699111.wav
ugali huu ni mtamu sana 	female_feminine	2.6355	common_voice_sw_37221800.wav
wapo baadhi ya wanafamilia waliomwomba msamaha mama yao 	female_feminine	5.3355	common_voice_sw_30015708.wav
ilipofika siku ya jumatano muda wa alasiri aliamua kwenda kumuona daktari wake kwa vipimo 	female_feminine	7.0635	common_voice_sw_30031153.wav
vyanzo mbalimbali vinasema ya kwamba alizaliwa elfu moja mia tisa ishirini na tano 	female_feminine	8.15965625	common_voice_sw_30103675.wav
kipindi cha upanuzi kilifuatiwa na emutai 	female_feminine	5.6955	common_voice_sw_34833319.wav
kuhama wengi wao walikwenda azabajani ambapo walipokea 	female_feminine	5.8035	common_voice_sw_36642336.wav
kazi ya kupigana na watu wa mungu achana nayo 	female_feminine	4.1835	common_voice_sw_35154846.wav
safari yake ya uanamitindo imejawa na changamoto nyingi sana 	female_feminine	4.7955	common_voice_sw_30653678.wav
tabasamu lake hunipa ujasiri wa kupambana zaidi 	female_feminine	4.4355	common_voice_sw_30539508.wav
kutoka dar es salaam ukisindikizwa na milima ya usambara 	female_feminine	4.2555	common_voice_sw_35181936.wav
anasema katika kabila la wasafa waliliita ziwa ngosi au ligosi 	male_masculine	6.1995	common_voice_sw_30379614.wav
yanga walifunga mabao kwa nafasi ambazo mabeki wa kati hawakuhusiki 	female_feminine	7.5675	common_voice_sw_30196732.wav
ikiwa imekatishwa na mtandao mzuri wa barabara za kuangalia wanyama 	female_feminine	5.5155	common_voice_sw_30628516.wav
akifariki kutokana na ukimwi huku akizungukwa na familia yake 	female_feminine	5.3355	common_voice_sw_31823769.wav
linaweza kuwa jambo la kufikirika zaidi kwa wapenda soka 	female_feminine	4.8675	common_voice_sw_30056319.wav
matokeo hayo yalithibitisha afya ya wamoran 	male_masculine	4.6515	common_voice_sw_30376090.wav
wanyama wanaopatikana katika hifadhi hiyo ni wengi 	female_feminine	3.8955	common_voice_sw_30653736.wav
madhumuni ya habari ya ummakupatikana kwa ufuatiliaji wa ubora wa 	female_feminine	6.9555	common_voice_sw_35156929.wav
pep guardiola akatwaa ubingwa wa uingereza 	female_feminine	3.6435	common_voice_sw_30653534.wav
wangekuwa wanaweza kuwa na uwezo wa kuwa na fedha wangekuwa 	female_feminine	5.1555	common_voice_sw_36251180.wav
kiliweka historia nchini na afrika katika soka baada ya kuwavua ubingwa miamba wa soka 	male_masculine	8.1075	common_voice_sw_30627942.wav
haki zao kama haki zao wanaanza kutishiwa 	male_masculine	6.3435	common_voice_sw_36052533.wav
wakati wa uhuru wa kenya sehemu hii ikaingizwa katika jamhuri ya kenya 	female_feminine	6.5235	common_voice_sw_30055820.wav
sita arobaini waliingia misri baadhi ya wenyeji wakopti 	female_feminine	5.0475	common_voice_sw_35103565.wav
kamwe hawana athari yoyote kwa binadamu 	female_feminine	4.1475	common_voice_sw_29794164.wav
miaka miwili baadaye alipata udaktari wa teolojia 	female_feminine	5.9475	common_voice_sw_29468040.wav
miti kadhaa na mimea mingine iko historia 	male_masculine	3.0675	common_voice_sw_36387837.wav
vilevile longombas ambalo ni kundi maarufu lenye makao nchini kenya 	female_feminine	6.9555	common_voice_sw_29798077.wav
ethopia inatajwa kama nchi iliyofanya mageuzi makubwa na kuimarisha 	female_feminine	6.1995	common_voice_sw_37083992.wav
brazil iliendelea na biashara hiyo hadi mwaka elfu moja mia nane hamsini 	female_feminine	6.8835	common_voice_sw_30034409.wav
maneno yenye asili ya kiarabu kati ya thelathini hadi asilimia arobaini 	male_masculine	6.3075	common_voice_sw_37093590.wav
mfano wa madawa hayo ni kama kokaini heroini bangi na miraa 	female_feminine	4.1475	common_voice_sw_35250640.wav
katika wachezaji wanaongoza kwa kufunga mabao mengi kwenye ligi kuu ya hispania 	female_feminine	6.5955	common_voice_sw_35146289.wav
wakiwa kundi moja bali walikuja kwa mtindo wa koo 	female_feminine	4.1835	common_voice_sw_29922624.wav
azerbaijan ina historia ndefu kuanzia zama za mawe 	female_feminine	5.3355	common_voice_sw_28748383.wav
ikitokea nyumbu amezaa na simba anamkimbiza atakimbia hata hatakumbuka mtoto 	female_feminine	8.5755	common_voice_sw_30108392.wav
dini mpya kawaida zina maelezo ya kipekee kuhusu maana ya maisha 	female_feminine	5.8035	common_voice_sw_28790702.wav
huku kundi lingine likiendelea kuelekea mashariki kupitia mlima sekenke hadi kisiriri 	female_feminine	7.5675	common_voice_sw_30574535.wav
aliunda taasisi ya utafiti wa kiafrika 	female_feminine	4.5075	common_voice_sw_28748539.wav
tarehe tano juni kila mwaka watanzania wanaungana na mataifa mengine 	female_feminine	5.2635	common_voice_sw_35105421.wav
katika hatua hii ndio uamuzi unachukuliwa wa kutahiri wavulana 	female_feminine	4.5435	common_voice_sw_29794563.wav
sir edward mutesa wa pili alikuwa rais wa taifa 	female_feminine	4.3275	common_voice_sw_30717705.wav
gharama ya takribani shilingi bilioni nane za kitanzania 	female_feminine	7.1355	common_voice_sw_30372566.wav
alizaliwa kijana mmoja kutoka kijiji cha makunda wilayani iramba 	female_feminine	5.8755	common_voice_sw_30183075.wav
hadi katika usafiri wa anga kwa maana ya usafiri wa ndege 	female_feminine	6.4155	common_voice_sw_30355314.wav
mipaka mingine ni ya ghuba ya uajemi 	male_masculine	4.8675	common_voice_sw_28582433.wav
ambapo afisa waji maji wa bonde ndiye katibu wa bodi hiyo 	male_masculine	4.7955	common_voice_sw_37086934.wav
bilioni thelathini na tisa zimetolewa kwa ajiri ya wanawake 	female_feminine	4.8675	common_voice_sw_30659098.wav
kusafirisha watumwa afrika katika ya karne ya kumi na tisa kutoka kitabu cha livingstone 	female_feminine	7.6755	common_voice_sw_35438525.wav
wake uislamu hufundisha kuhusu vita vya ndani ambavyo muumini 	male_masculine	4.6155	common_voice_sw_37093869.wav
kujivunia na kila mtanzania anapaswa kuona thamani 	male_masculine	5.6235	common_voice_sw_30144192.wav
nyumba nyingine mbili za bwana karume zilikuwa gongoni na michenzani 	female_feminine	6.3075	common_voice_sw_29790618.wav
wapare walikuwa na utamaduni wa shughuli za sanaa kama methali na hadithi 	female_feminine	5.6955	common_voice_sw_30363011.wav
musa a o 	female_feminine	4.1835	common_voice_sw_28673050.wav
tunaweza sema kwamba kulingana na matamshi yake ni kwamba 	female_feminine	4.7955	common_voice_sw_35103479.wav
tunaona kwamba mtemi huyu wa kabila la wangindo aliamini 	female_feminine	6.8475	common_voice_sw_29789310.wav
mini kwa kufanya hivyo kutafungua mioyo mioyo ya wananchi hao 	female_feminine	5.2635	common_voice_sw_35172687.wav
bidhaa nyingi kutoka uingereza kwa bei za juu 	female_feminine	4.3635	common_voice_sw_35110390.wav
wengine wamejaribu kuona msingi wa jina katika lugha ya kichagga 	female_feminine	5.8035	common_voice_sw_30034532.wav
ilikuwa nyumba ya chumba na sebule 	female_feminine	3.2475	common_voice_sw_34906630.wav
na kilomita za mraba elfu kumi na tisa mia mbili na nane 	female_feminine	6.0555	common_voice_sw_34763053.wav
kiliibuka na kuwa moja ya vikundi vya wapiganaji ambavyo vilikuwa 	female_feminine	4.9755	common_voice_sw_37094913.wav
kufaulu kwa kura ya maamuzi huku sudan kwa namna moja au nyingine na manufaa 	female_feminine	6.3075	common_voice_sw_35104544.wav
mto naili una mamba wenye hasira kali duniani 	female_feminine	4.8675	common_voice_sw_30017275.wav
ninasoma 	male_masculine	3.4275	common_voice_sw_34391610.wav
shahada ya pili katika sayansi ya maendeleo ya jamii chuo kikuu cha hull uingereza 	female_feminine	8.30365625	common_voice_sw_30143822.wav
nataka kuuliza swali 	female_feminine	2.3475	common_voice_sw_37211831.wav
hakuna mtu asiyetaka kuitazama timu ya guardiola ikicheza 	female_feminine	6.6675	common_voice_sw_29797795.wav
alipata habari ya kwamba hata mdogo wake mpangile alishikamana na wajerumani 	female_feminine	6.3075	common_voice_sw_30195894.wav
kuna makaburi ya wafoeniki karibu 	male_masculine	3.6435	common_voice_sw_28682690.wav
anataka kuwafukuza wazungu kutoka katika bara la afrika 	female_feminine	4.0755	common_voice_sw_29923003.wav
wakamfuata mkwawa tarehe kumi na nane mwezi wa saba 	female_feminine	4.9755	common_voice_sw_30582720.wav
mti aliyonyongewa upo mpaka sasa sehemu ya oldmoshi bomani karibu na kolila sekondari 	female_feminine	9.0435	common_voice_sw_30623602.wav
dawa mbalimbali zimetumika kwa kusudi hili kama vile bupropioni 	female_feminine	6.7035	common_voice_sw_35104406.wav
kwa mfano wajita wa koo za rusori 	female_feminine	3.8235	common_voice_sw_35588664.wav
baadhi ya watemi wa waruri ikiwa ni pamoja na mtwenge 	female_feminine	4.1835	common_voice_sw_29791609.wav
ndege zake tatu zilikuwa zikitoka uwanja wa ndege wa ngerengere mkoani morogoro 	female_feminine	7.1355	common_voice_sw_30332354.wav
aliniandikia ujumbe mzito uliyoniacha kinywa wazi 	female_feminine	4.0755	common_voice_sw_30658936.wav
hata ikiwa ndivyo ilivyokuwa ni juu yangu 	male_masculine	4.0755	common_voice_sw_28695670.wav
la tanzania na zambia inayoanzia safari zake 	female_feminine	5.4435	common_voice_sw_30495167.wav
ni msingi wa kalenda ya watakatifu katika mwaka wa liturujia 	female_feminine	5.1555	common_voice_sw_28666748.wav
hadi mwaka elfumoja miasaba themanini na tatu 	male_masculine	3.8235	common_voice_sw_36386214.wav
wabena kabila linalosifika kwa ukaribu sana 	female_feminine	4.1475	common_voice_sw_30658747.wav
lakini pia ni wakati wa wadau na mashabiki kubadilika 	female_feminine	4.9755	common_voice_sw_36617293.wav
walichangia kikamilifu hasa harakati za ukombozi 	female_feminine	4.6155	common_voice_sw_30591019.wav
alijifunza uhandisi huko frankfurt na baadaye chuo kikuu cha munich 	male_masculine	5.4075	common_voice_sw_28980440.wav
hakikisha orodha yako ya lazima kuona vivutio 	female_feminine	3.8235	common_voice_sw_35206860.wav
akikagua ofisi mpya za ardhi ya mkoa wa mara 	female_feminine	4.1835	common_voice_sw_31285062.wav
wanyama wengine wanaopatikana gombe ni kima wenye mkia mwekundu na bluu 	female_feminine	6.7035	common_voice_sw_29791248.wav
daktari matumbo hutibu wagonjwa 	female_feminine	3.8955	common_voice_sw_37221525.wav
mtangulizi wake vladimir putin akawa waziri mkuu kulingana na 	female_feminine	6.1635	common_voice_sw_35104894.wav
tumekuwa tukisoma usiku kucha 	female_feminine	3.0675	common_voice_sw_35525990.wav
mbalimbali za kifedha kupitia mabenki ni lazima ziboreshwe 	female_feminine	4.6875	common_voice_sw_29798637.wav
mkutano huo ulifanyika kuanzia mwaka elfu moja mia nane themanini na nne 	female_feminine	6.4155	common_voice_sw_29788369.wav
kwa sasa hupatikana sehemu ya kusini na kati ya ureno na hispania 	female_feminine	4.8675	common_voice_sw_28962037.wav
aa imekuwa ni kawaida pale ambapo unapokwenda kinyume na masuala mbalimbali 	female_feminine	6.1635	common_voice_sw_35161022.wav
ligi ya mabingwa afrika elfu mbili na kumi na sita mamelodi sundowns 	female_feminine	5.6235	common_voice_sw_34962824.wav
samia suluhu hasasn aliingia madarakani 	female_feminine	3.7155	common_voice_sw_30582551.wav
ni makao makuu ya mkoa wa mara 	male_masculine	3.7155	common_voice_sw_28878449.wav
na kiluba alijitambulisha kwa imani yake kwa bara la afrika mojamnamo mwezi wa 	female_feminine	5.9835	common_voice_sw_37093962.wav
ya sokomoko la brexit wakati waingereza watakapoamka 	male_masculine	5.6955	common_voice_sw_37101434.wav
kuzingatia miiko ya soka na kujifunza bila kukata tamaa ili wafike mbali 	female_feminine	6.2355	common_voice_sw_30623567.wav
na georgia katika eneo la kilima cha meskhetian 	female_feminine	4.9035	common_voice_sw_35438865.wav
kukabili masharti na ishara ya mwanzo mpya wa wanaharusi 	female_feminine	5.2275	common_voice_sw_30574705.wav
cha ndoto ya kuchinja mwanawe ismail ambacho hadi leo 	female_feminine	5.6235	common_voice_sw_30326699.wav
william schabas amependekeza kuwekwa sheria ya kulinda usalama 	female_feminine	6.6675	common_voice_sw_37090313.wav
mwezi julai mwaka elfu moja mia tisa hamsini na tatu 	female_feminine	8.4675	common_voice_sw_30371551.wav
wakitaka dola itenganishwe na dini muandamanaji wa 	female_feminine	4.5075	common_voice_sw_35056459.wav
loitai na kisonko pia matapato na dalalekutuk zinaongezeka 	female_feminine	6.3075	common_voice_sw_30438462.wav
sehemu hii ya bahari ina dhoruba nyingi na mawimbi makali 	female_feminine	5.8755	common_voice_sw_28883658.wav
aina mbalimbali za nyoka nazo hupatikana ndani ya dar zoo 	female_feminine	6.7755	common_voice_sw_30123144.wav
miaka miswili na zaidi nilikula kilichokuwa kifuani pake 	male_masculine	6.0555	common_voice_sw_30634759.wav
simba yaikaanga yanga yatwaa ubingwa kombe la ngao ya jamii 	female_feminine	5.5875	common_voice_sw_30364218.wav
roho mtakatifu si baba wala mwana 	female_feminine	4.1835	common_voice_sw_29390324.wav
tukio hili huwavutia sana wapigaji picha za sinema 	female_feminine	6.5235	common_voice_sw_30570110.wav
mahakama ya haki za binadamu ilibainisha uamuzi wa kesi hiyo 	female_feminine	5.0835	common_voice_sw_35177135.wav
lazima tuamke na kukubaliana na ukweli wa namna hii 	female_feminine	4.3275	common_voice_sw_29790888.wav
alishinda uteuzi wa chama cha mapinduzi katika eneo hilo 	female_feminine	4.2555	common_voice_sw_30038230.wav
chato ni mojawapo ya wilaya tano za mkoa mpya wa geita uliopo kaskazini magharibi 	female_feminine	5.2275	common_voice_sw_30221370.wav
asiyekia la mkuu huvunyika guu 	female_feminine	2.7435	common_voice_sw_31406167.wav
viti havijatosha 	male_masculine	2.0235	common_voice_sw_36042497.wav
mti wa mabuyu 	female_feminine	1.8075	common_voice_sw_36644386.wav
mataifa mengi ya afrika yanapambana kwa nguvu zote kulinda hifadhi hizo 	female_feminine	5.3355	common_voice_sw_30036040.wav
baada ya hifadhi ya kafue iliyopo nchini zambia 	female_feminine	4.7955	common_voice_sw_30055159.wav
ataimarisha kutokana na kazi yake nzuri katika jamii ikiwemo kuunganisha vijana bila kujali dini 	female_feminine	6.9555	common_voice_sw_36732051.wav
namna ambavyo alivaa haikufurahisha 	female_feminine	3.2475	common_voice_sw_34958172.wav
kutonyanyasa utenga wakristo wa mashariki ya kati 	female_feminine	4.5435	common_voice_sw_34941676.wav
pia vipo vyuo viku vingi mpaka sasa hapa tanzania 	female_feminine	4.9755	common_voice_sw_30624107.wav
usimbishaji wa theluji unaweza kutokea wakati wowote 	female_feminine	4.5435	common_voice_sw_30582749.wav
kifo cha seyyid barghash kilimleta kwenye kiti cha usultan seyyid khalifa 	female_feminine	5.9475	common_voice_sw_34947086.wav
kucha zake ni ndefu sana 	female_feminine	2.3835	common_voice_sw_34907054.wav
na sasa kumsikiliza katibu mkuu wa shirika la maendeleo la bendewa prince kihangi 	female_feminine	6.7035	common_voice_sw_35279592.wav
dokta hussein ali mwinyi alichaguliwa kuwa mgombea wa urais visiwani zanzibar 	male_masculine	6.75565625	common_voice_sw_37214464.wav
tdege waliyobaki kwenye hifadhi wanapatikana kwenye misitu 	female_feminine	5.6955	common_voice_sw_30624139.wav
kuonesha uhusiano uliopo katiya kiswahili na kiarabu 	female_feminine	3.8955	common_voice_sw_37100386.wav
nampenda yesu kristo 	female_feminine	2.8875	common_voice_sw_34762638.wav
lakini waprotestanti kwa jumla ni wengi zaidi 	male_masculine	4.6875	common_voice_sw_28673117.wav
wana watoto wanne pamoja 	female_feminine	3.5355	common_voice_sw_28718744.wav
tanzania itatwaa hadhi ya uchumi mkubwa zaidi afrika mashariki 	female_feminine	5.5155	common_voice_sw_30379787.wav
watuhumiwa walifanya mauaji ya kimbari kwa makusudi 	female_feminine	4.9035	common_voice_sw_34823960.wav
lazima kuandaa mifumo kwanza ili kupigana vita ya kiuchumi 	male_masculine	4.9755	common_voice_sw_29899299.wav
inaelezwa wote hao waliuawa kwenye mapambano ya silaha nje ya eneo la tukio 	female_feminine	5.1555	common_voice_sw_29922515.wav
msichana huyo anapendeza sana 	female_feminine	3.1035	common_voice_sw_35118878.wav
jibu maswali yote utakayoulizwa 	male_masculine	3.7155	common_voice_sw_32211223.wav
soka la ulaya kwa sasa linahitaji mbinu mpya 	female_feminine	4.6155	common_voice_sw_30329554.wav
pamoja na msukumo wa miili yao na staili mbalimbali 	female_feminine	4.5435	common_voice_sw_31406179.wav
kama vashamba kwa maana ya wasambaa huko mkoani tanga 	male_masculine	5.0475	common_voice_sw_29863568.wav
baada ya kifo cha sayyid sultan mwaka elfu moja mia nane hamsini na sita 	female_feminine	6.0555	common_voice_sw_30574712.wav
pamoja na wapagazi sabini na nne 	female_feminine	3.6075	common_voice_sw_36616429.wav
wanacheka sana wakiwa pamoja 	female_feminine	2.8155	common_voice_sw_34843263.wav
mapema alianza kuheshimiwa kama mwenye heri 	female_feminine	3.8955	common_voice_sw_29430620.wav
baada ya mafanikio kwenye klabu hata kimataifa 	female_feminine	3.8955	common_voice_sw_35099445.wav
kutoka asili hizi kuna aina nyingi za jazz zilizoendelea 	female_feminine	6.1635	common_voice_sw_28698895.wav
kwa ajili hiyo alianzisha pia shirika la masista 	female_feminine	4.9035	common_voice_sw_28714522.wav
corinne hutton mwenye miaka arobaini na nane kutoka eneo la renfrewshire 	female_feminine	7.8555	common_voice_sw_29923049.wav
ndiyo sababu anaheshimiwa na madhehebu mbalimbali kama mtakatifu mfiadini 	female_feminine	6.1635	common_voice_sw_29713327.wav
hivyo kipaumbele kikatolewa kwa wanawake na watoto 	female_feminine	4.4355	common_voice_sw_29923801.wav
waliokataa kuwapa ardhi wazungu ili wafanye kazi zao 	female_feminine	4.9035	common_voice_sw_30305638.wav
huenda idadi ya vifo ikawa kubwa zaidi 	female_feminine	4.0035	common_voice_sw_34766441.wav
walikuwa wafanyabiashara na mabaharia hodari sana 	female_feminine	5.0835	common_voice_sw_29303362.wav
watu wa zanzibar ni wa asili mbalimbali hasa watu wa asili ya afrika bantu 	female_feminine	6.5955	common_voice_sw_34979579.wav
vijana wengi wa kiluguru waliamua kubaki katika ardhi ya wandengereko 	female_feminine	5.6235	common_voice_sw_30337459.wav
ingawa hakuna idadi kamili ya watu waliouliwa wakati wa utawala wa idi amin 	female_feminine	7.2075	common_voice_sw_29924751.wav
inadaiwa watu hao wamesilimu kutoka ukristu na kuwa waislamu 	female_feminine	6.7035	common_voice_sw_37211827.wav
a anavyoelezea bwana shomali ayub kibao 	female_feminine	4.2555	common_voice_sw_35104261.wav
vifungu vya katiba vimetumiwa na baraza la usalama la umoja wa mataifa 	female_feminine	6.3435	common_voice_sw_35154742.wav
nyinyi ni watoto wa maria 	male_masculine	3.6075	common_voice_sw_35989418.wav
tangu kale wanaheshimiwa na wakatoliki na waorthodoksi kati ya watakatifu wafiadini 	male_masculine	7.7835	common_voice_sw_28830698.wav
kwa kipindi hicho muziki huo kwa tanzania ulikuwa ukichukuliwa kama uhuni 	female_feminine	6.1635	common_voice_sw_34743695.wav
wahehe waliahidi kukabidhi bunduki zote za gobori 	female_feminine	4.9035	common_voice_sw_30436263.wav
wakurugenzi watendaji wanaoteuliwa na rais wa jamhuri ya muungano wa tanzania 	female_feminine	7.1355	common_voice_sw_30667132.wav
uchaguzi wa vyama vingi ni mzuri kwenye demokrasia 	male_masculine	4.5075	common_voice_sw_30020861.wav
mrusi elev yashin alikuwa nyota wa kombe la dunia 	female_feminine	5.85565625	common_voice_sw_30004027.wav
debby alimuangalia jacob usoni huku uso wake ukiwa umelainika kidogo 	female_feminine	5.7675	common_voice_sw_35099312.wav
neno fungu la maneno 	female_feminine	3.1755	common_voice_sw_35103491.wav
alimuomba mama yake ruhusa ya kufanya kazi melini 	female_feminine	5.0475	common_voice_sw_29791719.wav
bakhresa ni mtu mashuhuri katika harakati za mapinduzi na maendeleo ya viwanda tanzania 	female_feminine	5.8035	common_voice_sw_30653832.wav
ni mji mkubwa wa sita katika nchi wa uswidi 	female_feminine	4.2555	common_voice_sw_28666664.wav
kamati hii ina wajibu wa kusimamia udhibiti wa ndani 	female_feminine	4.8315	common_voice_sw_29948994.wav
mongolia baadaye ikawa nchi huru 	female_feminine	4.7235	common_voice_sw_28680170.wav
rangi zao ni nyeusi na nyekundu au nyeusi na njano 	female_feminine	4.0035	common_voice_sw_29680334.wav
akama moja nchini afrika kusini imesongeza mbele siku ya kutoa hukumu 	female_feminine	5.4075	common_voice_sw_35409766.wav
viongozi wa kituruki walianza kufanya kazi ya kisasa 	female_feminine	4.5435	common_voice_sw_35108064.wav
naye amedadavua kuhusu buha na mahusiano ya kikanda 	female_feminine	5.2275	common_voice_sw_36643669.wav
hakuna mtu alijua kama ingewezekana kumfufua marehemu mzee suluhu 	female_feminine	5.8035	common_voice_sw_35103763.wav
mauaji ya waandamanaji pemba mzee mkapa ameeleza tukio hilo 	female_feminine	6.5955	common_voice_sw_29924889.wav
ulaya pamoja na watumwa walioletwa kutoka afrika tangu 	male_masculine	5.0835	common_voice_sw_36310955.wav
teolojia katika dini mbalimbali inatumia neno hili kadiri ya imani yake 	male_masculine	6.2355	common_voice_sw_29307060.wav
mheshimiwa samia suluhu hassan alizaliwa januari ishirini na saba elfu moja mia tisa sitini 	female_feminine	9.2955	common_voice_sw_29789387.wav
villaseñor ni mlatina 	female_feminine	4.3635	common_voice_sw_29253175.wav
ilipelekea haja ya watumwa kuongezeka kutumika katika kilimo 	female_feminine	4.5075	common_voice_sw_30074472.wav
idi amin alizindua kampeni dhidi ya mabepari wadogo 	female_feminine	4.1475	common_voice_sw_30654086.wav
vita hivi hadi leo vimeigawanya dunia mpaka hivi sasa 	female_feminine	4.4355	common_voice_sw_30585224.wav
lakini sahihi ambayo inazungumza juu ya tabia yao dhahiri ya 	female_feminine	6.2355	common_voice_sw_35171927.wav
alifanikiwa kulishinda jeshi la serikali lililokuwa linadhibitiwa 	male_masculine	5.56765625	common_voice_sw_30092059.wav
wasichana na wanawake vijana huvalia shanga hizo kwenye mavazi ya bibi harusi 	female_feminine	6.1275	common_voice_sw_35183499.wav
asili ya mimea iko asia 	female_feminine	4.0035	common_voice_sw_28666745.wav
wanasiasa wako wanacheka kwa pamoja 	female_feminine	3.7155	common_voice_sw_31996650.wav
mnamo mwaka thelathini au thelathini na tatu alikamatwa na baraza la israeli 	female_feminine	6.6675	common_voice_sw_34924825.wav
na elimu ya vitu vyote kwa kuweza duniani 	female_feminine	4.4355	common_voice_sw_30017471.wav
mashamba hayo hayawezi kudumisha idadi kubwa ya wanyama 	female_feminine	4.6155	common_voice_sw_29960695.wav
aliteuliwa kuwa waziri wa afya chini ya utawala wa mokhehle 	male_masculine	6.2355	common_voice_sw_28689990.wav
ulisababisha kuchomeka kwa miche mipya ya miti ya mbuga hiyo 	female_feminine	6.0195	common_voice_sw_30188599.wav
kaunti hupata misimu miwili ya mvua aprili hadi juni na oktoba hadi disemba 	female_feminine	5.8035	common_voice_sw_28950474.wav
pia ipo halmashauri ya wilaya ya mpanda na halmashauri ya manispaa ya mpanda 	male_masculine	5.5515	common_voice_sw_30379657.wav
yao yote hapa hata uhusiano wa ujirani umejaa joto na umakini 	female_feminine	6.3435	common_voice_sw_36644961.wav
maalim seif alipata asilimia arobaini na tisa nukta saba sita 	female_feminine	6.1635	common_voice_sw_29790348.wav
alifunga kituo chao cha utafiti na udhibiti wa malaria 	female_feminine	5.5155	common_voice_sw_30047893.wav
unakutana na mto lujenda ambao ni mkubwa zaidi 	female_feminine	4.9755	common_voice_sw_35222479.wav
ikumbukwe kuwa hifadhi hii ni maarufu kwa wanyama jamii ya 	female_feminine	5.2635	common_voice_sw_29924816.wav
mishipa ya damu kwenye ubongo inaweza kusinyaa na kupelekea 	female_feminine	5.2635	common_voice_sw_34837380.wav
wachambuzi wa siasa wanasema mzozo huo ni ishara 	female_feminine	4.0035	common_voice_sw_35222494.wav
wakijua hasa nini ulikuwa muktadha wake katika mila na desturi za kiafrika 	male_masculine	7.51165625	common_voice_sw_37225214.wav
vingi vya ubunge na hivyo kuendelea kukiongoza kisiwa hicho 	female_feminine	4.6155	common_voice_sw_35284624.wav
kumsaidia wapiganaji pia warundi walitumia ardhi ya buha kupigana na wanyamwez 	female_feminine	5.1555	common_voice_sw_37092582.wav
imekatwa nayo imepakana na kolombia peru na bahari ya 	female_feminine	5.1555	common_voice_sw_34940106.wav
alizungumza na wananchi kwa niaba ya chama cha tanganyika 	female_feminine	4.3635	common_voice_sw_29981294.wav
chelsea ndiyo waliyoshinda ubingwa wa ulaya 	female_feminine	4.5075	common_voice_sw_29791929.wav
hakika mwili ni mzito kuliko kivuli chake 	female_feminine	4.5075	common_voice_sw_28714523.wav
usipoukata utakukata 	female_feminine	3.0675	common_voice_sw_31909764.wav
uu akielezea pengine inaweza ikawa hujma au kitu kingine 	female_feminine	5.9475	common_voice_sw_34906848.wav
ronaldo amemaliza michuano akiwa mchezaji aliyefunga mabao mengi 	male_masculine	6.8475	common_voice_sw_29935552.wav
ivory coast waliibuka washindi kwa kuichapa ghana mabao tisa kwa manane 	male_masculine	6.4875	common_voice_sw_30326755.wav
mtoto wako ameibwa 	female_feminine	2.1675	common_voice_sw_35104330.wav
dereva walibishania abiria njiani 	female_feminine	4.2555	common_voice_sw_34812531.wav
ukiachia wajaluo mkoani mara pia kuna wataturu na wanandi 	female_feminine	6.4515	common_voice_sw_30100659.wav
lengo la mkataba wa mauaji ya kimbari ni kuzuia uangamizaji wa makusudi 	female_feminine	5.2275	common_voice_sw_35104115.wav
zile malighafi walizovuna katika ardhi ya afrika ziliwemo dhahabu na almasi 	female_feminine	6.8835	common_voice_sw_31285479.wav
kufanya hivyo si kutenda haki katika dhana ya maendeleo profesa tibaijuka alisema 	female_feminine	6.5955	common_voice_sw_30326457.wav
kupoteza uzito kwa kasi wakati ambapo virusi vya ukimwi vimeshasababisha ugonjwa 	male_masculine	5.2635	common_voice_sw_30381043.wav
wakati zilipokuwa njiani kuelekea maeneo ya cuba 	female_feminine	4.5435	common_voice_sw_31446742.wav
flaviana matata alijitahidi kutimiza ndoto zake 	female_feminine	4.0035	common_voice_sw_31406048.wav
mpira wa sasa umekua laini tofauti na miaka ya nyuma 	female_feminine	4.3275	common_voice_sw_29940494.wav
pamoja na ufahamu mdogo kuhusu umuhimu wa vitabu 	female_feminine	4.6875	common_voice_sw_36040224.wav
zilianzishwa kabla ya tanganyika kupata uhuru 	female_feminine	4.8675	common_voice_sw_30574301.wav
saa saba na nusu mchana jacob alikuwa asili yetu restaurant kuitikia wito wa mtaalamu 	female_feminine	5.9835	common_voice_sw_35206845.wav
kuwavutia watazamaji juu ya wazo kuu 	female_feminine	3.4635	common_voice_sw_30436163.wav
india wakafaulu kutwaa sehemu kubwa ya utawala wao 	female_feminine	7.0635	common_voice_sw_30570297.wav
viongozi wengi hasa mawaziri wa serikali ya umoja wa kitaifa walishindwa kushika viti bungeni 	female_feminine	6.4875	common_voice_sw_29389832.wav
alitangaza kustaafu kuichezea timu ya taifa mwaka elfu mbili na kumi na sita 	female_feminine	6.3075	common_voice_sw_30036879.wav
bahari vumbi la mchanga moto wa mimea ya asili na radi 	female_feminine	5.6955	common_voice_sw_34944180.wav
pia kuna wasemaji wachache nchini jamhuri ya kongo na nigeria 	female_feminine	6.8475	common_voice_sw_28669856.wav
makampuni yale yalianza kutumia wakazi wa tanga kulima mkonge 	female_feminine	5.9835	common_voice_sw_29788604.wav
wanatofautiana na watu wa kawaida kijenetikia 	male_masculine	4.1835	common_voice_sw_30363958.wav
magufuli alipata elimu ya kiwango cha juu cha sekondari shule ya upili ya mkwawa 	female_feminine	5.8035	common_voice_sw_30624180.wav
magofu mengine yanazidi kuchakaa na kubomoka 	female_feminine	4.88365625	common_voice_sw_30003944.wav
haya mapito ya wanyama yanaunganisha eneo la hifadhi ya ngorongoro 	female_feminine	4.8675	common_voice_sw_29940225.wav
walikuja wageni kutoka bara la ulaya kwa ajili ya kufanya biasahara 	female_feminine	5.0835	common_voice_sw_29790608.wav
kaburi la barbosa lilitengwa na wabrazil 	female_feminine	4.1835	common_voice_sw_29798416.wav
na akasema kwamba atakwenda kuwakilisha mbele ya viongozi wenzake katika mkutano 	female_feminine	6.8475	common_voice_sw_36389931.wav
linalotokana na neno la kimasai siringiti lenye maana ya uwazi usio na mwisho 	male_masculine	6.7755	common_voice_sw_30008296.wav
ni victor abuso nakutakia jumapili njema na kama kawaida 	female_feminine	4.6155	common_voice_sw_35146036.wav
japani ilikuwa na mkataba wa kusaidana na uingreza 	female_feminine	4.4355	common_voice_sw_30653983.wav
utafiti kwenye kasoko ya maundi umeonyesha ya kwamba uoto wa kilimanjaro ulibadilika 	male_masculine	6.8475	common_voice_sw_29937876.wav
hivyo waliwafukuza kwa kupigana kama ilivyokuwa kwa makabila mengi 	female_feminine	6.4155	common_voice_sw_29788683.wav
hawakuwa na elimu ya kutosha juu ya ukombozi wao na juu ya zile malighafi 	female_feminine	9.1875	common_voice_sw_30495079.wav
umonaki haraka mashariki na vilevile magharibi watawa ni wakristo 	female_feminine	5.0835	common_voice_sw_35221623.wav
milima ya safu ya pwani huonekana sasa kama visiwa 	female_feminine	4.6155	common_voice_sw_29728422.wav
watanzania tumempoteza kiongozi mpiganaji na mwenye uchungu na nchi yake 	female_feminine	6.3435	common_voice_sw_30046316.wav
huku wengine wakijiajiri wenyewe katika shughuli za uchimbaji wa madini 	male_masculine	7.0635	common_voice_sw_29903373.wav
benki kuu ya tanzania ina manaibu gavana watatu 	female_feminine	4.2555	common_voice_sw_35438645.wav
mahale ni hifadhi yenye historia ya kuwa makazi ya jamii adimu za sokwe 	female_feminine	5.7675	common_voice_sw_30581863.wav
hivi majuzi wamasai wamekuwa wakitegemea vyakula kutoka maeneo mengine 	female_feminine	5.7675	common_voice_sw_29797106.wav
miongoni mwa filamu ambazo amewahi kuigiza ni rangi ya zambarau 	female_feminine	6.0555	common_voice_sw_29949521.wav
milima ya samya na ile milima ya sangaiwe 	female_feminine	4.7955	common_voice_sw_30108209.wav
hii inafanya waturuki wahisi kuwajibika zaidi lakini 	female_feminine	4.6155	common_voice_sw_35105174.wav
kudumisha amani hususan kupitia usuluhishi wa migogoro mbalimbali 	female_feminine	5.4075	common_voice_sw_35110308.wav
safari ya kuupanda mlima meru na kushuka 	female_feminine	3.7875	common_voice_sw_34597098.wav
halmashauri ya wilaya ya rolya na halmashauri ya wilaya ya serengeti 	female_feminine	6.2355	common_voice_sw_30024091.wav
mandela hakuzikwa mvezo na badala yake alizikwa qunu 	female_feminine	5.6235	common_voice_sw_30035000.wav
dume ana rangi ya bluu na kahawia shingoni 	female_feminine	7.3875	common_voice_sw_30567015.wav
mwalimu nyerere alikuwa anajiamini kupita kiasi 	female_feminine	6.6675	common_voice_sw_30572095.wav
kitabibu inafaa kukumbukwa kuwa mwongozo utambuzi wa 	female_feminine	8.6475	common_voice_sw_35177036.wav
profesa leonard paulo shaidi ambaye aliwahi kuwa mhadhiri mwandamizi 	female_feminine	7.2075	common_voice_sw_30355447.wav
kiasi cha barafu kimepungua kwa kipindi cha miaka sita 	female_feminine	5.1555	common_voice_sw_30582729.wav
mo na mke wake walikutana shule ya kimataifa ya tanganyika jijini dar es salaam 	male_masculine	5.0475	common_voice_sw_29997577.wav
asali hujenga afya 	male_masculine	2.2035	common_voice_sw_29144819.wav
mkwawa aliwahi kusikia mapema habari za wajerumani akajaribu kuwasiliana nao lakini bila kuelewana 	male_masculine	7.5675	common_voice_sw_36373694.wav
kutokana na ukuaji wa sayansi na technolojia katika nchi yetu ya tanzania 	female_feminine	5.8035	common_voice_sw_30220047.wav
rose muhando alisaini mkataba wa kurekodi albam na kampuni la sony music 	female_feminine	5.6235	common_voice_sw_29797928.wav
akiwa rais alifuata siasa ya kujitegemea kwa ufaransa 	female_feminine	5.2275	common_voice_sw_28584764.wav
tanzania ina vivutio vingi sana vya utalii 	female_feminine	4.6875	common_voice_sw_30629471.wav
alihitimu kidato cha sita na kufaulu na kujiunga chuo kikuu cha dar es salaam 	female_feminine	6.50365625	common_voice_sw_30143048.wav
mlo kamili ni chakula chenye virutubishi vyote 	female_feminine	4.0035	common_voice_sw_30022618.wav
kitabuni kiongozi wa ibada wa siku hiyo huja na madondoo yake na 	female_feminine	5.9835	common_voice_sw_34940898.wav
kwa mfano wachezaji watano kwa watano 	female_feminine	4.2555	common_voice_sw_35183475.wav
wangekuwa kwa siku hizi wangewaita halmashauri 	female_feminine	4.3275	common_voice_sw_29793463.wav
kwa afya ya mtoto kwa miaka mingi baada ya kuzaliwa 	female_feminine	3.7875	common_voice_sw_29922459.wav
rhodesia ilikuwa na uhusiano wa kijeshi na utawala wa idi amin 	male_masculine	7.5675	common_voice_sw_31306219.wav
nimadini yenye thamani kubwa sana katika soko la dunia 	female_feminine	5.4435	common_voice_sw_30034977.wav
ijue historia ya wilaya ya same 	female_feminine	3.6435	common_voice_sw_30581085.wav
nilipopata nafasi ya kusalimu nikataja tumpongeze mfugale kwa daraja hili 	female_feminine	9.0435	common_voice_sw_30574051.wav
inafika au kupitia hifadhi ya taifa ya mikumi 	male_masculine	4.6155	common_voice_sw_29937597.wav
tulijifunza jambo lolote kutokana na ajali hiyo 	female_feminine	3.5355	common_voice_sw_30591046.wav
pia hulima mazao mengine kama mpunga tumbaku mahindi viazi dengu na matunda 	female_feminine	8.12365625	common_voice_sw_30079660.wav
pia amejihusisha na tawi la tanganyika african association 	male_masculine	6.1635	common_voice_sw_29902479.wav
hakuna mwanasayansi aliejua hawa viumbe wametokana na nini 	female_feminine	4.7235	common_voice_sw_30718226.wav
uamuzi huo ukasababisha maalim self na wafuasi wake wakihame chama hicho 	male_masculine	4.3275	common_voice_sw_29941972.wav
makundi mbalimbali ya mziki huo yakaanzishwa rasmi 	female_feminine	4.2555	common_voice_sw_34943126.wav
miaka yake ya mwisho al masudi aliishi misri 	female_feminine	5.5155	common_voice_sw_28874541.wav
kwanza ina dhahabu ya kutosha katika ardhi yake 	female_feminine	4.3635	common_voice_sw_30660064.wav
urafiki wa nkrumah na nyerere ulisaidia kuzikomboa nchi nyingi 	female_feminine	8.5035	common_voice_sw_30567845.wav
ziwa nyasa limepita kwenye nchi tatu ambazo ni tanzania malawi na msumbiji 	female_feminine	5.2275	common_voice_sw_29923530.wav
watalii wengi kutoka ndani na nje hufika kujionea kobe hao wakubwa 	female_feminine	4.3635	common_voice_sw_35250423.wav
wajibu mkuu wa mlezi mara nyingi kuchukuliwa na mke au jamaa wa karibu 	male_masculine	7.0635	common_voice_sw_28691195.wav
guardiola alifungwa kwenye fainali ya ulaya 	male_masculine	5.2275	common_voice_sw_29980142.wav
walakini si kama nitakavyo mimi bali utakavyo wewe 	female_feminine	3.7875	common_voice_sw_36644239.wav
kizazi cha sasa hakina uelewa mpana kuhusu historia 	female_feminine	5.1915	common_voice_sw_30363940.wav
wa upanuzi wa ukoloni wa ujerumani mwishoni mwa karne ya kumi na tisawahehe 	female_feminine	7.2075	common_voice_sw_35409294.wav
magufuli alijiunga na chuo kikuu cha dar es salaam 	female_feminine	3.8955	common_voice_sw_29797001.wav
mauaji ya kimbari yalimaanishe uangamizaji wa taifa 	female_feminine	4.1835	common_voice_sw_34958809.wav
kuna urefu wa kilomita elfu moja mia tatu na sabini 	male_masculine	7.9275	common_voice_sw_30342648.wav
k mkutano wa jumuiya ya madola chogum ambao ulikuwa pamoja 	female_feminine	6.0555	common_voice_sw_34958908.wav
mwenge wa uhuru umekuwa ukikimbizwa nchi nzima ukipita kwenye mitaa 	female_feminine	4.6155	common_voice_sw_29939859.wav
wamasai huamini katika mungu anayeitwa nkai 	female_feminine	4.4355	common_voice_sw_29788198.wav
kama rais wa marekani katika uchaguzi wa mwaka elfu mbili mtoto wake mwengine jeb 	female_feminine	5.4435	common_voice_sw_35250488.wav
ya afrika ya magharibi kwenye pwani ya 	female_feminine	2.9235	common_voice_sw_37095918.wav
wakati mzuri wa kutembelea hifadhi hii ili kuangaliwa wanyama wakubwa ni wakati wa kiangazi 	female_feminine	7.8555	common_voice_sw_29847211.wav
kuhara kutapika na magonjwa mengine yanayowaathiri watoto 	female_feminine	4.5075	common_voice_sw_29793720.wav
matumizi ya binadamu yameleta mvurugo kwa ekolojia ya mto na 	female_feminine	5.4435	common_voice_sw_30337045.wav
mwili wa mke wake mwaminifu haukupatikana kamwe 	female_feminine	5.2635	common_voice_sw_35118932.wav
kabla ya kukutana kila jumuiya ilifanya kikao cha faragha 	female_feminine	5.8755	common_voice_sw_30355200.wav
wa tegetero na hega akiongoza utawala wa uluguru kusini akiwa na makao yake bwakila 	female_feminine	6.9555	common_voice_sw_35221639.wav
kiasili walikuwa bairu lakini kwa kuoa katika bahima au kufanya kazi kwa watemi 	female_feminine	6.0555	common_voice_sw_30653928.wav
kwa lugha nyingine ni manisipaa ndani ya jiji la dar es salaam 	male_masculine	8.2155	common_voice_sw_29696407.wav
anasema ataendelea kumkumbuka mzee mkapa kama mzalendo kwa nchi yake 	female_feminine	5.6955	common_voice_sw_30327923.wav
ninayopata ndiyo ninayoitumia kusafiri na gharama nyingine si tajiri lakini naishi kujisikia vizuri alisema 	female_feminine	8.6835	common_voice_sw_35156112.wav
hapo ndipo waha walipofikia baada ya kutoka maeneo ya burundi rwanda na kongo 	female_feminine	5.7675	common_voice_sw_31405965.wav
kwa sasa kutokana na ugonjwa wa ukimwi tabia hii imepungua miongoni mwao 	female_feminine	5.9115	common_voice_sw_30052618.wav
katika mashindano juu ya afrika ya kati waingereza walifaulu 	female_feminine	5.4075	common_voice_sw_30659145.wav
mkato una matumizi mengine yafuatayo 	female_feminine	3.8235	common_voice_sw_34743656.wav
alipokufa milki ilichukuliwa na dada yake mwene ngalu ambaye ndiye mwanzilishi wa sumbawanga 	female_feminine	9.4755	common_voice_sw_30198414.wav
jengo la kituo cha biashara cha dunia world trade center complex 	male_masculine	5.2275	common_voice_sw_29839015.wav
mwanamke ni pambo la nyumba ndani 	female_feminine	3.1755	common_voice_sw_35105016.wav
maji taka yalielekezwa chini ya mitaro iliyofunikwa kando ya barabara kuu 	female_feminine	6.8475	common_voice_sw_34756682.wav
alizaliwa marekani mahali ambapo wazazi wake walikuwa wanafanya kazi 	female_feminine	6.5235	common_voice_sw_30574512.wav
watu wengi wamekuwa hawaelewi na kutambua umuhimu wa siku za maadhimisho ya sikukuu 	female_feminine	6.6675	common_voice_sw_30378379.wav
dhidi ya maadui wanaoingia ksiwani hapo 	female_feminine	6.1275	common_voice_sw_34798046.wav
umahiri waa pele kwenye mpira ulikuwa mkubwa 	female_feminine	4.2555	common_voice_sw_30654036.wav
alizaliwa mwaka elfu moja nia tisa sabini na sita 	female_feminine	4.9755	common_voice_sw_29790939.wav
kimsingi ni tofauti na njia ya sayansi ya 	female_feminine	3.8235	common_voice_sw_34917701.wav
tangu wakati huo tovuti na ardhi ya eneo hilo havijatumika tena kabisa 	female_feminine	6.3075	common_voice_sw_28583745.wav
ni sehemu nzuri inayofaa kwa mapumziko pia na inapendeza na kuvutia 	female_feminine	6.3795	common_voice_sw_30086537.wav
yeye kawaida hucheza kwenye nafasi ya katikati 	male_masculine	4.9035	common_voice_sw_28690053.wav
kwa hiyo mara nyingi si lazima kulenga ushindi dhidi ya mpinzani 	female_feminine	5.4435	common_voice_sw_29304532.wav
serikaoli inatakiwa kuwaandaa watalii wa kesho 	female_feminine	4.8675	common_voice_sw_29791747.wav
hupokea watalii wengi kutoka njee ya nchi 	female_feminine	5.9475	common_voice_sw_30566725.wav
tanzania imebarikiwa kuwa na uoto wa asili 	female_feminine	3.2475	common_voice_sw_31271171.wav
hasa aliandika mashairi juu ya maisha ya nchi yake 	female_feminine	4.6875	common_voice_sw_28714504.wav
uchaguzi wa pili wa mwaka huo wa elfu moja mia tisa sabini na nane 	male_masculine	4.1475	common_voice_sw_29988662.wav
mpya katika majimbo ya kusini zilinyima haki nyingi za kiraia 	female_feminine	5.0475	common_voice_sw_34906819.wav
makampuni mengi ya kigeni hudumisha matawi yao katika eneo hili 	female_feminine	4.9755	common_voice_sw_29978635.wav
katika imani yao kuna miungu mingi kwenye ngazi mbalimbali ya enzi 	female_feminine	5.7675	common_voice_sw_28689058.wav
wengi wanazidi kunufaika na vivutio vingi vilivyopo hapa tanzania 	female_feminine	6.5955	common_voice_sw_30230557.wav
wajumbe wa mashirikisho ya soka kila nchi walipongezwa kuanzisha michuano 	female_feminine	5.2635	common_voice_sw_30581930.wav
kudumisha amani umoja na mshikamano kuondoa matesa na ugaidi ndani ya nchi yetu 	female_feminine	5.9835	common_voice_sw_30354288.wav
kila kazi ina changamoto nyingi duniani 	female_feminine	3.5355	common_voice_sw_30365445.wav
mazao hayo hukaa shambani kwa muda wa miaka mingi 	female_feminine	4.7235	common_voice_sw_30591038.wav
mtu mwingine akivuta hewa yenye matone haya anaweza kuambukizwa tauni inayosababisha nyumonia 	female_feminine	6.7755	common_voice_sw_29791513.wav
wafuaji wa vyuma walikaa maeneo yote yaliyokuwa na uwezekano wa kupata chuma 	female_feminine	6.6675	common_voice_sw_30148215.wav
bahati mbaya kwa sababu katika utumishi wake wa takribani miaka arobaini serikalini mara zote 	female_feminine	7.4235	common_voice_sw_35104450.wav
hii inamaanisha watu hao hawawezi kusambaza virusi hivyo 	female_feminine	5.1555	common_voice_sw_30051830.wav
ini kama umoja wa mataifa tuna wawakilishi wake hapo nchini rwanda na wanafanya kazi 	female_feminine	7.6035	common_voice_sw_35437884.wav
kama vile hoteli na nyumba za wageni bila kusahau makambi ya mahema 	female_feminine	5.3355	common_voice_sw_30058691.wav
anaheshimiwa kama mtakatifu na wakristo waorthodoksi wa mashariki waorthodoksi na wakatoliki 	female_feminine	8.8635	common_voice_sw_28584582.wav
dhana ya uhusiano kati ya nchi hizo mbili ulikuwa ukizidi kudorora 	female_feminine	4.9035	common_voice_sw_35105740.wav
jike akiwa kwenye mayai dume hufanya kazi ya kumletea chakula hapo kwenye kiota 	female_feminine	6.8475	common_voice_sw_30337955.wav
kiu ya kuwatumikia wananchi haijawahi kukata 	female_feminine	5.4075	common_voice_sw_30574560.wav
kabla ya mazishi ya nelson mandela maji na umeme vilikata nyumbani kwa mandela 	female_feminine	8.6835	common_voice_sw_30312846.wav
inayokamilisha jumla ya halmashauri kumi na moja za mkoa wa tanga 	female_feminine	5.2635	common_voice_sw_29791210.wav
magufuli alipata elimu ya msingi katika shule ya msingi hukohuko chato 	female_feminine	4.4355	common_voice_sw_30658988.wav
kiini ni pia mahali pa kutokea kwa joto 	male_masculine	5.6235	common_voice_sw_28690539.wav
engai ni mungu mmoja mwenye asili mbili 	female_feminine	3.8955	common_voice_sw_30582095.wav
ya kulevya iwe yale ya kiasili kama bangi au yale yatengenezwayo 	female_feminine	6.0555	common_voice_sw_36644210.wav
baadhi ya vitu vilivyorudi afrika kama bidhaa 	female_feminine	4.3635	common_voice_sw_30327902.wav
si mtoto wa munyigumba bali wa kaka yake ingawa yeye ndiye aliyemlea 	female_feminine	6.5955	common_voice_sw_30375629.wav
kutumia madawa haya ni ya mpito tu na kwa 	female_feminine	4.3275	common_voice_sw_37220053.wav
setilaiti ya kwanza ilionekana katika sehemu nyingine za umma 	female_feminine	4.9035	common_voice_sw_29792465.wav
walitumia ngamia farasi punda au wanyama wengine katika kuendeleza biashara ya misafara 	female_feminine	7.3155	common_voice_sw_28696300.wav
ni chombo kilichotumika kuwaunganisha hawa watu waliotumia hii lugha 	female_feminine	4.5075	common_voice_sw_30585427.wav
maalim seif mgombea wa chama kipya cha wazalendo 	female_feminine	4.6155	common_voice_sw_37084267.wav
asante sana kwa kuwa nami hapa wakati hu 	female_feminine	3.4635	common_voice_sw_36615316.wav
uhasama mkubwa wa kisiasa kati yake na makada wenzake 	male_masculine	4.7955	common_voice_sw_30306439.wav
mhusika ni mtu mashuhuri na mwenye wadhifa mkubwa katika nyanja ya ulinzi na usalama 	female_feminine	7.2075	common_voice_sw_30195876.wav
baggio alikosa mkwaju wa penati kwenye mechi hiyo 	female_feminine	3.8235	common_voice_sw_29793606.wav
wakati wa utawala wa jumbe zanzibar ilipata bunge na baraza la uwakilishi 	female_feminine	5.0475	common_voice_sw_31406085.wav
debby naye alimwambia kaka yake na siku iliyofuata kaka yake aliuawa kwa risasi 	female_feminine	5.5515	common_voice_sw_37096728.wav
ibara ya thalathini na saba kifungu kidogo cha tano 	female_feminine	4.2555	common_voice_sw_30351406.wav
kumi na tano lakini alishindwa na donald trumpgeorge bush akiwa na watoto wake 	female_feminine	5.1555	common_voice_sw_37092033.wav
jokate anajibu akitabasamu kuwa majukumu na malengo ambayo yuko nayo hayampi nafasi ya kuhisi 	female_feminine	9.4035	common_voice_sw_30230223.wav
baadae wakileta pembe za ndovu na watumwa kwa njia hiyo bagamoyo 	male_masculine	5.71165625	common_voice_sw_30633151.wav
dhidi ya siasa za kibaguzi za zuberi mtemvu 	female_feminine	4.0035	common_voice_sw_30376938.wav
ufugaji nao ni shughuli muhimu kama ilivyo uvuvi 	female_feminine	4.7235	common_voice_sw_29790981.wav
wazanzibari walikuwa malaria proof yaani hawaguswi wala kuugua malaria 	female_feminine	7.2435	common_voice_sw_30102980.wav
mbalimbali za kifedha kuwekeza zaidi katika mikoa ya 	female_feminine	4.2555	common_voice_sw_29793929.wav
zidane aliweka rekodi ya uhamisho wa dunia alipokubali kuhamia nchini hispania 	female_feminine	8.9355	common_voice_sw_30382274.wav
kuna vitu waha waliwafundisha wamanyema na wamanyema waliwafundisha waha 	male_masculine	5.5155	common_voice_sw_30180338.wav
ukilinganisha na robo iliyopita ya kuanzia januari hadi machi 	female_feminine	9.0435	common_voice_sw_30570341.wav
angel di maria ni nyota hatari kutoka nchini argentina 	female_feminine	6.0555	common_voice_sw_30522815.wav
mji huu wa bagamoyo upo mkoani pwani katika mwambao wa bahari 	male_masculine	4.1475	common_voice_sw_29941771.wav
serikali inatekeleza mradi wa kufua umeme wa maji wa julius nyerere 	female_feminine	6.4875	common_voice_sw_31285777.wav
kuna mwamba wa kuvutia unaofanana na pua ya binadamu maarufu kama ikamba la fua 	female_feminine	8.2875	common_voice_sw_30098543.wav
hassan mwinyi alijipatia cheti cha ufundishaji 	male_masculine	4.0755	common_voice_sw_29892669.wav
ya mfukoni mwa watu huku serikali ikilazimika kulipa mabilioni ya fedha katika mkataba ambao 	female_feminine	6.8475	common_voice_sw_34958083.wav
na kuwakamata watu kutoka makwao 	female_feminine	2.6355	common_voice_sw_37096478.wav
lakini ulisogezwa mbele kwa juma moja ili kukamilisha 	female_feminine	4.5075	common_voice_sw_37094199.wav
muswada huo kwamba ni unalingana na 	female_feminine	3.5355	common_voice_sw_37224092.wav
kwa sababu hakuna mabadiliko yeyote ameleta katika eneo langu 	female_feminine	4.1835	common_voice_sw_37224246.wav
hifadhi inajumuisha misitu ya mvua na ardhi ya nyasi n 	female_feminine	5.6955	common_voice_sw_29970007.wav
alijiingiza katika mapambano mengi ya kukomboa nchi yake 	female_feminine	5.2635	common_voice_sw_29818273.wav
minada hiyo hufanyika katika soko la mitaji 	female_feminine	3.6435	common_voice_sw_34906779.wav
binadamu anategemea kabisa neema ya mungu kutojali wajibu hata 	female_feminine	5.0835	common_voice_sw_36641265.wav
hakuna timu iliyowahi kushinda ubingwa wa ujerumani 	female_feminine	4.5075	common_voice_sw_30378756.wav
kama serikali imedhamiria kuikomboa wilaya ya makete barabara ndio chanzo za maendeleo 	female_feminine	7.3155	common_voice_sw_29787942.wav
kaskazini na meksiko upande wa kusini marekani imeunganisha upana 	male_masculine	5.1555	common_voice_sw_37222970.wav
pengine hawapati nafasi ya kuielewa lugha lakini bado wana furaha 	female_feminine	4.9035	common_voice_sw_36643650.wav
wanajeshi wa marekani wasiozidi mia tano wameidhinishwa kuingia somalia kukabiliana na al shabaab 	female_feminine	5.2635	common_voice_sw_38306926.wav
elagabalus hakuwa tu mtu wa kufuga paka 	female_feminine	3.6435	common_voice_sw_34958882.wav
kwa majuma na miezi wakati unaweza kula matunda ya msituni 	female_feminine	7.4955	common_voice_sw_30327172.wav
polisi kadhaa wamepoteza maisha kwa kuuwawa na wanachama bokharam 	male_masculine	5.4435	common_voice_sw_36384231.wav
ni ukweli wa mambo ya kwamba jamii ya kabila la maasai 	female_feminine	4.4355	common_voice_sw_30574785.wav
wajumbe hao walitoka kila upande wa muungano 	female_feminine	4.0035	common_voice_sw_31283621.wav
mbuni aliyeishi miaka mingi alikufa akiwa na umri wa miaka sitini 	female_feminine	6.0555	common_voice_sw_30495708.wav
nilienda shule jana 	female_feminine	2.9955	common_voice_sw_34745977.wav
lakini historia itakayofundishwa katika nchi zilizoondoa ukoloni na vibaraka wake afrika itaandika historia yake 	female_feminine	10.0155	common_voice_sw_35156069.wav
aliyewaongoza wajerumani hans meyer na ludwig purtscheller 	female_feminine	4.6875	common_voice_sw_31270308.wav
hizi rangi za nyekundu kijani njano ni rangi za umoja wa afrika 	female_feminine	5.6955	common_voice_sw_29752632.wav
kuendelea kupunguza tozo na kodi mbalimbali 	female_feminine	3.5355	common_voice_sw_29794566.wav
asilimia sabini na tano ya wananchi wa mtwara ni wamakonde wakifuatiwa na wayao 	male_masculine	7.7115	common_voice_sw_30342482.wav
safari hizo zilihitaji idhini au ruhusa ya watawala wa eneo hilo 	female_feminine	6.79165625	common_voice_sw_30105791.wav
kusababisha madhara makubwa ya kiafya lakini kivyovyote vile ni upungufu mkubwa 	female_feminine	7.2435	common_voice_sw_34823908.wav
nchu huu mara ningii kindrasi hupawa iye hachupawi isi 	male_masculine	5.6955	common_voice_sw_32211156.wav
mlima huu ni wa tano kwa urefu katika bara la afrika 	female_feminine	4.6155	common_voice_sw_34944336.wav
tanzania kwa mara ya kwanza imepata spika wa mbuge mwanamke mheshimiwa anna semamba makinda 	female_feminine	6.4155	common_voice_sw_29791607.wav
waziri mkuu wa sasa wa tanzania ni kassim majaliwa 	female_feminine	4.1835	common_voice_sw_30220049.wav
ondoa vichaka miamba uchafu kuni zilizotapakaa na chochote kinachoweza kuwa chakula cha panya 	female_feminine	6.8475	common_voice_sw_30436172.wav
viama vinavyo pingana kuunda serikali moja 	female_feminine	3.6435	common_voice_sw_34598796.wav
timu ya taifa ya ufaransa ilikuwa inaogopeka 	male_masculine	3.4275	common_voice_sw_30380722.wav
a nyingi chakula kikifika mwilini 	female_feminine	4.2555	common_voice_sw_36643703.wav
aliwahi kumwambia waziwazi aliyekuwa rais wa zimbabwe wakati huo 	female_feminine	5.2635	common_voice_sw_30176411.wav
wale vijana wenye nguvu walifanyishwa kazi ngumu 	female_feminine	4.7955	common_voice_sw_29925771.wav
msitu wa amazon unasaidia kupunguza kasi ya ongezeko la joto 	female_feminine	5.85565625	common_voice_sw_30003987.wav
baba wa taifa alitaka serikali ihamie dodoma kabla hajafariki 	female_feminine	5.5875	common_voice_sw_29922474.wav
awamu ya kwanza ya raisi mkapa iliisha 	female_feminine	4.6155	common_voice_sw_30326665.wav
kaunda alikagua gwaride la jeshi mara tu baada ya zambia kupata uhuru 	female_feminine	7.0635	common_voice_sw_30261269.wav
meli hiyo ilizinduliwa na mwalimu nyerere 	female_feminine	3.8235	common_voice_sw_29791961.wav
yani kwa tanzania na msumbiji pia kwa upande wa malawi 	female_feminine	6.0555	common_voice_sw_30369355.wav
kati ya jumla ya maaskofu na mapadre zaidi 	female_feminine	4.6155	common_voice_sw_35154773.wav
kichwa ni kifupi na kwa umbo la tufe nusu 	male_masculine	6.0555	common_voice_sw_29618159.wav
ni muhimu kuongeza ujazo wa fedha katika mzunguko kiuchumi 	female_feminine	4.6875	common_voice_sw_30017664.wav
tanzania imebarikiwa mapango yenye historia nyingi na za kuvutia 	female_feminine	6.46765625	common_voice_sw_30103868.wav
naa hata tunapokutana kwenye mafunction kwenye mikutano kwenye shughuli mbali mbali 	female_feminine	8.2155	common_voice_sw_35183326.wav
tungo tata ni tungo ambayo huwa na maana zaidi ya moja 	female_feminine	5.4075	common_voice_sw_28672945.wav
wanachama wengine hawakuonyesha utashi wa kuwa wenyeji 	female_feminine	5.9835	common_voice_sw_37802319.wav
ambayo inahakikisha kuna malisho ya kutosha 	female_feminine	3.4275	common_voice_sw_34977501.wav
akiwa chuo alijiunga na kikundi cha uigizaji 	female_feminine	4.0755	common_voice_sw_29558813.wav
kuna galaksi nyingi sana ulimwenguni 	female_feminine	5.4075	common_voice_sw_28662863.wav
umoja wa kisovyeti zilianzisha mahusiano ya kirafiki na serikali mpya ya zanzibar 	female_feminine	6.5235	common_voice_sw_30052079.wav
watumwa waliouzwa wakawawezesha kununua bunduki nyingi 	female_feminine	6.6675	common_voice_sw_35161028.wav
malengo ya kiutawala na vilevile wanateolojia walitumia siasa 	female_feminine	5.7675	common_voice_sw_34940149.wav
upande wa kaskazini wa mzingo wa kasoko ulipinduka 	female_feminine	5.4435	common_voice_sw_30439624.wav
msitu wa maji ardhini ambapo panapatikana aina mbalimbali ya mimea 	female_feminine	6.1635	common_voice_sw_30325799.wav
idd mubarak lakini na wasikilizaji pia tungependa 	female_feminine	4.8675	common_voice_sw_35110396.wav
kuweza kuleta matokeo katika kazi wanazopewa 	female_feminine	4.1835	common_voice_sw_34942734.wav
soka lilijikita kwenye ushindi zaidi kuliko burudani 	female_feminine	6.1635	common_voice_sw_29793701.wav
moja ya hifadhi yenye makundi makubwa na mengi ya tembo kuliko hifadhi nyingine tanzania 	female_feminine	7.6035	common_voice_sw_29789912.wav
ambao unaweza kusukuma lita sitini hadi sabini na tano za damu kwa muda wa 	female_feminine	7.2075	common_voice_sw_35099126.wav
hufikia mwendokasi wa kilometa hamsini na tano kwa saa 	female_feminine	5.0475	common_voice_sw_30628284.wav
mto huu una urefu wa kilometa za mrabamia nane 	female_feminine	4.9755	common_voice_sw_37223464.wav
ni maarufu kwa ngano zake 	male_masculine	2.9235	common_voice_sw_29323788.wav
watalii wanaotembelea burigi chato hupata nafasi ya kutembelea ziwa hilo 	female_feminine	4.9035	common_voice_sw_31272045.wav
katiba hii kwa ufupi ilikuwa ya chama kimoja kwa mfumo wa ujamaa 	female_feminine	7.0635	common_voice_sw_30099976.wav
kutokana na masimulizi inawezekana vifo vya watoto vilisababishwa na ugonjwa wa malaria 	female_feminine	6.5235	common_voice_sw_30192390.wav
pepo inayochukua zaidi ya kilometa za mraba elfu tatu 	male_masculine	6.1275	common_voice_sw_30114713.wav
baada ya miezi mitatu zanzibar iliungana na tanganyika iliyokuwa ikiongozwa na mwalimu nyerere 	female_feminine	6.4875	common_voice_sw_30653786.wav
kwa kuzingatia mabadiliko ya hali ya hewa 	female_feminine	4.8675	common_voice_sw_34828982.wav
lakini wahenga walisema kisicho riziki akiliki 	female_feminine	4.0755	common_voice_sw_30717977.wav
ndipo huyo mganga akamtunuku jina lake la mwigulu na ndivyo jina lilivyozaliwa 	female_feminine	7.6035	common_voice_sw_30327027.wav
kwa muda wa miezi minne nehemia aliomba kuhusu mambo hayo 	female_feminine	5.2635	common_voice_sw_29611235.wav
barghash wa zanzibar kwenye mwaka elfu moja mia nane sabini alipeleka wanamuziki wake 	female_feminine	8.3235	common_voice_sw_34924486.wav
zanzibari ina bunge na rais wake wakuleta maendeleo 	female_feminine	5.2635	common_voice_sw_29811549.wav
hatimae kuweka uongozi mikononi mwa waafrika ambao ndio wengi visiwani humo 	female_feminine	7.7475	common_voice_sw_30025178.wav
sehemu ya pili iko na nambari tatu 	female_feminine	3.1755	common_voice_sw_29665101.wav
mtoto hatuwezi kuacha kuzungumzia afya ya mama 	female_feminine	4.9755	common_voice_sw_30659531.wav
kuendelea na wadhifa huo wa waziri kiongozi 	male_masculine	4.9755	common_voice_sw_30201946.wav
aina ya pili ni mafuta yanapatikana katika kiini cha tunda 	male_masculine	5.8755	common_voice_sw_28682075.wav
sababu yake ilikuwa mashindano makali kati ya mataifa ya ulaya 	female_feminine	6.50365625	common_voice_sw_30123762.wav
mjumbe kutoka kamati ya kutetea waandishi wa habari nchini misri mohamed abdel daima 	female_feminine	7.3155	common_voice_sw_36642873.wav
mfugale alibuni na kusimamia michoro katika kutelekeza mradi huu 	female_feminine	5.8035	common_voice_sw_30315385.wav
mara nyingi wakiajiriwa hubeba tena mizigo ya safari mpya 	male_masculine	4.7955	common_voice_sw_30450951.wav
idadi inayowakilisha asilimia kumi na sita ya wakazi wa nchi kwa ujumla 	male_masculine	6.7035	common_voice_sw_29795941.wav
yote yanawezekana 	female_feminine	2.8875	common_voice_sw_35155263.wav
aarifa ya habari na tunaanzia nchini urusi 	male_masculine	6.9555	common_voice_sw_37084844.wav
mara nyingi polisi wanajulikana kuathiriwa na ufisadi kwa kiasi tofauti tofauti 	female_feminine	5.5155	common_voice_sw_29683362.wav
ikiwa ni pamoja na sehemu zenye malighafi za kutosha 	female_feminine	3.9675	common_voice_sw_30005404.wav
kwa jumla maelezo ya kitaalamu ya vyombo vya habari ilikuwa hadi juzi 	female_feminine	5.0475	common_voice_sw_34842964.wav
na matatizo mengine yanayoonekana kutotatulika yanayozidi kuwa 	female_feminine	5.5155	common_voice_sw_34748530.wav
tatizo kubwa zaidi alilokumbana nalo ni dhoruba kali 	female_feminine	5.4075	common_voice_sw_30080282.wav
pia alishirikishwa kama atalaku kama mtu wa kutumbuiza 	female_feminine	8.2155	common_voice_sw_30307738.wav
dunia inazitaja sana timu tatu pekee 	female_feminine	4.9755	common_voice_sw_30628514.wav
mto hufuata mwendo wake kwa mtelemko 	female_feminine	4.0035	common_voice_sw_34924727.wav
halmashauri ya wilaya bariadi inapakana na wilaya ya busega kwa upande wa magharibi 	female_feminine	7.0275	common_voice_sw_36640910.wav
nafikiria ile hotuba ya mohamed gaddafi 	male_masculine	3.9675	common_voice_sw_37096591.wav
safari hii ambayo inaweza kuchukua kama saa nne 	male_masculine	5.8035	common_voice_sw_30650344.wav
hali ya hewa ni ya kitropiki isipokuwa kusini 	female_feminine	5.1555	common_voice_sw_28718743.wav
fainali za kombe la dunia zilimunufaisha lato 	male_masculine	5.0835	common_voice_sw_30209931.wav
mpaka hivi karibuni jamii hii ilikuwa haitilii maanani sana suala la elimu 	female_feminine	6.0555	common_voice_sw_31445552.wav
kwa ajili ya ukulima wa ngano na ufugaji wa kondoo 	male_masculine	8.7555	common_voice_sw_31454740.wav
italia ilijiunga na wafaransa na waingereza kwa kushambulia hungaria 	female_feminine	5.7675	common_voice_sw_30016624.wav
ukomeshaji wa biashara ya utumwa ni mchakato wa matukio yaliyopelekea usitishaji wa biashara hiyo 	female_feminine	8.2875	common_voice_sw_29794140.wav
ziwa eyasi lina upepo wa kasi kubwa takribani masaa ishirini na nne 	female_feminine	5.0835	common_voice_sw_30653703.wav
hivyo ni rahisi kutambua koo zao kulingana na miiko yao 	female_feminine	5.1555	common_voice_sw_30332523.wav
tukio hili linatafsiriwa kama ndilo lililochochea kuongezeka kwa uhasama 	female_feminine	6.0195	common_voice_sw_37097404.wav
wazanzibari watano walipewa uwaziri kamili katika baraza la mawaziri 	female_feminine	4.9755	common_voice_sw_31285714.wav
haina matumizi nje ya utafiti wa kisayansi kutokana maisha mafupi na uhaba 	female_feminine	7.9635	common_voice_sw_29685388.wav
hifadhi ya taifa kigosi inapatikana mikoa ya kigoma geita na tabora 	male_masculine	5.2635	common_voice_sw_29980291.wav
kubwa zinazohusika na mziki duniani 	female_feminine	4.7235	common_voice_sw_34825993.wav
mwaka ishirini na sita ndugu yake yohane mbatizaji aliacha maisha ya jangwani alikokulia 	female_feminine	6.9555	common_voice_sw_36732180.wav
kwani we uko na marafiki wangapi 	female_feminine	2.9955	common_voice_sw_35105984.wav
macho yako wazi kiasi kwa kuangalia chini lakini bila kutazama kitu 	female_feminine	7.1355	common_voice_sw_28802772.wav
safari rally zinazotambulika kuwa ngumu zaidi ulimwenguni 	female_feminine	4.9035	common_voice_sw_30709764.wav
aa hatujawahi kuzoea kuona 	male_masculine	2.6355	common_voice_sw_36373567.wav
mchezaji bora wa dunia mara tano cristiano ronaldo 	female_feminine	7.1355	common_voice_sw_30568017.wav
uwezo wa kutibu kwa ufanisi magonjwa ya wanadamu na mifugo kwa wanadamu magonjwa 	female_feminine	6.5955	common_voice_sw_30337923.wav
akaangalia huku na huko hakuona silaha ya haraka ya kuitumia 	female_feminine	5.9835	common_voice_sw_34841257.wav
kiongozi huyo alistaafu uraisi mwaka elfu moja mia tisa themanini na tano 	female_feminine	7.1355	common_voice_sw_29790827.wav
watafiti mbalimbali wa sokwe hufanya tafiti mbalimbali mahale 	female_feminine	5.81965625	common_voice_sw_30081129.wav
ubora wa mbinu bila kikosi imara ni kazi bure 	female_feminine	4.9035	common_voice_sw_30495372.wav
iwe kivuli kinachosonda kidole ujio na kifo cha yesu ili ije iondolewe pale kristo 	female_feminine	7.5675	common_voice_sw_35410039.wav
walikuwa na homa ya pneumonia na saratani ya ngozi 	female_feminine	4.6155	common_voice_sw_30177430.wav
edward ngoyayi lowassa ni mwanasiasa nchini tanzania 	female_feminine	7.2435	common_voice_sw_30566615.wav
kwa kawaida mhusika ni mkristo lakini si lazima 	female_feminine	5.3355	common_voice_sw_28672908.wav
mtoto hatakuwa na namna ya kumuacha mama yake mlezi 	male_masculine	4.8675	common_voice_sw_29797254.wav
mama mjamzito mwenye dalili zote za malaria anapaswa kutibiwa 	male_masculine	4.4355	common_voice_sw_36382566.wav
vifo mia nne tisini na tatu vilitokana na virusi hivyo 	female_feminine	4.7955	common_voice_sw_30357087.wav
bayern inapiga pasi za kuvutia siku hizi 	female_feminine	3.8235	common_voice_sw_31285546.wav
vitabu vya luther viliendelea kuwa na athari kubwa na kati ya maandiko hayo mengi 	female_feminine	6.3435	common_voice_sw_30574968.wav
rais wa marekani tarehe ishirini mwezi wa kwanza mwaka elfu moja mia tisa tisini 	female_feminine	5.5155	common_voice_sw_34943543.wav
tiba ya ugonjwa wa kisukari inaendana na muda wa tatizo 	female_feminine	5.3715	common_voice_sw_37085096.wav
jimbo la kwahani ameliongoza kwa miaka kumi na tano 	female_feminine	4.3635	common_voice_sw_34924867.wav
na ambao walijua wengine ni wazao wa waturuki 	female_feminine	5.4075	common_voice_sw_35176976.wav
na mchango wa watangazaji na madj kama taji liundi na dj john dilinga 	female_feminine	6.8835	common_voice_sw_34924536.wav
makongati kalenga kipagala kihesa ibanagosi tipingi ikolofya nyambila kibebe na isanzala 	male_masculine	10.1235	common_voice_sw_30091638.wav
sawa sawa 	male_masculine	1.8075	common_voice_sw_37094900.wav
kwa sababu mungu ndiye aliyeweka mandhari ya 	female_feminine	6.10765625	common_voice_sw_30569192.wav
ni tamasha kubwa zaidi duniani linalohusisha mziki wa kiafrika 	female_feminine	4.6875	common_voice_sw_35105124.wav
masafa ya redio ni biashara yenye faida sana 	female_feminine	3.8955	common_voice_sw_35104481.wav
ilikuwa hasa vita ndani ya vietnam kusini 	male_masculine	5.0835	common_voice_sw_28661928.wav
beckam alianza kuitumikia timu yake kimataifa mwaka elfu moja mia tisa tisini na sita 	female_feminine	7.2075	common_voice_sw_30175794.wav
wamasai hawazai pacha la hasha bali kiimani pacha ni mwiko 	male_masculine	5.7675	common_voice_sw_30478646.wav
atakuwa kama hajamchukua huyo mtoto atakuwa haya kuwa kabisa na 	female_feminine	4.7235	common_voice_sw_37101465.wav
na mwaka ellfu moja mia tisa sabini na mbili 	female_feminine	3.8955	common_voice_sw_35106735.wav
utalii wa utamaduni ukidumishwa makabila yanaweza kufaidika 	female_feminine	5.7675	common_voice_sw_30341572.wav
kivutio kikubwa cha hifadhi ya nyerer ni wanyama 	female_feminine	4.6875	common_voice_sw_30553156.wav
huku wakiendesha mipango yao ya kudai uhuru wa nchi zao 	female_feminine	5.1555	common_voice_sw_30189268.wav
haya yote ndio yatakayokamilisha safari ya matembezi hifadhini 	female_feminine	4.1835	common_voice_sw_30074831.wav
lugha tunazofanana sana kimsamiati ni lugha ambazo tumeziacha siku za karibuni sana 	male_masculine	6.8835	common_voice_sw_30380955.wav
alwi amesafiri kwenda dubai 	female_feminine	3.2475	common_voice_sw_35104491.wav
alishtuka sana kuona ukoo ule ukifanya tukio hilo la ajabu sana 	female_feminine	4.8675	common_voice_sw_31284676.wav
pep guardiola alidhalilika sana siku hiyo 	female_feminine	4.5075	common_voice_sw_30102165.wav
messi amecheza jumla ya mechi mia saba sitini na nane 	female_feminine	4.0035	common_voice_sw_30038106.wav
magufuli alikuwa rais wa tanzania katika awamu ya tano 	female_feminine	4.3275	common_voice_sw_31406078.wav
halmashauri ya jiji la dodoma imeendelea kushika nafasi ya kwanza katika maonesho ya nanenane 	female_feminine	7.9635	common_voice_sw_30623995.wav
ngozi ya tunda inaweza kuwa nene au nyembamba wakati mwingine huwa na ladha chungu 	female_feminine	6.4155	common_voice_sw_28666668.wav
kama vile ufaransa na canada bila kuisahau uingereza na ujerumani 	female_feminine	7.9275	common_voice_sw_30224199.wav
sayyid said aliona nafasi kubwa ya biashara ya karafuu 	female_feminine	4.7955	common_voice_sw_29939253.wav
watu wote wanaotumia dawa za kufubaza kinga ya mwili 	female_feminine	5.4435	common_voice_sw_30640489.wav
wapenzi wa jinsia moja wapigwa picha nchini kenya 	female_feminine	3.8235	common_voice_sw_37096132.wav
jambo linalowafanya wakazi hao kupata kitoweo na fedha za kujikimu 	female_feminine	6.7035	common_voice_sw_30640492.wav
imekuwa pia ni vyanzo vya maji kwa mataifa mengi kama vile misri 	female_feminine	5.5875	common_voice_sw_30313758.wav
ndani ya wilaya hiyo asilimia kubwa ya watu wanaoishi humo ni wapare 	male_masculine	7.9635	common_voice_sw_29815915.wav
watu wana uhakika kuhusu sauti zinazorekodiwa 	female_feminine	3.8955	common_voice_sw_34597390.wav
hata hivyo wapare nao wana utani wao kwa wachaga 	female_feminine	5.8755	common_voice_sw_30329142.wav
kwa hiyo chimbuko la wanyakyusa ni pande mbili 	female_feminine	5.1555	common_voice_sw_29793296.wav
mtandao wa watu wanaoishi na virusi vya ukimwi duniani 	female_feminine	4.5075	common_voice_sw_35104284.wav
kutokana na kazi zake mfugale amepokea tuzo mbalimbai za mafanikio katika fani ya uhandisi 	female_feminine	9.34765625	common_voice_sw_30124150.wav
waluguru wana mtala na ukoo kwa imani zao 	female_feminine	6.7755	common_voice_sw_30567820.wav
alikuwa mbunge wa jimbo la ruangwa tangu mwaka elfu mbili na kumi 	female_feminine	5.6955	common_voice_sw_30175963.wav
alikuwa anashirikiana na viongozi wake kwa amani na upendo 	male_masculine	6.5955	common_voice_sw_31304347.wav
tembo hapendi kusikia kelele za aina yoyote 	female_feminine	5.8035	common_voice_sw_30572951.wav
yesu kwa kumweka nje ya mazingira ya kiyahudi dini hizo mbili zilitengana 	female_feminine	5.9475	common_voice_sw_35106131.wav
fainali za mataifa ya afrika zinatarajiwa kupigwa mwaka ujao 	female_feminine	5.8755	common_voice_sw_30435124.wav
aliishi sana na binamu yake utotoni mwake kwa sababu mama yake alisafiri kila wakati 	female_feminine	7.0635	common_voice_sw_29662594.wav
kifua kikuu kinaweza kuambukiza sehemu yoyote ya mwili 	female_feminine	5.5875	common_voice_sw_29788792.wav
huduma za kijamii kama vile hospitali na elimu 	female_feminine	4.7955	common_voice_sw_30591040.wav
ni kati ya nchi za dunia zenye historia ndefu inayojulikana 	female_feminine	4.6155	common_voice_sw_28927267.wav
yapo madai kuwa ilikuwa imebeba zaidi ya abiria elfu moja mia mbili 	male_masculine	4.7235	common_voice_sw_29787628.wav
reli ya tazara inapita katika ya hifadhi ya kitulo 	female_feminine	5.2275	common_voice_sw_29791980.wav
amin alijibu kwa kubomoa miji ya tanzania na kusafisha jeshi la akoli 	female_feminine	5.9475	common_voice_sw_30028589.wav
wakaingiza kilimo ufugaji na uzalishaji kwa jumla 	female_feminine	4.5075	common_voice_sw_30364488.wav
mjerumani heinrich hertz alitagundua mawimbi ya sumakuumeme 	female_feminine	6.9555	common_voice_sw_35214151.wav
walimu wamefika 	female_feminine	3.0675	common_voice_sw_34812502.wav
kwa upande wake kiongozi wa chama cha wanahabari nchini burundi ibichi alexander niyubiko 	female_feminine	7.4955	common_voice_sw_36732179.wav
ambayo ni mali ghafi muhimu kwa mahitaji mengine ya mwanadamu 	female_feminine	5.4435	common_voice_sw_34743443.wav
ingawa hatari ya kuambukizwa kupitia ngono ya mdomoni iko chini bado ipo 	female_feminine	7.2075	common_voice_sw_28874976.wav
aliendelea kuendesha akifuatilia mahali ulipotokea ule mkito wa muziki 	male_masculine	6.5235	common_voice_sw_36386408.wav
mara nyingi watu wanaochaguliwa kwenye kazi hizi ni watu ambao watu wanao fahamu 	female_feminine	7.0275	common_voice_sw_35183287.wav
kamati hii inawajumuisha gavana wa benki kama mwenyekiti 	female_feminine	5.2635	common_voice_sw_30653490.wav
kumshukru mungu kwa magumu uliyoyapitia na kukumbuka yale 	female_feminine	4.3635	common_voice_sw_30375138.wav
titanic ilizinduliwa baada ya kukamilika kuundwa 	female_feminine	5.1555	common_voice_sw_34598219.wav
pep na jose mourinho wote ni washindani 	male_masculine	3.8235	common_voice_sw_29936411.wav
kalambo mto wa pili barani afrika kwa kuwa na maporomoko marefu 	female_feminine	4.7955	common_voice_sw_30581614.wav
kutoka daressalaam mpaka kahama mkoani shinyanga 	female_feminine	5.2275	common_voice_sw_30355412.wav
licha ya kuiingizia nchi mapato makubwa pia ni maeneo yenye fursa kubwa 	female_feminine	7.3875	common_voice_sw_30299581.wav
katika karne ya kumi na moja waturuki wa seljuk 	female_feminine	4.1835	common_voice_sw_35181838.wav
ya makabila ya uarabuni mwa kati akaweza kuvamia na kutawala 	female_feminine	5.4075	common_voice_sw_35146214.wav
twiga wa kundi moja hawachangamani na twiga wa kundi lingine 	female_feminine	4.8675	common_voice_sw_29962873.wav
umoja ni nguvu utengano ni udhaifu 	female_feminine	4.16365625	common_voice_sw_30005215.wav
hii ni kwasababu ya mchango wake mkubwa wakati wa harakati za kupigania uhuru 	female_feminine	4.9035	common_voice_sw_30021464.wav
hatimaye wameanza kuhudumiwa kwa matibabu yasiyo na malipo 	male_masculine	5.9835	common_voice_sw_36375095.wav
zipo barabara za mwanga hadi ugweno na usangi 	female_feminine	4.7235	common_voice_sw_29936617.wav
simba huwindwa wanapowaua mifugo yao hwauwa pia 	female_feminine	6.4155	common_voice_sw_30436690.wav
katika mwezi wa pili mwaka elfu moja mia nane tisini na moja 	female_feminine	4.6875	common_voice_sw_34598137.wav
antoine grizman alitimiza kazi yake aliyotumwa 	female_feminine	5.5875	common_voice_sw_30640488.wav
anasema chini ya majengo mengi kuna njia za mahandaki zilizotengenezwa kwa ajili ya ulinzi 	male_masculine	6.8475	common_voice_sw_29936859.wav
kuwa wao wanaweza apana kutetea nchi yao pamoja na maisha ya watu wengine ambao 	female_feminine	7.5675	common_voice_sw_36252049.wav
wana rangi ya mchanga na madoa meusi au kahawia 	female_feminine	3.8955	common_voice_sw_28792961.wav
blob anawezo kuwasiliana na binadamu kwa vitendo 	female_feminine	5.0475	common_voice_sw_29796985.wav
kila somo dogo lina wataalamu wake 	female_feminine	3.4275	common_voice_sw_29668192.wav
nataka ujue kitu moja mimi si mtoto tena 	female_feminine	3.9675	common_voice_sw_35123681.wav
alizikwa mahali pa kuzaliwa kwake kijiji cha butiama 	female_feminine	5.5875	common_voice_sw_30034722.wav
wapare pia wanaishi katika wilaya ya lushoto na sehemu za bumbuli na mavumo 	female_feminine	5.8035	common_voice_sw_30337897.wav
tanzania ilianzisha ujamaa katika kuleta maendeleo 	female_feminine	4.7235	common_voice_sw_30110189.wav
kwa kilatini kinaitwa de trinitate alikiandika kilichukua muda mrefu kwa 	female_feminine	8.4675	common_voice_sw_35161004.wav
mmoja hadi madai yao ya kupunguza kodi 	female_feminine	3.7155	common_voice_sw_35774660.wav
japokuwa waliweka wazi kuwa chuo akina uwezo wa kunipatia vifaa vya kujisomea 	male_masculine	7.3155	common_voice_sw_30515274.wav
mchango wake wa kihistoria katika mapambano ya kusaka uhuru wa taifa 	female_feminine	5.6235	common_voice_sw_30354766.wav
pia wapo wanyama kama simba na nyati 	female_feminine	4.4355	common_voice_sw_29798081.wav
hata hivyo mercury alikuwa ametambuliwa kuwa na ugonjwa huo 	female_feminine	5.9835	common_voice_sw_30129516.wav
makinda amesema hayo jana jijini dodoma katika kongamano 	female_feminine	5.4075	common_voice_sw_29924906.wav
mwaka elfu mbili mpaka mwaka elfu mbili na tano 	male_masculine	3.0675	common_voice_sw_36382270.wav
mke wake aliitwa mwene wakulosi ambaye walijaliwa kupata watoto watatu 	female_feminine	6.8475	common_voice_sw_29925229.wav
baba yake alikua mwanasiasa 	female_feminine	3.3555	common_voice_sw_28583617.wav
nyangumi aliyekamatwa mara ya mwisho alikuwa na urefu wa mita thelathini 	female_feminine	4.0755	common_voice_sw_31285763.wav
kila sehemu unayopita utakutana na mto unaotiririsha maji 	female_feminine	5.2635	common_voice_sw_30142556.wav
msaada kwa sababu za mazingira hata tulishangazwa 	female_feminine	5.0475	common_voice_sw_35250508.wav
baraza la mapinduzi liliketi mwaka huo huo 	female_feminine	4.3635	common_voice_sw_30227489.wav
alama ya pembe za ndovu ikiwakilisha utalii wetu tulio nao 	male_masculine	4.0035	common_voice_sw_29942634.wav
nkipacha senthi thanunuva mabita niyee 	male_masculine	6.3435	common_voice_sw_32091091.wav
tumia vifaa vya kujikinga kama kufunika mdoma na pua unaposhughulikia kuku 	female_feminine	5.8755	common_voice_sw_35284645.wav
japo ukifika tabora wilaya ya sikonge na urambo hasa yenye wanyamwezi 	male_masculine	5.8755	common_voice_sw_30638477.wav
alikuwa mtangazaji wa habari na michezo haswa soka 	female_feminine	5.0835	common_voice_sw_28874300.wav
alichukua nafasi ya john mongella ambaye amehamishiwa simiyu 	female_feminine	4.9035	common_voice_sw_37223162.wav
samwel aliingia kwenye mashua ya kuokoa 	female_feminine	5.2635	common_voice_sw_34743326.wav
tunza vyakula katika hali ya joto na kuvifunika 	female_feminine	4.4355	common_voice_sw_30037930.wav
baada ya mpira kumshinda ulaya akatimkia china 	female_feminine	3.7875	common_voice_sw_31823748.wav
edward ngoyai lowass ni mbunge wa bunge la tanzania jimbo la uchaguzi monduli 	female_feminine	6.2355	common_voice_sw_29797031.wav
muda wa mtihani ulifika na kila mwanafunzi alielekea kwenye chumba chake cha mtihani 	female_feminine	6.1275	common_voice_sw_29924402.wav
pia ni sehemu nzuri kwa kufanya biashara 	female_feminine	3.4275	common_voice_sw_28757673.wav
ya watu wa china na rais wa baraza la tanzania 	female_feminine	3.6075	common_voice_sw_31285402.wav
nchi nyingi za afrika zilijenga uhusiano na tanzania 	female_feminine	5.5875	common_voice_sw_30196718.wav
virusi hivi vinafana na vile vinavyoleta mafua ya kawaida 	female_feminine	5.1555	common_voice_sw_30053595.wav
sasa kila kitu kipo wazi mapenzi yamekuwa kama kamali 	female_feminine	4.0035	common_voice_sw_31284769.wav
reunion wakakaa unguja tangu tarehe kumi na mbili 	female_feminine	5.3355	common_voice_sw_29797999.wav
ni lugha rasmi mojawapo ya nchi ya nigeria 	female_feminine	4.2555	common_voice_sw_28950307.wav
hayati julius nyerere alitangaza vita dhidi ya uganda 	female_feminine	6.6675	common_voice_sw_29799384.wav
hata hivyo ongezeko la hali joto litazidi 	female_feminine	3.6075	common_voice_sw_31446931.wav
alipofikisha umri wa kwenda shule seif aliandikishwa katika shule ya uondwe 	female_feminine	5.6955	common_voice_sw_35103652.wav
kinaweza kulenga wadudu wenyewe mayai au lava 	female_feminine	5.9835	common_voice_sw_28809172.wav
alipendwa na kukaribishwa na mwamududa kuishi kwake lakini akaanzisha mapenzi ya siri 	female_feminine	7.7835	common_voice_sw_29961523.wav
aliweza kuelewana na nchi za ujamaa na aliweza kuajiri watu kutoka urusi na china 	female_feminine	5.0835	common_voice_sw_30073819.wav
watu wengi walisema messi kuondoka barcelona ni ndoto 	female_feminine	4.0755	common_voice_sw_31285901.wav
kiswahili nchini kenya licha ya kuwepo kwa 	female_feminine	4.1475	common_voice_sw_35106092.wav
alikuwa mchungaji bora wa kundi lake 	male_masculine	3.3555	common_voice_sw_28663223.wav
uso wao ni mweusi 	female_feminine	3.1755	common_voice_sw_29191678.wav
yenyewe bila kupandwa na binadamu na pia 	female_feminine	4.9035	common_voice_sw_37223159.wav
mamlaka zake pamoja na maoni mbalimbali ya wadau juu ya ukuzaji wa sekta hii 	female_feminine	7.3875	common_voice_sw_37100214.wav
kiislamu kuwepo kwa kabila shupavu lenye kuamini 	female_feminine	4.3275	common_voice_sw_34946640.wav
jirani ingawa kagame anakanushahuyu ndiye muammar gaddafi aliyeiongoza libya kwa miongo minne bila 	female_feminine	6.7755	common_voice_sw_34946576.wav
pia mambo kama vile maji safi na hewa huhitajika katika afya ya mwanadam 	female_feminine	6.4875	common_voice_sw_30075021.wav
katika harakati za kuendelea kupata maarifa 	male_masculine	3.1755	common_voice_sw_31322800.wav
jina hilo lilibadilishwa na kuwa kagera 	female_feminine	5.2275	common_voice_sw_30176728.wav
jina ambalo wekundu wa msimbazi wanalikumbuka sana 	female_feminine	5.56765625	common_voice_sw_30143347.wav
ambayo imepokea fedha za kigeni shirika la utalii 	female_feminine	5.2275	common_voice_sw_30034495.wav
zote zipo kwenye maeneo ambapo ushaidi wa mababu wa kwanza kwa binadamu upo 	female_feminine	7.0275	common_voice_sw_29789818.wav
mtwara mikindani ni jina ambalo lina muunganiko wa maneno mawili 	female_feminine	5.2635	common_voice_sw_31266484.wav
ngorongoro inayotembelewa na watalii wengi zaidi kwa mwaka 	female_feminine	5.8755	common_voice_sw_29798565.wav
wanigeria wengi kuwa magaidi walianza kutwaa mamlaka juu ya 	female_feminine	4.9035	common_voice_sw_36251216.wav
ni ngumu kama sio haiwezekani kabisa 	female_feminine	4.6875	common_voice_sw_30176679.wav
majengo yakiitwa yenye usanifu mchanganyiko ambayo ni mgahawa wa kiarabu 	female_feminine	6.1635	common_voice_sw_30653751.wav
iko kaskazini mashariki mwa nchi 	male_masculine	4.2555	common_voice_sw_28583177.wav
mwanzoni sikukuu hii ya nane nane iliitwa saba saba 	male_masculine	5.8755	common_voice_sw_30204501.wav
kutoka dar es salaam mpaka mpanda mkoa ni rukwa magharibi mwa tanzania 	female_feminine	5.3355	common_voice_sw_31261912.wav
viongozi wa soka afrika mashariki na kati kuhakikisha kwamba wachezaji wanajua 	female_feminine	5.0835	common_voice_sw_37212056.wav
mwaka huu mwezi wa tano alishinda kombe la ulaya 	female_feminine	4.3275	common_voice_sw_30205292.wav
wakatoliki japo ni wachache wanapatikana zaidi katika maeneo ya kilomeni na kisangara juu 	female_feminine	7.3155	common_voice_sw_29938383.wav
hali ambayo inatajwa na mkurugenzi wa wizara ya afya 	female_feminine	4.3635	common_voice_sw_34755892.wav
rais samia amesema kanisa hilo lina mchango mkubwa katika utoaji wa huduma za jamii 	female_feminine	6.4155	common_voice_sw_35198801.wav
walikuwa viongozi waliokwenda kama wajumbe wa biashara ya ngombe 	female_feminine	5.8755	common_voice_sw_30709795.wav
mbali na kuigiza yeye pia ni mtayarishaji mwanamitindo na mtu wa runinga 	female_feminine	7.3155	common_voice_sw_28662855.wav
maskini walikuwa wana hali mabaya kiuchumi 	female_feminine	4.1475	common_voice_sw_29790778.wav
tamaduni hizi za imani za kimaasai huhusisha ibada za umri 	female_feminine	5.0835	common_voice_sw_29923168.wav
meli hiyo ilikuwa ikitokea katika bandari ya bukoba kuelekea mwanza 	female_feminine	5.0475	common_voice_sw_30023300.wav
utawala wa sultan wa zanzibar na oman ulitengana baada ya kifo cha seyyid 	female_feminine	4.9755	common_voice_sw_31406011.wav
kumtorosha inti wa kikurya ilikuwa ni kosa kubwa sana na unakuwa umekosea ukoo mzima 	female_feminine	8.0355	common_voice_sw_30351703.wav
mlo sahihi na kamili pamoja na mazoezi ya viungo 	female_feminine	3.8955	common_voice_sw_29793672.wav
alikuwa mtemi na kiongozi mkuu wa kabila la wahehe nchini tanzania 	female_feminine	6.4875	common_voice_sw_34763052.wav
shughuli kubwa ya wachagga ni biashara kilimo na kazi za ofisini 	female_feminine	5.4435	common_voice_sw_30051519.wav
kiligundulika muda mrefu sana na wanakijiji wa eneo hilo 	male_masculine	5.4075	common_voice_sw_30671877.wav
kuhusu mambo yaliyotendeka mwaka wa elfu mbili na saba 	female_feminine	4.3275	common_voice_sw_35106076.wav
ni sloth tatu toed bradypus tridactylus ambayo 	female_feminine	4.7235	common_voice_sw_34958448.wav
linajumuisha nguzo za chuma milango yenye marembo 	female_feminine	3.6435	common_voice_sw_37089552.wav
tunazaidi ya wairaki elfu moja mia mbili 	female_feminine	4.6155	common_voice_sw_36364088.wav
huo ulikuwa mwanzo wa vita ya wenyewe kwa wenyewe 	male_masculine	3.7155	common_voice_sw_28877915.wav
makao makuu ya mkoa yapo katika mji wa bukoba u 	female_feminine	4.7235	common_voice_sw_29939251.wav
wangapi kati ya watawala maalum wa kiafrika ambao tayari tumekuwa nao 	female_feminine	6.9555	common_voice_sw_30397774.wav
bagamoyo makumbusho pamoja na nyumba za ibada kama vile makanisa na misikiti 	male_masculine	6.1275	common_voice_sw_29787593.wav
jacob akajua kuwa ni ile risasi alopigwa mkononi 	female_feminine	4.7955	common_voice_sw_35183649.wav
mkwawa mwenyewe aliamua kukimbia pamoja na askari elfu mbili 	female_feminine	5.9835	common_voice_sw_30177781.wav
wapare ni kabila kutoka milima ya pare 	female_feminine	3.1035	common_voice_sw_30072346.wav
michuano ya kombe la dunia ya ilifanyika nchini romania 	female_feminine	4.5075	common_voice_sw_30658645.wav
hapa alienda kuzunguka mitaani na kusikiliza wahubiri wa barabarani 	female_feminine	6.5955	common_voice_sw_30173758.wav
aa ya michezo kwanzia soka na michezo mingineyo 	female_feminine	3.8235	common_voice_sw_35176596.wav
sasa ifahamu historia ya wamasai kutoka israel hadi afrika mashariki 	female_feminine	6.7035	common_voice_sw_35099359.wav
kukatokea na mashambulizi ya mwi kabla 	female_feminine	3.7155	common_voice_sw_35437885.wav
baada ya hapo wao huingia chumbani kwao kwa mtanange mujarab kabisa 	female_feminine	5.5155	common_voice_sw_36644621.wav
ili kutoa msukumo zaidi kwa korea kaskazini 	female_feminine	3.9675	common_voice_sw_34980730.wav
upande wa biashara tanzania ilisitisha kuagiza bidhaa kutoka kenya 	female_feminine	5.2275	common_voice_sw_30658802.wav
hali hii imepelekea kuwepo wasanii wengi maarufu wa maigizo na nyimbo 	female_feminine	5.9475	common_voice_sw_30581089.wav
kama kawaida tunge tunge enda kwa tungeenda mahakamani 	female_feminine	3.9675	common_voice_sw_34958947.wav
kuzalisha madini ya urenia 	female_feminine	3.1755	common_voice_sw_35104688.wav
maim seif aliwani nafasi ya urais wa zanzibar kwa tiketi ya chama cha wananchi 	female_feminine	8.2155	common_voice_sw_35180663.wav
idi amin alikimbia tena safari hii alitumia mwanya aliopewa na muammar gaddafi 	male_masculine	10.4475	common_voice_sw_31371165.wav
dishi wa habari yaani kamwe hawatujali 	female_feminine	3.8955	common_voice_sw_34942575.wav
kuna viwanja vya ndege kadhaa katika mbuga hii 	female_feminine	3.4635	common_voice_sw_31787544.wav
hatujawahi kubaguana kwa udini kabila wala rangi tulizonazo 	female_feminine	6.8835	common_voice_sw_30495139.wav
yesu aliwaambia hivi msidhani ya kuwa nalikuja kuitangua torati au manabii sikuja kutangua bali 	female_feminine	7.2435	common_voice_sw_35104576.wav
na nzi wa kuuma waliopo 	female_feminine	2.6355	common_voice_sw_37331939.wav
katika fani ya programu za kompyuta ni kawaida kuongea juu ya lugha ya kompyuta 	male_masculine	6.0555	common_voice_sw_29328969.wav
na vilima dhidi ya luxemburg na milima ya eifel dhidi ya ubelgiji 	male_masculine	7.0635	common_voice_sw_37100241.wav
wengine walipewa majina kulingana na lugha yao au matamshi yao 	female_feminine	5.6235	common_voice_sw_29818070.wav
kuvimba katika eneo la mfereji wa haja kubwa 	female_feminine	4.3275	common_voice_sw_30196021.wav
wakati italia inafikisha mataji matatu ya kombe la dunia brazil ilikuwa na mawili 	female_feminine	6.9555	common_voice_sw_30371527.wav
aliwahi kucheza timu ya taifa ya uswisi 	female_feminine	5.2635	common_voice_sw_28704588.wav
kupelekea kuenea kwa dini ya kiislamu 	female_feminine	3.7875	common_voice_sw_29797588.wav
kiasili albamu ilitolewa nchini marekani mnamo tarehe moja mwezi wa pili 	female_feminine	6.1635	common_voice_sw_28903435.wav
alipata mafunzo mbalimbali katika taasisi ya chuo cha utawala wa umma lahore pakistani 	female_feminine	8.5755	common_voice_sw_29790682.wav
kwa takriban watu kumi na wawili wamepoteza maisha katika ghasia hizo 	male_masculine	5.2635	common_voice_sw_34763262.wav
ili iweze kuvunja kutawakati wa giza kwenye asubuhi wa tarehre thelathini mwezi wa 	female_feminine	7.7475	common_voice_sw_35181795.wav
vyakula vya asili ni magimbi na matuwi pia mahindi pamoja na mihogo 	female_feminine	5.1555	common_voice_sw_29793646.wav
kufika moshi ni rahisi sana kwa kuwa uwanja mkubwa wa ndege upo hapo 	female_feminine	9.6555	common_voice_sw_30572768.wav
hali kadhalika wawakilishi kutoka nchi mbalimbali 	female_feminine	4.5075	common_voice_sw_34840188.wav
kitulo na udzungwa ada yake kwa mtu wa 	female_feminine	5.1555	common_voice_sw_29848004.wav
tayari waokoaji wameanza kuchimba mashimo maalumu ili kuweza kuwafikishia wachimba migodi hao 	female_feminine	6.9555	common_voice_sw_36615459.wav
anasema mashauri hayo hayajamfanya awe tajirimimi si tajiri ni mtu wa kawaida kazi 	female_feminine	5.6955	common_voice_sw_37097050.wav
syria na demokrasia ya kongo ni miongoni mwa nchi zenye idadi kubwa 	female_feminine	6.7035	common_voice_sw_30585116.wav
hawamiliki mali yeyote binafsi na wanawajibika kutumia pamoja 	female_feminine	6.7035	common_voice_sw_30177135.wav
vipepeo hao wanapatikana zanzibar peke yake 	female_feminine	3.8955	common_voice_sw_29797785.wav
wa kati au zinazoshambulia zaidi kupitia katikati wanaweza kuchagua 	female_feminine	8.1075	common_voice_sw_30623772.wav
tanga ilipata bahati kuvipata mapema sana 	male_masculine	5.2275	common_voice_sw_30180542.wav
kiebrania kilikuwa lugha ya israeli ya kale wakati wa biblia kuanza kuandikwa 	female_feminine	7.7835	common_voice_sw_28704543.wav
wanafunzi wengi nchini walinufaika kupitia bodi ya mikopo 	female_feminine	4.9755	common_voice_sw_31583305.wav
bi hassan alichaguliwa kwa kura mia tatu na tisini 	female_feminine	3.4275	common_voice_sw_37094141.wav
mmoja ama kwa ubinadamu kwa jumla hata hivyo 	female_feminine	4.1475	common_voice_sw_37219872.wav
katika marekebisho hayo ilianzisha mjadala wa wananchi uliodumu kwa mwaka mmoja 	female_feminine	7.5675	common_voice_sw_29924274.wav
ni zile nchi za afrika ya mashariki na kati 	female_feminine	5.8035	common_voice_sw_30667251.wav
akiwa na maslahi binafsi huku wakazidi kumlaumu kwa kufanya hivyo 	female_feminine	6.5235	common_voice_sw_30176740.wav
sifa nyingi za pekee za kiumbe hiki zinaletwa na ongezeko kubwa la mafuta 	female_feminine	4.7235	common_voice_sw_31285964.wav
mfano jiji la dar es salaam lenye bandari pembeni yake 	male_masculine	5.13565625	common_voice_sw_30631120.wav
athari kuu ni nadra 	female_feminine	2.3835	common_voice_sw_28961585.wav
watu wote wanatofautiana kimaisha ulimwenguni kote 	female_feminine	4.3635	common_voice_sw_31446653.wav
alikuwa kero pia kwa rais wa jamhuri ya muungano mwalimu julius kambarage nyerere 	female_feminine	6.4155	common_voice_sw_30195937.wav
bocco anayekipiga simba alifunga bao la kwanza msimu huu dakika ya kumi na moja 	male_masculine	4.7235	common_voice_sw_30382915.wav
mourinho alikuwa na msimu mzuri sana 	female_feminine	4.1475	common_voice_sw_30390056.wav
pia bandari hizi zimekuwa ni chanzo kikubwa sana 	female_feminine	4.1475	common_voice_sw_30034974.wav
mashabiki wa barcelona walichukizwa na kitendo hicho 	female_feminine	4.9035	common_voice_sw_30415216.wav
ziwa nyasa lililopo ruvuma linawanufaisha wananchi 	female_feminine	4.7235	common_voice_sw_30056153.wav
wakati wa miaka yake mitano madarakani 	male_masculine	3.3555	common_voice_sw_30181401.wav
wamasai hunywa supu yenye gome na mizizi inayopunguza mafuta moyoni wamasai wanaoishi mijini ambao 	female_feminine	7.6755	common_voice_sw_35103008.wav
yani mkuu hili chokoraa halina maana shuleni kwetu hata kidogo lione lilivyolinanuka 	female_feminine	8.5035	common_voice_sw_30370416.wav
ya ndege pamoja na magonjwa yanayoathiri mifugo yetu 	female_feminine	4.8675	common_voice_sw_34598571.wav
timu ya taifa italia ilifanikiwa kushinda fainali za kombe la dunia mara mbili mfululizo 	female_feminine	7.0635	common_voice_sw_30638428.wav
wanadai kuwa neno kiileman limetokana na neno kileme 	female_feminine	4.5435	common_voice_sw_30585424.wav
magofu na miji ya kale ndiyo kivutio kinachowafanya wengi kufika hapo 	female_feminine	6.1635	common_voice_sw_30326531.wav
kangaroo wanapenda kuishi katika makundi yanayozidi kangaroo kumi 	female_feminine	6.9915	common_voice_sw_30176840.wav
pia wananchi wa maeneo hayo hasa wafanya biashara 	female_feminine	4.7955	common_voice_sw_30337044.wav
said swedi alianza kucheza simba mwaka elfu mbili na mbili 	female_feminine	4.2555	common_voice_sw_31446549.wav
kuongezeka biashara ya bidhaa huduma na mtaji baina ya nchi ni athari kuu 	female_feminine	6.4155	common_voice_sw_30591025.wav
kwa sasa iko kati ya visiwa vya kanada na ncha ya kijiografia 	female_feminine	5.9835	common_voice_sw_29560157.wav
kuongezeka kwa wakimbizi kutoka nchi jirani na kukua kwa makambi kulikuwa tatizo kubwa 	female_feminine	7.0275	common_voice_sw_29760953.wav
ilianzishwa rasmi mwaka elfu moja na mia tisa sitini na nne 	female_feminine	7.0275	common_voice_sw_30495052.wav
na huu ndio ukawa mwanzo wa carey kuingia katika ulimwengu wa muziki 	female_feminine	5.3355	common_voice_sw_29193616.wav
kila aina ina faida na hasara yake 	female_feminine	4.2555	common_voice_sw_29642753.wav
kaisari konstantino kule roma meli moja ilikuwa safarini kutoka shamu 	male_masculine	6.9555	common_voice_sw_36382588.wav
muziki wake mwingi ulikuwa unazungumzia hadithi za nyumbani 	female_feminine	4.6875	common_voice_sw_37089325.wav
rais huyu amewapongeza vizuri sana vijana hawa na hii ni changamoto kubwa sana 	male_masculine	4.0755	common_voice_sw_36389873.wav
ardhi zaidi ilichukuliwa kwa ajili ya hifadhi ya wanyamapori na hifadhi za taifa 	female_feminine	5.9835	common_voice_sw_30195678.wav
pori la biharamulo lina ukubwa wa kilomita za mraba mia saba thelathini na moja 	female_feminine	6.8475	common_voice_sw_29922494.wav
mama yule ana watoto wanne 	female_feminine	2.9955	common_voice_sw_35056451.wav
vikosi vya castro viliingia havana mwaka elfu moja mia tisa hamsini na tisa 	female_feminine	5.0475	common_voice_sw_30582627.wav
ina matumizi muhimu kwa ujenzi na vifaa pia kama kuni kwa moto 	female_feminine	5.0835	common_voice_sw_29589184.wav
tanzania ilivyomnyoosha nduli iddi amin dadaa nakupa kidogo halafu tunaendelea 	female_feminine	7.9635	common_voice_sw_30314310.wav
baadhi yao wametuhumiwa kwa kufanya unyama kaskazini mwa nchi 	female_feminine	6.1275	common_voice_sw_30351741.wav
katika mazungumzo maalumu yaliyofanyika katika makala hii tundu lissu ambaye kwa sasa ni rais 	female_feminine	7.3155	common_voice_sw_34906794.wav
kwa jumla watu walifanya kazi kwa kushirikiana bila ubaguzi wala matabaka 	male_masculine	6.3075	common_voice_sw_28662077.wav
wingi wa utafiti wa kiuchumi umekosolewa kwa ukosefu wa kufanana 	male_masculine	6.9555	common_voice_sw_29997628.wav
akiwa mwalimu alitunga kamusi kwa shule za msingi 	female_feminine	5.5875	common_voice_sw_28761023.wav
mbalimbali lakini hasa majeruhi wa vita na kizazi chake ndicho kinachoendelea kutibu 	male_masculine	7.4235	common_voice_sw_30007221.wav
tangu mwaka huo hadi kifo chake alikuwa askofu wa jimbo la tanga 	female_feminine	5.3355	common_voice_sw_28583743.wav
hufanyika mwezi wa kumi na mbili tu 	female_feminine	4.3635	common_voice_sw_29925053.wav
kuna upangaji mkakati wa pwani na bahari na usimamizi wa bahari 	female_feminine	5.5875	common_voice_sw_36615356.wav
serikali ya uganda ilitangaza kwamba mwili wake unaweza kuzikwa uganda 	female_feminine	5.2635	common_voice_sw_29792843.wav
chakula cha asili kama ilivyo kwa mkoa wote wa kagera ni ndizi 	female_feminine	6.7755	common_voice_sw_29519032.wav
ni mlima mmoja uitwao mtorwi ndiyo unapatikana mkoani iringa 	female_feminine	5.5875	common_voice_sw_30025492.wav
hiyo ni kwa upande wa taifa la afrika kusini 	female_feminine	3.4635	common_voice_sw_31284698.wav
wakafanikiwa kuibuka na kikombe kwa kuipiga ivory coast 	male_masculine	5.3355	common_voice_sw_30142059.wav
idadi kubwa ya wanafunzi kutoka shule mbalimbali nchini tanzania 	male_masculine	8.1075	common_voice_sw_31454744.wav
na kupandishwa kwa bendera bendera ya utawala wa tanganyika wakati huo 	female_feminine	6.1275	common_voice_sw_30189203.wav
ambapo ndama laki nne huzaliwa katika kipindi cha wiki sita 	female_feminine	5.85565625	common_voice_sw_30003950.wav
karume alikuwa mtoto wa mwanamke mtumwa alietolewa maeneo rwanda 	female_feminine	6.7755	common_voice_sw_29788195.wav
alikiri kwenye kitabu chake hicho kuwa tukio hilo litaendelea kuwa doa jeusi 	male_masculine	5.6955	common_voice_sw_29988826.wav
tena wako zambia malawi na sehemu nyingine 	female_feminine	4.6875	common_voice_sw_28699003.wav
wanaripotiwa kurejea tanzania mapema kuliko ilivyo kawaida yao 	female_feminine	5.6235	common_voice_sw_29790101.wav
lakini kuingilia kati kwa serikali ya uingereza kulikuwa mwisho wa utawala wa kampuni 	female_feminine	7.4955	common_voice_sw_28699152.wav
bado walikuwa wakitafuta nafasi ya kulipa kisasi cha lugalo walidai kuwa chifu amevunja mkataba 	female_feminine	8.7555	common_voice_sw_35156874.wav
maneno ya malatwe yalimfanya mwalimu mkuu kutoa macho 	male_masculine	4.0755	common_voice_sw_30434934.wav
pia desturi huweza kutokea kwa mtu binafsi 	female_feminine	4.5435	common_voice_sw_29637228.wav
mapinduzi ya kiislamu chini ya uongozi wa ayatollah khomeini 	female_feminine	5.2275	common_voice_sw_34924865.wav
kama isingekuwa kwa muungano wasingeweza kufanya chochote 	female_feminine	7.0275	common_voice_sw_30572738.wav
osama akabadilika kutoka kuwa malaika hadi 	female_feminine	6.4875	common_voice_sw_30495090.wav
utumiaji mkubwa wa pombe unaweza kusababisha kisukari 	male_masculine	3.6435	common_voice_sw_36374780.wav
huku kilio miongoni mwa wananchi wadau na wanasiasa ndani na nje ya bunge 	female_feminine	5.8755	common_voice_sw_30193884.wav
ununuzi wa dawa katika maduka na famasia ambazo zimehalalishwa na serikali 	female_feminine	6.2355	common_voice_sw_34897305.wav
hatua hiyo ya werema ilikuja wakati watanzania wakiwa bado wanasubiri uamuzi wa rais 	male_masculine	6.5955	common_voice_sw_30470870.wav
allofs alishinda tuzo ya kiatu cha mfungaji bora 	male_masculine	4.6155	common_voice_sw_29937887.wav
hatuwezi kusema tuna usawa wakati haki zetu hazizingztiwi 	female_feminine	8.1075	common_voice_sw_29789644.wav
passarella alitajwa miongoni mwa wachezaji bora wa michuano 	female_feminine	4.2555	common_voice_sw_30377533.wav
pengine kusiwe na kinyongo ame amenifurahisha sana profesa 	female_feminine	5.2635	common_voice_sw_35104628.wav
li kuweza kukabiliana na mlipuko wa ugonjwa wa kipindupindu 	female_feminine	4.5435	common_voice_sw_35425428.wav
sheria mbalimbali zilitungwa na kuboreshwa na bunge 	female_feminine	5.3355	common_voice_sw_30629640.wav
ni bora uyashuhudie kwa mwenzio 	female_feminine	3.6435	common_voice_sw_34924412.wav
kwamba hilo ni agizo la serikali ya rwanda kila 	female_feminine	4.5435	common_voice_sw_37099198.wav
jambo lolote bila ya kutumia madawa hayo ukizingatia pia bei kubwa 	female_feminine	7.0275	common_voice_sw_34827739.wav
kucheleweshwa kwa uchaguzi huo huenda 	female_feminine	3.8955	common_voice_sw_34906889.wav
maelezo ya historia yanaonyesha kuwa utawala wa wareno kilwa kisiwani 	female_feminine	5.6235	common_voice_sw_35181719.wav
kupiga kura kukiangalia nyuso zao sudan kusini hapo juba 	female_feminine	5.0835	common_voice_sw_37091523.wav
nyamageni iliyotokea aprili ishirini na nane mwaka elfu mbili na sita 	female_feminine	6.3435	common_voice_sw_29790136.wav
tatizo lilikua kwanini fedha zimeingia kwenye akaunti yake badala ya akaunti ya shule 	female_feminine	7.3875	common_voice_sw_29818125.wav
alitafuta majibu ya harakaharaka labda sehemu ya matatizo yake 	female_feminine	4.8675	common_voice_sw_30581618.wav
jeshi la uganda ndilo linafanya kazi ya kulinda amani nchini somalia 	female_feminine	6.5235	common_voice_sw_30205368.wav
la nchi ni umbo la kihispania la jina la mji wa venezia 	female_feminine	6.4875	common_voice_sw_35155115.wav
akampiga na kumchinja katika eneo hilo la lungemba 	female_feminine	7.4235	common_voice_sw_30327112.wav
hata hivyo siasa za dunia za maeneo zilibadili mkondo wake 	female_feminine	6.3075	common_voice_sw_34828883.wav
rais lauren badbo wa cote de voire azidi kutunisha misuli 	female_feminine	5.5155	common_voice_sw_34958931.wav
nicky oppenheimer wa afrika kusini akiwa na utajiri wa dola bilioni nane 	male_masculine	7.4235	common_voice_sw_30021648.wav
mwaka mmoja baadaye zidane akauzwa kwenda real 	female_feminine	5.0835	common_voice_sw_30108383.wav
yanalaumiwa kwa kuchimba dhahabu na kuitoroshea katika mataifa mengine 	female_feminine	7.6755	common_voice_sw_29797480.wav
alizaliwa huko saint louis nchini senegal 	female_feminine	5.0475	common_voice_sw_28699098.wav
wafanyakazi wengi na ofisi nyingi za serikali zipo mjini 	female_feminine	4.4355	common_voice_sw_29564490.wav
obotte ndiye aliyepinduliwa na idd amini 	female_feminine	4.55965625	common_voice_sw_30004946.wav
adhabu kali ilitolewa kwa wale waliopinga 	female_feminine	4.6155	common_voice_sw_30378774.wav
linaloelezwa na viongozi wa nchi hiyo kuwa mbaya zaidi kutokea 	female_feminine	4.3635	common_voice_sw_37093017.wav
wengi hawakutaka kuondoka kwenye meli nzuri 	female_feminine	3.1755	common_voice_sw_36644705.wav
waswahili wa pwani waliuita huo mlima kilimanjaro 	female_feminine	4.1475	common_voice_sw_31446483.wav
kama alivyofanya nabii ibrahim kumchinja mwanae ismail 	female_feminine	5.0475	common_voice_sw_31787764.wav
kijana yule ananipendeza sana 	male_masculine	2.0235	common_voice_sw_36390328.wav
wazo kuu ni kwamba biblia inajitegemea na kumtosha kila anayesoma 	female_feminine	5.6955	common_voice_sw_31270250.wav
hospitali hapo hakukuwa na taarifa ambayo kuna mgonjwa aliezimia kutokana na muziki huo shoo 	female_feminine	7.7115	common_voice_sw_37088968.wav
maana ya jumamosi jumapili nakadhalika 	female_feminine	3.6075	common_voice_sw_28583382.wav
kwa kawaida adhabu mbili kuu ndizo zilikuwepo 	female_feminine	4.5435	common_voice_sw_30029116.wav
matokeo yake endapo yangeipa uganda ushindi yangebadilisha kabisa ramani ya afrika mashariki 	female_feminine	7.7475	common_voice_sw_30574986.wav
baadae iliondolewa utawala wa machifu na kuanza mfumo wa pamoja wa serikali za mitaa 	male_masculine	8.5035	common_voice_sw_29795878.wav
lipo pia ziwa tanganyika nalo linapatikana katika nchi ya tanzania 	female_feminine	5.7675	common_voice_sw_30166495.wav
reli hii ya kati inapita katika baadhi ya mikoa 	female_feminine	4.6875	common_voice_sw_29798025.wav
maeneo yenye historia kama kilwa kisiwani na bagamoyo 	female_feminine	4.2555	common_voice_sw_30379824.wav
alipoenda kwa shehe kushtukia magonjwa ake alipewa kombe anywe ili apone 	female_feminine	8.1435	common_voice_sw_31996897.wav
alitawala mtawala aliyejuliakana kwa jina la rusatira 	female_feminine	4.6875	common_voice_sw_29792063.wav
na kujitenga kwa sudan kusini saa chache kabla ya matokeo mwisho 	female_feminine	5.6235	common_voice_sw_35107649.wav
huku wachambuzi wa mambo wakitilia shaka kuachiwa kwa mwanaharakati huyo 	female_feminine	6.7755	common_voice_sw_35867955.wav
jina la sala hiyo linatokana na maneno yake ya kwanza 	female_feminine	5.0475	common_voice_sw_29717797.wav
ana utajiri wa dola bilioni kumi nukta moja 	female_feminine	4.3275	common_voice_sw_30175899.wav
tunisia yaliyotokea tunisia kunawezekano yakaweza kutokea se 	female_feminine	5.2275	common_voice_sw_34940974.wav
twiga masai jike huwa na nywele nyingi kichwani wakati dume huwa ana nywele chache 	female_feminine	7.2075	common_voice_sw_34943114.wav
ni katika sikukuu moja ya pasaka ndipo alipobadili dini na kuwa mkristo 	male_masculine	5.4435	common_voice_sw_29963889.wav
aliwahi kuwa na watoto wawili kabla ya kuoa 	female_feminine	4.0755	common_voice_sw_29731728.wav
katika itikadi ile hifadhi ya mazingira haikuwa na umuhimu sana 	female_feminine	4.9035	common_voice_sw_28961556.wav
inawezekana ni kutokana na mvua na upatikanaji wa maji ya kutosha 	female_feminine	6.0555	common_voice_sw_29924575.wav
zelewski aliwadharau wahehe kama washenzi ambao walikuwa na mikuki na pinde tu 	female_feminine	5.8755	common_voice_sw_30581586.wav
zamani wapare walikuwa na sala tofauti kwa kila ukoo 	female_feminine	3.9675	common_voice_sw_29939935.wav
sheria husaidi watu mno 	female_feminine	4.8675	common_voice_sw_29799386.wav
katika orodha ya maajabu asilia duniani kote 	female_feminine	7.9635	common_voice_sw_30570004.wav
osama alikua tajiri mkubwa saudi arabia alianza kusimamia 	female_feminine	6.0555	common_voice_sw_29798597.wav
mji wa mto wa mbu ni maarufu kwa shughuli za kiutalii 	female_feminine	5.8755	common_voice_sw_30176377.wav
kupitia mashirika mablimbali ya kitume mwanzoni kabisa 	female_feminine	4.0755	common_voice_sw_35279565.wav
wakristo wa kwanza walikuja wakati wa utawala wa kireno 	female_feminine	4.2555	common_voice_sw_36615445.wav
wako china na mongolia 	male_masculine	3.4635	common_voice_sw_28690565.wav
huku wakipigwa butwaa wasijue la kufanya wakazi hao 	female_feminine	5.1555	common_voice_sw_35526214.wav
insha za kiuamilifu ni maandishi yenye mtindo maalum na hutumika katika mazingira halisi kwa kuzingatia mtindo huo rasmi 	female_feminine	9.5835	common_voice_sw_36615954.wav
ambayo inahusisha kuomba msamaha wa dhatiwamasai humwabudu mungu pekee nao humwita enkai au 	female_feminine	7.4235	common_voice_sw_34746051.wav
nkrumah alitoka katika chama hicho na kuuunda chama kingine 	female_feminine	4.9035	common_voice_sw_30073321.wav
kwa kumuondoa mark voramama wameongeza wameeleza kuwa 	female_feminine	7.4235	common_voice_sw_34745163.wav
alianza kuchora alipokuwa bado mtoto wa shule akaanza pia kuchora katuni za kisiasa 	female_feminine	7.2435	common_voice_sw_28718791.wav
haya yalifanywa hasa katika kuondoa unyanyapaa wa usafi wa mazingira 	female_feminine	5.8755	common_voice_sw_36642168.wav
mfano mzuri wa mgomo wa wanyaturu katika eneo la wilwana 	female_feminine	5.6955	common_voice_sw_29924405.wav
hadi mwaka elfu moja mia nane tisini na tatu 	female_feminine	4.7235	common_voice_sw_34906690.wav
pia mabwawa mengine makubwa ya kujivunia ni 	female_feminine	4.7955	common_voice_sw_30037276.wav
kuuliza si ujinga 	male_masculine	2.5275	common_voice_sw_31307074.wav
vile vile wanaongeza kwamba nyangumi huwa na damu motoy 	female_feminine	4.4355	common_voice_sw_30053371.wav
kutoka kwenye mimea mbalimbali kama vile miti na mimea mingine 	female_feminine	5.4075	common_voice_sw_30034508.wav
wakazi wote wa jamii ya kimasai na makabila mengine 	female_feminine	3.4635	common_voice_sw_31284788.wav
benki inatengeza noti na sarafu kwa ajiri ya kumbukumbu muhimu za kitaifa 	male_masculine	8.2155	common_voice_sw_34391888.wav
alipata bahati ya kujiendeleza kielimu wakati anafanya kazi yake 	female_feminine	4.1835	common_voice_sw_30025427.wav
akifanya maajabu na klabu yake ya ajax ya uholanzi 	female_feminine	6.2355	common_voice_sw_29848607.wav
operesheni huanza huku wakati huo ngoma za jadi huko nje ziiendelea 	female_feminine	8.2155	common_voice_sw_30173497.wav
kuna changamoto ya baridi ya usiku kwenye mirihi 	female_feminine	4.6155	common_voice_sw_28835124.wav
vikosi vya usalama nchini bahrain hapo jana viliwashambulia waandamanaji mjini manama 	female_feminine	7.0275	common_voice_sw_37218493.wav
aliyekuwa amejiinamia akauliza aliyekuwa akimwita ni nani 	female_feminine	4.9755	common_voice_sw_36644607.wav
uchaguzi wa rais uliofanyika novemba ishrini na nane mwaka huu 	female_feminine	4.9755	common_voice_sw_35181689.wav
kaskazini mwa nchi hakuna bonde kubwa la kati 	female_feminine	3.8235	common_voice_sw_29580259.wav
imeahirishwa hadi alhamisi ijayo kutokana na moja wa mashahidi kushindwa kufika mahakamani 	female_feminine	6.1635	common_voice_sw_37093897.wav
kufuatia hatua hiyo utawala wa kifalme ukamuandama osama na mwaka 	female_feminine	4.6875	common_voice_sw_31284837.wav
ni mwambao wa bahari ya kaspi tehran ni mji mkuu pia mji mkubwa 	female_feminine	7.6035	common_voice_sw_35181988.wav
katika hotuba yake aliyoitowa jumapili baada ya kuapishwa chakwera aliahidi kwamba serikali yake itakuwa 	female_feminine	7.5675	common_voice_sw_35106049.wav
ili atakapokufa baadae nyumba yake isitoweke huamua kuoa 	female_feminine	4.7235	common_voice_sw_30585412.wav
kinshasa ni nyumbani kwa idadi kubwa ya vituo vya redio na televisheni 	female_feminine	6.3075	common_voice_sw_28903338.wav
mahitaji ya nishati kwa kiwango cha mzigo ni kidogo kuliko barabarani 	female_feminine	7.3155	common_voice_sw_28908656.wav
lakini kwa sababu hakukataa moja kwa moja 	female_feminine	4.2555	common_voice_sw_35123640.wav
licha ya hayo kuzaa ni jinsi ya kawaida ya kuongezeka 	female_feminine	4.7955	common_voice_sw_29780905.wav
ardhi ya afrika ina mafuta mengi na ya kutosha kila mahali 	female_feminine	5.2275	common_voice_sw_30053839.wav
serikali inapaswa kuwekeza nguvu kubwa kwenye mamlaka za uhifadhi 	female_feminine	6.7035	common_voice_sw_30037275.wav
moja likapita mashariki mwa ziwa victoria 	female_feminine	4.1835	common_voice_sw_29797585.wav
ambapo wanatuhumiwa kutenga eneo la uzazi kwa ajili ya watu wasioridhika 	female_feminine	6.7035	common_voice_sw_34991055.wav
pale unapowashwa na kukimbizwa nchi nzima huku miradi mbalimbali ikizinduliwa 	female_feminine	6.2355	common_voice_sw_31446722.wav
shirika la ndege la uingereza linatokana na shirika hili 	female_feminine	4.9755	common_voice_sw_28714506.wav
miamba inaweza kutunza maji ndani yake na hivyo kuwezesha uoto zaidi kuliko jangwani 	female_feminine	7.1355	common_voice_sw_28666762.wav
kwa kifupi tu tuzo za mama ni tuzo zinazo simamiwa na mtv bell 	male_masculine	6.1635	common_voice_sw_36375035.wav
itawagusa raia wote wa marekani bila kujali mwenye anacho 	male_masculine	8.1435	common_voice_sw_36042404.wav
wataliii wengi wanafurahi sana wanapomuona blob 	female_feminine	5.2275	common_voice_sw_29818027.wav
forojo ganze aliyezaliwa mwaka elfu moja mia tisa na mbili 	female_feminine	4.5075	common_voice_sw_30075144.wav
tanzania imebarikiwa visiwa na fukwe zenye kupendeza 	female_feminine	7.2435	common_voice_sw_30327025.wav
mikakati ya usimamizi dharura aidha mwandishi huyo 	female_feminine	4.9755	common_voice_sw_34748542.wav
kutokana na mapigano hayo ya wenyewe kwa wenyewe 	female_feminine	3.5355	common_voice_sw_31446590.wav
mbinguni kuna malaika 	female_feminine	2.2755	common_voice_sw_34940768.wav
huyalae kwenye feni ukatokwa n majasho 	male_masculine	4.3635	common_voice_sw_32090716.wav
mwezi aprili elfu moja mia tisa sitini na moja 	female_feminine	6.5235	common_voice_sw_30054708.wav
akajiandikisha kwenye chuo kikuu kwa shabaha ya kufuata elimu ya uzamivu 	male_masculine	6.8475	common_voice_sw_30200932.wav
wananchi wanalima kilimo cha umwagiliaji kwa kutumia maji ya ziwa hilo 	female_feminine	5.5155	common_voice_sw_30261108.wav
hawezi kujidanganya ni taifa ambalo mpaka sasa lina matatizo makubwa sana ya 	female_feminine	5.5875	common_voice_sw_35284628.wav
makao makuu ya tanzania ni dodoma 	female_feminine	3.7875	common_voice_sw_29793425.wav
juu zaidi usimbishaji unapungua tena hadi milimita mia mbili 	female_feminine	6.2355	common_voice_sw_30332582.wav
mpira umekua mchezo wenye kuingiza pesa nyingi sana duniani 	female_feminine	5.4075	common_voice_sw_30582780.wav
papa huyo alikuwa anaweza kuongea lugha ya kiholanzi kiitalia kifaransa na kijerumani 	female_feminine	8.66365625	common_voice_sw_30124811.wav
hii ni kwa sababu misitu inatusaidia kwa utalii na tunaweza kupata mvua kwa wingi 	female_feminine	7.3155	common_voice_sw_29790771.wav
hasa wa kanisa katoliki pia siku hizi hata mabondeni 	male_masculine	4.9035	common_voice_sw_30008199.wav
ya kusini katika uwanja wa al gharafa 	female_feminine	3.6075	common_voice_sw_35588344.wav
timu ya taifa ya uganda ilicheza fainali dhidi ya ghana 	female_feminine	5.2635	common_voice_sw_30242126.wav
himaya hiyo ilikuwa inapatikana upande wa kusini magharibi mwa uganda mashariki mwa ziwa edward 	female_feminine	7.1355	common_voice_sw_28708458.wav
hakuwa na uwezo wa kucheza soka la kiwango cha juu 	female_feminine	3.5355	common_voice_sw_31284655.wav
waandishi wa habari wa misri walishiriki maandamano mwaka elfu mbili na kumi na sita 	female_feminine	6.8475	common_voice_sw_35104298.wav
uniletee nguo zangu 	female_feminine	2.8875	common_voice_sw_34836975.wav
kusini mwa bara la afrika kulikuwa na waimbaji wengi wanawake 	female_feminine	4.7955	common_voice_sw_34837099.wav
milton obote ndiye aliyekuwa raisi wa pili wa uganda 	female_feminine	4.3275	common_voice_sw_31446461.wav
yeye huishi na hufanya mazoezi yake ya mbio ngong karibu na jiji la nairobi 	female_feminine	7.6035	common_voice_sw_29216028.wav
uwezo wa nyerere uliwashitua wakoloni na kumlazimisha kuchagua kati ya siasa na ualimu 	male_masculine	6.8835	common_voice_sw_30574970.wav
kwanza programu za kisiasa zilitumia mapato ya serikali 	female_feminine	4.8675	common_voice_sw_36641176.wav
hasa anajulikana kwa riwaya zake kwa mfano 	male_masculine	4.1835	common_voice_sw_29144585.wav
ya joto na ya mvua ya bonde la amazon 	male_masculine	2.5275	common_voice_sw_36390097.wav
mama yake ni mwandishi wa vitabu kwa watoto 	male_masculine	4.5075	common_voice_sw_29777671.wav
uchunguzi wa ripoti hiyo sasa itawakilishwa mbele ya bunge la nchi hiyo 	female_feminine	5.6235	common_voice_sw_37226172.wav
maneno haya mawili hutumika kwa kubadilishana mara nyingi 	female_feminine	5.5155	common_voice_sw_29779678.wav
kwa muda mrefu eneo hilo lilipo kwenye ziwa victoria ndiyo limeonekena kuhifadhiwa 	female_feminine	6.6675	common_voice_sw_30085768.wav
kuvaa mavazi ya kimagharibi mno licha ya kuwa 	female_feminine	5.9475	common_voice_sw_34597050.wav
utamaduni huo ulitumika katika kusherehekea matukio ya nyakati mbalimbali 	female_feminine	6.21565625	common_voice_sw_31808899.wav
wanaomchukulia kuwa bora zaidi akilinganishwa na mchezaji pele wa brazil 	female_feminine	6.2355	common_voice_sw_36644619.wav
kuna tofauti kati ya michezo ya kiangazi na michezo ya majira ya baridi 	female_feminine	5.0475	common_voice_sw_29620658.wav
watu wanarudia matokeo ya vipimo kila maada ya miezi mitatu 	male_masculine	7.2435	common_voice_sw_36331449.wav
huonekana wakati tayari ini limenyauka au lina kansa 	female_feminine	5.9475	common_voice_sw_30718194.wav
idadi ya wasemaji nchini mali haijulikani 	female_feminine	2.9955	common_voice_sw_29666977.wav
wadau hao ni wanaohudumia shughuli za utalii katika hifadhi hii ya taifa ya serengeti 	female_feminine	7.72765625	common_voice_sw_30124889.wav
ila aliwahi kuwa kocha mkuu wa geita gold lipuli na polisi tanzania 	male_masculine	5.3355	common_voice_sw_30020746.wav
yametangaza kuwa yatakabidhi mikoa kadhaa yenye usalama kwa vikosi vya usalama vya afghanistan 	female_feminine	6.4875	common_voice_sw_37095778.wav
alikaa hapo kama mwimbaji kwa miaka mingine tisa 	female_feminine	4.5435	common_voice_sw_28926834.wav
kikwete aliacha alama kubwa sana katika utawala wake 	female_feminine	5.1555	common_voice_sw_30638466.wav
kenya pia imetawala voliboli ya wanawake barani afrika 	female_feminine	4.8675	common_voice_sw_30110805.wav
alionekana kuchoka tena na majira ya mchana hali ikaonekana kubadilika zaidi 	male_masculine	8.2155	common_voice_sw_30657076.wav
kupitia kaskazini na kumwaga majiyake katika ziwa victoria 	female_feminine	6.3075	common_voice_sw_37089091.wav
unapokuwa hifadhini unaweza kufanya safari za miguu porini 	female_feminine	4.9755	common_voice_sw_29939857.wav
baada ya kampuni hiyo kupokea mkataba wa kifalme 	male_masculine	8.5755	common_voice_sw_31660540.wav
ikitangaza kutoka dar es salaam tanzania 	male_masculine	2.7075	common_voice_sw_36382362.wav
kuna aina mbalimbali kwa mfano 	female_feminine	4.7955	common_voice_sw_29469434.wav
jamaa ya awilo katika sekta ya muziki ni pamoja na baba yake 	female_feminine	5.0835	common_voice_sw_29922587.wav
kuanzia ujio wa waarabu hadi utawala wa kikoloni 	female_feminine	4.9035	common_voice_sw_30024610.wav
mkoa unapakana na nchi ya kenya na uganda kwa upande wa kaskazini 	female_feminine	6.3435	common_voice_sw_30243488.wav
kusikiza ni vyema 	female_feminine	1.9875	common_voice_sw_35172733.wav
ilikuwa sifuri unaitwa dokta nani naitwa dokta rukia wizara ya afya kitengo cha tiba 	female_feminine	7.7475	common_voice_sw_37092077.wav
mipaka inaweza kufuata vizuizi asilia kama vile mito safu za milima jangwa au bahari 	female_feminine	7.6755	common_voice_sw_28835293.wav
katika kulaani nchi za magharibi kwa kuingilia siasa za afrika 	female_feminine	5.6235	common_voice_sw_36732171.wav
inawezakana kupishana mitazamo lakini lengo linatakiwa kuwa moja 	male_masculine	5.6955	common_voice_sw_29822594.wav
ilikuwa vigumu kwa waimbaji hawa kupanga muda kwa ajili ya kutengeneza wimbo huu 	female_feminine	7.5675	common_voice_sw_29429307.wav
wajerumani walipinga kifo cha sokoine kabisa 	female_feminine	4.3275	common_voice_sw_31787791.wav
kusuhulisha na kwamba kuna sera na teknolojia zinazohitajika ili 	male_masculine	4.6155	common_voice_sw_36389285.wav
yako lazima taa yako iwe ni sasa 	female_feminine	3.0675	common_voice_sw_31285436.wav
wanyamwezi ni kabila la tanzania wanaoishi katika mikoa ya tabora na shinyanga 	female_feminine	5.9835	common_voice_sw_34831575.wav
ambayo haijaruhusu wavu wake kuguswa tokea ligi kuu ya vodacom tanzania bara 	female_feminine	6.4875	common_voice_sw_29791379.wav
pep guardiola siyo mtu wa kukata tamaa 	male_masculine	4.4355	common_voice_sw_29896185.wav
tunaangalizia ligi kuu za soka katika mataifa 	female_feminine	3.9675	common_voice_sw_37212059.wav
kabla ya kuanza mikopo wananfunzi wa vyuo vikuu walikuwa wachache 	female_feminine	5.9475	common_voice_sw_30033848.wav
vivutio vya asili ni pamoja na uoto wa asili mfano mikoko 	female_feminine	6.7035	common_voice_sw_30552264.wav
mpito wa ubora wa hewa inayotumika sana katika miji mingi ya nchi 	female_feminine	5.6235	common_voice_sw_34942119.wav
sisi ni waswahili na tuna tamaduni zetu 	female_feminine	5.5155	common_voice_sw_30323033.wav
nchi nyingi zimekuwa zikijivunia viongozi wake hasa katika utendaji wake wa kazi 	female_feminine	5.4075	common_voice_sw_31787747.wav
heroini ambayo inatokana na dawa ya mofini hutumika 	female_feminine	4.5435	common_voice_sw_35154697.wav
wamanyema waliwafundisha waha na wote hawa waliipigania tanganyika kutoka mikononi mwa serekali ya kikoloni 	female_feminine	9.1155	common_voice_sw_36616242.wav
wanahistoria na watalii kote duniani hutembelea 	female_feminine	4.0755	common_voice_sw_30262167.wav
nywele refu sana 	female_feminine	2.2035	common_voice_sw_37093881.wav
kibuyu na kuni zilitumika katika ufundi huo 	female_feminine	4.9755	common_voice_sw_30313837.wav
kila ukoo ulikuwa na kitu walichokatazwa kula omuziro 	male_masculine	6.7035	common_voice_sw_30201827.wav
pande zote mbili zimetolewa katika mahojiano yenye hoja thabiti 	female_feminine	4.9755	common_voice_sw_35110268.wav
wigo wa kufikiri maeneo hayo ni pamoja 	male_masculine	3.6075	common_voice_sw_29939173.wav
reli ni mfumo wa kupitia 	female_feminine	3.1035	common_voice_sw_35106504.wav
mifumo ya kutoa makafara na ya upatanisho yaliagizwa ili kuwapatanisha wavunjaji wa amri kumi 	female_feminine	10.0155	common_voice_sw_35177057.wav
wenda saa ngapi madrassa 	female_feminine	4.01965625	common_voice_sw_31916044.wav
ninaitwa dana unaitwa nani 	female_feminine	3.2835	common_voice_sw_34962742.wav
ikiwa unafikiria kununua gari chunguza uchafuzi wake wa nitrojeni 	female_feminine	6.0555	common_voice_sw_34979788.wav
hifadhi imeendelea kuhakikisha mazingira yanasimamiwa kikamilifu 	female_feminine	5.0475	common_voice_sw_29791448.wav
maneno yoyote ya mshangao yanaweza kusababisha makosa katika oparesheni hiyo 	male_masculine	9.1875	common_voice_sw_35411010.wav
na ni milima milima katika baadhi ya wilaya zake 	female_feminine	5.0835	common_voice_sw_37217245.wav
imani hiyo hadi urusi mtemi wa kiev vladimir mkuu alipokea 	female_feminine	5.8035	common_voice_sw_37223857.wav
wanajeshi wa uganda walisonga mbele kwa tahadhari 	female_feminine	7.2075	common_voice_sw_30563449.wav
vilevile tangu kale watu waliwahi kupanga nyota za angani katika kundinyota 	male_masculine	5.7675	common_voice_sw_28690678.wav
ambayo hujiangua na kuwa larvae na baadaye kutoka kama mbu kamili 	male_masculine	5.2275	common_voice_sw_30380824.wav
alipata elimu ya msingi katika shule ya msoga 	female_feminine	4.1835	common_voice_sw_30052488.wav
mtoto wake ameng ara sana 	female_feminine	3.2835	common_voice_sw_35180778.wav
kama sehemu ya kutekeleza kawaida yake ya 	female_feminine	3.7875	common_voice_sw_29798638.wav
tozo hizi zimeondolewa ili kuwawezesha wafanyabiashara kufanya biashara zao hapa nchini 	male_masculine	6.5235	common_voice_sw_29822462.wav
viongozi wa dini wametangaza hadharani kwamba wanapinga utumiaji kondomu 	female_feminine	4.8675	common_voice_sw_34941855.wav
siwezi kulinganisha vitu hivi 	female_feminine	6.9555	common_voice_sw_36640931.wav
makao makuu ni fort de france 	male_masculine	3.6075	common_voice_sw_28735828.wav
alipendwa na kukaribishwa na mwamududa kuishi kwake 	female_feminine	4.9755	common_voice_sw_29924504.wav
wakifuata fursa za uwekezaji na biashara za aina mbalimbali 	female_feminine	5.13565625	common_voice_sw_31812268.wav
udongo au pembe shanga nyekundu zilitengenezwa kutoka 	female_feminine	5.5875	common_voice_sw_30415218.wav
madai yasiyo na madai hata kidogo na huchanganyishwa mara nyingi na ajenda maalum 	female_feminine	4.6155	common_voice_sw_29923495.wav
utalii wa amboni hutegemea zaidi matumizi ya tochi kwa sababu ya kiza kinene pangoni 	female_feminine	6.7035	common_voice_sw_29790889.wav
semduda alijifungua mtoto wa kiume akamuita muyinga 	female_feminine	4.0035	common_voice_sw_30074409.wav
ambalo liliwahi kutabiriwa na marehemu ba 	female_feminine	3.4275	common_voice_sw_36644343.wav
matatizo makuu ya binadamu ingawa wachache tu wameweza 	female_feminine	4.9035	common_voice_sw_35442270.wav
jakaya kikwete alipendwa sana na wananchi wa tanzania 	female_feminine	4.0755	common_voice_sw_30022709.wav
sherehe hii sisi nasherehekea baada ya kukamilika baada ya kuisha kwa ile hajj 	female_feminine	7.2435	common_voice_sw_35105712.wav
watumwa walikamatwa au kununuliwa wakibeba pembe hadi pwani 	female_feminine	5.0835	common_voice_sw_36641999.wav
baada ya kuangushwa kwa usultani mwezi januari visiwa vya zanzibar vikawa jamhuri 	female_feminine	7.2075	common_voice_sw_29924876.wav
vivutio vya utalii vilivyopo kila pembe ya nchi yetu 	female_feminine	3.8955	common_voice_sw_31270323.wav
mchanga wake ni mweupe na laini ambao watalii humpumzika kukiwa hamna maji 	male_masculine	8.1435	common_voice_sw_29994979.wav
umbali wa maelfu ya kilomita ulikuwa unasababisha mvua ya 	female_feminine	4.6875	common_voice_sw_36644414.wav
waingereza walikuwa wakisita kuhusu zanzibar 	female_feminine	4.6875	common_voice_sw_29924158.wav
maneno ya mwanasayansi einstein yameendelea kuishi 	female_feminine	5.1555	common_voice_sw_30495664.wav
dalili za kawaida za malaria ni pamoja na kutetemeka kwa baridi na homa kali 	female_feminine	5.6235	common_voice_sw_30653654.wav
kupambana taarifa kutoka jeshi la polisi la nchi hiyo zimethibitisha 	female_feminine	5.2635	common_voice_sw_35103991.wav
zinazofikia ishirini na sita mwaka elfu mbili na elfu mbili na moja alifanikiwa kupata 	female_feminine	8.6475	common_voice_sw_35099411.wav
maziwa ni tofautiana na uji ambao 	female_feminine	5.7675	common_voice_sw_30316813.wav
kijana huyo alipokua kwa vile chifu mwamududa hakuwa na mtoto wa kiume 	female_feminine	5.6235	common_voice_sw_31284654.wav
wagoma na wagorowa pia wafiome na wagweno 	male_masculine	5.2635	common_voice_sw_29788966.wav
ulimwenguni kote hujulikana na kutambulika kwa mavazi na mapambo yao 	female_feminine	6.4875	common_voice_sw_30574713.wav
kwa kuwa ninaye yesu 	female_feminine	3.0675	common_voice_sw_35105726.wav
kilele cha shira kilikuwa na kaldera yenye lava 	female_feminine	5.4075	common_voice_sw_29977863.wav
ambapo wananchi wengi wamekumbana na madhara kwani 	female_feminine	4.1475	common_voice_sw_35425551.wav
katika afrika ya mashariki huko bagamoyo wakiona umuhimu 	female_feminine	6.2715	common_voice_sw_30241062.wav
tulisafiri na gari lao 	female_feminine	3.4635	common_voice_sw_34812761.wav
limesha kufa tayari na hao wenzetu kweli na viongozi 	female_feminine	4.7955	common_voice_sw_34942988.wav
ulaji wa chakula kilichoambukizwa na viini vinavyosababisha tatizo hili 	female_feminine	5.9835	common_voice_sw_37331965.wav
spishi mbili zinapatikana afrika na nyingine tatu huko asia 	female_feminine	5.8035	common_voice_sw_29629988.wav
kundi lingine la wapiganaji linakuwa tayari limefuzu 	female_feminine	4.5435	common_voice_sw_30638453.wav
kijiografia inaendelea ndani ya kenya inapoitwa hifadhi ya masai mara 	female_feminine	6.9555	common_voice_sw_29790106.wav
bila kujua masaibu aliyopitia msichana huyo 	female_feminine	6.8835	common_voice_sw_35181647.wav
licha ya uwepo wa bahari ya hindi katika pwani ya mombasa 	female_feminine	4.9035	common_voice_sw_30030026.wav
nchi sasa inapoteza dira hamna viongozi bora ila kuna bora viongozi aibu kwa watanzania 	female_feminine	6.5235	common_voice_sw_29940407.wav
nahisi hiyo salamu yako nayo nahisi ni chafu hivyo hivyo 	male_masculine	5.1555	common_voice_sw_29885099.wav
haruna shamte alijaribu kutaka kupora namba ya nsajigwa 	female_feminine	4.5435	common_voice_sw_29792845.wav
wanindi na wanyakyusa bila kusahau wanyambo na wanyamwanga 	male_masculine	5.3715	common_voice_sw_30376080.wav
akaanzisha mashamba ya mikarafuu kwa kutumia kazi ya watumwa 	female_feminine	4.7235	common_voice_sw_29792457.wav
simba wapandao juu ya miti pia msitu wa maji ulioko ardhini 	female_feminine	7.1355	common_voice_sw_30566709.wav
esther mkwizu aliwahi kuwa rais wa sekta binafsi tanzania 	female_feminine	5.9115	common_voice_sw_30230348.wav
hali hii inaweza kutokea hadi wiki sita baada ya kuzaa 	female_feminine	5.2275	common_voice_sw_28583895.wav
nifwateni sipitali na dawa ziko nyumbani 	female_feminine	4.2555	common_voice_sw_35106167.wav
na kujaribu na kujaribu kuharibu mali ya umma 	female_feminine	4.5435	common_voice_sw_35104363.wav
ukijisahau kusema maneno ya kumsifia mwenyekiti wa chama watu watakushangaa 	female_feminine	5.9835	common_voice_sw_31262001.wav
matibabu ya awali kwa kutumia antibayotiki huanzishwa kabla matokeo ya vipimo 	female_feminine	6.6675	common_voice_sw_30192088.wav
kuupinga utawala wa kifalm hadharani osama alivuliwa 	female_feminine	5.6235	common_voice_sw_30435602.wav
sababu yake ni nafasi ya moscow iliyoko ndani zaidi ya eneo la urusi yenyewe 	male_masculine	6.4875	common_voice_sw_28582079.wav
chus pereda aliibuka na kiatu cha dhahabu 	female_feminine	3.4635	common_voice_sw_29792992.wav
ronaldo aliondoka united baada ya tevez kuondoka 	female_feminine	4.1835	common_voice_sw_30025127.wav
wananchi watapata huduma ya umeme kwa wingi majumbani mwao 	female_feminine	5.9475	common_voice_sw_30220481.wav
kilipata nafasi za ubunge na udiwani 	female_feminine	3.7875	common_voice_sw_29792220.wav
hivyo akaangusha nguzo muhimu ya kiuchumi ya kanisa la kale 	female_feminine	5.8035	common_voice_sw_30147743.wav
heshima ya pep guardiola ni kubwa sana barani ulaya 	female_feminine	6.0555	common_voice_sw_30297498.wav
nikusaidieje tafadhali 	female_feminine	3.0675	common_voice_sw_35099624.wav
uchaguzi wa mwaka jana uliompa ushindi mwembamba mutharika mwenye umri wa miaka sabini na 	female_feminine	7.6035	common_voice_sw_35104718.wav
waarabu kutoka omani walihamia bagamoyo na kukuza biashara zao hapo 	female_feminine	6.71965625	common_voice_sw_30005619.wav
madini yaliyopo katika taifa letu la tanzania 	female_feminine	5.5875	common_voice_sw_30568091.wav
na hadhi ambayo inakupa usalama katika maisha 	female_feminine	4.6155	common_voice_sw_29791721.wav
taifa la argentina lilishinda kombe la dunia kwa mara ya kwanza 	male_masculine	4.0035	common_voice_sw_29943259.wav
bidhaa kadhaa kuwa haba serikali ilijaribu kuongoza uchumi kwa mfano wa nchi za kikomunisti 	male_masculine	7.6755	common_voice_sw_37096503.wav
ya watoto kwa upande mmoja hapa haiti na kwangu mimi na upande 	female_feminine	4.7235	common_voice_sw_35105923.wav
wavulana hupiga foleni na kuimba oooooh yakwa 	female_feminine	4.5435	common_voice_sw_30659391.wav
chai imemwagika 	female_feminine	2.0955	common_voice_sw_35146263.wav
vyakula wanavyopendelea kula na wakati mwingine hata tamaduni zao utofautiana 	female_feminine	7.3155	common_voice_sw_30176727.wav
umeiweza roho yangu 	female_feminine	2.7075	common_voice_sw_35183689.wav
bila kusahau barabara na umeme na mengine mengi 	female_feminine	3.8955	common_voice_sw_30075232.wav
utaenda makilometa makumi mbili makumi na tano sijui na 	female_feminine	5.9475	common_voice_sw_35409314.wav
kusaini huko kulitangazwa katika mkutano wa waandishi wa habari dar es salaam 	female_feminine	4.7235	common_voice_sw_31406019.wav
mamia ya waandamanaji waliingia kwenye mitaa yote ya khartoum na mji wake pacha wa omdurman mashahidi walisema 	female_feminine	8.7555	common_voice_sw_37332137.wav
pia kubakisha umeme wa ziada na kuuza katika nchi jirani 	female_feminine	4.4355	common_voice_sw_30582739.wav
shimo la ajabu lijulikanalo kama shimo la mungu wilayani newala 	male_masculine	6.7755	common_voice_sw_30202107.wav
wa kwanza kumtuhumu chameleone kutumia nguvu za giza ni mkali wa muziki wa raga 	female_feminine	5.7675	common_voice_sw_37087619.wav
taratibu hutofautiana kati ya nchi na nchi 	female_feminine	4.3275	common_voice_sw_28666665.wav
mila na desturi za wangoni katika kuposa wanawake 	female_feminine	4.6875	common_voice_sw_30354473.wav
alirejea nyumbani nairobi akitokea the haque uholanzi yalipo makao makuu ya mahakama 	female_feminine	7.6755	common_voice_sw_35586602.wav
utafiti wa ziada bado unahitajika sana 	female_feminine	3.3555	common_voice_sw_30368435.wav
we tumbo nitakupa nini uwe umetosheka 	female_feminine	4.3275	common_voice_sw_35183608.wav
jambo hili huwa linatukosesha usingizi timu nzima 	male_masculine	3.7875	common_voice_sw_30002122.wav
wengi wamekuwa hawajui maana ya upendo 	female_feminine	4.0035	common_voice_sw_29923503.wav
mara nyingi unyanyapaa wa ukimwi huonyeshwa pamoja na unyanyapaa wa aina moja au nyingine 	male_masculine	7.2435	common_voice_sw_30100672.wav
aliandika historia kama mwanamke wa kwanza wa nigeria kupewa shahada ya udaktari 	female_feminine	6.3075	common_voice_sw_29653987.wav
baada ya kufanya vizuri mwaka elfu mbili na kumi na nane kombe la sportpesa 	female_feminine	6.5235	common_voice_sw_30036211.wav
alipigwa risasi wakati akicheza mchezo wa bao na wenzake 	female_feminine	5.0475	common_voice_sw_30055092.wav
hii ilisababishwa na kukosekana wachezai wenye kaliba ya alex james katika soka la uingereza 	female_feminine	9.5475	common_voice_sw_30173301.wav
na kisha akamwokoa nuhu na familia yake kwa kuwatoa kwenye kifungo 	female_feminine	6.5955	common_voice_sw_35104474.wav
nimonia na kikohozi kisichoisha kwa tafsiri ya kawaida ni maambukizi yanayojitokeza kwenye mapafu 	female_feminine	8.5035	common_voice_sw_30522726.wav
anasema kazi ya kupambana na ujangili ni ngumu 	female_feminine	4.2555	common_voice_sw_29797707.wav
kwani ndiyo siku zilishushwa chini bendera zote za utawala wa waingereza 	female_feminine	5.9835	common_voice_sw_31823717.wav
katika maeneo ya mpwapwa na dodoma mwaka 	female_feminine	3.2475	common_voice_sw_37096435.wav
migogoro ndani ya nchi ni chanzo cha vita 	female_feminine	3.7875	common_voice_sw_29797416.wav
changamoto nyingine ni ukosefu wa mapato ya serikali 	female_feminine	4.0035	common_voice_sw_35214150.wav
tangu zamani anaheshimiwa kama mtakatifu na babu wa kanisa 	male_masculine	4.6155	common_voice_sw_28682713.wav
abiria wengine walijirusha kwenye bahari ya atlantiki 	female_feminine	3.8955	common_voice_sw_34995273.wav
kwa sasa hivi ni mkuu wa wilaya ya temeke 	female_feminine	2.9955	common_voice_sw_31285997.wav
kama kanuni kuu za maadili na ufunuo wa tabia ya mungu kama vile ilivyokuwa 	female_feminine	6.3435	common_voice_sw_35587859.wav
chuo kikuu cha daressalaam tanzania na chuo kikuucha salford uingereza 	male_masculine	7.4235	common_voice_sw_29795509.wav
masuala ya afya 	female_feminine	2.3475	common_voice_sw_29237691.wav
hata hivyo vyakula vingi vitamu vina wanga mwingi 	female_feminine	3.2475	common_voice_sw_31406062.wav
mechi nyingi za michuano la kombe la dunia zilifanyika mjini azteca 	male_masculine	5.6235	common_voice_sw_29993434.wav
ni mabadiliko yanayojitokeza kwenye kucha za muathirika 	female_feminine	6.1635	common_voice_sw_30630630.wav
uruguay ndio nchi yenye historia ya kuanza kutwaa kombe la dunia tangu lilipoanzishwa 	female_feminine	7.07965625	common_voice_sw_30033909.wav
mchezo wa mpira wa miguu unavutia sana kutazama 	female_feminine	5.0475	common_voice_sw_30196710.wav
milima inayopanda hadi ya kimo cha m elfu tatu mia sita kumi na moja 	male_masculine	5.0475	common_voice_sw_36389494.wav
zamadamu alikuwa akiishi kwenye bonde la ufa 	female_feminine	4.7235	common_voice_sw_31581517.wav
eneo la cameroon na mto congo pia eneo la niger 	male_masculine	5.2635	common_voice_sw_29787906.wav
nichekeshe kibogoyo nami nipate kuwika 	female_feminine	3.6075	common_voice_sw_35198958.wav
babu amepotea 	female_feminine	2.8875	common_voice_sw_34833141.wav
amin alipandishwa cheo na waziri mkuu milton obote baada ya uasi 	female_feminine	6.0555	common_voice_sw_30331141.wav
leo ni siku njema kama ilivyo onekana asubuhi 	female_feminine	4.4355	common_voice_sw_34746343.wav
mbundikebundike huna haja ya kumsonga kilimanjaro kama kawaida 	female_feminine	6.2355	common_voice_sw_31996016.wav
ilikuwa jukumu kubwa sana kwake huku akihofia 	female_feminine	4.1475	common_voice_sw_35279197.wav
sekta ya usafirishaji kwenye sekta ya usafiri wa majini 	female_feminine	5.4075	common_voice_sw_30327721.wav
karume alitakiwa alipe shilingi mia tano na hamsini kila mwezi 	male_masculine	5.2635	common_voice_sw_30634770.wav
zaidi kwa mtu binafsi upatikanaji wa kutegemeka haijabainika wazi iwapo 	female_feminine	6.5955	common_voice_sw_37218422.wav
mahakama ina kazi ya kuhakikisha usawa mbele ya sheria kwa watu wote 	male_masculine	6.6675	common_voice_sw_28962939.wav
wakulima wao waliishi sehemu za milimani 	female_feminine	5.2635	common_voice_sw_30574002.wav
nafasi yake ilichukuliwa na mtoto wake kim jong un 	female_feminine	4.0035	common_voice_sw_29620527.wav
wilaya ya rungwe ni eneo lenye mvua nyingi katika tanzania 	female_feminine	5.89165625	common_voice_sw_30003829.wav
ruhuhu na ruipa upo pia mto rungwa 	female_feminine	3.7875	common_voice_sw_29791994.wav
kitu cha msingi ni kuangalia na kuzifanyia kazi sifa unazozitaka kutoka kwa mpenzi wako 	female_feminine	7.8555	common_voice_sw_30177396.wav
nchi ya burkina faso walikuwa wenyeji wa fainali za mataifa ya afrika 	female_feminine	4.7235	common_voice_sw_29923355.wav
nyumba za mji mkongwe zilijengwa tangu mwaka elfu moja mia nane thelathini 	female_feminine	5.9475	common_voice_sw_35438772.wav
uzalishaji unaohusisha nguo vinywaji na vyakula 	female_feminine	5.4435	common_voice_sw_30522730.wav
mtaalamu wa historia frank schubert anasema mapinduzi ya obote yalibainisha wazi 	female_feminine	6.2355	common_voice_sw_30072227.wav
kama ilivyokuwa ngumu kwa wenger kuondoka arsenal 	female_feminine	3.8955	common_voice_sw_31406151.wav
na mataifa mengine kwa hilo tunaweza kushinda kwa amani 	female_feminine	3.9675	common_voice_sw_37088671.wav
asiye na wake ana mungu 	female_feminine	3.1035	common_voice_sw_35156093.wav
punk imany david guetta soprano martin solveig kutoka nchini ufransa 	female_feminine	5.8755	common_voice_sw_36039686.wav
kampeni mbalimbali kama maleria na hata katika uchaguzi uliopita mmeona jinsi wasanii walivyokuwa wakitumika 	female_feminine	6.7755	common_voice_sw_35279613.wav
walio katika uhusiano na hata kusoma baadhi ya tafiti 	female_feminine	5.8035	common_voice_sw_30375227.wav
claus tv na claus redio na mambo mengine kaka ruge 	female_feminine	5.0475	common_voice_sw_36105820.wav
kurudi nyuma kwa uchumi walikadiria makali yake kwa kiwango cha chini mno 	female_feminine	6.1635	common_voice_sw_29923206.wav
mchezaji wa peru teofile alicheza vizuri sana 	female_feminine	5.7675	common_voice_sw_29791867.wav
shimo linaongezeka kila baada ya muda na karibu lifikie makazi ya watu 	female_feminine	5.4075	common_voice_sw_30574782.wav
jumapili hii ya leo nashirikiana na mwezangu emanuel makundi 	female_feminine	5.5155	common_voice_sw_34906817.wav
lugha rasmi ni kihispania 	female_feminine	3.3555	common_voice_sw_28672859.wav
polisi huchisia vachu kwa bundhuki dhavo 	male_masculine	5.0835	common_voice_sw_32090625.wav
wakati anawaza alizunguka upande wa kushoto wa nyumba 	female_feminine	5.1555	common_voice_sw_34841654.wav
wanyambo hupenda kula ndizi kama chakula chao 	female_feminine	4.84765625	common_voice_sw_30005144.wav
baadae aliuawa akiwa tanganyika kwa sasa tanzania 	female_feminine	5.0475	common_voice_sw_30024256.wav
arsenal walilala kwa mabao mawili kwa moja dhidi ya vijana wa frank rijkard 	male_masculine	6.6675	common_voice_sw_29997547.wav
kutokana na juhudi zake upigaji picha ukawa kazi yake katika sanaa 	male_masculine	6.2355	common_voice_sw_28739856.wav
tembo hana uwezo mkubwa wa kutambua vitu kwa kuona 	female_feminine	5.1555	common_voice_sw_30527299.wav
wamehamia huko kwa ajili ya kufata kilimo na malisho ya mifugo 	female_feminine	6.1635	common_voice_sw_30176710.wav
kuna mijadala ya wataalamu mbalimbali inayozungumzia chimbuko la lugha ya kiswahili 	female_feminine	5.2275	common_voice_sw_30582645.wav
asia ndogo sanamu ya zeus mjini olympia ugiriki ya kale 	female_feminine	5.6955	common_voice_sw_37096968.wav
mababu waliotokea ugogo waliishi vyema na makibila jirani 	female_feminine	4.5075	common_voice_sw_30653492.wav
amefuzu katika uhandisi 	female_feminine	3.7155	common_voice_sw_34826900.wav
pia raia wa burundi wanapeleka bidhaa zao tanzania kutafuta soko 	female_feminine	5.6235	common_voice_sw_30056152.wav
bila kusahau halamashauri ya wilaya ya ikungi na halmashauri ya wilaya iramba 	female_feminine	5.2635	common_voice_sw_30653709.wav
kwa mtoto tangu anazaliwa hadi anapokua 	female_feminine	3.4635	common_voice_sw_31285564.wav
chamcha ki tayari 	female_feminine	2.0955	common_voice_sw_36366187.wav
tangu kale anaheshimiwa na kanisa katoliki waorthodoksi na wengineo kama mtakatifu 	female_feminine	8.0355	common_voice_sw_28874561.wav
sijawahi ona mlima kenya 	female_feminine	3.1755	common_voice_sw_34917790.wav
ambao uliyagharimu maisha ya mamia ya wapendwa wetu 	female_feminine	5.0835	common_voice_sw_30030244.wav
na wakuu wa wakati huo jeshini dhidi ya waziri mkuu 	female_feminine	4.1475	common_voice_sw_34942722.wav
alikwenda huko kama padri mmisionari kutoka hispania 	female_feminine	4.2555	common_voice_sw_29203527.wav
wimbo huo aliucheza katika moja ya vipindi ambavyo alikuwa akiviendesha 	female_feminine	4.5435	common_voice_sw_37212180.wav
hawa wote huajiriwa na serikali chini ya mamlaka ya hifadhi 	female_feminine	5.4075	common_voice_sw_30368636.wav
yeye alicheza katika nafasi ya kati na pia kwenye upande wa kushoto 	female_feminine	5.5875	common_voice_sw_28718678.wav
ndiye pekee miongoni mwa wazanzibari ambaye angeweza kuendeleza fikra 	male_masculine	6.5955	common_voice_sw_30470906.wav
alishindwa kufua dafu katika uchaguzi wa bunge 	female_feminine	3.9675	common_voice_sw_34597764.wav
mvua za muda mrefu hunyesha kati ya mwezi februari na juni 	female_feminine	5.5155	common_voice_sw_29962173.wav
na uholanzi baadaye mnamo mwaka mia mbili na tatu b k aliishi mama 	female_feminine	5.0835	common_voice_sw_37089142.wav
majani yake huwa na rangi ya kijani au nyekundu 	female_feminine	5.4075	common_voice_sw_28874041.wav
ya pwani na ziwa tanganyika misafara hiyo ambayo ilikuwa ikibeba bidhaa za nje kama 	female_feminine	7.6755	common_voice_sw_34917845.wav
kati ya mwezi julai hadi mwezi oktoba wakiwa kenya 	female_feminine	5.0835	common_voice_sw_30035952.wav
na ujanja wa kizaramo wa kumfukuza mwizi kimyakimya 	female_feminine	4.8675	common_voice_sw_29794166.wav
jiwe kubwa ambalo kule wanaita mbaga 	female_feminine	3.2475	common_voice_sw_31446570.wav
serikali ina utaratibu wa kidemokrasia ya vyama vingi 	female_feminine	3.8955	common_voice_sw_28961802.wav
zinazotiririsha maji kuelekea bondeni kwenye makazi ya watu 	male_masculine	4.5435	common_voice_sw_29938497.wav
chakula anachokula kima punju hula maganda ya matunda 	female_feminine	6.3075	common_voice_sw_37225431.wav
malaria ni hatari zaidi kwa wajawazito kuliko watu wa kawaida 	female_feminine	6.3075	common_voice_sw_29797832.wav
badala ya kuingia kwenye nafasi yake mwenyewe 	female_feminine	3.6435	common_voice_sw_30628192.wav
mtaalamu wa ufundi alishangaa ni daftari gani analolizungumzia jacob 	female_feminine	5.4435	common_voice_sw_35206867.wav
ambapo maneno mengi ya makabila haya yanafanana 	male_masculine	3.7875	common_voice_sw_30630169.wav
hii ni kutokana na ukweli wa kwamba 	female_feminine	3.6075	common_voice_sw_29789483.wav
ameupindua utawala wakahisi mtwa mkwawa angeweza kuuawa 	female_feminine	6.7035	common_voice_sw_30574579.wav
zinazotumiwa na wavuvi wadogo wadogo wa mataifa haya 	female_feminine	6.3075	common_voice_sw_29793059.wav
ambaye anaweza kushiriki katika uponyaji wa kidini 	male_masculine	4.5075	common_voice_sw_29936580.wav
mnyama huyo licha ya sifa hiyo anasifa nyingi nyingi katika maisha yake 	male_masculine	8.2155	common_voice_sw_29986407.wav
aliendeleza vizuri mambo ya ujamaa na kujitegemea 	female_feminine	6.3435	common_voice_sw_30563424.wav
pep hakutwaa kombe lolote la ligi ya uingereza 	female_feminine	4.8675	common_voice_sw_30220174.wav
ili waweze kuondokana na utumiaji wa madawa na hawa wanaouza madawa ya kulevya 	female_feminine	6.1635	common_voice_sw_35107820.wav
kukabiliana na changamoto ya ununuzi 	female_feminine	2.5635	common_voice_sw_34598589.wav
simba na chui hawapatikani kwenye hifadhi ya gombe 	female_feminine	3.9675	common_voice_sw_29791092.wav
amin alichukua kichwa chake ndani ya ukumbi mikononi mwake na ghafla akamlaani 	female_feminine	5.5875	common_voice_sw_30653843.wav
luteni kanali morrison singano akawa anatuma ripoti za ilani 	female_feminine	5.4435	common_voice_sw_30574907.wav
walipoteza mzazi mmoja au wazazi wote kwa ukimwi 	female_feminine	3.9675	common_voice_sw_29793927.wav
kamwe sitoacha kujilaumu kupambana ili kuludisha thamani yao katika jamii 	female_feminine	7.5675	common_voice_sw_30230637.wav
moja ya maajabu yalimkuta mzungu aliye ingia na mbwa wake kisha kapotea naye 	female_feminine	7.00765625	common_voice_sw_30081019.wav
sana na sheria ya kirumi kama tofauti kati ya 	female_feminine	4.0755	common_voice_sw_35110412.wav
alishindwa kuongoza na kusimamia madhumuni ya mapinduzi visiwani 	female_feminine	5.8755	common_voice_sw_30653529.wav
au stesheni za mitaa na mitandao yenye miundo lazima zichukua 	female_feminine	6.2355	common_voice_sw_35587860.wav
husema kwamba dawa ya kulevya ya ecstasy ni salama na humsisimua 	female_feminine	4.1835	common_voice_sw_34958214.wav
na katika ujumbe wake siku ya jumapili 	female_feminine	3.1755	common_voice_sw_35105443.wav
kwame nkrumah alimaliza masomo akapokea shahada yake ya kwanza 	male_masculine	5.5155	common_voice_sw_29856725.wav
ambayo usingeweza hata kupata kuyauliza lakini unahitaji 	male_masculine	3.9675	common_voice_sw_36381104.wav
kuchangia katika uhamasishaji wao wa muda mrefu kisiasa 	female_feminine	6.5235	common_voice_sw_30356900.wav
sasa amekuwa rais wa kwanza mwanamke na rais wa kwanza kutoka zanzibar 	female_feminine	6.2355	common_voice_sw_29544778.wav
katika kufanya hivyo lazima nchi iwe tulivu 	male_masculine	4.1115	common_voice_sw_37094279.wav
hifadhi hii ni ukanda mwembamba wa msitu wa mlima unaokatizwa na miteremko mikali 	female_feminine	6.1275	common_voice_sw_31406168.wav
mawasiliano ya karibu yalihitajika ili kushirikisha wadau 	female_feminine	5.2275	common_voice_sw_35176537.wav
reli hii ambayo pia huitwa reli ya uhuru 	female_feminine	4.2555	common_voice_sw_29818577.wav
man city wametumia pesa nyingi sana kujenga timu 	female_feminine	4.2555	common_voice_sw_29797913.wav
amefikisha ukingoni 	female_feminine	3.1035	common_voice_sw_37216258.wav
ingia mkataba na kampuni ya universal records 	female_feminine	4.3275	common_voice_sw_35103616.wav
wa elfu moja mia tisa tisini na moja 	female_feminine	4.7955	common_voice_sw_34811321.wav
wanadamu wanampenda sana kuishi karibu na tausi 	male_masculine	4.4355	common_voice_sw_30323459.wav
hapo awali alikuwa jaji mkuu wakati huo bw 	female_feminine	5.2635	common_voice_sw_28761158.wav
ambayo yanahatarisha muungano wetu na jamii na mungu 	male_masculine	3.9675	common_voice_sw_36382280.wav
hotuba ya rais 	female_feminine	2.4555	common_voice_sw_34810846.wav
kwa kuepuka kuchangia vifaa au vitu vyenye ncha kali 	female_feminine	4.4355	common_voice_sw_30034289.wav
mdimangombe kabla ya kuwa sultan alilelewa na kutumwa kazi na mndewa mkulu mwande ambaye 	female_feminine	8.3955	common_voice_sw_36642170.wav
mpya kwenye eneo la wakimbizi nchini duniani 	female_feminine	4.6875	common_voice_sw_34823586.wav
kila timu ikiwa na wachezaji kumi na mmoja 	female_feminine	4.5075	common_voice_sw_34833575.wav
nchi hiyo ilianza kupelekea mataifa mengine msaada 	female_feminine	4.0755	common_voice_sw_35172737.wav
baadhi ya maeneo ya matombo na kiroka 	female_feminine	3.8955	common_voice_sw_29924156.wav
historia ya mkoa wa mara inaanzia mwaka elfu moja mia tisa kumi na sita 	female_feminine	6.8475	common_voice_sw_30527177.wav
hata hivyo kutokana na mfumo wake wa maisha 	female_feminine	4.1835	common_voice_sw_30623798.wav
ila wazee hukaa nje kidogo ya nyumba na kukoka moto 	female_feminine	4.4355	common_voice_sw_30653653.wav
duniani inashika nafasi ya sitini na tisa 	female_feminine	3.4635	common_voice_sw_35103917.wav
hazikupita siku saba sokoine akafa kwa ajali ya gari 	female_feminine	5.5155	common_voice_sw_31596844.wav
michael aliyetumia dawa za kulevya kila siku alitaja athari zake 	male_masculine	6.3075	common_voice_sw_37098697.wav
ushindi wetu ni uthibitisho kuwa mikakati ya lengo letu imeanza vizuri 	female_feminine	7.54765625	common_voice_sw_30105025.wav
mwenge unarudisha heshima ya wale wote waliopoteza heshima 	female_feminine	5.2275	common_voice_sw_30004632.wav
idadi hii ilikua tena 	female_feminine	3.7155	common_voice_sw_29736137.wav
mapinduzi ya zanzibar yanaadhimishwa kila mwaka kama sikukuu ya taifa zima la tanzania 	female_feminine	7.7475	common_voice_sw_29797769.wav
mashirika yasiyo ya kiserikali yako kwenye ngazi ya miji maeneo kitaifa na kimataifa 	male_masculine	6.9555	common_voice_sw_28735840.wav
kwa njia ya barabara kutoka hifadhi ya taifa ya serengeti 	female_feminine	4.0035	common_voice_sw_30362587.wav
kuna takriban lugha thelathini na sita za nilo sahara 	male_masculine	4.1835	common_voice_sw_29897129.wav
na athari zinazoweza kujitokeza katika uchumi wa dunia 	female_feminine	5.6235	common_voice_sw_34598027.wav
aliyeandika waraka hadharani kupinga hatua ya kuigeuza chato kuwa mkoa kamili 	female_feminine	6.3435	common_voice_sw_36616998.wav
vivutio vikubwa vya utalii duniani mara nyingi 	female_feminine	3.6435	common_voice_sw_29791402.wav
ajabu sasa hadi sasa matunda ambayo dunia imeyatumia ni matunda mia mbili tu 	female_feminine	5.4075	common_voice_sw_30653544.wav
naye sekretari wa rais yoweri museveni tamale mirundi alielezea rekodi ya idi amin ya 	female_feminine	7.2435	common_voice_sw_35146264.wav
pia michezo huitambulisha nchi wanapopata nafasi ya kushiriki kitaifa na kimataifa ili kujenga ushirikiano 	female_feminine	7.0635	common_voice_sw_29793610.wav
beseni yake ina umbo kama s 	female_feminine	4.1475	common_voice_sw_29727469.wav
awali ilikuwa ni hifadhi ya misitu kabla ya kutangazwa kama mbuga ya kitaifa 	female_feminine	6.3435	common_voice_sw_28703835.wav
mvua za muda mfupi ni oltumuret 	male_masculine	3.4275	common_voice_sw_36331526.wav
mizimu wakupa kweli wakueleze undani 	female_feminine	4.2555	common_voice_sw_34958793.wav
uholanzi alishika nafasi ya tatu kwenye michuano ya kombe la dunia 	female_feminine	5.0475	common_voice_sw_30262107.wav
kwa sababu imekuwa ikibeba mizigo mikubwa 	female_feminine	4.5435	common_voice_sw_30522833.wav
maana vijana na wazee walikuwa huru kupitia juhudi zake 	female_feminine	4.9035	common_voice_sw_30269413.wav
kuchukua maamuzi mazito kupunguza idadi ya mfanyakazi 	female_feminine	5.5875	common_voice_sw_35160847.wav
wageni hawa walikuja huku afrika kwa kutumia usafiri wa mashua 	female_feminine	5.3355	common_voice_sw_29791520.wav
bila shaka ataacha rekodi ambazo zitakuwa ngumu kuvunjwa 	female_feminine	4.9035	common_voice_sw_29789914.wav
msimu uliyofuata pep alihamia ujerumani 	male_masculine	3.3555	common_voice_sw_29941754.wav
pazia la chuma lilitandikwa katika bara la ulaya kuanzia stettin upande wa kaskazini 	female_feminine	8.9355	common_voice_sw_30630582.wav
nchi karibu zote za africa mashariki zinatumia tanzania kupokea mizigo 	female_feminine	5.4075	common_voice_sw_30718704.wav
inaaminika kuwa handebezyo ni eneo la kwanza ambalo lilianza kukaliwa na watu 	female_feminine	8.19565625	common_voice_sw_30104935.wav
bila kusahau wilaya za handeni na korogwe 	female_feminine	4.2555	common_voice_sw_29791332.wav
wamasai hujifunza lugha kiswahili na kingeraza wakiwa shuleni 	female_feminine	4.7955	common_voice_sw_35123739.wav
la majanga ya moto katika eneo la msitu wa 	female_feminine	3.5355	common_voice_sw_35099110.wav
dakta jakaya mrisho kikwete alikuwa mbunge 	female_feminine	3.4635	common_voice_sw_29923733.wav
castro alidai kuwa alilazimishwa kuingia katika mikono ya muungao wa kisovieti 	male_masculine	10.0155	common_voice_sw_35412156.wav
wakazi wengi wa eneo hilo ni wakulima wa kahawa na ndizi 	female_feminine	7.0275	common_voice_sw_29924694.wav
nampenda mamangu sana 	female_feminine	2.3475	common_voice_sw_36390261.wav
ni vyema ikumbukwe na ieleweke kwamba mamlaka ya hifadhi ngorongoro 	female_feminine	8.6835	common_voice_sw_30552536.wav
kubwa zaidi ya haya ni ziwa lenye urefu wa kilometa mbili na nusu 	male_masculine	6.1635	common_voice_sw_30180119.wav
naam ndivyo anavyoondoka pendo po na makala 	female_feminine	4.1835	common_voice_sw_37212358.wav
usimchokoze mwanangu mzuri 	female_feminine	2.9235	common_voice_sw_35106463.wav
asili yake ni delta ya alfabeti ya kigiriki 	male_masculine	4.3635	common_voice_sw_29612143.wav
zidane akatoka juventus akajiunga real madrid 	female_feminine	7.04365625	common_voice_sw_30003898.wav
ni shughuli za kibinadamu na zile zinazozalisha uchafuzi wa aina hii 	female_feminine	6.4875	common_voice_sw_34597625.wav
milipuko pia hutokea kwa watu wenye kinga dhaifu wanapoingia maeneo yenye malaria kwa wingi 	female_feminine	6.7755	common_voice_sw_29947080.wav
mgonjwa amepona 	female_feminine	2.7075	common_voice_sw_35180779.wav
wapi na muda tajwa kulingana na mazingira 	female_feminine	5.2635	common_voice_sw_29798084.wav
obama leo anatarajiwa kutembelea mji wa new delhi ambao atafanya mazungumzo 	female_feminine	6.3075	common_voice_sw_35104292.wav
unamchukiaje mtu uliyemkabidhi ilani ya uchaguzi na ameitekeleza kwa kiwango cha juu 	female_feminine	9.9075	common_voice_sw_30369308.wav
ugonjwa wa mwinuko ni adui wako 	female_feminine	3.8235	common_voice_sw_29790829.wav
hugubikwa na mambo mengi ya nje na ndani ya uwanja 	female_feminine	4.1475	common_voice_sw_31446790.wav
wairwana wana maeneo kuelekea kaskazini ambayo ni sehemu ndogo sana 	female_feminine	6.6675	common_voice_sw_30527504.wav
hapo kuna vipimo vingine 	male_masculine	2.5635	common_voice_sw_29727959.wav
aa jeshi la polisi nchini zimbabwe na linamushililia wa waziri wa nisheti 	female_feminine	7.1355	common_voice_sw_35146342.wav
hali halisi nyota ni vitu sawa na jua letu ambalo ni nyota mojawapo 	female_feminine	5.8035	common_voice_sw_29488725.wav
jina linatokana na ziwa mai ndombe linalopatikana katikati yake 	female_feminine	7.4955	common_voice_sw_29420708.wav
akizungukwa na watoto wa mayahudi na kiarabu 	female_feminine	4.3275	common_voice_sw_29792092.wav
sir alex na pep guardiola ni makocha wa pekee 	female_feminine	5.1555	common_voice_sw_30354949.wav
jitihada hizo zilishindikana kufuatia hali ya nkrumah kuwa mbaya 	female_feminine	6.2355	common_voice_sw_29793226.wav
huyu ni msanii maarufu wa muziki wa injili katika lugha ya swahili 	female_feminine	5.3355	common_voice_sw_30376447.wav
khazar western and eastern turkic avar na uyghur kaganates 	female_feminine	5.4075	common_voice_sw_35250424.wav
rangi nyeusi watala kitu chochote kinachoendelea kutoka 	female_feminine	4.8675	common_voice_sw_35587910.wav
mataifa mengi ulimwenguni hayana amani kama tanzania 	female_feminine	4.4355	common_voice_sw_29797711.wav
shughuli za kitalii ambazo hufanyika katika kijiji cha wahadzabe 	female_feminine	5.2635	common_voice_sw_30364741.wav
lugha hizi mbili zina asili moja 	female_feminine	3.7875	common_voice_sw_28689055.wav
utalii wa maporomoko ya rusumo unakadiriwa kuongezeka kila mwaka 	female_feminine	6.1275	common_voice_sw_30054692.wav
siku hizi wakristo kote duniani huishi pamoja na watu wa dini nyingine 	female_feminine	5.3355	common_voice_sw_34917831.wav
khamis mussa makame mvuvi kutoka bububu ameelezea mambo kadhaa 	female_feminine	6.7035	common_voice_sw_35105013.wav
ambae amemfanyia unyama sana mwana mwana ameuguwa kwa asilimia kubwa sana mkononi amemchoma 	female_feminine	8.1795	common_voice_sw_37083803.wav
hispania na ureno zilikubali kuizima biashara kwa fidia kutoka uingereza 	female_feminine	7.04365625	common_voice_sw_30004942.wav
nitaona kama itawezekana 	female_feminine	3.0675	common_voice_sw_36616109.wav
wanyama huonekana kwa urahisi zaidi kipindi cha mvua 	male_masculine	4.5075	common_voice_sw_29899403.wav
tanzania imegawanywa kwa mfumo wa mkoa na wilaya 	female_feminine	7.8555	common_voice_sw_30570146.wav
sipendi mtu mfupi 	female_feminine	2.5635	common_voice_sw_35106211.wav
naitwa albalo jacob alimdanganya magreth jina lake 	female_feminine	4.3275	common_voice_sw_37092795.wav
serikali za kikoloni zilikuwa zinaruhusu vyama vya kijamii na michezo 	female_feminine	6.6675	common_voice_sw_30355818.wav
mwalimu alikuwa mstari wa mbele katika kupinga ubeberu wa marekani 	male_masculine	4.5435	common_voice_sw_29797104.wav
na alichezea timu yao hifadhi 	female_feminine	4.3275	common_voice_sw_29781746.wav
maendeleo yoyote duniani yanaletwa na wingi wa watu 	female_feminine	5.0475	common_voice_sw_30227422.wav
pori hubeba vitu mbalimbali kama wadudu wanyama miti nyasi nakadhalika 	female_feminine	6.6675	common_voice_sw_29175058.wav
hatimaye yeye akawa mkurugenzi wake wakati mumewe alijiunga na utawa wa tatu wa mt 	female_feminine	6.3075	common_voice_sw_28584013.wav
maendeleo endelevu yamedhamiria katika miaka kumi na tano ijayo 	female_feminine	5.2275	common_voice_sw_35214457.wav
alikuwa nabii kuliko mwandishi wa historia 	female_feminine	3.8235	common_voice_sw_29268771.wav
yule aliyejiuzulu na sasa hivi waziri mkuu mwengine yupi 	female_feminine	4.8675	common_voice_sw_35118951.wav
ni zama ambazo watu wote waliishi kwa kushirikiana katika kila sekta 	female_feminine	6.1275	common_voice_sw_30327544.wav
matibabu haya ni ya bei ghali hivyo yanaweza kuhusishwa na madhara mbadala 	female_feminine	6.5955	common_voice_sw_30196390.wav
pembe za wanyama ni utajiri wa asili katika nchi ya tanzania 	female_feminine	4.7955	common_voice_sw_29797620.wav
nyerere alimweleza mkapa kuwa kuna mtu mwengine ambaye ailikuwa akimfikiria 	female_feminine	6.2355	common_voice_sw_30574693.wav
ema kuwa matokeo ya uchaguzi mkuu wa nchi hiyo yanaweza kuchukua 	female_feminine	6.4875	common_voice_sw_34920416.wav
hapa mhimili wa kati unaendelea kuwa uti wa mgongo 	female_feminine	5.9475	common_voice_sw_29596209.wav
katika mashamba yao hulima mazao mengine kufuatana na msimu 	female_feminine	5.5875	common_voice_sw_30030572.wav
wakikaa bila kushinda mashabiki wanachukia timu 	female_feminine	6.8475	common_voice_sw_30563432.wav
ya habari nchini marekani kwa ujumla yanatarajiwa kuepuka mapendeleo 	female_feminine	5.7675	common_voice_sw_34958050.wav
tanzania uganda na kenya hizo ndizo zilikuwa za kwanza 	female_feminine	5.8035	common_voice_sw_30357122.wav
kuwa anapaswa kusaidiwa bali ni wale tu wasiojiweza 	female_feminine	7.3155	common_voice_sw_34597674.wav
rais wa uganda hakuficha huruma yake kwa adolf hitler na akamchukulia kama mwalimu wake 	female_feminine	8.1075	common_voice_sw_30355767.wav
mwandishi wa barua aliandika ya kwamba aliwahi kula nusu nyingine ya figo 	female_feminine	5.9475	common_voice_sw_28583949.wav
kwa vipindi vijavyo kutoka hapa idhaa ya kiswahili 	female_feminine	3.8235	common_voice_sw_35104547.wav
alianzisha misa takatifu za kila mwezi na kutenga chumba kikanisa 	female_feminine	5.2635	common_voice_sw_29946984.wav
mvua kubwa ilichangia ukuaji mkubwa wa majani 	female_feminine	5.1555	common_voice_sw_30182312.wav
inayokamilisha wilaya tano za mkoa wa mtwara 	female_feminine	5.5155	common_voice_sw_30623907.wav
vizuri na hata katika dini viongozi wanasisitiza 	female_feminine	4.2555	common_voice_sw_29969080.wav
mikakati kuhakikisha urithi huu unatunzwa vizuri 	female_feminine	5.6955	common_voice_sw_29924727.wav
ujerumani ilkuwa ikiitwa ujerumani magharibi kwenye michuano ya kombe la dunia 	female_feminine	7.87165625	common_voice_sw_30105796.wav
waliokuwa wanahifadhiwa katika vyumba vya chini katika uwanja huo 	female_feminine	4.9035	common_voice_sw_37099210.wav
mji mkuu ni rutana 	male_masculine	3.4275	common_voice_sw_28815709.wav
ili kukabiliana na wakoloni wa kijerumani 	female_feminine	3.6075	common_voice_sw_34597886.wav
alikaa sudan kwa kipindi cha muda wa miaka 	female_feminine	4.5435	common_voice_sw_29925858.wav
biashara na kuipiga jeki sekta binafsi ya tanzania 	female_feminine	4.2555	common_voice_sw_29792406.wav
bendi hii iliweza kuwaibua na kuwapa nafasi 	female_feminine	3.2835	common_voice_sw_31406045.wav
hayati mwalimu julius kambarage nyerere alikuwa rais wa kwanza wa tanzania 	female_feminine	7.3155	common_voice_sw_29793396.wav
meli ilizama baharini 	male_masculine	2.3835	common_voice_sw_36331653.wav
mji huu ulifahamika kama kitovu cha biashara karne ya tisa hadi kumi na tano 	female_feminine	5.8755	common_voice_sw_29791490.wav
ndani ya rasi ya skandinavia kuna nchi za uswidi na norwei 	female_feminine	6.7035	common_voice_sw_29663288.wav
na wenzake hata ilipotimia siku ya pentekoste walikuwapo wote mahali 	female_feminine	6.6675	common_voice_sw_37214774.wav
muda wa mwezi unategemea aina ya kalenda inayotumika 	male_masculine	6.1635	common_voice_sw_28670628.wav
wasichana wako katika hatari kubwa ya kupata maambukizo ya virusi 	female_feminine	6.1635	common_voice_sw_34826369.wav
alishinda tuzo ya mchezaji bora wa dunia mara tano 	female_feminine	4.2555	common_voice_sw_31266550.wav
ni lazima tuweze kutambua kwamba 	female_feminine	2.6355	common_voice_sw_35182307.wav
aliye madarakani na rais mstaafu kutoka vyama 	female_feminine	4.5435	common_voice_sw_34906927.wav
ini ni kiungo muhimu sana ndani ya miili yetu 	male_masculine	4.9755	common_voice_sw_30635680.wav
mahojiano ni mchakato wa kichambuzi unaohusisha mabadiliko 	female_feminine	6.1635	common_voice_sw_29793935.wav
na inajulikana kukusanyika katika makundi ya wanachama 	female_feminine	5.0835	common_voice_sw_34906764.wav
mario gomez wa ujerumani alifunga mabao matatu 	female_feminine	4.7235	common_voice_sw_29788082.wav
baada ya utafiti juu ya ushujaa wa maadili yake juu ya maandishi yake 	female_feminine	5.7675	common_voice_sw_30376843.wav
ajali nyingine zingeepukika na tungekuwa tunaziepuka 	female_feminine	5.1555	common_voice_sw_30629110.wav
hapa kazi ninayo hivi nitaiweza hii shule kweli aliurudisha mlango na kutoka 	female_feminine	7.40365625	common_voice_sw_30079930.wav
na timu ya taifa ya uganda 	female_feminine	3.9675	common_voice_sw_29524557.wav
amin pia alikuwa mchezaji wa michezo aliyekuwa akifanya michuano ya nguruwe 	female_feminine	7.4955	common_voice_sw_29791825.wav
gwiji wa uholanzi ndiye aliyeanzisha stahili hii 	female_feminine	4.1475	common_voice_sw_30326787.wav
delta hii ni eneo lenye mimea na wanyama wengi katikati ya jangwa kubwa 	female_feminine	7.6755	common_voice_sw_28704593.wav
apo awali alikuwa mfuasi wa dini ya kiislam 	female_feminine	4.1835	common_voice_sw_29793607.wav
mwalimu julius nyerere alisisitiza kenya ni nchi inayoendelea mbele tu kama tanzania 	female_feminine	6.5235	common_voice_sw_29791583.wav
wanasiasa wakubwa kutoka kaskazini wakitaka mwislamu kupokea kijiti hicho 	female_feminine	6.8475	common_voice_sw_34746124.wav
mungu wetu yuko mbinguni 	female_feminine	2.2755	common_voice_sw_36643012.wav
waziri wa mambo ya nchi za nje wa iran manseheran mutaki 	female_feminine	6.2355	common_voice_sw_36252627.wav
taarifa zilizo zidisha hofu kwa nchi hiyo 	female_feminine	3.1755	common_voice_sw_34812584.wav
alikuwa nje ya ukumbi wa mikutano wa umoja wa mataifa 	female_feminine	5.1555	common_voice_sw_34812488.wav
badala yake obote ilipangwa ili apate mafunzo zaidi ya kijeshi nchini uingereza 	female_feminine	7.3875	common_voice_sw_29790650.wav
mtu aliye jenga heshima kubwa duniani 	female_feminine	3.6435	common_voice_sw_30624143.wav
iwe itapata pingamizi wananchi wacanada wategemee kuingia kwenye uchaguzi mkuu 	female_feminine	6.2355	common_voice_sw_35146145.wav
mkoa huo una makabila mbalimbali ila kabila kubwa na la asili ni wafipa 	female_feminine	5.9475	common_voice_sw_31405979.wav
alishiriki kuanzisha shirika la waandishi wa liberia 	female_feminine	5.3355	common_voice_sw_28672882.wav
huyu alikuwa ajina ojwang mwanasheria kutoka kenya akiweka bayana hali halisi ya watu kutambua 	female_feminine	9.0075	common_voice_sw_35099334.wav
hawezi kumsahau david mbulumi na sakina datoo aliyemsaidia bila yeye kujua 	female_feminine	5.9835	common_voice_sw_30073444.wav
ndhinga ulokuva na mbuvo uliamuliwa asali ndani 	female_feminine	6.75565625	common_voice_sw_31882139.wav
ni mitandao minne mikubwa ya televisheni iliyo katika nchi moja 	female_feminine	5.6235	common_voice_sw_29591218.wav
mwaka elfu moja mia tisa tisini na saba hadi mwaka elfu mbili na mbili 	female_feminine	5.7675	common_voice_sw_35156103.wav
kufuatana na uainishaji wa lugha kizhuang dai iko katika kundi la kitai ya kati 	female_feminine	7.9275	common_voice_sw_28699031.wav
jumla ya mapato na kiwango cha bei ya kawaida 	female_feminine	3.7155	common_voice_sw_30038227.wav
amesema mashambulizi ya wanamgambo wa taliban 	male_masculine	4.1835	common_voice_sw_36386571.wav
anya shughuli za ujasilia mali hasa 	female_feminine	5.2275	common_voice_sw_35160836.wav
msemo huu kwa hakika unapaswa kuzingatiwa 	female_feminine	4.3275	common_voice_sw_30354820.wav
kuacha mtaro wa kazinga kama mabaki ya muungano huo 	female_feminine	5.8755	common_voice_sw_30173835.wav
alichaguliwa kuwa mbunge wa jimbo la bagamoyo 	female_feminine	10.49965625	common_voice_sw_30568816.wav
mkono wa kaskazini huitwa mkondo wa atlantiki ya kaskazini 	female_feminine	7.2435	common_voice_sw_28873922.wav
sasa naye nabii ismail na huko akaoa 	male_masculine	5.7675	common_voice_sw_31306394.wav
kiungo wa zamani wa arsenal fabregas alikuwa hatari kwa pasi 	female_feminine	5.5155	common_voice_sw_30377805.wav
mkenya victor wanyama alifunga bao la ushindi 	female_feminine	5.0835	common_voice_sw_30327358.wav
ndoa za kisukuma zinaruhusu ndoa za mitaala 	female_feminine	4.3275	common_voice_sw_30193609.wav
wa mbanza kongo baada ya wafalme kuwa wakristo 	female_feminine	6.5235	common_voice_sw_35104405.wav
tunaweza kujibu swali hili kwa msaada wao 	female_feminine	3.6435	common_voice_sw_35182125.wav
rais wa real madrid frorentino perez ndiye aliyemnunua zidane 	female_feminine	6.7035	common_voice_sw_29799224.wav
rais aongeze kasi ya utekelezaji wa mapendekezo yaliyotolewa na wafanyabiashara 	female_feminine	6.5235	common_voice_sw_30109606.wav
kwa sasa uwapo katika eneo hili la makumbusho ya handebevyo utagundua kasoro nyingi 	female_feminine	8.1435	common_voice_sw_30522533.wav
na mchango mkubwa kwa vijana nakumbuka kuna mechi moja ya simba na 	female_feminine	5.0835	common_voice_sw_34958843.wav
iddi amini aligawa maduka ya wahindi kwa ndugu zake 	female_feminine	4.1835	common_voice_sw_30365963.wav
wenzake shuleni walishangaa mbona alikuwa akilia wakati wote na kushika kifua chake kwa uchungu 	female_feminine	6.7755	common_voice_sw_35099677.wav
weza kuwa katika hali ya kuweza kudhibiti bunge hilo 	female_feminine	4.6875	common_voice_sw_35439235.wav
alipoonekana mbele ya umma tangu augue akiwasalimia wafanyakazi na kuhojiwa na runinga 	female_feminine	6.5235	common_voice_sw_36615731.wav
dominiko alipopata habari aliamua kufanya toba kama mkaapweke 	male_masculine	6.5235	common_voice_sw_29407144.wav
unataja kuwa bado afrika kusini haijatumia rasilimali zake ilizonanazo 	male_masculine	6.8835	common_voice_sw_30115957.wav
wapo wanaodhani kwamba mrembo ni lazima uwe na umbo namba nane 	female_feminine	5.85565625	common_voice_sw_30080245.wav
maeneo machache ya msingi kulingana na maslahi yako 	female_feminine	4.6155	common_voice_sw_34834752.wav
kwa lengo la kuuza meno hayo na kupata fedha 	female_feminine	6.7755	common_voice_sw_30572088.wav
gozi hao wawili wamesema kuwa wanalenga kuunda mazingira ambayo yatawezesha 	male_masculine	7.8555	common_voice_sw_35408569.wav
marmara na kujiimarisha katika kisiwa cha galliopolis 	female_feminine	4.0755	common_voice_sw_34959548.wav
hutoweka wakati maumivu yametibiwa kikamilifu 	female_feminine	3.7875	common_voice_sw_35198779.wav
kwa kawaida rangi yao ni nyeusi kijivu au kahawia 	female_feminine	6.1635	common_voice_sw_28874226.wav
yote haya hayakushusha thamani ya pep guardiola 	female_feminine	4.7235	common_voice_sw_29959915.wav
baba nakushukuru kwa kuwa umenisikia 	female_feminine	3.7875	common_voice_sw_35177098.wav
viingilio vinatofautia kulingana na umri wa watalii 	female_feminine	3.8955	common_voice_sw_31285927.wav
redio ya taifa ilianzishwa mwaka elfu moja mia tisa sabini 	female_feminine	4.7235	common_voice_sw_35425630.wav
waiyaki wa hinga chifu mkikuyu aliyetawala dagoretti 	female_feminine	5.3355	common_voice_sw_29962651.wav
moja aliiga mfumo wa kijeshi wa wasangu waliowahi kuwa kabila lenye nguvu kwa kujifunza 	female_feminine	7.2435	common_voice_sw_35582730.wav
mlinzi huyo alikuwa ameketi akiwa ameegemea ukuta bunduki aina ya gobole ikiwa kifuani 	female_feminine	9.2235	common_voice_sw_35438716.wav
alama hizo ziliripoti kwa hivyo tulianza safari 	female_feminine	4.9755	common_voice_sw_35106732.wav
nchi mara nyingi huwekwa ndani ya makundi manne hafifu ya maendeleo 	female_feminine	5.9475	common_voice_sw_29350927.wav
ronaldo na messi walienda urusi wakiwa na mategemeo ya kuondoka na taji 	female_feminine	5.7675	common_voice_sw_29922537.wav
hali zilizozingira kuzuka kwa vita hazieleweki 	female_feminine	3.9675	common_voice_sw_30585431.wav
upinzani dhidi ya jacob zuma uliongezeka 	female_feminine	3.6435	common_voice_sw_35106554.wav
walichukua asilimia sitini na kudai haki zao 	female_feminine	4.8675	common_voice_sw_30230418.wav
kipindi ambacho wageni kutoka mashariki ya mbali wanafika maeneo ya pwani 	female_feminine	5.6235	common_voice_sw_31271403.wav
wanapenda kurudi ziwa manyara kwa sababu wanafuata chakula cha kutosha 	female_feminine	5.0475	common_voice_sw_30363370.wav
uchumi wa kisiwa hutegemea hasa uvuvi na utalii 	female_feminine	4.5435	common_voice_sw_28835123.wav
makubwa sana na maambukizo ya ukimwi kwanza kabisa ni kutokana 	female_feminine	5.7675	common_voice_sw_34979740.wav
futi kumi na tisa sawa na mita tano nukta tano huku jike akiwa na 	female_feminine	4.3635	common_voice_sw_37222990.wav
hii ni kutokana na kukosa chakula wakiwa njiani 	female_feminine	4.4355	common_voice_sw_30025846.wav
diego maradona wa argentina alikuwashikika hashikiki 	female_feminine	9.0435	common_voice_sw_31271283.wav
simba ni mkali sana 	female_feminine	2.9235	common_voice_sw_31996482.wav
nguo za mitumba zilianza kuingia nchini kwenye utawala wa mwinyi 	female_feminine	7.8555	common_voice_sw_30572118.wav
ukaamua tu kwanini mimi ndio hiyo sababu naitaka kwa nini uliamua tu kutopiga kura 	female_feminine	6.9195	common_voice_sw_37083986.wav
wameendelea kutaka pande zote mbili za sudan kumaliza tofauti zao 	female_feminine	6.2355	common_voice_sw_34761595.wav
kwa sasa wamasai wengi wamekuwa wakristo na kwa kiwango kidogo waislamu 	female_feminine	6.1635	common_voice_sw_35103120.wav
dalili nyingine inayojitokeza baada ya kupata maambukizi ya virusi vya ukimwi 	female_feminine	6.4875	common_voice_sw_29818023.wav
kupoteza uzito kupita kiasi na kukonda kwa ujumla sio dalili tu 	female_feminine	7.3875	common_voice_sw_30326808.wav
u baadhi ya vigogo wakiambulia patupu mwandishi wetu tony singoro 	female_feminine	4.5075	common_voice_sw_35284788.wav
utaalamu unaohitajika siyo mgumu na uyoga huota vizuri ukiliganisha na aina nyingine 	female_feminine	8.1075	common_voice_sw_30107466.wav
hatuhesabiwi haki tukiacha mabaya na kujaribu kutenda mema 	female_feminine	6.79165625	common_voice_sw_30122078.wav
dar es salaam mpaka sumbawanga mkoani rukwa kusini magharibi mwa tanzania 	male_masculine	6.8835	common_voice_sw_29938339.wav
ukimwi ulitambuliwa mara ya kwanza na vituo vya kuzuia na kudhibiti magonjwa huko marekani 	female_feminine	8.1435	common_voice_sw_30667252.wav
sheria nambari tatu ya vyama vya wafanyakazi 	female_feminine	5.2275	common_voice_sw_30717877.wav
manchester united ilijitutumua wakatoaka 	female_feminine	4.3635	common_voice_sw_30574979.wav
wanafana kazi zao na maafisa watendaji wa mitaa japo kwenye kazi zao za jadi 	female_feminine	7.3155	common_voice_sw_35171865.wav
kibantu kiingereza na wengine walitumia kilatini hii 	female_feminine	4.4355	common_voice_sw_35146344.wav
alipenda sana sayansi mpya za biolojia na kemia 	male_masculine	6.3435	common_voice_sw_28669747.wav
wamejikuta wakihamia kusini mwa afrika kama vile taifa lililopotea 	female_feminine	9.9435	common_voice_sw_30572868.wav
hupitia takriban maisha yao yote katika mbegu moja 	female_feminine	5.8755	common_voice_sw_29014978.wav
tarehe mbili mwezi mei mwaka huu wa elfu mbili na kumi na moja 	female_feminine	4.6875	common_voice_sw_34834573.wav
wananchi wengi walisikitikam kupoteza kipenzi chao 	male_masculine	7.2435	common_voice_sw_29981547.wav
wanyakyusa moja kwa moja twende mbeya hawa wanawake wengi wao ni weusi 	female_feminine	6.0555	common_voice_sw_30375713.wav
alisoma shahada yake ya kwanza katika chuo kikuu cha mamara uturuki 	female_feminine	5.0835	common_voice_sw_34958832.wav
mary leakey hakuweza kutamka neno olduvai 	male_masculine	4.0035	common_voice_sw_29797149.wav
maana tumeona maji yakiteremka toka milimani na tutalima na kufanya mambo mbalimbali 	female_feminine	5.3355	common_voice_sw_31285617.wav
aliingia madarakani kupitia chama cha mapinduzi 	male_masculine	4.1835	common_voice_sw_37100809.wav
ni profesa wa chuo kikuu cha dar es salaam katika kitengo cha sanaa 	female_feminine	5.5875	common_voice_sw_29350788.wav
muziki wa kitamaduni wa kimasai huwa na sauti 	male_masculine	6.3435	common_voice_sw_29787562.wav
katika maadili mazuri wasiwe walafi na wachoyo maana 	male_masculine	5.6595	common_voice_sw_30299618.wav
chenga za lionel mesi ziliwatengua nyonga mabeki 	male_masculine	4.7235	common_voice_sw_30181436.wav
mnamo tarehe thelathini na moja januari mwaka elfu mbili na tano alitunukiwa tuzo 	female_feminine	8.6835	common_voice_sw_31584116.wav
kwa mwaka elfu mbili kumi na tano afya duniani kuhusu sababu za vifo 	female_feminine	6.82765625	common_voice_sw_31767001.wav
wasukuma haimaanishi tu watu wa kanda ya ziwa 	female_feminine	4.6155	common_voice_sw_29925231.wav
ule umoja wa vyama vya wafanyikazi uliokuwepo ukiwakutanisha vyama vinane 	female_feminine	6.9555	common_voice_sw_35409396.wav
mtindo huo wa biashara ulianza kuhusisha watu wa rika tofauti 	female_feminine	4.9035	common_voice_sw_29969683.wav
shirikisho la soka la ulaya likaanzisha michuano ya mataifa ya ulaya 	female_feminine	6.7035	common_voice_sw_30546177.wav
pia ni kituo cha mpakani kwenye daraja la zambezi kwenda zimbabwe 	female_feminine	5.0475	common_voice_sw_29488743.wav
lakini hakuiamini serikali hiyo ya marekani 	female_feminine	3.4635	common_voice_sw_35118954.wav
chukua vibebeo kama vile rambo weka vimengenywa vilivyopoa kisha weka mbegu za uyoga 	female_feminine	7.1355	common_voice_sw_30336642.wav
vijana wengi siku hizi wanapenda kufuatilia mchezo huu 	female_feminine	6.1275	common_voice_sw_30567647.wav
hali hii ilisababisha kuongezeka kwa biashara ya watumwa hasa kutoka afrika 	female_feminine	6.0555	common_voice_sw_30052383.wav
gine siku hizi za karibuni watafika mpaka mozambiki 	female_feminine	5.2275	common_voice_sw_35099316.wav
dalili hizi zote zinaweza kutokana na kitu kingine chochote lakini unapaswa kushuku malaria 	female_feminine	5.8035	common_voice_sw_30585243.wav
baadhi ya sehemu nchini tanzania watu wanazikwa wakiwa wameketi 	female_feminine	5.4435	common_voice_sw_37215140.wav
albamu yake ya mwaka wa elfu moja mia tisa na tisini 	female_feminine	5.5155	common_voice_sw_29949783.wav
wanyambwa ni kundi linaloonekana wazi kwenye kabila hili ambao huongea lafudhi ya kinyambwa 	female_feminine	8.0355	common_voice_sw_30195751.wav
hekalu lake mjini efeso lilikuwa kati ya maajabu saba ya dunia 	male_masculine	5.2635	common_voice_sw_29428836.wav
sitaki dawa 	male_masculine	2.0955	common_voice_sw_37092436.wav
akizungumza katika ofisi za mwananchi jana zuhura anasema ndoto ya udaktari ilikufa 	female_feminine	8.1435	common_voice_sw_29799220.wav
huyu ni mwanasiasa tishio kwa wengine wote walio madarakani 	female_feminine	4.9035	common_voice_sw_30076190.wav
bendera ya kenya 	female_feminine	2.6355	common_voice_sw_34962959.wav
ndio maana huwa mara nyingi nasema ni kama wanyama hawa wana pasipoti za tanzania 	female_feminine	8.4675	common_voice_sw_30357083.wav
mataifa manne yanayoguswa na bahari ya mediterania 	female_feminine	6.1635	common_voice_sw_29977594.wav
dhana potofu ilikuwa inasema ukimwi unaweza kusambaa kwa kumgusana 	female_feminine	5.9835	common_voice_sw_36617568.wav
hata hivyo mtindo uliopendelewa ni mistari 	male_masculine	4.0035	common_voice_sw_29937036.wav
palikuwa na biashara kiasi samaki na chumvi 	female_feminine	5.17165625	common_voice_sw_30004622.wav
bunge la tanganyika na baraza la wawakilishi la zanzibar 	male_masculine	3.9675	common_voice_sw_30313876.wav
ipo pia halmashauri ya wilaya ya kaliua na halmashauri ya wilaya ya igunga 	female_feminine	8.3235	common_voice_sw_30574445.wav
baada ya vita ya miaka saba uingereza 	female_feminine	4.0755	common_voice_sw_35160914.wav
drake alifanya vita vya baharini dhidi ya meli za hispania 	female_feminine	4.2555	common_voice_sw_35104947.wav
tumia bidhaa za nywele zinaendana na nywele zako 	female_feminine	4.6155	common_voice_sw_29970339.wav
wamangati ambao pia huitwa wabarbaig 	female_feminine	6.2355	common_voice_sw_30377074.wav
edward na ethel beanov walisafiri kwa meli ya titanic 	female_feminine	4.9755	common_voice_sw_35182291.wav
kangaroo wanawatambua maadui zao kwa kunusa 	female_feminine	4.4355	common_voice_sw_30324395.wav
titanic ilikuwa imebeba abiria zaidi ya nusu ya uwezo wake 	female_feminine	4.8675	common_voice_sw_35104146.wav
baada ya kukua kwa biashara ya utumwa kulisababisha watu wengi kuhamia kilwa kivinje 	female_feminine	5.9835	common_voice_sw_30056255.wav
wangoni ni kabila la watu wa tanzania wanaoishi katika mkoa wa ruvuma 	female_feminine	5.8035	common_voice_sw_30527204.wav
vikwazo vingi vya upigaji kura vilikuwepo 	female_feminine	4.5435	common_voice_sw_29791256.wav
alielezea juu ya uwezo wa jacob kufanya matukio akiruka 	female_feminine	5.5155	common_voice_sw_36643704.wav
mlima kilimanjaro una vilele vitatu vya kivolkeno 	female_feminine	5.8755	common_voice_sw_30327143.wav
kufuatana na uainishaji wa lugha kwa ndani zaidi kinyamusa molo iko katika kundi la kibongo bagirmi 	male_masculine	7.9635	common_voice_sw_28663323.wav
kwa hoja za tibaijuka kwa mfano chato kama wilaya kwa sasa 	female_feminine	6.3075	common_voice_sw_35099082.wav
vuguvugu la maumau halikuwa na mafanikio makubwa kijeshi 	female_feminine	5.1555	common_voice_sw_30053582.wav
barabara wilayani humo kama katika wilaya nyingine 	female_feminine	5.2275	common_voice_sw_30327490.wav
wa rais julius nyerere lakin ghafla alipoteza cheo 	female_feminine	5.9835	common_voice_sw_29924506.wav
walinyanganya biashara na mali ya wahamiaji kutoka india 	female_feminine	6.7755	common_voice_sw_30205661.wav
kama unataka kukariri shairi njoo 	female_feminine	3.5355	common_voice_sw_37089141.wav
anaotuhumiwa kuufanya zilikuwa ni propaganda za kumchafua huku watu wengi wakiendelea kuamini kuwa idi 	female_feminine	7.4955	common_voice_sw_37086867.wav
baadae kuliundwa timu nyengine ya mpira wa miguu ambayo ni vuga boys 	female_feminine	5.1555	common_voice_sw_30653802.wav
ana maamuzi juu ya vitu vyote vinavyohusu dini sherehe na madawa 	female_feminine	4.7235	common_voice_sw_30591063.wav
uliotangulia maandiko yenyewe kwa karne kadhaa sehemu 	female_feminine	4.7235	common_voice_sw_35206858.wav
lakini yapo mataifa mengine mengi yaliyopata uhuru wake kwa njia ya vita 	female_feminine	4.9035	common_voice_sw_31271594.wav
baadaye maji mengine yanachangia mto kongo na hatimaye bahari ya atlantiki 	female_feminine	6.4155	common_voice_sw_29468866.wav
huu ni uharibifu wa makazi ya wanyama 	female_feminine	4.9035	common_voice_sw_30173328.wav
alipata tiba na kupona kwa asilimia mia moja 	female_feminine	3.6075	common_voice_sw_28733375.wav
huku wakisema kuwa wanafanya kila juhudi 	female_feminine	3.2475	common_voice_sw_34943170.wav
akirithiwa na mpwawe lukwele mdimangombe mwanamsumi wa pili mwaka elfu moja mia nane sitini 	female_feminine	9.1155	common_voice_sw_35206813.wav
bandari ya cape town na ile ya johanesberg katika taifa ka afrika kusini 	male_masculine	7.2435	common_voice_sw_29955180.wav
hussein mwinyi alihudumia wizara tatu 	male_masculine	2.8875	common_voice_sw_37091072.wav
wengi waliamini kuwa ukatili aliyoufanya zilikuwa ni mbinu za kumchafua 	male_masculine	8.2155	common_voice_sw_30200824.wav
upungufu wa uchafuzi wa hewa hauathiri ukuzi wa kibiashara 	female_feminine	5.5875	common_voice_sw_35107823.wav
emmanuel kotoka ambaye naye aliuawa tarehe kumi na saba mwezi wa nne 	male_masculine	8.1435	common_voice_sw_31304304.wav
dola miji ilikuwa muhimu sana katika nchi nyingi kihistoria 	female_feminine	6.0555	common_voice_sw_28903544.wav
kinachoumiza zaidi ni kuona wakimbizi wakiwa na watoto wadogo 	male_masculine	5.2275	common_voice_sw_30181924.wav
maria wa mt 	female_feminine	2.9235	common_voice_sw_29176961.wav
kisiwa chote ni kama mnara wa kihistoria wa asili 	male_masculine	4.3635	common_voice_sw_28995063.wav
sababu kama ni makosa umefanya na unaogopa kwamba utaondolewa na 	female_feminine	4.7235	common_voice_sw_37218917.wav
washiriki wa maadhimisho ya sabasaba wanaweza kujifunza vitu mbalimbali 	female_feminine	8.6475	common_voice_sw_30562075.wav
pamoja na kuwaajiri watu laki moja 	female_feminine	3.2835	common_voice_sw_29798628.wav
dada naomba kubarikiwa nawe 	female_feminine	2.5275	common_voice_sw_37096889.wav
lahaja za cinyambwa na cinyaugogo ndizo hujulikana zaidi 	female_feminine	6.1275	common_voice_sw_30653685.wav
hivyo kuyafanya mazingira kuwa safi wakati wote na kuvutia zaidi 	female_feminine	5.6235	common_voice_sw_30022074.wav
kifupi hakuna asili bila yeye 	female_feminine	3.1035	common_voice_sw_28961725.wav
wakulima wengi nchini tanzania wanapenda ufugaji 	female_feminine	4.5075	common_voice_sw_29791681.wav
john magufuli alifariki mwaka elfu mbili ishirini na moja 	female_feminine	5.13565625	common_voice_sw_31812419.wav
wanyaturu wengi sura na nywele zao hasa kina mama 	female_feminine	7.0275	common_voice_sw_30569877.wav
ndege kama vile flamingo na korongo hupatikana kwa wingi 	female_feminine	4.0755	common_voice_sw_31787732.wav
sheria hiyo ilifanyiwa marekebisho na kuwezesha kutungwa kwa sheria ya benki kuu 	female_feminine	7.3155	common_voice_sw_29980816.wav
picha ya therese frare ikionyesha mwanaharakati wa ushoga david kirby 	female_feminine	8.4675	common_voice_sw_30224007.wav
amepanda ndege jana 	female_feminine	3.5355	common_voice_sw_34743476.wav
humo ambayo wiki hii inatakiwa iamuwe kama uchaguzi 	female_feminine	5.0475	common_voice_sw_34757972.wav
juu ya pwani ya afrika mashariki kutokana na hali ya hewa nzuri 	female_feminine	6.3435	common_voice_sw_30623690.wav
utaambiwa nauli ni kiasi fulani 	female_feminine	3.7875	common_voice_sw_36644948.wav
maneno hayo yanapatikana kwenye maktaba ya redio tanzania 	male_masculine	4.0755	common_voice_sw_30378936.wav
alishalizoea bunge akiwa msaidizi wa raisi mstaafu wa awamu ya nne jakaya kikwete 	female_feminine	6.4155	common_voice_sw_30653494.wav
uongozi kwa upande wa serikali za mitaa unaongozwa na mstahiki meya 	female_feminine	7.0995	common_voice_sw_30220976.wav
spishi hiyo imetoweka bangladesh 	female_feminine	3.8955	common_voice_sw_29736400.wav
hawakuweza kumgusa kwa wakati hule sheikh hassan alikuwa kwenye siasa kabla ya 	female_feminine	5.1555	common_voice_sw_31787761.wav
hifadhi ya taifa ruaha inapatika iringa 	female_feminine	3.5355	common_voice_sw_35108361.wav
hivyo dalili hiyo ya hatari na asilimia themanini walio na virusi hivyo hupata nafuu 	female_feminine	7.25965625	common_voice_sw_31812416.wav
ukiambiwa unapaswa kuwekwa karantini usiogope 	female_feminine	4.5435	common_voice_sw_30629813.wav
zinasaidia kuhakikisha kwamba unajisikia vizuri kiasi ukipanda na ukishuka 	female_feminine	6.3075	common_voice_sw_29789798.wav
watalii wanapenda kununua vitu ambavyo nchini kwao havipo 	female_feminine	6.3075	common_voice_sw_30026345.wav
utawala wake mwenyewe akiongoza kwa jina la katibu mkuu wa chama cha 	female_feminine	7.1355	common_voice_sw_37086855.wav
aliteseka kwa muda wa miaka mitatu 	female_feminine	4.5435	common_voice_sw_30527550.wav
sisi tunafaa kumcha mungu sana 	female_feminine	3.1035	common_voice_sw_34959000.wav
siswi na watuhumiwa wa kulipua mabomu miezi iliyopita mjini kigali 	female_feminine	8.3235	common_voice_sw_35409918.wav
kwa wale wanaojiingiza katika mahusiano pia husaidia kupunguza hatari ya maambukizi 	male_masculine	7.3155	common_voice_sw_29954134.wav
ndio wanakaa na hali mbaya ya kiafya 	female_feminine	3.4635	common_voice_sw_34833131.wav
hifadhi hii inapatikana katika mji maarufu wa kitalii 	female_feminine	6.1635	common_voice_sw_29793045.wav
namna bora ya kuimarisha sekta binafsi ziko nne 	female_feminine	4.5075	common_voice_sw_30378900.wav
kutokana na maradhi ya kisukari na uvimbe kwenye kongosho bi kidude amekuwa katika fani 	female_feminine	8.3235	common_voice_sw_35155013.wav
mtu ukishtakiwa unakwenda mahakamani na kujibu ma 	female_feminine	4.7235	common_voice_sw_37219304.wav
usiniache gizani bwana 	female_feminine	2.7435	common_voice_sw_34942819.wav
wengi hapa wapinga jimbo hili wanasema kwamba 	female_feminine	4.7235	common_voice_sw_37218067.wav
kwani hawawezi kutambua kwa kweli kweli 	female_feminine	3.4635	common_voice_sw_34977227.wav
lakini walipotakiwa kwenda kwenye mahojiano na mike wote waliingia mitini 	female_feminine	6.3435	common_voice_sw_35171861.wav
baada ya kupigwa kwa imani yao waliuawa wakati wa dhuluma ya kaisari decius 	female_feminine	9.7635	common_voice_sw_29150759.wav
mwigulu alikuwa hodari wa masomo yote ya sayansi na lugha 	female_feminine	5.5155	common_voice_sw_30026250.wav
kila mtu aliamini pep atamaliza maisha yake ya soka 	female_feminine	4.0035	common_voice_sw_29793885.wav
baada ya hapo alijiunga na shule ya sekondari ya ngambo 	female_feminine	4.4355	common_voice_sw_29797377.wav
nchini tanzania vyama vya siasa ni vingi 	female_feminine	4.3275	common_voice_sw_30552398.wav
hapa alishiriki katika jitihada za kubuni mavazi ya kitaifa ya tanganyika 	male_masculine	8.1435	common_voice_sw_28681404.wav
hakuna habari za uhakika kuhusu maisha yake ya baadaye 	male_masculine	4.2555	common_voice_sw_28673138.wav
kuna mazao ya biashara ya kahawa chai na tumbaku 	female_feminine	6.1275	common_voice_sw_29954969.wav
iliyopo katika hifadhi za taifa hizo nzuri na za kupendeza 	female_feminine	6.2355	common_voice_sw_31581522.wav
haya yanapaswa kutunzwa na kutumiwa ipasavyo kwa kutembelewa 	male_masculine	6.7755	common_voice_sw_29914944.wav
kenya ilikuwa katika hali ya hatari kufuatia uasi 	female_feminine	4.6155	common_voice_sw_30352652.wav
bila kusahau wilaya ya itilima inayokamilisha jumla ya wilaya tano za mkoa wa simiyu 	female_feminine	8.69965625	common_voice_sw_30104787.wav
wanawake ni laki moja sabini na mbili mia sita na sita 	female_feminine	7.3155	common_voice_sw_30567612.wav
bahari ni kubwa 	female_feminine	1.9875	common_voice_sw_37222827.wav
ya maumivu makali ya ghafla acute pain kwenye maumivu makali ya 	female_feminine	8.1435	common_voice_sw_35099222.wav
hifadhi inafikika wakati wote wa mwaka hasa mwezi disemba februari na mei 	female_feminine	6.5955	common_voice_sw_30527285.wav
alifanya mikataba ya ulinzi na watawala wadogo 	female_feminine	4.7235	common_voice_sw_34760004.wav
ambayo ilibainisha zifuatazo masharti yafuatayo 	female_feminine	4.8675	common_voice_sw_36644618.wav
wakati wamepona na wamelishwa vizuri nyumba inayojulikana kama enkangoo ntaritik 	male_masculine	5.8035	common_voice_sw_30020531.wav
pia wanatumia hadubini na kufanya uchunguzi wa vimelea maradhi vya majimaji ya mwilini 	female_feminine	6.2355	common_voice_sw_30585352.wav
moja kwa moja waliingia mpaka ofisini kwa mwalimu mkuu wa shule hiyo na kuingia 	female_feminine	6.7035	common_voice_sw_30653472.wav
kama alivyojiwa hapo na mwenzangu victor macsedek 	female_feminine	5.0475	common_voice_sw_34745897.wav
chama cha ukombozi palestina kilituma wapiganaji kadhaa kumsaidia amin 	female_feminine	6.5595	common_voice_sw_30363954.wav
watumwa walifikishwa eneo hilo la mkunazini 	female_feminine	3.5355	common_voice_sw_37099455.wav
mwalimu nyerere alichanganya udongo wa tanzania na zanzibar 	female_feminine	3.3555	common_voice_sw_30585466.wav
kuimarisha sekta za afya elimu maji madini mbuga za wanyama na ukusanyaji wa kodi 	female_feminine	8.5035	common_voice_sw_30204407.wav
niwashukuru na kuwapongeza sana washindi wote kutokana na kazi nzuri mliyoifanya 	female_feminine	7.3875	common_voice_sw_30098877.wav
baraza lilipitisha azimio la kudumisha kulinda kutetea na kuendeleza fikra 	female_feminine	5.6955	common_voice_sw_30031151.wav
akiangazia hatua ya kuanza kuandikisha kwa wapiga kura nchini sudan 	female_feminine	9.3675	common_voice_sw_35156095.wav
miwani yangu imeharibika 	female_feminine	2.5635	common_voice_sw_35105170.wav
huu ni utambulisho ambao haukufananishwa ama kuitwa kwa jina la kabila fulani 	female_feminine	5.9475	common_voice_sw_30654004.wav
watu wote nchini walimpenda kwa kuwajali wanyonge 	female_feminine	3.8955	common_voice_sw_30437542.wav
baadaye mataifa kama uingereza yaliongeza bidii katika ukomeshaji wa biashara ya utumwa 	female_feminine	7.7835	common_voice_sw_30314767.wav
vyombo rasmi vya habari vya uganda vilitangaza kutwaliwa kwa eneo la kagera 	female_feminine	5.7675	common_voice_sw_31446685.wav
hata hivyo alifaulu kuanzisha mtandao wa shule nchini ufaransa 	female_feminine	5.3355	common_voice_sw_29592186.wav
hivyo ni mwiko mkubwa katika siasa za 	female_feminine	4.9755	common_voice_sw_31333022.wav
pamoja na idadi yote hii haishangazi kwamba kuna vitu vya kweli vingi vya kusisimua 	male_masculine	6.7035	common_voice_sw_37229743.wav
tanzania imebarikiwa utajiri wa misitu iliyotunzwa ya kupendeza 	female_feminine	7.9635	common_voice_sw_30234193.wav
kuhusu asili ya lugha hiyo kuna nadharia mbalimbali 	male_masculine	3.3555	common_voice_sw_30025376.wav
kijadi wamasai hula nyama na maziwa pia damu ya ngombe 	male_masculine	6.0555	common_voice_sw_31304319.wav
rehema anaishi mombasa 	female_feminine	3.0675	common_voice_sw_31997277.wav
hazikutajwa tena katika takwimu ya ujerumani 	female_feminine	4.8675	common_voice_sw_30376375.wav
kupitia asilimia kumi ya fedha za ndani za halmashauri 	female_feminine	7.6035	common_voice_sw_30572086.wav
pia walikuwa na lengo la kuweka makazi ya kudumu 	female_feminine	6.5955	common_voice_sw_29789009.wav
kwa jumla wakristo wanaishi kati ya wafuasi wa dini nyingine 	female_feminine	5.4075	common_voice_sw_35588537.wav
wanyaturu wana miiko kwa upande wa vyakula 	female_feminine	3.3555	common_voice_sw_30071440.wav
madaraka mikononi mwa wazalendo walioshika hatamu katika dola 	female_feminine	4.6875	common_voice_sw_29791839.wav
zanzibar iliongeza nembo kwenye bendera yake ya zamani 	female_feminine	4.3635	common_voice_sw_30582045.wav
kipa wa uingereza alikuwa anaitwa peter shilton 	female_feminine	3.0675	common_voice_sw_31285602.wav
chochote kwamba haaminiwi husababisha hasira mbaya na nia ya kukataa 	female_feminine	5.6235	common_voice_sw_34962796.wav
alieleza makazi huko katika valkano ya ngorongoro 	female_feminine	4.5435	common_voice_sw_30718717.wav
pia walimaanisha kwamba mtu huyo hupendwa na mungu 	female_feminine	4.9035	common_voice_sw_30314726.wav
rais wa jamhuri amekutana na kuzungumza na mkurugenzi mkuu wa benki ya kiarabu 	male_masculine	7.1355	common_voice_sw_36067293.wav
ulinzi umeimarishwa wakati huu wa kampeni ambapo wachunguzi wa mambo wanahisi 	female_feminine	6.4875	common_voice_sw_36365203.wav
watalii kutoka nje ni wahuzuriaji wazuri wa matamasha hayo 	female_feminine	4.6875	common_voice_sw_30654109.wav
mipango ya muda mfupi wa kati na mrefu kupambana na hali hiiwatu wengi 	female_feminine	6.8835	common_voice_sw_34942636.wav
sehemu za magharibi zina milima mingi ambayo 	female_feminine	4.7235	common_voice_sw_34745545.wav
tangu kale anaheshimiwa na kanisa lake kama mtakatifu 	male_masculine	4.4355	common_voice_sw_28681667.wav
hifadhi ya mlima kilimanjaro ni hifadhi ya taifa inayopatikana nchini tanzania 	female_feminine	6.7035	common_voice_sw_29789291.wav
hawa ni maarufu kwa ufanyaji biashara hasa za madukani 	female_feminine	4.9035	common_voice_sw_30545674.wav
ya eneo hilo milioni moja moto wa mwituni 	female_feminine	6.1635	common_voice_sw_36643010.wav
kupambwa katika miji mikubwa kama dongola na soba kwa miaka elfu 	female_feminine	5.4075	common_voice_sw_35156145.wav
babdari nyingine iliyotumiwa kukusanya mizigo kwa ajili ya kusafirishwa kwenda ulaya 	female_feminine	5.6235	common_voice_sw_30443876.wav
dhambi zangu kuziosha 	female_feminine	2.6355	common_voice_sw_37218564.wav
mazingira yakiwa mazuri husaidia hasa kwa afya ya watoto wachanga na watoto 	female_feminine	6.7755	common_voice_sw_30243939.wav
nyumba nyingi za wasambaa huwa mviringo yenye vyumba vitatu 	female_feminine	7.40365625	common_voice_sw_30124044.wav
maonyesho katika ngazi ya kitaifa yataadhimishwa uwanja wa nyakabindi 	female_feminine	8.5755	common_voice_sw_30173188.wav
wilaya ya rolya na serengeti inaongezeka pia bunda na butiama 	female_feminine	9.0435	common_voice_sw_30414526.wav
nyingine ni volkeno ndefu kuliko zote duniani nje ya amerika kusini 	female_feminine	4.7235	common_voice_sw_31285489.wav
mifumo inayotokana na vipengele vya maelezo ambavyo hutumiwa katika sekta maalum 	male_masculine	6.4155	common_voice_sw_30021720.wav
rais wa tano john pombe magufuli chama cha mapinduzi 	female_feminine	7.0275	common_voice_sw_30382277.wav
ripoti za mashirika makubwa zinapotolewa 	female_feminine	4.9395	common_voice_sw_30227390.wav
mfanyabiashara kutoka morocco ibn batuta aliyefika hapo 	female_feminine	7.40365625	common_voice_sw_30143697.wav
vita vya wahehe dhidi ya wajerumaniupanuzi wa wahehe azingira ya iringa leo jina 	male_masculine	8.8635	common_voice_sw_36254357.wav
kufuatilia chini watu ambao kukwepa rasimu hoover hivi karibuni kuwa mkuu wa idara katika 	male_masculine	9.9435	common_voice_sw_34746412.wav
hata hivyo wapo baadhi ya wapare ambao mpaka leo wanaiweza mvua 	female_feminine	4.7955	common_voice_sw_30058552.wav
kwa hivyo yaani marekani ame amezitembelea hivi nchi strategically kwa sababu kama ukiangalia 	female_feminine	7.6755	common_voice_sw_36644616.wav
makao makuu ya mkoa ni mji wa bukoba 	female_feminine	3.7875	common_voice_sw_28743688.wav
wenye eneo la mita za mraba elfu ishirini na saba 	female_feminine	4.9755	common_voice_sw_34763050.wav
hii ilikuwa sababu moja ya kwa nini wengi walipendelea misimamo wa mataifa ya mashariki 	female_feminine	8.2155	common_voice_sw_30709716.wav
alinyongwa mwezi wa nane mwaka elfu moja mia tisa tano na maafisa wa ujerumani 	female_feminine	6.7035	common_voice_sw_30017222.wav
kama jina la nchi hiyo bendera mpya ilikuwa muunganiko wa hiyo sehemu 	female_feminine	6.5235	common_voice_sw_30623636.wav
alinyongwa mwezi agosti mwaka elfu moja mia tisa na tano na maafisa wa ujerumani 	female_feminine	6.8835	common_voice_sw_30377792.wav
wanasahau kuwa mwili unahitaji muda wa kujizoesha polepole 	female_feminine	6.8835	common_voice_sw_30352422.wav
mchimbaji mdogo wa madini hayo laizer kuryani amefanikiwa kupata mawe mawili makubwa 	female_feminine	7.2435	common_voice_sw_30332155.wav
baadhi ya mashabiki waliunga mkono kile alichokizungumza andy 	female_feminine	7.2435	common_voice_sw_30382206.wav
mara nyingi hali hiyo husababishwa na ajali au kuzaliwa hivyo hivyo 	female_feminine	5.8035	common_voice_sw_28662831.wav
mambo ya ziada ya mahitaji yanayojitokeza na hupatikana katika sehemu husika 	female_feminine	6.7755	common_voice_sw_30177117.wav
kumbukumbu ya uasi dhidi ya wanafunzi kumi na sita 	female_feminine	5.4435	common_voice_sw_30240948.wav
baada ya kuishi muda mfupi kama mkaapweke alianzisha shirika la masista wa familia takatifu 	female_feminine	6.8475	common_voice_sw_29488570.wav
sijazoea mvuke 	female_feminine	2.8155	common_voice_sw_34597236.wav
yaani asilimia thelathini na tatu hivi ya watu wote ulimwenguni 	male_masculine	4.3275	common_voice_sw_29938969.wav
ikiwa ni lazima uingie katika nyumba ya mtu aliye mgonjwa 	male_masculine	6.4875	common_voice_sw_30184802.wav
takribani watu thamanini na saba wameuawa na mamia kujeruhiwa 	female_feminine	6.4155	common_voice_sw_37331886.wav
mimi sijui chochote kumhusu 	female_feminine	2.9955	common_voice_sw_35102854.wav
taasisi za kimataifa kufanya uchunguzi wa matokeo 	female_feminine	4.5075	common_voice_sw_35099500.wav
kwa ujumla chaguzi hizi za viongozi wa mitaa hazina msisimko mkubwa 	female_feminine	5.4435	common_voice_sw_37088342.wav
akisema hakuwa mtu wa kuvimilia uzembe ufisadi na ubadhirifu wa fedha 	female_feminine	6.5955	common_voice_sw_30527065.wav
chelsea kwenye michuano ya ulaya walikuwa wanafanya vizuri 	female_feminine	4.7235	common_voice_sw_29792696.wav
kule hasa wa lugha za kikuyu na kijaluo 	female_feminine	5.7675	common_voice_sw_34743325.wav
mashariki na kusini mashariki eritrea ina pwani ndefu katika bahari ya shamu 	female_feminine	7.2075	common_voice_sw_28699138.wav
chama cha mapinduzi kiliweka historia kubwa sana 	male_masculine	3.1755	common_voice_sw_30105480.wav
hivyo sasa anayeshughulikia sekta hizo 	female_feminine	3.8955	common_voice_sw_34924848.wav
kitulo ni eneo pekee kwa ajili ya ndege aina ya tendawili machaka 	female_feminine	7.0635	common_voice_sw_30314732.wav
anampenda mama yake 	female_feminine	3.1035	common_voice_sw_34826911.wav
watu wa kwanza kutengeneza karatasi walikuwa wachina 	male_masculine	4.0755	common_voice_sw_28682646.wav
wanasheria wanadadisi sababu ya kukosefu kwa ufafanuzi 	female_feminine	5.2275	common_voice_sw_35156146.wav
afisa wa waandishi wa habari anaweza kuwafundisha imani na kupokea taarifa muhimu 	male_masculine	6.1635	common_voice_sw_29956856.wav
moja milioni zilitolewa kwa makampuni hayo jumatatu kulipa sehemu ya deni hilo 	female_feminine	7.0635	common_voice_sw_37332057.wav
kwa sasa anaishi jijini dar es salaam tanzania 	female_feminine	4.9035	common_voice_sw_28667898.wav
kwa jumla zilitembelewa na mabaharia kutoka nchi za mbali 	female_feminine	5.2635	common_voice_sw_30195869.wav
pwani ya afrika ya masharikii ilitembelewa na mabaharia wengi 	female_feminine	7.0635	common_voice_sw_30322645.wav
anatakiwa kulala ndani ya vyandarua vyenye dawa 	male_masculine	4.0035	common_voice_sw_35132553.wav
kitulizo changu ni yesu 	female_feminine	2.9235	common_voice_sw_36106641.wav
alisaidia kumaliza farakano la magharibi 	female_feminine	3.9675	common_voice_sw_28951727.wav
cristiano ronaldo alifunga mabao matatu kwenye michuano 	female_feminine	4.7235	common_voice_sw_30653897.wav
wageni wengi huishia kutazama kutokana na kuogopa 	female_feminine	4.8675	common_voice_sw_35409462.wav
lakini hasa wa jamii ya wakushi wa afrika mashariki 	female_feminine	5.0835	common_voice_sw_30638442.wav
na mikoa mingine hadi rwanda na burundi watu hawa ilikuwa ngumu sana wao kukimbia 	female_feminine	6.3435	common_voice_sw_29860918.wav
hata hivyo wapare wa mwanga wamegawanyika katika jamii mbili wasangi na wagweno 	female_feminine	6.8475	common_voice_sw_29944522.wav
hifadhi hii ipo ndani ya bonde la ufa 	female_feminine	3.8235	common_voice_sw_29922493.wav
mwimbaji huyu alirekodi zaidi ya nyimbo mia tatu 	female_feminine	4.6155	common_voice_sw_30035419.wav
hakuna timu bora kama barcelona ya miaka kumi iliyopita 	female_feminine	4.8675	common_voice_sw_30539562.wav
mifano ya rasi kubwa ni nchi za italia na korea au bara hindi 	female_feminine	5.4075	common_voice_sw_29516966.wav
malenga amekuwa na kazi nyingi sana 	female_feminine	4.9755	common_voice_sw_35586802.wav
mito mingine midogomidogo kama vile nyajijima na mresi pia kazingu 	female_feminine	8.4675	common_voice_sw_30640487.wav
kutokea daressalaam mpaka mkoani mbeya nyanda za juu kusini 	female_feminine	5.3355	common_voice_sw_30035911.wav
mkewe ni mwenye bidii sana 	female_feminine	4.5435	common_voice_sw_34597699.wav
ambapo alionesha umahiri mkubwa katika uongozi 	female_feminine	4.91965625	common_voice_sw_31808867.wav
wananchi wa tanzania wanazalisha vyakula vingi sana 	female_feminine	4.91965625	common_voice_sw_30005105.wav
alipoamua kuwasaidia waitalia na kupeleka wanajeshi wa ujerumani 	female_feminine	8.5035	common_voice_sw_29789005.wav
ni mara ya kwanza kwa mwanamieleka huyo kuchukua nafasi ya kwanza 	female_feminine	9.2955	common_voice_sw_30371611.wav
wa ambalo linasalia na kusubiriwa kwa hamu 	female_feminine	5.1555	common_voice_sw_36644639.wav
uwanja wa mkapa unavizidi viwanja vya timu nyingi kubwa ulaya 	female_feminine	6.3075	common_voice_sw_30355230.wav
bila hiana nikajikuta na nyanyuka na kuelekea chumbani kwangu hakika nilikuwa na mawazo sana 	female_feminine	8.5755	common_voice_sw_30352567.wav
mwaka elfu moja mia tisa hamsini na nane 	female_feminine	3.8235	common_voice_sw_34747533.wav
baadhi ya watu walimwona kama katili 	female_feminine	3.1755	common_voice_sw_30640441.wav
vililinganishwa na vile vya mataifa tajiri duniani 	female_feminine	5.4075	common_voice_sw_36106461.wav
hakuna lugha nyingine duniani inayozungumzwa hadi leo yenye historia ndefu kuliko hii isipokuwa kichina 	male_masculine	7.6755	common_voice_sw_28670215.wav
vitu hivyo vilisafirishwa kwa kutumia majahazi yao 	female_feminine	4.7235	common_voice_sw_29792331.wav
hali ya hewa haina joto kali 	female_feminine	4.2555	common_voice_sw_29177371.wav
wairaqw wa leo ni wajukuu wa wahamiaji hao 	female_feminine	6.1635	common_voice_sw_29798684.wav
ni mnara wa jiwe uliopakwa rangi nyeupe 	female_feminine	4.0035	common_voice_sw_29368789.wav
alimaliza elimu ya msingi na sekondari katika jimbo la delta 	female_feminine	4.3635	common_voice_sw_29659990.wav
waliowahi kuua simba ndio walianza kutumika kama walinzi wa simba 	female_feminine	5.3355	common_voice_sw_30036828.wav
baadhi ya mbuni wana rangi tofauti 	female_feminine	4.9035	common_voice_sw_30566728.wav
tanzania chini ya rais wa awamu ya pili ali hassan mwinyi 	female_feminine	4.7235	common_voice_sw_29798600.wav
kuvuka kwenda upande mwingine wa barabara kugonga kuni mara tatu 	female_feminine	4.6155	common_voice_sw_36732160.wav
baada ya kuhitimu elimu ya msingi 	male_masculine	3.1035	common_voice_sw_30118088.wav
baadae ilikua ikawa linguafranca ya kibiashara 	male_masculine	5.8035	common_voice_sw_30183257.wav
kisiwa ambacho ni sehemu ya mkoa wa mwanza kikiwa ndani ya ziwa victoria 	female_feminine	6.5235	common_voice_sw_30088880.wav
mheshimiwa daktari john joseph pombe magufuli alifanikiwa kuteuliwa kuipeperusha bendera ya chama 	female_feminine	9.34765625	common_voice_sw_30105912.wav
simba wapenzi wa jinsia moja wapigwa picha kenya 	female_feminine	4.5435	common_voice_sw_36254904.wav
ee wamejitokeza kupiga kura 	female_feminine	3.3555	common_voice_sw_35108276.wav
inataka kurejesha amani katika taifa lao 	female_feminine	3.9675	common_voice_sw_34812196.wav
tofauti na hali ya zamani iliyokuwa ikitoa nafasi ya kutumika kwa vitu asilia 	female_feminine	6.5955	common_voice_sw_30378274.wav
mchezo wa ufunguzi ulimalizika kwa sare ya bao moja kwa moja 	female_feminine	4.8675	common_voice_sw_29797397.wav
mji huu mdogo upo karibu na lango la hifadhi 	female_feminine	3.7875	common_voice_sw_29797678.wav
serengeti ina joto la wastani wa digrii kumi na tano 	female_feminine	4.7955	common_voice_sw_34924407.wav
kaburi lilipambwa kwa kusimamisha ubao mguuni na sanamu ya ubao wenye kofia 	male_masculine	7.7835	common_voice_sw_29795500.wav
wachaga wana historia ndefu ya asili yao na ya maingiliano yao na makabila mengine 	female_feminine	7.4235	common_voice_sw_30327408.wav
usiguse sehemu hii 	female_feminine	3.7875	common_voice_sw_31996893.wav
mabaki ya matunda yaliyoliwa na kinyesi kibichi ni miongoni mwa alama 	female_feminine	5.8755	common_voice_sw_30025940.wav
numba ya mame iwasie moto 	male_masculine	2.6355	common_voice_sw_32101682.wav
njia nyeupe inapita eneo lake 	female_feminine	3.8955	common_voice_sw_28666522.wav
zai la mihogo hupatikana maeneo ya gonja 	female_feminine	4.7955	common_voice_sw_30630532.wav
mwaka elfu mbili alimwachia raisi aliefuatia ambaye ni jakaya kikwete 	female_feminine	7.4235	common_voice_sw_29924608.wav
hii mahakama ishughulikie kesi hii kwamba maanake hili ni jambo lilikubaliwa 	male_masculine	7.2075	common_voice_sw_37086664.wav
alipanda mpakangazi ya kuwa afisa wa mipango serikalini 	female_feminine	5.3355	common_voice_sw_36642911.wav
mfumo ulitegemea zaidi mchezo wa pasi fupi fupi na uwezo binafsi wa wachezaji 	female_feminine	5.8755	common_voice_sw_29798606.wav
na kulelewa musoma mji uliopo kwenye ufukwe wa ziwa victoria alihamia dar es salaam 	female_feminine	6.1635	common_voice_sw_34958877.wav
malatwe aliwasili shuleni akiwa kachelewa na kuwakuta wanafunzi wenzake wakiwa darasani 	female_feminine	7.0635	common_voice_sw_30056265.wav
pua ni ndefu na masikio ni makubwa na ya mviringo 	male_masculine	4.1835	common_voice_sw_28959085.wav
linaziunganisha nchi nne za afrika ya mashariki na kati 	male_masculine	4.9755	common_voice_sw_29938345.wav
akicharaza ngoma kwa ustadi wakati akiwa katika jukwaa alikuwa akipenda kubadili miondoko kwa hiyo 	female_feminine	6.7755	common_voice_sw_35103444.wav
mamlaka ya hifadhi ngorongoro si eneo ambalo ni hifadhi ya taifa 	female_feminine	8.6835	common_voice_sw_30566710.wav
tungepiga mbizi ndani ya bahari 	female_feminine	3.2475	common_voice_sw_34906981.wav
tofauti na wanyaturu hawakuwa utawala wa kichifu 	female_feminine	6.0555	common_voice_sw_29793057.wav
matangazo yanawasilisha ujumbe uliyo dhahiri kwa wasikilizaji 	female_feminine	5.0835	common_voice_sw_37221646.wav
hapo ndipo tunapoweza kujua ni namna gani taifa kama ghana limetuacha mbali 	female_feminine	6.8475	common_voice_sw_30667191.wav
kwa hiyo lugha hiyo imekaribia kutoweka kabisa 	male_masculine	4.3275	common_voice_sw_28735760.wav
watummwa walipandishwa majahazi na kupelekwa zanzibar 	female_feminine	4.4355	common_voice_sw_36615410.wav
chimbuko la maadhimisho hayo ni azimio lililopitishwa 	male_masculine	5.6235	common_voice_sw_29905133.wav
milioni moja laki nne elfu ishirini na tano mia moja thelathini na moja 	female_feminine	6.1635	common_voice_sw_35104309.wav
chadema ni chama kilicho imara sana nchini tanzania 	female_feminine	3.9675	common_voice_sw_30056689.wav
pia gambia ipo na msumbiji bila kuisahau chadi na namibia 	female_feminine	6.1635	common_voice_sw_30352400.wav
uggala inavivutio vingi vikiwemo mto ugalla 	female_feminine	5.2275	common_voice_sw_30574260.wav
wakurya huamini ngombe wote ni wao hivyo ni kama waliporwa 	female_feminine	5.5155	common_voice_sw_29792274.wav
lakini kwenye simu hizi ni lazima kutumia pia namba ya mtandao muda wote 	female_feminine	7.3155	common_voice_sw_29504941.wav
wakati wa karume hapakuwa na utawala wa sheria wala katiba 	female_feminine	6.8835	common_voice_sw_30623894.wav
inaweza hata kuchukua miaka kumi na tano nchi haijapata matokeo 	female_feminine	7.0275	common_voice_sw_30562931.wav
mwisho ni wilaya za muheza na tanga pia ipo mkinga na pangani 	female_feminine	6.2355	common_voice_sw_30024253.wav
ipo umbali wa kilomita mbili kusini magharibi kutoka katikati ya jiji la mwanza 	female_feminine	7.0275	common_voice_sw_30080656.wav
katika taifa la tanzania ambalo ni mojawapo ya makabila makuu 	female_feminine	4.0035	common_voice_sw_31284691.wav
wataalamu walisema baada ya kuchunguza kwa undani zaidi 	female_feminine	3.7875	common_voice_sw_30653985.wav
hii ni mara ya pili kwao kutupa shilingi milioni mia moja za ubingwa 	female_feminine	7.18765625	common_voice_sw_30568769.wav
kwa hiyo hii ni sekta inayochangia mapato makubwa kwa serikali na jamii nzima 	female_feminine	7.0635	common_voice_sw_30233608.wav
baadhi yake ni mlima kilimanjaro na mlima kenya 	female_feminine	5.9835	common_voice_sw_29797773.wav
alijitangaza vya kutosha akiwa mwaka wa kwanza chuoni 	female_feminine	4.9035	common_voice_sw_34979725.wav
hisia na tabia huku wakitambua kwamba mabadiliko yoyote katika 	female_feminine	5.6955	common_voice_sw_34811055.wav
kuingiza mafunzo ya ukuaji na maisha katika shule za awali na sekondari 	male_masculine	7.76365625	common_voice_sw_30633175.wav
ari yangu kuu wakati nilitwaa uongozi ilikuwa ni kwa sekta ya elimu 	female_feminine	5.4075	common_voice_sw_29939348.wav
risasi ya kifo ikampata karume shingoni akafa 	female_feminine	5.3355	common_voice_sw_30352534.wav
ambayo itaingiza ajira zaidi ya ishirini na nne na mia sita kwa vijana 	female_feminine	7.9635	common_voice_sw_30233611.wav
na sayansi ya siasa katika chuo kikuu cha makerere kampala uganda akiwa mwanafunzi makerere 	female_feminine	6.7755	common_voice_sw_35156928.wav
ibada za kifungu zaidi zinahitajika kabla ya kufikia hadhi ya mpiganaji mwandamizi 	female_feminine	7.4955	common_voice_sw_34812790.wav
kobe mkubwa kabisa duniani ana uzito wa hadi kilogramu mia saba 	female_feminine	6.2355	common_voice_sw_29790414.wav
hutoa makazi madogo kwa nyanda zisizo na wanyamapori 	female_feminine	5.3355	common_voice_sw_29925296.wav
huruma na mapenzi yao yanawafanya wawe karibu na mungu wao 	female_feminine	5.5875	common_voice_sw_37223451.wav
uenda ikaambulia patupu victor ambuso ana taarifa zaidi 	female_feminine	6.7755	common_voice_sw_35099108.wav
hawa mtandao wao wa kihalifu na si mtandao wa wasukuma 	female_feminine	4.1835	common_voice_sw_30057038.wav
licha ya watu zaidi ya mia nne kuthibitisha kupoteza maisha nchini brazil 	female_feminine	6.6675	common_voice_sw_34941445.wav
hawa wakienda tabora wanaambiwa ni wasukuma 	female_feminine	4.4355	common_voice_sw_30313785.wav
tanzania pekee imependelewa na mungu kuchimba madini ya tanzanite 	female_feminine	5.4435	common_voice_sw_29797603.wav
ambao wamehifadhiwa katika mbuga ya wanyama 	female_feminine	4.2555	common_voice_sw_30036903.wav
mwaka huohuo halmashauri mpya ilitangaza katiba mpya na kuondoa urais wa maisha 	female_feminine	7.2435	common_voice_sw_28666615.wav
sir alex ameifanyia mambo makubwa sana manchester united 	female_feminine	5.5875	common_voice_sw_30028679.wav
uao wake ukaonesha uzito uliotisha macho ya jacob matata 	female_feminine	8.8635	common_voice_sw_34597414.wav
ufafanuzi huo unaongeza maelezo yote muhimu ya simulizi kuipamba sauti na hisia 	female_feminine	6.2355	common_voice_sw_29939352.wav
ni muda ambao sitaweza kuusahau maishani mwangu 	female_feminine	3.7155	common_voice_sw_37098052.wav
mgeni yeyote akifika eneo la ziwa tanganyika lazima atastahajabu aina ya kitoweo hicho 	female_feminine	7.94365625	common_voice_sw_30105645.wav
ni metali laini yenye rangi ya kifedha kijivu chumvi zake ni njano kijani 	male_masculine	6.3435	common_voice_sw_28682474.wav
alijiunga na chuo cha chuo cha jeshi la tanzania monduli 	female_feminine	4.6155	common_voice_sw_30653695.wav
hali hiyo inaweza kutokea kiasili katika mazingira maalumu au kwa kutumia mbinu fulani 	female_feminine	7.0275	common_voice_sw_29356397.wav
naam ni msemaji wa tume ya umoja ulaya hellen kent 	female_feminine	4.1835	common_voice_sw_34993076.wav
chama cha afroshirazi party kilichowakilisha waafrika 	female_feminine	4.4355	common_voice_sw_29797575.wav
kilitabiri kutokea kwa ajali ya meli ya titanic 	female_feminine	3.8955	common_voice_sw_34958927.wav
umekaribia wengi wanaoshangaa hali hii yote inaelekea wapi 	female_feminine	5.5875	common_voice_sw_35154772.wav
ilidhaniwa kuwa maziwa george na edward yalikuwa ziwa moja 	female_feminine	6.7755	common_voice_sw_29947144.wav
ndio wafanye maamuzi utanashati na usafi ni sifa nyingine muhimu kwa kabila hili 	male_masculine	6.1635	common_voice_sw_30025434.wav
dak prescot bonasi ya uro sitini na sita milioni aliyowasili nayo 	female_feminine	8.9355	common_voice_sw_31266474.wav
nilikuwa siamini kwenye suala la kutoka kwenye janga la uteja 	female_feminine	6.7755	common_voice_sw_34597698.wav
kiswahili kitukuzwe 	male_masculine	3.5355	common_voice_sw_31305870.wav
na ameweza kufanya miaka miwili na miezi sita 	female_feminine	4.1475	common_voice_sw_35525897.wav
alipewa daraja takatifu la upadre katika kanisa kuu la mtakatifu josefu 	female_feminine	6.2355	common_voice_sw_29798058.wav
kazi yake ni kulinda mfupa laini zaidi ya ndani 	female_feminine	4.1475	common_voice_sw_29753819.wav
pep alishinda makombe mengi alivyokuwa kocha wa barcelona 	female_feminine	4.7235	common_voice_sw_30202872.wav
rais hussein mwinyi aliingia katika kinyanganyiro cha kugombea kiti cha urais wa zanzibar 	female_feminine	7.0275	common_voice_sw_35437612.wav
mwaka elfu moja mia nane themanini na nane 	female_feminine	4.6875	common_voice_sw_30446782.wav
ilikuwa likiishi katika eneo la serengeti na ngorongoro kwa miaka mingi pamoja na wanyamapori 	female_feminine	6.5955	common_voice_sw_29791040.wav
wetumba ni wagogo walioathiriwa kigogo chao na kikaguru 	female_feminine	7.7475	common_voice_sw_31584110.wav
ziwa edward liko ndani ya mbuga ya wanyama ya virunga 	male_masculine	5.2275	common_voice_sw_30201646.wav
kufuatana na uainishaji wa lugha kwa ndani zaidi kingbandi kaskazini iko katika kundi la kiadamawa ubangi 	female_feminine	7.9635	common_voice_sw_28836125.wav
kwanza kuna joto halafu ukame 	female_feminine	3.2475	common_voice_sw_29564841.wav
wengi hufanya taarabu kwa mfumo wa bendi kwa kuwa inahitaji ushirikiano kwenye uimbaji 	female_feminine	8.3235	common_voice_sw_35409579.wav
wamesema dhamira yao ni kufungua ukurasa mpya wakisiasa 	female_feminine	4.3635	common_voice_sw_36644722.wav
walidai kuwa wana habari kuwa aga khan 	female_feminine	3.9675	common_voice_sw_29792636.wav
waliweza kukamatwa kama wazanzibari wengine na kutiwa kizuizini bila kufunguliwa mashitaka 	female_feminine	8.5035	common_voice_sw_30176307.wav
nchi ya tanzania ilizisaidia nchi nyingi sana duniani 	female_feminine	6.7035	common_voice_sw_30351433.wav
takriban spishi zote hupatikana ardhini 	female_feminine	4.6875	common_voice_sw_28689001.wav
wakijaribu kujiokoa meli haikuwa na boti za kuokolea za kutosha 	female_feminine	4.7955	common_voice_sw_30653913.wav
wana wa israel walipomkataa kristo na kumsulubisha walitia muhuri wa uasi wao dhidi 	female_feminine	7.4955	common_voice_sw_35221855.wav
mjukuu wake aitwaye mandla akaibua ya kuibua 	female_feminine	4.6875	common_voice_sw_30261756.wav
malezi ya mwisho ya taifa la uturuki kawaida 	female_feminine	3.9675	common_voice_sw_35183298.wav
ya maneno au muundo wasentensi za kiswahili 	female_feminine	4.0035	common_voice_sw_36641966.wav
tu baada ya kuanza kutumia dawa za kulevya vijana wengi huendelea 	female_feminine	5.9475	common_voice_sw_35183704.wav
wa elfu mbili na tano mjini johannesburg afrika kusini 	female_feminine	4.6155	common_voice_sw_34757495.wav
kilimo ambacho ni uti wa mgongo huku wanawake wakiwa wanachangia pakubwa 	female_feminine	6.2355	common_voice_sw_30023301.wav
makali zaidi mwaka elfu moja mia tisa hamsini na moja ilipata kura nyingi katika 	female_feminine	5.8035	common_voice_sw_35105556.wav
kupungua kwa kilimo kulisababishwa na sera za kilimo zisizofaa 	female_feminine	6.1635	common_voice_sw_29791668.wav
ambapo baadhi ya sifa za muziki ni uzito wa sauti na wizani au mahadhi 	female_feminine	6.3075	common_voice_sw_35109555.wav
wangoni ni maarufu sana katika kuimba misibani 	female_feminine	5.0475	common_voice_sw_29791705.wav
wanataka uchukuliwe ushaidi wa vina saba 	female_feminine	4.1835	common_voice_sw_37216191.wav
wanawake jamii ya warangi ni wazuri nywele zao ni asili ya waraabu weupe 	female_feminine	5.5875	common_voice_sw_29792343.wav
chama cha waandishi wa habari nchini humo kimelaani vikali kitendo hicho 	female_feminine	5.9835	common_voice_sw_35199058.wav
kwa vile mkwawa alikuwa ameelekezwa na baba yake ndotoni 	female_feminine	5.4075	common_voice_sw_30036053.wav
nyangumi ni jina la mamalia wa majini wa oda ya cetacea 	male_masculine	4.9755	common_voice_sw_30021269.wav
vyama vya upinzani nchini humo ambae sasa hivi yuko burundi 	female_feminine	4.7235	common_voice_sw_35279537.wav
hapa siyo pengine bali ni handebezyo sehemu ambayo imebeba hazina kubwa 	female_feminine	7.3155	common_voice_sw_30087776.wav
hivyo basi kwa waluguru baba hutoa jina na mama hutoa ukoo 	female_feminine	4.9755	common_voice_sw_30138136.wav
mliyoifanya kazi nzuri sana iliyowafanya kuwa washindi 	female_feminine	5.7675	common_voice_sw_29848353.wav
ndugu yangu alinunua simu jana 	female_feminine	2.5275	common_voice_sw_37089095.wav
ramadhan machaku wa ubalozini camp area six morogoro tanzania 	female_feminine	5.6955	common_voice_sw_34946674.wav
hadi sasa wachongaji vinyago wamepanda zaidi ya miti ya mpingo elfu tatu 	female_feminine	6.2355	common_voice_sw_29962045.wav
kila nchi duniani inakuwa na vivutio vyake vya utaliii 	female_feminine	5.0835	common_voice_sw_29788108.wav
waweza kutoka nje nizungumze na ali 	female_feminine	3.7155	common_voice_sw_35156054.wav
katika kipindi cha utawala wa waingereza kulikuwa na utawala wa kikabila 	female_feminine	5.0475	common_voice_sw_35284800.wav
anavyomaliza mwendo wa maisha inastaadhajabisha wengine wanakufa kwenye 	male_masculine	4.7955	common_voice_sw_30381973.wav
uoto wa asilia umebaki pekee katika mabonde 	female_feminine	4.1475	common_voice_sw_30654111.wav
irudi kule ilipokuwa miaka ishirini iliokwisha wakati tulikuwa 	male_masculine	4.3635	common_voice_sw_36384055.wav
makabila ya kifugaji kwenye vita yamekuwa juu kulinganisha na wakulima 	female_feminine	5.3355	common_voice_sw_31446993.wav
kila nchi ilyopo katika bara la afrika ina dhahabu katika ardhi yake 	female_feminine	4.6155	common_voice_sw_31787697.wav
ukimuona wakati anafanya mapenzi kwa nyuma unaweza kuhisi ana miguu mitatu 	female_feminine	9.5475	common_voice_sw_30327211.wav
maonyesho yatafanyika maeneo ya nyakabindi mkoani simiyu 	female_feminine	8.2875	common_voice_sw_30574156.wav
kati ya washona wenye idadi kubwa ya watu wengi na wandebele 	female_feminine	3.4635	common_voice_sw_29923538.wav
mlaji atawashwa midomo na ulimi kwa kula chakula hicho 	female_feminine	5.63965625	common_voice_sw_30004276.wav
mojawapo ya hifadhi hizo zilizowahi kutwaa tuzo za hifadhi bora ni 	female_feminine	7.9275	common_voice_sw_30659361.wav
kwa wengine wana hali ya juu kwa sababu ya thamani ya bidhaa zao 	male_masculine	6.0555	common_voice_sw_29575681.wav
waziri mkuu wa tanzania kassim majaliwa kassim amesema 	female_feminine	5.8755	common_voice_sw_30036212.wav
hamsini wakati wanawake wamasai wengi hukusanyika pamoja wao huimba na kucheza kati yao wenyewe 	female_feminine	8.5755	common_voice_sw_34746678.wav
keneth kaunda na wenzake kutokea taifa la zambia 	male_masculine	6.3075	common_voice_sw_29815740.wav
kazi ya kufundisha soka nchini uingereza ni ngumu 	female_feminine	3.7155	common_voice_sw_30075193.wav
mkoa wa morogoro ni maarufu sana kwa kilimo cha mahindi 	female_feminine	4.1835	common_voice_sw_30024773.wav
kifo mara nyingi kunasababishwa na maudhi au uchovu 	female_feminine	5.3355	common_voice_sw_31584350.wav
mzee anapenda chai ya mkanada 	female_feminine	3.0675	common_voice_sw_35110344.wav
katibu mkuu wa umoja wa mataifa antonio gutteres 	male_masculine	6.4155	common_voice_sw_34392857.wav
alishinda kwa tiketi ya chama cha mapinduzi 	female_feminine	4.5435	common_voice_sw_29925027.wav
lala ndani ya neti kuepuka ugonjwa ya malaria 	female_feminine	4.7235	common_voice_sw_35183464.wav
vilevile joketi ni miongoni mwa vijana maarufu sana nchini humo 	female_feminine	5.5155	common_voice_sw_29792394.wav
kiafrikaili kufanikisha azma hii wenyeji walilazimika kukusanya 	male_masculine	7.7835	common_voice_sw_34763145.wav
kwani mataifa haya yanasafirisha dhahabu na vitu vingine kwenda nje 	female_feminine	5.8755	common_voice_sw_30198740.wav
miamba mikubwa na minene imeliumba eneo la irente 	female_feminine	4.1475	common_voice_sw_31285755.wav
iko katika magharibi ya kati ya marekani bara 	male_masculine	4.1475	common_voice_sw_28681243.wav
kundi la raila likawa kubwa zaidi 	female_feminine	3.4275	common_voice_sw_29368612.wav
watafiti hawajawahi kutambua jinsia ya blob 	male_masculine	4.2555	common_voice_sw_30180791.wav
anafahamika zaidi kwa kuwa sauti kali yenye nguvu na mvuto 	female_feminine	8.3235	common_voice_sw_29654656.wav
ulaya kabla ya mwaka elfumoja mianane themanini 	female_feminine	3.8955	common_voice_sw_35183786.wav
kutengeneza sarafu kwa ajili ya matumizi nchini 	female_feminine	4.3275	common_voice_sw_30023552.wav
mchunga ngâombe anaanza safari yake ya masomo ya sekondari 	female_feminine	4.0755	common_voice_sw_31285835.wav
washawishi mashahidi kusema kile ambacho 	male_masculine	3.5355	common_voice_sw_36067422.wav
inasemekana alikuwa shemasi 	female_feminine	4.0755	common_voice_sw_29176805.wav
kila kinachowapendeza ndani ya macho yao ndicho wanachofanya 	female_feminine	7.2435	common_voice_sw_29793689.wav
tangu forodhani kufungwe hakuna tena uvuvi wa haja mombasa 	female_feminine	5.6235	common_voice_sw_31997422.wav
vipande vya vyungu vilipatikana eneo la mgala isitu 	female_feminine	4.6155	common_voice_sw_30054828.wav
dhidi ya marekani na kila rafiki wa marekani 	female_feminine	5.0475	common_voice_sw_30175984.wav
watu wenye uhitaji ndio wanaofanya mambo ya kushangaza katika jamii 	female_feminine	4.3275	common_voice_sw_29923675.wav
pamoja na tuzo ya albamu bora kwa mwaka elfu mbili na nne mwimbaji bora 	female_feminine	5.8755	common_voice_sw_35214287.wav
baada ya kuvuna unaweza kuuhifadhi uyoga kwa njia mbalimbali 	female_feminine	5.2635	common_voice_sw_30190806.wav
yakamfukuza tsar aliyejiuzulu vita vikaendelea na wajerumani walizidi kusogea 	female_feminine	6.9555	common_voice_sw_34745630.wav
benki hiyo ilipewa kibali na serikali ya ujerumani kuchapisha noti 	female_feminine	4.7955	common_voice_sw_30193312.wav
mvua nzito ilichangia ukuaji wa majani 	female_feminine	4.1475	common_voice_sw_29791959.wav
shabaha ya safari hizi ni upelelezi na utafiti wa kisayansi 	female_feminine	5.2275	common_voice_sw_29747840.wav
kukua kwa zanzibar kulisababisha kupungua kwa mji wa maskat 	female_feminine	5.3355	common_voice_sw_30035179.wav
chakula na divai ina tabia za pekee 	female_feminine	4.6875	common_voice_sw_28748499.wav
binadamu wa kwanza kuishi huko huaminiwa kuwa wawindaji 	female_feminine	4.5435	common_voice_sw_29791137.wav
anatazamwa na watu wengi kama gaidi aliyesababisha vifo 	female_feminine	5.0475	common_voice_sw_30235334.wav
pia taya la mamba lina uwezo wa hali ya juu wa hisi 	female_feminine	7.0635	common_voice_sw_29421261.wav
kamati inapitia usahihi wa sera ya uwekezaji ya benki kuu 	female_feminine	6.0555	common_voice_sw_34828594.wav
sababu ya msingi iliyopelekea kuanzishwa kwa mamlaka ya hifadhi ya ngorongoro 	female_feminine	6.1635	common_voice_sw_30377021.wav
chakula kikiwa kingi na kukuta mazingira mazuri wanakaa muda mrefu 	female_feminine	5.6955	common_voice_sw_29947870.wav
bahati mbaya kwa santeu kile kimefanyika hakikuwezekana kufutwa 	female_feminine	6.0555	common_voice_sw_30366685.wav
kufuatana na afisa wa mtandao huo misukosuko inaendelea kuwakumba watetezi wa haki za binadamu 	female_feminine	8.2875	common_voice_sw_35155083.wav
wengine wakiwa na shauku ya kujua kuwa kabila la wapare linapatikana wapi 	female_feminine	7.7475	common_voice_sw_30230771.wav
tena madarakani kwa wingi kama mara iliopita 	female_feminine	4.4355	common_voice_sw_35104383.wav
jamhuri ya kiarabu waingereza waliacha nchi mikononi mwa mfalme 	female_feminine	5.3355	common_voice_sw_35123718.wav
kwa kuwa tu viungo vya mwili wake 	female_feminine	3.4635	common_voice_sw_29699104.wav
maeneo ya shinyanga wanalima mazao ya nafaka kama mahindi na mpunga 	female_feminine	5.2635	common_voice_sw_29961431.wav
mo alizaliwa tarehe nane mei mwaka elfu moja mia tisa sabini na tano 	male_masculine	7.2075	common_voice_sw_30200962.wav
yanipasa nikutumikie wewe peke 	female_feminine	5.0835	common_voice_sw_34828995.wav
mnamo tarehe kumi na nne mwezi wa kumi na mbili barcelona ilimsajili messi 	male_masculine	5.8755	common_voice_sw_30182949.wav
kama tulivyoona jumbe alivyofanya hapo juu 	female_feminine	3.7875	common_voice_sw_30072549.wav
kuwa na usiri mkubwa na hakuna taarifa za kueleweka ni nini hasa chanzo chake 	female_feminine	5.6235	common_voice_sw_34747207.wav
kipindi kilichojulikana kama watu wanaongea kipindi hicho kilipanda chati sana 	female_feminine	5.4075	common_voice_sw_29923501.wav
za kisheria mtu asiye mwislamu hakuruhusiwa kushiriki katika 	female_feminine	6.3435	common_voice_sw_34749726.wav
sehemu hizi pia huitwa rasi 	female_feminine	2.9955	common_voice_sw_29615602.wav
si hivyo tu wazanzibari watano walipewa uwaziri kamili 	female_feminine	4.3635	common_voice_sw_34943706.wav
meno yake ya chini ya mbele hungolewa 	female_feminine	4.0035	common_voice_sw_30022226.wav
magufuli alipata asilimia themanini na nne ya kura dhidi ya mpinzani wake mkuu 	female_feminine	8.5755	common_voice_sw_30327500.wav
shughuli hizi hufanyika katika misitu ya asili na ya watu 	female_feminine	4.9035	common_voice_sw_30330049.wav
alikuwa makamu mkuu alizidi kuliendesha jeshi kwani aliamini yeye ndio mkuu wa majeshi hayo 	female_feminine	6.2355	common_voice_sw_29939930.wav
mimi ni mkuu wake kwa kila kitu 	female_feminine	3.4635	common_voice_sw_34811069.wav
eksirei ya matiti 	male_masculine	2.7435	common_voice_sw_28819834.wav
uwepo wa bahari hii ya atlantiki inatengeneza fursa kubwa za kiuchumi kwa mataifa 	male_masculine	7.5315	common_voice_sw_30209683.wav
kumbukumbu ikamjia akawa kama anaiangalia ile bahasha huku mze makame akiwa pembeni 	female_feminine	7.2075	common_voice_sw_35214363.wav
chai ya babu imemwagika 	female_feminine	3.1755	common_voice_sw_37088182.wav
mwaka wa elfu moja mia nane themanini na sita 	female_feminine	4.66765625	common_voice_sw_31749232.wav
bodi ya wakurugenzi inayo mamlaka ya kuunda kamati nyingine 	female_feminine	6.3435	common_voice_sw_30709753.wav
ameanika mipango ya serikali ya nchi hiyo kuongeza kasi 	female_feminine	4.8675	common_voice_sw_37226090.wav
alipata digrii ya mawasiliano kutoka chuo kikuu cha florida university of south florida 	female_feminine	6.7035	common_voice_sw_28927238.wav
inayokamilisha jumla ya halmashauri tisa za mkoa wa morogoro 	male_masculine	4.6875	common_voice_sw_30021698.wav
uyoga una madini yote muhimu kwa ajili ya afya ya mwanadamu 	female_feminine	5.8395	common_voice_sw_30275017.wav
lakini pia kwa makazi ya viumbe hai waishio majini 	female_feminine	3.8235	common_voice_sw_31285664.wav
mlima kilimanjaro wakiwemo mbega na nyani 	male_masculine	3.1755	common_voice_sw_29941787.wav
elfu moja mia tisa sabini na sita wazazi wake walimpa jina la joseph mayanja 	female_feminine	6.7755	common_voice_sw_35105404.wav
zambia imepata uhuru na kaunda akiwa kiongozi uhuru huo 	male_masculine	5.7675	common_voice_sw_30006990.wav
jimbo uko la atlantiki na upande wa mashariki ya nchi 	female_feminine	6.5955	common_voice_sw_29655504.wav
safari yangu katika siasa imekuwa njia ndefu na yenye tija 	male_masculine	5.0835	common_voice_sw_30183457.wav
dhana tatu kuu ni kwamba ukimwi unaweza kusambazwa kwa kumgusa mtu 	female_feminine	4.7235	common_voice_sw_30363149.wav
kaa tayari kula 	female_feminine	2.1675	common_voice_sw_28961613.wav
watu walio karibu au wanaoishi na wagonjwa wa tauni ya mapafu wanapaswa kuchunguzwa 	female_feminine	5.8035	common_voice_sw_30073355.wav
hivi karibuni serikali ya tanzania ilizindua mpango mkakati wa tahadhari dhidi ya mafua makali 	female_feminine	7.1355	common_voice_sw_35105466.wav
tunafaa kuchunga maeneo yetu 	female_feminine	3.5355	common_voice_sw_34833305.wav
nyimbo hizo zote zinapatikana katika albamu ya ndani ya bongo ya sugu 	female_feminine	6.4155	common_voice_sw_28672764.wav
hakuna mtu anayeamini kuondoka kwa messi barcelona 	female_feminine	4.5075	common_voice_sw_30718053.wav
vipande hivyo ni mabamba ya ganda la dunia au kwa kifupi mabamba gandunia 	female_feminine	8.3955	common_voice_sw_29611088.wav
wakoloni waingereza waliona ni busara zaidi ya kusimamia kubwa makundi ya kikabila tofauti 	female_feminine	8.7555	common_voice_sw_28748482.wav
kabila la waha limetokana na mtawanyiko wa makabila ya warundi na wahaya 	male_masculine	5.2635	common_voice_sw_29941919.wav
ndiyo gura ya wanyama kwenye ardhi iliyo kubwa na ndefu zaidi duniani 	female_feminine	4.9035	common_voice_sw_29789308.wav
nashukuru na mimi ningependa nianze kwa kukusalimia kama ulivyoanza wewe kunisalimia nurdi 	female_feminine	9.1155	common_voice_sw_34756957.wav
njombe ina wakazi wanaofikia kuwa laki saba na mbili na tisini na saba 	female_feminine	6.5955	common_voice_sw_35104881.wav
hii hali peke yake we unaionaje 	female_feminine	3.1035	common_voice_sw_36364092.wav
maeneo haya ambako kilimo kilianza ni china amerika ya kaskazini na mashariki ya kati 	female_feminine	6.2355	common_voice_sw_28927318.wav
kimbunga hicho kilikuja wiki chache baada ya kenneth kufariki 	female_feminine	4.1835	common_voice_sw_31285610.wav
rifa ifuatayo inaelezea shughuli ya kuapishwa kwa rais huyo 	female_feminine	6.1275	common_voice_sw_34763121.wav
mashariki ya ruwenzori haikuwa inajulikana mpaka ilivyoripotiwa 	female_feminine	8.3955	common_voice_sw_30709975.wav
mamalia kwa kawaida hupatikana katika kanda hii 	female_feminine	4.3275	common_voice_sw_30360103.wav
jamii iliyo huru ambayo watu wote wataishi pamoja 	female_feminine	4.7235	common_voice_sw_29818157.wav
mpewa sumu hakufa ufie mwenye kupika 	female_feminine	3.7875	common_voice_sw_32097720.wav
kombe la dunia lilifanyika nchini brazil 	male_masculine	3.1035	common_voice_sw_30047783.wav
