audio	sentence	gender_domain
/scratch/skscla001/experiments/datasets/swagen/audio/common_voice_sw_30003771.wav	walijiona wamedanganywa kwa kutotimiziwa ahadi walizopewa ili wasaliti ujerumani na hungaria 	0
/scratch/skscla001/experiments/datasets/swagen/audio/common_voice_sw_37224266.wav	tumeshikana na baba yake 	1
/scratch/skscla001/experiments/datasets/swagen/audio/common_voice_sw_30038228.wav	kifua kikuu cha mapafu hutokea zaidi kwa wagonjwa wenye upungufu wa kinga mwilini 	0
/scratch/skscla001/experiments/datasets/swagen/audio/common_voice_sw_30054661.wav	mungu huyu mwenye nguvu na anayeyajua yote 	0
/scratch/skscla001/experiments/datasets/swagen/audio/common_voice_sw_36255278.wav	ambayo ilikuwa bilioni kumi na nne nukta mbili hata ukaongeza bajeti ya rwanda 	0
/scratch/skscla001/experiments/datasets/swagen/audio/common_voice_sw_29522129.wav	baadaye ilikuwa makao makuu ya utawala wa mesopotamia katika dola la uturuki 	1
/scratch/skscla001/experiments/datasets/swagen/audio/common_voice_sw_37098031.wav	pamoja ikionyesha mtu akiwaka moto 	1
/scratch/skscla001/experiments/datasets/swagen/audio/common_voice_sw_29796975.wav	kwani kupitia bahari ya hindi afrika inafikika kiurahisi kwa kila upande 	0
/scratch/skscla001/experiments/datasets/swagen/audio/common_voice_sw_35214344.wav	inakisiwa kuwa zaidi ya raia wa sudan elfu kumi amekitaka makao 	0
/scratch/skscla001/experiments/datasets/swagen/audio/common_voice_sw_30419920.wav	ilikuwa ni kukumbatia sera za kiuchumi za shirika la fedha la kimataifa 	1
/scratch/skscla001/experiments/datasets/swagen/audio/common_voice_sw_36389766.wav	ya elfu moja mia tisa sabini na tatu jina la hip hop likazaliwa hii 	1
/scratch/skscla001/experiments/datasets/swagen/audio/common_voice_sw_30073350.wav	magufuli ndio alikuwa chaguo langu la kwanza halafu nikaongeza na wengine 	0
/scratch/skscla001/experiments/datasets/swagen/audio/common_voice_sw_30074699.wav	ipo bahari ya hindi ambayo ni njia kuu ya usafirishaji wa mizigo 	0
/scratch/skscla001/experiments/datasets/swagen/audio/common_voice_sw_35221881.wav	kama mwenyewe ambavyo anavyojiita niliendelea kutaka kujua mengi kutoka kwake 	0
/scratch/skscla001/experiments/datasets/swagen/audio/common_voice_sw_30362919.wav	hifadhi ina makundi makubwa ya tembo wakila majani ziwani 	0
/scratch/skscla001/experiments/datasets/swagen/audio/common_voice_sw_35157514.wav	hilo linafanana na upendo ambao katika ukristo ndio adili kuu kuliko 	0
/scratch/skscla001/experiments/datasets/swagen/audio/common_voice_sw_34812452.wav	kadri ujumbe wake ulivyokuwa unazidi kusambaa 	0
/scratch/skscla001/experiments/datasets/swagen/audio/common_voice_sw_29788491.wav	wakati wa kudai uhuru tanzania ilikuwa mstari wa mbele 	0
/scratch/skscla001/experiments/datasets/swagen/audio/common_voice_sw_35109590.wav	pia kama barabara ya usimamizi wa mali na michakato 	0
/scratch/skscla001/experiments/datasets/swagen/audio/common_voice_sw_30653870.wav	sasa kule kaingia kufanya nini na zile pumba jamani 	0
/scratch/skscla001/experiments/datasets/swagen/audio/common_voice_sw_34597670.wav	mahindi ni asilimia kumi na mbili hadi asilimia thelathini na tisa 	0
/scratch/skscla001/experiments/datasets/swagen/audio/common_voice_sw_30024620.wav	mbio izo ufanyika katika wilaya mia moja hamsini na moja za kiutawala 	0
/scratch/skscla001/experiments/datasets/swagen/audio/common_voice_sw_35105842.wav	kwa wanyoro wengi waankole watoro na wanyambo 	0
/scratch/skscla001/experiments/datasets/swagen/audio/common_voice_sw_31406016.wav	mabadiliko haya kwenye barafuto za kilimanjaro zinalingana 	0
/scratch/skscla001/experiments/datasets/swagen/audio/common_voice_sw_29799147.wav	alifuatana na mwalimu nyerere aliyepitia zanzibar 	0
/scratch/skscla001/experiments/datasets/swagen/audio/common_voice_sw_35156956.wav	wawili walijaribu kutoroka lakini walishikwa na jeshi la polisi la uchunguzi 	0
/scratch/skscla001/experiments/datasets/swagen/audio/common_voice_sw_30003768.wav	hupiga gumzo na huweka akiba ya chakula 	0
/scratch/skscla001/experiments/datasets/swagen/audio/common_voice_sw_35104480.wav	mwaka wa elfu moja mia tisa hamsini na tano 	0
/scratch/skscla001/experiments/datasets/swagen/audio/common_voice_sw_29622770.wav	hasa alichunguza mfumo wa protini mbalimbali 	0
/scratch/skscla001/experiments/datasets/swagen/audio/common_voice_sw_31284930.wav	watu walihofia kuwa volkano inaweza kulipuka 	0
/scratch/skscla001/experiments/datasets/swagen/audio/common_voice_sw_30062283.wav	ethiopia na burkinafaso lakini siyo hizo tu zenye hifadhi za wanyama 	0
/scratch/skscla001/experiments/datasets/swagen/audio/common_voice_sw_35180569.wav	wala hapana mmoja wapo wao aliyepotea ila yule mwana wa upotevu ili andiko litimie 	0
/scratch/skscla001/experiments/datasets/swagen/audio/common_voice_sw_37226285.wav	niliomba utakatifu 	1
/scratch/skscla001/experiments/datasets/swagen/audio/common_voice_sw_37087884.wav	atazungumza pia na wakazi wa halmashauri hiyo pamoja na maeneo jirani 	0
/scratch/skscla001/experiments/datasets/swagen/audio/common_voice_sw_30025117.wav	kabla ya wangoni kuja songea na kujenga makazi yao 	0
/scratch/skscla001/experiments/datasets/swagen/audio/common_voice_sw_32244971.wav	anaimba nyimbo za kanisani 	1
/scratch/skscla001/experiments/datasets/swagen/audio/common_voice_sw_37088575.wav	maandishi ya lemkin yaliitwa utawala wa kiaksisi 	1
/scratch/skscla001/experiments/datasets/swagen/audio/common_voice_sw_30574822.wav	kalambo ndio maporomoko marefu zaidi nchini tanzania 	0
/scratch/skscla001/experiments/datasets/swagen/audio/common_voice_sw_34597081.wav	rais wa tanzania ana wizara tatu ambazo zinajulikana 	0
/scratch/skscla001/experiments/datasets/swagen/audio/common_voice_sw_37088794.wav	wakati anaikaribia gari yake aloegesha nje simu yake ya kiganjani iliita 	0
/scratch/skscla001/experiments/datasets/swagen/audio/common_voice_sw_35437815.wav	mtindo wa kikomunisti utawala wa kikomunisti uliendelea hadi mwishoni 	0
/scratch/skscla001/experiments/datasets/swagen/audio/common_voice_sw_34942513.wav	maafisa afya ndio waliopewa jukumu la kuizika miili hiyo 	0
/scratch/skscla001/experiments/datasets/swagen/audio/common_voice_sw_35183346.wav	huathiri bidhaa au usalama wake kwa ajili ya matumizi 	0
/scratch/skscla001/experiments/datasets/swagen/audio/common_voice_sw_36642513.wav	na yatupelekea kuwa na wasiwasi katika matokeo ya uchaguzi 	0
/scratch/skscla001/experiments/datasets/swagen/audio/common_voice_sw_36013920.wav	alikuwa anaishi nchini kameruni kwa wakati huo 	1
/scratch/skscla001/experiments/datasets/swagen/audio/common_voice_sw_36013332.wav	miaka ya mwisho qatar imejihusisha na siasa ya mashariki ya kati 	1
/scratch/skscla001/experiments/datasets/swagen/audio/common_voice_sw_35435849.wav	halafu alipaa mbinguni mbele ya macho yao 	0
/scratch/skscla001/experiments/datasets/swagen/audio/common_voice_sw_34745853.wav	watu waliyoambukizwa wanatakiwa kusaidiwa matumizi yao ya kila siku 	0
/scratch/skscla001/experiments/datasets/swagen/audio/common_voice_sw_35155473.wav	tapita humo kwa damu 	0
/scratch/skscla001/experiments/datasets/swagen/audio/common_voice_sw_29939759.wav	akakataa kufanya hivyo kama viongozi wa ghana walivyokuwa wanataka 	0
/scratch/skscla001/experiments/datasets/swagen/audio/common_voice_sw_30175982.wav	mila na desturi za kizigua kama zilivyo mila nyingine za kiafrika zina miiko yake 	0
/scratch/skscla001/experiments/datasets/swagen/audio/common_voice_sw_28583104.wav	panya wengi huishi kati ya wanadamu 	0
/scratch/skscla001/experiments/datasets/swagen/audio/common_voice_sw_29905653.wav	pia alikuwa mwana michezo mahiri kwa kudhamini shughuli za michezo 	1
/scratch/skscla001/experiments/datasets/swagen/audio/common_voice_sw_35284786.wav	wachambuzi wa kuheshimika walichambua mkataba wa mauaji ya kimbari 	0
/scratch/skscla001/experiments/datasets/swagen/audio/common_voice_sw_34598426.wav	amezungumza na wanahabari katika jiji la tripoli 	0
/scratch/skscla001/experiments/datasets/swagen/audio/common_voice_sw_36385237.wav	fasihi kujishughulisha na kukuza na kukitangaza kiswahili katika 	1
/scratch/skscla001/experiments/datasets/swagen/audio/common_voice_sw_28583654.wav	eneo la ziwa ni kavu sana na maji yake ni ya magadi 	0
/scratch/skscla001/experiments/datasets/swagen/audio/common_voice_sw_30034818.wav	samia alianza safari yake ya elimu katika shule ya msingi chwaka iloyopo unguja 	0
/scratch/skscla001/experiments/datasets/swagen/audio/common_voice_sw_29789410.wav	hadithi zinasema hiyo michoro ilikuwa sehemu ya matambiko ya uwindaji 	0
/scratch/skscla001/experiments/datasets/swagen/audio/common_voice_sw_30052772.wav	iliungana na tanganyika na kuunda jamhuri ya muungano wa tanzania 	0
/scratch/skscla001/experiments/datasets/swagen/audio/common_voice_sw_28583544.wav	kanisa hilo lina pia jimbo la mt 	0
/scratch/skscla001/experiments/datasets/swagen/audio/common_voice_sw_34746880.wav	matokeo yaliyotangazwa na tume ya uchaguzi zanzibar katika uchaguzi huo 	0
/scratch/skscla001/experiments/datasets/swagen/audio/common_voice_sw_28802990.wav	mvuto huu wenye nguvu wa anga pia husababisha mzunguko wa anga wa jumla 	0
/scratch/skscla001/experiments/datasets/swagen/audio/common_voice_sw_30173554.wav	bahari yenyewe ambayo baadhi wakipenda kuketi fukweni wakielekeza nyuso zao vilindini 	0
/scratch/skscla001/experiments/datasets/swagen/audio/common_voice_sw_35104393.wav	watakambiliana na westbromich naambiwa wigan na liverpool 	0
/scratch/skscla001/experiments/datasets/swagen/audio/common_voice_sw_28963910.wav	ulimwengu hauna mipaka na ni wa milele 	1
/scratch/skscla001/experiments/datasets/swagen/audio/common_voice_sw_31270198.wav	misitu na mapori tengefu yametengwa kuhifadhi mazingira ya utalii 	0
/scratch/skscla001/experiments/datasets/swagen/audio/common_voice_sw_36615580.wav	jeshi la updf lina uwezo wa kuingia pia kule dr congo kuwasaka hawa wa 	0
/scratch/skscla001/experiments/datasets/swagen/audio/common_voice_sw_34980719.wav	hali hii katika simu huyu ni mwanasheria 	0
/scratch/skscla001/experiments/datasets/swagen/audio/common_voice_sw_31596679.wav	rubondo ni kisiwa kilichopo pembezoni mwa ziwa victoria 	0
/scratch/skscla001/experiments/datasets/swagen/audio/common_voice_sw_34832281.wav	ni vizuri tukae vizuri na majirani zetu 	0
/scratch/skscla001/experiments/datasets/swagen/audio/common_voice_sw_29000747.wav	matumizi mengine ni wakati wa kutoa mahubiri na mafundisho hata barabarani 	1
/scratch/skscla001/experiments/datasets/swagen/audio/common_voice_sw_36642210.wav	walitembea kwa masafa marefu 	0
/scratch/skscla001/experiments/datasets/swagen/audio/common_voice_sw_28583897.wav	sifa muhimu ya kuni ni uwezo wake wa kutoa joto 	0
/scratch/skscla001/experiments/datasets/swagen/audio/common_voice_sw_30630474.wav	muda mzuri wa kutembelea ni kuanzia mwezi juni mpaka septemba 	0
/scratch/skscla001/experiments/datasets/swagen/audio/common_voice_sw_30653595.wav	waliamua kukataa manyanyaso na masumbuko dhidi ya wakoloni 	0
/scratch/skscla001/experiments/datasets/swagen/audio/common_voice_sw_30572146.wav	nchi hizi za morocco na algeria pamoja na misri bila kuisahau libya 	0
/scratch/skscla001/experiments/datasets/swagen/audio/common_voice_sw_30070909.wav	hakika ni maajabu ya kujifunza na kufurahia kwa watalii 	0
/scratch/skscla001/experiments/datasets/swagen/audio/common_voice_sw_29790808.wav	tunakwenda bagamoyo roho yangu furahi tumelia barani 	0
/scratch/skscla001/experiments/datasets/swagen/audio/common_voice_sw_30026557.wav	jifunze kuwa jasiri na kujikubali hapo ndipo utakuwa imara 	0
/scratch/skscla001/experiments/datasets/swagen/audio/common_voice_sw_34598094.wav	gari limetokomea kule 	0
/scratch/skscla001/experiments/datasets/swagen/audio/common_voice_sw_36642940.wav	wafika huko chini 	0
/scratch/skscla001/experiments/datasets/swagen/audio/common_voice_sw_34979576.wav	makabila yote yaliyopo nchini tanzania huzungumza lugha moja ya kiswahili 	0
/scratch/skscla001/experiments/datasets/swagen/audio/common_voice_sw_35279233.wav	bidi kuwe na serikali ya umoja ambayo inahakikisha katika viama vyote vinakuwa included 	0
/scratch/skscla001/experiments/datasets/swagen/audio/common_voice_sw_37214069.wav	ya mawaziri kumi na moja kutoka helzbolla 	0
/scratch/skscla001/experiments/datasets/swagen/audio/common_voice_sw_30298415.wav	argentina ilicheza na ujerumani kwenye hatua ya fainali 	0
/scratch/skscla001/experiments/datasets/swagen/audio/common_voice_sw_30338247.wav	seleman matola alicheza na kaseja katika kikosi cha simba kuanzia mwaka 	0
/scratch/skscla001/experiments/datasets/swagen/audio/common_voice_sw_34834482.wav	aina ya kuchukua hatamu kwa samia kumekuja kwa mara ya kwanza nchini tanzania 	0
/scratch/skscla001/experiments/datasets/swagen/audio/common_voice_sw_34958937.wav	plutarch anasema kuwa alijifanya kufurahia ujuzi wa mpenzi wake 	0
/scratch/skscla001/experiments/datasets/swagen/audio/common_voice_sw_30194221.wav	milioni moja mbili kumi na sita nukta sifuri 	0
/scratch/skscla001/experiments/datasets/swagen/audio/common_voice_sw_34747474.wav	azimio liliwekwa mbele ya mkuu wa bunge 	0
/scratch/skscla001/experiments/datasets/swagen/audio/common_voice_sw_30623654.wav	wakapata nafasi ya kusoma na kujifunza matumizi ya silaha 	0
/scratch/skscla001/experiments/datasets/swagen/audio/common_voice_sw_37331891.wav	kinyesi chenye virusi 	0
/scratch/skscla001/experiments/datasets/swagen/audio/common_voice_sw_35214456.wav	nadharia hii hutumia kigezo cha msamiati wa kiswahili kuonesha uhusiano uliopo kati ya kiswahili 	0
/scratch/skscla001/experiments/datasets/swagen/audio/common_voice_sw_30585144.wav	hadi mwaka wa elfu moja mia nane themanini na tisa 	0
/scratch/skscla001/experiments/datasets/swagen/audio/common_voice_sw_30647742.wav	wanyama waliopo kwenye hifadhi hiyo huvutia sana 	1
/scratch/skscla001/experiments/datasets/swagen/audio/common_voice_sw_35103632.wav	amezungumza na wanahabari katika jiji la tripoli na kushusha shutuma nzito 	0
/scratch/skscla001/experiments/datasets/swagen/audio/common_voice_sw_30633138.wav	shirikisho la soka la afrika halikuwa nyuma likaanzisha michuano ya mataifa ya afrika 	1
/scratch/skscla001/experiments/datasets/swagen/audio/common_voice_sw_29816037.wav	ambapo alijizolea milioni mia moja hamsini 	1
/scratch/skscla001/experiments/datasets/swagen/audio/common_voice_sw_30581572.wav	wanyaturu hao walikaa hapo kidogo na ndio eneo hilo ambalo watu hao waligawanyika tena 	0
/scratch/skscla001/experiments/datasets/swagen/audio/common_voice_sw_31596966.wav	lumumba na wenzake walikiwakilisha chama chao katika mkutano 	0
/scratch/skscla001/experiments/datasets/swagen/audio/common_voice_sw_28583821.wav	walianzisha pia kazi ya elimu 	0
/scratch/skscla001/experiments/datasets/swagen/audio/common_voice_sw_29799459.wav	mabadiliko hayo yalimpa raisi uwezo wa kuteua watanzania kumi kuwa wabunge 	0
/scratch/skscla001/experiments/datasets/swagen/audio/common_voice_sw_34958884.wav	nilitaka kuenda pale lakini sikuweza 	0
/scratch/skscla001/experiments/datasets/swagen/audio/common_voice_sw_35183894.wav	mara nyingi kwa marekebisho ya umonaki katika karne ya kumi na tano 	0
/scratch/skscla001/experiments/datasets/swagen/audio/common_voice_sw_28735554.wav	pangani ilikuwa mji muhimu katika utamaduni wa waswahili 	1
/scratch/skscla001/experiments/datasets/swagen/audio/common_voice_sw_29997851.wav	wapare ni wachapakazi sana wakichanganya kilimo ufugaji na biashara 	1
/scratch/skscla001/experiments/datasets/swagen/audio/common_voice_sw_30568041.wav	mark mahela kwanza alifungwa kamba kwenye kiti chake 	0
/scratch/skscla001/experiments/datasets/swagen/audio/common_voice_sw_30661156.wav	chanjo dhidi ya homa ya ini hutolewa kwa watoto wote 	1
/scratch/skscla001/experiments/datasets/swagen/audio/common_voice_sw_29731032.wav	augustino wa hippo aliandika juu yake 	0
/scratch/skscla001/experiments/datasets/swagen/audio/common_voice_sw_34598100.wav	mapumziko wa bath huchukuliwa kuwa mojawapo ya miji 	0
/scratch/skscla001/experiments/datasets/swagen/audio/common_voice_sw_30582629.wav	ngamia huishi katika maeneo kame na jangwa 	0
/scratch/skscla001/experiments/datasets/swagen/audio/common_voice_sw_28663142.wav	leo hii usafiri wa mizigo unapita katika mfereji wa panama 	1
/scratch/skscla001/experiments/datasets/swagen/audio/common_voice_sw_37086968.wav	unafikiri hilo la kuongeza thamani china itakubali ama 	0
/scratch/skscla001/experiments/datasets/swagen/audio/common_voice_sw_36617289.wav	idi amin dada alikuwa mwanajeshi kutoka nchi ya uganda aliyepindua serikali na kujifanya rais 	0
/scratch/skscla001/experiments/datasets/swagen/audio/common_voice_sw_29788330.wav	uingereza walitunga sheria za mchezo wa soka 	0
/scratch/skscla001/experiments/datasets/swagen/audio/common_voice_sw_30372184.wav	serikali inaweza kupata fedha nyingi za kigeni kwa kupitia utamaduni 	0
/scratch/skscla001/experiments/datasets/swagen/audio/common_voice_sw_35103887.wav	muungano wa vyama tawala ulihahidi kushughulikia ukuaji wa kiuchumi 	0
/scratch/skscla001/experiments/datasets/swagen/audio/common_voice_sw_30570928.wav	ambao ndio mlima wa kumi kwa urefu tanzania 	0
/scratch/skscla001/experiments/datasets/swagen/audio/common_voice_sw_28666462.wav	ikiwa na mipango ya kuongeza nchi kama angola south sudan and uganda 	0
/scratch/skscla001/experiments/datasets/swagen/audio/common_voice_sw_29256361.wav	dalili zake ni pamoja na ngozi kubadilika rangi kuwa nyekundu na pia kuvimba 	0
/scratch/skscla001/experiments/datasets/swagen/audio/common_voice_sw_29163693.wav	hakuna hakika kuhusu wakazi wa kwanza 	0
/scratch/skscla001/experiments/datasets/swagen/audio/common_voice_sw_34747471.wav	kama zingekuwa zinatumia sarafu zao wenyewe 	0
/scratch/skscla001/experiments/datasets/swagen/audio/common_voice_sw_30582732.wav	kongamano hilo limehudhuriwa na viongozi mbalimbali wa serikali 	0
/scratch/skscla001/experiments/datasets/swagen/audio/common_voice_sw_29505205.wav	nimonia hutokea kwa wale wana majeraha kwa mfumo wa kupumua 	0
/scratch/skscla001/experiments/datasets/swagen/audio/common_voice_sw_34943413.wav	kwani we unafanya kazi gani 	0
/scratch/skscla001/experiments/datasets/swagen/audio/common_voice_sw_37222693.wav	kampuni ya kufua umeme dowarz iliowahi kupewa dha zabuni 	0
/scratch/skscla001/experiments/datasets/swagen/audio/common_voice_sw_37093009.wav	mboga za majani zina wanga ya kutosha 	0
/scratch/skscla001/experiments/datasets/swagen/audio/common_voice_sw_28814702.wav	kufuatana na uainishaji wa lugha kwa ndani zaidi kimur pano iko katika kundi la kioseaniki 	1
/scratch/skscla001/experiments/datasets/swagen/audio/common_voice_sw_37098766.wav	michezo ya karata bao la solo huwakutanisha wao pamoja 	0
/scratch/skscla001/experiments/datasets/swagen/audio/common_voice_sw_28961660.wav	iko katika siberia ya kusini kwenye kitovu cha kijiografia cha asia 	0
/scratch/skscla001/experiments/datasets/swagen/audio/common_voice_sw_30539506.wav	huyu anapatikana msitu wa amazon pekee 	0
/scratch/skscla001/experiments/datasets/swagen/audio/common_voice_sw_35587972.wav	mama mkwe ni yule 	0
/scratch/skscla001/experiments/datasets/swagen/audio/common_voice_sw_30107690.wav	kwani kutakuwa na uhakika wa umeme kwa ajili ya shughuli za viwanda 	0
/scratch/skscla001/experiments/datasets/swagen/audio/common_voice_sw_30016472.wav	urais wa chama hiki ulitolewa kwa jomo kenyatta 	0
/scratch/skscla001/experiments/datasets/swagen/audio/common_voice_sw_34750381.wav	kusababisha watalii waliotaka kuwatazama wakivuka kubadilisha mpangilio wa safari zao 	1
/scratch/skscla001/experiments/datasets/swagen/audio/common_voice_sw_30024825.wav	kwenye neno sumbu wanga likiwa namaana ya tupa uchawi 	1
/scratch/skscla001/experiments/datasets/swagen/audio/common_voice_sw_30653681.wav	misitu hutupatia mbao kwaajili ya ujenzi 	0
/scratch/skscla001/experiments/datasets/swagen/audio/common_voice_sw_35157431.wav	pesa ni nzuri 	0
/scratch/skscla001/experiments/datasets/swagen/audio/common_voice_sw_30653532.wav	jambo ambalo wakati mwingine husababisha migogoro hasa ya mipaka 	0
/scratch/skscla001/experiments/datasets/swagen/audio/common_voice_sw_34947062.wav	karibu katika awamu nyingine na sasa tuanzie nchini cote de voire 	0
/scratch/skscla001/experiments/datasets/swagen/audio/common_voice_sw_29923748.wav	mwalimu uniachie huyu mtoto niongea naye kisha nitachukua hatua zinazofaa 	0
/scratch/skscla001/experiments/datasets/swagen/audio/common_voice_sw_34598522.wav	kutoa tarifa kuhusu matokeo ya uchimbaji mafuta 	0
/scratch/skscla001/experiments/datasets/swagen/audio/common_voice_sw_29610082.wav	tabia muhimu za manowari ni kasi na kinga pamoja na uwezo wa kubeba silaha 	0
/scratch/skscla001/experiments/datasets/swagen/audio/common_voice_sw_34598136.wav	ashitakiwe na kwa vile hawezi kushatiwa hapa washitakiwe huko na hapa 	0
/scratch/skscla001/experiments/datasets/swagen/audio/common_voice_sw_28673009.wav	hasa alichunguza neva 	0
/scratch/skscla001/experiments/datasets/swagen/audio/common_voice_sw_36641470.wav	moja walitumwa uzbekistan kyrgyzstan na kazakhstan waturuki 	0
/scratch/skscla001/experiments/datasets/swagen/audio/common_voice_sw_37087179.wav	vinavyoiunda aliuliza maswali na kutoa majibu yaliyo muhimu mpaka leo 	1
/scratch/skscla001/experiments/datasets/swagen/audio/common_voice_sw_34824120.wav	na kusahau mazingira na hasa matatizo yanayomzunguka kwa wakati huo 	0
/scratch/skscla001/experiments/datasets/swagen/audio/common_voice_sw_36383697.wav	sumu ajali iliweza kutokea cha kushangaza ni kwamba hukohuko kilimanjaro majirani na watani wa 	1
/scratch/skscla001/experiments/datasets/swagen/audio/common_voice_sw_35105525.wav	sehemu ndogo ya miti ambayo data ya skanning 	0
/scratch/skscla001/experiments/datasets/swagen/audio/common_voice_sw_29613720.wav	pia ni msitu ambao una wanyama wengi zaidi ya misitu mingine duniani 	1
/scratch/skscla001/experiments/datasets/swagen/audio/common_voice_sw_30574770.wav	pia utazidi kuonekana kuwa mrembo zaidi 	0
/scratch/skscla001/experiments/datasets/swagen/audio/common_voice_sw_34940733.wav	sana vijana wanaambiwa waende kucheza 	0
/scratch/skscla001/experiments/datasets/swagen/audio/common_voice_sw_30582103.wav	blob anazaliana kwa wingi kipindi cha joto jingi 	0
/scratch/skscla001/experiments/datasets/swagen/audio/common_voice_sw_30582961.wav	mpira alioufundisha hadi leo unachezwa nchini hispania 	1
/scratch/skscla001/experiments/datasets/swagen/audio/common_voice_sw_29949020.wav	serikali ya shirikisho la marekani ilisaidia kuiongezea idadi ya watu hususani watumwa walioachiwa huru 	0
/scratch/skscla001/experiments/datasets/swagen/audio/common_voice_sw_29791089.wav	viumbe hai ndege ni pamoja na ndege john na mbuni 	0
/scratch/skscla001/experiments/datasets/swagen/audio/common_voice_sw_35104883.wav	ambaye alifariki akiwa madarakani hayati john joseph pombe magufuli 	0
/scratch/skscla001/experiments/datasets/swagen/audio/common_voice_sw_34745842.wav	kwenye mkutano wa viongozi barani afrika kwa kutumia nafasi yake 	0
/scratch/skscla001/experiments/datasets/swagen/audio/common_voice_sw_36642133.wav	na eneo hilo la bugoye ispokuwa waha walifahamiana na wamanyema kutokana na ujio wa 	0
/scratch/skscla001/experiments/datasets/swagen/audio/common_voice_sw_35206707.wav	walipanda mashua ya mwisho ya kuokoleaa 	0
/scratch/skscla001/experiments/datasets/swagen/audio/common_voice_sw_30640474.wav	maeneo yanayolizunguka ziwa tanganyika waliweza kukaa 	0
/scratch/skscla001/experiments/datasets/swagen/audio/common_voice_sw_30379346.wav	mawenzi yenye kimo cha mita elfu tano mia moja arobaini na tisa 	0
/scratch/skscla001/experiments/datasets/swagen/audio/common_voice_sw_28927603.wav	ina jumba la makumbusho dogo kuhusu historia ya zanzibar 	0
/scratch/skscla001/experiments/datasets/swagen/audio/common_voice_sw_29793608.wav	habari nyingine zinaeleza amin alizaliwa elfu moja mia tisa ishirini na tatu 	0
/scratch/skscla001/experiments/datasets/swagen/audio/common_voice_sw_35181854.wav	isiyo ya kawaida kwa muda mrefu hii ilikuwa sababu kipindi kubwa ya kufanya kazi 	0
/scratch/skscla001/experiments/datasets/swagen/audio/common_voice_sw_35123919.wav	safari yake ya kwanza ilikuwa kusafiri kwa muda mrefu sana 	0
/scratch/skscla001/experiments/datasets/swagen/audio/common_voice_sw_29961013.wav	alistaafu baada ya kutawalakwa miaka mitano 	0
/scratch/skscla001/experiments/datasets/swagen/audio/common_voice_sw_37091958.wav	mchakato kupata haki kwa walengwa 	0
/scratch/skscla001/experiments/datasets/swagen/audio/common_voice_sw_35155453.wav	leo nashinda mjini 	0
/scratch/skscla001/experiments/datasets/swagen/audio/common_voice_sw_31446524.wav	alama za nembo ya taifa zinawakilisha uhalisia wa watanzania 	0
/scratch/skscla001/experiments/datasets/swagen/audio/common_voice_sw_37093597.wav	ulifanya kazi gani jana 	0
/scratch/skscla001/experiments/datasets/swagen/audio/common_voice_sw_30005015.wav	watu waliyoshitakiwa alikuwa nahodha na mkuu wa bandari ya kemondo 	0
/scratch/skscla001/experiments/datasets/swagen/audio/common_voice_sw_30630497.wav	mkwawa ni maarufu hasa kwa kuongoza vita vya wahehe dhidi ya wajerumani 	1
/scratch/skscla001/experiments/datasets/swagen/audio/common_voice_sw_34598795.wav	densi la sakati 	0
/scratch/skscla001/experiments/datasets/swagen/audio/common_voice_sw_37226246.wav	biko aliwekewa vikwazo wakati wa kipindi cha ubaguzi wa rangi 	1
/scratch/skscla001/experiments/datasets/swagen/audio/common_voice_sw_30021657.wav	wanajeshi wa uganda waliingia tanzania kwa mara ya kwanza 	0
/scratch/skscla001/experiments/datasets/swagen/audio/common_voice_sw_30099363.wav	je walizaliwa ili wafe kabla ya kuishi 	0
/scratch/skscla001/experiments/datasets/swagen/audio/common_voice_sw_29925691.wav	na nyingine nyingi sana zilizopo katika bara la afrika 	0
/scratch/skscla001/experiments/datasets/swagen/audio/common_voice_sw_30330458.wav	malatwe ni mtukutu aliyeshindikana shuleni na mtaani 	0
/scratch/skscla001/experiments/datasets/swagen/audio/common_voice_sw_35104459.wav	kwa ukanda wa pwani na nchi kavu nyuzi joto ishirini na nne 	0
/scratch/skscla001/experiments/datasets/swagen/audio/common_voice_sw_30315539.wav	mvua zinanyesha kwa wastani wa milimita elfu moja na nne 	0
/scratch/skscla001/experiments/datasets/swagen/audio/common_voice_sw_37225849.wav	na nne wamasai wengi huko tanzania huvaa makubadhi ambayo walikuwa mpaka hivi majuzi wakizitengeneza 	0
/scratch/skscla001/experiments/datasets/swagen/audio/common_voice_sw_37093077.wav	imekosoa uhuru wa vyombo vya habari 	0
/scratch/skscla001/experiments/datasets/swagen/audio/common_voice_sw_29797708.wav	watu wote waliompinga iddi amini waliuliwa hadharani 	0
/scratch/skscla001/experiments/datasets/swagen/audio/common_voice_sw_30124429.wav	mchezaji nyota wa sweden michael laundrap alicheza vizuri 	0
/scratch/skscla001/experiments/datasets/swagen/audio/common_voice_sw_35181722.wav	mwokozi atanitosha 	0
/scratch/skscla001/experiments/datasets/swagen/audio/common_voice_sw_29944503.wav	walifundishwa jinsi ya kufanya mapenzi na kumridhisha mume 	0
/scratch/skscla001/experiments/datasets/swagen/audio/common_voice_sw_30181584.wav	mashindano ya kuongeza silaha mpya yalishinda uwezo wa uchumi 	1
/scratch/skscla001/experiments/datasets/swagen/audio/common_voice_sw_37088586.wav	tunaona faraja ya kilimo hiki licha ya changamoto ya hali ya hewa inayotukabili 	1
/scratch/skscla001/experiments/datasets/swagen/audio/common_voice_sw_29679634.wav	hali hii inasababisha kutokea kwa mambo yasiyo kawaida 	0
/scratch/skscla001/experiments/datasets/swagen/audio/common_voice_sw_34812781.wav	ni mto ambao uko amerika kusini na 	0
/scratch/skscla001/experiments/datasets/swagen/audio/common_voice_sw_35099438.wav	kuingilia ee mkondo wa kidemokrasia ulikuwa unafua 	0
/scratch/skscla001/experiments/datasets/swagen/audio/common_voice_sw_30314240.wav	amini aliendelea kupokea mafunzo ya kijeshi 	0
/scratch/skscla001/experiments/datasets/swagen/audio/common_voice_sw_35177108.wav	wanamichezo tunapswa kumkumbuka hayati karume 	0
/scratch/skscla001/experiments/datasets/swagen/audio/common_voice_sw_35106073.wav	usishindane na mtu wajibu kwa wema 	0
/scratch/skscla001/experiments/datasets/swagen/audio/common_voice_sw_30091431.wav	ujanja wote kangaroo hawezi kutembea kinyume nyume 	1
/scratch/skscla001/experiments/datasets/swagen/audio/common_voice_sw_30342579.wav	kwa ajili ya soko la india na kwingineko duniani 	1
/scratch/skscla001/experiments/datasets/swagen/audio/common_voice_sw_29792342.wav	utatalii huu unawavutia watafiti wa maswala ya anga 	0
/scratch/skscla001/experiments/datasets/swagen/audio/common_voice_sw_37229973.wav	walimu shuleni walizungumzia tatizo hilo kijuujuu tu 	1
/scratch/skscla001/experiments/datasets/swagen/audio/common_voice_sw_29940397.wav	kama urithi kwa taifa na kwa ajili ya biashara 	0
/scratch/skscla001/experiments/datasets/swagen/audio/common_voice_sw_36641223.wav	wao ni wahanga wakubwa wa majanga yatokanayo na uharibifu wa mazingira 	0
/scratch/skscla001/experiments/datasets/swagen/audio/common_voice_sw_29925607.wav	maambukizi ya chachu na ngozi kavu 	0
/scratch/skscla001/experiments/datasets/swagen/audio/common_voice_sw_29924815.wav	kwenye serikali na kuwafanya kuwa kundi la wapiganaji 	0
/scratch/skscla001/experiments/datasets/swagen/audio/common_voice_sw_34958043.wav	meskhetian walikwenda amerika chini ya mpango mkubwa 	0
/scratch/skscla001/experiments/datasets/swagen/audio/common_voice_sw_29848812.wav	usultani wa zanzibar ulikuwa umepewa na uingereza uhuru wake 	0
/scratch/skscla001/experiments/datasets/swagen/audio/common_voice_sw_36644721.wav	kupoza halijoto kinyume chake upepo kutoka bahari 	0
/scratch/skscla001/experiments/datasets/swagen/audio/common_voice_sw_36615852.wav	kuwa ya aibu na ikiwa mtu atarudi baada 	0
/scratch/skscla001/experiments/datasets/swagen/audio/common_voice_sw_37223969.wav	hutoa ufahamu wenye kusisimua katika mvuto wa mji wa asia 	0
/scratch/skscla001/experiments/datasets/swagen/audio/common_voice_sw_29797499.wav	hivyo basi waliamua kukataa manyanyaso na masumbuko dhidi ya wakoloni 	0
/scratch/skscla001/experiments/datasets/swagen/audio/common_voice_sw_35103886.wav	leo ni siku nzuri sana 	0
/scratch/skscla001/experiments/datasets/swagen/audio/common_voice_sw_30667233.wav	argentina waliishuhudia mataifa mengi yakifanikiwa kushinda mataji 	0
/scratch/skscla001/experiments/datasets/swagen/audio/common_voice_sw_36616212.wav	mabadiliko haya yamesaidia kuongeza hali ya usikivu na tahadhari 	0
/scratch/skscla001/experiments/datasets/swagen/audio/common_voice_sw_35409869.wav	na wacherkesi pia kati ya wasemaji wengi wa lugha za kiturki kama vile 	0
/scratch/skscla001/experiments/datasets/swagen/audio/common_voice_sw_28878070.wav	sehemu kubwa ya eneo hutumiwa kwa kilimo 	1
/scratch/skscla001/experiments/datasets/swagen/audio/common_voice_sw_29811630.wav	alikuwa mmoja kati ya wanawake wachache walioaminiwa katika kuongoza mapambano dhidi ya udhalimu 	0
/scratch/skscla001/experiments/datasets/swagen/audio/common_voice_sw_34906965.wav	isiyokufa bado ana uwezo wa kuinuka hadi kwa mungu ingawa uwezo 	0
/scratch/skscla001/experiments/datasets/swagen/audio/common_voice_sw_30653650.wav	asilimia ishirini na mbili pekee za mto nile ndizo zinahusishwa na misri 	0
/scratch/skscla001/experiments/datasets/swagen/audio/common_voice_sw_30056609.wav	njia nyingine ya kupandia mlima ipo tarakea 	0
/scratch/skscla001/experiments/datasets/swagen/audio/common_voice_sw_36641214.wav	bi anita alimpa ruhusa jabir kumuoa juliana owimana na juliana alilitegemea kwsababu alifahamu ukweli 	0
/scratch/skscla001/experiments/datasets/swagen/audio/common_voice_sw_36616507.wav	alitangaza nia kugombea nafasi ya uraisi mwezi wa pili mwaka elfu mbili na saba 	0
/scratch/skscla001/experiments/datasets/swagen/audio/common_voice_sw_35110347.wav	lakini tunaweza kuibadilisha kulingana na lugha pia vionjo vya kwetu 	0
/scratch/skscla001/experiments/datasets/swagen/audio/common_voice_sw_35221658.wav	nafahamike kuwa asilimia kubwa ya makabila mengi yaliyopo hapa afrika yalipata majina kulingana na 	0
/scratch/skscla001/experiments/datasets/swagen/audio/common_voice_sw_36106706.wav	ukabidhi jukumu la kulinda amani kwa vikosi vya kulinda amani ni la umoja huo 	0
/scratch/skscla001/experiments/datasets/swagen/audio/common_voice_sw_29907315.wav	wagogo ni miongoni mwa makabila ya wakulima na wafugaji kwa asili 	1
/scratch/skscla001/experiments/datasets/swagen/audio/common_voice_sw_29939388.wav	awali aliondoa zuio la chama cha african national congress 	0
/scratch/skscla001/experiments/datasets/swagen/audio/common_voice_sw_30326267.wav	ni silaha aina ya bunduki na vioo vya kujitazamia 	0
/scratch/skscla001/experiments/datasets/swagen/audio/common_voice_sw_30173555.wav	mashuka hayo yamegawanyika kwa wanaume na wanawake 	0
/scratch/skscla001/experiments/datasets/swagen/audio/common_voice_sw_29447210.wav	sakramenti hizo ni kama pande mbili za pesa moja 	0
/scratch/skscla001/experiments/datasets/swagen/audio/common_voice_sw_29818123.wav	wauzaji wa vyakula hadi kwa madereva wa teksi 	0
/scratch/skscla001/experiments/datasets/swagen/audio/common_voice_sw_29795457.wav	kenya ilipendelewa kwa misaada ikasonga mbele na hasa katika sekta ya viwanda 	1
/scratch/skscla001/experiments/datasets/swagen/audio/common_voice_sw_31996977.wav	hiyo hiyo ruhusa 	0
/scratch/skscla001/experiments/datasets/swagen/audio/common_voice_sw_28704235.wav	jimbo lina mapato madogo sana kuliko jimbo lolote nchini humo 	1
/scratch/skscla001/experiments/datasets/swagen/audio/common_voice_sw_30110008.wav	ziwa edward ni nyumbani kwa aina ningi za samaki 	0
/scratch/skscla001/experiments/datasets/swagen/audio/common_voice_sw_29925964.wav	maana yake ni upande wa kusini kama wanavyoita wao 	0
/scratch/skscla001/experiments/datasets/swagen/audio/common_voice_sw_34746748.wav	na pamoja na tunatambua 	0
/scratch/skscla001/experiments/datasets/swagen/audio/common_voice_sw_30495676.wav	tanzania ilipigana vita na taifa jirani la uganda 	0
/scratch/skscla001/experiments/datasets/swagen/audio/common_voice_sw_30718321.wav	yani wengine walitumia mapigano au vita kuwafurusha wazungu 	0
/scratch/skscla001/experiments/datasets/swagen/audio/common_voice_sw_35409273.wav	kanada na japani ambapo sera zenye nguvu sheria na mifumo ya 	0
/scratch/skscla001/experiments/datasets/swagen/audio/common_voice_sw_35176547.wav	watoto wengi huenda shule kucheza 	0
/scratch/skscla001/experiments/datasets/swagen/audio/common_voice_sw_28962051.wav	kuna shule za msingi tano moja kwa kila kijiji 	0
/scratch/skscla001/experiments/datasets/swagen/audio/common_voice_sw_29522744.wav	hivyo hutumiwa na masomo mengine kama fizikia jiografia kemia katika mafunzo yake 	1
/scratch/skscla001/experiments/datasets/swagen/audio/common_voice_sw_37087186.wav	kanali seif bakari alikuwa mkuu wa usalama wa taifa zanzibar 	0
/scratch/skscla001/experiments/datasets/swagen/audio/common_voice_sw_35105309.wav	kikwete alikutana na barack obama mwaka elfu mbili na tisa 	0
/scratch/skscla001/experiments/datasets/swagen/audio/common_voice_sw_28874736.wav	jina la sikukuu ya kiyahudi linapatikana kwa maumbo mbalimbali 	0
/scratch/skscla001/experiments/datasets/swagen/audio/common_voice_sw_29475447.wav	alicheza kwa kwa mafanikio katika klabu hiyo 	0
/scratch/skscla001/experiments/datasets/swagen/audio/common_voice_sw_35181792.wav	familia nyingi huenda kanisani jumapili 	0
/scratch/skscla001/experiments/datasets/swagen/audio/common_voice_sw_35099280.wav	waandishi wa habari wakipigwa na kunyang anywa vifaa vyao vya kazi 	0
/scratch/skscla001/experiments/datasets/swagen/audio/common_voice_sw_28714514.wav	kwa muda mrefu wa historia yake austria ilihesabiwa kama sehemu ya ujerumani 	0
/scratch/skscla001/experiments/datasets/swagen/audio/common_voice_sw_28584584.wav	hali ya hewa ni ya kitropiki 	0
/scratch/skscla001/experiments/datasets/swagen/audio/common_voice_sw_29959526.wav	pep guardiola hapendi jambo la kufukuzwa litokea kwake 	1
/scratch/skscla001/experiments/datasets/swagen/audio/common_voice_sw_30090709.wav	kuna tai pia wanaopatikana katika msitu wa amazon 	1
/scratch/skscla001/experiments/datasets/swagen/audio/common_voice_sw_34940140.wav	mtoto anaenda shuleni 	0
/scratch/skscla001/experiments/datasets/swagen/audio/common_voice_sw_37225998.wav	alikufa mjini jeddah tarehe kumi na sita agosti mwaka elfu mbili na tatu 	0
/scratch/skscla001/experiments/datasets/swagen/audio/common_voice_sw_28714505.wav	haijulikani kama sumu ni hatari 	0
/scratch/skscla001/experiments/datasets/swagen/audio/common_voice_sw_30028960.wav	mafunzo huhusisha uchapa kazi malezi na makuzi ya watoto 	0
/scratch/skscla001/experiments/datasets/swagen/audio/common_voice_sw_30574523.wav	vita wanatoka huko wakiogopa kuporwa utu na 	0
/scratch/skscla001/experiments/datasets/swagen/audio/common_voice_sw_30177380.wav	mia moja na ishirini kutoka iringa mjini 	0
/scratch/skscla001/experiments/datasets/swagen/audio/common_voice_sw_29923851.wav	alifanya hivyo ili kuleta muungano katika mapigano ya uhuru 	0
/scratch/skscla001/experiments/datasets/swagen/audio/common_voice_sw_31284876.wav	ujenzi wa makao ya sultani pamoja na bandari ulianza rasmi 	0
/scratch/skscla001/experiments/datasets/swagen/audio/common_voice_sw_30104493.wav	nyota wa uingereza david beckham aliwahi kuvaa jezi namba saba kabla ya kuondoka united 	1
/scratch/skscla001/experiments/datasets/swagen/audio/common_voice_sw_29936410.wav	ni mchezaji wa soka wa kameruni ambaye anacheza kwa klabu ya qatar kama mshambuliaji 	1
/scratch/skscla001/experiments/datasets/swagen/audio/common_voice_sw_29799454.wav	bonde la oldupai sehemu ambayo ndio chimbuko la historia yetu 	0
/scratch/skscla001/experiments/datasets/swagen/audio/common_voice_sw_30182043.wav	taifa la jamhuri ya kidemokrasia ya congo linapata pesa nyingi sana za kigeni 	1
/scratch/skscla001/experiments/datasets/swagen/audio/common_voice_sw_35206651.wav	wanakuwa tayari wamebalehe na si wa kizazi kilichopita 	0
/scratch/skscla001/experiments/datasets/swagen/audio/common_voice_sw_30435922.wav	urefu wake wa kilomita mia mbili na tisini 	0
/scratch/skscla001/experiments/datasets/swagen/audio/common_voice_sw_30527537.wav	jasiri na maarufu marehemu mchungaji nathanaeli mgaya 	0
/scratch/skscla001/experiments/datasets/swagen/audio/common_voice_sw_30438887.wav	usambazaji hutokea kupitia vyombo vya habari na 	0
/scratch/skscla001/experiments/datasets/swagen/audio/common_voice_sw_29798027.wav	hakuna ushahidi wa moja kwa moja kwamba wakazi walikuwa wakoloni 	0
/scratch/skscla001/experiments/datasets/swagen/audio/common_voice_sw_28670635.wav	pia kuna wasemaji wachache nchini burkina faso 	1
/scratch/skscla001/experiments/datasets/swagen/audio/common_voice_sw_29789622.wav	mahali ambapo palijengwa kijiji kinachoitwa mvumi makulu 	0
/scratch/skscla001/experiments/datasets/swagen/audio/common_voice_sw_36252326.wav	labda wafanye uchaguzi mwingine labda mazungumzo hata kabla ya hapo 	0
/scratch/skscla001/experiments/datasets/swagen/audio/common_voice_sw_30103680.wav	asubuhi na mapema mwanachama wa chama hicho 	0
/scratch/skscla001/experiments/datasets/swagen/audio/common_voice_sw_30194950.wav	cristiano ronaldo aliibuka mfungaji bora 	0
/scratch/skscla001/experiments/datasets/swagen/audio/common_voice_sw_29797543.wav	tafiti zimeonyesha hata damu iliyokauka huwa na uwezo wa kuambukiza virusi hivi 	0
/scratch/skscla001/experiments/datasets/swagen/audio/common_voice_sw_34991421.wav	mbaya zaidi ni kule kuamini kwao kwamba hilo linawezekana tu 	0
/scratch/skscla001/experiments/datasets/swagen/audio/common_voice_sw_30173214.wav	hakuwa tayari kusema ni lini hoteli hiyo itakamilika 	0
/scratch/skscla001/experiments/datasets/swagen/audio/common_voice_sw_28691046.wav	pwani zake ni za argentina upande wa kaskazini na chile upande wa kusini 	1
/scratch/skscla001/experiments/datasets/swagen/audio/common_voice_sw_30574065.wav	viongozi wengine wa kitaifa ambao ni wazaliwa wa mkoa huu ni waziri mkuu mstaafu 	0
/scratch/skscla001/experiments/datasets/swagen/audio/common_voice_sw_35156889.wav	makamba alifanya kazi kwa karibu na mama samia 	0
/scratch/skscla001/experiments/datasets/swagen/audio/common_voice_sw_35099574.wav	m huyo ni bi juiet sima ambaye ni afisa lishe 	0
/scratch/skscla001/experiments/datasets/swagen/audio/common_voice_sw_30547060.wav	uhamiaji wa nyumbu hawa unaonyeshwa katika programu za televisheni 	0
/scratch/skscla001/experiments/datasets/swagen/audio/common_voice_sw_29942747.wav	kupanda kucheza kama winga wakati wakiwa wanashambulia 	1
/scratch/skscla001/experiments/datasets/swagen/audio/common_voice_sw_35106370.wav	nenda ukawasaidie wale kina dada 	0
/scratch/skscla001/experiments/datasets/swagen/audio/common_voice_sw_34834642.wav	madai hayo hayakuwa na athari kubwa kisiasa 	0
/scratch/skscla001/experiments/datasets/swagen/audio/common_voice_sw_34746296.wav	kuliko vile ilivyodhaniwa hapo awali hatukujikwaa tu 	0
/scratch/skscla001/experiments/datasets/swagen/audio/common_voice_sw_36642953.wav	haswa kwa wale waishio katika maeneo 	0
/scratch/skscla001/experiments/datasets/swagen/audio/common_voice_sw_35107675.wav	kudumisha mitandao hiyo hata katika sehemu zenye ufuatiliaji mzuri 	0
/scratch/skscla001/experiments/datasets/swagen/audio/common_voice_sw_31446681.wav	asili ya mto huu ni nyanda za juu za mto kondoa 	0
/scratch/skscla001/experiments/datasets/swagen/audio/common_voice_sw_30037188.wav	soka linaweza kusitisha shughuli zingine zote duniani 	0
/scratch/skscla001/experiments/datasets/swagen/audio/common_voice_sw_30495453.wav	labda uniondoe shuleni kwako ili kuleta utulivu na mimi nikaishi maisha yangu 	0
/scratch/skscla001/experiments/datasets/swagen/audio/common_voice_sw_37222853.wav	ya anatolia ambayo wengi wa uturuki wa sasa 	1
/scratch/skscla001/experiments/datasets/swagen/audio/common_voice_sw_30005188.wav	kuwa jumuiya hile ilikuwa chombo cha makabaila wakubwa 	0
/scratch/skscla001/experiments/datasets/swagen/audio/common_voice_sw_28835308.wav	ghuba ya uthai haina kina kirefu 	0
/scratch/skscla001/experiments/datasets/swagen/audio/common_voice_sw_30654094.wav	milima ya isaro na mlima isisimba pia ipo milima ya isyoro 	0
/scratch/skscla001/experiments/datasets/swagen/audio/common_voice_sw_30376034.wav	makao yake makuu yalikuwa kijiji cha kisumba nje kidogo ya mji wa sumbawanga 	0
/scratch/skscla001/experiments/datasets/swagen/audio/common_voice_sw_35107981.wav	ali anampenda khadija 	0
/scratch/skscla001/experiments/datasets/swagen/audio/common_voice_sw_35409627.wav	samia anawarejeshea watanzania vibali vya kazi 	0
/scratch/skscla001/experiments/datasets/swagen/audio/common_voice_sw_29942824.wav	hifadhi ya ruaha inapatikana mkoani iringa 	1
/scratch/skscla001/experiments/datasets/swagen/audio/common_voice_sw_29793149.wav	real madrid ilishinda mabao matatu kwa moja 	0
/scratch/skscla001/experiments/datasets/swagen/audio/common_voice_sw_28695291.wav	afya ya meno ni sehemu muhimu ya afya ya mwili kwa jumla 	1
/scratch/skscla001/experiments/datasets/swagen/audio/common_voice_sw_29793097.wav	ilikuwa ni majonzi kwa waafrika wengi hususani wale wenye itikadi za kijamaa 	0
/scratch/skscla001/experiments/datasets/swagen/audio/common_voice_sw_31446464.wav	lugha yao imeathirika zaidi na wakurya kutokana na kupakana nao 	0
/scratch/skscla001/experiments/datasets/swagen/audio/common_voice_sw_29792830.wav	serikali za kikoloni zilikuwa zinaruhusu vyama vya kijamii 	0
/scratch/skscla001/experiments/datasets/swagen/audio/common_voice_sw_30624118.wav	historia yake inawavutia watu wengi kufanya utafiti 	0
/scratch/skscla001/experiments/datasets/swagen/audio/common_voice_sw_31446991.wav	watoto waliotoka jandoni wakiogeshwa na ndugujamaa na marafiki 	0
/scratch/skscla001/experiments/datasets/swagen/audio/common_voice_sw_30360194.wav	vijiti vinavyohusiana kati ya makundi ya kiumri 	0
/scratch/skscla001/experiments/datasets/swagen/audio/common_voice_sw_30337341.wav	aliyemfuata mwaka elfu mbili na kumi na tano 	0
/scratch/skscla001/experiments/datasets/swagen/audio/common_voice_sw_37217752.wav	jinsi inasema serikali za mitaa na makampuni binafsi 	0
/scratch/skscla001/experiments/datasets/swagen/audio/common_voice_sw_29793050.wav	mkutano mkuu ulipiga kura na kumchagua magufuli kuwa mgombea urais wa chama cha mapinduzi 	0
/scratch/skscla001/experiments/datasets/swagen/audio/common_voice_sw_35099919.wav	kwanza baada ya kuongoka kila wakati ulifurahia zaidi kitu fulani 	0
/scratch/skscla001/experiments/datasets/swagen/audio/common_voice_sw_37093146.wav	hujipaka rangi na alama kwenye nyuso na kisha kufunika nyuso zao wanapokamilisha sherehe 	0
/scratch/skscla001/experiments/datasets/swagen/audio/common_voice_sw_35182302.wav	iwapo bidhaa kutoka uchina vitakuwa vimechafuliwa na virusi huwa vinasafiri masafa marefu 	0
/scratch/skscla001/experiments/datasets/swagen/audio/common_voice_sw_29925270.wav	kikundi hutawanyika na kusubiri mwaka mwingine au miwili 	0
/scratch/skscla001/experiments/datasets/swagen/audio/common_voice_sw_35106350.wav	gani miji kama vile kilwa lamu na 	0
/scratch/skscla001/experiments/datasets/swagen/audio/common_voice_sw_29798898.wav	nyumba nyana ni aina ya ndoa ambayo mwanaume anayeoa ni tahira 	0
/scratch/skscla001/experiments/datasets/swagen/audio/common_voice_sw_30030033.wav	wanasayansi wanaona athari kubwa ya dhoruba ya bahari ya hindi 	0
/scratch/skscla001/experiments/datasets/swagen/audio/common_voice_sw_30591022.wav	tumia maji tiririka wakati wa kunawa mikono 	0
/scratch/skscla001/experiments/datasets/swagen/audio/common_voice_sw_30324838.wav	wanachama wa shirikisho la soka duniani ni nchi zote zilizokidhi vigezo 	0
/scratch/skscla001/experiments/datasets/swagen/audio/common_voice_sw_29421837.wav	wanaheshimiwa na kanisa katoliki waorthodoksi na waorthodoksi wa mashariki kama watakatifu wafiadini 	0
/scratch/skscla001/experiments/datasets/swagen/audio/common_voice_sw_35106132.wav	baba ndiye mwamba wa familia 	0
/scratch/skscla001/experiments/datasets/swagen/audio/common_voice_sw_34942582.wav	serikali ya awamu ya nane inaweka nguvu nyingi sana 	0
/scratch/skscla001/experiments/datasets/swagen/audio/common_voice_sw_29798694.wav	ufugaji wao ni wa kawaida tofauti na wenzao wakurya 	0
/scratch/skscla001/experiments/datasets/swagen/audio/common_voice_sw_30081134.wav	manchester united ya sir alex ferguson ilikuwa matata 	0
/scratch/skscla001/experiments/datasets/swagen/audio/common_voice_sw_28660867.wav	kijiografia baltiki ni mabaki ya enzi ya barafu iliyopita 	1
/scratch/skscla001/experiments/datasets/swagen/audio/common_voice_sw_34598894.wav	sherehe ya tohara ambayo inafanywa bila dawa ya kugandisha misuli hii tohara hufanywa na 	0
/scratch/skscla001/experiments/datasets/swagen/audio/common_voice_sw_29645349.wav	mazungumzo ya wawili hawa yalikuwa ya kipekee 	1
/scratch/skscla001/experiments/datasets/swagen/audio/common_voice_sw_30372517.wav	alipostaafu alirudi kijijini kwake butiama ndipo alianza kuendesha shughuli za kilimo 	0
/scratch/skscla001/experiments/datasets/swagen/audio/common_voice_sw_35176858.wav	ukame wa mara kwa mara wafugaji wengi pamoja na wamasai hutumia nafaka katika maakuli 	0
/scratch/skscla001/experiments/datasets/swagen/audio/common_voice_sw_34979771.wav	nakuja kukusaidia kufanya sherehe 	0
/scratch/skscla001/experiments/datasets/swagen/audio/common_voice_sw_30034006.wav	watakuwepo viongozi wa serikali kutoka idara mbalimbali za kilimo 	0
/scratch/skscla001/experiments/datasets/swagen/audio/common_voice_sw_34994421.wav	mashairi ya kiswahili yalionesha kuwavutia watu wengi sana waliofurika kwenye tamasha hilo 	0
/scratch/skscla001/experiments/datasets/swagen/audio/common_voice_sw_30189552.wav	anaeleza pia viumbe vinavyoishi kwenye maji chumvi ni papa pweza nyangumi tasi na changu 	0
/scratch/skscla001/experiments/datasets/swagen/audio/common_voice_sw_30574424.wav	kabla ya kutokea ukame mkubwa sana uliosababisha njaa katika eneo hilo 	1
/scratch/skscla001/experiments/datasets/swagen/audio/common_voice_sw_36106128.wav	katika mwezi wa septemba msimu wa pukutisha huanza katika sehemu ya kaskazini mwa dunia na msimu wa chipukizi katika sehemu ya kusini 	0
/scratch/skscla001/experiments/datasets/swagen/audio/common_voice_sw_29791176.wav	mkapa aliendelea kuwa mshauri wa serikali hadi umauti ulipompata 	0
/scratch/skscla001/experiments/datasets/swagen/audio/common_voice_sw_29636711.wav	katika makanisa mengine huwa askofu mkuu ni askofu kiongozi wa nchi fulani 	0
/scratch/skscla001/experiments/datasets/swagen/audio/common_voice_sw_29815988.wav	maafisa wa uganda watachukua hatua za kidiplomasia 	1
/scratch/skscla001/experiments/datasets/swagen/audio/common_voice_sw_30031036.wav	samia suluhu alihutubia mkutano wa umoja wa mataifa 	0
/scratch/skscla001/experiments/datasets/swagen/audio/common_voice_sw_35104789.wav	ukitazama katika muktadha wa wa 	0
/scratch/skscla001/experiments/datasets/swagen/audio/common_voice_sw_30143131.wav	afrika kusini na misri zikiwa na matajiri watano kila mmoja 	0
/scratch/skscla001/experiments/datasets/swagen/audio/common_voice_sw_31406153.wav	ziwa nyasa linasifika kuwa na aina nyingi za samaki 	0
/scratch/skscla001/experiments/datasets/swagen/audio/common_voice_sw_34745231.wav	nyongeza katika mambo ya ndoa au urithi wa mali walikuwa chini ya 	0
/scratch/skscla001/experiments/datasets/swagen/audio/common_voice_sw_30035034.wav	magufuli aliwataka watanzania wote kuwa watulivu 	0
/scratch/skscla001/experiments/datasets/swagen/audio/common_voice_sw_31812394.wav	milima ya katete na milima ya katutu 	0
/scratch/skscla001/experiments/datasets/swagen/audio/common_voice_sw_37088570.wav	ni moja kati ya hifadhi za taifamoja mashuhuri na kubwa nchini tanzania hifadhi 	0
/scratch/skscla001/experiments/datasets/swagen/audio/common_voice_sw_29788555.wav	makaburi ya chifu mapenza wa wagogo yaliyopo ndani ya hifadhi 	0
/scratch/skscla001/experiments/datasets/swagen/audio/common_voice_sw_29818381.wav	kama nilivyotanguliza kusema mwanzo kwamba ardhi ya afrika imebarikiwa sana 	0
/scratch/skscla001/experiments/datasets/swagen/audio/common_voice_sw_30527291.wav	dunia ilimshuhudia mbambe mwingine wa kisiasa kivita na kiuchumi aliyeitwa fidel castro 	0
/scratch/skscla001/experiments/datasets/swagen/audio/common_voice_sw_31285592.wav	ushindi huo ni kieelezo cha dhamira thabiti ya halmashauri 	0
/scratch/skscla001/experiments/datasets/swagen/audio/common_voice_sw_30073353.wav	ubora wa pep unaendelea kuwapa ubingwa manchester city 	0
/scratch/skscla001/experiments/datasets/swagen/audio/common_voice_sw_30566941.wav	rose muhando alizawadiwa tuzo ya mtunzi mzuri wa nyimbo 	0
/scratch/skscla001/experiments/datasets/swagen/audio/common_voice_sw_29793540.wav	mwaka elfu moja mia tisa themanini na saba 	0
/scratch/skscla001/experiments/datasets/swagen/audio/common_voice_sw_28696377.wav	pia alikuwa mkuu wa utawala wa kikoloni wa eneo hilo 	0
/scratch/skscla001/experiments/datasets/swagen/audio/common_voice_sw_29937408.wav	ongezeko la watu kwa mwaka kwa sasa 	1
/scratch/skscla001/experiments/datasets/swagen/audio/common_voice_sw_29939762.wav	katiba ya tanzania ilitungwa rasmi na bunge la tanzania 	0
/scratch/skscla001/experiments/datasets/swagen/audio/common_voice_sw_29812396.wav	baada ya hapo mnyama alipotea msituni hadi aliporudi tena kwenye ubingwa 	0
/scratch/skscla001/experiments/datasets/swagen/audio/common_voice_sw_29792139.wav	maeneo maalum yametengwa kwa ajili ya kilimo cha kisasa 	0
/scratch/skscla001/experiments/datasets/swagen/audio/common_voice_sw_36106324.wav	madawa ya kulevya nchini humomario sergio 	0
/scratch/skscla001/experiments/datasets/swagen/audio/common_voice_sw_30326879.wav	eneo hili hutumiwa kama makazi ya watu sehemu za biashara 	0
/scratch/skscla001/experiments/datasets/swagen/audio/common_voice_sw_30526933.wav	rangi pia huonyesha dhana na vipengele muhimu katika tamaduni 	0
/scratch/skscla001/experiments/datasets/swagen/audio/common_voice_sw_30478576.wav	kufanya mapenzi na mtu mwenye maambukizi ya virusi vya homa ya ini 	1
/scratch/skscla001/experiments/datasets/swagen/audio/common_voice_sw_30074378.wav	walikula sehemu tofauti wanaume na wanawake bila kujali umri walizingatia jinsia tu 	0
/scratch/skscla001/experiments/datasets/swagen/audio/common_voice_sw_36643737.wav	tuko kwenye hali isiyo ya kawaida yaani tumejaribu 	0
/scratch/skscla001/experiments/datasets/swagen/audio/common_voice_sw_30653488.wav	kiwili ni msamiati mwingine wa kipare 	0
/scratch/skscla001/experiments/datasets/swagen/audio/common_voice_sw_29797969.wav	ni umbali wa mwendo wa saa tano mpaka sita kutoka mji wa arusha 	0
/scratch/skscla001/experiments/datasets/swagen/audio/common_voice_sw_35425680.wav	wa kisovyetiwarusi walipoteza askari milioni kadhaa lakini waliweza kuwazuia wajerumani wasiteke moscow na leningrad 	0
/scratch/skscla001/experiments/datasets/swagen/audio/common_voice_sw_30180061.wav	timu iliyoibuka na ushindi kwenye fainali hiyo 	1
/scratch/skscla001/experiments/datasets/swagen/audio/common_voice_sw_35099891.wav	na wakati mzuri wa kuona mlima kilimanjaro kutokea meru 	0
/scratch/skscla001/experiments/datasets/swagen/audio/common_voice_sw_29797418.wav	waasu wakaanza kuitwa wapare kwa maana ya wapige 	0
/scratch/skscla001/experiments/datasets/swagen/audio/common_voice_sw_28584675.wav	rangi yake kuu ni nyeusi na nyeupe lakini rangi nyingine pia zinaweza kutumika 	0
/scratch/skscla001/experiments/datasets/swagen/audio/common_voice_sw_30379369.wav	lakini kwa muda huu vimetawala vyakula vya aina nyingi sana 	0
/scratch/skscla001/experiments/datasets/swagen/audio/common_voice_sw_30054314.wav	profesa jumanne maghembe alikuwa waziri wa maji na waziri wa maliasili na utalii 	0
/scratch/skscla001/experiments/datasets/swagen/audio/common_voice_sw_34942747.wav	alienda kwa mwenyekiti wa kamati ya bunge la mashirika 	0
/scratch/skscla001/experiments/datasets/swagen/audio/common_voice_sw_30377875.wav	pia katika maeneo kama chome na mbaga bila kusahau gonja na vudee 	0
/scratch/skscla001/experiments/datasets/swagen/audio/common_voice_sw_30635682.wav	kuongeza vitu vipya ambavyo vinaendana na karne hii 	1
/scratch/skscla001/experiments/datasets/swagen/audio/common_voice_sw_35250572.wav	hadi tibaijuka alipoibuka kwa mara ya kwanza wiki iliyopita 	0
/scratch/skscla001/experiments/datasets/swagen/audio/common_voice_sw_34924159.wav	ya mitaa ya buza kwenye suala nzima la ulinzi shirikishi ambalo limekuwa tegemezi 	0
/scratch/skscla001/experiments/datasets/swagen/audio/common_voice_sw_36386232.wav	kwa sababu wengi ni rahisi kuwasahau lakini mchango wao ni mkubwa sana 	1
/scratch/skscla001/experiments/datasets/swagen/audio/common_voice_sw_29736157.wav	haina milima mirefu 	0
/scratch/skscla001/experiments/datasets/swagen/audio/common_voice_sw_35109643.wav	kwani kufanya mambo mema ni bora zaidi kuliko kufanya dhambi za dunia 	0
/scratch/skscla001/experiments/datasets/swagen/audio/common_voice_sw_35176941.wav	papiriri hamsini na mbilk iliyoandikwa kwa kigiriki mwaka mia moja ishirini na tano hivi 	0
/scratch/skscla001/experiments/datasets/swagen/audio/common_voice_sw_35106230.wav	na wachambuzi wa mambo wanasema kikao hicho 	0
/scratch/skscla001/experiments/datasets/swagen/audio/common_voice_sw_30574802.wav	halmashauri ya manispaa ya kinondoni na halmashauri ya manispaa ya ilala 	0
/scratch/skscla001/experiments/datasets/swagen/audio/common_voice_sw_30584817.wav	plasmodium malariae anayepatikana dunia nzima ni kimelea wa tofauti na wa pekee 	0
/scratch/skscla001/experiments/datasets/swagen/audio/common_voice_sw_30326814.wav	kama vile china na india pia malaysia na ufilipino 	1
/scratch/skscla001/experiments/datasets/swagen/audio/common_voice_sw_32101561.wav	daktari menena mame afungwe mai tupa mbili 	1
/scratch/skscla001/experiments/datasets/swagen/audio/common_voice_sw_34836563.wav	sisahau habari zako 	0
/scratch/skscla001/experiments/datasets/swagen/audio/common_voice_sw_36642966.wav	hunyoa nywele wanapopita kifungu kimoja cha maisha hadi kingine bibiarusi pia atanyolewa kichwa chake 	0
/scratch/skscla001/experiments/datasets/swagen/audio/common_voice_sw_30495156.wav	joto la baharini viwango vya juu vya unyevu na kutokuwa na utulivu wa anga 	0
/scratch/skscla001/experiments/datasets/swagen/audio/common_voice_sw_30070694.wav	bidhaa zinazosafirishwa kwa wingi katika bahari hii ni 	0
/scratch/skscla001/experiments/datasets/swagen/audio/common_voice_sw_30037344.wav	eneo kuu katika hifadhi ni uwanda wa mafuriko 	0
/scratch/skscla001/experiments/datasets/swagen/audio/common_voice_sw_31285472.wav	eneo hilo limetengwa wilayani kigamboni jijini dar es salaam 	0
/scratch/skscla001/experiments/datasets/swagen/audio/common_voice_sw_34896069.wav	alikuwa sultani wa maskat oman na zanzibar 	0
/scratch/skscla001/experiments/datasets/swagen/audio/common_voice_sw_30320363.wav	pep guardiola amepata kila kitu maishani mwake 	1
/scratch/skscla001/experiments/datasets/swagen/audio/common_voice_sw_31823795.wav	wanyaturu ni moja ya makabila yanayojumlishwa katika kundi la nilo hamites 	0
/scratch/skscla001/experiments/datasets/swagen/audio/common_voice_sw_35105637.wav	sultani sayyid said alihamisha mji mkuu wake kutoka omani kuja unguja 	0
/scratch/skscla001/experiments/datasets/swagen/audio/common_voice_sw_28672921.wav	tangu kale anaheshimiwa na wayahudi wakristo na waislamu kama mtakatifu 	0
/scratch/skscla001/experiments/datasets/swagen/audio/common_voice_sw_28583616.wav	alikuwa muhimu kwa harakati za haki za kiraia 	0
/scratch/skscla001/experiments/datasets/swagen/audio/common_voice_sw_37095560.wav	e ukiangalia mchakato mzima sasa hivi 	0
/scratch/skscla001/experiments/datasets/swagen/audio/common_voice_sw_30623906.wav	upande wa kulia ukifuatwa na upande wa kushoto 	0
/scratch/skscla001/experiments/datasets/swagen/audio/common_voice_sw_37221849.wav	sheria pamoja na dini ziligeuka toy ya mtawala 	0
/scratch/skscla001/experiments/datasets/swagen/audio/common_voice_sw_30574135.wav	alikuwa na nia ya kujenga muungano wa afrika ili iwe kitu kimoja 	0
/scratch/skscla001/experiments/datasets/swagen/audio/common_voice_sw_36389498.wav	wakati ambao kuna maumivu makali kwenda haja ndogo 	1
/scratch/skscla001/experiments/datasets/swagen/audio/common_voice_sw_36617544.wav	arat ni mwezi wa uhaba ambapo mvua zinanyesha kidogo husababisha mabwawa kukauka 	0
/scratch/skscla001/experiments/datasets/swagen/audio/common_voice_sw_30080399.wav	ni bahari kubwa sana na yenye historia ndefu sana 	0
/scratch/skscla001/experiments/datasets/swagen/audio/common_voice_sw_34980409.wav	uwezo wake wa kubuni vitu mbalimbali kiasi cha watu kudiriki kusema alikuwa injini ya 	0
/scratch/skscla001/experiments/datasets/swagen/audio/common_voice_sw_29216157.wav	zifuatazo ni orodha kamili ya nyimbo zinapatikana katika albamu hii 	0
/scratch/skscla001/experiments/datasets/swagen/audio/common_voice_sw_31823770.wav	alitoa albam bora zaidi ya mwaka wakati wa tamasha la muziki wa injili tanzania 	0
/scratch/skscla001/experiments/datasets/swagen/audio/common_voice_sw_31389512.wav	tumetumbukia katika masuala ya utandawazi kiasi ambacho tunashindwa hata kutambua miiko yetu 	1
/scratch/skscla001/experiments/datasets/swagen/audio/common_voice_sw_35157567.wav	ulipata chanjo lini 	0
/scratch/skscla001/experiments/datasets/swagen/audio/common_voice_sw_29797741.wav	alifanya hivi kwa lengo la kutunza kumbukumbu 	0
/scratch/skscla001/experiments/datasets/swagen/audio/common_voice_sw_36387560.wav	na ndiyo kwa maana kwamba kwanza imani 	1
/scratch/skscla001/experiments/datasets/swagen/audio/common_voice_sw_30440093.wav	soka la pasi nyingi la kumtawala mpinzani wake 	0
/scratch/skscla001/experiments/datasets/swagen/audio/common_voice_sw_29856726.wav	forodhani ni mashuhuri kwa upishi na uuzaji wa vyakupa vya bahari 	1
/scratch/skscla001/experiments/datasets/swagen/audio/common_voice_sw_30327661.wav	ukoloni wa ujerumani uliondoka tanzania kwenye vita ya kwanza ya dunia 	0
/scratch/skscla001/experiments/datasets/swagen/audio/common_voice_sw_30034553.wav	alikuwa na watumishi watano alikamatwa na kusimamishwa 	0
/scratch/skscla001/experiments/datasets/swagen/audio/common_voice_sw_30123416.wav	katikati ya mwaka elfu moja mia tisa na themanini 	0
/scratch/skscla001/experiments/datasets/swagen/audio/common_voice_sw_30495169.wav	kimetawaliwa na teknolojia na utandawazi ambao unapinga 	0
/scratch/skscla001/experiments/datasets/swagen/audio/common_voice_sw_36382570.wav	mti mrefu sana 	1
/scratch/skscla001/experiments/datasets/swagen/audio/common_voice_sw_35206727.wav	amir habib jamal aliongoza kuanzia tarehe ishirini na sita januari 	0
/scratch/skscla001/experiments/datasets/swagen/audio/common_voice_sw_30717975.wav	wamekuwa na uhusiano tangu siku nyingi 	0
/scratch/skscla001/experiments/datasets/swagen/audio/common_voice_sw_28584681.wav	hatari hii huweza kudumu kwa takriban miezi miwili 	0
/scratch/skscla001/experiments/datasets/swagen/audio/common_voice_sw_29793858.wav	kisiwa hiki kimejaa bata wa aina mbalimbali wa kupendeza 	0
/scratch/skscla001/experiments/datasets/swagen/audio/common_voice_sw_35104873.wav	hawa wote walitokea radio tanzania dar es salaam 	0
/scratch/skscla001/experiments/datasets/swagen/audio/common_voice_sw_31283846.wav	kufuatilia na kutathimini matumizi ya ruzuku ya serikali za mitaa 	0
/scratch/skscla001/experiments/datasets/swagen/audio/common_voice_sw_29798592.wav	mchezaji nyota wa brazil zico alingara sana kipindi hicho 	0
/scratch/skscla001/experiments/datasets/swagen/audio/common_voice_sw_30566963.wav	hubaki na maambukizi ya kudumu ya virusi vya homa ya ini 	0
/scratch/skscla001/experiments/datasets/swagen/audio/common_voice_sw_37220027.wav	hii haibadilishi ukweli kwamba alikuwa mwanamke wa pekee 	0
/scratch/skscla001/experiments/datasets/swagen/audio/common_voice_sw_29793926.wav	timu za uingereza zilikuwa zinacheza kwa vurugu 	0
/scratch/skscla001/experiments/datasets/swagen/audio/common_voice_sw_37224384.wav	kwa waingereza na katika makoloni ya uingereza lakini watumwa waliokuwepo walibaki hivohivo 	0
/scratch/skscla001/experiments/datasets/swagen/audio/common_voice_sw_30667172.wav	walioishi nyakahanga karibu na kiongozi huyo wa jadi 	0
/scratch/skscla001/experiments/datasets/swagen/audio/common_voice_sw_35102793.wav	kujitangaza emir wa najd hapo alivamia ufalme wa hijaz 	0
/scratch/skscla001/experiments/datasets/swagen/audio/common_voice_sw_35123649.wav	kutokana na maendeleo ya kijamii na viwandani 	0
/scratch/skscla001/experiments/datasets/swagen/audio/common_voice_sw_30563448.wav	utaweza kuwa na mafanikia hivi karibuni 	0
/scratch/skscla001/experiments/datasets/swagen/audio/common_voice_sw_29848543.wav	alikuwa katibu mkuu wa muda katika wizara ya elimu zanzibar 	0
/scratch/skscla001/experiments/datasets/swagen/audio/common_voice_sw_30378789.wav	katika kugawanyika huko kuna kimachame na kirombo ambacho nacho kinatofautiana 	0
/scratch/skscla001/experiments/datasets/swagen/audio/common_voice_sw_35099877.wav	neno kujiuzulu tumesikia watu wengi wakiwa wamejiuzulu kipindi cha nyuma 	0
/scratch/skscla001/experiments/datasets/swagen/audio/common_voice_sw_36644246.wav	samia suluhu hassan alisoma stashahada ya uzamili ya uchumi katika chuo kikuu cha manchester 	0
/scratch/skscla001/experiments/datasets/swagen/audio/common_voice_sw_29789049.wav	umetabiriwa mara nyingine kwa sababu ya kupungua kwa mapato ya pembezoni 	0
/scratch/skscla001/experiments/datasets/swagen/audio/common_voice_sw_30017277.wav	vikosi vya amin na libya vilkitaka kushinda ili kuyarudisha nyuma majeshi ya tanzania 	0
/scratch/skscla001/experiments/datasets/swagen/audio/common_voice_sw_31305524.wav	chombo hicho kilikuwa hutengenezwa na magome ya miti na kilitumika 	1
/scratch/skscla001/experiments/datasets/swagen/audio/common_voice_sw_30114735.wav	akinyonyesha mtoto maziwa yatoke kwa wingi 	1
/scratch/skscla001/experiments/datasets/swagen/audio/common_voice_sw_30364992.wav	alijitolea maisha yake na ujana wake wote katika kupigania haki 	0
/scratch/skscla001/experiments/datasets/swagen/audio/common_voice_sw_35105123.wav	wa umeme samaki wanaopatikana katika msitu huo 	0
/scratch/skscla001/experiments/datasets/swagen/audio/common_voice_sw_30126752.wav	katika masomo ya sayansi na hisabati waliyapa kipaumbele 	0
/scratch/skscla001/experiments/datasets/swagen/audio/common_voice_sw_30196512.wav	zitakuwa ni ndogo mno kwa utafiti wao walioufanya 	0
/scratch/skscla001/experiments/datasets/swagen/audio/common_voice_sw_30581577.wav	au labda yanaumiza sana bali wapenzi wenyewe ndio wenye shida hivyo vinajana wanapaswa kutulia 	0
/scratch/skscla001/experiments/datasets/swagen/audio/common_voice_sw_30121917.wav	mo dewji alisomea marekani na mpango wake ulikuwa kusalia na kufanya kazi huko 	0
/scratch/skscla001/experiments/datasets/swagen/audio/common_voice_sw_29791041.wav	makampuni hayo yametoa ajira kwa raia wengi wa tanzania 	0
/scratch/skscla001/experiments/datasets/swagen/audio/common_voice_sw_37332145.wav	kutokana na kuiuzia kenya bidhaa zake katika mwezi huo 	0
/scratch/skscla001/experiments/datasets/swagen/audio/common_voice_sw_30363524.wav	hakuna aliyeamini kuwa pep ataondoka barcelona 	0
/scratch/skscla001/experiments/datasets/swagen/audio/common_voice_sw_34745283.wav	watu tisa wameripotiwa kuaga dunia katika tukio hilo 	0
/scratch/skscla001/experiments/datasets/swagen/audio/common_voice_sw_29586047.wav	leo hii wakazi wengi kabisa ni warusi 	0
/scratch/skscla001/experiments/datasets/swagen/audio/common_voice_sw_30377006.wav	takribani kilomita sabini na tano kaskaziini mwa jiji la daressalaam 	0
/scratch/skscla001/experiments/datasets/swagen/audio/common_voice_sw_30202192.wav	hasa anapokula na kucheza na mtoto wake wa kipekee zaidi 	0
/scratch/skscla001/experiments/datasets/swagen/audio/common_voice_sw_35155487.wav	za cocaine halisi na vidonge viwili vya dawa 	0
/scratch/skscla001/experiments/datasets/swagen/audio/common_voice_sw_35176883.wav	inayofanana na hiyo ya libya na nchi kama cote de voire 	0
/scratch/skscla001/experiments/datasets/swagen/audio/common_voice_sw_31996665.wav	nagoma kwenda kuteka maji 	0
/scratch/skscla001/experiments/datasets/swagen/audio/common_voice_sw_30108513.wav	karol alimaliza masomo yake ya seminarini 	0
/scratch/skscla001/experiments/datasets/swagen/audio/common_voice_sw_29626828.wav	na sasa hata katika ligi kuu za uingereza hispania ufaransa italia ujerumani nakadhalika 	0
/scratch/skscla001/experiments/datasets/swagen/audio/common_voice_sw_30574746.wav	hifadhi hii maarufu kwa wanyama jamii ya tumbili wajulikanao kama mbega weusi na weupe 	0
/scratch/skscla001/experiments/datasets/swagen/audio/common_voice_sw_29791346.wav	wakati bibi inapofika yeye anapokea mtoto kuwaonyesha watoto 	0
/scratch/skscla001/experiments/datasets/swagen/audio/common_voice_sw_28584802.wav	jina hili hutumika pia kwa manyasi marefu yoyote ya maji 	0
/scratch/skscla001/experiments/datasets/swagen/audio/common_voice_sw_37084057.wav	dopamineji ambayo hujibia glutamati seli hizi 	0
/scratch/skscla001/experiments/datasets/swagen/audio/common_voice_sw_30240951.wav	wakitangaza tu kushikamana nao pia kushirikiana nao 	0
/scratch/skscla001/experiments/datasets/swagen/audio/common_voice_sw_29847267.wav	kwa maana raia wa tanzania wanapeleka bidhaa burundi 	0
/scratch/skscla001/experiments/datasets/swagen/audio/common_voice_sw_37100697.wav	benki inatoa elimu kwa umma kupitia programu mbalimbali 	0
/scratch/skscla001/experiments/datasets/swagen/audio/common_voice_sw_30321919.wav	kufuatana na gudewekko mamake amin ni assa aatte 	1
/scratch/skscla001/experiments/datasets/swagen/audio/common_voice_sw_30196402.wav	kukabiliana na mistari yao ni ishara ya kuimba kwa wanawake 	0
/scratch/skscla001/experiments/datasets/swagen/audio/common_voice_sw_28690356.wav	pia alipata njozi 	1
/scratch/skscla001/experiments/datasets/swagen/audio/common_voice_sw_35105452.wav	tangu vita vya wenyewe kwa wenyewe nchini humo miaka kumi na nne iliyopita takriban 	0
/scratch/skscla001/experiments/datasets/swagen/audio/common_voice_sw_29961889.wav	pep alishinda mataji yaliyompa heshima akiwa kocha 	1
/scratch/skscla001/experiments/datasets/swagen/audio/common_voice_sw_30351749.wav	masomo yao na wengine kupoteza ndoto zao za maisha 	0
/scratch/skscla001/experiments/datasets/swagen/audio/common_voice_sw_35110331.wav	dean alikufa mwaka elfu mbili na tisa 	0
/scratch/skscla001/experiments/datasets/swagen/audio/common_voice_sw_29685965.wav	ya nchini hispania aliyekuwa anacheza nafasi ya kiungo mshambuliaji 	0
/scratch/skscla001/experiments/datasets/swagen/audio/common_voice_sw_29996826.wav	kazi ya mwenge ni kuwahamasisha watanzania 	1
/scratch/skscla001/experiments/datasets/swagen/audio/common_voice_sw_36389878.wav	visiwani zanzibar barani afrika na duniani kwa ujumla wamekuwa na mitazamo tofauti kwa wanawake 	0
/scratch/skscla001/experiments/datasets/swagen/audio/common_voice_sw_35176751.wav	atawasili kwa ajili ya kuwasalimia na kuzungumza na wananchi wa gairo 	0
/scratch/skscla001/experiments/datasets/swagen/audio/common_voice_sw_30585339.wav	miongoni mwa maajabu hayo ni yale ambayo hutokea nyakati za asubuhi 	0
/scratch/skscla001/experiments/datasets/swagen/audio/common_voice_sw_35279258.wav	tukio hilo lilisababisha kuvunjwa kwa kikosi chote cha wanahewa 	0
/scratch/skscla001/experiments/datasets/swagen/audio/common_voice_sw_29588869.wav	makao yake ni mjini nairobi kenya 	0
/scratch/skscla001/experiments/datasets/swagen/audio/common_voice_sw_30021664.wav	ni mfanyabiashara na mwanasiasa ambaye pia amewekeza katika kandanda 	0
/scratch/skscla001/experiments/datasets/swagen/audio/common_voice_sw_30100150.wav	uwezo wa wachezaji huhitajika mara zote katika kutekeleza majukumu yanayotokana na mfumo unaotumika 	1
/scratch/skscla001/experiments/datasets/swagen/audio/common_voice_sw_35181668.wav	ee aa aa aondoke wataanza labda 	0
/scratch/skscla001/experiments/datasets/swagen/audio/common_voice_sw_36644338.wav	hawajainishwa katika nakala hii tutakuambia sifa 	0
/scratch/skscla001/experiments/datasets/swagen/audio/common_voice_sw_29799175.wav	nchi ya peru ilishiriki kombe la dunia 	0
/scratch/skscla001/experiments/datasets/swagen/audio/common_voice_sw_34826828.wav	tunaangalia chanzo kikubwa kabisa kilikuwa ni kupinga manyanyaso 	0
/scratch/skscla001/experiments/datasets/swagen/audio/common_voice_sw_32210622.wav	nchu akitaka kuanda kunena kwanda huangalia lake 	1
/scratch/skscla001/experiments/datasets/swagen/audio/common_voice_sw_30332061.wav	malengo mengineyo yalikuwa ni katika kulinda maslahi ya jamii ya kabila la wamaasai 	0
/scratch/skscla001/experiments/datasets/swagen/audio/common_voice_sw_31791996.wav	pamoja na ile bandari ya mtwara kusini mwa nchi 	0
/scratch/skscla001/experiments/datasets/swagen/audio/common_voice_sw_34977500.wav	akiwa shuleni la salle mara kwa mara castro alionekana 	0
/scratch/skscla001/experiments/datasets/swagen/audio/common_voice_sw_35279253.wav	katika nadharia mbalimbali za isimu muundo wa kiswahili 	0
/scratch/skscla001/experiments/datasets/swagen/audio/common_voice_sw_30397706.wav	watu wenye virusi vya corona kutoka kwa watu walioambukizwa 	0
/scratch/skscla001/experiments/datasets/swagen/audio/common_voice_sw_30143807.wav	wilaya imeanzisha na kujenga mradi mmoja mkubwa wa umwagiliaji 	0
/scratch/skscla001/experiments/datasets/swagen/audio/common_voice_sw_30243091.wav	kuumwa kichwa kutetemeka na kuumwa mwili mzima 	0
/scratch/skscla001/experiments/datasets/swagen/audio/common_voice_sw_36383840.wav	la kifo na ufufuko wake mwenyewe kitabu kitakatifu cha 	1
/scratch/skscla001/experiments/datasets/swagen/audio/common_voice_sw_37099059.wav	nchini sierra leon kikundi cha west side boys 	0
/scratch/skscla001/experiments/datasets/swagen/audio/common_voice_sw_29790200.wav	ukiachana na madaraja ambayo yamemtambulisha vilivyo 	0
/scratch/skscla001/experiments/datasets/swagen/audio/common_voice_sw_30233640.wav	lilikuwa ni la anglikana ambalo kwa asili ni la uingereza 	1
/scratch/skscla001/experiments/datasets/swagen/audio/common_voice_sw_35214535.wav	imejitolea kukuza ukuaji wa muda mrefu katika sekta za baharini na usafirishaji 	0
/scratch/skscla001/experiments/datasets/swagen/audio/common_voice_sw_37085642.wav	benzema alikuwa mchezaji wa timu ya taifa na kuiwakilisha nchi yake 	0
/scratch/skscla001/experiments/datasets/swagen/audio/common_voice_sw_30638441.wav	mwanadamu akavipa viumbe vyote majina ili aweze kuwafundisha wengine 	0
/scratch/skscla001/experiments/datasets/swagen/audio/common_voice_sw_30005106.wav	wapare ni jamii ya kabila la wapare wanapatikana moshi wilaya ya same 	0
/scratch/skscla001/experiments/datasets/swagen/audio/common_voice_sw_28581995.wav	rasmi huwa sherehe za utoaji wa tuzo mbalimbali 	0
/scratch/skscla001/experiments/datasets/swagen/audio/common_voice_sw_30036076.wav	mto niger na mto congo bila kusahau mto zambezi 	0
/scratch/skscla001/experiments/datasets/swagen/audio/common_voice_sw_34943091.wav	yalichangiwa sana na mfumuko wa bei 	0
/scratch/skscla001/experiments/datasets/swagen/audio/common_voice_sw_30439466.wav	uchapakazi wake na uweledi umefanya wengi wazidi kumpenda 	0
/scratch/skscla001/experiments/datasets/swagen/audio/common_voice_sw_37221428.wav	hatimaye akakutana na kundi dogo la watu 	0
/scratch/skscla001/experiments/datasets/swagen/audio/common_voice_sw_30552845.wav	amekuwa makamu wa rais kwa muhula wote wa kwanza wa rais magufuli 	0
/scratch/skscla001/experiments/datasets/swagen/audio/common_voice_sw_34958965.wav	oma ujumbe ambao umetutumia victor karibu asante sana tumepokea ujumbe chungu zima kutoka 	0
/scratch/skscla001/experiments/datasets/swagen/audio/common_voice_sw_37100109.wav	kana kwamba najihisi kuwa mtu ambaye 	0
/scratch/skscla001/experiments/datasets/swagen/audio/common_voice_sw_29793541.wav	idadi kubwa ya wanafunzi kutoka shule mbalimbali nchini tanzania hutembelea hifadhi hii 	0
/scratch/skscla001/experiments/datasets/swagen/audio/common_voice_sw_31787959.wav	samaki aina ya chui wanapatikana katika mto naili pekee barani africa 	0
/scratch/skscla001/experiments/datasets/swagen/audio/common_voice_sw_35279637.wav	ni watu wangapi watu gani unawatakia kuwatakia idd 	0
/scratch/skscla001/experiments/datasets/swagen/audio/common_voice_sw_31433790.wav	kuna sita za kukwea mlima mlima kilimanjaro hadi kileleni 	0
/scratch/skscla001/experiments/datasets/swagen/audio/common_voice_sw_29013540.wav	alipata kuwa mkuu wa kwanza wa shirika hilo lote la mt 	0
/scratch/skscla001/experiments/datasets/swagen/audio/common_voice_sw_31269936.wav	reli hii ilikuwa na urefu wa kilomita elfu moja mia mbili arobaini na tano 	0
/scratch/skscla001/experiments/datasets/swagen/audio/common_voice_sw_31284669.wav	siku hizi biashara nyingi zinafanyika kupitia mitandao ya kijamii 	0
/scratch/skscla001/experiments/datasets/swagen/audio/common_voice_sw_37093773.wav	yatokanayo na matumizi ya madawa ya kulevya kwani ni hatari 	0
/scratch/skscla001/experiments/datasets/swagen/audio/common_voice_sw_30580988.wav	lililoendesha shughuli zake kisiri kwa lengo la kuungoa madarakani utawala wa batista 	0
/scratch/skscla001/experiments/datasets/swagen/audio/common_voice_sw_35104288.wav	auti yake waziri mkuu wa israel benjamin netanyahu 	0
/scratch/skscla001/experiments/datasets/swagen/audio/common_voice_sw_30098536.wav	mama aliulizwa na mganga mwanae ataitwa jina gani alimuambia wewe nitajie tu jina lako 	0
/scratch/skscla001/experiments/datasets/swagen/audio/common_voice_sw_30091555.wav	wakati wa misiba sherehe na hata kwenye matukio ya kijamii walisaidiana kwa upendo 	1
/scratch/skscla001/experiments/datasets/swagen/audio/common_voice_sw_28963932.wav	upimaji unaweza kutumika kuamua ukali wa kuharibika kwa kusikia 	1
/scratch/skscla001/experiments/datasets/swagen/audio/common_voice_sw_30660077.wav	mwalimu mkuu alielekea kwa mama aliyekuwa akiuza vitumbua nje kidogo ya shule 	0
/scratch/skscla001/experiments/datasets/swagen/audio/common_voice_sw_36250933.wav	karatasi nyeusi 	0
/scratch/skscla001/experiments/datasets/swagen/audio/common_voice_sw_29793722.wav	hakuna chombo chochote cha habari cha tanzania kilichoandika taarifa zozote 	0
/scratch/skscla001/experiments/datasets/swagen/audio/common_voice_sw_29789779.wav	katika kitabu cha mwaka wa elfu moja mia nane tisini na nne 	0
/scratch/skscla001/experiments/datasets/swagen/audio/common_voice_sw_34824108.wav	nionapo majaribu na mateso 	0
/scratch/skscla001/experiments/datasets/swagen/audio/common_voice_sw_31266553.wav	chama ama hicho alikisaidia kukijenga alipokuwa mwanafunzi katika chuo kikuu cha makerere 	0
/scratch/skscla001/experiments/datasets/swagen/audio/common_voice_sw_30661120.wav	mfano maeneo ya nchi za jamhuri ya kidemokrasia ya congo 	1
/scratch/skscla001/experiments/datasets/swagen/audio/common_voice_sw_34597172.wav	kwa vyanzo tofauti kama vile zifuatazokumwaga kwa viwandakumwaga 	0
/scratch/skscla001/experiments/datasets/swagen/audio/common_voice_sw_30653869.wav	yapo makampuni makubwa ya kimataifa yenye uwezo wa mitaji 	0
/scratch/skscla001/experiments/datasets/swagen/audio/common_voice_sw_30105457.wav	wakati sultani sayyid said alipoamua kuhamisha makao yake makuu 	0
/scratch/skscla001/experiments/datasets/swagen/audio/common_voice_sw_29810749.wav	mwamubambe alikuwa na jeshi kubwa na wafuasi wengi wenye uwezo wa vita 	1
/scratch/skscla001/experiments/datasets/swagen/audio/common_voice_sw_34906962.wav	ndio maana wanawake wameanza kutafuta namna nyingine 	0
/scratch/skscla001/experiments/datasets/swagen/audio/common_voice_sw_35582766.wav	familia kumgeuza mtumiaji kutoka njia hatari zaidi za kutumia dawa za 	0
/scratch/skscla001/experiments/datasets/swagen/audio/common_voice_sw_30561937.wav	mei kumi elfu moja mia tisa themanini na nane maalim self alikamatwa na polisi 	0
/scratch/skscla001/experiments/datasets/swagen/audio/common_voice_sw_30299454.wav	padre paul peter haule alipata daraja takatifu la ushemasi 	1
/scratch/skscla001/experiments/datasets/swagen/audio/common_voice_sw_34748541.wav	ilivyo adhimishwa huko jijini bujumbura 	0
/scratch/skscla001/experiments/datasets/swagen/audio/common_voice_sw_35183952.wav	baada ya kumaliza kinywaji jacob alisimama na kuangalia picha za ofisini kwa bi anita 	0
/scratch/skscla001/experiments/datasets/swagen/audio/common_voice_sw_29713637.wav	husaidia kutofautisha utambuzi kati ya utegemezi pombe na matumizi sugu ya pombe 	0
/scratch/skscla001/experiments/datasets/swagen/audio/common_voice_sw_30028916.wav	walipitishwa katika njia hiyo na wakoloni wakati wa vita 	0
/scratch/skscla001/experiments/datasets/swagen/audio/common_voice_sw_30350604.wav	utalii husaidia kuongezeka kwa mzunguko wa fedha 	0
/scratch/skscla001/experiments/datasets/swagen/audio/common_voice_sw_29997174.wav	tumekukusanyia baadhi ya sababu zinazopelekea watu wengi kupendelea kwenda kutalii mkoa wa tanga 	1
/scratch/skscla001/experiments/datasets/swagen/audio/common_voice_sw_30357275.wav	bidhaa zilizokuwa zinazingizwa nje zilipugua kiasi cha kuathiri uchumi 	1
/scratch/skscla001/experiments/datasets/swagen/audio/common_voice_sw_35176681.wav	mmiliki wa faili hilo alikuwa ni alberto kito na ndipo jacob akamkumbuka debby 	0
/scratch/skscla001/experiments/datasets/swagen/audio/common_voice_sw_35410254.wav	tutarudi kila siku 	0
/scratch/skscla001/experiments/datasets/swagen/audio/common_voice_sw_31285717.wav	tanzania haikuwepo hadi aprili ishirini na sita elfu moja mia tisa sitini na nne 	0
/scratch/skscla001/experiments/datasets/swagen/audio/common_voice_sw_36617063.wav	a chancellor wa ujerumani angela mickel 	0
/scratch/skscla001/experiments/datasets/swagen/audio/common_voice_sw_35103504.wav	kufika wakati walichukue kombe hilo mara tatu mfululizo na ikishalichukua mara tatu mfululizo 	0
/scratch/skscla001/experiments/datasets/swagen/audio/common_voice_sw_29620744.wav	kuna aina mbalimbali 	0
/scratch/skscla001/experiments/datasets/swagen/audio/common_voice_sw_29539276.wav	kwa mfano nadharia ya utafiti 	0
/scratch/skscla001/experiments/datasets/swagen/audio/common_voice_sw_31284874.wav	hadi kufikia mwezi wanane mwaka wa elfu moja amia tisa kumi nasita 	0
/scratch/skscla001/experiments/datasets/swagen/audio/common_voice_sw_36390524.wav	ni suala ambalo tulikubaliana tusiliseme kwa mtu yeyote kwa usalama wetu alisema magreth 	1
/scratch/skscla001/experiments/datasets/swagen/audio/common_voice_sw_31283812.wav	waargentina walitamba wakiwa na maradona 	0
/scratch/skscla001/experiments/datasets/swagen/audio/common_voice_sw_36252906.wav	ini haikuwa bahati yake kama unavyofahamu kifo 	1
/scratch/skscla001/experiments/datasets/swagen/audio/common_voice_sw_30193248.wav	mitetemeko yote inayohusiana na milima ya litembo ilijengwa vibanda 	0
/scratch/skscla001/experiments/datasets/swagen/audio/common_voice_sw_29959425.wav	vita baridi vilikuwa ni vita ambavyo havikutumia siilaha kama ilivyo kwa vita vingine 	0
/scratch/skscla001/experiments/datasets/swagen/audio/common_voice_sw_35171895.wav	yesu alizaliwa na bikira maria kwa uwezo wa roho mtakatifu huko bethlehemu ya uyahudi 	0
/scratch/skscla001/experiments/datasets/swagen/audio/common_voice_sw_35104983.wav	nimekula maembe 	0
/scratch/skscla001/experiments/datasets/swagen/audio/common_voice_sw_29799296.wav	wanaume wa kichagga hupendelea kufanya kazi mbali na kwao 	0
/scratch/skscla001/experiments/datasets/swagen/audio/common_voice_sw_30629401.wav	katika jumuiya isiyo na upendeleo na alikosoa kwa kiasi kikubwa 	0
/scratch/skscla001/experiments/datasets/swagen/audio/common_voice_sw_30196669.wav	wilaya ya handeni mkoani tanga lugha yao huitwa kizigua 	0
/scratch/skscla001/experiments/datasets/swagen/audio/common_voice_sw_36382359.wav	kupunguza uzalishaji wa mmea na inaweza kuondoa virutubishi vilivyo 	1
/scratch/skscla001/experiments/datasets/swagen/audio/common_voice_sw_35183859.wav	katika miji na vijiji vidogo hautawahi kuona wenzi 	0
/scratch/skscla001/experiments/datasets/swagen/audio/common_voice_sw_29848312.wav	wanakuja kununua madini hayo ya tanzanite na kuondoka 	0
/scratch/skscla001/experiments/datasets/swagen/audio/common_voice_sw_30073794.wav	hivyo wageni na watu wengine waliwatambua watu wa maeneo hayo kuwa ni wadigo 	0
/scratch/skscla001/experiments/datasets/swagen/audio/common_voice_sw_31370831.wav	kwa kiasi fulani ukomeshaji wa biashara ya utumwa ulikuwa unamanufaa ya kiuchumi kwao 	1
/scratch/skscla001/experiments/datasets/swagen/audio/common_voice_sw_30421123.wav	nahodha wa ghana asamoah gyan alikosa mkwaju wa penati 	0
/scratch/skscla001/experiments/datasets/swagen/audio/common_voice_sw_30342394.wav	mkataba wake utaanza mwaka elfu mbili na ishirini 	1
/scratch/skscla001/experiments/datasets/swagen/audio/common_voice_sw_37096308.wav	wakati wa vita kuu ya kwanza ya duniaa hakushiriki katika vita ya 	0
/scratch/skscla001/experiments/datasets/swagen/audio/common_voice_sw_30522596.wav	badae yanapelekwa katika bandari kwa ajili ya kusafirishwa na kupelekwa bara la ulaya 	0
/scratch/skscla001/experiments/datasets/swagen/audio/common_voice_sw_36038194.wav	na jumuiya kimataifa alasan watera 	1
/scratch/skscla001/experiments/datasets/swagen/audio/common_voice_sw_30585207.wav	mendi alizaa mtoto mmoja tu munchari na watu hawa hujiitia emendi 	0
/scratch/skscla001/experiments/datasets/swagen/audio/common_voice_sw_34906864.wav	ya kupambana dhidi ya maambukizi ya ukimwi na unyanyapaji 	0
/scratch/skscla001/experiments/datasets/swagen/audio/common_voice_sw_37090922.wav	ya kwanza ya wakristo chini ya serikali petro ni mfano mzuri wa 	0
/scratch/skscla001/experiments/datasets/swagen/audio/common_voice_sw_28669684.wav	kabla ya mechi 	1
/scratch/skscla001/experiments/datasets/swagen/audio/common_voice_sw_30624004.wav	na kumi na tano kati ya mia moja waliopata maambukizi ya ini 	0
/scratch/skscla001/experiments/datasets/swagen/audio/common_voice_sw_34746635.wav	alikuwa ni rais wa kwanza wa kenyaalizaliwa mwelfu moja mia nane tisini na 	0
/scratch/skscla001/experiments/datasets/swagen/audio/common_voice_sw_29174916.wav	alikuwa mkristo tena shemasi wa madhehebu ya kanisa la kiorthodoksi la ethiopia 	0
/scratch/skscla001/experiments/datasets/swagen/audio/common_voice_sw_30381641.wav	mongolia yalitangaza pia hali ya vita dhidi ya ujerumani na japani 	1
/scratch/skscla001/experiments/datasets/swagen/audio/common_voice_sw_36310814.wav	tarehe kumi na mbili desemba mwaka elfu moja mia tisa sitini na nne 	1
/scratch/skscla001/experiments/datasets/swagen/audio/common_voice_sw_30241793.wav	zinaongezeka halmashauri ya mji wa handeni na halmashauri ya wilaya ya handeni 	0
/scratch/skscla001/experiments/datasets/swagen/audio/common_voice_sw_30126499.wav	ingawa wakati wa masika barabara zinaweza kutopitika kirahisi 	0
/scratch/skscla001/experiments/datasets/swagen/audio/common_voice_sw_30073324.wav	waliwasaidia adui wa adui yao kwa jina la oparesheni 	0
/scratch/skscla001/experiments/datasets/swagen/audio/common_voice_sw_35105816.wav	wanaoshukiwa kuwa mstari wa mbele kutekeleza mauaji hayo 	0
/scratch/skscla001/experiments/datasets/swagen/audio/common_voice_sw_29589314.wav	hizi ni rangi za bendera ya ethiopia au rangi za umoja wa afrika 	0
/scratch/skscla001/experiments/datasets/swagen/audio/common_voice_sw_30570340.wav	kutokana na kitendo hicho mandela na viongozi wenzake walikamatwa 	0
/scratch/skscla001/experiments/datasets/swagen/audio/common_voice_sw_35176942.wav	kesho asubuhi nina kazi nyingi ya kufanya 	0
/scratch/skscla001/experiments/datasets/swagen/audio/common_voice_sw_29611177.wav	watu walianza kupinga serikali na kuchukua silaha katika sehemu mbalimbali za nchi 	0
/scratch/skscla001/experiments/datasets/swagen/audio/common_voice_sw_37095422.wav	katika lugha adhimu ya kiswahili 	0
/scratch/skscla001/experiments/datasets/swagen/audio/common_voice_sw_31333235.wav	alianza kukumbana na shida ya ubaguzi wa rangi 	0
/scratch/skscla001/experiments/datasets/swagen/audio/common_voice_sw_30022819.wav	ndege huyo hawezi kuruka kutokana na uzito wa mwili wake 	0
/scratch/skscla001/experiments/datasets/swagen/audio/common_voice_sw_31787696.wav	kushiriki katika biashara ya siri ya pembe za ndovu kutoka kongo 	0
/scratch/skscla001/experiments/datasets/swagen/audio/common_voice_sw_30378499.wav	sekta ya utalii inategemewa kwa kiasi kikubwa sana 	0
/scratch/skscla001/experiments/datasets/swagen/audio/common_voice_sw_34763181.wav	dalili hizo zinapodumu kwa muda mrefu nenda ukapime 	0
/scratch/skscla001/experiments/datasets/swagen/audio/common_voice_sw_28584800.wav	kwa kawaida mtu mzima huwa na meno thelathini na mbili 	0
/scratch/skscla001/experiments/datasets/swagen/audio/common_voice_sw_28694322.wav	baada ya kufika mkoani morogoro ndipo akaanza masomo yake ya awali 	1
/scratch/skscla001/experiments/datasets/swagen/audio/common_voice_sw_30008150.wav	anthemius alipata upatikanaji wa chini ya zeno na akaweka kifaa cha mvuke shinikizo 	1
/scratch/skscla001/experiments/datasets/swagen/audio/common_voice_sw_34597078.wav	ni salum alfan baruan 	0
/scratch/skscla001/experiments/datasets/swagen/audio/common_voice_sw_35104065.wav	simulizi na baadhi ya tafiti zenye mashiko kuwa mtawala wa mwanzo wa kiluguru ni 	0
/scratch/skscla001/experiments/datasets/swagen/audio/common_voice_sw_30071965.wav	kuchimba visima vya maji na kuchimba barabara na kadhalika 	0
/scratch/skscla001/experiments/datasets/swagen/audio/common_voice_sw_29864110.wav	ngoma hiyo hutumika wakati wa sherehe kama harusi na kadhalika 	1
/scratch/skscla001/experiments/datasets/swagen/audio/common_voice_sw_29748094.wav	kuna nyota nyingi katika eneo la kundinyota hili lakini zote si angavu sana 	0
/scratch/skscla001/experiments/datasets/swagen/audio/common_voice_sw_36615626.wav	tunaopaswa kufahamu kuhusu madhara ya ugonjwa wa malaria 	0
/scratch/skscla001/experiments/datasets/swagen/audio/common_voice_sw_28584468.wav	umoja huo ulianzishwa na mataifa washindi wa vita kuu ya kwanza ya dunia 	0
/scratch/skscla001/experiments/datasets/swagen/audio/common_voice_sw_34958811.wav	miaka minane kama makamu wa rais wa reagan bush alijaribu kwa mara nyingine tena 	0
/scratch/skscla001/experiments/datasets/swagen/audio/common_voice_sw_34979425.wav	si fukwe tu bali zanzibar kuna vivutio vingi vya asili 	0
/scratch/skscla001/experiments/datasets/swagen/audio/common_voice_sw_35279541.wav	zimekuwa zikiwavutia viongozi mbali mbali kama vile 	0
/scratch/skscla001/experiments/datasets/swagen/audio/common_voice_sw_37097996.wav	nitasafiri wiki ijayo 	1
/scratch/skscla001/experiments/datasets/swagen/audio/common_voice_sw_35104865.wav	hna amesema kuwa aliamua kuchukua hatua ya kushauriana na serikali ya iran 	0
/scratch/skscla001/experiments/datasets/swagen/audio/common_voice_sw_29664188.wav	kikanisa lina majimbo ya bubanza na bururi chini yake 	0
/scratch/skscla001/experiments/datasets/swagen/audio/common_voice_sw_30098008.wav	kwa upande wa vijana huku ndiko maombolezo 	0
/scratch/skscla001/experiments/datasets/swagen/audio/common_voice_sw_30326925.wav	mzee mwinyi kabla hajatawala tanzania alikuwa visiwani 	0
/scratch/skscla001/experiments/datasets/swagen/audio/common_voice_sw_31285983.wav	vilevile misitu yenye mandhari mazuri yenye kupendeza 	0
/scratch/skscla001/experiments/datasets/swagen/audio/common_voice_sw_37090149.wav	wa maji ya mto huu umeundwa na mto 	1
/scratch/skscla001/experiments/datasets/swagen/audio/common_voice_sw_28584922.wav	matendo ya chuki ni tofauti na matendo ya kibinafsi 	0
/scratch/skscla001/experiments/datasets/swagen/audio/common_voice_sw_30718368.wav	nilijikuta nauliza bila kupata majibu yake 	0
/scratch/skscla001/experiments/datasets/swagen/audio/common_voice_sw_37096519.wav	katika mwamba ukristo uko afrika katika wingi wa madhehebu 	0
/scratch/skscla001/experiments/datasets/swagen/audio/common_voice_sw_35103681.wav	hawezi mwingine kunifaa 	0
/scratch/skscla001/experiments/datasets/swagen/audio/common_voice_sw_30173742.wav	watapata ajira ama kufanikiwa katika baadhi ya mambo waliyoyataka 	0
/scratch/skscla001/experiments/datasets/swagen/audio/common_voice_sw_36067409.wav	kuna unyanyapaaji wa watu wanaojihusiana na mapenzi ya jinsia moja 	1
/scratch/skscla001/experiments/datasets/swagen/audio/common_voice_sw_30023548.wav	mbuga zote za wanyama nchini zina wanayama wakubwa 	0
/scratch/skscla001/experiments/datasets/swagen/audio/common_voice_sw_37095040.wav	kuikaribia miili ya wapendwa wao wakati wa mazishi 	1
/scratch/skscla001/experiments/datasets/swagen/audio/common_voice_sw_29938392.wav	alikuwa na urefu wa sentimita mia moja na tisini 	1
/scratch/skscla001/experiments/datasets/swagen/audio/common_voice_sw_36039511.wav	zao na desturi zao lakini baada ya muda wamisri waliona 	0
/scratch/skscla001/experiments/datasets/swagen/audio/common_voice_sw_29905898.wav	guardiola aliamua kupumzika kufundisha soka 	1
/scratch/skscla001/experiments/datasets/swagen/audio/common_voice_sw_30022076.wav	elimu hii iliwasaidia kupambana na changamoto za familia na kudumisha amani na upendo 	0
/scratch/skscla001/experiments/datasets/swagen/audio/common_voice_sw_29925055.wav	kazimzumbwi ina ukubwa wa takribani hekta elfu tatu 	0
/scratch/skscla001/experiments/datasets/swagen/audio/common_voice_sw_28669853.wav	kabila kubwa ni lile la wasukuma 	0
/scratch/skscla001/experiments/datasets/swagen/audio/common_voice_sw_37083983.wav	nadhani katika mataifa mengine itakuwa ni hivo 	0
/scratch/skscla001/experiments/datasets/swagen/audio/common_voice_sw_29594614.wav	wadudu hao hawana mabawa lakini wanaweza kuruka mbali sana ikilinganishwa na ukubwa wao 	0
/scratch/skscla001/experiments/datasets/swagen/audio/common_voice_sw_29235518.wav	tangu wakati huo hali yake ya kiafya haikuwa nzuri 	0
/scratch/skscla001/experiments/datasets/swagen/audio/common_voice_sw_34597853.wav	ni madhara na maovu yake yote 	0
/scratch/skscla001/experiments/datasets/swagen/audio/common_voice_sw_30316831.wav	ukilizungumzia swala hili mahala fulani watu wanaweza kukuona muongo 	0
/scratch/skscla001/experiments/datasets/swagen/audio/common_voice_sw_29259453.wav	baba yake alikuwa mfalme wa poland 	0
/scratch/skscla001/experiments/datasets/swagen/audio/common_voice_sw_35183804.wav	chukua hatua ambazo hazita tuadhiri na wakati huo huo 	0
/scratch/skscla001/experiments/datasets/swagen/audio/common_voice_sw_30054580.wav	ni bandari ya kilwa masoko katika eneo la tanganyika pia 	0
/scratch/skscla001/experiments/datasets/swagen/audio/common_voice_sw_30574522.wav	chelsea inamtaja didier drogba kama mchezaji wao bora sana kwenye kikosi 	0
/scratch/skscla001/experiments/datasets/swagen/audio/common_voice_sw_31285711.wav	kwasababu gharama za uendeshaji wa vita zilikuwa kubwa 	0
/scratch/skscla001/experiments/datasets/swagen/audio/common_voice_sw_30573691.wav	mapema karne ya kumi na tano nyumba mpya za mawe ziliendelea kujengwa 	0
/scratch/skscla001/experiments/datasets/swagen/audio/common_voice_sw_28804143.wav	kwa hiyo lugha imetoweka kabisa kwa sasa 	0
/scratch/skscla001/experiments/datasets/swagen/audio/common_voice_sw_30363041.wav	waziri mkuu majaliwa tarehe kumi na tisa novemba elfu mbili na kumi na tano 	1
/scratch/skscla001/experiments/datasets/swagen/audio/common_voice_sw_30379332.wav	bila kusahau umuhimu wake katika sekta nyingine mbalimbali 	0
/scratch/skscla001/experiments/datasets/swagen/audio/common_voice_sw_34943415.wav	liandikwalo ndiyo liwalo 	0
/scratch/skscla001/experiments/datasets/swagen/audio/common_voice_sw_29792189.wav	umri wake wa kuishi ni miaka sitini 	0
/scratch/skscla001/experiments/datasets/swagen/audio/common_voice_sw_29923596.wav	ilitungwa sheria ya usalama wa raia ilyopelekea kupigwa marufuku 	0
/scratch/skscla001/experiments/datasets/swagen/audio/common_voice_sw_30133525.wav	miaka kumi imepita tangu guardiola aondoke barcelona 	1
/scratch/skscla001/experiments/datasets/swagen/audio/common_voice_sw_29246480.wav	hadi hapa maendeleo ya vikosi vya maungano yalikuwa na matatizo mengi 	0
/scratch/skscla001/experiments/datasets/swagen/audio/common_voice_sw_30568025.wav	ukame huo huathiri sana mifugo ya jamii hiyo 	0
/scratch/skscla001/experiments/datasets/swagen/audio/common_voice_sw_35181902.wav	sana kwa sababu kilimo chao ni cha mazao ya kudumu kama kahawa na ndizi 	0
/scratch/skscla001/experiments/datasets/swagen/audio/common_voice_sw_30274994.wav	kwa kawaida makabila mengine yote ya wafugaji ukiwatoa wasukuma 	0
/scratch/skscla001/experiments/datasets/swagen/audio/common_voice_sw_30343093.wav	elfu moja mia nane na nne aliimarisha utawala wa omani 	0
/scratch/skscla001/experiments/datasets/swagen/audio/common_voice_sw_30375760.wav	chatu wenye uwezo wa kupanda miti waneifanya tarangire kuwa ya kipekee 	0
/scratch/skscla001/experiments/datasets/swagen/audio/common_voice_sw_28663206.wav	wanaishi huko indonesia papua new guinea na australia ya mashariki 	1
/scratch/skscla001/experiments/datasets/swagen/audio/common_voice_sw_29749169.wav	zina tabia za kufanana 	0
/scratch/skscla001/experiments/datasets/swagen/audio/common_voice_sw_36364190.wav	amepata mapendekezo kadhaa ambayo 	0
/scratch/skscla001/experiments/datasets/swagen/audio/common_voice_sw_28672760.wav	yeye ni wa kwanza kuzaliwa kutoka katika familia ya watoto watano 	0
/scratch/skscla001/experiments/datasets/swagen/audio/common_voice_sw_35103847.wav	benki kuu ya tanzania ina muundo wa bodi yake 	0
/scratch/skscla001/experiments/datasets/swagen/audio/common_voice_sw_29793861.wav	sekta binafsi zinahitaji kufunguliwa milango ya mikopo na mitaji 	0
/scratch/skscla001/experiments/datasets/swagen/audio/common_voice_sw_31940453.wav	watoto awa waandika uzuri 	1
/scratch/skscla001/experiments/datasets/swagen/audio/common_voice_sw_29645006.wav	ni mwigizaji filamu wa kike wa nigeria pia ni mwongozaji wa filamu na mwanamitindo 	0
/scratch/skscla001/experiments/datasets/swagen/audio/common_voice_sw_28682667.wav	magamba ni makubwa kiasi 	1
/scratch/skscla001/experiments/datasets/swagen/audio/common_voice_sw_30035368.wav	wakapoteza vitu vyao ndani ya umoja wa afrika kitaifa tanganyika na serikalini pia 	0
/scratch/skscla001/experiments/datasets/swagen/audio/common_voice_sw_29262332.wav	kasi ya harakati inategemea na tabia za mwamba unaopatikana 	0
/scratch/skscla001/experiments/datasets/swagen/audio/common_voice_sw_29997109.wav	wakati msitu wa amazon ukiongoza kwa ukubwa duniani unafuatiwa na msitu wa kongo 	1
/scratch/skscla001/experiments/datasets/swagen/audio/common_voice_sw_29702950.wav	kazi za sanaa zinapatikana jijini 	0
/scratch/skscla001/experiments/datasets/swagen/audio/common_voice_sw_36299854.wav	ee vimeitisha maandamano jijini kampala na kwingineko ili kuishinikiza tume ya uchaguzi mkuu 	1
/scratch/skscla001/experiments/datasets/swagen/audio/common_voice_sw_28681690.wav	historia ya binadamu katika ethiopia ilianza mapema kabisa 	1
/scratch/skscla001/experiments/datasets/swagen/audio/common_voice_sw_35104248.wav	imeongeza kasi ya kutoa fedha kwa wateja 	0
/scratch/skscla001/experiments/datasets/swagen/audio/common_voice_sw_30336377.wav	pep guardiola aliweza kubadili staili ya bayern munich 	0
/scratch/skscla001/experiments/datasets/swagen/audio/common_voice_sw_29925923.wav	kipindi cha kiangazi au ukame wanyama hujipatia hifadhi ya maji kupitia magome ya mibuyu 	0
/scratch/skscla001/experiments/datasets/swagen/audio/common_voice_sw_34958972.wav	jitihada zinachukuliwa hivi sasa kuwawezesha kupata utaalamu bora 	0
/scratch/skscla001/experiments/datasets/swagen/audio/common_voice_sw_30575344.wav	mumewe bwana boi selemani alipewa kadi namba kumi na tano 	1
/scratch/skscla001/experiments/datasets/swagen/audio/common_voice_sw_30034026.wav	akipokea hundi hiyo mtendaji mkuu wa simba barbara gonzalez 	0
/scratch/skscla001/experiments/datasets/swagen/audio/common_voice_sw_35272536.wav	ndege ya kwanza iliyokodiwa na wizara ya mambo ya nchi za nje ya ufaransa 	0
/scratch/skscla001/experiments/datasets/swagen/audio/common_voice_sw_34598249.wav	watu wenye mamlaka walikusudia kuangamiza kundi 	0
/scratch/skscla001/experiments/datasets/swagen/audio/common_voice_sw_31585112.wav	ni kwenye bonde la mto nile kaskazini mwa ziwa turkana 	0
/scratch/skscla001/experiments/datasets/swagen/audio/common_voice_sw_35214600.wav	lincoln alikowahi kusoma mwenyewe na kilichokuwa chuo kwa waamerika weusi nkrumah angependelea kusoma london 	0
/scratch/skscla001/experiments/datasets/swagen/audio/common_voice_sw_29788356.wav	pili kushirikiana katika kula kunachochea ushirikiano katika mambo mengine 	0
/scratch/skscla001/experiments/datasets/swagen/audio/common_voice_sw_30058995.wav	alikuwa anapenda kusaidia kazi mbalimbali za nyumbani 	0
/scratch/skscla001/experiments/datasets/swagen/audio/common_voice_sw_29797526.wav	bayern munich wamebeba ubingwa wa ujerumani mara tisa mfululizo 	0
/scratch/skscla001/experiments/datasets/swagen/audio/common_voice_sw_35156580.wav	ni kwamba wananchi vile wanachukulia uchaguzi 	0
/scratch/skscla001/experiments/datasets/swagen/audio/common_voice_sw_35056440.wav	unapata sasa mwelekeo kwa sababu wananchi wengi wakishajua matatizo muziki 	0
/scratch/skscla001/experiments/datasets/swagen/audio/common_voice_sw_37215064.wav	huu unatumika kuzuia waumini wa dini nyingine zote 	0
/scratch/skscla001/experiments/datasets/swagen/audio/common_voice_sw_35099299.wav	indi cha siasa cha kampeni kama hii baada ya hapo wanatuweka pembeni 	0
/scratch/skscla001/experiments/datasets/swagen/audio/common_voice_sw_30327759.wav	ronaldo ndiye mchezaji aliyefunga mabao kwenye kila michuano duniani 	0
/scratch/skscla001/experiments/datasets/swagen/audio/common_voice_sw_34944119.wav	kama walihubiri nchi hizo za afrika kaskazini zilikuwa tajiri hali 	0
/scratch/skscla001/experiments/datasets/swagen/audio/common_voice_sw_37225640.wav	uliopo tunapozungumza juu ya uchafuzi wa mazingira tunazungumzia 	0
/scratch/skscla001/experiments/datasets/swagen/audio/common_voice_sw_29794184.wav	sengimba mkubwa aliwazaa kilemaganga na mkwawa pia mpangile 	0
/scratch/skscla001/experiments/datasets/swagen/audio/common_voice_sw_30357297.wav	ujenzi wa nyumba hufanyika kwa ushirikiano mkubwa sana 	0
/scratch/skscla001/experiments/datasets/swagen/audio/common_voice_sw_31433729.wav	wanasiasa wa wakati huo waliona fursa kwa obote kuweka mwanzo mpya 	1
/scratch/skscla001/experiments/datasets/swagen/audio/common_voice_sw_30227207.wav	wakishiriki michezo tofauti mbele ya viwanja visivyo na mashabiki 	0
/scratch/skscla001/experiments/datasets/swagen/audio/common_voice_sw_31461746.wav	bayern wakashinda makombe yote msimu huo 	0
/scratch/skscla001/experiments/datasets/swagen/audio/common_voice_sw_34942763.wav	kijamii ya kiutu uzima kwa wakati unaotazamiwa 	0
/scratch/skscla001/experiments/datasets/swagen/audio/common_voice_sw_35182024.wav	vigumu kwenda haja ndogo na hii pia umeleta utata thelathini na tisa ukeketaji ni 	0
/scratch/skscla001/experiments/datasets/swagen/audio/common_voice_sw_29576576.wav	ni kisiwa cha utalii 	1
/scratch/skscla001/experiments/datasets/swagen/audio/common_voice_sw_34598133.wav	kutoka pwani hadi pale msafara ulipolenga hata ziwa 	0
/scratch/skscla001/experiments/datasets/swagen/audio/common_voice_sw_30434539.wav	ningependa kuwapongeza sana sana kwanza kwa kuibuka mabingwa na ligi kuu 	0
/scratch/skscla001/experiments/datasets/swagen/audio/common_voice_sw_30105022.wav	wakati wakipambana na abushiri kule pangani katika mkoa wa tanga 	0
/scratch/skscla001/experiments/datasets/swagen/audio/common_voice_sw_29924935.wav	ni wanyama wanaoongoza kutazamwa na watalii katika hifadhi zote 	0
/scratch/skscla001/experiments/datasets/swagen/audio/common_voice_sw_28814042.wav	utawa mkubwa zaidi ni ule wa wafransisko ambao unaitwa utawa wa tatu wa mt 	1
/scratch/skscla001/experiments/datasets/swagen/audio/common_voice_sw_29792126.wav	aliyeitawala uingereza kuanzia mwaka elfu moja mia nane na themanini na saba 	0
/scratch/skscla001/experiments/datasets/swagen/audio/common_voice_sw_29793878.wav	bandari ya beila na maputo katka taifa la msumbiji 	0
/scratch/skscla001/experiments/datasets/swagen/audio/common_voice_sw_35183724.wav	kuna aina ya chura wanaopatikana jozani na hawapatikani dunia nzima 	0
/scratch/skscla001/experiments/datasets/swagen/audio/common_voice_sw_30026175.wav	wakaomba msaada kutoka kwa waluguru ambao walituma vijana kuwasaidia 	0
/scratch/skscla001/experiments/datasets/swagen/audio/common_voice_sw_35582611.wav	unafitinisha wenzako we hujali utu 	0
/scratch/skscla001/experiments/datasets/swagen/audio/common_voice_sw_30075275.wav	huwa hawaondoki na wanaweza kukaa kwako hata mwezi wanatambika tu 	0
/scratch/skscla001/experiments/datasets/swagen/audio/common_voice_sw_29684576.wav	uchumi hutegemea misaada kutoka ufaransa 	0
/scratch/skscla001/experiments/datasets/swagen/audio/common_voice_sw_29797481.wav	si kila kitivo cha uandishi wa habari inaruhusu mazoezi ya kina 	0
/scratch/skscla001/experiments/datasets/swagen/audio/common_voice_sw_29948831.wav	biashara ya utumwa ilikuwa biashara iliyodhalilisha utu wa binadamu hasa waafrika 	0
/scratch/skscla001/experiments/datasets/swagen/audio/common_voice_sw_31405983.wav	eneo hilo limekuwa kivutio kikubwa cha watu kwenda kufanya matambiko 	0
/scratch/skscla001/experiments/datasets/swagen/audio/common_voice_sw_30585336.wav	usiku upepo unavuma kutoka juu kuelekea chini 	0
/scratch/skscla001/experiments/datasets/swagen/audio/common_voice_sw_34745860.wav	ilivisa kama hivi visiwahi tokea tena 	0
/scratch/skscla001/experiments/datasets/swagen/audio/common_voice_sw_29798054.wav	ufaransa walikuwa mabingwa kombe la dunia 	0
/scratch/skscla001/experiments/datasets/swagen/audio/common_voice_sw_28718746.wav	chakula chao kikuu ni aina mbalimbali za mimea 	0
/scratch/skscla001/experiments/datasets/swagen/audio/common_voice_sw_29923252.wav	katiba ya mwaka elfu moja mia tisa sitini na mbili ndiyo ilitungwa na watanganyika 	0
/scratch/skscla001/experiments/datasets/swagen/audio/common_voice_sw_35103849.wav	kitamaduni wanaume huwa walikuwa wanategemewa kutoa vitanda vyao kwa mgeni mwanaume 	0
/scratch/skscla001/experiments/datasets/swagen/audio/common_voice_sw_28672982.wav	kuna pia chuo kikuu na askofu wa kanisa la kilutheri 	0
/scratch/skscla001/experiments/datasets/swagen/audio/common_voice_sw_30182046.wav	uchaguzi mkuu wa tanzania unahusisha vyama vingi 	1
/scratch/skscla001/experiments/datasets/swagen/audio/common_voice_sw_30123743.wav	na mengine mengi ikiwemo na shughuli za uchimbaji wa madini 	0
/scratch/skscla001/experiments/datasets/swagen/audio/common_voice_sw_35106231.wav	mwaka elfu mbili na ishirini inayoendelea kwenye majiji kumi na moja barani ulaya 	0
/scratch/skscla001/experiments/datasets/swagen/audio/common_voice_sw_34597365.wav	usafi wa mazingira hutumiwa kama kiashiria kwa lengo la kuelezea malengo ya milenia 	0
/scratch/skscla001/experiments/datasets/swagen/audio/common_voice_sw_37098275.wav	ee iwasaidie watu wake kwamba inapofikia stage 	0
/scratch/skscla001/experiments/datasets/swagen/audio/common_voice_sw_30442897.wav	wala hakuagiza taarifa rasmi juu ya maisha yake 	0
/scratch/skscla001/experiments/datasets/swagen/audio/common_voice_sw_29970303.wav	hifadhi yenyewe na msitu wa maji wa ardhini 	0
/scratch/skscla001/experiments/datasets/swagen/audio/common_voice_sw_30205439.wav	wanyama hao wametengwa kwenye maeneo maalumu kulingana na aina zao 	0
/scratch/skscla001/experiments/datasets/swagen/audio/common_voice_sw_30660108.wav	maonesho hayo yanashirikisha nchi takribani ishirini 	0
/scratch/skscla001/experiments/datasets/swagen/audio/common_voice_sw_30574386.wav	alikua miongoni mwa watu mia moja wenye ushawishi zaidi 	0
/scratch/skscla001/experiments/datasets/swagen/audio/common_voice_sw_30351485.wav	maambukizi ya virusi vya homa ya ini ndio sababu kuu ya shida kwenye ini 	0
/scratch/skscla001/experiments/datasets/swagen/audio/common_voice_sw_30196916.wav	karume alikuwa chachu katika kuleta jina la timu ya simba 	0
/scratch/skscla001/experiments/datasets/swagen/audio/common_voice_sw_30379311.wav	wakiamini kwamba ana uwezo wa kuona kila kitu 	0
/scratch/skscla001/experiments/datasets/swagen/audio/common_voice_sw_34895982.wav	hakuna uhakika juu ya mwaka na mahali alikozaliwa amin mwenyewe hakuandika kumbukumbu ya maisha 	0
/scratch/skscla001/experiments/datasets/swagen/audio/common_voice_sw_30653693.wav	hadi msimu ulipokwisha akajiweka kando na soka 	0
/scratch/skscla001/experiments/datasets/swagen/audio/common_voice_sw_30183055.wav	wanaakiolojia wamegundua zana za mawe zilizotumika miaka milioni mbili 	1
/scratch/skscla001/experiments/datasets/swagen/audio/common_voice_sw_29797572.wav	kiongozi wa zanzibar alikodisha eneo la pwani 	0
/scratch/skscla001/experiments/datasets/swagen/audio/common_voice_sw_36644677.wav	huyo ni mwanasheria kutoka nchini kenya cyprian nyamwamu akizungumza kutoka dar es salaam 	0
/scratch/skscla001/experiments/datasets/swagen/audio/common_voice_sw_30572952.wav	hujitambulisha katika jamii kupitia mapambo ya mwili na uchoraji 	0
/scratch/skscla001/experiments/datasets/swagen/audio/common_voice_sw_30079210.wav	pep amepata heshima kubwa katika ulimwengu wa soka 	0
/scratch/skscla001/experiments/datasets/swagen/audio/common_voice_sw_29789287.wav	makundi hayo ni waluguru wanaoishi milimani 	0
/scratch/skscla001/experiments/datasets/swagen/audio/common_voice_sw_29925460.wav	jumbe aliteuliwa na baraza la mapinduzi kuchukua nafasi yake 	0
/scratch/skscla001/experiments/datasets/swagen/audio/common_voice_sw_35279643.wav	nchi tofauti wacha tumaini kwamba mwishowe waturuki wa 	0
/scratch/skscla001/experiments/datasets/swagen/audio/common_voice_sw_30175716.wav	lilijengwa na mwarabu tajiri abdallah selemani marhabi 	0
/scratch/skscla001/experiments/datasets/swagen/audio/common_voice_sw_30048365.wav	baada ya kuchukua nafasi ya kumi mwaka elfu mbili na kumi na saba 	0
/scratch/skscla001/experiments/datasets/swagen/audio/common_voice_sw_29943891.wav	neno msaragambo linamaanisha mfumo uliokubaliwa na jamii katika kitongoji 	0
/scratch/skscla001/experiments/datasets/swagen/audio/common_voice_sw_35181987.wav	kwa kuongezea wamesheki wenyewe hujiita waturuki wa akhaltsikhe 	0
/scratch/skscla001/experiments/datasets/swagen/audio/common_voice_sw_28703910.wav	giza inaanza na usiku huendelea hadi septemba 	0
/scratch/skscla001/experiments/datasets/swagen/audio/common_voice_sw_30122628.wav	ninyi ni wakina nani na ndipo watu hao walipojibu turi abhaha 	0
/scratch/skscla001/experiments/datasets/swagen/audio/common_voice_sw_35221610.wav	albamu yake ya hivi karibuni ijulikanayo kama heshima ilipata nafasi 	0
/scratch/skscla001/experiments/datasets/swagen/audio/common_voice_sw_35587895.wav	rukia ananukia 	0
/scratch/skscla001/experiments/datasets/swagen/audio/common_voice_sw_30079585.wav	sherehe zinapoanza huwa wanatoka ndani na vichwa vyao hunyolewa 	0
/scratch/skscla001/experiments/datasets/swagen/audio/common_voice_sw_28698952.wav	mikoa ya northern ireland iliendelea kuwa sehemu za ufalme wa muungano 	0
/scratch/skscla001/experiments/datasets/swagen/audio/common_voice_sw_30327026.wav	plasmodiam kutoka kwa mtu mmoja hadi mwingine 	0
/scratch/skscla001/experiments/datasets/swagen/audio/common_voice_sw_29925963.wav	wanyama kadhaa wanapatikana katika msitu unaozunguka mlima kilimanjaro 	0
/scratch/skscla001/experiments/datasets/swagen/audio/common_voice_sw_30176945.wav	wajerumani wakaanza kumpigia pep kelele 	0
/scratch/skscla001/experiments/datasets/swagen/audio/common_voice_sw_29922646.wav	hata leo ni kati ya makabila fukara zaidi nchini tanzania 	0
/scratch/skscla001/experiments/datasets/swagen/audio/common_voice_sw_29844323.wav	wakati wa kurudi alipatwa na mvua ya radi mvua kali ya radi 	1
/scratch/skscla001/experiments/datasets/swagen/audio/common_voice_sw_35183794.wav	kwa njia ya magavana na wanajeshi wake 	0
/scratch/skscla001/experiments/datasets/swagen/audio/common_voice_sw_35182127.wav	yenye urefu wa mita elfu mbili mia tisa sitini na mbili 	0
/scratch/skscla001/experiments/datasets/swagen/audio/common_voice_sw_35099569.wav	kiaskofu wakati wa karne za kati yaliona afadhali kuendelea bila cheo 	0
/scratch/skscla001/experiments/datasets/swagen/audio/common_voice_sw_35104809.wav	kulikuwa na muungano wa vyama vingi chini ya uongozi wa rais mwai kibaki 	0
/scratch/skscla001/experiments/datasets/swagen/audio/common_voice_sw_35409322.wav	zilichangia sana mafarakano monasteri ya khor virap karne ya saba ikiwa 	0
/scratch/skscla001/experiments/datasets/swagen/audio/common_voice_sw_28683299.wav	huyu alikuwa papa wa kwanza anayejulikana kwa kufanya hivyo 	1
/scratch/skscla001/experiments/datasets/swagen/audio/common_voice_sw_29924160.wav	unatakiwa kuamini kwamba wewe ni mrembo 	0
/scratch/skscla001/experiments/datasets/swagen/audio/common_voice_sw_29939423.wav	hatua izo zilihusisha kuwaachilia huru watumwa ndani ya meli zinazokamatwa 	0
/scratch/skscla001/experiments/datasets/swagen/audio/common_voice_sw_30117869.wav	nyanda za juu kaskazini katika mamlaka ya hifadhi ya ngorongoro 	1
/scratch/skscla001/experiments/datasets/swagen/audio/common_voice_sw_29350718.wav	wengi wao wanaishi kwa kushirikiana na wamasai kama tabaka la chini 	0
/scratch/skscla001/experiments/datasets/swagen/audio/common_voice_sw_30200638.wav	messi alifanya kila mbinu kuinusulu timu 	1
/scratch/skscla001/experiments/datasets/swagen/audio/common_voice_sw_28689160.wav	hata hivyo kuna vituo vya afya na maabara ya watu binafsi pia 	0
/scratch/skscla001/experiments/datasets/swagen/audio/common_voice_sw_30175983.wav	na mama yake alikuwa mama wa nyumbani 	0
/scratch/skscla001/experiments/datasets/swagen/audio/common_voice_sw_35442342.wav	mwenyewe aliposema kwamba wafuasi wake ni chumvi ya dunia 	0
/scratch/skscla001/experiments/datasets/swagen/audio/common_voice_sw_30671202.wav	jinsi na namna alivyomjua bibi titi mohamed 	1
/scratch/skscla001/experiments/datasets/swagen/audio/common_voice_sw_34833923.wav	tembea nami baba 	0
/scratch/skscla001/experiments/datasets/swagen/audio/common_voice_sw_30640476.wav	karibu miaka mia tatu iliyopita wa wazungumzao kinailoti kutoka sudan 	0
/scratch/skscla001/experiments/datasets/swagen/audio/common_voice_sw_35123763.wav	ndege ya kwanza ilipanga kuondoka mwezi wa nne 	0
/scratch/skscla001/experiments/datasets/swagen/audio/common_voice_sw_36310638.wav	ni kwamba hata marekani yenyewe itakuwa katika hatihati 	1
/scratch/skscla001/experiments/datasets/swagen/audio/common_voice_sw_29941625.wav	wengi wa nyumbu hawakuvuka juni kama ilivyo kawaida kutokana na moto uliowashwa porini 	1
/scratch/skscla001/experiments/datasets/swagen/audio/common_voice_sw_28583855.wav	wataalamu wanaona asili ya nguruwe kwenye mabara ya afrika asia na ulaya 	0
/scratch/skscla001/experiments/datasets/swagen/audio/common_voice_sw_34764209.wav	vibaya ikiwa ni pamoja na kuvunjika miguu yote walinzi wa hoteli hiyo walikimbilia eneo 	1
/scratch/skscla001/experiments/datasets/swagen/audio/common_voice_sw_30378754.wav	kwa upande wa mashariki kusini inapakana na wilaya za kibaha na kinondoni 	0
/scratch/skscla001/experiments/datasets/swagen/audio/common_voice_sw_34751043.wav	katika vitabu vyake na uinjilishaji uliendelea katika ulaya ya kati 	1
/scratch/skscla001/experiments/datasets/swagen/audio/common_voice_sw_29818344.wav	wengi wanaujua zaidi mlima kilimanjaro kutokana na upekee wake katika bara la afrika 	0
/scratch/skscla001/experiments/datasets/swagen/audio/common_voice_sw_35056452.wav	mwanafamilia anayezaliwa husajiliwa na anayekufa pia huwekwa kwenye daftari ljeusi la wafu ambalo kila 	0
/scratch/skscla001/experiments/datasets/swagen/audio/common_voice_sw_36642666.wav	ana majuto baada ya kuacha shule 	0
/scratch/skscla001/experiments/datasets/swagen/audio/common_voice_sw_37099353.wav	kuishi chini ya waarabu waislamu ilibidi walipe madeni yaliyoachwa nyuma 	0
/scratch/skscla001/experiments/datasets/swagen/audio/common_voice_sw_29791785.wav	wahujumu uchumi walitupa vyakula magunia kwa magunia 	0
/scratch/skscla001/experiments/datasets/swagen/audio/common_voice_sw_35161019.wav	kubainisha makundi ya jamii hizo lakini muingiliano bado haujapata ufafanuzi makini 	0
/scratch/skscla001/experiments/datasets/swagen/audio/common_voice_sw_31409242.wav	amekuwa kiongozi bora kwa kila mtu hapa nchini 	1
/scratch/skscla001/experiments/datasets/swagen/audio/common_voice_sw_30074703.wav	kanisa katoliki pamoja na mfalme mkuu wa ujerumani walijaribu kugandamiza wafuasi wa luther 	0
/scratch/skscla001/experiments/datasets/swagen/audio/common_voice_sw_35103447.wav	jacob alitua kwenye maji ya mto jirani na ukingo sehemu kulipokuwa na kisiki 	0
/scratch/skscla001/experiments/datasets/swagen/audio/common_voice_sw_30631294.wav	kutokana na imani hiyo watu walitupa uchawi wote na taka nyingine kisha wakaingia 	1
/scratch/skscla001/experiments/datasets/swagen/audio/common_voice_sw_30567976.wav	mtaa wa congo na mtaa wa tandamti 	0
/scratch/skscla001/experiments/datasets/swagen/audio/common_voice_sw_35183982.wav	yote wanahimizwa kubatizwa kwa maji ili kuzaliwa upya kadiri ya 	0
/scratch/skscla001/experiments/datasets/swagen/audio/common_voice_sw_31284379.wav	siyo kazi rahis timu kucheza fainali ya kombe la mabingwa ulaya 	0
/scratch/skscla001/experiments/datasets/swagen/audio/common_voice_sw_30023972.wav	hii ilisababishwa na bishara ya watumwa ambapo kwa kiasi kikubwa ilifanyika kilwa 	0
/scratch/skscla001/experiments/datasets/swagen/audio/common_voice_sw_30658917.wav	kutoka hapa alishirikiana na obote katika hatua za kuimarisha utawala 	0
/scratch/skscla001/experiments/datasets/swagen/audio/common_voice_sw_29788774.wav	kihistori brazil iliwahi kutawaliwa na wareno 	1
/scratch/skscla001/experiments/datasets/swagen/audio/common_voice_sw_29258950.wav	nchini tanzania afisa mtendaji wa kata huitwa katibu kata 	0
/scratch/skscla001/experiments/datasets/swagen/audio/common_voice_sw_31596910.wav	flamingo wazuri warefu wanapatikana ndani ya bonde la ngorongoro 	0
/scratch/skscla001/experiments/datasets/swagen/audio/common_voice_sw_30002197.wav	masuala ya jando na unyago yalikuwa ya kawaida sana 	0
/scratch/skscla001/experiments/datasets/swagen/audio/common_voice_sw_30030342.wav	akapewa kadi namba kumi na sita na mumewe bwana boi selemani 	0
/scratch/skscla001/experiments/datasets/swagen/audio/common_voice_sw_28584842.wav	mahakama pia inatoa mfumo wa kutatua migogoro 	0
/scratch/skscla001/experiments/datasets/swagen/audio/common_voice_sw_31446523.wav	misitu ya asili ni misitu ambayo huota yenyewe bila kupandwa na binadamu 	0
/scratch/skscla001/experiments/datasets/swagen/audio/common_voice_sw_30177277.wav	majeshi ya upinzani dhidi ya serikali ya kongo 	0
/scratch/skscla001/experiments/datasets/swagen/audio/common_voice_sw_29798448.wav	hispania ilifungwa mabao matano kwa moja dhidi ya uholanzi 	0
/scratch/skscla001/experiments/datasets/swagen/audio/common_voice_sw_29791201.wav	kuna uwezekano mkubwa wa kujikunja kwa kucha pembeni 	0
/scratch/skscla001/experiments/datasets/swagen/audio/common_voice_sw_30573583.wav	ndege wa kuvutia wanalipamba ziwa hilo wakiruka huku na kule 	0
/scratch/skscla001/experiments/datasets/swagen/audio/common_voice_sw_29811527.wav	uchaguzi wa vyama vingi vya kisiasa desemba mwaka elfumoja miatisa tisini na mbili 	0
/scratch/skscla001/experiments/datasets/swagen/audio/common_voice_sw_29923545.wav	kabila hilo limemezwa na makabila mengine 	0
/scratch/skscla001/experiments/datasets/swagen/audio/common_voice_sw_37212146.wav	na shirika la marekani la dawa za kulevya kwa pamoja zilitoa 	0
/scratch/skscla001/experiments/datasets/swagen/audio/common_voice_sw_30631316.wav	magonjwa ya mlipuko yanaweza kusambaa kutoka kwa wanyama kwenda kwa binadamu 	1
/scratch/skscla001/experiments/datasets/swagen/audio/common_voice_sw_29925228.wav	hatuwezi kusema tuna usawa wa kijinsia wakati bado hatujaweza kuchaguliwa na watu 	0
/scratch/skscla001/experiments/datasets/swagen/audio/common_voice_sw_35409919.wav	vya habari sioni ushujaa wowote bali amevuna matunda ya kazi yake na siasa za 	0
/scratch/skscla001/experiments/datasets/swagen/audio/common_voice_sw_30304015.wav	karamu hii hufanywa na wazazi au wajomba wa mama aliyejifungua 	0
/scratch/skscla001/experiments/datasets/swagen/audio/common_voice_sw_30366214.wav	karibu na ziwa viktoria kuna tambarare yenye mafuriko 	0
/scratch/skscla001/experiments/datasets/swagen/audio/common_voice_sw_31787719.wav	mwaka elfu moja mia tisa sabini na tano field marshal 	0
/scratch/skscla001/experiments/datasets/swagen/audio/common_voice_sw_30054424.wav	wakati wa ukoloni malkia alituma wapelelezi wake kuja afrika 	0
/scratch/skscla001/experiments/datasets/swagen/audio/common_voice_sw_35222183.wav	kuboreshwa kwa msikiti mkubwa na kujengwa kwa soko la husuni ndogo kulipofanyika anasema mtemi 	0
/scratch/skscla001/experiments/datasets/swagen/audio/common_voice_sw_30090911.wav	wachezaji wengi wanatamani sana kushiriki kombe la dunia 	0
/scratch/skscla001/experiments/datasets/swagen/audio/common_voice_sw_29259670.wav	spishi hii ina spishi nyingine nne ndani yake 	0
/scratch/skscla001/experiments/datasets/swagen/audio/common_voice_sw_31445762.wav	njia iliyo rahisi na maarufu zaidi ni ile ya kuanzia lango la marangu 	0
/scratch/skscla001/experiments/datasets/swagen/audio/common_voice_sw_36319765.wav	kuna siku saba kwa wiki 	1
/scratch/skscla001/experiments/datasets/swagen/audio/common_voice_sw_30149363.wav	kufanya uchunguzi wake wa uandishi wa habari 	1
/scratch/skscla001/experiments/datasets/swagen/audio/common_voice_sw_35214573.wav	yalivyopakana kwa mfano kivunjo kinafanana na kioldimoshi vile vile kisiha kinafanana sana na kimachame 	0
/scratch/skscla001/experiments/datasets/swagen/audio/common_voice_sw_30378658.wav	watu walikuwa wanasema kuwa viumbe wa ajabu wapo usiku 	0
/scratch/skscla001/experiments/datasets/swagen/audio/common_voice_sw_37225843.wav	ikumbukwe kwamba kuna takriban zaidi ya silaha laki tano hadi million moja ambazo hazijulikani 	0
/scratch/skscla001/experiments/datasets/swagen/audio/common_voice_sw_31284558.wav	pep alifanikia kuliteka soka la hispania 	0
/scratch/skscla001/experiments/datasets/swagen/audio/common_voice_sw_37084717.wav	gharama ya kupunguza uchafuzi wa hewa ya kwanza ikiwa 	1
/scratch/skscla001/experiments/datasets/swagen/audio/common_voice_sw_34751057.wav	tamasha hili linatajwa kwamba liliweka misingi mipya ya bongo fleva 	1
/scratch/skscla001/experiments/datasets/swagen/audio/common_voice_sw_30582055.wav	mtemi wa same mohammedi kibacha singo aliacha uongozi baada ya mila za jadi kusitishwa 	0
/scratch/skscla001/experiments/datasets/swagen/audio/common_voice_sw_29615110.wav	watu wana mang amuzi tofauti juu ya mwelekeo wao wa kimapenzi 	0
/scratch/skscla001/experiments/datasets/swagen/audio/common_voice_sw_29937874.wav	ukisikia mtu anakwambia amepatwa na msiba basi tambua ya kuwa anaujua uchungu 	1
/scratch/skscla001/experiments/datasets/swagen/audio/common_voice_sw_28883777.wav	basi thoma alipendekeza mtazamo mpana na lenye tumaini kuhusu akili ya binadamu 	0
/scratch/skscla001/experiments/datasets/swagen/audio/common_voice_sw_28927019.wav	hali halisi kuna umbali mkubwa kati yao 	0
/scratch/skscla001/experiments/datasets/swagen/audio/common_voice_sw_29993108.wav	mkapa alikuwa na umri wa miaka themanini na moja 	1
/scratch/skscla001/experiments/datasets/swagen/audio/common_voice_sw_30717978.wav	sango ya mawa ya papy texaliyekuwa rafiki yake wa karibu 	0
/scratch/skscla001/experiments/datasets/swagen/audio/common_voice_sw_35206744.wav	ya watu ambao hawakuwa wamevaa barakoakitendo hicho kwa wakosoaji wake kilimweka katika kundi 	0
/scratch/skscla001/experiments/datasets/swagen/audio/common_voice_sw_35774936.wav	mwezi septemba mwaka jana rais joseph kabila wa jamhuri kidemokrasi ya congo drc 	0
/scratch/skscla001/experiments/datasets/swagen/audio/common_voice_sw_29924872.wav	hapo ilionekana haja ya kupanga ziara kwenye makanisa mbalimbali 	0
/scratch/skscla001/experiments/datasets/swagen/audio/common_voice_sw_30364561.wav	milima tisa kati ya kumi mirefu zaidi nchini ipo katika mikoa miwili tu 	0
/scratch/skscla001/experiments/datasets/swagen/audio/common_voice_sw_35107653.wav	vijana wakizanzibari kama at rico single off side trick na wengineo walianza 	0
/scratch/skscla001/experiments/datasets/swagen/audio/common_voice_sw_28583187.wav	kwa kawaida hutokana na maambukizi 	0
/scratch/skscla001/experiments/datasets/swagen/audio/common_voice_sw_29794062.wav	timu kubwa zote hazina pesa kwa kioindi hiki 	0
/scratch/skscla001/experiments/datasets/swagen/audio/common_voice_sw_30176574.wav	wapare wengine wanaishi katika maeneo mbalimbali 	0
/scratch/skscla001/experiments/datasets/swagen/audio/common_voice_sw_29936581.wav	baada ya shughuli hiyo ya kuogeshwa watoto hao huveshwa nguo mpya 	1
/scratch/skscla001/experiments/datasets/swagen/audio/common_voice_sw_35774712.wav	tetere ni mtu wa usalama kama yeye 	0
/scratch/skscla001/experiments/datasets/swagen/audio/common_voice_sw_30574503.wav	hayati dkjohn joseph pombe magufuli kwa hakika tutakukumbuka kwa mengi uliyoyafanya 	1
/scratch/skscla001/experiments/datasets/swagen/audio/common_voice_sw_29778817.wav	imepakana na uswisi na austria 	0
/scratch/skscla001/experiments/datasets/swagen/audio/common_voice_sw_29792369.wav	cristiano ronaldo ni mreno mwenye asili ya brazil 	0
/scratch/skscla001/experiments/datasets/swagen/audio/common_voice_sw_30567963.wav	aliimarisha utawala wa omani juu ya pwani ya afrika ya mashariki 	0
/scratch/skscla001/experiments/datasets/swagen/audio/common_voice_sw_35146473.wav	katika uhuru wa vyombo vya habari hivi sasa liko katika mtanziko 	0
/scratch/skscla001/experiments/datasets/swagen/audio/common_voice_sw_30558988.wav	wazazi na marafiki wakiwa wamewabeba watoto wao wakielekea kanisani 	0
/scratch/skscla001/experiments/datasets/swagen/audio/common_voice_sw_30176824.wav	watu wengi wanajifunza mambo mbalimbali kwenye maonesho 	0
/scratch/skscla001/experiments/datasets/swagen/audio/common_voice_sw_37088035.wav	joseph bruce aliitelekeza meli yake ya titanic 	0
/scratch/skscla001/experiments/datasets/swagen/audio/common_voice_sw_36039841.wav	karim mostafa benzema amezaliwa tarehe kumi na tisa mwezi wa kumi na mbili 	0
/scratch/skscla001/experiments/datasets/swagen/audio/common_voice_sw_35582828.wav	hivyo aliuondoa uhuru katika nafasi ya kiongozi wa upinzani bungeni 	0
/scratch/skscla001/experiments/datasets/swagen/audio/common_voice_sw_30585450.wav	vipengele vilivyo katika mchakato wa ustawi katika nchi zilizo na mapato ya chini 	0
/scratch/skscla001/experiments/datasets/swagen/audio/common_voice_sw_35123965.wav	picha alizowapiga zinapendeza 	0
/scratch/skscla001/experiments/datasets/swagen/audio/common_voice_sw_30053169.wav	kilipatana na chama cha mlengo wa kushoto 	0
/scratch/skscla001/experiments/datasets/swagen/audio/common_voice_sw_35183983.wav	tangu uhuru soka lilipanuka sana katika nchi huru za afrika 	0
/scratch/skscla001/experiments/datasets/swagen/audio/common_voice_sw_29790175.wav	kupitia katika bahari hii ya atlantik enzi hizo 	0
/scratch/skscla001/experiments/datasets/swagen/audio/common_voice_sw_37091977.wav	tabaka la viongozi wa kisiasa na wa kijeshi 	0
/scratch/skscla001/experiments/datasets/swagen/audio/common_voice_sw_30360131.wav	maeneo ya india na thailand umetajwa kuwa hatari sana 	0
/scratch/skscla001/experiments/datasets/swagen/audio/common_voice_sw_34823316.wav	ana mpango wa kusafiri ngámbo 	0
/scratch/skscla001/experiments/datasets/swagen/audio/common_voice_sw_35284635.wav	hatakija nchini tanzania chama cha soka zanzibar said issa kimetangaza kurejesha uongozi wa zamani 	0
/scratch/skscla001/experiments/datasets/swagen/audio/common_voice_sw_37214960.wav	carols ancellot ambaye anakiongoza 	0
/scratch/skscla001/experiments/datasets/swagen/audio/common_voice_sw_30004884.wav	muelekeo wa kukomesha utumwa ambao ulikuwa ukiendeshwa 	0
/scratch/skscla001/experiments/datasets/swagen/audio/common_voice_sw_35118890.wav	asilimia tisini ya biashara yote duniani hupitia baharini 	0
/scratch/skscla001/experiments/datasets/swagen/audio/common_voice_sw_35106032.wav	wanaharakati wa mitandaoni wakitumia mtandao wa face book na twitter kwa pamoja 	0
/scratch/skscla001/experiments/datasets/swagen/audio/common_voice_sw_30572145.wav	aliwasaidia sana kina mama kwa kujengea vituo vya afya vijijini 	0
/scratch/skscla001/experiments/datasets/swagen/audio/common_voice_sw_30522450.wav	kwa ajili ya kujikinga dhidi ya kuumwa na mbu 	0
/scratch/skscla001/experiments/datasets/swagen/audio/common_voice_sw_36013666.wav	mkutano mkuu wa chama cha umoja wa kitaifa afrika 	1
/scratch/skscla001/experiments/datasets/swagen/audio/common_voice_sw_29257312.wav	huhesabiwa kati ya injili ndugu pamoja na mathayo na luka 	0
/scratch/skscla001/experiments/datasets/swagen/audio/common_voice_sw_35107621.wav	aliwakilisha jimbo la morogoro kuanzia mwaka elfu moja mia tisa sitini 	0
/scratch/skscla001/experiments/datasets/swagen/audio/common_voice_sw_34979492.wav	benki kuu ya tanzania inahakikisha kuwa taifa lina uchumi imara 	0
/scratch/skscla001/experiments/datasets/swagen/audio/common_voice_sw_30074410.wav	mwalimu julius kambarage nyerere alikuwa ni rais wa kwanza wa tanganyika 	0
/scratch/skscla001/experiments/datasets/swagen/audio/common_voice_sw_29793039.wav	nchi za afrika mashariki zilianzisha umoja wao 	0
/scratch/skscla001/experiments/datasets/swagen/audio/common_voice_sw_35156881.wav	mwanaume kutoka tanzania ambaye amebuni mziki wake unaoitwa swahili blue 	0
/scratch/skscla001/experiments/datasets/swagen/audio/common_voice_sw_28733241.wav	wanatokea misitu ya afrika kusini kwa sahara 	0
/scratch/skscla001/experiments/datasets/swagen/audio/common_voice_sw_28704537.wav	mmojawapo maji yanafikia ziwa tanganyika 	0
/scratch/skscla001/experiments/datasets/swagen/audio/common_voice_sw_30574943.wav	udongo una rutuba kwa wingi na yakiwa juu ya urefu wa udongo kaskazini mashariki 	0
/scratch/skscla001/experiments/datasets/swagen/audio/common_voice_sw_30221135.wav	hospitali zetu pia zinahitaji umeme wa uhakika 	0
/scratch/skscla001/experiments/datasets/swagen/audio/common_voice_sw_30653560.wav	serengeti ilitumika kama jukwaa kutengeneza filamu ya disney 	0
/scratch/skscla001/experiments/datasets/swagen/audio/common_voice_sw_34750296.wav	wenye elimuwawe tayari kujibu maswali yao juu ya injili hata kutetea 	1
/scratch/skscla001/experiments/datasets/swagen/audio/common_voice_sw_30038288.wav	kilomita za mraba mia mbili na ishirini 	0
/scratch/skscla001/experiments/datasets/swagen/audio/common_voice_sw_36644267.wav	na sasa hivi baadhi ya viongozi mbalimbali wanajiuzulu 	0
/scratch/skscla001/experiments/datasets/swagen/audio/common_voice_sw_34840208.wav	karatasi kubwa 	0
/scratch/skscla001/experiments/datasets/swagen/audio/common_voice_sw_30327114.wav	bustani ambayo watalii wanaweza kuwaona wanyamapori kwa usalama mkubwa 	0
/scratch/skscla001/experiments/datasets/swagen/audio/common_voice_sw_28583305.wav	kwa njia ya kristo bwana wetu 	0
/scratch/skscla001/experiments/datasets/swagen/audio/common_voice_sw_31284796.wav	baadhi ya koo za kizanaki zilichanganya damu sana na wasukuma 	0
/scratch/skscla001/experiments/datasets/swagen/audio/common_voice_sw_30667194.wav	rais ali hassan mwinyi alikuwa rais wa pili wa tanzania 	0
/scratch/skscla001/experiments/datasets/swagen/audio/common_voice_sw_28259622.wav	aliongoza kwa muda wa miaka mitano na nusu hadi kifo chake 	1
/scratch/skscla001/experiments/datasets/swagen/audio/common_voice_sw_30159506.wav	majira ya joto pep guardiola akatimka bayern munich 	0
/scratch/skscla001/experiments/datasets/swagen/audio/common_voice_sw_31446621.wav	bayern munich iliyokuwa balaa ujerumani haikuwahi kumaliza msimu bila kufungwa 	0
/scratch/skscla001/experiments/datasets/swagen/audio/common_voice_sw_29896831.wav	mtu yeyote anapofanya mazoezi huwa huimarisha mwili wake 	1
/scratch/skscla001/experiments/datasets/swagen/audio/common_voice_sw_32243557.wav	silaha tuliyonayo na kinga ya miili yetu 	1
/scratch/skscla001/experiments/datasets/swagen/audio/common_voice_sw_30062911.wav	wananchi wengi hawakumtaka kwa alikuwa na utawala wa mabavu 	0
/scratch/skscla001/experiments/datasets/swagen/audio/common_voice_sw_30124009.wav	baadhi ya hominid fossils kongwe hupatikana vilevile 	0
/scratch/skscla001/experiments/datasets/swagen/audio/common_voice_sw_34831155.wav	rummel aliandika mambo mengi sana ya kitafiti 	0
/scratch/skscla001/experiments/datasets/swagen/audio/common_voice_sw_29623935.wav	wenyeji wa visiwa hivi wana utamaduni wa pekee na historia ndefu 	1
/scratch/skscla001/experiments/datasets/swagen/audio/common_voice_sw_29811364.wav	wataalamu wa viumbe vya majini wanasema kwa kawaida nyangumi 	0
/scratch/skscla001/experiments/datasets/swagen/audio/common_voice_sw_35409408.wav	ustahimilivu ulimshinda binti 	0
/scratch/skscla001/experiments/datasets/swagen/audio/common_voice_sw_30176431.wav	blob hawezi kuishi sehemu safi yoyote 	0
/scratch/skscla001/experiments/datasets/swagen/audio/common_voice_sw_29268788.wav	nane ni mkazo nia sahihi 	0
/scratch/skscla001/experiments/datasets/swagen/audio/common_voice_sw_30181173.wav	utawala wa wareno ulibakia tu katika bandari na maeneo ya kusini 	1
/scratch/skscla001/experiments/datasets/swagen/audio/common_voice_sw_30060842.wav	baada ya kifo hicho wapiganaji waliona kuwa ni njia nzuri 	0
/scratch/skscla001/experiments/datasets/swagen/audio/common_voice_sw_30037131.wav	muda wa taarifa ya habari ulipokuwa ukifika shughuli zote zinasimama 	0
/scratch/skscla001/experiments/datasets/swagen/audio/common_voice_sw_28908638.wav	aliendelea hivyo hadi katika shule ya upili 	0
/scratch/skscla001/experiments/datasets/swagen/audio/common_voice_sw_29789947.wav	ukitaka kupata mafanikio kwa njia rahisi basi inabidi usichague fursa 	0
/scratch/skscla001/experiments/datasets/swagen/audio/common_voice_sw_28666338.wav	alifuata kanuni za utawa wa tatu wa mt 	0
/scratch/skscla001/experiments/datasets/swagen/audio/common_voice_sw_29789854.wav	kitendo chake cha kuficha kichwa mwendo wake wa taratibu na gamba lake gumu 	0
/scratch/skscla001/experiments/datasets/swagen/audio/common_voice_sw_28673032.wav	kuanzia hapa mto huitwa galana 	0
/scratch/skscla001/experiments/datasets/swagen/audio/common_voice_sw_31271677.wav	oliver kahn alikuwa kwenye kikosi cha ujerumani 	0
/scratch/skscla001/experiments/datasets/swagen/audio/common_voice_sw_30055738.wav	elfu mbili kumi na saba ambapo ni sawa na 	0
/scratch/skscla001/experiments/datasets/swagen/audio/common_voice_sw_34906637.wav	mdunguaji ambaye hakuwa na muda naye alimkosa jacob kwa risasi mbili zikavunja kioo 	0
/scratch/skscla001/experiments/datasets/swagen/audio/common_voice_sw_35099489.wav	kuigwa zinajulikana kama buprenofini zote hutumika kama dawa 	0
/scratch/skscla001/experiments/datasets/swagen/audio/common_voice_sw_36105817.wav	sawa na asilimia ishirini na saba 	0
/scratch/skscla001/experiments/datasets/swagen/audio/common_voice_sw_30581016.wav	usaliti huu hunatokana na sababu za kiuchumi au kifedha 	0
/scratch/skscla001/experiments/datasets/swagen/audio/common_voice_sw_29937524.wav	mfuko wa nelson mandela wa kusaidia watoto ni sehemu tu ya ushahidi wa mafanikio 	1
/scratch/skscla001/experiments/datasets/swagen/audio/common_voice_sw_35107850.wav	alpi katika kusini ni milima mirefu ujerumani ingawa 	0
/scratch/skscla001/experiments/datasets/swagen/audio/common_voice_sw_37215426.wav	kutoka nje yanaweza kupata leseni ya biashara 	0
/scratch/skscla001/experiments/datasets/swagen/audio/common_voice_sw_28672836.wav	ya mwamba na lava angani 	0
/scratch/skscla001/experiments/datasets/swagen/audio/common_voice_sw_30088587.wav	siku hizi tamaduni za kupeleka vijana jandoni hufanywa na watu wachache 	0
/scratch/skscla001/experiments/datasets/swagen/audio/common_voice_sw_34834324.wav	wazazi wanatakiwa wapimwe virusi vya ukimwi 	0
/scratch/skscla001/experiments/datasets/swagen/audio/common_voice_sw_30581763.wav	kuna mmea wa kienyeji uitwao olari ambao unakua ukiwa mrefu na mwingi 	0
/scratch/skscla001/experiments/datasets/swagen/audio/common_voice_sw_30395017.wav	nkrumah alitaka kurudi afrika baada ya vita ya pili ya dunia 	0
/scratch/skscla001/experiments/datasets/swagen/audio/common_voice_sw_28682744.wav	asili na maana ya jina la mto haijulikani 	1
/scratch/skscla001/experiments/datasets/swagen/audio/common_voice_sw_37096752.wav	uchumi wa buluu ni kati ya maeneo yanayoangaliwa kwa jicho la kipekee 	1
/scratch/skscla001/experiments/datasets/swagen/audio/common_voice_sw_30355848.wav	ushanga huu huwa sehemu muhimu ya urembesho wa miili yao 	0
/scratch/skscla001/experiments/datasets/swagen/audio/common_voice_sw_28666649.wav	hizi ni pamoja na 	0
/scratch/skscla001/experiments/datasets/swagen/audio/common_voice_sw_28962066.wav	sawa na suala la ugonjwa hakuna elezo kamili kuhusu hali ya afya 	0
/scratch/skscla001/experiments/datasets/swagen/audio/common_voice_sw_35099766.wav	alisema uhuru wa kongo ni mwendelezo wa kazi iliyotukuka iliyopangwa na mtu mwenye akili 	0
/scratch/skscla001/experiments/datasets/swagen/audio/common_voice_sw_29797357.wav	mama yake alikuwa mganga aliyetibu watu kwa mitishamba 	0
/scratch/skscla001/experiments/datasets/swagen/audio/common_voice_sw_29680454.wav	hawa walikuwa mababu wa wenyeji wa leo 	0
/scratch/skscla001/experiments/datasets/swagen/audio/common_voice_sw_35056382.wav	kipekee kwa kuwa linaandaa makubaliano ya kimataifa yanayokubalika 	0
/scratch/skscla001/experiments/datasets/swagen/audio/common_voice_sw_28718824.wav	upepo mkali huitwa dhoruba 	0
/scratch/skscla001/experiments/datasets/swagen/audio/common_voice_sw_30119702.wav	likiyaunganisha mataifa ya jamhuri ya kidemokrasi ya kongo 	0
/scratch/skscla001/experiments/datasets/swagen/audio/common_voice_sw_35108363.wav	aa hawapo basi afrika kusini watawa 	0
/scratch/skscla001/experiments/datasets/swagen/audio/common_voice_sw_30005181.wav	walihamia huko wakushi kutoka kaskazini nao wakameza kwa kiasi kikubwa wakazi asili 	0
/scratch/skscla001/experiments/datasets/swagen/audio/common_voice_sw_36746514.wav	majumba mengi ya magofu na misikiti ni alama ya zanzibar 	0
/scratch/skscla001/experiments/datasets/swagen/audio/common_voice_sw_34906971.wav	jamaa alikaa kimya jacob akafyatua risasi nyingine ya paja 	0
/scratch/skscla001/experiments/datasets/swagen/audio/common_voice_sw_35183669.wav	wimbo wake kwangu usiku 	0
/scratch/skscla001/experiments/datasets/swagen/audio/common_voice_sw_29960269.wav	ndani ya hifadhi ya mikumi kuna simba 	0
/scratch/skscla001/experiments/datasets/swagen/audio/common_voice_sw_30718694.wav	serikali ya tanzania imeliendeleza eneo hilo kuwa kivutio cha utalii 	0
/scratch/skscla001/experiments/datasets/swagen/audio/common_voice_sw_30574760.wav	tiba ya malaria hulenga kuondoa vimelea vya plasmodium kwenye mfumo wa damu ya mgonjwa 	0
/scratch/skscla001/experiments/datasets/swagen/audio/common_voice_sw_29654016.wav	hoteli hii ilikuwa hoteli ya tatu kujengwa katika kipande hicho cha ardhi 	0
/scratch/skscla001/experiments/datasets/swagen/audio/common_voice_sw_35198835.wav	ukoloni lakini sasa wengi waliachishwa au kupinduliwa na serikali kama hawakufuata maagizo yote kutoka 	0
/scratch/skscla001/experiments/datasets/swagen/audio/common_voice_sw_35118889.wav	vyombo vya kukuza lugha ya kiswahili mfano 	0
/scratch/skscla001/experiments/datasets/swagen/audio/common_voice_sw_37095119.wav	jaysonuzoefu mkubwa wa nape katika masuala ya uongozi umejikita katika masuala ya siasa 	0
/scratch/skscla001/experiments/datasets/swagen/audio/common_voice_sw_29791118.wav	chanzo kikubwa cha uchumi wa mataifa haya kukua kwa kasi kubwa 	0
/scratch/skscla001/experiments/datasets/swagen/audio/common_voice_sw_30314252.wav	uyoga umeongeza ajira na kuinua kipato kwa rika zote 	0
/scratch/skscla001/experiments/datasets/swagen/audio/common_voice_sw_35104608.wav	wanafanya kazi kubwa kubadilisha mtazamo wa wanasiasa na jamii 	0
/scratch/skscla001/experiments/datasets/swagen/audio/common_voice_sw_28950448.wav	katika kuleta amani ana kipaji cha pekee 	0
/scratch/skscla001/experiments/datasets/swagen/audio/common_voice_sw_29791814.wav	benjamin mkapa ni rais wa awamu ya tatu 	0
/scratch/skscla001/experiments/datasets/swagen/audio/common_voice_sw_30375134.wav	tangu walipofika katika ardhi hiyo na pia ni kabila lenye umaarufu mkubwa nchini 	0
/scratch/skscla001/experiments/datasets/swagen/audio/common_voice_sw_29789349.wav	messi ni mwanafunzi wa pep guardiola wakati 	0
/scratch/skscla001/experiments/datasets/swagen/audio/common_voice_sw_35588826.wav	watalii wengi wanapenda mno kufika eneo hili kujionea 	0
/scratch/skscla001/experiments/datasets/swagen/audio/common_voice_sw_37098705.wav	waliochaguliwa ni hawa 	1
/scratch/skscla001/experiments/datasets/swagen/audio/common_voice_sw_34745870.wav	wawindaji wote waliotafuta watumwa walikuwa wakiwaepuka wamasai 	0
/scratch/skscla001/experiments/datasets/swagen/audio/common_voice_sw_30108019.wav	sasa huu wakati wa kueneza dini elimu ya kimtaala 	0
/scratch/skscla001/experiments/datasets/swagen/audio/common_voice_sw_34761114.wav	huzalishwa kila siku na watumiaji wa barabara hiyo 	0
/scratch/skscla001/experiments/datasets/swagen/audio/common_voice_sw_30321099.wav	wabena wanatumia salamu maalum ya kilugha wanapokutana msibani 	0
/scratch/skscla001/experiments/datasets/swagen/audio/common_voice_sw_30330380.wav	oldrich nejedly alitwaa kiatu cha dhahabu kwa kufunga mabao matano 	0
/scratch/skscla001/experiments/datasets/swagen/audio/common_voice_sw_30182045.wav	nchi ya nigeria ilikuwa na nyota kama victor ikpeba na emmanuel amunike 	1
/scratch/skscla001/experiments/datasets/swagen/audio/common_voice_sw_37225117.wav	kiswahili huwachanganya watu sana 	0
/scratch/skscla001/experiments/datasets/swagen/audio/common_voice_sw_30063154.wav	nyerere inayobaki kuwa na vivutio vya wanyamapori na uoto wa asilia usio na kifani 	0
/scratch/skscla001/experiments/datasets/swagen/audio/common_voice_sw_30054660.wav	kisha mama yake huendelea basi kumdanganya kidogo kidogo 	0
/scratch/skscla001/experiments/datasets/swagen/audio/common_voice_sw_30671768.wav	viwanja vinatumika kwa maonesho ni viwanja vya mwalimu nyerere 	1
/scratch/skscla001/experiments/datasets/swagen/audio/common_voice_sw_30574258.wav	ndiye anayeongoza orodha ya wafungaji bora wa kipute hicho 	0
/scratch/skscla001/experiments/datasets/swagen/audio/common_voice_sw_30355237.wav	ujumbe aliouandika tarehe kumi mwezi septemba mwaka elfu mbili kumi na nane 	0
/scratch/skscla001/experiments/datasets/swagen/audio/common_voice_sw_31446990.wav	walikuwa wanasema huyu ni nani labda atakuwa mtu mzima fulani 	0
/scratch/skscla001/experiments/datasets/swagen/audio/common_voice_sw_28834519.wav	kuna idadi kubwa ya wanyamapori 	0
/scratch/skscla001/experiments/datasets/swagen/audio/common_voice_sw_29922947.wav	hifadhi hii ina ukubwa wa kilomita za mraba mia saba hamsini na tano 	0
/scratch/skscla001/experiments/datasets/swagen/audio/common_voice_sw_31321674.wav	washambaa wanaishi kwenye milima ya usambara na lugha yao kubwa ni kisambaa 	1
/scratch/skscla001/experiments/datasets/swagen/audio/common_voice_sw_30080640.wav	huitwa ruaha mkuu kwa kuutofautisha na ruaha mdogo 	0
/scratch/skscla001/experiments/datasets/swagen/audio/common_voice_sw_30306799.wav	viongozi wengi wa afrika walipata usaidizi wa upande mmoja au mwingine 	0
/scratch/skscla001/experiments/datasets/swagen/audio/common_voice_sw_29792109.wav	serengeti pamoja na masai mara inajulikana hasa kwa uhamisho wa kila mwaka 	0
/scratch/skscla001/experiments/datasets/swagen/audio/common_voice_sw_30563410.wav	frorentino perez wa real madrid hana pesa 	0
/scratch/skscla001/experiments/datasets/swagen/audio/common_voice_sw_30075143.wav	mikoa mingine itakuwa na miundombinu ya maji ya dhoruba inayofaa zaidi 	0
/scratch/skscla001/experiments/datasets/swagen/audio/common_voice_sw_30574787.wav	lugha yao inaitwa kibena na makao yao makuu yanaitwa ubena 	1
/scratch/skscla001/experiments/datasets/swagen/audio/common_voice_sw_30582090.wav	akizungumza na gavana wa uingereza general richard kabla ya kuchukua kiti cha uwaziri mkuu 	0
/scratch/skscla001/experiments/datasets/swagen/audio/common_voice_sw_28666426.wav	kuna pia wakristo kama jumuiya ndogo zaidi 	0
/scratch/skscla001/experiments/datasets/swagen/audio/common_voice_sw_34743611.wav	madini ya nuclear tayari kutoka umoja wa ulaya 	0
/scratch/skscla001/experiments/datasets/swagen/audio/common_voice_sw_35181960.wav	makazi yalijengwa katika visiwa vyote vya ulinzi 	0
/scratch/skscla001/experiments/datasets/swagen/audio/common_voice_sw_31285830.wav	maeneo muhimu zaidi ya utalii ni miji 	0
/scratch/skscla001/experiments/datasets/swagen/audio/common_voice_sw_30048013.wav	kama yataachwa bila kutibiwa magonjwa hayo yanaweza kusababisha maumivu makali 	0
/scratch/skscla001/experiments/datasets/swagen/audio/common_voice_sw_30325486.wav	uingereza ulieneza zaidi mvuto wake karne ya kumi na tisa 	0
/scratch/skscla001/experiments/datasets/swagen/audio/common_voice_sw_37090167.wav	mingine kadhaa walisubiri serikali iwajengee shule nne ukichanganya sababu moja mbili na tatu utagundua 	0
/scratch/skscla001/experiments/datasets/swagen/audio/common_voice_sw_30109893.wav	wakati akiendelea kuwa bosi mfugale tayari ameshalitumikia taifa kwa zaidi 	1
/scratch/skscla001/experiments/datasets/swagen/audio/common_voice_sw_30110305.wav	mara zote mungu ana uwezo wake wa pekee 	0
/scratch/skscla001/experiments/datasets/swagen/audio/common_voice_sw_35108397.wav	alimwambia jacob kuwa aende naye hotelini alipofikia wakalale wote usiku ule 	0
/scratch/skscla001/experiments/datasets/swagen/audio/common_voice_sw_30053887.wav	wataalamu wasio wachache wanasema mwisho wa vita kuu ya kwanza 	0
/scratch/skscla001/experiments/datasets/swagen/audio/common_voice_sw_29790076.wav	maziwa ya mtindi yana asidi za asili 	0
/scratch/skscla001/experiments/datasets/swagen/audio/common_voice_sw_30470998.wav	tanzania ilienda kinyume chake ilifuata sera za kujitegemea 	1
/scratch/skscla001/experiments/datasets/swagen/audio/common_voice_sw_30002327.wav	waliishi pamoja na wanyama pori wengi huku wakikataa kula wanyama hao 	1
/scratch/skscla001/experiments/datasets/swagen/audio/common_voice_sw_35284665.wav	mji mkongwe wenye historia kubwa una majengo mengi ya kihistoria 	0
/scratch/skscla001/experiments/datasets/swagen/audio/common_voice_sw_29790679.wav	amin alifanikiwa kugombana na majirani zake wa karibu 	0
/scratch/skscla001/experiments/datasets/swagen/audio/common_voice_sw_30370808.wav	takwimu na benki kuu ya tanzania oktoba mwaka jana 	0
/scratch/skscla001/experiments/datasets/swagen/audio/common_voice_sw_31812121.wav	takribani asilimia ishirini ya hewa safi duniani huzalishwa kutoka kwenye msitu huo 	0
/scratch/skscla001/experiments/datasets/swagen/audio/common_voice_sw_31284795.wav	baada ya sherehe hii kumalizika wavulana wanatahiriwa katika nyumba zao 	0
/scratch/skscla001/experiments/datasets/swagen/audio/common_voice_sw_37215908.wav	karibu sana kijana wangu alisema mzee makame kwa uchangamfu 	0
/scratch/skscla001/experiments/datasets/swagen/audio/common_voice_sw_30176724.wav	tanzania ilipata uhuru wake kamili kutoka kwa uingereza 	0
/scratch/skscla001/experiments/datasets/swagen/audio/common_voice_sw_31304408.wav	mfugale amepokea tuzo mbalimbali ambapo alipokea tuzo ya mafanikio 	1
/scratch/skscla001/experiments/datasets/swagen/audio/common_voice_sw_28690259.wav	hadithi hizi hutokea zaidi katika maandishi 	1
/scratch/skscla001/experiments/datasets/swagen/audio/common_voice_sw_29406911.wav	hapo alijiunga na umonaki kwenye mlima sinai 	0
/scratch/skscla001/experiments/datasets/swagen/audio/common_voice_sw_30375701.wav	wakati huo italia ilifanya mapinduzi ya dikteta na mwitalia mussolini 	0
/scratch/skscla001/experiments/datasets/swagen/audio/common_voice_sw_30307279.wav	nyerere alikuwa kiungo muhimu katika muungano wa tanganyika na zanzibar 	1
/scratch/skscla001/experiments/datasets/swagen/audio/common_voice_sw_30004106.wav	mfano katika taifa la tanzania kuna hifadhi kubwa za wanyama 	0
/scratch/skscla001/experiments/datasets/swagen/audio/common_voice_sw_34819370.wav	katika hali nzuri na iko tayari kabisa kuwenza kutekeleza zoezi hilo 	0
/scratch/skscla001/experiments/datasets/swagen/audio/common_voice_sw_34890932.wav	amani idhumishwe nchini 	1
/scratch/skscla001/experiments/datasets/swagen/audio/common_voice_sw_28951376.wav	ni bora pia kuthibitisha hakuna uwezekano wa madhara ya madawa au pombe 	0
/scratch/skscla001/experiments/datasets/swagen/audio/common_voice_sw_37092315.wav	katika mlo wake kijiji kikubwa na cha 	0
/scratch/skscla001/experiments/datasets/swagen/audio/common_voice_sw_30624159.wav	jaji werema katibu mkuu wa wizara ya nishati na madini 	0
/scratch/skscla001/experiments/datasets/swagen/audio/common_voice_sw_30073514.wav	nigeria ilishinda ubingwa kwa kuifunga zambia 	0
/scratch/skscla001/experiments/datasets/swagen/audio/common_voice_sw_30380486.wav	milima ya usambara inapatikana kaskazini mashariki mwa tanzania mkoani tanga 	0
/scratch/skscla001/experiments/datasets/swagen/audio/common_voice_sw_35425635.wav	sasa taasisi zimeanza kushughulikia pia masuala ya kuondoa umasikini 	0
/scratch/skscla001/experiments/datasets/swagen/audio/common_voice_sw_28761186.wav	lengo lake lilikuwa kuendeleza matengenezo lakini pia kudumisha umoja huo 	0
/scratch/skscla001/experiments/datasets/swagen/audio/common_voice_sw_34814853.wav	kadhaa kutoka kwenye misitu ya burundi hujiunga nao upande wa kulia 	0
/scratch/skscla001/experiments/datasets/swagen/audio/common_voice_sw_35156898.wav	ngoja nikusimulie 	0
/scratch/skscla001/experiments/datasets/swagen/audio/common_voice_sw_35106053.wav	wabuni maarufu wa mitindo ya mavazi hupendelea wanamitindo 	0
/scratch/skscla001/experiments/datasets/swagen/audio/common_voice_sw_35103516.wav	ii nyingi hazili matunda na mboga mboga kwa hivyo huyo mtu hawezi kuna na 	0
/scratch/skscla001/experiments/datasets/swagen/audio/common_voice_sw_35588270.wav	mwanamke hakuwa na kumbukumbu siku hiyo 	0
/scratch/skscla001/experiments/datasets/swagen/audio/common_voice_sw_28666544.wav	ameandika hasa kwa watoto 	0
/scratch/skscla001/experiments/datasets/swagen/audio/common_voice_sw_29790728.wav	bernard lagat akiwa wa mwishoni akichagua kuiwakilisha marekani 	0
/scratch/skscla001/experiments/datasets/swagen/audio/common_voice_sw_30558670.wav	kuwahi kutokea kuhusishwa na janga la virusi vya ukimwi 	0
/scratch/skscla001/experiments/datasets/swagen/audio/common_voice_sw_29958774.wav	subirini matukio mengine wakati kandarasi yake itakapokamilika mwezi juni 	0
/scratch/skscla001/experiments/datasets/swagen/audio/common_voice_sw_31284356.wav	bendera hufuata upepo 	0
/scratch/skscla001/experiments/datasets/swagen/audio/common_voice_sw_30653757.wav	mchanga huo husafirishwa na upepo bila kuacha mabaki nyuma 	0
/scratch/skscla001/experiments/datasets/swagen/audio/common_voice_sw_35181557.wav	wa hewa ndio hatari kubwa zaidi ya kimazingira inayokabili afya ya umma duniani 	0
/scratch/skscla001/experiments/datasets/swagen/audio/common_voice_sw_30383857.wav	golikipa wa urusi alikuwa bora kuliko magolikipa wengine 	0
/scratch/skscla001/experiments/datasets/swagen/audio/common_voice_sw_31940312.wav	kunkaza sana 	1
/scratch/skscla001/experiments/datasets/swagen/audio/common_voice_sw_30182723.wav	kwa ujumla hivyo jamii ndiyo nguvu kazi katika nchi hasa nchini tanzania 	0
/scratch/skscla001/experiments/datasets/swagen/audio/common_voice_sw_30566752.wav	raisi kikwete alikuwa ni mtu wa watu 	0
/scratch/skscla001/experiments/datasets/swagen/audio/common_voice_sw_37085125.wav	bi anita alimuomba jacob asirudi dar kwa kuhofia angepoteza muda wa kufanya kazi yake 	1
/scratch/skscla001/experiments/datasets/swagen/audio/common_voice_sw_35586733.wav	linapotajwa jina lake kwa hakika hustua nyoyo za watu wengi duniani 	0
/scratch/skscla001/experiments/datasets/swagen/audio/common_voice_sw_35160865.wav	ya serengeti au makao makuu ya shirika la hifadhi za taifa mjini arusha 	0
/scratch/skscla001/experiments/datasets/swagen/audio/common_voice_sw_30372708.wav	walutheri waliendelea na cheo cha uaskofu na desturi nyingi za kanisa la kale 	0
/scratch/skscla001/experiments/datasets/swagen/audio/common_voice_sw_30102191.wav	kutoka kabila ya kishujaa ya kikongo na kundi hili 	0
/scratch/skscla001/experiments/datasets/swagen/audio/common_voice_sw_30372349.wav	mpira umekua laini sana nyakati hizi 	0
/scratch/skscla001/experiments/datasets/swagen/audio/common_voice_sw_30405656.wav	taifa la uruguay lilikuwa linazalisha nyota wengi 	0
/scratch/skscla001/experiments/datasets/swagen/audio/common_voice_sw_30562871.wav	uingereza ilieneza zaidi mvuto wake karne ya kumi na tisa kupitia wamisionari 	0
/scratch/skscla001/experiments/datasets/swagen/audio/common_voice_sw_31285613.wav	mawaziri wakuu wawili kati ya watangulizi wake walihamia katika vyama vya upinzani 	0
/scratch/skscla001/experiments/datasets/swagen/audio/common_voice_sw_30307682.wav	halmashauri ya jiji inaundwa na baraza la madiwani 	0
/scratch/skscla001/experiments/datasets/swagen/audio/common_voice_sw_34917789.wav	ni mwanaharakati wa maswala ya uhuru wa vyombo vya habari 	0
/scratch/skscla001/experiments/datasets/swagen/audio/common_voice_sw_34756222.wav	alimuuliza julian paruku kahonja gavana wa kivu kaskazini 	0
/scratch/skscla001/experiments/datasets/swagen/audio/common_voice_sw_36617107.wav	ameandaliwa mapambano mengi tu na ruge alisema nyota na bingwa wa zamani wa 	0
/scratch/skscla001/experiments/datasets/swagen/audio/common_voice_sw_36013474.wav	umoja wa mataifa ulianzisha mahakama ya makosa ya jinai 	1
/scratch/skscla001/experiments/datasets/swagen/audio/common_voice_sw_30421299.wav	kukaa kenya miezi mitatu hivi hurejea tanzania mwezi novemba hadi mwezi disemba 	0
/scratch/skscla001/experiments/datasets/swagen/audio/common_voice_sw_30653987.wav	hii humaanisha kabila la kimasai lina wajane wengi 	0
/scratch/skscla001/experiments/datasets/swagen/audio/common_voice_sw_29790584.wav	wakati vikosi vya uganda vikikishambulia kikosi kilichokuwa kimepita njia ya kawaida 	0
/scratch/skscla001/experiments/datasets/swagen/audio/common_voice_sw_30074736.wav	hakuna mchezaji aliyewahi kushinda makombe mengi ya dunia kama yeye 	0
/scratch/skscla001/experiments/datasets/swagen/audio/common_voice_sw_30034007.wav	vipindi vya joto jingi kwa kawaida hubadilishana na vile vya baridi na joto 	0
/scratch/skscla001/experiments/datasets/swagen/audio/common_voice_sw_36385761.wav	waliomtaja kuwa ni mchawi walilenga kumchafua na kulifuta jina lake kwenye soko la muziki 	1
/scratch/skscla001/experiments/datasets/swagen/audio/common_voice_sw_35221670.wav	karani wangu ni kioo cha jamii 	0
/scratch/skscla001/experiments/datasets/swagen/audio/common_voice_sw_29798418.wav	hali hiyo ilianza kubadilika baada ya miaka kadhaa 	0
/scratch/skscla001/experiments/datasets/swagen/audio/common_voice_sw_30017714.wav	mwaka elfu moja mia tisa sabini serikali iliipa kazi kampuni ya upangaji miji 	0
/scratch/skscla001/experiments/datasets/swagen/audio/common_voice_sw_35272721.wav	ni hotuba iliyosomwa kwa niaba yake na balozi seif ali iddi 	0
/scratch/skscla001/experiments/datasets/swagen/audio/common_voice_sw_35183926.wav	na anatakiwa kuwa mrembo lakini urembo pia 	0
/scratch/skscla001/experiments/datasets/swagen/audio/common_voice_sw_31285536.wav	halmashauri hiyo ilionesha teknolojia za umwagiliaji kwa kutumia miundombinu 	0
/scratch/skscla001/experiments/datasets/swagen/audio/common_voice_sw_30583020.wav	kumekuwapo na shughuli za kinabadamu ambazo si rafiki katika masuala ya uhifadhi 	1
/scratch/skscla001/experiments/datasets/swagen/audio/common_voice_sw_30585180.wav	ni dhahiri kuwa hakuna jina lisilokuwa na maana yake 	0
/scratch/skscla001/experiments/datasets/swagen/audio/common_voice_sw_34958960.wav	ule ya utekelezaji wa sera ya taifa ya mazingira 	0
/scratch/skscla001/experiments/datasets/swagen/audio/common_voice_sw_36038750.wav	nyurojenesi ya matibabu hujumuisha upunguzaji matumizi kwa 	0
/scratch/skscla001/experiments/datasets/swagen/audio/common_voice_sw_29923938.wav	alitafsiri biblia kwa kijerumani ili watu wengi zaidi waweze kuisoma 	0
/scratch/skscla001/experiments/datasets/swagen/audio/common_voice_sw_35438831.wav	aa ambaye pia anawania urais kwa wakati huu stanila 	0
/scratch/skscla001/experiments/datasets/swagen/audio/common_voice_sw_34958484.wav	wakimaliza mafunzo yao ya maisha kama watu binafsi huendeleza umoja wao 	0
/scratch/skscla001/experiments/datasets/swagen/audio/common_voice_sw_29847216.wav	usultani ulikuwa pwani ya afrika mashariki 	0
/scratch/skscla001/experiments/datasets/swagen/audio/common_voice_sw_30628515.wav	mbuga ya kitaifa ya tsavo mashariki ni mojawapo hifadhi maarufu 	0
/scratch/skscla001/experiments/datasets/swagen/audio/common_voice_sw_30034511.wav	alitunukiwa shahada ya ualimu masomo ya kemiana hisabati 	0
/scratch/skscla001/experiments/datasets/swagen/audio/common_voice_sw_28718644.wav	mkono huu wa kaskazini huitwa mkondo wa atlantiki ya kaskazini 	0
/scratch/skscla001/experiments/datasets/swagen/audio/common_voice_sw_30659282.wav	kabla ya hapo kaole ilikuwa bandari muhimu katika pwani ya afrika mashariki 	0
/scratch/skscla001/experiments/datasets/swagen/audio/common_voice_sw_35279278.wav	barafu ya icebergs ni marafiki wa meli katika atlantiki ya kasikazini 	0
/scratch/skscla001/experiments/datasets/swagen/audio/common_voice_sw_29791051.wav	adhabu ya kifo ilipanuliwa kuingiza makosa kama vile utoroshaji wa karafuu 	0
/scratch/skscla001/experiments/datasets/swagen/audio/common_voice_sw_29792996.wav	lakini umiliki wa nyumba binafsi haukupigwa marufuku 	0
/scratch/skscla001/experiments/datasets/swagen/audio/common_voice_sw_30070990.wav	tangu nilipoteuliwa sijawahi kuwafikiria baadhi ya watu walionisuta 	0
/scratch/skscla001/experiments/datasets/swagen/audio/common_voice_sw_35588661.wav	tumekataa kudhalilishwa kabisa 	0
/scratch/skscla001/experiments/datasets/swagen/audio/common_voice_sw_35586800.wav	wataadhibiwa kwa kutekeleza sheria za rwanda za makosa ya jinai wanaostahili kusaidiwa ni yatima 	0
/scratch/skscla001/experiments/datasets/swagen/audio/common_voice_sw_30327995.wav	kupunga upepo lakini hata kuogelea vivutio vya utamaduni 	0
/scratch/skscla001/experiments/datasets/swagen/audio/common_voice_sw_30564070.wav	ziwa victoria lilikuwa linaitwa nyanza kwa upande wa tanzania 	0
/scratch/skscla001/experiments/datasets/swagen/audio/common_voice_sw_35586810.wav	ni kutoka kwa shetani na usahihi hauna maana ikiwa mturuki anasema 	0
/scratch/skscla001/experiments/datasets/swagen/audio/common_voice_sw_37331840.wav	alifikia utaratibu wa kuulizwa maswali 	0
/scratch/skscla001/experiments/datasets/swagen/audio/common_voice_sw_31797681.wav	mkwawa kabla ya kukimbia alimuua mganga mzee aliyewahi kutabiri hilo 	1
/scratch/skscla001/experiments/datasets/swagen/audio/common_voice_sw_31284363.wav	na kila walipoenda waliwasema hivyo sifa hiyo ikawaganda 	0
/scratch/skscla001/experiments/datasets/swagen/audio/common_voice_sw_34833767.wav	hakuna vile ningeficha 	0
/scratch/skscla001/experiments/datasets/swagen/audio/common_voice_sw_29762176.wav	zaidi jina halisi na sifa za hadithi hiyo hutofautiana kulingana na eneo 	0
/scratch/skscla001/experiments/datasets/swagen/audio/common_voice_sw_35106189.wav	kichwa changu 	0
/scratch/skscla001/experiments/datasets/swagen/audio/common_voice_sw_30591028.wav	kiongozi huyo hakuishia hapo alifanikisha ujenzi wa uwanja wa amani 	0
/scratch/skscla001/experiments/datasets/swagen/audio/common_voice_sw_30582082.wav	mbalimbali na nguo hata hivyo mtindo uliopendelewa 	0
/scratch/skscla001/experiments/datasets/swagen/audio/common_voice_sw_37329863.wav	walijadiliana kuhusu ushirikiano wa kimkakati kati ya marekani na kenya kuhamasisha amani na usalama 	0
/scratch/skscla001/experiments/datasets/swagen/audio/common_voice_sw_29795851.wav	mlima kilimanjaro unapandwa katika misimu miwili tofauti 	1
/scratch/skscla001/experiments/datasets/swagen/audio/common_voice_sw_29790078.wav	hifadhi hii iko umbali wa kilometa mia moja ishirini na sita 	0
/scratch/skscla001/experiments/datasets/swagen/audio/common_voice_sw_29528404.wav	ardhi ya morogoro ina takribani rutuba ya kufaa kwa mazao mengi 	1
/scratch/skscla001/experiments/datasets/swagen/audio/common_voice_sw_35105247.wav	elfu mbili iliyopita mawasiliano kati ya nchi na nchi hayakuwa rahisi 	0
/scratch/skscla001/experiments/datasets/swagen/audio/common_voice_sw_34829113.wav	achana naye hana nguvu 	0
/scratch/skscla001/experiments/datasets/swagen/audio/common_voice_sw_36040193.wav	obito alidhani kuwa rafiki yake sarah alikufa 	0
/scratch/skscla001/experiments/datasets/swagen/audio/common_voice_sw_30718299.wav	wanyama hawa hupenda sana kujichanganya na wanyama kama pundamlia na nyani 	0
/scratch/skscla001/experiments/datasets/swagen/audio/common_voice_sw_30264477.wav	amin alipata sifa ya ukatili alikuwa karibu akizuia mara kadhaa kwa ukatili mkali 	0
/scratch/skscla001/experiments/datasets/swagen/audio/common_voice_sw_30568070.wav	lugha yao rasmi ni kimachinga inasadikika 	0
/scratch/skscla001/experiments/datasets/swagen/audio/common_voice_sw_29949163.wav	tambarare ya yatta pia ambayo ina historia ndefu 	0
/scratch/skscla001/experiments/datasets/swagen/audio/common_voice_sw_28725325.wav	iko kando ya mto main 	1
/scratch/skscla001/experiments/datasets/swagen/audio/common_voice_sw_30566574.wav	ikifikia upeo katika sherehe ya eunoto yaani ujio wa umri 	0
/scratch/skscla001/experiments/datasets/swagen/audio/common_voice_sw_28666520.wav	aliyemfuata kama tenno ni mwana wake go fushimi 	0
/scratch/skscla001/experiments/datasets/swagen/audio/common_voice_sw_31812464.wav	aliwazaa watoto kama vile magidangana mhalwike pia mupoma 	0
/scratch/skscla001/experiments/datasets/swagen/audio/common_voice_sw_29815698.wav	ikitokea mataifa mengine pia mizigo mingine ikichukuliwa 	1
/scratch/skscla001/experiments/datasets/swagen/audio/common_voice_sw_36746522.wav	huduma ya afya haijaelimishwa na elimu hii haijawafikia vizuri watu 	0
/scratch/skscla001/experiments/datasets/swagen/audio/common_voice_sw_30653781.wav	kazi ambayo aliifanya huku akiendelea na masomo yake hadi alipohitimu katika chuo kikuu 	0
/scratch/skscla001/experiments/datasets/swagen/audio/common_voice_sw_35183597.wav	huyo ni balozi wa marekani katika baraza la umoja 	0
/scratch/skscla001/experiments/datasets/swagen/audio/common_voice_sw_35279234.wav	unaweza kupata mkopo wa kipindi kisichozidi siku moja ya kazi 	0
/scratch/skscla001/experiments/datasets/swagen/audio/common_voice_sw_30008824.wav	donald ngoma na wengine hawachezi katika timu zao lakini ni wafalme wa soka tanzania 	1
/scratch/skscla001/experiments/datasets/swagen/audio/common_voice_sw_36641450.wav	ni wa kiindio na kumi na sita 	0
/scratch/skscla001/experiments/datasets/swagen/audio/common_voice_sw_37224331.wav	hata hivyo baba wa sinsang amesikitishwa na hukumu hiyo 	0
/scratch/skscla001/experiments/datasets/swagen/audio/common_voice_sw_30182598.wav	mto nile unatiririsha maji katika bahari iliyopo kaskazini mashariki mwa afrika 	1
/scratch/skscla001/experiments/datasets/swagen/audio/common_voice_sw_29466731.wav	iraq ina akiba kubwa za mafuta ya petroli ardhini 	0
/scratch/skscla001/experiments/datasets/swagen/audio/common_voice_sw_30227550.wav	kijiuvimbe katika eneo la tundu mlango wa kutolea haja kubwa 	0
/scratch/skscla001/experiments/datasets/swagen/audio/common_voice_sw_35102851.wav	kizazi hiki cha viongozi wa uhuru kimekwisha viongozi wa sasa wamejaa tamaa ya mali 	0
/scratch/skscla001/experiments/datasets/swagen/audio/common_voice_sw_35099360.wav	naa na miongoni mwa hizo nchini ni ni ziko nyingine nchi za kiafrika 	0
/scratch/skscla001/experiments/datasets/swagen/audio/common_voice_sw_35183812.wav	hiyo inachagia lakini tena 	0
/scratch/skscla001/experiments/datasets/swagen/audio/common_voice_sw_30080507.wav	mbuni anakimbia kuliko viumbe wote wenye miguu miwili 	0
/scratch/skscla001/experiments/datasets/swagen/audio/common_voice_sw_28584923.wav	alijitahidi kurekebisha maadili ya jimbo lake 	0
/scratch/skscla001/experiments/datasets/swagen/audio/common_voice_sw_29211515.wav	kwa hiyo lugha imekaribia kutoweka kabisa 	0
/scratch/skscla001/experiments/datasets/swagen/audio/common_voice_sw_36365344.wav	raslimali zinazohitajika ili kushughulikia tatizo la 	0
/scratch/skscla001/experiments/datasets/swagen/audio/common_voice_sw_29793361.wav	vilifikia laki nne na elfu arobaini na tano 	0
/scratch/skscla001/experiments/datasets/swagen/audio/common_voice_sw_35250649.wav	uongeza kuwa anauhakika nchi ya marekani 	0
/scratch/skscla001/experiments/datasets/swagen/audio/common_voice_sw_37332149.wav	kutokana na kufufuliwa kwa sekta ya huduma 	0
/scratch/skscla001/experiments/datasets/swagen/audio/common_voice_sw_28883789.wav	alikuwa mwanamke wa kwanza kuchaguliwa na kuongoza nchi ya kiislamu 	0
/scratch/skscla001/experiments/datasets/swagen/audio/common_voice_sw_31284931.wav	kwa mujibu wa takwimu zilizopo zinaonesha wahadzabe wapo watu chini ya elfu moja 	0
/scratch/skscla001/experiments/datasets/swagen/audio/common_voice_sw_35103839.wav	liwasheni taa zenu ili ziwake zote 	0
/scratch/skscla001/experiments/datasets/swagen/audio/common_voice_sw_37100443.wav	huku akitaka uungwaji mikono juu ya kile ambacho watakiamua 	1
/scratch/skscla001/experiments/datasets/swagen/audio/common_voice_sw_30070719.wav	ousmane dembele alifunga goli katika dakika ya sabini na moja 	0
/scratch/skscla001/experiments/datasets/swagen/audio/common_voice_sw_35099490.wav	hatuoni kwamba wananchi wa misri 	0
/scratch/skscla001/experiments/datasets/swagen/audio/common_voice_sw_29794165.wav	lakini wafanayakazi wa mashamaba haya walikuwa ni wenyeji 	0
/scratch/skscla001/experiments/datasets/swagen/audio/common_voice_sw_28584677.wav	tangu kale anaheshimiwa na kanisa katoliki kama mtakatifu 	0
/scratch/skscla001/experiments/datasets/swagen/audio/common_voice_sw_35105919.wav	dawa za jadi biashara ya mikahawa au maduka kununua na kuuza madini kuuza bidhaa 	0
/scratch/skscla001/experiments/datasets/swagen/audio/common_voice_sw_34747535.wav	hata akisema amechoka anataka muachane 	0
/scratch/skscla001/experiments/datasets/swagen/audio/common_voice_sw_30351391.wav	hitler alifanya mauaji ya halaiki kabisa 	0
/scratch/skscla001/experiments/datasets/swagen/audio/common_voice_sw_34958150.wav	isa tisini na moja walikuwa boris yeltsin na vladimir putindmitry medvedev alichaguliwa kuwa 	0
/scratch/skscla001/experiments/datasets/swagen/audio/common_voice_sw_35183579.wav	inawezesha ubadilishanaji na makubaliano ya kifedha na dhamana 	0
/scratch/skscla001/experiments/datasets/swagen/audio/common_voice_sw_34766410.wav	tutunze mazingira kwa minajili ya vizazi vya leo na vya kesho 	0
/scratch/skscla001/experiments/datasets/swagen/audio/common_voice_sw_35099297.wav	wa kugeuza umbo la glutamati katika mara mtu ageukapo kutoka matumizi 	0
/scratch/skscla001/experiments/datasets/swagen/audio/common_voice_sw_30035563.wav	ziwa victoria hupokea maji kutoka mito mikubwa kama vile mto kagera na mto mara 	0
/scratch/skscla001/experiments/datasets/swagen/audio/common_voice_sw_30079923.wav	mwalimu nyerere alikuwa rais wa pekee sana ulimwenguni 	0
/scratch/skscla001/experiments/datasets/swagen/audio/common_voice_sw_35409398.wav	usafiri wa meli na utalii wa cruise pia huendelea kukua 	0
/scratch/skscla001/experiments/datasets/swagen/audio/common_voice_sw_35182213.wav	mahakama ya haki za binadamu ilihukumu kesi arobaini na tano 	0
/scratch/skscla001/experiments/datasets/swagen/audio/common_voice_sw_36746528.wav	mambo ni mengi sana ikiwemo mfumuko wa bei 	0
/scratch/skscla001/experiments/datasets/swagen/audio/common_voice_sw_29924888.wav	usultani wa zanzibar ulikuwa umepewa na uingereza 	0
/scratch/skscla001/experiments/datasets/swagen/audio/common_voice_sw_28681619.wav	mifugo ni pamoja na ng ombe mbuzi kondoo na kuku 	1
/scratch/skscla001/experiments/datasets/swagen/audio/common_voice_sw_28584766.wav	uwindaji huu ulikuwa muhimu kiuchumi na sababu muhimu kwa uenezaji wa urusi katika siberia 	0
/scratch/skscla001/experiments/datasets/swagen/audio/common_voice_sw_34749725.wav	ee makubaliano juu ya mpango wa kuzalisha nuclear liz masinga kulikoni 	0
/scratch/skscla001/experiments/datasets/swagen/audio/common_voice_sw_30028949.wav	wakati tukio hilo linatokea mkapa alikuwa ughaibuni akishiriki mkutano wa kiuchumi 	0
/scratch/skscla001/experiments/datasets/swagen/audio/common_voice_sw_31787809.wav	mwanasiasa tundu lissu anaijia siasa vyema 	0
/scratch/skscla001/experiments/datasets/swagen/audio/common_voice_sw_29559650.wav	hayajulikani mengine kuhusu historia yao ila tangu kale wanaheshimiwa kama watakatifu wafiadini 	1
/scratch/skscla001/experiments/datasets/swagen/audio/common_voice_sw_29792598.wav	santeu akamjibu baba yake iliyomfanya atambue sauti yake 	0
/scratch/skscla001/experiments/datasets/swagen/audio/common_voice_sw_30122633.wav	mgonjwa huambukizwa kwa kuumwa na mbu jike mwenye vimelea vya plasmodium 	0
/scratch/skscla001/experiments/datasets/swagen/audio/common_voice_sw_29791746.wav	kaskazini kwake ni msitu wa hifadhi ya kisere 	0
/scratch/skscla001/experiments/datasets/swagen/audio/common_voice_sw_35183653.wav	ipo haja kwa serikali ya zanzibar kuharakisha upatikanaji wa sera ya uchumi buluu 	0
/scratch/skscla001/experiments/datasets/swagen/audio/common_voice_sw_29937752.wav	fainali ya kombe la dunia ilichezwa mjini moscow 	1
/scratch/skscla001/experiments/datasets/swagen/audio/common_voice_sw_29789506.wav	vita kati ya washona na wazungu iliyopiganwa katika taifa la zimbabwe 	0
/scratch/skscla001/experiments/datasets/swagen/audio/common_voice_sw_31284375.wav	ufalme wa buganda ulifutwa kisheria kabaka edward mutesa wa pili alikufa ngambo 	0
/scratch/skscla001/experiments/datasets/swagen/audio/common_voice_sw_37091246.wav	ni pemba yenye utajiri mkubwa wa rasilimali za kimaumbile ila mpemba hafaidiki nazo 	1
/scratch/skscla001/experiments/datasets/swagen/audio/common_voice_sw_29595853.wav	maambukizi ya kibofu ni ya kawaida sana katika familia nyingine 	0
/scratch/skscla001/experiments/datasets/swagen/audio/common_voice_sw_30224443.wav	kwenye orodha ya wachezaji kutokana na maongezi na 	0
/scratch/skscla001/experiments/datasets/swagen/audio/common_voice_sw_29488107.wav	kwa miji mingine angalia orodha ya miji ya illinois 	0
/scratch/skscla001/experiments/datasets/swagen/audio/common_voice_sw_30004277.wav	waasu hawa wakatimka mbio na kuparamia milima ambayo sasa inaitwa milima ya upare 	0
/scratch/skscla001/experiments/datasets/swagen/audio/common_voice_sw_30635700.wav	nahodha huyo raia wa argentina alivunja rekodi ya mechi mia saba sitini na saba 	1
/scratch/skscla001/experiments/datasets/swagen/audio/common_voice_sw_37229947.wav	kwa jumla inakadiriwa kuwa milioni mbili mbili makadirio hayo ya wamasai katika nchi zote 	1
/scratch/skscla001/experiments/datasets/swagen/audio/common_voice_sw_29960748.wav	nyerere alipiga vita ukabila ndani ya nchi ya tanzania 	0
/scratch/skscla001/experiments/datasets/swagen/audio/common_voice_sw_30570692.wav	kwenye fainali ya kombe la dunia ujerumani ilishinda mbili kwa moja 	0
/scratch/skscla001/experiments/datasets/swagen/audio/common_voice_sw_30585222.wav	mwaka elfu moja mia tisa themanini na tano nyerere anastaafu 	0
/scratch/skscla001/experiments/datasets/swagen/audio/common_voice_sw_30495726.wav	mwaka wa elfu moja mia nane tisini na nane 	0
/scratch/skscla001/experiments/datasets/swagen/audio/common_voice_sw_35183622.wav	chini ya tanganyika african umoja wa kitaifa kilichoongoza harakati za uhuru 	0
/scratch/skscla001/experiments/datasets/swagen/audio/common_voice_sw_28581626.wav	uko katika magharibi ya kati ya nchi 	0
/scratch/skscla001/experiments/datasets/swagen/audio/common_voice_sw_30032640.wav	usiku hali joto ina wastani wa sentigredi tisa 	0
/scratch/skscla001/experiments/datasets/swagen/audio/common_voice_sw_30671205.wav	aina za samaki wanaozalishwa kwa wingi ni sato au ngege na kambale 	1
/scratch/skscla001/experiments/datasets/swagen/audio/common_voice_sw_34943093.wav	na kuandika zaidi ukweli wa kuvutia kuhusu uturuki na waturuki 	0
/scratch/skscla001/experiments/datasets/swagen/audio/common_voice_sw_34598187.wav	siku zote utukuzwe 	0
/scratch/skscla001/experiments/datasets/swagen/audio/common_voice_sw_34747622.wav	isipokuwa kwa kuwaachia watawale italia ya kati walisababisha papa 	0
/scratch/skscla001/experiments/datasets/swagen/audio/common_voice_sw_30653637.wav	kumekuwa na hadithi nyingi juu ya eneo hilo ambazo nyingi ni za kutisha 	0
/scratch/skscla001/experiments/datasets/swagen/audio/common_voice_sw_30124432.wav	kama wazaramo na wakaguru pia wakutu na wakwere 	0
/scratch/skscla001/experiments/datasets/swagen/audio/common_voice_sw_30575570.wav	kaa ukijua safari yako inaweza isifanikiwe kwa namna moja au nyingine 	0
/scratch/skscla001/experiments/datasets/swagen/audio/common_voice_sw_31997472.wav	jua linaangaza vizuri 	0
/scratch/skscla001/experiments/datasets/swagen/audio/common_voice_sw_31441013.wav	walikuwa wakiishi pamoja na kusaidiana katika mambo mbalimbali 	1
/scratch/skscla001/experiments/datasets/swagen/audio/common_voice_sw_37214804.wav	wakati wa awamu za mapema za mlipuko idadi ya kesi iliongezeka mara mbili 	0
/scratch/skscla001/experiments/datasets/swagen/audio/common_voice_sw_30029211.wav	mfugale aliteuliwa kuwa mhandisi mkuu wa madaraja 	0
/scratch/skscla001/experiments/datasets/swagen/audio/common_voice_sw_29794476.wav	ikiwa mwishoni mwa tafakuri yake binafsi mwandishi wa habari atafikia uamuzi wa kimaadili 	0
/scratch/skscla001/experiments/datasets/swagen/audio/common_voice_sw_29791723.wav	hizo ni baadhi ya faida za utalii kwa kila taifa lenye hifadhi za wanyama 	0
/scratch/skscla001/experiments/datasets/swagen/audio/common_voice_sw_30364543.wav	miaka iliyopita raha ilikuwa ni kushinda makombe 	1
/scratch/skscla001/experiments/datasets/swagen/audio/common_voice_sw_30389241.wav	wadhifa alioutumikia mpaka anafikwa na mauti 	0
/scratch/skscla001/experiments/datasets/swagen/audio/common_voice_sw_31585383.wav	mto nile umepita katika nchi tano za africa 	0
/scratch/skscla001/experiments/datasets/swagen/audio/common_voice_sw_29478139.wav	baadaye aliunda kikundi chake na kurudi tanzania kwa muda mfupi 	0
/scratch/skscla001/experiments/datasets/swagen/audio/common_voice_sw_34920400.wav	pia ardhi yenye rutuba kwa mifungo kama vile ngombe mbuzi kondoo na punda 	0
/scratch/skscla001/experiments/datasets/swagen/audio/common_voice_sw_31787966.wav	wengine huona ya kwamba ni wazungu wasiojua kiswahili vema waliochanganya mlima na kilima 	0
/scratch/skscla001/experiments/datasets/swagen/audio/common_voice_sw_35103890.wav	ko tusikiliza idhaa ya kiswahili ya redio france international 	0
/scratch/skscla001/experiments/datasets/swagen/audio/common_voice_sw_30351588.wav	mzee wa kimaasai wakati mmoja alituambia hilo 	0
/scratch/skscla001/experiments/datasets/swagen/audio/common_voice_sw_29792873.wav	alifanya ziara kwa ajili ya kufanya shughuli mbalimbali za kanisa 	0
/scratch/skscla001/experiments/datasets/swagen/audio/common_voice_sw_30142996.wav	kwa hiyo uwepo wa bahari hii imeleta nafuu kubwa sana kwa mataifa ya afrika 	0
/scratch/skscla001/experiments/datasets/swagen/audio/common_voice_sw_30414755.wav	kuhusu hatari za maambukizi ya magonjwa haya 	0
/scratch/skscla001/experiments/datasets/swagen/audio/common_voice_sw_28876221.wav	ambaye alikua ni dada wa anna 	1
/scratch/skscla001/experiments/datasets/swagen/audio/common_voice_sw_37217072.wav	ee na na inapokuwa ni kesi kama hii ya madawa ya kulevya 	0
/scratch/skscla001/experiments/datasets/swagen/audio/common_voice_sw_35198756.wav	kipindi professa jay anavuma wakati huo sugu na dudubaya nao walikuwa wanavuma 	0
/scratch/skscla001/experiments/datasets/swagen/audio/common_voice_sw_30582592.wav	kisha ukasafirishwa tena mpaka katika uwanja wa gombani pemba na baadae kupelekwa kijijini kwaoa 	0
/scratch/skscla001/experiments/datasets/swagen/audio/common_voice_sw_30623748.wav	ushirikiano unapatikana kwa watu kuungana pamoja 	0
/scratch/skscla001/experiments/datasets/swagen/audio/common_voice_sw_36252519.wav	taarifa hizi zilithibitishwa na mdogo wake raul castro 	0
/scratch/skscla001/experiments/datasets/swagen/audio/common_voice_sw_35442553.wav	za dopamini na serotonini ndani ya mfumo mzima wa sakiti ya uridhikaji 	0
/scratch/skscla001/experiments/datasets/swagen/audio/common_voice_sw_30023508.wav	wanaouwawa huuwawa kwa sababu ya uchawi ila imepotoshwa sana 	0
/scratch/skscla001/experiments/datasets/swagen/audio/common_voice_sw_29791480.wav	inachangia katika utendaji wako binafsi wa kukupa mwanga mzuri 	0
/scratch/skscla001/experiments/datasets/swagen/audio/common_voice_sw_37217580.wav	makubwa anatufundisha kutoangalia ukristo kama sheria au amri tu 	0
/scratch/skscla001/experiments/datasets/swagen/audio/common_voice_sw_30567756.wav	wakichekeana lakini walikuwa maadui ili tuelewe chanzo 	0
/scratch/skscla001/experiments/datasets/swagen/audio/common_voice_sw_35108171.wav	ba sifuri tatu mbili moja nane mbili 	0
/scratch/skscla001/experiments/datasets/swagen/audio/common_voice_sw_35103582.wav	mshahara mzuri na kuku wa mayai pia 	0
/scratch/skscla001/experiments/datasets/swagen/audio/common_voice_sw_30024144.wav	wachaga kabila linalojulikana kwa kufanya biashara 	0
/scratch/skscla001/experiments/datasets/swagen/audio/common_voice_sw_31475973.wav	nadhari hii hutoa mfumo rasmi wa mwelekeo kwa hali za kijamii 	1
/scratch/skscla001/experiments/datasets/swagen/audio/common_voice_sw_29749154.wav	unaishia kwenye bahari ya atlantiki 	0
/scratch/skscla001/experiments/datasets/swagen/audio/common_voice_sw_30337411.wav	gombe ni moja ya makazi ya machache yaliyosalia ya sokwe duniani 	0
/scratch/skscla001/experiments/datasets/swagen/audio/common_voice_sw_37225538.wav	ahsante kwa kiamsha kinywa 	0
/scratch/skscla001/experiments/datasets/swagen/audio/common_voice_sw_30443838.wav	waha walipoanza kuyazoea mazingira walijigamba na kujidai 	0
/scratch/skscla001/experiments/datasets/swagen/audio/common_voice_sw_30030935.wav	mto songwe una eneo la kidaka maji chenye kilomita za mraba elfu nne 	0
/scratch/skscla001/experiments/datasets/swagen/audio/common_voice_sw_35107937.wav	anikisha uchumi wa taifa hilo kuimarika kwa aslimia saba nukta tano mwaka huu 	1
/scratch/skscla001/experiments/datasets/swagen/audio/common_voice_sw_28725788.wav	wakristo hao walikataa kutoa sadaka hiyo 	1
/scratch/skscla001/experiments/datasets/swagen/audio/common_voice_sw_31808946.wav	shoka zilizotumika kwa kazi ya kuvunja mifupa nyembe na visu 	0
/scratch/skscla001/experiments/datasets/swagen/audio/common_voice_sw_37088806.wav	kihistoria hazijakuwa na mafanikio kama ule wa tiba mbadala 	0
/scratch/skscla001/experiments/datasets/swagen/audio/common_voice_sw_28836347.wav	ni kati ya maajabu makubwa ya dunia hii 	0
/scratch/skscla001/experiments/datasets/swagen/audio/common_voice_sw_31767002.wav	alihakikisha anasoma kwa bidii ili kutimiza ndoto zake 	0
/scratch/skscla001/experiments/datasets/swagen/audio/common_voice_sw_30107678.wav	wanacheza kwa siku nne siku mbili zikijulikana kama siku nyeupe 	0
/scratch/skscla001/experiments/datasets/swagen/audio/common_voice_sw_30089236.wav	kwa kuzingatia haya tutakuwa na mfumo ulioboreshwa wa kutoa mafunzo kwa vijana 	0
/scratch/skscla001/experiments/datasets/swagen/audio/common_voice_sw_30182026.wav	kuna uchungu kwenda haja ndogo na wakati mwingine hata haiwezekani 	1
/scratch/skscla001/experiments/datasets/swagen/audio/common_voice_sw_34942396.wav	tuna maziwa tuna misitu tuna milima 	0
/scratch/skscla001/experiments/datasets/swagen/audio/common_voice_sw_29925693.wav	pep guardiola hajawahi kufungwa mara tatu mfululizo 	0
/scratch/skscla001/experiments/datasets/swagen/audio/common_voice_sw_35183988.wav	walianzisha shule za dini kwa ajili ya 	0
/scratch/skscla001/experiments/datasets/swagen/audio/common_voice_sw_28583186.wav	tawimto kubwa ni mto mweusi 	0
/scratch/skscla001/experiments/datasets/swagen/audio/common_voice_sw_29793928.wav	shughuli za kilimo na utalii pia usafirishaji na bila kusahau uvuvi 	0
/scratch/skscla001/experiments/datasets/swagen/audio/common_voice_sw_37214859.wav	ezi ukaweka numbers sana kwenye hii kitu kwa sababu inategemea na priorities za nchi 	0
/scratch/skscla001/experiments/datasets/swagen/audio/common_voice_sw_29907000.wav	aliyekuwa akitawala katika kipindi hicho hapo kisiwani 	1
/scratch/skscla001/experiments/datasets/swagen/audio/common_voice_sw_30197488.wav	milima mitatu inaonekana kama vilele vitatu vya mlima mmoja 	0
/scratch/skscla001/experiments/datasets/swagen/audio/common_voice_sw_37090203.wav	ambazo zingine na zile sifurahie akaruhusu ziendelee katika 	0
/scratch/skscla001/experiments/datasets/swagen/audio/common_voice_sw_28672901.wav	hii ilianzishwa mnamo tarehe moja mwezi wa pili 	0
/scratch/skscla001/experiments/datasets/swagen/audio/common_voice_sw_30085557.wav	pep guardiola akachagua mbinu ya pasi nyingi 	1
/scratch/skscla001/experiments/datasets/swagen/audio/common_voice_sw_30381963.wav	alichagua jina la kaiser na lilitumika hadi tanzania ilipoundwa 	1
/scratch/skscla001/experiments/datasets/swagen/audio/common_voice_sw_35156077.wav	amenifanya mwana niliyekuwa mfungwa 	0
/scratch/skscla001/experiments/datasets/swagen/audio/common_voice_sw_29791450.wav	vijana wanaweza wakaona ugumu kuwaambia wenzi wao kuwa wameambukizwa magonjwa ya zinaa 	0
/scratch/skscla001/experiments/datasets/swagen/audio/common_voice_sw_29939353.wav	takriban miaka elfu mbili na mia tano iliyopita watu walionge lugha ya cushitic 	0
/scratch/skscla001/experiments/datasets/swagen/audio/common_voice_sw_30205635.wav	mara kwa mara hufuma marembesho na mikufu ya 	0
/scratch/skscla001/experiments/datasets/swagen/audio/common_voice_sw_36382080.wav	usikuwa na pupa unapofanya vitu 	1
/scratch/skscla001/experiments/datasets/swagen/audio/common_voice_sw_29836671.wav	wakurugenzi mameneja na mameneja wasaidizi huteuliwa na gavana 	1
/scratch/skscla001/experiments/datasets/swagen/audio/common_voice_sw_37084849.wav	ikolojia na kupunguza mazao ya mimea na kuathiri misitu 	0
/scratch/skscla001/experiments/datasets/swagen/audio/common_voice_sw_30121923.wav	bahari hii siyo kubwa sana kama zilivyo bahari ya hindi na atlantiki 	0
/scratch/skscla001/experiments/datasets/swagen/audio/common_voice_sw_29792013.wav	wakati wa kutembelea ni wakati wowote wa majira ya mwaka 	0
/scratch/skscla001/experiments/datasets/swagen/audio/common_voice_sw_29791492.wav	umaridadi wake umekuwa mzuri kila siku iitwayo leo 	0
/scratch/skscla001/experiments/datasets/swagen/audio/common_voice_sw_29798311.wav	kocha wa taifa wa brazil aliiongoza kushinda ubingwa 	0
/scratch/skscla001/experiments/datasets/swagen/audio/common_voice_sw_30048139.wav	hizo ni tabia tu lakini pia kuna baadhi ya sifa 	0
/scratch/skscla001/experiments/datasets/swagen/audio/common_voice_sw_34764785.wav	shirika la haki za kibinadamu hufanya mazungumzo ya majadiliano 	0
/scratch/skscla001/experiments/datasets/swagen/audio/common_voice_sw_29153587.wav	ilikuwa ni theluthi moja ya uzito wa mwili wake 	0
/scratch/skscla001/experiments/datasets/swagen/audio/common_voice_sw_35425410.wav	na zamani za roma ya kale wenyeji wa misri na mkoa wa afrikatunisia ya 	0
/scratch/skscla001/experiments/datasets/swagen/audio/common_voice_sw_30052328.wav	utamaduni na mila zao hufahamika sana katika suala la kucheza ngoma za asili 	0
/scratch/skscla001/experiments/datasets/swagen/audio/common_voice_sw_30308432.wav	wanyama na mimea pamoja nawakazi wa eneo hilo ni milioni moja 	0
/scratch/skscla001/experiments/datasets/swagen/audio/common_voice_sw_35099640.wav	gül historia yake yaonesha ni mtu mwenye 	0
/scratch/skscla001/experiments/datasets/swagen/audio/common_voice_sw_35099289.wav	ghana na mmoja wa viongozi wenye nia ya kujenga muungano wa afrika tena mchochezi 	0
/scratch/skscla001/experiments/datasets/swagen/audio/common_voice_sw_30022336.wav	jeshi la waasi likaingia katika mji mkuu wa cuba 	0
/scratch/skscla001/experiments/datasets/swagen/audio/common_voice_sw_30434264.wav	hasa yale ya chakula na biashara 	0
/scratch/skscla001/experiments/datasets/swagen/audio/common_voice_sw_28834667.wav	jumamosi kuu inaitwa kwa namna tofauti katika lugha mbalimbali 	0
/scratch/skscla001/experiments/datasets/swagen/audio/common_voice_sw_36746527.wav	na kumuachia mdogo wake ajulikanae kama ràul castro 	0
/scratch/skscla001/experiments/datasets/swagen/audio/common_voice_sw_30087732.wav	akiwa na ambwene yesaya katika wimbo wa mfalme na malkia na amani 	0
/scratch/skscla001/experiments/datasets/swagen/audio/common_voice_sw_30570295.wav	zoea kuisha kwa kawaida na usihofie chochote 	0
/scratch/skscla001/experiments/datasets/swagen/audio/common_voice_sw_30659494.wav	lakini vijana bado wanavuta kwa kasi kiasi hiki itakuaje sasa kuhusu 	0
/scratch/skscla001/experiments/datasets/swagen/audio/common_voice_sw_29304343.wav	boma la kale la wajerumani bado inatumika 	0
/scratch/skscla001/experiments/datasets/swagen/audio/common_voice_sw_34757360.wav	mvua mingi ilileta mafuriko kijijini 	0
/scratch/skscla001/experiments/datasets/swagen/audio/common_voice_sw_30327568.wav	ni tishio kwa sarafu kama dola na euro 	0
/scratch/skscla001/experiments/datasets/swagen/audio/common_voice_sw_35104673.wav	takwimu hazikuonesha ni watu wangapi walizama kwenye titanic 	0
/scratch/skscla001/experiments/datasets/swagen/audio/common_voice_sw_29797317.wav	shule ya sekondari ya elboro mkoani arusha kaskazini mwa tanzania 	0
/scratch/skscla001/experiments/datasets/swagen/audio/common_voice_sw_29996618.wav	miongo kadhaa aliyotumikia kifungo haikumvunja nguvu 	1
/scratch/skscla001/experiments/datasets/swagen/audio/common_voice_sw_30033962.wav	kuna makadirio ya kwamba jumla ya watu laki moja hadi laki tano waliuawa 	0
/scratch/skscla001/experiments/datasets/swagen/audio/common_voice_sw_31285870.wav	mwamubambe alipoona mambo yamemzidia akatimua mbio 	0
/scratch/skscla001/experiments/datasets/swagen/audio/common_voice_sw_28666526.wav	ramani na data za kijiografia hutumia wastani kati ya mahali pa namna hiyo 	0
/scratch/skscla001/experiments/datasets/swagen/audio/common_voice_sw_29789862.wav	umiliki wa ardhi umeongezeka kwa wanawake kutoka asilimia sita 	0
/scratch/skscla001/experiments/datasets/swagen/audio/common_voice_sw_36644346.wav	kwenyewe baba yake nape amewahi kuwa mjumbe wa kamati kuu ya kwanza katibu wa 	0
/scratch/skscla001/experiments/datasets/swagen/audio/common_voice_sw_36644275.wav	mbili huenda ikawa vigumu kuyathibitisha kwa sababu ya umbali wa maeneo ya vijiji vyao 	0
/scratch/skscla001/experiments/datasets/swagen/audio/common_voice_sw_29395929.wav	jiji lipo katika pwani ya mjini kusini mwa mediteranea 	0
/scratch/skscla001/experiments/datasets/swagen/audio/common_voice_sw_30036046.wav	kilichonileta hapa ni kufafanua lengo la fedha hizo 	0
/scratch/skscla001/experiments/datasets/swagen/audio/common_voice_sw_28584926.wav	ni moja kati ya majimbo tisa ya kaunti ya meru 	0
/scratch/skscla001/experiments/datasets/swagen/audio/common_voice_sw_36390187.wav	ziwa nyasa wilaya ya ludewa mkoa wa njombe kusini mwa nchi ya tanzaniamwaka 	1
/scratch/skscla001/experiments/datasets/swagen/audio/common_voice_sw_30031779.wav	makombora yalipotua kwenye viwanja vya ikulu alipanda helikopta ya jeshi na kutimkia kampala 	0
/scratch/skscla001/experiments/datasets/swagen/audio/common_voice_sw_29752771.wav	kila hatua ina sifa zake na matatizo yake maalumu 	0
/scratch/skscla001/experiments/datasets/swagen/audio/common_voice_sw_30121964.wav	mtoto wa tembo anazaliwa akiwa na kilo themanini 	0
/scratch/skscla001/experiments/datasets/swagen/audio/common_voice_sw_30378702.wav	mtu yeyote anayevunja sheria za jamhuri ataadhibiwa kwa mujibu wa sheria 	0
/scratch/skscla001/experiments/datasets/swagen/audio/common_voice_sw_31584339.wav	ilikuwa novemba tano mwaka elfu mbili 	0
/scratch/skscla001/experiments/datasets/swagen/audio/common_voice_sw_30653831.wav	umoja wa mataifa unaitangaza nchi ya tanzania 	0
/scratch/skscla001/experiments/datasets/swagen/audio/common_voice_sw_30130595.wav	hifadhi hii pia inasifika kwa wingi wa ndege hasa heroe na mnandi 	0
/scratch/skscla001/experiments/datasets/swagen/audio/common_voice_sw_31284665.wav	kwa kuwapatia mafunzo wanajeshi binafsi wa cuba waliokuwa ukimbizini 	0
/scratch/skscla001/experiments/datasets/swagen/audio/common_voice_sw_30354197.wav	maalim self alizikwa tarehe kumi na nane mwezi wa pili 	0
/scratch/skscla001/experiments/datasets/swagen/audio/common_voice_sw_29923141.wav	kati ya mlima meru na mlima kilimanjaro nyanda yenye rutuba 	0
/scratch/skscla001/experiments/datasets/swagen/audio/common_voice_sw_29788795.wav	uzuri wa tanzania vivutio vya utalii vimegawanyika kila kanda 	0
/scratch/skscla001/experiments/datasets/swagen/audio/common_voice_sw_37221113.wav	sikufika kwa harusi ya dadangu wiki iliyopita 	0
/scratch/skscla001/experiments/datasets/swagen/audio/common_voice_sw_30337189.wav	pia hali ya hewa inabadilika kadri anavyozidi kuelekea katika kilele 	0
/scratch/skscla001/experiments/datasets/swagen/audio/common_voice_sw_29629355.wav	mji wa morogoro unajulikana pia kwa klabu za mchezo wa mpira 	0
/scratch/skscla001/experiments/datasets/swagen/audio/common_voice_sw_35183363.wav	ni wewe wa kuokoa 	0
/scratch/skscla001/experiments/datasets/swagen/audio/common_voice_sw_29791294.wav	tanzania ilihitaji wasimamizi bora wa mali ghafi 	0
/scratch/skscla001/experiments/datasets/swagen/audio/common_voice_sw_29632901.wav	hata hivyo mfumo huo wa mahakama huwa chini ya bunge 	0
/scratch/skscla001/experiments/datasets/swagen/audio/common_voice_sw_34812575.wav	na aliefanya vile alikuwa na nia ya kuikausha maji 	0
/scratch/skscla001/experiments/datasets/swagen/audio/common_voice_sw_30582052.wav	kutwaa kombe la dunia mara mbili mfululizo sio jambo rahisi 	0
/scratch/skscla001/experiments/datasets/swagen/audio/common_voice_sw_34940571.wav	a zikachakachuliwa huko huko vijijini 	0
/scratch/skscla001/experiments/datasets/swagen/audio/common_voice_sw_35103687.wav	tutashinda vita hii endapo wananchi pia watatuunga mkono 	0
/scratch/skscla001/experiments/datasets/swagen/audio/common_voice_sw_30376731.wav	mwaka elfu moja mia tisa tisini na nne 	0
/scratch/skscla001/experiments/datasets/swagen/audio/common_voice_sw_30566563.wav	unaweza kuwaona chui wakibarizi katika vivuli vya matawi ya miti 	0
/scratch/skscla001/experiments/datasets/swagen/audio/common_voice_sw_34944412.wav	sehemu kubwa ya nchi hasa kaskazini na magharibi hadi mwishoni mwa 	0
/scratch/skscla001/experiments/datasets/swagen/audio/common_voice_sw_37094552.wav	kwenye titi unaweza kukakaa katika maeneo aaa matano 	0
/scratch/skscla001/experiments/datasets/swagen/audio/common_voice_sw_30569937.wav	andres iniesta alikuwa na balaa duniani 	0
/scratch/skscla001/experiments/datasets/swagen/audio/common_voice_sw_34763927.wav	sawa karibu sanaaliongea maneno hayo huku akipiga muhuri pasi ya jacob 	1
/scratch/skscla001/experiments/datasets/swagen/audio/common_voice_sw_30328908.wav	mpango wa hili hautaishia kwa mchezaji kuishia kupata mazoezi ya kocha wa timu pekee 	0
/scratch/skscla001/experiments/datasets/swagen/audio/common_voice_sw_34827691.wav	utanipa chakula nikule nikifika nyumbani 	0
/scratch/skscla001/experiments/datasets/swagen/audio/common_voice_sw_29793091.wav	wamasai wadogo wakiwa na vilemba na michoro 	0
/scratch/skscla001/experiments/datasets/swagen/audio/common_voice_sw_35214184.wav	wavulana waliotahiriwa wataishi katika manyatta yaani kijiji kilichojengwa na mama zao 	0
/scratch/skscla001/experiments/datasets/swagen/audio/common_voice_sw_30025305.wav	karume alitoa mchango mkubwa sana katika serikali ya mapinduzi ya zanzibar 	0
/scratch/skscla001/experiments/datasets/swagen/audio/common_voice_sw_30329557.wav	wakazi wake leo wanaunda jamhuri ya muungano wa tanzania 	0
/scratch/skscla001/experiments/datasets/swagen/audio/common_voice_sw_30073459.wav	itakufanikishia wewe kusafiri toka ulipo hadi bondeni ngorongoro kwa bei nafuu 	0
/scratch/skscla001/experiments/datasets/swagen/audio/common_voice_sw_35182259.wav	mabaharia walikuwa wanatuma jumbe kutoka majini mpaka nchi kavu 	0
/scratch/skscla001/experiments/datasets/swagen/audio/common_voice_sw_29787715.wav	wananchi wanatakiwa wajisajili kupiga kura 	1
/scratch/skscla001/experiments/datasets/swagen/audio/common_voice_sw_30196411.wav	nyumba moja ya kupanga imependekezwa kujengwa mahondo 	0
/scratch/skscla001/experiments/datasets/swagen/audio/common_voice_sw_30667250.wav	simulizi inayoendana na ufafanuzi wa matukio yanayoripotiwa 	0
/scratch/skscla001/experiments/datasets/swagen/audio/common_voice_sw_30581811.wav	kuanzia mashariki tarakea rombo hadi magharibi kwa kilimanjaro siha machame 	0
/scratch/skscla001/experiments/datasets/swagen/audio/common_voice_sw_29793229.wav	hutajirika na kalsiamu ngumu kama saruji baada ya kunyeshewa 	0
/scratch/skscla001/experiments/datasets/swagen/audio/common_voice_sw_28926870.wav	upo kwenye pwani ya bahari nyeusi 	0
/scratch/skscla001/experiments/datasets/swagen/audio/common_voice_sw_35183394.wav	zile mbili au inaweza kuwa na msamiati wenye uzito sawa lugha hiyo ndiyo kipijini 	0
/scratch/skscla001/experiments/datasets/swagen/audio/common_voice_sw_28670573.wav	sasa hawa ana matumaini kwa maisha yake 	1
/scratch/skscla001/experiments/datasets/swagen/audio/common_voice_sw_36617207.wav	na dawa yake yaani ukimeza umepona tofauti na malaria hata anywe dawa leo 	0
/scratch/skscla001/experiments/datasets/swagen/audio/common_voice_sw_30569175.wav	hifadhi ya mikumi jina la hifadhi limetokana na milima hiyo 	0
/scratch/skscla001/experiments/datasets/swagen/audio/common_voice_sw_30030990.wav	mifumo tofauti hutumika kulingana na mategemeo ya timu katika mchezo fulani 	0
/scratch/skscla001/experiments/datasets/swagen/audio/common_voice_sw_29924359.wav	virusi husababisha ini kusinyaa na kushindwa kufanya kazi vyema 	0
/scratch/skscla001/experiments/datasets/swagen/audio/common_voice_sw_28718723.wav	inasemekana aliuawa kwa ajili ya imani pamoja na mke wake na wengineo 	0
/scratch/skscla001/experiments/datasets/swagen/audio/common_voice_sw_28874605.wav	kwa wengine kama mileli bahari hutumika kwa kukamata mawindo tu 	0
/scratch/skscla001/experiments/datasets/swagen/audio/common_voice_sw_30450842.wav	mangi shangali alitokea alitokea katika ukoo wa mushi kutoka machame 	1
/scratch/skscla001/experiments/datasets/swagen/audio/common_voice_sw_30074065.wav	hili ni eneo lenye urefu wa kilometa ishirini kina cha mita mia sita 	0
/scratch/skscla001/experiments/datasets/swagen/audio/common_voice_sw_37224716.wav	tutamsifu bwana milele na milele 	1
/scratch/skscla001/experiments/datasets/swagen/audio/common_voice_sw_29943833.wav	muhimu si tu ulipofika lakini pia wapi umeanzia 	0
/scratch/skscla001/experiments/datasets/swagen/audio/common_voice_sw_30308124.wav	stanley aliona ziwa hili mara ya kwanza 	0
/scratch/skscla001/experiments/datasets/swagen/audio/common_voice_sw_28669905.wav	siku hizi imekuwa nchi tajiri kutokana na utalii 	1
/scratch/skscla001/experiments/datasets/swagen/audio/common_voice_sw_30230301.wav	chimbuko la mji huu ambako sasa panajulikana kama eneo la magofu ya kaole 	0
/scratch/skscla001/experiments/datasets/swagen/audio/common_voice_sw_34958100.wav	eeh huenda walishauriana na utakumbukwa vizuri alisema kwamba awali walikuwa wameshauriana 	0
/scratch/skscla001/experiments/datasets/swagen/audio/common_voice_sw_29981817.wav	kitafuata imani ya ujamaa ikiwa na maana kwamba watu wote ni sawa 	0
/scratch/skscla001/experiments/datasets/swagen/audio/common_voice_sw_29792547.wav	jengo hili la ghorofa mbili lina urefu wa mita arobaini na mbili 	0
/scratch/skscla001/experiments/datasets/swagen/audio/common_voice_sw_34895895.wav	kuna tofauti kati ya wakazi wa pemba na unguja 	0
/scratch/skscla001/experiments/datasets/swagen/audio/common_voice_sw_30201722.wav	kobe ni mnyama jamii ya reptilia ambaye kwa kumtazama tu lazima ujiulize maswali mengi 	1
/scratch/skscla001/experiments/datasets/swagen/audio/common_voice_sw_30196492.wav	licha ya kujiuzulu wadhifa wake huo miaka michache awali 	0
/scratch/skscla001/experiments/datasets/swagen/audio/common_voice_sw_30017185.wav	likiwa na wakazi milioni tatu na laki tano hivi 	1
/scratch/skscla001/experiments/datasets/swagen/audio/common_voice_sw_36067098.wav	mwaka wa elfu moja mia tisa arobaini na tisa 	1
/scratch/skscla001/experiments/datasets/swagen/audio/common_voice_sw_35214571.wav	wapagazi wao walibeba bidhaa kutoka zanzibar zilizobadilishwa kwa pembe za ndovu 	0
/scratch/skscla001/experiments/datasets/swagen/audio/common_voice_sw_34890799.wav	hakika mtu anayefahamika na kujulikana sana ni ahmed mistil 	1
/scratch/skscla001/experiments/datasets/swagen/audio/common_voice_sw_30653507.wav	pep ni moja wapo ya makocha bora duniani 	0
/scratch/skscla001/experiments/datasets/swagen/audio/common_voice_sw_35103347.wav	ulifanyika mjini mombasa bila idhini ya mwenyekiti wala kamati ya chama 	0
/scratch/skscla001/experiments/datasets/swagen/audio/common_voice_sw_29799471.wav	vita hivyo vilitanguliwa na kuzorota kwa uhusiano kati ya uganda na tanzania 	0
/scratch/skscla001/experiments/datasets/swagen/audio/common_voice_sw_35099623.wav	mapafu na kupita kwenye mfumo wa damu na 	0
/scratch/skscla001/experiments/datasets/swagen/audio/common_voice_sw_30718075.wav	brazil ilicheza dhidi ya italia kwenye fainali ya dunia 	0
/scratch/skscla001/experiments/datasets/swagen/audio/common_voice_sw_30585124.wav	wengi wanamtumia kiumbe huyo kukuza mapato ya taifa 	0
/scratch/skscla001/experiments/datasets/swagen/audio/common_voice_sw_29793932.wav	alishindwa kumpa baraka na kumfanya awe laiboni anayefuata 	0
/scratch/skscla001/experiments/datasets/swagen/audio/common_voice_sw_35118942.wav	afrika pia baadhi ya nchi zimeunga mkono hilo 	0
/scratch/skscla001/experiments/datasets/swagen/audio/common_voice_sw_30640465.wav	akawa sultani wa kwanza wa zanzibar 	0
/scratch/skscla001/experiments/datasets/swagen/audio/common_voice_sw_29997361.wav	wamasai wa tanzania walifukuzwa kutoka ardhi yenye rutuba 	1
/scratch/skscla001/experiments/datasets/swagen/audio/common_voice_sw_30314119.wav	wakati waingereze walipowafukuza ili kutayarisha mashamaba ya wakoloni 	0
/scratch/skscla001/experiments/datasets/swagen/audio/common_voice_sw_30382944.wav	abeid karume aliwaalika kuitembelea zanzibar baadhi ya viongozi wa chama hicho 	0
/scratch/skscla001/experiments/datasets/swagen/audio/common_voice_sw_34980696.wav	barack hussein obama wa pili 	0
/scratch/skscla001/experiments/datasets/swagen/audio/common_voice_sw_31285837.wav	watu kutoka maeneo ya kongo walihamia pwani ya afrika ya mashariki 	0
/scratch/skscla001/experiments/datasets/swagen/audio/common_voice_sw_36387318.wav	abiria wa titanic walisimulia hadithi za kweli 	1
/scratch/skscla001/experiments/datasets/swagen/audio/common_voice_sw_30624075.wav	kama ilivyo kawaida ya maisha kwa kiumbe yeyote aliye hai 	0
/scratch/skscla001/experiments/datasets/swagen/audio/common_voice_sw_31590673.wav	hadi mwaka wa elfu moja na mia saba alitawala ruhinda wa tano 	0
/scratch/skscla001/experiments/datasets/swagen/audio/common_voice_sw_31284471.wav	hifadhi ya taifa ya ngorongoro na serengeti 	0
/scratch/skscla001/experiments/datasets/swagen/audio/common_voice_sw_30623998.wav	mwai kibaki akachaguliwa kama rais tarehe kumi na saba aprili elfu mbili na nane 	0
/scratch/skscla001/experiments/datasets/swagen/audio/common_voice_sw_29791392.wav	maisha yaliyosababishwa na ukosefu wa huduma hizo za msingi nchini humo 	0
/scratch/skscla001/experiments/datasets/swagen/audio/common_voice_sw_30230735.wav	kisukari aina ya kwanza ambapo insulini inakuwa tegemezi 	0
/scratch/skscla001/experiments/datasets/swagen/audio/common_voice_sw_30354007.wav	mbuni dume anaishi maisha marefu zaidi 	0
/scratch/skscla001/experiments/datasets/swagen/audio/common_voice_sw_30080294.wav	kuna kaldera yenye upana wa kilomita mbili nukta tano 	0
/scratch/skscla001/experiments/datasets/swagen/audio/common_voice_sw_29958338.wav	aligombea na kuchaguliwa kuwa mbunge wa jimbo la ruangwa mkoani lindi 	1
/scratch/skscla001/experiments/datasets/swagen/audio/common_voice_sw_34979717.wav	vimekuwa kama alama za mapinduzi duniani kote 	0
/scratch/skscla001/experiments/datasets/swagen/audio/common_voice_sw_29790730.wav	athari kubwa imepelekea watu wengi kupoteza maisha kutokana na migogoro tofauti ya marais 	0
/scratch/skscla001/experiments/datasets/swagen/audio/common_voice_sw_34958953.wav	ya mauwaji yaliofanywa na polisi mmoja nchini marekani michael minim 	0
/scratch/skscla001/experiments/datasets/swagen/audio/common_voice_sw_28718597.wav	alianza maisha ya kujitegemea akiwa na umri mdogo 	0
/scratch/skscla001/experiments/datasets/swagen/audio/common_voice_sw_30555985.wav	wakati wa vita kuu ya kwanza ya dunia waingereza waliteka kisiwa cha mafia 	0
/scratch/skscla001/experiments/datasets/swagen/audio/common_voice_sw_30582388.wav	walikutana na mandela kwa ajili kujadili suluhu na hatma 	0
/scratch/skscla001/experiments/datasets/swagen/audio/common_voice_sw_30204442.wav	vijiji vya jirani zake kwa maana ya kupanua tena himaya yake 	0
/scratch/skscla001/experiments/datasets/swagen/audio/common_voice_sw_29791665.wav	hadi mwaka wa elfu moja mia tatu thelathini na tano 	0
/scratch/skscla001/experiments/datasets/swagen/audio/common_voice_sw_35183989.wav	kustaafu na shule kupewa pension zako za maisha 	0
/scratch/skscla001/experiments/datasets/swagen/audio/common_voice_sw_34917733.wav	uasherati na uzinzi amri ya sita isemayo usiue ilivunjwa na mauaji yakawa ni matokeo 	0
/scratch/skscla001/experiments/datasets/swagen/audio/common_voice_sw_37229709.wav	picha hiyo ilipigwa aprili mwaka elfu moja mia tisa tisini 	1
/scratch/skscla001/experiments/datasets/swagen/audio/common_voice_sw_29791457.wav	asili yake ni ni kutoka wanawake wa zanzibar 	0
/scratch/skscla001/experiments/datasets/swagen/audio/common_voice_sw_29938215.wav	eneo ambalo mamia ya wapigania uhuru toka afrika kusini waliishi 	1
/scratch/skscla001/experiments/datasets/swagen/audio/common_voice_sw_29950330.wav	malighafi zilizokuwa zikizalishwa amerika na wafanyakazi waliochukuliwa 	1
/scratch/skscla001/experiments/datasets/swagen/audio/common_voice_sw_30181733.wav	walipinga uanzishwaji wa vyama vya siasa 	0
/scratch/skscla001/experiments/datasets/swagen/audio/common_voice_sw_35442244.wav	namke huyo angenyongwa jumatano ya leo 	0
/scratch/skscla001/experiments/datasets/swagen/audio/common_voice_sw_30364226.wav	ina ukubwa wa kilomita za mraba elfu tatu mia mbili themanini na nne 	1
/scratch/skscla001/experiments/datasets/swagen/audio/common_voice_sw_34762824.wav	ulishinda nyingine na wimbo mwingine ulishinda tuzo nyingine 	0
/scratch/skscla001/experiments/datasets/swagen/audio/common_voice_sw_29922712.wav	pia sheikh abeid amani karume kwa upande wa zanzibari 	0
/scratch/skscla001/experiments/datasets/swagen/audio/common_voice_sw_30667212.wav	umaarufu wa filamu hiyo ulichangiwa na ushiriki wa mastaa 	0
/scratch/skscla001/experiments/datasets/swagen/audio/common_voice_sw_34944301.wav	watu wengine na zaidi ya hayo hawajisifu kwa 	0
/scratch/skscla001/experiments/datasets/swagen/audio/common_voice_sw_29707312.wav	hayajulikani mengine kuhusu historia yao ila tangu kale wanaheshimiwa kama watakatifu 	0
/scratch/skscla001/experiments/datasets/swagen/audio/common_voice_sw_30022519.wav	halmashauri ya wilaya ya kishapu na halamshauri ya kahama mjini 	0
/scratch/skscla001/experiments/datasets/swagen/audio/common_voice_sw_29961508.wav	pesa siyo kila kitu katakia maisha 	1
/scratch/skscla001/experiments/datasets/swagen/audio/common_voice_sw_34750287.wav	tufike uwanjani kuna sherehe 	0
/scratch/skscla001/experiments/datasets/swagen/audio/common_voice_sw_34831579.wav	duniani lakini bado watu kama hawa wanahitajika ni mtu ambaye akipeleka nyimbo 	0
/scratch/skscla001/experiments/datasets/swagen/audio/common_voice_sw_30275372.wav	aliacha kazi hiyo kutokana na wakati huo tayari vita vikuu vya pili vya dunia 	0
/scratch/skscla001/experiments/datasets/swagen/audio/common_voice_sw_30017577.wav	wasukuma hao walitokea shinyanga na mwanza miaka mingi iliyopita kutoka magharibi 	1
/scratch/skscla001/experiments/datasets/swagen/audio/common_voice_sw_32210587.wav	kazi hii yataka mtu mwenye makini mmakinifu 	1
/scratch/skscla001/experiments/datasets/swagen/audio/common_voice_sw_30188616.wav	rais mkapa alikuwa ni mtu mwenye maono ya hali ya juu 	0
/scratch/skscla001/experiments/datasets/swagen/audio/common_voice_sw_37229657.wav	wa dini asilimia themanini ni wakristo hasa 	1
/scratch/skscla001/experiments/datasets/swagen/audio/common_voice_sw_30572130.wav	mfumo wa kuzuia dakika zote ulitamba miaka ya zamani 	0
/scratch/skscla001/experiments/datasets/swagen/audio/common_voice_sw_30363885.wav	bwawa la nyabogati kipindi cha kiangazi linakauka na kujaa kipindi cha mvua 	0
/scratch/skscla001/experiments/datasets/swagen/audio/common_voice_sw_30329379.wav	ukiwa ni mlima wa tisa kwa urefu nchini 	0
/scratch/skscla001/experiments/datasets/swagen/audio/common_voice_sw_28669362.wav	baadhi ni metali kama dhahabu au chuma 	1
/scratch/skscla001/experiments/datasets/swagen/audio/common_voice_sw_35183643.wav	wana uhusiano wa karibu na asili moja 	0
/scratch/skscla001/experiments/datasets/swagen/audio/common_voice_sw_29799593.wav	nyerere alikuwa na mchango mkubwa wakati wa harakati za kupigania uhuru 	0
/scratch/skscla001/experiments/datasets/swagen/audio/common_voice_sw_30443885.wav	matajiri wengine wanaanzisha kampuni za kubashili mayokeo ya mechi 	0
/scratch/skscla001/experiments/datasets/swagen/audio/common_voice_sw_35183939.wav	wafaransa nao walifika katika kisiwa hicho 	0
/scratch/skscla001/experiments/datasets/swagen/audio/common_voice_sw_28699111.wav	lakini mara nyingi kuna uchaguzi bandia badala ya uchaguzi huru 	0
/scratch/skscla001/experiments/datasets/swagen/audio/common_voice_sw_37221800.wav	ugali huu ni mtamu sana 	0
/scratch/skscla001/experiments/datasets/swagen/audio/common_voice_sw_30015708.wav	wapo baadhi ya wanafamilia waliomwomba msamaha mama yao 	0
/scratch/skscla001/experiments/datasets/swagen/audio/common_voice_sw_30031153.wav	ilipofika siku ya jumatano muda wa alasiri aliamua kwenda kumuona daktari wake kwa vipimo 	0
/scratch/skscla001/experiments/datasets/swagen/audio/common_voice_sw_30103675.wav	vyanzo mbalimbali vinasema ya kwamba alizaliwa elfu moja mia tisa ishirini na tano 	0
/scratch/skscla001/experiments/datasets/swagen/audio/common_voice_sw_34833319.wav	kipindi cha upanuzi kilifuatiwa na emutai 	0
/scratch/skscla001/experiments/datasets/swagen/audio/common_voice_sw_36642336.wav	kuhama wengi wao walikwenda azabajani ambapo walipokea 	0
/scratch/skscla001/experiments/datasets/swagen/audio/common_voice_sw_35154846.wav	kazi ya kupigana na watu wa mungu achana nayo 	0
/scratch/skscla001/experiments/datasets/swagen/audio/common_voice_sw_30653678.wav	safari yake ya uanamitindo imejawa na changamoto nyingi sana 	0
/scratch/skscla001/experiments/datasets/swagen/audio/common_voice_sw_30539508.wav	tabasamu lake hunipa ujasiri wa kupambana zaidi 	0
/scratch/skscla001/experiments/datasets/swagen/audio/common_voice_sw_35181936.wav	kutoka dar es salaam ukisindikizwa na milima ya usambara 	0
/scratch/skscla001/experiments/datasets/swagen/audio/common_voice_sw_30379614.wav	anasema katika kabila la wasafa waliliita ziwa ngosi au ligosi 	1
/scratch/skscla001/experiments/datasets/swagen/audio/common_voice_sw_30196732.wav	yanga walifunga mabao kwa nafasi ambazo mabeki wa kati hawakuhusiki 	0
/scratch/skscla001/experiments/datasets/swagen/audio/common_voice_sw_30628516.wav	ikiwa imekatishwa na mtandao mzuri wa barabara za kuangalia wanyama 	0
/scratch/skscla001/experiments/datasets/swagen/audio/common_voice_sw_31823769.wav	akifariki kutokana na ukimwi huku akizungukwa na familia yake 	0
/scratch/skscla001/experiments/datasets/swagen/audio/common_voice_sw_30056319.wav	linaweza kuwa jambo la kufikirika zaidi kwa wapenda soka 	0
/scratch/skscla001/experiments/datasets/swagen/audio/common_voice_sw_30376090.wav	matokeo hayo yalithibitisha afya ya wamoran 	1
/scratch/skscla001/experiments/datasets/swagen/audio/common_voice_sw_30653736.wav	wanyama wanaopatikana katika hifadhi hiyo ni wengi 	0
/scratch/skscla001/experiments/datasets/swagen/audio/common_voice_sw_35156929.wav	madhumuni ya habari ya ummakupatikana kwa ufuatiliaji wa ubora wa 	0
/scratch/skscla001/experiments/datasets/swagen/audio/common_voice_sw_30653534.wav	pep guardiola akatwaa ubingwa wa uingereza 	0
/scratch/skscla001/experiments/datasets/swagen/audio/common_voice_sw_36251180.wav	wangekuwa wanaweza kuwa na uwezo wa kuwa na fedha wangekuwa 	0
/scratch/skscla001/experiments/datasets/swagen/audio/common_voice_sw_30627942.wav	kiliweka historia nchini na afrika katika soka baada ya kuwavua ubingwa miamba wa soka 	1
/scratch/skscla001/experiments/datasets/swagen/audio/common_voice_sw_36052533.wav	haki zao kama haki zao wanaanza kutishiwa 	1
/scratch/skscla001/experiments/datasets/swagen/audio/common_voice_sw_30055820.wav	wakati wa uhuru wa kenya sehemu hii ikaingizwa katika jamhuri ya kenya 	0
/scratch/skscla001/experiments/datasets/swagen/audio/common_voice_sw_35103565.wav	sita arobaini waliingia misri baadhi ya wenyeji wakopti 	0
/scratch/skscla001/experiments/datasets/swagen/audio/common_voice_sw_29794164.wav	kamwe hawana athari yoyote kwa binadamu 	0
/scratch/skscla001/experiments/datasets/swagen/audio/common_voice_sw_29468040.wav	miaka miwili baadaye alipata udaktari wa teolojia 	0
/scratch/skscla001/experiments/datasets/swagen/audio/common_voice_sw_36387837.wav	miti kadhaa na mimea mingine iko historia 	1
/scratch/skscla001/experiments/datasets/swagen/audio/common_voice_sw_29798077.wav	vilevile longombas ambalo ni kundi maarufu lenye makao nchini kenya 	0
/scratch/skscla001/experiments/datasets/swagen/audio/common_voice_sw_37083992.wav	ethopia inatajwa kama nchi iliyofanya mageuzi makubwa na kuimarisha 	0
/scratch/skscla001/experiments/datasets/swagen/audio/common_voice_sw_30034409.wav	brazil iliendelea na biashara hiyo hadi mwaka elfu moja mia nane hamsini 	0
/scratch/skscla001/experiments/datasets/swagen/audio/common_voice_sw_37093590.wav	maneno yenye asili ya kiarabu kati ya thelathini hadi asilimia arobaini 	1
/scratch/skscla001/experiments/datasets/swagen/audio/common_voice_sw_35250640.wav	mfano wa madawa hayo ni kama kokaini heroini bangi na miraa 	0
/scratch/skscla001/experiments/datasets/swagen/audio/common_voice_sw_35146289.wav	katika wachezaji wanaongoza kwa kufunga mabao mengi kwenye ligi kuu ya hispania 	0
/scratch/skscla001/experiments/datasets/swagen/audio/common_voice_sw_29922624.wav	wakiwa kundi moja bali walikuja kwa mtindo wa koo 	0
/scratch/skscla001/experiments/datasets/swagen/audio/common_voice_sw_28748383.wav	azerbaijan ina historia ndefu kuanzia zama za mawe 	0
/scratch/skscla001/experiments/datasets/swagen/audio/common_voice_sw_30108392.wav	ikitokea nyumbu amezaa na simba anamkimbiza atakimbia hata hatakumbuka mtoto 	0
/scratch/skscla001/experiments/datasets/swagen/audio/common_voice_sw_28790702.wav	dini mpya kawaida zina maelezo ya kipekee kuhusu maana ya maisha 	0
/scratch/skscla001/experiments/datasets/swagen/audio/common_voice_sw_30574535.wav	huku kundi lingine likiendelea kuelekea mashariki kupitia mlima sekenke hadi kisiriri 	0
/scratch/skscla001/experiments/datasets/swagen/audio/common_voice_sw_28748539.wav	aliunda taasisi ya utafiti wa kiafrika 	0
/scratch/skscla001/experiments/datasets/swagen/audio/common_voice_sw_35105421.wav	tarehe tano juni kila mwaka watanzania wanaungana na mataifa mengine 	0
/scratch/skscla001/experiments/datasets/swagen/audio/common_voice_sw_29794563.wav	katika hatua hii ndio uamuzi unachukuliwa wa kutahiri wavulana 	0
/scratch/skscla001/experiments/datasets/swagen/audio/common_voice_sw_30717705.wav	sir edward mutesa wa pili alikuwa rais wa taifa 	0
/scratch/skscla001/experiments/datasets/swagen/audio/common_voice_sw_30372566.wav	gharama ya takribani shilingi bilioni nane za kitanzania 	0
/scratch/skscla001/experiments/datasets/swagen/audio/common_voice_sw_30183075.wav	alizaliwa kijana mmoja kutoka kijiji cha makunda wilayani iramba 	0
/scratch/skscla001/experiments/datasets/swagen/audio/common_voice_sw_30355314.wav	hadi katika usafiri wa anga kwa maana ya usafiri wa ndege 	0
/scratch/skscla001/experiments/datasets/swagen/audio/common_voice_sw_28582433.wav	mipaka mingine ni ya ghuba ya uajemi 	1
/scratch/skscla001/experiments/datasets/swagen/audio/common_voice_sw_37086934.wav	ambapo afisa waji maji wa bonde ndiye katibu wa bodi hiyo 	1
/scratch/skscla001/experiments/datasets/swagen/audio/common_voice_sw_30659098.wav	bilioni thelathini na tisa zimetolewa kwa ajiri ya wanawake 	0
/scratch/skscla001/experiments/datasets/swagen/audio/common_voice_sw_35438525.wav	kusafirisha watumwa afrika katika ya karne ya kumi na tisa kutoka kitabu cha livingstone 	0
/scratch/skscla001/experiments/datasets/swagen/audio/common_voice_sw_37093869.wav	wake uislamu hufundisha kuhusu vita vya ndani ambavyo muumini 	1
/scratch/skscla001/experiments/datasets/swagen/audio/common_voice_sw_30144192.wav	kujivunia na kila mtanzania anapaswa kuona thamani 	1
/scratch/skscla001/experiments/datasets/swagen/audio/common_voice_sw_29790618.wav	nyumba nyingine mbili za bwana karume zilikuwa gongoni na michenzani 	0
/scratch/skscla001/experiments/datasets/swagen/audio/common_voice_sw_30363011.wav	wapare walikuwa na utamaduni wa shughuli za sanaa kama methali na hadithi 	0
/scratch/skscla001/experiments/datasets/swagen/audio/common_voice_sw_28673050.wav	musa a o 	0
/scratch/skscla001/experiments/datasets/swagen/audio/common_voice_sw_35103479.wav	tunaweza sema kwamba kulingana na matamshi yake ni kwamba 	0
/scratch/skscla001/experiments/datasets/swagen/audio/common_voice_sw_29789310.wav	tunaona kwamba mtemi huyu wa kabila la wangindo aliamini 	0
/scratch/skscla001/experiments/datasets/swagen/audio/common_voice_sw_35172687.wav	mini kwa kufanya hivyo kutafungua mioyo mioyo ya wananchi hao 	0
/scratch/skscla001/experiments/datasets/swagen/audio/common_voice_sw_35110390.wav	bidhaa nyingi kutoka uingereza kwa bei za juu 	0
/scratch/skscla001/experiments/datasets/swagen/audio/common_voice_sw_30034532.wav	wengine wamejaribu kuona msingi wa jina katika lugha ya kichagga 	0
/scratch/skscla001/experiments/datasets/swagen/audio/common_voice_sw_34906630.wav	ilikuwa nyumba ya chumba na sebule 	0
/scratch/skscla001/experiments/datasets/swagen/audio/common_voice_sw_34763053.wav	na kilomita za mraba elfu kumi na tisa mia mbili na nane 	0
/scratch/skscla001/experiments/datasets/swagen/audio/common_voice_sw_37094913.wav	kiliibuka na kuwa moja ya vikundi vya wapiganaji ambavyo vilikuwa 	0
/scratch/skscla001/experiments/datasets/swagen/audio/common_voice_sw_35104544.wav	kufaulu kwa kura ya maamuzi huku sudan kwa namna moja au nyingine na manufaa 	0
/scratch/skscla001/experiments/datasets/swagen/audio/common_voice_sw_30017275.wav	mto naili una mamba wenye hasira kali duniani 	0
/scratch/skscla001/experiments/datasets/swagen/audio/common_voice_sw_34391610.wav	ninasoma 	1
/scratch/skscla001/experiments/datasets/swagen/audio/common_voice_sw_30143822.wav	shahada ya pili katika sayansi ya maendeleo ya jamii chuo kikuu cha hull uingereza 	0
/scratch/skscla001/experiments/datasets/swagen/audio/common_voice_sw_37211831.wav	nataka kuuliza swali 	0
/scratch/skscla001/experiments/datasets/swagen/audio/common_voice_sw_29797795.wav	hakuna mtu asiyetaka kuitazama timu ya guardiola ikicheza 	0
/scratch/skscla001/experiments/datasets/swagen/audio/common_voice_sw_30195894.wav	alipata habari ya kwamba hata mdogo wake mpangile alishikamana na wajerumani 	0
/scratch/skscla001/experiments/datasets/swagen/audio/common_voice_sw_28682690.wav	kuna makaburi ya wafoeniki karibu 	1
/scratch/skscla001/experiments/datasets/swagen/audio/common_voice_sw_29923003.wav	anataka kuwafukuza wazungu kutoka katika bara la afrika 	0
/scratch/skscla001/experiments/datasets/swagen/audio/common_voice_sw_30582720.wav	wakamfuata mkwawa tarehe kumi na nane mwezi wa saba 	0
/scratch/skscla001/experiments/datasets/swagen/audio/common_voice_sw_30623602.wav	mti aliyonyongewa upo mpaka sasa sehemu ya oldmoshi bomani karibu na kolila sekondari 	0
/scratch/skscla001/experiments/datasets/swagen/audio/common_voice_sw_35104406.wav	dawa mbalimbali zimetumika kwa kusudi hili kama vile bupropioni 	0
/scratch/skscla001/experiments/datasets/swagen/audio/common_voice_sw_35588664.wav	kwa mfano wajita wa koo za rusori 	0
/scratch/skscla001/experiments/datasets/swagen/audio/common_voice_sw_29791609.wav	baadhi ya watemi wa waruri ikiwa ni pamoja na mtwenge 	0
/scratch/skscla001/experiments/datasets/swagen/audio/common_voice_sw_30332354.wav	ndege zake tatu zilikuwa zikitoka uwanja wa ndege wa ngerengere mkoani morogoro 	0
/scratch/skscla001/experiments/datasets/swagen/audio/common_voice_sw_30658936.wav	aliniandikia ujumbe mzito uliyoniacha kinywa wazi 	0
/scratch/skscla001/experiments/datasets/swagen/audio/common_voice_sw_28695670.wav	hata ikiwa ndivyo ilivyokuwa ni juu yangu 	1
/scratch/skscla001/experiments/datasets/swagen/audio/common_voice_sw_30495167.wav	la tanzania na zambia inayoanzia safari zake 	0
/scratch/skscla001/experiments/datasets/swagen/audio/common_voice_sw_28666748.wav	ni msingi wa kalenda ya watakatifu katika mwaka wa liturujia 	0
/scratch/skscla001/experiments/datasets/swagen/audio/common_voice_sw_36386214.wav	hadi mwaka elfumoja miasaba themanini na tatu 	1
/scratch/skscla001/experiments/datasets/swagen/audio/common_voice_sw_30658747.wav	wabena kabila linalosifika kwa ukaribu sana 	0
/scratch/skscla001/experiments/datasets/swagen/audio/common_voice_sw_36617293.wav	lakini pia ni wakati wa wadau na mashabiki kubadilika 	0
/scratch/skscla001/experiments/datasets/swagen/audio/common_voice_sw_30591019.wav	walichangia kikamilifu hasa harakati za ukombozi 	0
/scratch/skscla001/experiments/datasets/swagen/audio/common_voice_sw_28980440.wav	alijifunza uhandisi huko frankfurt na baadaye chuo kikuu cha munich 	1
/scratch/skscla001/experiments/datasets/swagen/audio/common_voice_sw_35206860.wav	hakikisha orodha yako ya lazima kuona vivutio 	0
/scratch/skscla001/experiments/datasets/swagen/audio/common_voice_sw_31285062.wav	akikagua ofisi mpya za ardhi ya mkoa wa mara 	0
/scratch/skscla001/experiments/datasets/swagen/audio/common_voice_sw_29791248.wav	wanyama wengine wanaopatikana gombe ni kima wenye mkia mwekundu na bluu 	0
/scratch/skscla001/experiments/datasets/swagen/audio/common_voice_sw_37221525.wav	daktari matumbo hutibu wagonjwa 	0
/scratch/skscla001/experiments/datasets/swagen/audio/common_voice_sw_35104894.wav	mtangulizi wake vladimir putin akawa waziri mkuu kulingana na 	0
/scratch/skscla001/experiments/datasets/swagen/audio/common_voice_sw_35525990.wav	tumekuwa tukisoma usiku kucha 	0
/scratch/skscla001/experiments/datasets/swagen/audio/common_voice_sw_29798637.wav	mbalimbali za kifedha kupitia mabenki ni lazima ziboreshwe 	0
/scratch/skscla001/experiments/datasets/swagen/audio/common_voice_sw_29788369.wav	mkutano huo ulifanyika kuanzia mwaka elfu moja mia nane themanini na nne 	0
/scratch/skscla001/experiments/datasets/swagen/audio/common_voice_sw_28962037.wav	kwa sasa hupatikana sehemu ya kusini na kati ya ureno na hispania 	0
/scratch/skscla001/experiments/datasets/swagen/audio/common_voice_sw_35161022.wav	aa imekuwa ni kawaida pale ambapo unapokwenda kinyume na masuala mbalimbali 	0
/scratch/skscla001/experiments/datasets/swagen/audio/common_voice_sw_34962824.wav	ligi ya mabingwa afrika elfu mbili na kumi na sita mamelodi sundowns 	0
/scratch/skscla001/experiments/datasets/swagen/audio/common_voice_sw_30582551.wav	samia suluhu hasasn aliingia madarakani 	0
/scratch/skscla001/experiments/datasets/swagen/audio/common_voice_sw_28878449.wav	ni makao makuu ya mkoa wa mara 	1
/scratch/skscla001/experiments/datasets/swagen/audio/common_voice_sw_37093962.wav	na kiluba alijitambulisha kwa imani yake kwa bara la afrika mojamnamo mwezi wa 	0
/scratch/skscla001/experiments/datasets/swagen/audio/common_voice_sw_37101434.wav	ya sokomoko la brexit wakati waingereza watakapoamka 	1
/scratch/skscla001/experiments/datasets/swagen/audio/common_voice_sw_30623567.wav	kuzingatia miiko ya soka na kujifunza bila kukata tamaa ili wafike mbali 	0
/scratch/skscla001/experiments/datasets/swagen/audio/common_voice_sw_35438865.wav	na georgia katika eneo la kilima cha meskhetian 	0
/scratch/skscla001/experiments/datasets/swagen/audio/common_voice_sw_30574705.wav	kukabili masharti na ishara ya mwanzo mpya wa wanaharusi 	0
/scratch/skscla001/experiments/datasets/swagen/audio/common_voice_sw_30326699.wav	cha ndoto ya kuchinja mwanawe ismail ambacho hadi leo 	0
/scratch/skscla001/experiments/datasets/swagen/audio/common_voice_sw_37090313.wav	william schabas amependekeza kuwekwa sheria ya kulinda usalama 	0
/scratch/skscla001/experiments/datasets/swagen/audio/common_voice_sw_30371551.wav	mwezi julai mwaka elfu moja mia tisa hamsini na tatu 	0
/scratch/skscla001/experiments/datasets/swagen/audio/common_voice_sw_35056459.wav	wakitaka dola itenganishwe na dini muandamanaji wa 	0
/scratch/skscla001/experiments/datasets/swagen/audio/common_voice_sw_30438462.wav	loitai na kisonko pia matapato na dalalekutuk zinaongezeka 	0
/scratch/skscla001/experiments/datasets/swagen/audio/common_voice_sw_28883658.wav	sehemu hii ya bahari ina dhoruba nyingi na mawimbi makali 	0
/scratch/skscla001/experiments/datasets/swagen/audio/common_voice_sw_30123144.wav	aina mbalimbali za nyoka nazo hupatikana ndani ya dar zoo 	0
/scratch/skscla001/experiments/datasets/swagen/audio/common_voice_sw_30634759.wav	miaka miswili na zaidi nilikula kilichokuwa kifuani pake 	1
/scratch/skscla001/experiments/datasets/swagen/audio/common_voice_sw_30364218.wav	simba yaikaanga yanga yatwaa ubingwa kombe la ngao ya jamii 	0
/scratch/skscla001/experiments/datasets/swagen/audio/common_voice_sw_29390324.wav	roho mtakatifu si baba wala mwana 	0
/scratch/skscla001/experiments/datasets/swagen/audio/common_voice_sw_30570110.wav	tukio hili huwavutia sana wapigaji picha za sinema 	0
/scratch/skscla001/experiments/datasets/swagen/audio/common_voice_sw_35177135.wav	mahakama ya haki za binadamu ilibainisha uamuzi wa kesi hiyo 	0
/scratch/skscla001/experiments/datasets/swagen/audio/common_voice_sw_29790888.wav	lazima tuamke na kukubaliana na ukweli wa namna hii 	0
/scratch/skscla001/experiments/datasets/swagen/audio/common_voice_sw_30038230.wav	alishinda uteuzi wa chama cha mapinduzi katika eneo hilo 	0
/scratch/skscla001/experiments/datasets/swagen/audio/common_voice_sw_30221370.wav	chato ni mojawapo ya wilaya tano za mkoa mpya wa geita uliopo kaskazini magharibi 	0
/scratch/skscla001/experiments/datasets/swagen/audio/common_voice_sw_31406167.wav	asiyekia la mkuu huvunyika guu 	0
/scratch/skscla001/experiments/datasets/swagen/audio/common_voice_sw_36042497.wav	viti havijatosha 	1
/scratch/skscla001/experiments/datasets/swagen/audio/common_voice_sw_36644386.wav	mti wa mabuyu 	0
/scratch/skscla001/experiments/datasets/swagen/audio/common_voice_sw_30036040.wav	mataifa mengi ya afrika yanapambana kwa nguvu zote kulinda hifadhi hizo 	0
/scratch/skscla001/experiments/datasets/swagen/audio/common_voice_sw_30055159.wav	baada ya hifadhi ya kafue iliyopo nchini zambia 	0
/scratch/skscla001/experiments/datasets/swagen/audio/common_voice_sw_36732051.wav	ataimarisha kutokana na kazi yake nzuri katika jamii ikiwemo kuunganisha vijana bila kujali dini 	0
/scratch/skscla001/experiments/datasets/swagen/audio/common_voice_sw_34958172.wav	namna ambavyo alivaa haikufurahisha 	0
/scratch/skscla001/experiments/datasets/swagen/audio/common_voice_sw_34941676.wav	kutonyanyasa utenga wakristo wa mashariki ya kati 	0
/scratch/skscla001/experiments/datasets/swagen/audio/common_voice_sw_30624107.wav	pia vipo vyuo viku vingi mpaka sasa hapa tanzania 	0
/scratch/skscla001/experiments/datasets/swagen/audio/common_voice_sw_30582749.wav	usimbishaji wa theluji unaweza kutokea wakati wowote 	0
/scratch/skscla001/experiments/datasets/swagen/audio/common_voice_sw_34947086.wav	kifo cha seyyid barghash kilimleta kwenye kiti cha usultan seyyid khalifa 	0
/scratch/skscla001/experiments/datasets/swagen/audio/common_voice_sw_34907054.wav	kucha zake ni ndefu sana 	0
/scratch/skscla001/experiments/datasets/swagen/audio/common_voice_sw_35279592.wav	na sasa kumsikiliza katibu mkuu wa shirika la maendeleo la bendewa prince kihangi 	0
/scratch/skscla001/experiments/datasets/swagen/audio/common_voice_sw_37214464.wav	dokta hussein ali mwinyi alichaguliwa kuwa mgombea wa urais visiwani zanzibar 	1
/scratch/skscla001/experiments/datasets/swagen/audio/common_voice_sw_30624139.wav	tdege waliyobaki kwenye hifadhi wanapatikana kwenye misitu 	0
/scratch/skscla001/experiments/datasets/swagen/audio/common_voice_sw_37100386.wav	kuonesha uhusiano uliopo katiya kiswahili na kiarabu 	0
/scratch/skscla001/experiments/datasets/swagen/audio/common_voice_sw_34762638.wav	nampenda yesu kristo 	0
/scratch/skscla001/experiments/datasets/swagen/audio/common_voice_sw_28673117.wav	lakini waprotestanti kwa jumla ni wengi zaidi 	1
/scratch/skscla001/experiments/datasets/swagen/audio/common_voice_sw_28718744.wav	wana watoto wanne pamoja 	0
/scratch/skscla001/experiments/datasets/swagen/audio/common_voice_sw_30379787.wav	tanzania itatwaa hadhi ya uchumi mkubwa zaidi afrika mashariki 	0
/scratch/skscla001/experiments/datasets/swagen/audio/common_voice_sw_34823960.wav	watuhumiwa walifanya mauaji ya kimbari kwa makusudi 	0
/scratch/skscla001/experiments/datasets/swagen/audio/common_voice_sw_29899299.wav	lazima kuandaa mifumo kwanza ili kupigana vita ya kiuchumi 	1
/scratch/skscla001/experiments/datasets/swagen/audio/common_voice_sw_29922515.wav	inaelezwa wote hao waliuawa kwenye mapambano ya silaha nje ya eneo la tukio 	0
/scratch/skscla001/experiments/datasets/swagen/audio/common_voice_sw_35118878.wav	msichana huyo anapendeza sana 	0
/scratch/skscla001/experiments/datasets/swagen/audio/common_voice_sw_32211223.wav	jibu maswali yote utakayoulizwa 	1
/scratch/skscla001/experiments/datasets/swagen/audio/common_voice_sw_30329554.wav	soka la ulaya kwa sasa linahitaji mbinu mpya 	0
/scratch/skscla001/experiments/datasets/swagen/audio/common_voice_sw_31406179.wav	pamoja na msukumo wa miili yao na staili mbalimbali 	0
/scratch/skscla001/experiments/datasets/swagen/audio/common_voice_sw_29863568.wav	kama vashamba kwa maana ya wasambaa huko mkoani tanga 	1
/scratch/skscla001/experiments/datasets/swagen/audio/common_voice_sw_30574712.wav	baada ya kifo cha sayyid sultan mwaka elfu moja mia nane hamsini na sita 	0
/scratch/skscla001/experiments/datasets/swagen/audio/common_voice_sw_36616429.wav	pamoja na wapagazi sabini na nne 	0
/scratch/skscla001/experiments/datasets/swagen/audio/common_voice_sw_34843263.wav	wanacheka sana wakiwa pamoja 	0
/scratch/skscla001/experiments/datasets/swagen/audio/common_voice_sw_29430620.wav	mapema alianza kuheshimiwa kama mwenye heri 	0
/scratch/skscla001/experiments/datasets/swagen/audio/common_voice_sw_35099445.wav	baada ya mafanikio kwenye klabu hata kimataifa 	0
/scratch/skscla001/experiments/datasets/swagen/audio/common_voice_sw_28698895.wav	kutoka asili hizi kuna aina nyingi za jazz zilizoendelea 	0
/scratch/skscla001/experiments/datasets/swagen/audio/common_voice_sw_28714522.wav	kwa ajili hiyo alianzisha pia shirika la masista 	0
/scratch/skscla001/experiments/datasets/swagen/audio/common_voice_sw_29923049.wav	corinne hutton mwenye miaka arobaini na nane kutoka eneo la renfrewshire 	0
/scratch/skscla001/experiments/datasets/swagen/audio/common_voice_sw_29713327.wav	ndiyo sababu anaheshimiwa na madhehebu mbalimbali kama mtakatifu mfiadini 	0
/scratch/skscla001/experiments/datasets/swagen/audio/common_voice_sw_29923801.wav	hivyo kipaumbele kikatolewa kwa wanawake na watoto 	0
/scratch/skscla001/experiments/datasets/swagen/audio/common_voice_sw_30305638.wav	waliokataa kuwapa ardhi wazungu ili wafanye kazi zao 	0
/scratch/skscla001/experiments/datasets/swagen/audio/common_voice_sw_34766441.wav	huenda idadi ya vifo ikawa kubwa zaidi 	0
/scratch/skscla001/experiments/datasets/swagen/audio/common_voice_sw_29303362.wav	walikuwa wafanyabiashara na mabaharia hodari sana 	0
/scratch/skscla001/experiments/datasets/swagen/audio/common_voice_sw_34979579.wav	watu wa zanzibar ni wa asili mbalimbali hasa watu wa asili ya afrika bantu 	0
/scratch/skscla001/experiments/datasets/swagen/audio/common_voice_sw_30337459.wav	vijana wengi wa kiluguru waliamua kubaki katika ardhi ya wandengereko 	0
/scratch/skscla001/experiments/datasets/swagen/audio/common_voice_sw_29924751.wav	ingawa hakuna idadi kamili ya watu waliouliwa wakati wa utawala wa idi amin 	0
/scratch/skscla001/experiments/datasets/swagen/audio/common_voice_sw_37211827.wav	inadaiwa watu hao wamesilimu kutoka ukristu na kuwa waislamu 	0
/scratch/skscla001/experiments/datasets/swagen/audio/common_voice_sw_35104261.wav	a anavyoelezea bwana shomali ayub kibao 	0
/scratch/skscla001/experiments/datasets/swagen/audio/common_voice_sw_35154742.wav	vifungu vya katiba vimetumiwa na baraza la usalama la umoja wa mataifa 	0
/scratch/skscla001/experiments/datasets/swagen/audio/common_voice_sw_35989418.wav	nyinyi ni watoto wa maria 	1
/scratch/skscla001/experiments/datasets/swagen/audio/common_voice_sw_28830698.wav	tangu kale wanaheshimiwa na wakatoliki na waorthodoksi kati ya watakatifu wafiadini 	1
/scratch/skscla001/experiments/datasets/swagen/audio/common_voice_sw_34743695.wav	kwa kipindi hicho muziki huo kwa tanzania ulikuwa ukichukuliwa kama uhuni 	0
/scratch/skscla001/experiments/datasets/swagen/audio/common_voice_sw_30436263.wav	wahehe waliahidi kukabidhi bunduki zote za gobori 	0
/scratch/skscla001/experiments/datasets/swagen/audio/common_voice_sw_30667132.wav	wakurugenzi watendaji wanaoteuliwa na rais wa jamhuri ya muungano wa tanzania 	0
/scratch/skscla001/experiments/datasets/swagen/audio/common_voice_sw_30020861.wav	uchaguzi wa vyama vingi ni mzuri kwenye demokrasia 	1
/scratch/skscla001/experiments/datasets/swagen/audio/common_voice_sw_30004027.wav	mrusi elev yashin alikuwa nyota wa kombe la dunia 	0
/scratch/skscla001/experiments/datasets/swagen/audio/common_voice_sw_35099312.wav	debby alimuangalia jacob usoni huku uso wake ukiwa umelainika kidogo 	0
/scratch/skscla001/experiments/datasets/swagen/audio/common_voice_sw_35103491.wav	neno fungu la maneno 	0
/scratch/skscla001/experiments/datasets/swagen/audio/common_voice_sw_29791719.wav	alimuomba mama yake ruhusa ya kufanya kazi melini 	0
/scratch/skscla001/experiments/datasets/swagen/audio/common_voice_sw_30653832.wav	bakhresa ni mtu mashuhuri katika harakati za mapinduzi na maendeleo ya viwanda tanzania 	0
/scratch/skscla001/experiments/datasets/swagen/audio/common_voice_sw_28666664.wav	ni mji mkubwa wa sita katika nchi wa uswidi 	0
/scratch/skscla001/experiments/datasets/swagen/audio/common_voice_sw_29948994.wav	kamati hii ina wajibu wa kusimamia udhibiti wa ndani 	0
/scratch/skscla001/experiments/datasets/swagen/audio/common_voice_sw_28680170.wav	mongolia baadaye ikawa nchi huru 	0
/scratch/skscla001/experiments/datasets/swagen/audio/common_voice_sw_29680334.wav	rangi zao ni nyeusi na nyekundu au nyeusi na njano 	0
/scratch/skscla001/experiments/datasets/swagen/audio/common_voice_sw_35409766.wav	akama moja nchini afrika kusini imesongeza mbele siku ya kutoa hukumu 	0
/scratch/skscla001/experiments/datasets/swagen/audio/common_voice_sw_35108064.wav	viongozi wa kituruki walianza kufanya kazi ya kisasa 	0
/scratch/skscla001/experiments/datasets/swagen/audio/common_voice_sw_36643669.wav	naye amedadavua kuhusu buha na mahusiano ya kikanda 	0
/scratch/skscla001/experiments/datasets/swagen/audio/common_voice_sw_35103763.wav	hakuna mtu alijua kama ingewezekana kumfufua marehemu mzee suluhu 	0
/scratch/skscla001/experiments/datasets/swagen/audio/common_voice_sw_29924889.wav	mauaji ya waandamanaji pemba mzee mkapa ameeleza tukio hilo 	0
/scratch/skscla001/experiments/datasets/swagen/audio/common_voice_sw_36310955.wav	ulaya pamoja na watumwa walioletwa kutoka afrika tangu 	1
/scratch/skscla001/experiments/datasets/swagen/audio/common_voice_sw_29307060.wav	teolojia katika dini mbalimbali inatumia neno hili kadiri ya imani yake 	1
/scratch/skscla001/experiments/datasets/swagen/audio/common_voice_sw_29789387.wav	mheshimiwa samia suluhu hassan alizaliwa januari ishirini na saba elfu moja mia tisa sitini 	0
/scratch/skscla001/experiments/datasets/swagen/audio/common_voice_sw_29253175.wav	villaseñor ni mlatina 	0
/scratch/skscla001/experiments/datasets/swagen/audio/common_voice_sw_30074472.wav	ilipelekea haja ya watumwa kuongezeka kutumika katika kilimo 	0
/scratch/skscla001/experiments/datasets/swagen/audio/common_voice_sw_30654086.wav	idi amin alizindua kampeni dhidi ya mabepari wadogo 	0
/scratch/skscla001/experiments/datasets/swagen/audio/common_voice_sw_30585224.wav	vita hivi hadi leo vimeigawanya dunia mpaka hivi sasa 	0
/scratch/skscla001/experiments/datasets/swagen/audio/common_voice_sw_35171927.wav	lakini sahihi ambayo inazungumza juu ya tabia yao dhahiri ya 	0
/scratch/skscla001/experiments/datasets/swagen/audio/common_voice_sw_30092059.wav	alifanikiwa kulishinda jeshi la serikali lililokuwa linadhibitiwa 	1
/scratch/skscla001/experiments/datasets/swagen/audio/common_voice_sw_35183499.wav	wasichana na wanawake vijana huvalia shanga hizo kwenye mavazi ya bibi harusi 	0
/scratch/skscla001/experiments/datasets/swagen/audio/common_voice_sw_28666745.wav	asili ya mimea iko asia 	0
/scratch/skscla001/experiments/datasets/swagen/audio/common_voice_sw_31996650.wav	wanasiasa wako wanacheka kwa pamoja 	0
/scratch/skscla001/experiments/datasets/swagen/audio/common_voice_sw_34924825.wav	mnamo mwaka thelathini au thelathini na tatu alikamatwa na baraza la israeli 	0
/scratch/skscla001/experiments/datasets/swagen/audio/common_voice_sw_30017471.wav	na elimu ya vitu vyote kwa kuweza duniani 	0
/scratch/skscla001/experiments/datasets/swagen/audio/common_voice_sw_29960695.wav	mashamba hayo hayawezi kudumisha idadi kubwa ya wanyama 	0
/scratch/skscla001/experiments/datasets/swagen/audio/common_voice_sw_28689990.wav	aliteuliwa kuwa waziri wa afya chini ya utawala wa mokhehle 	1
/scratch/skscla001/experiments/datasets/swagen/audio/common_voice_sw_30188599.wav	ulisababisha kuchomeka kwa miche mipya ya miti ya mbuga hiyo 	0
/scratch/skscla001/experiments/datasets/swagen/audio/common_voice_sw_28950474.wav	kaunti hupata misimu miwili ya mvua aprili hadi juni na oktoba hadi disemba 	0
/scratch/skscla001/experiments/datasets/swagen/audio/common_voice_sw_30379657.wav	pia ipo halmashauri ya wilaya ya mpanda na halmashauri ya manispaa ya mpanda 	1
/scratch/skscla001/experiments/datasets/swagen/audio/common_voice_sw_36644961.wav	yao yote hapa hata uhusiano wa ujirani umejaa joto na umakini 	0
/scratch/skscla001/experiments/datasets/swagen/audio/common_voice_sw_29790348.wav	maalim seif alipata asilimia arobaini na tisa nukta saba sita 	0
/scratch/skscla001/experiments/datasets/swagen/audio/common_voice_sw_30047893.wav	alifunga kituo chao cha utafiti na udhibiti wa malaria 	0
/scratch/skscla001/experiments/datasets/swagen/audio/common_voice_sw_35222479.wav	unakutana na mto lujenda ambao ni mkubwa zaidi 	0
/scratch/skscla001/experiments/datasets/swagen/audio/common_voice_sw_29924816.wav	ikumbukwe kuwa hifadhi hii ni maarufu kwa wanyama jamii ya 	0
/scratch/skscla001/experiments/datasets/swagen/audio/common_voice_sw_34837380.wav	mishipa ya damu kwenye ubongo inaweza kusinyaa na kupelekea 	0
/scratch/skscla001/experiments/datasets/swagen/audio/common_voice_sw_35222494.wav	wachambuzi wa siasa wanasema mzozo huo ni ishara 	0
/scratch/skscla001/experiments/datasets/swagen/audio/common_voice_sw_37225214.wav	wakijua hasa nini ulikuwa muktadha wake katika mila na desturi za kiafrika 	1
/scratch/skscla001/experiments/datasets/swagen/audio/common_voice_sw_35284624.wav	vingi vya ubunge na hivyo kuendelea kukiongoza kisiwa hicho 	0
/scratch/skscla001/experiments/datasets/swagen/audio/common_voice_sw_37092582.wav	kumsaidia wapiganaji pia warundi walitumia ardhi ya buha kupigana na wanyamwez 	0
/scratch/skscla001/experiments/datasets/swagen/audio/common_voice_sw_34940106.wav	imekatwa nayo imepakana na kolombia peru na bahari ya 	0
/scratch/skscla001/experiments/datasets/swagen/audio/common_voice_sw_29981294.wav	alizungumza na wananchi kwa niaba ya chama cha tanganyika 	0
/scratch/skscla001/experiments/datasets/swagen/audio/common_voice_sw_29791929.wav	chelsea ndiyo waliyoshinda ubingwa wa ulaya 	0
/scratch/skscla001/experiments/datasets/swagen/audio/common_voice_sw_28714523.wav	hakika mwili ni mzito kuliko kivuli chake 	0
/scratch/skscla001/experiments/datasets/swagen/audio/common_voice_sw_31909764.wav	usipoukata utakukata 	0
/scratch/skscla001/experiments/datasets/swagen/audio/common_voice_sw_34906848.wav	uu akielezea pengine inaweza ikawa hujma au kitu kingine 	0
/scratch/skscla001/experiments/datasets/swagen/audio/common_voice_sw_29935552.wav	ronaldo amemaliza michuano akiwa mchezaji aliyefunga mabao mengi 	1
/scratch/skscla001/experiments/datasets/swagen/audio/common_voice_sw_30326755.wav	ivory coast waliibuka washindi kwa kuichapa ghana mabao tisa kwa manane 	1
/scratch/skscla001/experiments/datasets/swagen/audio/common_voice_sw_35104330.wav	mtoto wako ameibwa 	0
/scratch/skscla001/experiments/datasets/swagen/audio/common_voice_sw_34812531.wav	dereva walibishania abiria njiani 	0
/scratch/skscla001/experiments/datasets/swagen/audio/common_voice_sw_30100659.wav	ukiachia wajaluo mkoani mara pia kuna wataturu na wanandi 	0
/scratch/skscla001/experiments/datasets/swagen/audio/common_voice_sw_35104115.wav	lengo la mkataba wa mauaji ya kimbari ni kuzuia uangamizaji wa makusudi 	0
/scratch/skscla001/experiments/datasets/swagen/audio/common_voice_sw_31285479.wav	zile malighafi walizovuna katika ardhi ya afrika ziliwemo dhahabu na almasi 	0
/scratch/skscla001/experiments/datasets/swagen/audio/common_voice_sw_30326457.wav	kufanya hivyo si kutenda haki katika dhana ya maendeleo profesa tibaijuka alisema 	0
/scratch/skscla001/experiments/datasets/swagen/audio/common_voice_sw_30381043.wav	kupoteza uzito kwa kasi wakati ambapo virusi vya ukimwi vimeshasababisha ugonjwa 	1
/scratch/skscla001/experiments/datasets/swagen/audio/common_voice_sw_31446742.wav	wakati zilipokuwa njiani kuelekea maeneo ya cuba 	0
/scratch/skscla001/experiments/datasets/swagen/audio/common_voice_sw_31406048.wav	flaviana matata alijitahidi kutimiza ndoto zake 	0
/scratch/skscla001/experiments/datasets/swagen/audio/common_voice_sw_29940494.wav	mpira wa sasa umekua laini tofauti na miaka ya nyuma 	0
/scratch/skscla001/experiments/datasets/swagen/audio/common_voice_sw_36040224.wav	pamoja na ufahamu mdogo kuhusu umuhimu wa vitabu 	0
/scratch/skscla001/experiments/datasets/swagen/audio/common_voice_sw_30574301.wav	zilianzishwa kabla ya tanganyika kupata uhuru 	0
/scratch/skscla001/experiments/datasets/swagen/audio/common_voice_sw_35206845.wav	saa saba na nusu mchana jacob alikuwa asili yetu restaurant kuitikia wito wa mtaalamu 	0
/scratch/skscla001/experiments/datasets/swagen/audio/common_voice_sw_30436163.wav	kuwavutia watazamaji juu ya wazo kuu 	0
/scratch/skscla001/experiments/datasets/swagen/audio/common_voice_sw_30570297.wav	india wakafaulu kutwaa sehemu kubwa ya utawala wao 	0
/scratch/skscla001/experiments/datasets/swagen/audio/common_voice_sw_29389832.wav	viongozi wengi hasa mawaziri wa serikali ya umoja wa kitaifa walishindwa kushika viti bungeni 	0
/scratch/skscla001/experiments/datasets/swagen/audio/common_voice_sw_30036879.wav	alitangaza kustaafu kuichezea timu ya taifa mwaka elfu mbili na kumi na sita 	0
/scratch/skscla001/experiments/datasets/swagen/audio/common_voice_sw_34944180.wav	bahari vumbi la mchanga moto wa mimea ya asili na radi 	0
/scratch/skscla001/experiments/datasets/swagen/audio/common_voice_sw_28669856.wav	pia kuna wasemaji wachache nchini jamhuri ya kongo na nigeria 	0
/scratch/skscla001/experiments/datasets/swagen/audio/common_voice_sw_29788604.wav	makampuni yale yalianza kutumia wakazi wa tanga kulima mkonge 	0
/scratch/skscla001/experiments/datasets/swagen/audio/common_voice_sw_30363958.wav	wanatofautiana na watu wa kawaida kijenetikia 	1
/scratch/skscla001/experiments/datasets/swagen/audio/common_voice_sw_30624180.wav	magufuli alipata elimu ya kiwango cha juu cha sekondari shule ya upili ya mkwawa 	0
/scratch/skscla001/experiments/datasets/swagen/audio/common_voice_sw_30003944.wav	magofu mengine yanazidi kuchakaa na kubomoka 	0
/scratch/skscla001/experiments/datasets/swagen/audio/common_voice_sw_29940225.wav	haya mapito ya wanyama yanaunganisha eneo la hifadhi ya ngorongoro 	0
/scratch/skscla001/experiments/datasets/swagen/audio/common_voice_sw_29790608.wav	walikuja wageni kutoka bara la ulaya kwa ajili ya kufanya biasahara 	0
/scratch/skscla001/experiments/datasets/swagen/audio/common_voice_sw_29798416.wav	kaburi la barbosa lilitengwa na wabrazil 	0
/scratch/skscla001/experiments/datasets/swagen/audio/common_voice_sw_36389931.wav	na akasema kwamba atakwenda kuwakilisha mbele ya viongozi wenzake katika mkutano 	0
/scratch/skscla001/experiments/datasets/swagen/audio/common_voice_sw_30008296.wav	linalotokana na neno la kimasai siringiti lenye maana ya uwazi usio na mwisho 	1
/scratch/skscla001/experiments/datasets/swagen/audio/common_voice_sw_35146036.wav	ni victor abuso nakutakia jumapili njema na kama kawaida 	0
/scratch/skscla001/experiments/datasets/swagen/audio/common_voice_sw_30653983.wav	japani ilikuwa na mkataba wa kusaidana na uingreza 	0
/scratch/skscla001/experiments/datasets/swagen/audio/common_voice_sw_29937876.wav	utafiti kwenye kasoko ya maundi umeonyesha ya kwamba uoto wa kilimanjaro ulibadilika 	1
/scratch/skscla001/experiments/datasets/swagen/audio/common_voice_sw_29788683.wav	hivyo waliwafukuza kwa kupigana kama ilivyokuwa kwa makabila mengi 	0
/scratch/skscla001/experiments/datasets/swagen/audio/common_voice_sw_30495079.wav	hawakuwa na elimu ya kutosha juu ya ukombozi wao na juu ya zile malighafi 	0
/scratch/skscla001/experiments/datasets/swagen/audio/common_voice_sw_35221623.wav	umonaki haraka mashariki na vilevile magharibi watawa ni wakristo 	0
/scratch/skscla001/experiments/datasets/swagen/audio/common_voice_sw_29728422.wav	milima ya safu ya pwani huonekana sasa kama visiwa 	0
/scratch/skscla001/experiments/datasets/swagen/audio/common_voice_sw_30046316.wav	watanzania tumempoteza kiongozi mpiganaji na mwenye uchungu na nchi yake 	0
/scratch/skscla001/experiments/datasets/swagen/audio/common_voice_sw_29903373.wav	huku wengine wakijiajiri wenyewe katika shughuli za uchimbaji wa madini 	1
/scratch/skscla001/experiments/datasets/swagen/audio/common_voice_sw_35438645.wav	benki kuu ya tanzania ina manaibu gavana watatu 	0
/scratch/skscla001/experiments/datasets/swagen/audio/common_voice_sw_30581863.wav	mahale ni hifadhi yenye historia ya kuwa makazi ya jamii adimu za sokwe 	0
/scratch/skscla001/experiments/datasets/swagen/audio/common_voice_sw_29797106.wav	hivi majuzi wamasai wamekuwa wakitegemea vyakula kutoka maeneo mengine 	0
/scratch/skscla001/experiments/datasets/swagen/audio/common_voice_sw_29949521.wav	miongoni mwa filamu ambazo amewahi kuigiza ni rangi ya zambarau 	0
/scratch/skscla001/experiments/datasets/swagen/audio/common_voice_sw_30108209.wav	milima ya samya na ile milima ya sangaiwe 	0
/scratch/skscla001/experiments/datasets/swagen/audio/common_voice_sw_35105174.wav	hii inafanya waturuki wahisi kuwajibika zaidi lakini 	0
/scratch/skscla001/experiments/datasets/swagen/audio/common_voice_sw_35110308.wav	kudumisha amani hususan kupitia usuluhishi wa migogoro mbalimbali 	0
/scratch/skscla001/experiments/datasets/swagen/audio/common_voice_sw_34597098.wav	safari ya kuupanda mlima meru na kushuka 	0
/scratch/skscla001/experiments/datasets/swagen/audio/common_voice_sw_30024091.wav	halmashauri ya wilaya ya rolya na halmashauri ya wilaya ya serengeti 	0
/scratch/skscla001/experiments/datasets/swagen/audio/common_voice_sw_30035000.wav	mandela hakuzikwa mvezo na badala yake alizikwa qunu 	0
/scratch/skscla001/experiments/datasets/swagen/audio/common_voice_sw_30567015.wav	dume ana rangi ya bluu na kahawia shingoni 	0
/scratch/skscla001/experiments/datasets/swagen/audio/common_voice_sw_30572095.wav	mwalimu nyerere alikuwa anajiamini kupita kiasi 	0
/scratch/skscla001/experiments/datasets/swagen/audio/common_voice_sw_35177036.wav	kitabibu inafaa kukumbukwa kuwa mwongozo utambuzi wa 	0
/scratch/skscla001/experiments/datasets/swagen/audio/common_voice_sw_30355447.wav	profesa leonard paulo shaidi ambaye aliwahi kuwa mhadhiri mwandamizi 	0
/scratch/skscla001/experiments/datasets/swagen/audio/common_voice_sw_30582729.wav	kiasi cha barafu kimepungua kwa kipindi cha miaka sita 	0
/scratch/skscla001/experiments/datasets/swagen/audio/common_voice_sw_29997577.wav	mo na mke wake walikutana shule ya kimataifa ya tanganyika jijini dar es salaam 	1
/scratch/skscla001/experiments/datasets/swagen/audio/common_voice_sw_29144819.wav	asali hujenga afya 	1
/scratch/skscla001/experiments/datasets/swagen/audio/common_voice_sw_36373694.wav	mkwawa aliwahi kusikia mapema habari za wajerumani akajaribu kuwasiliana nao lakini bila kuelewana 	1
/scratch/skscla001/experiments/datasets/swagen/audio/common_voice_sw_30220047.wav	kutokana na ukuaji wa sayansi na technolojia katika nchi yetu ya tanzania 	0
/scratch/skscla001/experiments/datasets/swagen/audio/common_voice_sw_29797928.wav	rose muhando alisaini mkataba wa kurekodi albam na kampuni la sony music 	0
/scratch/skscla001/experiments/datasets/swagen/audio/common_voice_sw_28584764.wav	akiwa rais alifuata siasa ya kujitegemea kwa ufaransa 	0
/scratch/skscla001/experiments/datasets/swagen/audio/common_voice_sw_30629471.wav	tanzania ina vivutio vingi sana vya utalii 	0
/scratch/skscla001/experiments/datasets/swagen/audio/common_voice_sw_30143048.wav	alihitimu kidato cha sita na kufaulu na kujiunga chuo kikuu cha dar es salaam 	0
/scratch/skscla001/experiments/datasets/swagen/audio/common_voice_sw_30022618.wav	mlo kamili ni chakula chenye virutubishi vyote 	0
/scratch/skscla001/experiments/datasets/swagen/audio/common_voice_sw_34940898.wav	kitabuni kiongozi wa ibada wa siku hiyo huja na madondoo yake na 	0
/scratch/skscla001/experiments/datasets/swagen/audio/common_voice_sw_35183475.wav	kwa mfano wachezaji watano kwa watano 	0
/scratch/skscla001/experiments/datasets/swagen/audio/common_voice_sw_29793463.wav	wangekuwa kwa siku hizi wangewaita halmashauri 	0
/scratch/skscla001/experiments/datasets/swagen/audio/common_voice_sw_29922459.wav	kwa afya ya mtoto kwa miaka mingi baada ya kuzaliwa 	0
/scratch/skscla001/experiments/datasets/swagen/audio/common_voice_sw_31306219.wav	rhodesia ilikuwa na uhusiano wa kijeshi na utawala wa idi amin 	1
/scratch/skscla001/experiments/datasets/swagen/audio/common_voice_sw_30034977.wav	nimadini yenye thamani kubwa sana katika soko la dunia 	0
/scratch/skscla001/experiments/datasets/swagen/audio/common_voice_sw_30581085.wav	ijue historia ya wilaya ya same 	0
/scratch/skscla001/experiments/datasets/swagen/audio/common_voice_sw_30574051.wav	nilipopata nafasi ya kusalimu nikataja tumpongeze mfugale kwa daraja hili 	0
/scratch/skscla001/experiments/datasets/swagen/audio/common_voice_sw_29937597.wav	inafika au kupitia hifadhi ya taifa ya mikumi 	1
/scratch/skscla001/experiments/datasets/swagen/audio/common_voice_sw_30591046.wav	tulijifunza jambo lolote kutokana na ajali hiyo 	0
/scratch/skscla001/experiments/datasets/swagen/audio/common_voice_sw_30079660.wav	pia hulima mazao mengine kama mpunga tumbaku mahindi viazi dengu na matunda 	0
/scratch/skscla001/experiments/datasets/swagen/audio/common_voice_sw_29902479.wav	pia amejihusisha na tawi la tanganyika african association 	1
/scratch/skscla001/experiments/datasets/swagen/audio/common_voice_sw_30718226.wav	hakuna mwanasayansi aliejua hawa viumbe wametokana na nini 	0
/scratch/skscla001/experiments/datasets/swagen/audio/common_voice_sw_29941972.wav	uamuzi huo ukasababisha maalim self na wafuasi wake wakihame chama hicho 	1
/scratch/skscla001/experiments/datasets/swagen/audio/common_voice_sw_34943126.wav	makundi mbalimbali ya mziki huo yakaanzishwa rasmi 	0
/scratch/skscla001/experiments/datasets/swagen/audio/common_voice_sw_28874541.wav	miaka yake ya mwisho al masudi aliishi misri 	0
/scratch/skscla001/experiments/datasets/swagen/audio/common_voice_sw_30660064.wav	kwanza ina dhahabu ya kutosha katika ardhi yake 	0
/scratch/skscla001/experiments/datasets/swagen/audio/common_voice_sw_30567845.wav	urafiki wa nkrumah na nyerere ulisaidia kuzikomboa nchi nyingi 	0
/scratch/skscla001/experiments/datasets/swagen/audio/common_voice_sw_29923530.wav	ziwa nyasa limepita kwenye nchi tatu ambazo ni tanzania malawi na msumbiji 	0
/scratch/skscla001/experiments/datasets/swagen/audio/common_voice_sw_35250423.wav	watalii wengi kutoka ndani na nje hufika kujionea kobe hao wakubwa 	0
/scratch/skscla001/experiments/datasets/swagen/audio/common_voice_sw_28691195.wav	wajibu mkuu wa mlezi mara nyingi kuchukuliwa na mke au jamaa wa karibu 	1
/scratch/skscla001/experiments/datasets/swagen/audio/common_voice_sw_29980142.wav	guardiola alifungwa kwenye fainali ya ulaya 	1
/scratch/skscla001/experiments/datasets/swagen/audio/common_voice_sw_36644239.wav	walakini si kama nitakavyo mimi bali utakavyo wewe 	0
/scratch/skscla001/experiments/datasets/swagen/audio/common_voice_sw_30363940.wav	kizazi cha sasa hakina uelewa mpana kuhusu historia 	0
/scratch/skscla001/experiments/datasets/swagen/audio/common_voice_sw_35409294.wav	wa upanuzi wa ukoloni wa ujerumani mwishoni mwa karne ya kumi na tisawahehe 	0
/scratch/skscla001/experiments/datasets/swagen/audio/common_voice_sw_29797001.wav	magufuli alijiunga na chuo kikuu cha dar es salaam 	0
/scratch/skscla001/experiments/datasets/swagen/audio/common_voice_sw_34958809.wav	mauaji ya kimbari yalimaanishe uangamizaji wa taifa 	0
/scratch/skscla001/experiments/datasets/swagen/audio/common_voice_sw_30342648.wav	kuna urefu wa kilomita elfu moja mia tatu na sabini 	1
/scratch/skscla001/experiments/datasets/swagen/audio/common_voice_sw_34958908.wav	k mkutano wa jumuiya ya madola chogum ambao ulikuwa pamoja 	0
/scratch/skscla001/experiments/datasets/swagen/audio/common_voice_sw_29939859.wav	mwenge wa uhuru umekuwa ukikimbizwa nchi nzima ukipita kwenye mitaa 	0
/scratch/skscla001/experiments/datasets/swagen/audio/common_voice_sw_29788198.wav	wamasai huamini katika mungu anayeitwa nkai 	0
/scratch/skscla001/experiments/datasets/swagen/audio/common_voice_sw_35250488.wav	kama rais wa marekani katika uchaguzi wa mwaka elfu mbili mtoto wake mwengine jeb 	0
/scratch/skscla001/experiments/datasets/swagen/audio/common_voice_sw_37095918.wav	ya afrika ya magharibi kwenye pwani ya 	0
/scratch/skscla001/experiments/datasets/swagen/audio/common_voice_sw_29847211.wav	wakati mzuri wa kutembelea hifadhi hii ili kuangaliwa wanyama wakubwa ni wakati wa kiangazi 	0
/scratch/skscla001/experiments/datasets/swagen/audio/common_voice_sw_29793720.wav	kuhara kutapika na magonjwa mengine yanayowaathiri watoto 	0
/scratch/skscla001/experiments/datasets/swagen/audio/common_voice_sw_30337045.wav	matumizi ya binadamu yameleta mvurugo kwa ekolojia ya mto na 	0
/scratch/skscla001/experiments/datasets/swagen/audio/common_voice_sw_35118932.wav	mwili wa mke wake mwaminifu haukupatikana kamwe 	0
/scratch/skscla001/experiments/datasets/swagen/audio/common_voice_sw_30355200.wav	kabla ya kukutana kila jumuiya ilifanya kikao cha faragha 	0
/scratch/skscla001/experiments/datasets/swagen/audio/common_voice_sw_35221639.wav	wa tegetero na hega akiongoza utawala wa uluguru kusini akiwa na makao yake bwakila 	0
/scratch/skscla001/experiments/datasets/swagen/audio/common_voice_sw_30653928.wav	kiasili walikuwa bairu lakini kwa kuoa katika bahima au kufanya kazi kwa watemi 	0
/scratch/skscla001/experiments/datasets/swagen/audio/common_voice_sw_29696407.wav	kwa lugha nyingine ni manisipaa ndani ya jiji la dar es salaam 	1
/scratch/skscla001/experiments/datasets/swagen/audio/common_voice_sw_30327923.wav	anasema ataendelea kumkumbuka mzee mkapa kama mzalendo kwa nchi yake 	0
/scratch/skscla001/experiments/datasets/swagen/audio/common_voice_sw_35156112.wav	ninayopata ndiyo ninayoitumia kusafiri na gharama nyingine si tajiri lakini naishi kujisikia vizuri alisema 	0
/scratch/skscla001/experiments/datasets/swagen/audio/common_voice_sw_31405965.wav	hapo ndipo waha walipofikia baada ya kutoka maeneo ya burundi rwanda na kongo 	0
/scratch/skscla001/experiments/datasets/swagen/audio/common_voice_sw_30052618.wav	kwa sasa kutokana na ugonjwa wa ukimwi tabia hii imepungua miongoni mwao 	0
/scratch/skscla001/experiments/datasets/swagen/audio/common_voice_sw_30659145.wav	katika mashindano juu ya afrika ya kati waingereza walifaulu 	0
/scratch/skscla001/experiments/datasets/swagen/audio/common_voice_sw_34743656.wav	mkato una matumizi mengine yafuatayo 	0
/scratch/skscla001/experiments/datasets/swagen/audio/common_voice_sw_30198414.wav	alipokufa milki ilichukuliwa na dada yake mwene ngalu ambaye ndiye mwanzilishi wa sumbawanga 	0
/scratch/skscla001/experiments/datasets/swagen/audio/common_voice_sw_29839015.wav	jengo la kituo cha biashara cha dunia world trade center complex 	1
/scratch/skscla001/experiments/datasets/swagen/audio/common_voice_sw_35105016.wav	mwanamke ni pambo la nyumba ndani 	0
/scratch/skscla001/experiments/datasets/swagen/audio/common_voice_sw_34756682.wav	maji taka yalielekezwa chini ya mitaro iliyofunikwa kando ya barabara kuu 	0
/scratch/skscla001/experiments/datasets/swagen/audio/common_voice_sw_30574512.wav	alizaliwa marekani mahali ambapo wazazi wake walikuwa wanafanya kazi 	0
/scratch/skscla001/experiments/datasets/swagen/audio/common_voice_sw_30378379.wav	watu wengi wamekuwa hawaelewi na kutambua umuhimu wa siku za maadhimisho ya sikukuu 	0
/scratch/skscla001/experiments/datasets/swagen/audio/common_voice_sw_34798046.wav	dhidi ya maadui wanaoingia ksiwani hapo 	0
/scratch/skscla001/experiments/datasets/swagen/audio/common_voice_sw_30654036.wav	umahiri waa pele kwenye mpira ulikuwa mkubwa 	0
/scratch/skscla001/experiments/datasets/swagen/audio/common_voice_sw_29790939.wav	alizaliwa mwaka elfu moja nia tisa sabini na sita 	0
/scratch/skscla001/experiments/datasets/swagen/audio/common_voice_sw_34917701.wav	kimsingi ni tofauti na njia ya sayansi ya 	0
/scratch/skscla001/experiments/datasets/swagen/audio/common_voice_sw_28583745.wav	tangu wakati huo tovuti na ardhi ya eneo hilo havijatumika tena kabisa 	0
/scratch/skscla001/experiments/datasets/swagen/audio/common_voice_sw_30086537.wav	ni sehemu nzuri inayofaa kwa mapumziko pia na inapendeza na kuvutia 	0
/scratch/skscla001/experiments/datasets/swagen/audio/common_voice_sw_28690053.wav	yeye kawaida hucheza kwenye nafasi ya katikati 	1
/scratch/skscla001/experiments/datasets/swagen/audio/common_voice_sw_29304532.wav	kwa hiyo mara nyingi si lazima kulenga ushindi dhidi ya mpinzani 	0
/scratch/skscla001/experiments/datasets/swagen/audio/common_voice_sw_29791747.wav	serikaoli inatakiwa kuwaandaa watalii wa kesho 	0
/scratch/skscla001/experiments/datasets/swagen/audio/common_voice_sw_30566725.wav	hupokea watalii wengi kutoka njee ya nchi 	0
/scratch/skscla001/experiments/datasets/swagen/audio/common_voice_sw_31271171.wav	tanzania imebarikiwa kuwa na uoto wa asili 	0
/scratch/skscla001/experiments/datasets/swagen/audio/common_voice_sw_28714504.wav	hasa aliandika mashairi juu ya maisha ya nchi yake 	0
/scratch/skscla001/experiments/datasets/swagen/audio/common_voice_sw_29988662.wav	uchaguzi wa pili wa mwaka huo wa elfu moja mia tisa sabini na nane 	1
/scratch/skscla001/experiments/datasets/swagen/audio/common_voice_sw_34906819.wav	mpya katika majimbo ya kusini zilinyima haki nyingi za kiraia 	0
/scratch/skscla001/experiments/datasets/swagen/audio/common_voice_sw_29978635.wav	makampuni mengi ya kigeni hudumisha matawi yao katika eneo hili 	0
/scratch/skscla001/experiments/datasets/swagen/audio/common_voice_sw_28689058.wav	katika imani yao kuna miungu mingi kwenye ngazi mbalimbali ya enzi 	0
/scratch/skscla001/experiments/datasets/swagen/audio/common_voice_sw_30230557.wav	wengi wanazidi kunufaika na vivutio vingi vilivyopo hapa tanzania 	0
/scratch/skscla001/experiments/datasets/swagen/audio/common_voice_sw_30581930.wav	wajumbe wa mashirikisho ya soka kila nchi walipongezwa kuanzisha michuano 	0
/scratch/skscla001/experiments/datasets/swagen/audio/common_voice_sw_30354288.wav	kudumisha amani umoja na mshikamano kuondoa matesa na ugaidi ndani ya nchi yetu 	0
/scratch/skscla001/experiments/datasets/swagen/audio/common_voice_sw_30365445.wav	kila kazi ina changamoto nyingi duniani 	0
/scratch/skscla001/experiments/datasets/swagen/audio/common_voice_sw_30591038.wav	mazao hayo hukaa shambani kwa muda wa miaka mingi 	0
/scratch/skscla001/experiments/datasets/swagen/audio/common_voice_sw_29791513.wav	mtu mwingine akivuta hewa yenye matone haya anaweza kuambukizwa tauni inayosababisha nyumonia 	0
/scratch/skscla001/experiments/datasets/swagen/audio/common_voice_sw_30148215.wav	wafuaji wa vyuma walikaa maeneo yote yaliyokuwa na uwezekano wa kupata chuma 	0
/scratch/skscla001/experiments/datasets/swagen/audio/common_voice_sw_35104450.wav	bahati mbaya kwa sababu katika utumishi wake wa takribani miaka arobaini serikalini mara zote 	0
/scratch/skscla001/experiments/datasets/swagen/audio/common_voice_sw_30051830.wav	hii inamaanisha watu hao hawawezi kusambaza virusi hivyo 	0
/scratch/skscla001/experiments/datasets/swagen/audio/common_voice_sw_35437884.wav	ini kama umoja wa mataifa tuna wawakilishi wake hapo nchini rwanda na wanafanya kazi 	0
/scratch/skscla001/experiments/datasets/swagen/audio/common_voice_sw_30058691.wav	kama vile hoteli na nyumba za wageni bila kusahau makambi ya mahema 	0
/scratch/skscla001/experiments/datasets/swagen/audio/common_voice_sw_28584582.wav	anaheshimiwa kama mtakatifu na wakristo waorthodoksi wa mashariki waorthodoksi na wakatoliki 	0
/scratch/skscla001/experiments/datasets/swagen/audio/common_voice_sw_35105740.wav	dhana ya uhusiano kati ya nchi hizo mbili ulikuwa ukizidi kudorora 	0
/scratch/skscla001/experiments/datasets/swagen/audio/common_voice_sw_30337955.wav	jike akiwa kwenye mayai dume hufanya kazi ya kumletea chakula hapo kwenye kiota 	0
/scratch/skscla001/experiments/datasets/swagen/audio/common_voice_sw_30574560.wav	kiu ya kuwatumikia wananchi haijawahi kukata 	0
/scratch/skscla001/experiments/datasets/swagen/audio/common_voice_sw_30312846.wav	kabla ya mazishi ya nelson mandela maji na umeme vilikata nyumbani kwa mandela 	0
/scratch/skscla001/experiments/datasets/swagen/audio/common_voice_sw_29791210.wav	inayokamilisha jumla ya halmashauri kumi na moja za mkoa wa tanga 	0
/scratch/skscla001/experiments/datasets/swagen/audio/common_voice_sw_30658988.wav	magufuli alipata elimu ya msingi katika shule ya msingi hukohuko chato 	0
/scratch/skscla001/experiments/datasets/swagen/audio/common_voice_sw_28690539.wav	kiini ni pia mahali pa kutokea kwa joto 	1
/scratch/skscla001/experiments/datasets/swagen/audio/common_voice_sw_30582095.wav	engai ni mungu mmoja mwenye asili mbili 	0
/scratch/skscla001/experiments/datasets/swagen/audio/common_voice_sw_36644210.wav	ya kulevya iwe yale ya kiasili kama bangi au yale yatengenezwayo 	0
/scratch/skscla001/experiments/datasets/swagen/audio/common_voice_sw_30327902.wav	baadhi ya vitu vilivyorudi afrika kama bidhaa 	0
/scratch/skscla001/experiments/datasets/swagen/audio/common_voice_sw_30375629.wav	si mtoto wa munyigumba bali wa kaka yake ingawa yeye ndiye aliyemlea 	0
/scratch/skscla001/experiments/datasets/swagen/audio/common_voice_sw_37220053.wav	kutumia madawa haya ni ya mpito tu na kwa 	0
/scratch/skscla001/experiments/datasets/swagen/audio/common_voice_sw_29792465.wav	setilaiti ya kwanza ilionekana katika sehemu nyingine za umma 	0
/scratch/skscla001/experiments/datasets/swagen/audio/common_voice_sw_28696300.wav	walitumia ngamia farasi punda au wanyama wengine katika kuendeleza biashara ya misafara 	0
/scratch/skscla001/experiments/datasets/swagen/audio/common_voice_sw_30585427.wav	ni chombo kilichotumika kuwaunganisha hawa watu waliotumia hii lugha 	0
/scratch/skscla001/experiments/datasets/swagen/audio/common_voice_sw_37084267.wav	maalim seif mgombea wa chama kipya cha wazalendo 	0
/scratch/skscla001/experiments/datasets/swagen/audio/common_voice_sw_36615316.wav	asante sana kwa kuwa nami hapa wakati hu 	0
/scratch/skscla001/experiments/datasets/swagen/audio/common_voice_sw_30306439.wav	uhasama mkubwa wa kisiasa kati yake na makada wenzake 	1
/scratch/skscla001/experiments/datasets/swagen/audio/common_voice_sw_30195876.wav	mhusika ni mtu mashuhuri na mwenye wadhifa mkubwa katika nyanja ya ulinzi na usalama 	0
/scratch/skscla001/experiments/datasets/swagen/audio/common_voice_sw_29793606.wav	baggio alikosa mkwaju wa penati kwenye mechi hiyo 	0
/scratch/skscla001/experiments/datasets/swagen/audio/common_voice_sw_31406085.wav	wakati wa utawala wa jumbe zanzibar ilipata bunge na baraza la uwakilishi 	0
/scratch/skscla001/experiments/datasets/swagen/audio/common_voice_sw_37096728.wav	debby naye alimwambia kaka yake na siku iliyofuata kaka yake aliuawa kwa risasi 	0
/scratch/skscla001/experiments/datasets/swagen/audio/common_voice_sw_30351406.wav	ibara ya thalathini na saba kifungu kidogo cha tano 	0
/scratch/skscla001/experiments/datasets/swagen/audio/common_voice_sw_37092033.wav	kumi na tano lakini alishindwa na donald trumpgeorge bush akiwa na watoto wake 	0
/scratch/skscla001/experiments/datasets/swagen/audio/common_voice_sw_30230223.wav	jokate anajibu akitabasamu kuwa majukumu na malengo ambayo yuko nayo hayampi nafasi ya kuhisi 	0
/scratch/skscla001/experiments/datasets/swagen/audio/common_voice_sw_30633151.wav	baadae wakileta pembe za ndovu na watumwa kwa njia hiyo bagamoyo 	1
/scratch/skscla001/experiments/datasets/swagen/audio/common_voice_sw_30376938.wav	dhidi ya siasa za kibaguzi za zuberi mtemvu 	0
/scratch/skscla001/experiments/datasets/swagen/audio/common_voice_sw_29790981.wav	ufugaji nao ni shughuli muhimu kama ilivyo uvuvi 	0
/scratch/skscla001/experiments/datasets/swagen/audio/common_voice_sw_30102980.wav	wazanzibari walikuwa malaria proof yaani hawaguswi wala kuugua malaria 	0
/scratch/skscla001/experiments/datasets/swagen/audio/common_voice_sw_29793929.wav	mbalimbali za kifedha kuwekeza zaidi katika mikoa ya 	0
/scratch/skscla001/experiments/datasets/swagen/audio/common_voice_sw_30382274.wav	zidane aliweka rekodi ya uhamisho wa dunia alipokubali kuhamia nchini hispania 	0
/scratch/skscla001/experiments/datasets/swagen/audio/common_voice_sw_30180338.wav	kuna vitu waha waliwafundisha wamanyema na wamanyema waliwafundisha waha 	1
/scratch/skscla001/experiments/datasets/swagen/audio/common_voice_sw_30570341.wav	ukilinganisha na robo iliyopita ya kuanzia januari hadi machi 	0
/scratch/skscla001/experiments/datasets/swagen/audio/common_voice_sw_30522815.wav	angel di maria ni nyota hatari kutoka nchini argentina 	0
/scratch/skscla001/experiments/datasets/swagen/audio/common_voice_sw_29941771.wav	mji huu wa bagamoyo upo mkoani pwani katika mwambao wa bahari 	1
/scratch/skscla001/experiments/datasets/swagen/audio/common_voice_sw_31285777.wav	serikali inatekeleza mradi wa kufua umeme wa maji wa julius nyerere 	0
/scratch/skscla001/experiments/datasets/swagen/audio/common_voice_sw_30098543.wav	kuna mwamba wa kuvutia unaofanana na pua ya binadamu maarufu kama ikamba la fua 	0
/scratch/skscla001/experiments/datasets/swagen/audio/common_voice_sw_29892669.wav	hassan mwinyi alijipatia cheti cha ufundishaji 	1
/scratch/skscla001/experiments/datasets/swagen/audio/common_voice_sw_34958083.wav	ya mfukoni mwa watu huku serikali ikilazimika kulipa mabilioni ya fedha katika mkataba ambao 	0
/scratch/skscla001/experiments/datasets/swagen/audio/common_voice_sw_37096478.wav	na kuwakamata watu kutoka makwao 	0
/scratch/skscla001/experiments/datasets/swagen/audio/common_voice_sw_37094199.wav	lakini ulisogezwa mbele kwa juma moja ili kukamilisha 	0
/scratch/skscla001/experiments/datasets/swagen/audio/common_voice_sw_37224092.wav	muswada huo kwamba ni unalingana na 	0
/scratch/skscla001/experiments/datasets/swagen/audio/common_voice_sw_37224246.wav	kwa sababu hakuna mabadiliko yeyote ameleta katika eneo langu 	0
/scratch/skscla001/experiments/datasets/swagen/audio/common_voice_sw_29970007.wav	hifadhi inajumuisha misitu ya mvua na ardhi ya nyasi n 	0
/scratch/skscla001/experiments/datasets/swagen/audio/common_voice_sw_29818273.wav	alijiingiza katika mapambano mengi ya kukomboa nchi yake 	0
/scratch/skscla001/experiments/datasets/swagen/audio/common_voice_sw_34906779.wav	minada hiyo hufanyika katika soko la mitaji 	0
/scratch/skscla001/experiments/datasets/swagen/audio/common_voice_sw_36641265.wav	binadamu anategemea kabisa neema ya mungu kutojali wajibu hata 	0
/scratch/skscla001/experiments/datasets/swagen/audio/common_voice_sw_30378756.wav	hakuna timu iliyowahi kushinda ubingwa wa ujerumani 	0
/scratch/skscla001/experiments/datasets/swagen/audio/common_voice_sw_29787942.wav	kama serikali imedhamiria kuikomboa wilaya ya makete barabara ndio chanzo za maendeleo 	0
/scratch/skscla001/experiments/datasets/swagen/audio/common_voice_sw_37222970.wav	kaskazini na meksiko upande wa kusini marekani imeunganisha upana 	1
/scratch/skscla001/experiments/datasets/swagen/audio/common_voice_sw_36643650.wav	pengine hawapati nafasi ya kuielewa lugha lakini bado wana furaha 	0
/scratch/skscla001/experiments/datasets/swagen/audio/common_voice_sw_38306926.wav	wanajeshi wa marekani wasiozidi mia tano wameidhinishwa kuingia somalia kukabiliana na al shabaab 	0
/scratch/skscla001/experiments/datasets/swagen/audio/common_voice_sw_34958882.wav	elagabalus hakuwa tu mtu wa kufuga paka 	0
/scratch/skscla001/experiments/datasets/swagen/audio/common_voice_sw_30327172.wav	kwa majuma na miezi wakati unaweza kula matunda ya msituni 	0
/scratch/skscla001/experiments/datasets/swagen/audio/common_voice_sw_36384231.wav	polisi kadhaa wamepoteza maisha kwa kuuwawa na wanachama bokharam 	1
/scratch/skscla001/experiments/datasets/swagen/audio/common_voice_sw_30574785.wav	ni ukweli wa mambo ya kwamba jamii ya kabila la maasai 	0
/scratch/skscla001/experiments/datasets/swagen/audio/common_voice_sw_31283621.wav	wajumbe hao walitoka kila upande wa muungano 	0
/scratch/skscla001/experiments/datasets/swagen/audio/common_voice_sw_30495708.wav	mbuni aliyeishi miaka mingi alikufa akiwa na umri wa miaka sitini 	0
/scratch/skscla001/experiments/datasets/swagen/audio/common_voice_sw_34745977.wav	nilienda shule jana 	0
/scratch/skscla001/experiments/datasets/swagen/audio/common_voice_sw_35156069.wav	lakini historia itakayofundishwa katika nchi zilizoondoa ukoloni na vibaraka wake afrika itaandika historia yake 	0
/scratch/skscla001/experiments/datasets/swagen/audio/common_voice_sw_31270308.wav	aliyewaongoza wajerumani hans meyer na ludwig purtscheller 	0
/scratch/skscla001/experiments/datasets/swagen/audio/common_voice_sw_29752632.wav	hizi rangi za nyekundu kijani njano ni rangi za umoja wa afrika 	0
/scratch/skscla001/experiments/datasets/swagen/audio/common_voice_sw_29794566.wav	kuendelea kupunguza tozo na kodi mbalimbali 	0
/scratch/skscla001/experiments/datasets/swagen/audio/common_voice_sw_30342482.wav	asilimia sabini na tano ya wananchi wa mtwara ni wamakonde wakifuatiwa na wayao 	1
/scratch/skscla001/experiments/datasets/swagen/audio/common_voice_sw_30105791.wav	safari hizo zilihitaji idhini au ruhusa ya watawala wa eneo hilo 	0
/scratch/skscla001/experiments/datasets/swagen/audio/common_voice_sw_34823908.wav	kusababisha madhara makubwa ya kiafya lakini kivyovyote vile ni upungufu mkubwa 	0
/scratch/skscla001/experiments/datasets/swagen/audio/common_voice_sw_32211156.wav	nchu huu mara ningii kindrasi hupawa iye hachupawi isi 	1
/scratch/skscla001/experiments/datasets/swagen/audio/common_voice_sw_34944336.wav	mlima huu ni wa tano kwa urefu katika bara la afrika 	0
/scratch/skscla001/experiments/datasets/swagen/audio/common_voice_sw_29791607.wav	tanzania kwa mara ya kwanza imepata spika wa mbuge mwanamke mheshimiwa anna semamba makinda 	0
/scratch/skscla001/experiments/datasets/swagen/audio/common_voice_sw_30220049.wav	waziri mkuu wa sasa wa tanzania ni kassim majaliwa 	0
/scratch/skscla001/experiments/datasets/swagen/audio/common_voice_sw_30436172.wav	ondoa vichaka miamba uchafu kuni zilizotapakaa na chochote kinachoweza kuwa chakula cha panya 	0
/scratch/skscla001/experiments/datasets/swagen/audio/common_voice_sw_34598796.wav	viama vinavyo pingana kuunda serikali moja 	0
/scratch/skscla001/experiments/datasets/swagen/audio/common_voice_sw_30380722.wav	timu ya taifa ya ufaransa ilikuwa inaogopeka 	1
/scratch/skscla001/experiments/datasets/swagen/audio/common_voice_sw_36643703.wav	a nyingi chakula kikifika mwilini 	0
/scratch/skscla001/experiments/datasets/swagen/audio/common_voice_sw_30176411.wav	aliwahi kumwambia waziwazi aliyekuwa rais wa zimbabwe wakati huo 	0
/scratch/skscla001/experiments/datasets/swagen/audio/common_voice_sw_29925771.wav	wale vijana wenye nguvu walifanyishwa kazi ngumu 	0
/scratch/skscla001/experiments/datasets/swagen/audio/common_voice_sw_30003987.wav	msitu wa amazon unasaidia kupunguza kasi ya ongezeko la joto 	0
/scratch/skscla001/experiments/datasets/swagen/audio/common_voice_sw_29922474.wav	baba wa taifa alitaka serikali ihamie dodoma kabla hajafariki 	0
/scratch/skscla001/experiments/datasets/swagen/audio/common_voice_sw_30326665.wav	awamu ya kwanza ya raisi mkapa iliisha 	0
/scratch/skscla001/experiments/datasets/swagen/audio/common_voice_sw_30261269.wav	kaunda alikagua gwaride la jeshi mara tu baada ya zambia kupata uhuru 	0
/scratch/skscla001/experiments/datasets/swagen/audio/common_voice_sw_29791961.wav	meli hiyo ilizinduliwa na mwalimu nyerere 	0
/scratch/skscla001/experiments/datasets/swagen/audio/common_voice_sw_30369355.wav	yani kwa tanzania na msumbiji pia kwa upande wa malawi 	0
/scratch/skscla001/experiments/datasets/swagen/audio/common_voice_sw_35154773.wav	kati ya jumla ya maaskofu na mapadre zaidi 	0
/scratch/skscla001/experiments/datasets/swagen/audio/common_voice_sw_29618159.wav	kichwa ni kifupi na kwa umbo la tufe nusu 	1
/scratch/skscla001/experiments/datasets/swagen/audio/common_voice_sw_30017664.wav	ni muhimu kuongeza ujazo wa fedha katika mzunguko kiuchumi 	0
/scratch/skscla001/experiments/datasets/swagen/audio/common_voice_sw_30103868.wav	tanzania imebarikiwa mapango yenye historia nyingi na za kuvutia 	0
/scratch/skscla001/experiments/datasets/swagen/audio/common_voice_sw_35183326.wav	naa hata tunapokutana kwenye mafunction kwenye mikutano kwenye shughuli mbali mbali 	0
/scratch/skscla001/experiments/datasets/swagen/audio/common_voice_sw_28672945.wav	tungo tata ni tungo ambayo huwa na maana zaidi ya moja 	0
/scratch/skscla001/experiments/datasets/swagen/audio/common_voice_sw_37802319.wav	wanachama wengine hawakuonyesha utashi wa kuwa wenyeji 	0
/scratch/skscla001/experiments/datasets/swagen/audio/common_voice_sw_34977501.wav	ambayo inahakikisha kuna malisho ya kutosha 	0
/scratch/skscla001/experiments/datasets/swagen/audio/common_voice_sw_29558813.wav	akiwa chuo alijiunga na kikundi cha uigizaji 	0
/scratch/skscla001/experiments/datasets/swagen/audio/common_voice_sw_28662863.wav	kuna galaksi nyingi sana ulimwenguni 	0
/scratch/skscla001/experiments/datasets/swagen/audio/common_voice_sw_30052079.wav	umoja wa kisovyeti zilianzisha mahusiano ya kirafiki na serikali mpya ya zanzibar 	0
/scratch/skscla001/experiments/datasets/swagen/audio/common_voice_sw_35161028.wav	watumwa waliouzwa wakawawezesha kununua bunduki nyingi 	0
/scratch/skscla001/experiments/datasets/swagen/audio/common_voice_sw_34940149.wav	malengo ya kiutawala na vilevile wanateolojia walitumia siasa 	0
/scratch/skscla001/experiments/datasets/swagen/audio/common_voice_sw_30439624.wav	upande wa kaskazini wa mzingo wa kasoko ulipinduka 	0
/scratch/skscla001/experiments/datasets/swagen/audio/common_voice_sw_30325799.wav	msitu wa maji ardhini ambapo panapatikana aina mbalimbali ya mimea 	0
/scratch/skscla001/experiments/datasets/swagen/audio/common_voice_sw_35110396.wav	idd mubarak lakini na wasikilizaji pia tungependa 	0
/scratch/skscla001/experiments/datasets/swagen/audio/common_voice_sw_34942734.wav	kuweza kuleta matokeo katika kazi wanazopewa 	0
/scratch/skscla001/experiments/datasets/swagen/audio/common_voice_sw_29793701.wav	soka lilijikita kwenye ushindi zaidi kuliko burudani 	0
/scratch/skscla001/experiments/datasets/swagen/audio/common_voice_sw_29789912.wav	moja ya hifadhi yenye makundi makubwa na mengi ya tembo kuliko hifadhi nyingine tanzania 	0
/scratch/skscla001/experiments/datasets/swagen/audio/common_voice_sw_35099126.wav	ambao unaweza kusukuma lita sitini hadi sabini na tano za damu kwa muda wa 	0
/scratch/skscla001/experiments/datasets/swagen/audio/common_voice_sw_30628284.wav	hufikia mwendokasi wa kilometa hamsini na tano kwa saa 	0
/scratch/skscla001/experiments/datasets/swagen/audio/common_voice_sw_37223464.wav	mto huu una urefu wa kilometa za mrabamia nane 	0
/scratch/skscla001/experiments/datasets/swagen/audio/common_voice_sw_29323788.wav	ni maarufu kwa ngano zake 	1
/scratch/skscla001/experiments/datasets/swagen/audio/common_voice_sw_31272045.wav	watalii wanaotembelea burigi chato hupata nafasi ya kutembelea ziwa hilo 	0
/scratch/skscla001/experiments/datasets/swagen/audio/common_voice_sw_30099976.wav	katiba hii kwa ufupi ilikuwa ya chama kimoja kwa mfumo wa ujamaa 	0
/scratch/skscla001/experiments/datasets/swagen/audio/common_voice_sw_30192390.wav	kutokana na masimulizi inawezekana vifo vya watoto vilisababishwa na ugonjwa wa malaria 	0
/scratch/skscla001/experiments/datasets/swagen/audio/common_voice_sw_30114713.wav	pepo inayochukua zaidi ya kilometa za mraba elfu tatu 	1
/scratch/skscla001/experiments/datasets/swagen/audio/common_voice_sw_30653786.wav	baada ya miezi mitatu zanzibar iliungana na tanganyika iliyokuwa ikiongozwa na mwalimu nyerere 	0
/scratch/skscla001/experiments/datasets/swagen/audio/common_voice_sw_34828982.wav	kwa kuzingatia mabadiliko ya hali ya hewa 	0
/scratch/skscla001/experiments/datasets/swagen/audio/common_voice_sw_30717977.wav	lakini wahenga walisema kisicho riziki akiliki 	0
/scratch/skscla001/experiments/datasets/swagen/audio/common_voice_sw_30327027.wav	ndipo huyo mganga akamtunuku jina lake la mwigulu na ndivyo jina lilivyozaliwa 	0
/scratch/skscla001/experiments/datasets/swagen/audio/common_voice_sw_29611235.wav	kwa muda wa miezi minne nehemia aliomba kuhusu mambo hayo 	0
/scratch/skscla001/experiments/datasets/swagen/audio/common_voice_sw_34924486.wav	barghash wa zanzibar kwenye mwaka elfu moja mia nane sabini alipeleka wanamuziki wake 	0
/scratch/skscla001/experiments/datasets/swagen/audio/common_voice_sw_29811549.wav	zanzibari ina bunge na rais wake wakuleta maendeleo 	0
/scratch/skscla001/experiments/datasets/swagen/audio/common_voice_sw_30025178.wav	hatimae kuweka uongozi mikononi mwa waafrika ambao ndio wengi visiwani humo 	0
/scratch/skscla001/experiments/datasets/swagen/audio/common_voice_sw_29665101.wav	sehemu ya pili iko na nambari tatu 	0
/scratch/skscla001/experiments/datasets/swagen/audio/common_voice_sw_30659531.wav	mtoto hatuwezi kuacha kuzungumzia afya ya mama 	0
/scratch/skscla001/experiments/datasets/swagen/audio/common_voice_sw_30201946.wav	kuendelea na wadhifa huo wa waziri kiongozi 	1
/scratch/skscla001/experiments/datasets/swagen/audio/common_voice_sw_28682075.wav	aina ya pili ni mafuta yanapatikana katika kiini cha tunda 	1
/scratch/skscla001/experiments/datasets/swagen/audio/common_voice_sw_30123762.wav	sababu yake ilikuwa mashindano makali kati ya mataifa ya ulaya 	0
/scratch/skscla001/experiments/datasets/swagen/audio/common_voice_sw_36642873.wav	mjumbe kutoka kamati ya kutetea waandishi wa habari nchini misri mohamed abdel daima 	0
/scratch/skscla001/experiments/datasets/swagen/audio/common_voice_sw_30315385.wav	mfugale alibuni na kusimamia michoro katika kutelekeza mradi huu 	0
/scratch/skscla001/experiments/datasets/swagen/audio/common_voice_sw_30450951.wav	mara nyingi wakiajiriwa hubeba tena mizigo ya safari mpya 	1
/scratch/skscla001/experiments/datasets/swagen/audio/common_voice_sw_29795941.wav	idadi inayowakilisha asilimia kumi na sita ya wakazi wa nchi kwa ujumla 	1
/scratch/skscla001/experiments/datasets/swagen/audio/common_voice_sw_35155263.wav	yote yanawezekana 	0
/scratch/skscla001/experiments/datasets/swagen/audio/common_voice_sw_37084844.wav	aarifa ya habari na tunaanzia nchini urusi 	1
/scratch/skscla001/experiments/datasets/swagen/audio/common_voice_sw_29683362.wav	mara nyingi polisi wanajulikana kuathiriwa na ufisadi kwa kiasi tofauti tofauti 	0
/scratch/skscla001/experiments/datasets/swagen/audio/common_voice_sw_30005404.wav	ikiwa ni pamoja na sehemu zenye malighafi za kutosha 	0
/scratch/skscla001/experiments/datasets/swagen/audio/common_voice_sw_34842964.wav	kwa jumla maelezo ya kitaalamu ya vyombo vya habari ilikuwa hadi juzi 	0
/scratch/skscla001/experiments/datasets/swagen/audio/common_voice_sw_34748530.wav	na matatizo mengine yanayoonekana kutotatulika yanayozidi kuwa 	0
/scratch/skscla001/experiments/datasets/swagen/audio/common_voice_sw_30080282.wav	tatizo kubwa zaidi alilokumbana nalo ni dhoruba kali 	0
/scratch/skscla001/experiments/datasets/swagen/audio/common_voice_sw_30307738.wav	pia alishirikishwa kama atalaku kama mtu wa kutumbuiza 	0
/scratch/skscla001/experiments/datasets/swagen/audio/common_voice_sw_30628514.wav	dunia inazitaja sana timu tatu pekee 	0
/scratch/skscla001/experiments/datasets/swagen/audio/common_voice_sw_34924727.wav	mto hufuata mwendo wake kwa mtelemko 	0
/scratch/skscla001/experiments/datasets/swagen/audio/common_voice_sw_36640910.wav	halmashauri ya wilaya bariadi inapakana na wilaya ya busega kwa upande wa magharibi 	0
/scratch/skscla001/experiments/datasets/swagen/audio/common_voice_sw_37096591.wav	nafikiria ile hotuba ya mohamed gaddafi 	1
/scratch/skscla001/experiments/datasets/swagen/audio/common_voice_sw_30650344.wav	safari hii ambayo inaweza kuchukua kama saa nne 	1
/scratch/skscla001/experiments/datasets/swagen/audio/common_voice_sw_28718743.wav	hali ya hewa ni ya kitropiki isipokuwa kusini 	0
/scratch/skscla001/experiments/datasets/swagen/audio/common_voice_sw_30209931.wav	fainali za kombe la dunia zilimunufaisha lato 	1
/scratch/skscla001/experiments/datasets/swagen/audio/common_voice_sw_31445552.wav	mpaka hivi karibuni jamii hii ilikuwa haitilii maanani sana suala la elimu 	0
/scratch/skscla001/experiments/datasets/swagen/audio/common_voice_sw_31454740.wav	kwa ajili ya ukulima wa ngano na ufugaji wa kondoo 	1
/scratch/skscla001/experiments/datasets/swagen/audio/common_voice_sw_30016624.wav	italia ilijiunga na wafaransa na waingereza kwa kushambulia hungaria 	0
/scratch/skscla001/experiments/datasets/swagen/audio/common_voice_sw_29794140.wav	ukomeshaji wa biashara ya utumwa ni mchakato wa matukio yaliyopelekea usitishaji wa biashara hiyo 	0
/scratch/skscla001/experiments/datasets/swagen/audio/common_voice_sw_30653703.wav	ziwa eyasi lina upepo wa kasi kubwa takribani masaa ishirini na nne 	0
/scratch/skscla001/experiments/datasets/swagen/audio/common_voice_sw_30332523.wav	hivyo ni rahisi kutambua koo zao kulingana na miiko yao 	0
/scratch/skscla001/experiments/datasets/swagen/audio/common_voice_sw_37097404.wav	tukio hili linatafsiriwa kama ndilo lililochochea kuongezeka kwa uhasama 	0
/scratch/skscla001/experiments/datasets/swagen/audio/common_voice_sw_31285714.wav	wazanzibari watano walipewa uwaziri kamili katika baraza la mawaziri 	0
/scratch/skscla001/experiments/datasets/swagen/audio/common_voice_sw_29685388.wav	haina matumizi nje ya utafiti wa kisayansi kutokana maisha mafupi na uhaba 	0
/scratch/skscla001/experiments/datasets/swagen/audio/common_voice_sw_29980291.wav	hifadhi ya taifa kigosi inapatikana mikoa ya kigoma geita na tabora 	1
/scratch/skscla001/experiments/datasets/swagen/audio/common_voice_sw_34825993.wav	kubwa zinazohusika na mziki duniani 	0
/scratch/skscla001/experiments/datasets/swagen/audio/common_voice_sw_36732180.wav	mwaka ishirini na sita ndugu yake yohane mbatizaji aliacha maisha ya jangwani alikokulia 	0
/scratch/skscla001/experiments/datasets/swagen/audio/common_voice_sw_35105984.wav	kwani we uko na marafiki wangapi 	0
/scratch/skscla001/experiments/datasets/swagen/audio/common_voice_sw_28802772.wav	macho yako wazi kiasi kwa kuangalia chini lakini bila kutazama kitu 	0
/scratch/skscla001/experiments/datasets/swagen/audio/common_voice_sw_30709764.wav	safari rally zinazotambulika kuwa ngumu zaidi ulimwenguni 	0
/scratch/skscla001/experiments/datasets/swagen/audio/common_voice_sw_36373567.wav	aa hatujawahi kuzoea kuona 	1
/scratch/skscla001/experiments/datasets/swagen/audio/common_voice_sw_30568017.wav	mchezaji bora wa dunia mara tano cristiano ronaldo 	0
/scratch/skscla001/experiments/datasets/swagen/audio/common_voice_sw_30337923.wav	uwezo wa kutibu kwa ufanisi magonjwa ya wanadamu na mifugo kwa wanadamu magonjwa 	0
/scratch/skscla001/experiments/datasets/swagen/audio/common_voice_sw_34841257.wav	akaangalia huku na huko hakuona silaha ya haraka ya kuitumia 	0
/scratch/skscla001/experiments/datasets/swagen/audio/common_voice_sw_29790827.wav	kiongozi huyo alistaafu uraisi mwaka elfu moja mia tisa themanini na tano 	0
/scratch/skscla001/experiments/datasets/swagen/audio/common_voice_sw_30081129.wav	watafiti mbalimbali wa sokwe hufanya tafiti mbalimbali mahale 	0
/scratch/skscla001/experiments/datasets/swagen/audio/common_voice_sw_30495372.wav	ubora wa mbinu bila kikosi imara ni kazi bure 	0
/scratch/skscla001/experiments/datasets/swagen/audio/common_voice_sw_35410039.wav	iwe kivuli kinachosonda kidole ujio na kifo cha yesu ili ije iondolewe pale kristo 	0
/scratch/skscla001/experiments/datasets/swagen/audio/common_voice_sw_30177430.wav	walikuwa na homa ya pneumonia na saratani ya ngozi 	0
/scratch/skscla001/experiments/datasets/swagen/audio/common_voice_sw_30566615.wav	edward ngoyayi lowassa ni mwanasiasa nchini tanzania 	0
/scratch/skscla001/experiments/datasets/swagen/audio/common_voice_sw_28672908.wav	kwa kawaida mhusika ni mkristo lakini si lazima 	0
/scratch/skscla001/experiments/datasets/swagen/audio/common_voice_sw_29797254.wav	mtoto hatakuwa na namna ya kumuacha mama yake mlezi 	1
/scratch/skscla001/experiments/datasets/swagen/audio/common_voice_sw_36382566.wav	mama mjamzito mwenye dalili zote za malaria anapaswa kutibiwa 	1
/scratch/skscla001/experiments/datasets/swagen/audio/common_voice_sw_30357087.wav	vifo mia nne tisini na tatu vilitokana na virusi hivyo 	0
/scratch/skscla001/experiments/datasets/swagen/audio/common_voice_sw_31285546.wav	bayern inapiga pasi za kuvutia siku hizi 	0
/scratch/skscla001/experiments/datasets/swagen/audio/common_voice_sw_30574968.wav	vitabu vya luther viliendelea kuwa na athari kubwa na kati ya maandiko hayo mengi 	0
/scratch/skscla001/experiments/datasets/swagen/audio/common_voice_sw_34943543.wav	rais wa marekani tarehe ishirini mwezi wa kwanza mwaka elfu moja mia tisa tisini 	0
/scratch/skscla001/experiments/datasets/swagen/audio/common_voice_sw_37085096.wav	tiba ya ugonjwa wa kisukari inaendana na muda wa tatizo 	0
/scratch/skscla001/experiments/datasets/swagen/audio/common_voice_sw_34924867.wav	jimbo la kwahani ameliongoza kwa miaka kumi na tano 	0
/scratch/skscla001/experiments/datasets/swagen/audio/common_voice_sw_35176976.wav	na ambao walijua wengine ni wazao wa waturuki 	0
/scratch/skscla001/experiments/datasets/swagen/audio/common_voice_sw_34924536.wav	na mchango wa watangazaji na madj kama taji liundi na dj john dilinga 	0
/scratch/skscla001/experiments/datasets/swagen/audio/common_voice_sw_30091638.wav	makongati kalenga kipagala kihesa ibanagosi tipingi ikolofya nyambila kibebe na isanzala 	1
/scratch/skscla001/experiments/datasets/swagen/audio/common_voice_sw_37094900.wav	sawa sawa 	1
/scratch/skscla001/experiments/datasets/swagen/audio/common_voice_sw_30569192.wav	kwa sababu mungu ndiye aliyeweka mandhari ya 	0
/scratch/skscla001/experiments/datasets/swagen/audio/common_voice_sw_35105124.wav	ni tamasha kubwa zaidi duniani linalohusisha mziki wa kiafrika 	0
/scratch/skscla001/experiments/datasets/swagen/audio/common_voice_sw_35104481.wav	masafa ya redio ni biashara yenye faida sana 	0
/scratch/skscla001/experiments/datasets/swagen/audio/common_voice_sw_28661928.wav	ilikuwa hasa vita ndani ya vietnam kusini 	1
/scratch/skscla001/experiments/datasets/swagen/audio/common_voice_sw_30175794.wav	beckam alianza kuitumikia timu yake kimataifa mwaka elfu moja mia tisa tisini na sita 	0
/scratch/skscla001/experiments/datasets/swagen/audio/common_voice_sw_30478646.wav	wamasai hawazai pacha la hasha bali kiimani pacha ni mwiko 	1
/scratch/skscla001/experiments/datasets/swagen/audio/common_voice_sw_37101465.wav	atakuwa kama hajamchukua huyo mtoto atakuwa haya kuwa kabisa na 	0
/scratch/skscla001/experiments/datasets/swagen/audio/common_voice_sw_35106735.wav	na mwaka ellfu moja mia tisa sabini na mbili 	0
/scratch/skscla001/experiments/datasets/swagen/audio/common_voice_sw_30341572.wav	utalii wa utamaduni ukidumishwa makabila yanaweza kufaidika 	0
/scratch/skscla001/experiments/datasets/swagen/audio/common_voice_sw_30553156.wav	kivutio kikubwa cha hifadhi ya nyerer ni wanyama 	0
/scratch/skscla001/experiments/datasets/swagen/audio/common_voice_sw_30189268.wav	huku wakiendesha mipango yao ya kudai uhuru wa nchi zao 	0
/scratch/skscla001/experiments/datasets/swagen/audio/common_voice_sw_30074831.wav	haya yote ndio yatakayokamilisha safari ya matembezi hifadhini 	0
/scratch/skscla001/experiments/datasets/swagen/audio/common_voice_sw_30380955.wav	lugha tunazofanana sana kimsamiati ni lugha ambazo tumeziacha siku za karibuni sana 	1
/scratch/skscla001/experiments/datasets/swagen/audio/common_voice_sw_35104491.wav	alwi amesafiri kwenda dubai 	0
/scratch/skscla001/experiments/datasets/swagen/audio/common_voice_sw_31284676.wav	alishtuka sana kuona ukoo ule ukifanya tukio hilo la ajabu sana 	0
/scratch/skscla001/experiments/datasets/swagen/audio/common_voice_sw_30102165.wav	pep guardiola alidhalilika sana siku hiyo 	0
/scratch/skscla001/experiments/datasets/swagen/audio/common_voice_sw_30038106.wav	messi amecheza jumla ya mechi mia saba sitini na nane 	0
/scratch/skscla001/experiments/datasets/swagen/audio/common_voice_sw_31406078.wav	magufuli alikuwa rais wa tanzania katika awamu ya tano 	0
/scratch/skscla001/experiments/datasets/swagen/audio/common_voice_sw_30623995.wav	halmashauri ya jiji la dodoma imeendelea kushika nafasi ya kwanza katika maonesho ya nanenane 	0
/scratch/skscla001/experiments/datasets/swagen/audio/common_voice_sw_28666668.wav	ngozi ya tunda inaweza kuwa nene au nyembamba wakati mwingine huwa na ladha chungu 	0
/scratch/skscla001/experiments/datasets/swagen/audio/common_voice_sw_30224199.wav	kama vile ufaransa na canada bila kuisahau uingereza na ujerumani 	0
/scratch/skscla001/experiments/datasets/swagen/audio/common_voice_sw_29939253.wav	sayyid said aliona nafasi kubwa ya biashara ya karafuu 	0
/scratch/skscla001/experiments/datasets/swagen/audio/common_voice_sw_30640489.wav	watu wote wanaotumia dawa za kufubaza kinga ya mwili 	0
/scratch/skscla001/experiments/datasets/swagen/audio/common_voice_sw_37096132.wav	wapenzi wa jinsia moja wapigwa picha nchini kenya 	0
/scratch/skscla001/experiments/datasets/swagen/audio/common_voice_sw_30640492.wav	jambo linalowafanya wakazi hao kupata kitoweo na fedha za kujikimu 	0
/scratch/skscla001/experiments/datasets/swagen/audio/common_voice_sw_30313758.wav	imekuwa pia ni vyanzo vya maji kwa mataifa mengi kama vile misri 	0
/scratch/skscla001/experiments/datasets/swagen/audio/common_voice_sw_29815915.wav	ndani ya wilaya hiyo asilimia kubwa ya watu wanaoishi humo ni wapare 	1
/scratch/skscla001/experiments/datasets/swagen/audio/common_voice_sw_34597390.wav	watu wana uhakika kuhusu sauti zinazorekodiwa 	0
/scratch/skscla001/experiments/datasets/swagen/audio/common_voice_sw_30329142.wav	hata hivyo wapare nao wana utani wao kwa wachaga 	0
/scratch/skscla001/experiments/datasets/swagen/audio/common_voice_sw_29793296.wav	kwa hiyo chimbuko la wanyakyusa ni pande mbili 	0
/scratch/skscla001/experiments/datasets/swagen/audio/common_voice_sw_35104284.wav	mtandao wa watu wanaoishi na virusi vya ukimwi duniani 	0
/scratch/skscla001/experiments/datasets/swagen/audio/common_voice_sw_30124150.wav	kutokana na kazi zake mfugale amepokea tuzo mbalimbai za mafanikio katika fani ya uhandisi 	0
/scratch/skscla001/experiments/datasets/swagen/audio/common_voice_sw_30567820.wav	waluguru wana mtala na ukoo kwa imani zao 	0
/scratch/skscla001/experiments/datasets/swagen/audio/common_voice_sw_30175963.wav	alikuwa mbunge wa jimbo la ruangwa tangu mwaka elfu mbili na kumi 	0
/scratch/skscla001/experiments/datasets/swagen/audio/common_voice_sw_31304347.wav	alikuwa anashirikiana na viongozi wake kwa amani na upendo 	1
/scratch/skscla001/experiments/datasets/swagen/audio/common_voice_sw_30572951.wav	tembo hapendi kusikia kelele za aina yoyote 	0
/scratch/skscla001/experiments/datasets/swagen/audio/common_voice_sw_35106131.wav	yesu kwa kumweka nje ya mazingira ya kiyahudi dini hizo mbili zilitengana 	0
/scratch/skscla001/experiments/datasets/swagen/audio/common_voice_sw_30435124.wav	fainali za mataifa ya afrika zinatarajiwa kupigwa mwaka ujao 	0
/scratch/skscla001/experiments/datasets/swagen/audio/common_voice_sw_29662594.wav	aliishi sana na binamu yake utotoni mwake kwa sababu mama yake alisafiri kila wakati 	0
/scratch/skscla001/experiments/datasets/swagen/audio/common_voice_sw_29788792.wav	kifua kikuu kinaweza kuambukiza sehemu yoyote ya mwili 	0
/scratch/skscla001/experiments/datasets/swagen/audio/common_voice_sw_30591040.wav	huduma za kijamii kama vile hospitali na elimu 	0
/scratch/skscla001/experiments/datasets/swagen/audio/common_voice_sw_28927267.wav	ni kati ya nchi za dunia zenye historia ndefu inayojulikana 	0
/scratch/skscla001/experiments/datasets/swagen/audio/common_voice_sw_29787628.wav	yapo madai kuwa ilikuwa imebeba zaidi ya abiria elfu moja mia mbili 	1
/scratch/skscla001/experiments/datasets/swagen/audio/common_voice_sw_29791980.wav	reli ya tazara inapita katika ya hifadhi ya kitulo 	0
/scratch/skscla001/experiments/datasets/swagen/audio/common_voice_sw_30028589.wav	amin alijibu kwa kubomoa miji ya tanzania na kusafisha jeshi la akoli 	0
/scratch/skscla001/experiments/datasets/swagen/audio/common_voice_sw_30364488.wav	wakaingiza kilimo ufugaji na uzalishaji kwa jumla 	0
/scratch/skscla001/experiments/datasets/swagen/audio/common_voice_sw_35214151.wav	mjerumani heinrich hertz alitagundua mawimbi ya sumakuumeme 	0
/scratch/skscla001/experiments/datasets/swagen/audio/common_voice_sw_34812502.wav	walimu wamefika 	0
/scratch/skscla001/experiments/datasets/swagen/audio/common_voice_sw_36732179.wav	kwa upande wake kiongozi wa chama cha wanahabari nchini burundi ibichi alexander niyubiko 	0
/scratch/skscla001/experiments/datasets/swagen/audio/common_voice_sw_34743443.wav	ambayo ni mali ghafi muhimu kwa mahitaji mengine ya mwanadamu 	0
/scratch/skscla001/experiments/datasets/swagen/audio/common_voice_sw_28874976.wav	ingawa hatari ya kuambukizwa kupitia ngono ya mdomoni iko chini bado ipo 	0
/scratch/skscla001/experiments/datasets/swagen/audio/common_voice_sw_36386408.wav	aliendelea kuendesha akifuatilia mahali ulipotokea ule mkito wa muziki 	1
/scratch/skscla001/experiments/datasets/swagen/audio/common_voice_sw_35183287.wav	mara nyingi watu wanaochaguliwa kwenye kazi hizi ni watu ambao watu wanao fahamu 	0
/scratch/skscla001/experiments/datasets/swagen/audio/common_voice_sw_30653490.wav	kamati hii inawajumuisha gavana wa benki kama mwenyekiti 	0
/scratch/skscla001/experiments/datasets/swagen/audio/common_voice_sw_30375138.wav	kumshukru mungu kwa magumu uliyoyapitia na kukumbuka yale 	0
/scratch/skscla001/experiments/datasets/swagen/audio/common_voice_sw_34598219.wav	titanic ilizinduliwa baada ya kukamilika kuundwa 	0
/scratch/skscla001/experiments/datasets/swagen/audio/common_voice_sw_29936411.wav	pep na jose mourinho wote ni washindani 	1
/scratch/skscla001/experiments/datasets/swagen/audio/common_voice_sw_30581614.wav	kalambo mto wa pili barani afrika kwa kuwa na maporomoko marefu 	0
/scratch/skscla001/experiments/datasets/swagen/audio/common_voice_sw_30355412.wav	kutoka daressalaam mpaka kahama mkoani shinyanga 	0
/scratch/skscla001/experiments/datasets/swagen/audio/common_voice_sw_30299581.wav	licha ya kuiingizia nchi mapato makubwa pia ni maeneo yenye fursa kubwa 	0
/scratch/skscla001/experiments/datasets/swagen/audio/common_voice_sw_35181838.wav	katika karne ya kumi na moja waturuki wa seljuk 	0
/scratch/skscla001/experiments/datasets/swagen/audio/common_voice_sw_35146214.wav	ya makabila ya uarabuni mwa kati akaweza kuvamia na kutawala 	0
/scratch/skscla001/experiments/datasets/swagen/audio/common_voice_sw_29962873.wav	twiga wa kundi moja hawachangamani na twiga wa kundi lingine 	0
/scratch/skscla001/experiments/datasets/swagen/audio/common_voice_sw_30005215.wav	umoja ni nguvu utengano ni udhaifu 	0
/scratch/skscla001/experiments/datasets/swagen/audio/common_voice_sw_30021464.wav	hii ni kwasababu ya mchango wake mkubwa wakati wa harakati za kupigania uhuru 	0
/scratch/skscla001/experiments/datasets/swagen/audio/common_voice_sw_36375095.wav	hatimaye wameanza kuhudumiwa kwa matibabu yasiyo na malipo 	1
/scratch/skscla001/experiments/datasets/swagen/audio/common_voice_sw_29936617.wav	zipo barabara za mwanga hadi ugweno na usangi 	0
/scratch/skscla001/experiments/datasets/swagen/audio/common_voice_sw_30436690.wav	simba huwindwa wanapowaua mifugo yao hwauwa pia 	0
/scratch/skscla001/experiments/datasets/swagen/audio/common_voice_sw_34598137.wav	katika mwezi wa pili mwaka elfu moja mia nane tisini na moja 	0
/scratch/skscla001/experiments/datasets/swagen/audio/common_voice_sw_30640488.wav	antoine grizman alitimiza kazi yake aliyotumwa 	0
/scratch/skscla001/experiments/datasets/swagen/audio/common_voice_sw_29936859.wav	anasema chini ya majengo mengi kuna njia za mahandaki zilizotengenezwa kwa ajili ya ulinzi 	1
/scratch/skscla001/experiments/datasets/swagen/audio/common_voice_sw_36252049.wav	kuwa wao wanaweza apana kutetea nchi yao pamoja na maisha ya watu wengine ambao 	0
/scratch/skscla001/experiments/datasets/swagen/audio/common_voice_sw_28792961.wav	wana rangi ya mchanga na madoa meusi au kahawia 	0
/scratch/skscla001/experiments/datasets/swagen/audio/common_voice_sw_29796985.wav	blob anawezo kuwasiliana na binadamu kwa vitendo 	0
/scratch/skscla001/experiments/datasets/swagen/audio/common_voice_sw_29668192.wav	kila somo dogo lina wataalamu wake 	0
/scratch/skscla001/experiments/datasets/swagen/audio/common_voice_sw_35123681.wav	nataka ujue kitu moja mimi si mtoto tena 	0
/scratch/skscla001/experiments/datasets/swagen/audio/common_voice_sw_30034722.wav	alizikwa mahali pa kuzaliwa kwake kijiji cha butiama 	0
/scratch/skscla001/experiments/datasets/swagen/audio/common_voice_sw_30337897.wav	wapare pia wanaishi katika wilaya ya lushoto na sehemu za bumbuli na mavumo 	0
/scratch/skscla001/experiments/datasets/swagen/audio/common_voice_sw_30110189.wav	tanzania ilianzisha ujamaa katika kuleta maendeleo 	0
/scratch/skscla001/experiments/datasets/swagen/audio/common_voice_sw_35161004.wav	kwa kilatini kinaitwa de trinitate alikiandika kilichukua muda mrefu kwa 	0
/scratch/skscla001/experiments/datasets/swagen/audio/common_voice_sw_35774660.wav	mmoja hadi madai yao ya kupunguza kodi 	0
/scratch/skscla001/experiments/datasets/swagen/audio/common_voice_sw_30515274.wav	japokuwa waliweka wazi kuwa chuo akina uwezo wa kunipatia vifaa vya kujisomea 	1
/scratch/skscla001/experiments/datasets/swagen/audio/common_voice_sw_30354766.wav	mchango wake wa kihistoria katika mapambano ya kusaka uhuru wa taifa 	0
/scratch/skscla001/experiments/datasets/swagen/audio/common_voice_sw_29798081.wav	pia wapo wanyama kama simba na nyati 	0
/scratch/skscla001/experiments/datasets/swagen/audio/common_voice_sw_30129516.wav	hata hivyo mercury alikuwa ametambuliwa kuwa na ugonjwa huo 	0
/scratch/skscla001/experiments/datasets/swagen/audio/common_voice_sw_29924906.wav	makinda amesema hayo jana jijini dodoma katika kongamano 	0
/scratch/skscla001/experiments/datasets/swagen/audio/common_voice_sw_36382270.wav	mwaka elfu mbili mpaka mwaka elfu mbili na tano 	1
/scratch/skscla001/experiments/datasets/swagen/audio/common_voice_sw_29925229.wav	mke wake aliitwa mwene wakulosi ambaye walijaliwa kupata watoto watatu 	0
/scratch/skscla001/experiments/datasets/swagen/audio/common_voice_sw_28583617.wav	baba yake alikua mwanasiasa 	0
/scratch/skscla001/experiments/datasets/swagen/audio/common_voice_sw_31285763.wav	nyangumi aliyekamatwa mara ya mwisho alikuwa na urefu wa mita thelathini 	0
/scratch/skscla001/experiments/datasets/swagen/audio/common_voice_sw_30142556.wav	kila sehemu unayopita utakutana na mto unaotiririsha maji 	0
/scratch/skscla001/experiments/datasets/swagen/audio/common_voice_sw_35250508.wav	msaada kwa sababu za mazingira hata tulishangazwa 	0
/scratch/skscla001/experiments/datasets/swagen/audio/common_voice_sw_30227489.wav	baraza la mapinduzi liliketi mwaka huo huo 	0
/scratch/skscla001/experiments/datasets/swagen/audio/common_voice_sw_29942634.wav	alama ya pembe za ndovu ikiwakilisha utalii wetu tulio nao 	1
/scratch/skscla001/experiments/datasets/swagen/audio/common_voice_sw_32091091.wav	nkipacha senthi thanunuva mabita niyee 	1
/scratch/skscla001/experiments/datasets/swagen/audio/common_voice_sw_35284645.wav	tumia vifaa vya kujikinga kama kufunika mdoma na pua unaposhughulikia kuku 	0
/scratch/skscla001/experiments/datasets/swagen/audio/common_voice_sw_30638477.wav	japo ukifika tabora wilaya ya sikonge na urambo hasa yenye wanyamwezi 	1
/scratch/skscla001/experiments/datasets/swagen/audio/common_voice_sw_28874300.wav	alikuwa mtangazaji wa habari na michezo haswa soka 	0
/scratch/skscla001/experiments/datasets/swagen/audio/common_voice_sw_37223162.wav	alichukua nafasi ya john mongella ambaye amehamishiwa simiyu 	0
/scratch/skscla001/experiments/datasets/swagen/audio/common_voice_sw_34743326.wav	samwel aliingia kwenye mashua ya kuokoa 	0
/scratch/skscla001/experiments/datasets/swagen/audio/common_voice_sw_30037930.wav	tunza vyakula katika hali ya joto na kuvifunika 	0
/scratch/skscla001/experiments/datasets/swagen/audio/common_voice_sw_31823748.wav	baada ya mpira kumshinda ulaya akatimkia china 	0
/scratch/skscla001/experiments/datasets/swagen/audio/common_voice_sw_29797031.wav	edward ngoyai lowass ni mbunge wa bunge la tanzania jimbo la uchaguzi monduli 	0
/scratch/skscla001/experiments/datasets/swagen/audio/common_voice_sw_29924402.wav	muda wa mtihani ulifika na kila mwanafunzi alielekea kwenye chumba chake cha mtihani 	0
/scratch/skscla001/experiments/datasets/swagen/audio/common_voice_sw_28757673.wav	pia ni sehemu nzuri kwa kufanya biashara 	0
/scratch/skscla001/experiments/datasets/swagen/audio/common_voice_sw_31285402.wav	ya watu wa china na rais wa baraza la tanzania 	0
/scratch/skscla001/experiments/datasets/swagen/audio/common_voice_sw_30196718.wav	nchi nyingi za afrika zilijenga uhusiano na tanzania 	0
/scratch/skscla001/experiments/datasets/swagen/audio/common_voice_sw_30053595.wav	virusi hivi vinafana na vile vinavyoleta mafua ya kawaida 	0
/scratch/skscla001/experiments/datasets/swagen/audio/common_voice_sw_31284769.wav	sasa kila kitu kipo wazi mapenzi yamekuwa kama kamali 	0
/scratch/skscla001/experiments/datasets/swagen/audio/common_voice_sw_29797999.wav	reunion wakakaa unguja tangu tarehe kumi na mbili 	0
/scratch/skscla001/experiments/datasets/swagen/audio/common_voice_sw_28950307.wav	ni lugha rasmi mojawapo ya nchi ya nigeria 	0
/scratch/skscla001/experiments/datasets/swagen/audio/common_voice_sw_29799384.wav	hayati julius nyerere alitangaza vita dhidi ya uganda 	0
/scratch/skscla001/experiments/datasets/swagen/audio/common_voice_sw_31446931.wav	hata hivyo ongezeko la hali joto litazidi 	0
/scratch/skscla001/experiments/datasets/swagen/audio/common_voice_sw_35103652.wav	alipofikisha umri wa kwenda shule seif aliandikishwa katika shule ya uondwe 	0
/scratch/skscla001/experiments/datasets/swagen/audio/common_voice_sw_28809172.wav	kinaweza kulenga wadudu wenyewe mayai au lava 	0
/scratch/skscla001/experiments/datasets/swagen/audio/common_voice_sw_29961523.wav	alipendwa na kukaribishwa na mwamududa kuishi kwake lakini akaanzisha mapenzi ya siri 	0
/scratch/skscla001/experiments/datasets/swagen/audio/common_voice_sw_30073819.wav	aliweza kuelewana na nchi za ujamaa na aliweza kuajiri watu kutoka urusi na china 	0
/scratch/skscla001/experiments/datasets/swagen/audio/common_voice_sw_31285901.wav	watu wengi walisema messi kuondoka barcelona ni ndoto 	0
/scratch/skscla001/experiments/datasets/swagen/audio/common_voice_sw_35106092.wav	kiswahili nchini kenya licha ya kuwepo kwa 	0
/scratch/skscla001/experiments/datasets/swagen/audio/common_voice_sw_28663223.wav	alikuwa mchungaji bora wa kundi lake 	1
/scratch/skscla001/experiments/datasets/swagen/audio/common_voice_sw_29191678.wav	uso wao ni mweusi 	0
/scratch/skscla001/experiments/datasets/swagen/audio/common_voice_sw_37223159.wav	yenyewe bila kupandwa na binadamu na pia 	0
/scratch/skscla001/experiments/datasets/swagen/audio/common_voice_sw_37100214.wav	mamlaka zake pamoja na maoni mbalimbali ya wadau juu ya ukuzaji wa sekta hii 	0
/scratch/skscla001/experiments/datasets/swagen/audio/common_voice_sw_34946640.wav	kiislamu kuwepo kwa kabila shupavu lenye kuamini 	0
/scratch/skscla001/experiments/datasets/swagen/audio/common_voice_sw_34946576.wav	jirani ingawa kagame anakanushahuyu ndiye muammar gaddafi aliyeiongoza libya kwa miongo minne bila 	0
/scratch/skscla001/experiments/datasets/swagen/audio/common_voice_sw_30075021.wav	pia mambo kama vile maji safi na hewa huhitajika katika afya ya mwanadam 	0
/scratch/skscla001/experiments/datasets/swagen/audio/common_voice_sw_31322800.wav	katika harakati za kuendelea kupata maarifa 	1
/scratch/skscla001/experiments/datasets/swagen/audio/common_voice_sw_30176728.wav	jina hilo lilibadilishwa na kuwa kagera 	0
/scratch/skscla001/experiments/datasets/swagen/audio/common_voice_sw_30143347.wav	jina ambalo wekundu wa msimbazi wanalikumbuka sana 	0
/scratch/skscla001/experiments/datasets/swagen/audio/common_voice_sw_30034495.wav	ambayo imepokea fedha za kigeni shirika la utalii 	0
/scratch/skscla001/experiments/datasets/swagen/audio/common_voice_sw_29789818.wav	zote zipo kwenye maeneo ambapo ushaidi wa mababu wa kwanza kwa binadamu upo 	0
/scratch/skscla001/experiments/datasets/swagen/audio/common_voice_sw_31266484.wav	mtwara mikindani ni jina ambalo lina muunganiko wa maneno mawili 	0
/scratch/skscla001/experiments/datasets/swagen/audio/common_voice_sw_29798565.wav	ngorongoro inayotembelewa na watalii wengi zaidi kwa mwaka 	0
/scratch/skscla001/experiments/datasets/swagen/audio/common_voice_sw_36251216.wav	wanigeria wengi kuwa magaidi walianza kutwaa mamlaka juu ya 	0
/scratch/skscla001/experiments/datasets/swagen/audio/common_voice_sw_30176679.wav	ni ngumu kama sio haiwezekani kabisa 	0
/scratch/skscla001/experiments/datasets/swagen/audio/common_voice_sw_30653751.wav	majengo yakiitwa yenye usanifu mchanganyiko ambayo ni mgahawa wa kiarabu 	0
/scratch/skscla001/experiments/datasets/swagen/audio/common_voice_sw_28583177.wav	iko kaskazini mashariki mwa nchi 	1
/scratch/skscla001/experiments/datasets/swagen/audio/common_voice_sw_30204501.wav	mwanzoni sikukuu hii ya nane nane iliitwa saba saba 	1
/scratch/skscla001/experiments/datasets/swagen/audio/common_voice_sw_31261912.wav	kutoka dar es salaam mpaka mpanda mkoa ni rukwa magharibi mwa tanzania 	0
/scratch/skscla001/experiments/datasets/swagen/audio/common_voice_sw_37212056.wav	viongozi wa soka afrika mashariki na kati kuhakikisha kwamba wachezaji wanajua 	0
/scratch/skscla001/experiments/datasets/swagen/audio/common_voice_sw_30205292.wav	mwaka huu mwezi wa tano alishinda kombe la ulaya 	0
/scratch/skscla001/experiments/datasets/swagen/audio/common_voice_sw_29938383.wav	wakatoliki japo ni wachache wanapatikana zaidi katika maeneo ya kilomeni na kisangara juu 	0
/scratch/skscla001/experiments/datasets/swagen/audio/common_voice_sw_34755892.wav	hali ambayo inatajwa na mkurugenzi wa wizara ya afya 	0
/scratch/skscla001/experiments/datasets/swagen/audio/common_voice_sw_35198801.wav	rais samia amesema kanisa hilo lina mchango mkubwa katika utoaji wa huduma za jamii 	0
/scratch/skscla001/experiments/datasets/swagen/audio/common_voice_sw_30709795.wav	walikuwa viongozi waliokwenda kama wajumbe wa biashara ya ngombe 	0
/scratch/skscla001/experiments/datasets/swagen/audio/common_voice_sw_28662855.wav	mbali na kuigiza yeye pia ni mtayarishaji mwanamitindo na mtu wa runinga 	0
/scratch/skscla001/experiments/datasets/swagen/audio/common_voice_sw_29790778.wav	maskini walikuwa wana hali mabaya kiuchumi 	0
/scratch/skscla001/experiments/datasets/swagen/audio/common_voice_sw_29923168.wav	tamaduni hizi za imani za kimaasai huhusisha ibada za umri 	0
/scratch/skscla001/experiments/datasets/swagen/audio/common_voice_sw_30023300.wav	meli hiyo ilikuwa ikitokea katika bandari ya bukoba kuelekea mwanza 	0
/scratch/skscla001/experiments/datasets/swagen/audio/common_voice_sw_31406011.wav	utawala wa sultan wa zanzibar na oman ulitengana baada ya kifo cha seyyid 	0
/scratch/skscla001/experiments/datasets/swagen/audio/common_voice_sw_30351703.wav	kumtorosha inti wa kikurya ilikuwa ni kosa kubwa sana na unakuwa umekosea ukoo mzima 	0
/scratch/skscla001/experiments/datasets/swagen/audio/common_voice_sw_29793672.wav	mlo sahihi na kamili pamoja na mazoezi ya viungo 	0
/scratch/skscla001/experiments/datasets/swagen/audio/common_voice_sw_34763052.wav	alikuwa mtemi na kiongozi mkuu wa kabila la wahehe nchini tanzania 	0
/scratch/skscla001/experiments/datasets/swagen/audio/common_voice_sw_30051519.wav	shughuli kubwa ya wachagga ni biashara kilimo na kazi za ofisini 	0
/scratch/skscla001/experiments/datasets/swagen/audio/common_voice_sw_30671877.wav	kiligundulika muda mrefu sana na wanakijiji wa eneo hilo 	1
/scratch/skscla001/experiments/datasets/swagen/audio/common_voice_sw_35106076.wav	kuhusu mambo yaliyotendeka mwaka wa elfu mbili na saba 	0
/scratch/skscla001/experiments/datasets/swagen/audio/common_voice_sw_34958448.wav	ni sloth tatu toed bradypus tridactylus ambayo 	0
/scratch/skscla001/experiments/datasets/swagen/audio/common_voice_sw_37089552.wav	linajumuisha nguzo za chuma milango yenye marembo 	0
/scratch/skscla001/experiments/datasets/swagen/audio/common_voice_sw_36364088.wav	tunazaidi ya wairaki elfu moja mia mbili 	0
/scratch/skscla001/experiments/datasets/swagen/audio/common_voice_sw_28877915.wav	huo ulikuwa mwanzo wa vita ya wenyewe kwa wenyewe 	1
/scratch/skscla001/experiments/datasets/swagen/audio/common_voice_sw_29939251.wav	makao makuu ya mkoa yapo katika mji wa bukoba u 	0
/scratch/skscla001/experiments/datasets/swagen/audio/common_voice_sw_30397774.wav	wangapi kati ya watawala maalum wa kiafrika ambao tayari tumekuwa nao 	0
/scratch/skscla001/experiments/datasets/swagen/audio/common_voice_sw_29787593.wav	bagamoyo makumbusho pamoja na nyumba za ibada kama vile makanisa na misikiti 	1
/scratch/skscla001/experiments/datasets/swagen/audio/common_voice_sw_35183649.wav	jacob akajua kuwa ni ile risasi alopigwa mkononi 	0
/scratch/skscla001/experiments/datasets/swagen/audio/common_voice_sw_30177781.wav	mkwawa mwenyewe aliamua kukimbia pamoja na askari elfu mbili 	0
/scratch/skscla001/experiments/datasets/swagen/audio/common_voice_sw_30072346.wav	wapare ni kabila kutoka milima ya pare 	0
/scratch/skscla001/experiments/datasets/swagen/audio/common_voice_sw_30658645.wav	michuano ya kombe la dunia ya ilifanyika nchini romania 	0
/scratch/skscla001/experiments/datasets/swagen/audio/common_voice_sw_30173758.wav	hapa alienda kuzunguka mitaani na kusikiliza wahubiri wa barabarani 	0
/scratch/skscla001/experiments/datasets/swagen/audio/common_voice_sw_35176596.wav	aa ya michezo kwanzia soka na michezo mingineyo 	0
/scratch/skscla001/experiments/datasets/swagen/audio/common_voice_sw_35099359.wav	sasa ifahamu historia ya wamasai kutoka israel hadi afrika mashariki 	0
/scratch/skscla001/experiments/datasets/swagen/audio/common_voice_sw_35437885.wav	kukatokea na mashambulizi ya mwi kabla 	0
/scratch/skscla001/experiments/datasets/swagen/audio/common_voice_sw_36644621.wav	baada ya hapo wao huingia chumbani kwao kwa mtanange mujarab kabisa 	0
/scratch/skscla001/experiments/datasets/swagen/audio/common_voice_sw_34980730.wav	ili kutoa msukumo zaidi kwa korea kaskazini 	0
/scratch/skscla001/experiments/datasets/swagen/audio/common_voice_sw_30658802.wav	upande wa biashara tanzania ilisitisha kuagiza bidhaa kutoka kenya 	0
/scratch/skscla001/experiments/datasets/swagen/audio/common_voice_sw_30581089.wav	hali hii imepelekea kuwepo wasanii wengi maarufu wa maigizo na nyimbo 	0
/scratch/skscla001/experiments/datasets/swagen/audio/common_voice_sw_34958947.wav	kama kawaida tunge tunge enda kwa tungeenda mahakamani 	0
/scratch/skscla001/experiments/datasets/swagen/audio/common_voice_sw_35104688.wav	kuzalisha madini ya urenia 	0
/scratch/skscla001/experiments/datasets/swagen/audio/common_voice_sw_35180663.wav	maim seif aliwani nafasi ya urais wa zanzibar kwa tiketi ya chama cha wananchi 	0
/scratch/skscla001/experiments/datasets/swagen/audio/common_voice_sw_31371165.wav	idi amin alikimbia tena safari hii alitumia mwanya aliopewa na muammar gaddafi 	1
/scratch/skscla001/experiments/datasets/swagen/audio/common_voice_sw_34942575.wav	dishi wa habari yaani kamwe hawatujali 	0
/scratch/skscla001/experiments/datasets/swagen/audio/common_voice_sw_31787544.wav	kuna viwanja vya ndege kadhaa katika mbuga hii 	0
/scratch/skscla001/experiments/datasets/swagen/audio/common_voice_sw_30495139.wav	hatujawahi kubaguana kwa udini kabila wala rangi tulizonazo 	0
/scratch/skscla001/experiments/datasets/swagen/audio/common_voice_sw_35104576.wav	yesu aliwaambia hivi msidhani ya kuwa nalikuja kuitangua torati au manabii sikuja kutangua bali 	0
/scratch/skscla001/experiments/datasets/swagen/audio/common_voice_sw_37331939.wav	na nzi wa kuuma waliopo 	0
/scratch/skscla001/experiments/datasets/swagen/audio/common_voice_sw_29328969.wav	katika fani ya programu za kompyuta ni kawaida kuongea juu ya lugha ya kompyuta 	1
/scratch/skscla001/experiments/datasets/swagen/audio/common_voice_sw_37100241.wav	na vilima dhidi ya luxemburg na milima ya eifel dhidi ya ubelgiji 	1
/scratch/skscla001/experiments/datasets/swagen/audio/common_voice_sw_29818070.wav	wengine walipewa majina kulingana na lugha yao au matamshi yao 	0
/scratch/skscla001/experiments/datasets/swagen/audio/common_voice_sw_30196021.wav	kuvimba katika eneo la mfereji wa haja kubwa 	0
/scratch/skscla001/experiments/datasets/swagen/audio/common_voice_sw_30371527.wav	wakati italia inafikisha mataji matatu ya kombe la dunia brazil ilikuwa na mawili 	0
/scratch/skscla001/experiments/datasets/swagen/audio/common_voice_sw_28704588.wav	aliwahi kucheza timu ya taifa ya uswisi 	0
/scratch/skscla001/experiments/datasets/swagen/audio/common_voice_sw_29797588.wav	kupelekea kuenea kwa dini ya kiislamu 	0
/scratch/skscla001/experiments/datasets/swagen/audio/common_voice_sw_28903435.wav	kiasili albamu ilitolewa nchini marekani mnamo tarehe moja mwezi wa pili 	0
/scratch/skscla001/experiments/datasets/swagen/audio/common_voice_sw_29790682.wav	alipata mafunzo mbalimbali katika taasisi ya chuo cha utawala wa umma lahore pakistani 	0
/scratch/skscla001/experiments/datasets/swagen/audio/common_voice_sw_34763262.wav	kwa takriban watu kumi na wawili wamepoteza maisha katika ghasia hizo 	1
/scratch/skscla001/experiments/datasets/swagen/audio/common_voice_sw_35181795.wav	ili iweze kuvunja kutawakati wa giza kwenye asubuhi wa tarehre thelathini mwezi wa 	0
/scratch/skscla001/experiments/datasets/swagen/audio/common_voice_sw_29793646.wav	vyakula vya asili ni magimbi na matuwi pia mahindi pamoja na mihogo 	0
/scratch/skscla001/experiments/datasets/swagen/audio/common_voice_sw_30572768.wav	kufika moshi ni rahisi sana kwa kuwa uwanja mkubwa wa ndege upo hapo 	0
/scratch/skscla001/experiments/datasets/swagen/audio/common_voice_sw_34840188.wav	hali kadhalika wawakilishi kutoka nchi mbalimbali 	0
/scratch/skscla001/experiments/datasets/swagen/audio/common_voice_sw_29848004.wav	kitulo na udzungwa ada yake kwa mtu wa 	0
/scratch/skscla001/experiments/datasets/swagen/audio/common_voice_sw_36615459.wav	tayari waokoaji wameanza kuchimba mashimo maalumu ili kuweza kuwafikishia wachimba migodi hao 	0
/scratch/skscla001/experiments/datasets/swagen/audio/common_voice_sw_37097050.wav	anasema mashauri hayo hayajamfanya awe tajirimimi si tajiri ni mtu wa kawaida kazi 	0
/scratch/skscla001/experiments/datasets/swagen/audio/common_voice_sw_30585116.wav	syria na demokrasia ya kongo ni miongoni mwa nchi zenye idadi kubwa 	0
/scratch/skscla001/experiments/datasets/swagen/audio/common_voice_sw_30177135.wav	hawamiliki mali yeyote binafsi na wanawajibika kutumia pamoja 	0
/scratch/skscla001/experiments/datasets/swagen/audio/common_voice_sw_29797785.wav	vipepeo hao wanapatikana zanzibar peke yake 	0
/scratch/skscla001/experiments/datasets/swagen/audio/common_voice_sw_30623772.wav	wa kati au zinazoshambulia zaidi kupitia katikati wanaweza kuchagua 	0
/scratch/skscla001/experiments/datasets/swagen/audio/common_voice_sw_30180542.wav	tanga ilipata bahati kuvipata mapema sana 	1
/scratch/skscla001/experiments/datasets/swagen/audio/common_voice_sw_28704543.wav	kiebrania kilikuwa lugha ya israeli ya kale wakati wa biblia kuanza kuandikwa 	0
/scratch/skscla001/experiments/datasets/swagen/audio/common_voice_sw_31583305.wav	wanafunzi wengi nchini walinufaika kupitia bodi ya mikopo 	0
/scratch/skscla001/experiments/datasets/swagen/audio/common_voice_sw_37094141.wav	bi hassan alichaguliwa kwa kura mia tatu na tisini 	0
/scratch/skscla001/experiments/datasets/swagen/audio/common_voice_sw_37219872.wav	mmoja ama kwa ubinadamu kwa jumla hata hivyo 	0
/scratch/skscla001/experiments/datasets/swagen/audio/common_voice_sw_29924274.wav	katika marekebisho hayo ilianzisha mjadala wa wananchi uliodumu kwa mwaka mmoja 	0
/scratch/skscla001/experiments/datasets/swagen/audio/common_voice_sw_30667251.wav	ni zile nchi za afrika ya mashariki na kati 	0
/scratch/skscla001/experiments/datasets/swagen/audio/common_voice_sw_30176740.wav	akiwa na maslahi binafsi huku wakazidi kumlaumu kwa kufanya hivyo 	0
/scratch/skscla001/experiments/datasets/swagen/audio/common_voice_sw_31285964.wav	sifa nyingi za pekee za kiumbe hiki zinaletwa na ongezeko kubwa la mafuta 	0
/scratch/skscla001/experiments/datasets/swagen/audio/common_voice_sw_30631120.wav	mfano jiji la dar es salaam lenye bandari pembeni yake 	1
/scratch/skscla001/experiments/datasets/swagen/audio/common_voice_sw_28961585.wav	athari kuu ni nadra 	0
/scratch/skscla001/experiments/datasets/swagen/audio/common_voice_sw_31446653.wav	watu wote wanatofautiana kimaisha ulimwenguni kote 	0
/scratch/skscla001/experiments/datasets/swagen/audio/common_voice_sw_30195937.wav	alikuwa kero pia kwa rais wa jamhuri ya muungano mwalimu julius kambarage nyerere 	0
/scratch/skscla001/experiments/datasets/swagen/audio/common_voice_sw_30382915.wav	bocco anayekipiga simba alifunga bao la kwanza msimu huu dakika ya kumi na moja 	1
/scratch/skscla001/experiments/datasets/swagen/audio/common_voice_sw_30390056.wav	mourinho alikuwa na msimu mzuri sana 	0
/scratch/skscla001/experiments/datasets/swagen/audio/common_voice_sw_30034974.wav	pia bandari hizi zimekuwa ni chanzo kikubwa sana 	0
/scratch/skscla001/experiments/datasets/swagen/audio/common_voice_sw_30415216.wav	mashabiki wa barcelona walichukizwa na kitendo hicho 	0
/scratch/skscla001/experiments/datasets/swagen/audio/common_voice_sw_30056153.wav	ziwa nyasa lililopo ruvuma linawanufaisha wananchi 	0
/scratch/skscla001/experiments/datasets/swagen/audio/common_voice_sw_30181401.wav	wakati wa miaka yake mitano madarakani 	1
/scratch/skscla001/experiments/datasets/swagen/audio/common_voice_sw_35103008.wav	wamasai hunywa supu yenye gome na mizizi inayopunguza mafuta moyoni wamasai wanaoishi mijini ambao 	0
/scratch/skscla001/experiments/datasets/swagen/audio/common_voice_sw_30370416.wav	yani mkuu hili chokoraa halina maana shuleni kwetu hata kidogo lione lilivyolinanuka 	0
/scratch/skscla001/experiments/datasets/swagen/audio/common_voice_sw_34598571.wav	ya ndege pamoja na magonjwa yanayoathiri mifugo yetu 	0
/scratch/skscla001/experiments/datasets/swagen/audio/common_voice_sw_30638428.wav	timu ya taifa italia ilifanikiwa kushinda fainali za kombe la dunia mara mbili mfululizo 	0
/scratch/skscla001/experiments/datasets/swagen/audio/common_voice_sw_30585424.wav	wanadai kuwa neno kiileman limetokana na neno kileme 	0
/scratch/skscla001/experiments/datasets/swagen/audio/common_voice_sw_30326531.wav	magofu na miji ya kale ndiyo kivutio kinachowafanya wengi kufika hapo 	0
/scratch/skscla001/experiments/datasets/swagen/audio/common_voice_sw_30176840.wav	kangaroo wanapenda kuishi katika makundi yanayozidi kangaroo kumi 	0
/scratch/skscla001/experiments/datasets/swagen/audio/common_voice_sw_30337044.wav	pia wananchi wa maeneo hayo hasa wafanya biashara 	0
/scratch/skscla001/experiments/datasets/swagen/audio/common_voice_sw_31446549.wav	said swedi alianza kucheza simba mwaka elfu mbili na mbili 	0
/scratch/skscla001/experiments/datasets/swagen/audio/common_voice_sw_30591025.wav	kuongezeka biashara ya bidhaa huduma na mtaji baina ya nchi ni athari kuu 	0
/scratch/skscla001/experiments/datasets/swagen/audio/common_voice_sw_29560157.wav	kwa sasa iko kati ya visiwa vya kanada na ncha ya kijiografia 	0
/scratch/skscla001/experiments/datasets/swagen/audio/common_voice_sw_29760953.wav	kuongezeka kwa wakimbizi kutoka nchi jirani na kukua kwa makambi kulikuwa tatizo kubwa 	0
/scratch/skscla001/experiments/datasets/swagen/audio/common_voice_sw_30495052.wav	ilianzishwa rasmi mwaka elfu moja na mia tisa sitini na nne 	0
/scratch/skscla001/experiments/datasets/swagen/audio/common_voice_sw_29193616.wav	na huu ndio ukawa mwanzo wa carey kuingia katika ulimwengu wa muziki 	0
/scratch/skscla001/experiments/datasets/swagen/audio/common_voice_sw_29642753.wav	kila aina ina faida na hasara yake 	0
/scratch/skscla001/experiments/datasets/swagen/audio/common_voice_sw_36382588.wav	kaisari konstantino kule roma meli moja ilikuwa safarini kutoka shamu 	1
/scratch/skscla001/experiments/datasets/swagen/audio/common_voice_sw_37089325.wav	muziki wake mwingi ulikuwa unazungumzia hadithi za nyumbani 	0
/scratch/skscla001/experiments/datasets/swagen/audio/common_voice_sw_36389873.wav	rais huyu amewapongeza vizuri sana vijana hawa na hii ni changamoto kubwa sana 	1
/scratch/skscla001/experiments/datasets/swagen/audio/common_voice_sw_30195678.wav	ardhi zaidi ilichukuliwa kwa ajili ya hifadhi ya wanyamapori na hifadhi za taifa 	0
/scratch/skscla001/experiments/datasets/swagen/audio/common_voice_sw_29922494.wav	pori la biharamulo lina ukubwa wa kilomita za mraba mia saba thelathini na moja 	0
/scratch/skscla001/experiments/datasets/swagen/audio/common_voice_sw_35056451.wav	mama yule ana watoto wanne 	0
/scratch/skscla001/experiments/datasets/swagen/audio/common_voice_sw_30582627.wav	vikosi vya castro viliingia havana mwaka elfu moja mia tisa hamsini na tisa 	0
/scratch/skscla001/experiments/datasets/swagen/audio/common_voice_sw_29589184.wav	ina matumizi muhimu kwa ujenzi na vifaa pia kama kuni kwa moto 	0
/scratch/skscla001/experiments/datasets/swagen/audio/common_voice_sw_30314310.wav	tanzania ilivyomnyoosha nduli iddi amin dadaa nakupa kidogo halafu tunaendelea 	0
/scratch/skscla001/experiments/datasets/swagen/audio/common_voice_sw_30351741.wav	baadhi yao wametuhumiwa kwa kufanya unyama kaskazini mwa nchi 	0
/scratch/skscla001/experiments/datasets/swagen/audio/common_voice_sw_34906794.wav	katika mazungumzo maalumu yaliyofanyika katika makala hii tundu lissu ambaye kwa sasa ni rais 	0
/scratch/skscla001/experiments/datasets/swagen/audio/common_voice_sw_28662077.wav	kwa jumla watu walifanya kazi kwa kushirikiana bila ubaguzi wala matabaka 	1
/scratch/skscla001/experiments/datasets/swagen/audio/common_voice_sw_29997628.wav	wingi wa utafiti wa kiuchumi umekosolewa kwa ukosefu wa kufanana 	1
/scratch/skscla001/experiments/datasets/swagen/audio/common_voice_sw_28761023.wav	akiwa mwalimu alitunga kamusi kwa shule za msingi 	0
/scratch/skscla001/experiments/datasets/swagen/audio/common_voice_sw_30007221.wav	mbalimbali lakini hasa majeruhi wa vita na kizazi chake ndicho kinachoendelea kutibu 	1
/scratch/skscla001/experiments/datasets/swagen/audio/common_voice_sw_28583743.wav	tangu mwaka huo hadi kifo chake alikuwa askofu wa jimbo la tanga 	0
/scratch/skscla001/experiments/datasets/swagen/audio/common_voice_sw_29925053.wav	hufanyika mwezi wa kumi na mbili tu 	0
/scratch/skscla001/experiments/datasets/swagen/audio/common_voice_sw_36615356.wav	kuna upangaji mkakati wa pwani na bahari na usimamizi wa bahari 	0
/scratch/skscla001/experiments/datasets/swagen/audio/common_voice_sw_29792843.wav	serikali ya uganda ilitangaza kwamba mwili wake unaweza kuzikwa uganda 	0
/scratch/skscla001/experiments/datasets/swagen/audio/common_voice_sw_29519032.wav	chakula cha asili kama ilivyo kwa mkoa wote wa kagera ni ndizi 	0
/scratch/skscla001/experiments/datasets/swagen/audio/common_voice_sw_30025492.wav	ni mlima mmoja uitwao mtorwi ndiyo unapatikana mkoani iringa 	0
/scratch/skscla001/experiments/datasets/swagen/audio/common_voice_sw_31284698.wav	hiyo ni kwa upande wa taifa la afrika kusini 	0
/scratch/skscla001/experiments/datasets/swagen/audio/common_voice_sw_30142059.wav	wakafanikiwa kuibuka na kikombe kwa kuipiga ivory coast 	1
/scratch/skscla001/experiments/datasets/swagen/audio/common_voice_sw_31454744.wav	idadi kubwa ya wanafunzi kutoka shule mbalimbali nchini tanzania 	1
/scratch/skscla001/experiments/datasets/swagen/audio/common_voice_sw_30189203.wav	na kupandishwa kwa bendera bendera ya utawala wa tanganyika wakati huo 	0
/scratch/skscla001/experiments/datasets/swagen/audio/common_voice_sw_30003950.wav	ambapo ndama laki nne huzaliwa katika kipindi cha wiki sita 	0
/scratch/skscla001/experiments/datasets/swagen/audio/common_voice_sw_29788195.wav	karume alikuwa mtoto wa mwanamke mtumwa alietolewa maeneo rwanda 	0
/scratch/skscla001/experiments/datasets/swagen/audio/common_voice_sw_29988826.wav	alikiri kwenye kitabu chake hicho kuwa tukio hilo litaendelea kuwa doa jeusi 	1
/scratch/skscla001/experiments/datasets/swagen/audio/common_voice_sw_28699003.wav	tena wako zambia malawi na sehemu nyingine 	0
/scratch/skscla001/experiments/datasets/swagen/audio/common_voice_sw_29790101.wav	wanaripotiwa kurejea tanzania mapema kuliko ilivyo kawaida yao 	0
/scratch/skscla001/experiments/datasets/swagen/audio/common_voice_sw_28699152.wav	lakini kuingilia kati kwa serikali ya uingereza kulikuwa mwisho wa utawala wa kampuni 	0
/scratch/skscla001/experiments/datasets/swagen/audio/common_voice_sw_35156874.wav	bado walikuwa wakitafuta nafasi ya kulipa kisasi cha lugalo walidai kuwa chifu amevunja mkataba 	0
/scratch/skscla001/experiments/datasets/swagen/audio/common_voice_sw_30434934.wav	maneno ya malatwe yalimfanya mwalimu mkuu kutoa macho 	1
/scratch/skscla001/experiments/datasets/swagen/audio/common_voice_sw_29637228.wav	pia desturi huweza kutokea kwa mtu binafsi 	0
/scratch/skscla001/experiments/datasets/swagen/audio/common_voice_sw_34924865.wav	mapinduzi ya kiislamu chini ya uongozi wa ayatollah khomeini 	0
/scratch/skscla001/experiments/datasets/swagen/audio/common_voice_sw_30572738.wav	kama isingekuwa kwa muungano wasingeweza kufanya chochote 	0
/scratch/skscla001/experiments/datasets/swagen/audio/common_voice_sw_30495090.wav	osama akabadilika kutoka kuwa malaika hadi 	0
/scratch/skscla001/experiments/datasets/swagen/audio/common_voice_sw_36374780.wav	utumiaji mkubwa wa pombe unaweza kusababisha kisukari 	1
/scratch/skscla001/experiments/datasets/swagen/audio/common_voice_sw_30193884.wav	huku kilio miongoni mwa wananchi wadau na wanasiasa ndani na nje ya bunge 	0
/scratch/skscla001/experiments/datasets/swagen/audio/common_voice_sw_34897305.wav	ununuzi wa dawa katika maduka na famasia ambazo zimehalalishwa na serikali 	0
/scratch/skscla001/experiments/datasets/swagen/audio/common_voice_sw_30470870.wav	hatua hiyo ya werema ilikuja wakati watanzania wakiwa bado wanasubiri uamuzi wa rais 	1
/scratch/skscla001/experiments/datasets/swagen/audio/common_voice_sw_29937887.wav	allofs alishinda tuzo ya kiatu cha mfungaji bora 	1
/scratch/skscla001/experiments/datasets/swagen/audio/common_voice_sw_29789644.wav	hatuwezi kusema tuna usawa wakati haki zetu hazizingztiwi 	0
/scratch/skscla001/experiments/datasets/swagen/audio/common_voice_sw_30377533.wav	passarella alitajwa miongoni mwa wachezaji bora wa michuano 	0
/scratch/skscla001/experiments/datasets/swagen/audio/common_voice_sw_35104628.wav	pengine kusiwe na kinyongo ame amenifurahisha sana profesa 	0
/scratch/skscla001/experiments/datasets/swagen/audio/common_voice_sw_35425428.wav	li kuweza kukabiliana na mlipuko wa ugonjwa wa kipindupindu 	0
/scratch/skscla001/experiments/datasets/swagen/audio/common_voice_sw_30629640.wav	sheria mbalimbali zilitungwa na kuboreshwa na bunge 	0
/scratch/skscla001/experiments/datasets/swagen/audio/common_voice_sw_34924412.wav	ni bora uyashuhudie kwa mwenzio 	0
/scratch/skscla001/experiments/datasets/swagen/audio/common_voice_sw_37099198.wav	kwamba hilo ni agizo la serikali ya rwanda kila 	0
/scratch/skscla001/experiments/datasets/swagen/audio/common_voice_sw_34827739.wav	jambo lolote bila ya kutumia madawa hayo ukizingatia pia bei kubwa 	0
/scratch/skscla001/experiments/datasets/swagen/audio/common_voice_sw_34906889.wav	kucheleweshwa kwa uchaguzi huo huenda 	0
/scratch/skscla001/experiments/datasets/swagen/audio/common_voice_sw_35181719.wav	maelezo ya historia yanaonyesha kuwa utawala wa wareno kilwa kisiwani 	0
/scratch/skscla001/experiments/datasets/swagen/audio/common_voice_sw_37091523.wav	kupiga kura kukiangalia nyuso zao sudan kusini hapo juba 	0
/scratch/skscla001/experiments/datasets/swagen/audio/common_voice_sw_29790136.wav	nyamageni iliyotokea aprili ishirini na nane mwaka elfu mbili na sita 	0
/scratch/skscla001/experiments/datasets/swagen/audio/common_voice_sw_29818125.wav	tatizo lilikua kwanini fedha zimeingia kwenye akaunti yake badala ya akaunti ya shule 	0
/scratch/skscla001/experiments/datasets/swagen/audio/common_voice_sw_30581618.wav	alitafuta majibu ya harakaharaka labda sehemu ya matatizo yake 	0
/scratch/skscla001/experiments/datasets/swagen/audio/common_voice_sw_30205368.wav	jeshi la uganda ndilo linafanya kazi ya kulinda amani nchini somalia 	0
/scratch/skscla001/experiments/datasets/swagen/audio/common_voice_sw_35155115.wav	la nchi ni umbo la kihispania la jina la mji wa venezia 	0
/scratch/skscla001/experiments/datasets/swagen/audio/common_voice_sw_30327112.wav	akampiga na kumchinja katika eneo hilo la lungemba 	0
/scratch/skscla001/experiments/datasets/swagen/audio/common_voice_sw_34828883.wav	hata hivyo siasa za dunia za maeneo zilibadili mkondo wake 	0
/scratch/skscla001/experiments/datasets/swagen/audio/common_voice_sw_34958931.wav	rais lauren badbo wa cote de voire azidi kutunisha misuli 	0
/scratch/skscla001/experiments/datasets/swagen/audio/common_voice_sw_30021648.wav	nicky oppenheimer wa afrika kusini akiwa na utajiri wa dola bilioni nane 	1
/scratch/skscla001/experiments/datasets/swagen/audio/common_voice_sw_30108383.wav	mwaka mmoja baadaye zidane akauzwa kwenda real 	0
/scratch/skscla001/experiments/datasets/swagen/audio/common_voice_sw_29797480.wav	yanalaumiwa kwa kuchimba dhahabu na kuitoroshea katika mataifa mengine 	0
/scratch/skscla001/experiments/datasets/swagen/audio/common_voice_sw_28699098.wav	alizaliwa huko saint louis nchini senegal 	0
/scratch/skscla001/experiments/datasets/swagen/audio/common_voice_sw_29564490.wav	wafanyakazi wengi na ofisi nyingi za serikali zipo mjini 	0
/scratch/skscla001/experiments/datasets/swagen/audio/common_voice_sw_30004946.wav	obotte ndiye aliyepinduliwa na idd amini 	0
/scratch/skscla001/experiments/datasets/swagen/audio/common_voice_sw_30378774.wav	adhabu kali ilitolewa kwa wale waliopinga 	0
/scratch/skscla001/experiments/datasets/swagen/audio/common_voice_sw_37093017.wav	linaloelezwa na viongozi wa nchi hiyo kuwa mbaya zaidi kutokea 	0
/scratch/skscla001/experiments/datasets/swagen/audio/common_voice_sw_36644705.wav	wengi hawakutaka kuondoka kwenye meli nzuri 	0
/scratch/skscla001/experiments/datasets/swagen/audio/common_voice_sw_31446483.wav	waswahili wa pwani waliuita huo mlima kilimanjaro 	0
/scratch/skscla001/experiments/datasets/swagen/audio/common_voice_sw_31787764.wav	kama alivyofanya nabii ibrahim kumchinja mwanae ismail 	0
/scratch/skscla001/experiments/datasets/swagen/audio/common_voice_sw_36390328.wav	kijana yule ananipendeza sana 	1
/scratch/skscla001/experiments/datasets/swagen/audio/common_voice_sw_31270250.wav	wazo kuu ni kwamba biblia inajitegemea na kumtosha kila anayesoma 	0
/scratch/skscla001/experiments/datasets/swagen/audio/common_voice_sw_37088968.wav	hospitali hapo hakukuwa na taarifa ambayo kuna mgonjwa aliezimia kutokana na muziki huo shoo 	0
/scratch/skscla001/experiments/datasets/swagen/audio/common_voice_sw_28583382.wav	maana ya jumamosi jumapili nakadhalika 	0
/scratch/skscla001/experiments/datasets/swagen/audio/common_voice_sw_30029116.wav	kwa kawaida adhabu mbili kuu ndizo zilikuwepo 	0
/scratch/skscla001/experiments/datasets/swagen/audio/common_voice_sw_30574986.wav	matokeo yake endapo yangeipa uganda ushindi yangebadilisha kabisa ramani ya afrika mashariki 	0
/scratch/skscla001/experiments/datasets/swagen/audio/common_voice_sw_29795878.wav	baadae iliondolewa utawala wa machifu na kuanza mfumo wa pamoja wa serikali za mitaa 	1
/scratch/skscla001/experiments/datasets/swagen/audio/common_voice_sw_30166495.wav	lipo pia ziwa tanganyika nalo linapatikana katika nchi ya tanzania 	0
/scratch/skscla001/experiments/datasets/swagen/audio/common_voice_sw_29798025.wav	reli hii ya kati inapita katika baadhi ya mikoa 	0
/scratch/skscla001/experiments/datasets/swagen/audio/common_voice_sw_30379824.wav	maeneo yenye historia kama kilwa kisiwani na bagamoyo 	0
/scratch/skscla001/experiments/datasets/swagen/audio/common_voice_sw_31996897.wav	alipoenda kwa shehe kushtukia magonjwa ake alipewa kombe anywe ili apone 	0
/scratch/skscla001/experiments/datasets/swagen/audio/common_voice_sw_29792063.wav	alitawala mtawala aliyejuliakana kwa jina la rusatira 	0
/scratch/skscla001/experiments/datasets/swagen/audio/common_voice_sw_35107649.wav	na kujitenga kwa sudan kusini saa chache kabla ya matokeo mwisho 	0
/scratch/skscla001/experiments/datasets/swagen/audio/common_voice_sw_35867955.wav	huku wachambuzi wa mambo wakitilia shaka kuachiwa kwa mwanaharakati huyo 	0
/scratch/skscla001/experiments/datasets/swagen/audio/common_voice_sw_29717797.wav	jina la sala hiyo linatokana na maneno yake ya kwanza 	0
/scratch/skscla001/experiments/datasets/swagen/audio/common_voice_sw_30175899.wav	ana utajiri wa dola bilioni kumi nukta moja 	0
/scratch/skscla001/experiments/datasets/swagen/audio/common_voice_sw_34940974.wav	tunisia yaliyotokea tunisia kunawezekano yakaweza kutokea se 	0
/scratch/skscla001/experiments/datasets/swagen/audio/common_voice_sw_34943114.wav	twiga masai jike huwa na nywele nyingi kichwani wakati dume huwa ana nywele chache 	0
/scratch/skscla001/experiments/datasets/swagen/audio/common_voice_sw_29963889.wav	ni katika sikukuu moja ya pasaka ndipo alipobadili dini na kuwa mkristo 	1
/scratch/skscla001/experiments/datasets/swagen/audio/common_voice_sw_29731728.wav	aliwahi kuwa na watoto wawili kabla ya kuoa 	0
/scratch/skscla001/experiments/datasets/swagen/audio/common_voice_sw_28961556.wav	katika itikadi ile hifadhi ya mazingira haikuwa na umuhimu sana 	0
/scratch/skscla001/experiments/datasets/swagen/audio/common_voice_sw_29924575.wav	inawezekana ni kutokana na mvua na upatikanaji wa maji ya kutosha 	0
/scratch/skscla001/experiments/datasets/swagen/audio/common_voice_sw_30581586.wav	zelewski aliwadharau wahehe kama washenzi ambao walikuwa na mikuki na pinde tu 	0
/scratch/skscla001/experiments/datasets/swagen/audio/common_voice_sw_29939935.wav	zamani wapare walikuwa na sala tofauti kwa kila ukoo 	0
/scratch/skscla001/experiments/datasets/swagen/audio/common_voice_sw_29799386.wav	sheria husaidi watu mno 	0
/scratch/skscla001/experiments/datasets/swagen/audio/common_voice_sw_30570004.wav	katika orodha ya maajabu asilia duniani kote 	0
/scratch/skscla001/experiments/datasets/swagen/audio/common_voice_sw_29798597.wav	osama alikua tajiri mkubwa saudi arabia alianza kusimamia 	0
/scratch/skscla001/experiments/datasets/swagen/audio/common_voice_sw_30176377.wav	mji wa mto wa mbu ni maarufu kwa shughuli za kiutalii 	0
/scratch/skscla001/experiments/datasets/swagen/audio/common_voice_sw_35279565.wav	kupitia mashirika mablimbali ya kitume mwanzoni kabisa 	0
/scratch/skscla001/experiments/datasets/swagen/audio/common_voice_sw_36615445.wav	wakristo wa kwanza walikuja wakati wa utawala wa kireno 	0
/scratch/skscla001/experiments/datasets/swagen/audio/common_voice_sw_28690565.wav	wako china na mongolia 	1
/scratch/skscla001/experiments/datasets/swagen/audio/common_voice_sw_35526214.wav	huku wakipigwa butwaa wasijue la kufanya wakazi hao 	0
/scratch/skscla001/experiments/datasets/swagen/audio/common_voice_sw_36615954.wav	insha za kiuamilifu ni maandishi yenye mtindo maalum na hutumika katika mazingira halisi kwa kuzingatia mtindo huo rasmi 	0
/scratch/skscla001/experiments/datasets/swagen/audio/common_voice_sw_34746051.wav	ambayo inahusisha kuomba msamaha wa dhatiwamasai humwabudu mungu pekee nao humwita enkai au 	0
/scratch/skscla001/experiments/datasets/swagen/audio/common_voice_sw_30073321.wav	nkrumah alitoka katika chama hicho na kuuunda chama kingine 	0
/scratch/skscla001/experiments/datasets/swagen/audio/common_voice_sw_34745163.wav	kwa kumuondoa mark voramama wameongeza wameeleza kuwa 	0
/scratch/skscla001/experiments/datasets/swagen/audio/common_voice_sw_28718791.wav	alianza kuchora alipokuwa bado mtoto wa shule akaanza pia kuchora katuni za kisiasa 	0
/scratch/skscla001/experiments/datasets/swagen/audio/common_voice_sw_36642168.wav	haya yalifanywa hasa katika kuondoa unyanyapaa wa usafi wa mazingira 	0
/scratch/skscla001/experiments/datasets/swagen/audio/common_voice_sw_29924405.wav	mfano mzuri wa mgomo wa wanyaturu katika eneo la wilwana 	0
/scratch/skscla001/experiments/datasets/swagen/audio/common_voice_sw_34906690.wav	hadi mwaka elfu moja mia nane tisini na tatu 	0
/scratch/skscla001/experiments/datasets/swagen/audio/common_voice_sw_30037276.wav	pia mabwawa mengine makubwa ya kujivunia ni 	0
/scratch/skscla001/experiments/datasets/swagen/audio/common_voice_sw_31307074.wav	kuuliza si ujinga 	1
/scratch/skscla001/experiments/datasets/swagen/audio/common_voice_sw_30053371.wav	vile vile wanaongeza kwamba nyangumi huwa na damu motoy 	0
/scratch/skscla001/experiments/datasets/swagen/audio/common_voice_sw_30034508.wav	kutoka kwenye mimea mbalimbali kama vile miti na mimea mingine 	0
/scratch/skscla001/experiments/datasets/swagen/audio/common_voice_sw_31284788.wav	wakazi wote wa jamii ya kimasai na makabila mengine 	0
/scratch/skscla001/experiments/datasets/swagen/audio/common_voice_sw_34391888.wav	benki inatengeza noti na sarafu kwa ajiri ya kumbukumbu muhimu za kitaifa 	1
/scratch/skscla001/experiments/datasets/swagen/audio/common_voice_sw_30025427.wav	alipata bahati ya kujiendeleza kielimu wakati anafanya kazi yake 	0
/scratch/skscla001/experiments/datasets/swagen/audio/common_voice_sw_29848607.wav	akifanya maajabu na klabu yake ya ajax ya uholanzi 	0
/scratch/skscla001/experiments/datasets/swagen/audio/common_voice_sw_30173497.wav	operesheni huanza huku wakati huo ngoma za jadi huko nje ziiendelea 	0
/scratch/skscla001/experiments/datasets/swagen/audio/common_voice_sw_28835124.wav	kuna changamoto ya baridi ya usiku kwenye mirihi 	0
/scratch/skscla001/experiments/datasets/swagen/audio/common_voice_sw_37218493.wav	vikosi vya usalama nchini bahrain hapo jana viliwashambulia waandamanaji mjini manama 	0
/scratch/skscla001/experiments/datasets/swagen/audio/common_voice_sw_36644607.wav	aliyekuwa amejiinamia akauliza aliyekuwa akimwita ni nani 	0
/scratch/skscla001/experiments/datasets/swagen/audio/common_voice_sw_35181689.wav	uchaguzi wa rais uliofanyika novemba ishrini na nane mwaka huu 	0
/scratch/skscla001/experiments/datasets/swagen/audio/common_voice_sw_29580259.wav	kaskazini mwa nchi hakuna bonde kubwa la kati 	0
/scratch/skscla001/experiments/datasets/swagen/audio/common_voice_sw_37093897.wav	imeahirishwa hadi alhamisi ijayo kutokana na moja wa mashahidi kushindwa kufika mahakamani 	0
/scratch/skscla001/experiments/datasets/swagen/audio/common_voice_sw_31284837.wav	kufuatia hatua hiyo utawala wa kifalme ukamuandama osama na mwaka 	0
/scratch/skscla001/experiments/datasets/swagen/audio/common_voice_sw_35181988.wav	ni mwambao wa bahari ya kaspi tehran ni mji mkuu pia mji mkubwa 	0
/scratch/skscla001/experiments/datasets/swagen/audio/common_voice_sw_35106049.wav	katika hotuba yake aliyoitowa jumapili baada ya kuapishwa chakwera aliahidi kwamba serikali yake itakuwa 	0
/scratch/skscla001/experiments/datasets/swagen/audio/common_voice_sw_30585412.wav	ili atakapokufa baadae nyumba yake isitoweke huamua kuoa 	0
/scratch/skscla001/experiments/datasets/swagen/audio/common_voice_sw_28903338.wav	kinshasa ni nyumbani kwa idadi kubwa ya vituo vya redio na televisheni 	0
/scratch/skscla001/experiments/datasets/swagen/audio/common_voice_sw_28908656.wav	mahitaji ya nishati kwa kiwango cha mzigo ni kidogo kuliko barabarani 	0
/scratch/skscla001/experiments/datasets/swagen/audio/common_voice_sw_35123640.wav	lakini kwa sababu hakukataa moja kwa moja 	0
/scratch/skscla001/experiments/datasets/swagen/audio/common_voice_sw_29780905.wav	licha ya hayo kuzaa ni jinsi ya kawaida ya kuongezeka 	0
/scratch/skscla001/experiments/datasets/swagen/audio/common_voice_sw_30053839.wav	ardhi ya afrika ina mafuta mengi na ya kutosha kila mahali 	0
/scratch/skscla001/experiments/datasets/swagen/audio/common_voice_sw_30037275.wav	serikali inapaswa kuwekeza nguvu kubwa kwenye mamlaka za uhifadhi 	0
/scratch/skscla001/experiments/datasets/swagen/audio/common_voice_sw_29797585.wav	moja likapita mashariki mwa ziwa victoria 	0
/scratch/skscla001/experiments/datasets/swagen/audio/common_voice_sw_34991055.wav	ambapo wanatuhumiwa kutenga eneo la uzazi kwa ajili ya watu wasioridhika 	0
/scratch/skscla001/experiments/datasets/swagen/audio/common_voice_sw_31446722.wav	pale unapowashwa na kukimbizwa nchi nzima huku miradi mbalimbali ikizinduliwa 	0
/scratch/skscla001/experiments/datasets/swagen/audio/common_voice_sw_28714506.wav	shirika la ndege la uingereza linatokana na shirika hili 	0
/scratch/skscla001/experiments/datasets/swagen/audio/common_voice_sw_28666762.wav	miamba inaweza kutunza maji ndani yake na hivyo kuwezesha uoto zaidi kuliko jangwani 	0
/scratch/skscla001/experiments/datasets/swagen/audio/common_voice_sw_36375035.wav	kwa kifupi tu tuzo za mama ni tuzo zinazo simamiwa na mtv bell 	1
/scratch/skscla001/experiments/datasets/swagen/audio/common_voice_sw_36042404.wav	itawagusa raia wote wa marekani bila kujali mwenye anacho 	1
/scratch/skscla001/experiments/datasets/swagen/audio/common_voice_sw_29818027.wav	wataliii wengi wanafurahi sana wanapomuona blob 	0
/scratch/skscla001/experiments/datasets/swagen/audio/common_voice_sw_30075144.wav	forojo ganze aliyezaliwa mwaka elfu moja mia tisa na mbili 	0
/scratch/skscla001/experiments/datasets/swagen/audio/common_voice_sw_30327025.wav	tanzania imebarikiwa visiwa na fukwe zenye kupendeza 	0
/scratch/skscla001/experiments/datasets/swagen/audio/common_voice_sw_34748542.wav	mikakati ya usimamizi dharura aidha mwandishi huyo 	0
/scratch/skscla001/experiments/datasets/swagen/audio/common_voice_sw_31446590.wav	kutokana na mapigano hayo ya wenyewe kwa wenyewe 	0
/scratch/skscla001/experiments/datasets/swagen/audio/common_voice_sw_34940768.wav	mbinguni kuna malaika 	0
/scratch/skscla001/experiments/datasets/swagen/audio/common_voice_sw_32090716.wav	huyalae kwenye feni ukatokwa n majasho 	1
/scratch/skscla001/experiments/datasets/swagen/audio/common_voice_sw_30054708.wav	mwezi aprili elfu moja mia tisa sitini na moja 	0
/scratch/skscla001/experiments/datasets/swagen/audio/common_voice_sw_30200932.wav	akajiandikisha kwenye chuo kikuu kwa shabaha ya kufuata elimu ya uzamivu 	1
/scratch/skscla001/experiments/datasets/swagen/audio/common_voice_sw_30261108.wav	wananchi wanalima kilimo cha umwagiliaji kwa kutumia maji ya ziwa hilo 	0
/scratch/skscla001/experiments/datasets/swagen/audio/common_voice_sw_35284628.wav	hawezi kujidanganya ni taifa ambalo mpaka sasa lina matatizo makubwa sana ya 	0
/scratch/skscla001/experiments/datasets/swagen/audio/common_voice_sw_29793425.wav	makao makuu ya tanzania ni dodoma 	0
/scratch/skscla001/experiments/datasets/swagen/audio/common_voice_sw_30332582.wav	juu zaidi usimbishaji unapungua tena hadi milimita mia mbili 	0
/scratch/skscla001/experiments/datasets/swagen/audio/common_voice_sw_30582780.wav	mpira umekua mchezo wenye kuingiza pesa nyingi sana duniani 	0
/scratch/skscla001/experiments/datasets/swagen/audio/common_voice_sw_30124811.wav	papa huyo alikuwa anaweza kuongea lugha ya kiholanzi kiitalia kifaransa na kijerumani 	0
/scratch/skscla001/experiments/datasets/swagen/audio/common_voice_sw_29790771.wav	hii ni kwa sababu misitu inatusaidia kwa utalii na tunaweza kupata mvua kwa wingi 	0
/scratch/skscla001/experiments/datasets/swagen/audio/common_voice_sw_30008199.wav	hasa wa kanisa katoliki pia siku hizi hata mabondeni 	1
/scratch/skscla001/experiments/datasets/swagen/audio/common_voice_sw_35588344.wav	ya kusini katika uwanja wa al gharafa 	0
/scratch/skscla001/experiments/datasets/swagen/audio/common_voice_sw_30242126.wav	timu ya taifa ya uganda ilicheza fainali dhidi ya ghana 	0
/scratch/skscla001/experiments/datasets/swagen/audio/common_voice_sw_28708458.wav	himaya hiyo ilikuwa inapatikana upande wa kusini magharibi mwa uganda mashariki mwa ziwa edward 	0
/scratch/skscla001/experiments/datasets/swagen/audio/common_voice_sw_31284655.wav	hakuwa na uwezo wa kucheza soka la kiwango cha juu 	0
/scratch/skscla001/experiments/datasets/swagen/audio/common_voice_sw_35104298.wav	waandishi wa habari wa misri walishiriki maandamano mwaka elfu mbili na kumi na sita 	0
/scratch/skscla001/experiments/datasets/swagen/audio/common_voice_sw_34836975.wav	uniletee nguo zangu 	0
/scratch/skscla001/experiments/datasets/swagen/audio/common_voice_sw_34837099.wav	kusini mwa bara la afrika kulikuwa na waimbaji wengi wanawake 	0
/scratch/skscla001/experiments/datasets/swagen/audio/common_voice_sw_31446461.wav	milton obote ndiye aliyekuwa raisi wa pili wa uganda 	0
/scratch/skscla001/experiments/datasets/swagen/audio/common_voice_sw_29216028.wav	yeye huishi na hufanya mazoezi yake ya mbio ngong karibu na jiji la nairobi 	0
/scratch/skscla001/experiments/datasets/swagen/audio/common_voice_sw_30574970.wav	uwezo wa nyerere uliwashitua wakoloni na kumlazimisha kuchagua kati ya siasa na ualimu 	1
/scratch/skscla001/experiments/datasets/swagen/audio/common_voice_sw_36641176.wav	kwanza programu za kisiasa zilitumia mapato ya serikali 	0
/scratch/skscla001/experiments/datasets/swagen/audio/common_voice_sw_29144585.wav	hasa anajulikana kwa riwaya zake kwa mfano 	1
/scratch/skscla001/experiments/datasets/swagen/audio/common_voice_sw_36390097.wav	ya joto na ya mvua ya bonde la amazon 	1
/scratch/skscla001/experiments/datasets/swagen/audio/common_voice_sw_29777671.wav	mama yake ni mwandishi wa vitabu kwa watoto 	1
/scratch/skscla001/experiments/datasets/swagen/audio/common_voice_sw_37226172.wav	uchunguzi wa ripoti hiyo sasa itawakilishwa mbele ya bunge la nchi hiyo 	0
/scratch/skscla001/experiments/datasets/swagen/audio/common_voice_sw_29779678.wav	maneno haya mawili hutumika kwa kubadilishana mara nyingi 	0
/scratch/skscla001/experiments/datasets/swagen/audio/common_voice_sw_30085768.wav	kwa muda mrefu eneo hilo lilipo kwenye ziwa victoria ndiyo limeonekena kuhifadhiwa 	0
/scratch/skscla001/experiments/datasets/swagen/audio/common_voice_sw_34597050.wav	kuvaa mavazi ya kimagharibi mno licha ya kuwa 	0
/scratch/skscla001/experiments/datasets/swagen/audio/common_voice_sw_31808899.wav	utamaduni huo ulitumika katika kusherehekea matukio ya nyakati mbalimbali 	0
/scratch/skscla001/experiments/datasets/swagen/audio/common_voice_sw_36644619.wav	wanaomchukulia kuwa bora zaidi akilinganishwa na mchezaji pele wa brazil 	0
/scratch/skscla001/experiments/datasets/swagen/audio/common_voice_sw_29620658.wav	kuna tofauti kati ya michezo ya kiangazi na michezo ya majira ya baridi 	0
/scratch/skscla001/experiments/datasets/swagen/audio/common_voice_sw_36331449.wav	watu wanarudia matokeo ya vipimo kila maada ya miezi mitatu 	1
/scratch/skscla001/experiments/datasets/swagen/audio/common_voice_sw_30718194.wav	huonekana wakati tayari ini limenyauka au lina kansa 	0
/scratch/skscla001/experiments/datasets/swagen/audio/common_voice_sw_29666977.wav	idadi ya wasemaji nchini mali haijulikani 	0
/scratch/skscla001/experiments/datasets/swagen/audio/common_voice_sw_30124889.wav	wadau hao ni wanaohudumia shughuli za utalii katika hifadhi hii ya taifa ya serengeti 	0
/scratch/skscla001/experiments/datasets/swagen/audio/common_voice_sw_30020746.wav	ila aliwahi kuwa kocha mkuu wa geita gold lipuli na polisi tanzania 	1
/scratch/skscla001/experiments/datasets/swagen/audio/common_voice_sw_37095778.wav	yametangaza kuwa yatakabidhi mikoa kadhaa yenye usalama kwa vikosi vya usalama vya afghanistan 	0
/scratch/skscla001/experiments/datasets/swagen/audio/common_voice_sw_28926834.wav	alikaa hapo kama mwimbaji kwa miaka mingine tisa 	0
/scratch/skscla001/experiments/datasets/swagen/audio/common_voice_sw_30638466.wav	kikwete aliacha alama kubwa sana katika utawala wake 	0
/scratch/skscla001/experiments/datasets/swagen/audio/common_voice_sw_30110805.wav	kenya pia imetawala voliboli ya wanawake barani afrika 	0
/scratch/skscla001/experiments/datasets/swagen/audio/common_voice_sw_30657076.wav	alionekana kuchoka tena na majira ya mchana hali ikaonekana kubadilika zaidi 	1
/scratch/skscla001/experiments/datasets/swagen/audio/common_voice_sw_37089091.wav	kupitia kaskazini na kumwaga majiyake katika ziwa victoria 	0
/scratch/skscla001/experiments/datasets/swagen/audio/common_voice_sw_29939857.wav	unapokuwa hifadhini unaweza kufanya safari za miguu porini 	0
/scratch/skscla001/experiments/datasets/swagen/audio/common_voice_sw_31660540.wav	baada ya kampuni hiyo kupokea mkataba wa kifalme 	1
/scratch/skscla001/experiments/datasets/swagen/audio/common_voice_sw_36382362.wav	ikitangaza kutoka dar es salaam tanzania 	1
/scratch/skscla001/experiments/datasets/swagen/audio/common_voice_sw_29469434.wav	kuna aina mbalimbali kwa mfano 	0
/scratch/skscla001/experiments/datasets/swagen/audio/common_voice_sw_29922587.wav	jamaa ya awilo katika sekta ya muziki ni pamoja na baba yake 	0
/scratch/skscla001/experiments/datasets/swagen/audio/common_voice_sw_30024610.wav	kuanzia ujio wa waarabu hadi utawala wa kikoloni 	0
/scratch/skscla001/experiments/datasets/swagen/audio/common_voice_sw_30243488.wav	mkoa unapakana na nchi ya kenya na uganda kwa upande wa kaskazini 	0
/scratch/skscla001/experiments/datasets/swagen/audio/common_voice_sw_35172733.wav	kusikiza ni vyema 	0
/scratch/skscla001/experiments/datasets/swagen/audio/common_voice_sw_37092077.wav	ilikuwa sifuri unaitwa dokta nani naitwa dokta rukia wizara ya afya kitengo cha tiba 	0
/scratch/skscla001/experiments/datasets/swagen/audio/common_voice_sw_28835293.wav	mipaka inaweza kufuata vizuizi asilia kama vile mito safu za milima jangwa au bahari 	0
/scratch/skscla001/experiments/datasets/swagen/audio/common_voice_sw_36732171.wav	katika kulaani nchi za magharibi kwa kuingilia siasa za afrika 	0
/scratch/skscla001/experiments/datasets/swagen/audio/common_voice_sw_29822594.wav	inawezakana kupishana mitazamo lakini lengo linatakiwa kuwa moja 	1
/scratch/skscla001/experiments/datasets/swagen/audio/common_voice_sw_29429307.wav	ilikuwa vigumu kwa waimbaji hawa kupanga muda kwa ajili ya kutengeneza wimbo huu 	0
/scratch/skscla001/experiments/datasets/swagen/audio/common_voice_sw_31787791.wav	wajerumani walipinga kifo cha sokoine kabisa 	0
/scratch/skscla001/experiments/datasets/swagen/audio/common_voice_sw_36389285.wav	kusuhulisha na kwamba kuna sera na teknolojia zinazohitajika ili 	1
/scratch/skscla001/experiments/datasets/swagen/audio/common_voice_sw_31285436.wav	yako lazima taa yako iwe ni sasa 	0
/scratch/skscla001/experiments/datasets/swagen/audio/common_voice_sw_34831575.wav	wanyamwezi ni kabila la tanzania wanaoishi katika mikoa ya tabora na shinyanga 	0
/scratch/skscla001/experiments/datasets/swagen/audio/common_voice_sw_29791379.wav	ambayo haijaruhusu wavu wake kuguswa tokea ligi kuu ya vodacom tanzania bara 	0
/scratch/skscla001/experiments/datasets/swagen/audio/common_voice_sw_29896185.wav	pep guardiola siyo mtu wa kukata tamaa 	1
/scratch/skscla001/experiments/datasets/swagen/audio/common_voice_sw_37212059.wav	tunaangalizia ligi kuu za soka katika mataifa 	0
/scratch/skscla001/experiments/datasets/swagen/audio/common_voice_sw_30033848.wav	kabla ya kuanza mikopo wananfunzi wa vyuo vikuu walikuwa wachache 	0
/scratch/skscla001/experiments/datasets/swagen/audio/common_voice_sw_30552264.wav	vivutio vya asili ni pamoja na uoto wa asili mfano mikoko 	0
/scratch/skscla001/experiments/datasets/swagen/audio/common_voice_sw_34942119.wav	mpito wa ubora wa hewa inayotumika sana katika miji mingi ya nchi 	0
/scratch/skscla001/experiments/datasets/swagen/audio/common_voice_sw_30323033.wav	sisi ni waswahili na tuna tamaduni zetu 	0
/scratch/skscla001/experiments/datasets/swagen/audio/common_voice_sw_31787747.wav	nchi nyingi zimekuwa zikijivunia viongozi wake hasa katika utendaji wake wa kazi 	0
/scratch/skscla001/experiments/datasets/swagen/audio/common_voice_sw_35154697.wav	heroini ambayo inatokana na dawa ya mofini hutumika 	0
/scratch/skscla001/experiments/datasets/swagen/audio/common_voice_sw_36616242.wav	wamanyema waliwafundisha waha na wote hawa waliipigania tanganyika kutoka mikononi mwa serekali ya kikoloni 	0
/scratch/skscla001/experiments/datasets/swagen/audio/common_voice_sw_30262167.wav	wanahistoria na watalii kote duniani hutembelea 	0
/scratch/skscla001/experiments/datasets/swagen/audio/common_voice_sw_37093881.wav	nywele refu sana 	0
/scratch/skscla001/experiments/datasets/swagen/audio/common_voice_sw_30313837.wav	kibuyu na kuni zilitumika katika ufundi huo 	0
/scratch/skscla001/experiments/datasets/swagen/audio/common_voice_sw_30201827.wav	kila ukoo ulikuwa na kitu walichokatazwa kula omuziro 	1
/scratch/skscla001/experiments/datasets/swagen/audio/common_voice_sw_35110268.wav	pande zote mbili zimetolewa katika mahojiano yenye hoja thabiti 	0
/scratch/skscla001/experiments/datasets/swagen/audio/common_voice_sw_29939173.wav	wigo wa kufikiri maeneo hayo ni pamoja 	1
/scratch/skscla001/experiments/datasets/swagen/audio/common_voice_sw_35106504.wav	reli ni mfumo wa kupitia 	0
/scratch/skscla001/experiments/datasets/swagen/audio/common_voice_sw_35177057.wav	mifumo ya kutoa makafara na ya upatanisho yaliagizwa ili kuwapatanisha wavunjaji wa amri kumi 	0
/scratch/skscla001/experiments/datasets/swagen/audio/common_voice_sw_31916044.wav	wenda saa ngapi madrassa 	0
/scratch/skscla001/experiments/datasets/swagen/audio/common_voice_sw_34962742.wav	ninaitwa dana unaitwa nani 	0
/scratch/skscla001/experiments/datasets/swagen/audio/common_voice_sw_34979788.wav	ikiwa unafikiria kununua gari chunguza uchafuzi wake wa nitrojeni 	0
/scratch/skscla001/experiments/datasets/swagen/audio/common_voice_sw_29791448.wav	hifadhi imeendelea kuhakikisha mazingira yanasimamiwa kikamilifu 	0
/scratch/skscla001/experiments/datasets/swagen/audio/common_voice_sw_35411010.wav	maneno yoyote ya mshangao yanaweza kusababisha makosa katika oparesheni hiyo 	1
/scratch/skscla001/experiments/datasets/swagen/audio/common_voice_sw_37217245.wav	na ni milima milima katika baadhi ya wilaya zake 	0
/scratch/skscla001/experiments/datasets/swagen/audio/common_voice_sw_37223857.wav	imani hiyo hadi urusi mtemi wa kiev vladimir mkuu alipokea 	0
/scratch/skscla001/experiments/datasets/swagen/audio/common_voice_sw_30563449.wav	wanajeshi wa uganda walisonga mbele kwa tahadhari 	0
/scratch/skscla001/experiments/datasets/swagen/audio/common_voice_sw_28690678.wav	vilevile tangu kale watu waliwahi kupanga nyota za angani katika kundinyota 	1
/scratch/skscla001/experiments/datasets/swagen/audio/common_voice_sw_30380824.wav	ambayo hujiangua na kuwa larvae na baadaye kutoka kama mbu kamili 	1
/scratch/skscla001/experiments/datasets/swagen/audio/common_voice_sw_30052488.wav	alipata elimu ya msingi katika shule ya msoga 	0
/scratch/skscla001/experiments/datasets/swagen/audio/common_voice_sw_35180778.wav	mtoto wake ameng ara sana 	0
/scratch/skscla001/experiments/datasets/swagen/audio/common_voice_sw_29798638.wav	kama sehemu ya kutekeleza kawaida yake ya 	0
/scratch/skscla001/experiments/datasets/swagen/audio/common_voice_sw_29822462.wav	tozo hizi zimeondolewa ili kuwawezesha wafanyabiashara kufanya biashara zao hapa nchini 	1
/scratch/skscla001/experiments/datasets/swagen/audio/common_voice_sw_34941855.wav	viongozi wa dini wametangaza hadharani kwamba wanapinga utumiaji kondomu 	0
/scratch/skscla001/experiments/datasets/swagen/audio/common_voice_sw_36640931.wav	siwezi kulinganisha vitu hivi 	0
/scratch/skscla001/experiments/datasets/swagen/audio/common_voice_sw_28735828.wav	makao makuu ni fort de france 	1
/scratch/skscla001/experiments/datasets/swagen/audio/common_voice_sw_29924504.wav	alipendwa na kukaribishwa na mwamududa kuishi kwake 	0
/scratch/skscla001/experiments/datasets/swagen/audio/common_voice_sw_31812268.wav	wakifuata fursa za uwekezaji na biashara za aina mbalimbali 	0
/scratch/skscla001/experiments/datasets/swagen/audio/common_voice_sw_30415218.wav	udongo au pembe shanga nyekundu zilitengenezwa kutoka 	0
/scratch/skscla001/experiments/datasets/swagen/audio/common_voice_sw_29923495.wav	madai yasiyo na madai hata kidogo na huchanganyishwa mara nyingi na ajenda maalum 	0
/scratch/skscla001/experiments/datasets/swagen/audio/common_voice_sw_29790889.wav	utalii wa amboni hutegemea zaidi matumizi ya tochi kwa sababu ya kiza kinene pangoni 	0
/scratch/skscla001/experiments/datasets/swagen/audio/common_voice_sw_30074409.wav	semduda alijifungua mtoto wa kiume akamuita muyinga 	0
/scratch/skscla001/experiments/datasets/swagen/audio/common_voice_sw_36644343.wav	ambalo liliwahi kutabiriwa na marehemu ba 	0
/scratch/skscla001/experiments/datasets/swagen/audio/common_voice_sw_35442270.wav	matatizo makuu ya binadamu ingawa wachache tu wameweza 	0
/scratch/skscla001/experiments/datasets/swagen/audio/common_voice_sw_30022709.wav	jakaya kikwete alipendwa sana na wananchi wa tanzania 	0
/scratch/skscla001/experiments/datasets/swagen/audio/common_voice_sw_35105712.wav	sherehe hii sisi nasherehekea baada ya kukamilika baada ya kuisha kwa ile hajj 	0
/scratch/skscla001/experiments/datasets/swagen/audio/common_voice_sw_36641999.wav	watumwa walikamatwa au kununuliwa wakibeba pembe hadi pwani 	0
/scratch/skscla001/experiments/datasets/swagen/audio/common_voice_sw_29924876.wav	baada ya kuangushwa kwa usultani mwezi januari visiwa vya zanzibar vikawa jamhuri 	0
/scratch/skscla001/experiments/datasets/swagen/audio/common_voice_sw_31270323.wav	vivutio vya utalii vilivyopo kila pembe ya nchi yetu 	0
/scratch/skscla001/experiments/datasets/swagen/audio/common_voice_sw_29994979.wav	mchanga wake ni mweupe na laini ambao watalii humpumzika kukiwa hamna maji 	1
/scratch/skscla001/experiments/datasets/swagen/audio/common_voice_sw_36644414.wav	umbali wa maelfu ya kilomita ulikuwa unasababisha mvua ya 	0
/scratch/skscla001/experiments/datasets/swagen/audio/common_voice_sw_29924158.wav	waingereza walikuwa wakisita kuhusu zanzibar 	0
/scratch/skscla001/experiments/datasets/swagen/audio/common_voice_sw_30495664.wav	maneno ya mwanasayansi einstein yameendelea kuishi 	0
/scratch/skscla001/experiments/datasets/swagen/audio/common_voice_sw_30653654.wav	dalili za kawaida za malaria ni pamoja na kutetemeka kwa baridi na homa kali 	0
/scratch/skscla001/experiments/datasets/swagen/audio/common_voice_sw_35103991.wav	kupambana taarifa kutoka jeshi la polisi la nchi hiyo zimethibitisha 	0
/scratch/skscla001/experiments/datasets/swagen/audio/common_voice_sw_35099411.wav	zinazofikia ishirini na sita mwaka elfu mbili na elfu mbili na moja alifanikiwa kupata 	0
/scratch/skscla001/experiments/datasets/swagen/audio/common_voice_sw_30316813.wav	maziwa ni tofautiana na uji ambao 	0
/scratch/skscla001/experiments/datasets/swagen/audio/common_voice_sw_31284654.wav	kijana huyo alipokua kwa vile chifu mwamududa hakuwa na mtoto wa kiume 	0
/scratch/skscla001/experiments/datasets/swagen/audio/common_voice_sw_29788966.wav	wagoma na wagorowa pia wafiome na wagweno 	1
/scratch/skscla001/experiments/datasets/swagen/audio/common_voice_sw_30574713.wav	ulimwenguni kote hujulikana na kutambulika kwa mavazi na mapambo yao 	0
/scratch/skscla001/experiments/datasets/swagen/audio/common_voice_sw_35105726.wav	kwa kuwa ninaye yesu 	0
/scratch/skscla001/experiments/datasets/swagen/audio/common_voice_sw_29977863.wav	kilele cha shira kilikuwa na kaldera yenye lava 	0
/scratch/skscla001/experiments/datasets/swagen/audio/common_voice_sw_35425551.wav	ambapo wananchi wengi wamekumbana na madhara kwani 	0
/scratch/skscla001/experiments/datasets/swagen/audio/common_voice_sw_30241062.wav	katika afrika ya mashariki huko bagamoyo wakiona umuhimu 	0
/scratch/skscla001/experiments/datasets/swagen/audio/common_voice_sw_34812761.wav	tulisafiri na gari lao 	0
/scratch/skscla001/experiments/datasets/swagen/audio/common_voice_sw_34942988.wav	limesha kufa tayari na hao wenzetu kweli na viongozi 	0
/scratch/skscla001/experiments/datasets/swagen/audio/common_voice_sw_37331965.wav	ulaji wa chakula kilichoambukizwa na viini vinavyosababisha tatizo hili 	0
/scratch/skscla001/experiments/datasets/swagen/audio/common_voice_sw_29629988.wav	spishi mbili zinapatikana afrika na nyingine tatu huko asia 	0
/scratch/skscla001/experiments/datasets/swagen/audio/common_voice_sw_30638453.wav	kundi lingine la wapiganaji linakuwa tayari limefuzu 	0
/scratch/skscla001/experiments/datasets/swagen/audio/common_voice_sw_29790106.wav	kijiografia inaendelea ndani ya kenya inapoitwa hifadhi ya masai mara 	0
/scratch/skscla001/experiments/datasets/swagen/audio/common_voice_sw_35181647.wav	bila kujua masaibu aliyopitia msichana huyo 	0
/scratch/skscla001/experiments/datasets/swagen/audio/common_voice_sw_30030026.wav	licha ya uwepo wa bahari ya hindi katika pwani ya mombasa 	0
/scratch/skscla001/experiments/datasets/swagen/audio/common_voice_sw_29940407.wav	nchi sasa inapoteza dira hamna viongozi bora ila kuna bora viongozi aibu kwa watanzania 	0
/scratch/skscla001/experiments/datasets/swagen/audio/common_voice_sw_29885099.wav	nahisi hiyo salamu yako nayo nahisi ni chafu hivyo hivyo 	1
/scratch/skscla001/experiments/datasets/swagen/audio/common_voice_sw_29792845.wav	haruna shamte alijaribu kutaka kupora namba ya nsajigwa 	0
/scratch/skscla001/experiments/datasets/swagen/audio/common_voice_sw_30376080.wav	wanindi na wanyakyusa bila kusahau wanyambo na wanyamwanga 	1
/scratch/skscla001/experiments/datasets/swagen/audio/common_voice_sw_29792457.wav	akaanzisha mashamba ya mikarafuu kwa kutumia kazi ya watumwa 	0
/scratch/skscla001/experiments/datasets/swagen/audio/common_voice_sw_30566709.wav	simba wapandao juu ya miti pia msitu wa maji ulioko ardhini 	0
/scratch/skscla001/experiments/datasets/swagen/audio/common_voice_sw_30230348.wav	esther mkwizu aliwahi kuwa rais wa sekta binafsi tanzania 	0
/scratch/skscla001/experiments/datasets/swagen/audio/common_voice_sw_28583895.wav	hali hii inaweza kutokea hadi wiki sita baada ya kuzaa 	0
/scratch/skscla001/experiments/datasets/swagen/audio/common_voice_sw_35106167.wav	nifwateni sipitali na dawa ziko nyumbani 	0
/scratch/skscla001/experiments/datasets/swagen/audio/common_voice_sw_35104363.wav	na kujaribu na kujaribu kuharibu mali ya umma 	0
/scratch/skscla001/experiments/datasets/swagen/audio/common_voice_sw_31262001.wav	ukijisahau kusema maneno ya kumsifia mwenyekiti wa chama watu watakushangaa 	0
/scratch/skscla001/experiments/datasets/swagen/audio/common_voice_sw_30192088.wav	matibabu ya awali kwa kutumia antibayotiki huanzishwa kabla matokeo ya vipimo 	0
/scratch/skscla001/experiments/datasets/swagen/audio/common_voice_sw_30435602.wav	kuupinga utawala wa kifalm hadharani osama alivuliwa 	0
/scratch/skscla001/experiments/datasets/swagen/audio/common_voice_sw_28582079.wav	sababu yake ni nafasi ya moscow iliyoko ndani zaidi ya eneo la urusi yenyewe 	1
/scratch/skscla001/experiments/datasets/swagen/audio/common_voice_sw_29792992.wav	chus pereda aliibuka na kiatu cha dhahabu 	0
/scratch/skscla001/experiments/datasets/swagen/audio/common_voice_sw_30025127.wav	ronaldo aliondoka united baada ya tevez kuondoka 	0
/scratch/skscla001/experiments/datasets/swagen/audio/common_voice_sw_30220481.wav	wananchi watapata huduma ya umeme kwa wingi majumbani mwao 	0
/scratch/skscla001/experiments/datasets/swagen/audio/common_voice_sw_29792220.wav	kilipata nafasi za ubunge na udiwani 	0
/scratch/skscla001/experiments/datasets/swagen/audio/common_voice_sw_30147743.wav	hivyo akaangusha nguzo muhimu ya kiuchumi ya kanisa la kale 	0
/scratch/skscla001/experiments/datasets/swagen/audio/common_voice_sw_30297498.wav	heshima ya pep guardiola ni kubwa sana barani ulaya 	0
/scratch/skscla001/experiments/datasets/swagen/audio/common_voice_sw_35099624.wav	nikusaidieje tafadhali 	0
/scratch/skscla001/experiments/datasets/swagen/audio/common_voice_sw_35104718.wav	uchaguzi wa mwaka jana uliompa ushindi mwembamba mutharika mwenye umri wa miaka sabini na 	0
/scratch/skscla001/experiments/datasets/swagen/audio/common_voice_sw_30005619.wav	waarabu kutoka omani walihamia bagamoyo na kukuza biashara zao hapo 	0
/scratch/skscla001/experiments/datasets/swagen/audio/common_voice_sw_30568091.wav	madini yaliyopo katika taifa letu la tanzania 	0
/scratch/skscla001/experiments/datasets/swagen/audio/common_voice_sw_29791721.wav	na hadhi ambayo inakupa usalama katika maisha 	0
/scratch/skscla001/experiments/datasets/swagen/audio/common_voice_sw_29943259.wav	taifa la argentina lilishinda kombe la dunia kwa mara ya kwanza 	1
/scratch/skscla001/experiments/datasets/swagen/audio/common_voice_sw_37096503.wav	bidhaa kadhaa kuwa haba serikali ilijaribu kuongoza uchumi kwa mfano wa nchi za kikomunisti 	1
/scratch/skscla001/experiments/datasets/swagen/audio/common_voice_sw_35105923.wav	ya watoto kwa upande mmoja hapa haiti na kwangu mimi na upande 	0
/scratch/skscla001/experiments/datasets/swagen/audio/common_voice_sw_30659391.wav	wavulana hupiga foleni na kuimba oooooh yakwa 	0
/scratch/skscla001/experiments/datasets/swagen/audio/common_voice_sw_35146263.wav	chai imemwagika 	0
/scratch/skscla001/experiments/datasets/swagen/audio/common_voice_sw_30176727.wav	vyakula wanavyopendelea kula na wakati mwingine hata tamaduni zao utofautiana 	0
/scratch/skscla001/experiments/datasets/swagen/audio/common_voice_sw_35183689.wav	umeiweza roho yangu 	0
/scratch/skscla001/experiments/datasets/swagen/audio/common_voice_sw_30075232.wav	bila kusahau barabara na umeme na mengine mengi 	0
/scratch/skscla001/experiments/datasets/swagen/audio/common_voice_sw_35409314.wav	utaenda makilometa makumi mbili makumi na tano sijui na 	0
/scratch/skscla001/experiments/datasets/swagen/audio/common_voice_sw_31406019.wav	kusaini huko kulitangazwa katika mkutano wa waandishi wa habari dar es salaam 	0
/scratch/skscla001/experiments/datasets/swagen/audio/common_voice_sw_37332137.wav	mamia ya waandamanaji waliingia kwenye mitaa yote ya khartoum na mji wake pacha wa omdurman mashahidi walisema 	0
/scratch/skscla001/experiments/datasets/swagen/audio/common_voice_sw_30582739.wav	pia kubakisha umeme wa ziada na kuuza katika nchi jirani 	0
/scratch/skscla001/experiments/datasets/swagen/audio/common_voice_sw_30202107.wav	shimo la ajabu lijulikanalo kama shimo la mungu wilayani newala 	1
/scratch/skscla001/experiments/datasets/swagen/audio/common_voice_sw_37087619.wav	wa kwanza kumtuhumu chameleone kutumia nguvu za giza ni mkali wa muziki wa raga 	0
/scratch/skscla001/experiments/datasets/swagen/audio/common_voice_sw_28666665.wav	taratibu hutofautiana kati ya nchi na nchi 	0
/scratch/skscla001/experiments/datasets/swagen/audio/common_voice_sw_30354473.wav	mila na desturi za wangoni katika kuposa wanawake 	0
/scratch/skscla001/experiments/datasets/swagen/audio/common_voice_sw_35586602.wav	alirejea nyumbani nairobi akitokea the haque uholanzi yalipo makao makuu ya mahakama 	0
/scratch/skscla001/experiments/datasets/swagen/audio/common_voice_sw_30368435.wav	utafiti wa ziada bado unahitajika sana 	0
/scratch/skscla001/experiments/datasets/swagen/audio/common_voice_sw_35183608.wav	we tumbo nitakupa nini uwe umetosheka 	0
/scratch/skscla001/experiments/datasets/swagen/audio/common_voice_sw_30002122.wav	jambo hili huwa linatukosesha usingizi timu nzima 	1
/scratch/skscla001/experiments/datasets/swagen/audio/common_voice_sw_29923503.wav	wengi wamekuwa hawajui maana ya upendo 	0
/scratch/skscla001/experiments/datasets/swagen/audio/common_voice_sw_30100672.wav	mara nyingi unyanyapaa wa ukimwi huonyeshwa pamoja na unyanyapaa wa aina moja au nyingine 	1
/scratch/skscla001/experiments/datasets/swagen/audio/common_voice_sw_29653987.wav	aliandika historia kama mwanamke wa kwanza wa nigeria kupewa shahada ya udaktari 	0
/scratch/skscla001/experiments/datasets/swagen/audio/common_voice_sw_30036211.wav	baada ya kufanya vizuri mwaka elfu mbili na kumi na nane kombe la sportpesa 	0
/scratch/skscla001/experiments/datasets/swagen/audio/common_voice_sw_30055092.wav	alipigwa risasi wakati akicheza mchezo wa bao na wenzake 	0
/scratch/skscla001/experiments/datasets/swagen/audio/common_voice_sw_30173301.wav	hii ilisababishwa na kukosekana wachezai wenye kaliba ya alex james katika soka la uingereza 	0
/scratch/skscla001/experiments/datasets/swagen/audio/common_voice_sw_35104474.wav	na kisha akamwokoa nuhu na familia yake kwa kuwatoa kwenye kifungo 	0
/scratch/skscla001/experiments/datasets/swagen/audio/common_voice_sw_30522726.wav	nimonia na kikohozi kisichoisha kwa tafsiri ya kawaida ni maambukizi yanayojitokeza kwenye mapafu 	0
/scratch/skscla001/experiments/datasets/swagen/audio/common_voice_sw_29797707.wav	anasema kazi ya kupambana na ujangili ni ngumu 	0
/scratch/skscla001/experiments/datasets/swagen/audio/common_voice_sw_31823717.wav	kwani ndiyo siku zilishushwa chini bendera zote za utawala wa waingereza 	0
/scratch/skscla001/experiments/datasets/swagen/audio/common_voice_sw_37096435.wav	katika maeneo ya mpwapwa na dodoma mwaka 	0
/scratch/skscla001/experiments/datasets/swagen/audio/common_voice_sw_29797416.wav	migogoro ndani ya nchi ni chanzo cha vita 	0
/scratch/skscla001/experiments/datasets/swagen/audio/common_voice_sw_35214150.wav	changamoto nyingine ni ukosefu wa mapato ya serikali 	0
/scratch/skscla001/experiments/datasets/swagen/audio/common_voice_sw_28682713.wav	tangu zamani anaheshimiwa kama mtakatifu na babu wa kanisa 	1
/scratch/skscla001/experiments/datasets/swagen/audio/common_voice_sw_34995273.wav	abiria wengine walijirusha kwenye bahari ya atlantiki 	0
/scratch/skscla001/experiments/datasets/swagen/audio/common_voice_sw_31285997.wav	kwa sasa hivi ni mkuu wa wilaya ya temeke 	0
/scratch/skscla001/experiments/datasets/swagen/audio/common_voice_sw_35587859.wav	kama kanuni kuu za maadili na ufunuo wa tabia ya mungu kama vile ilivyokuwa 	0
/scratch/skscla001/experiments/datasets/swagen/audio/common_voice_sw_29795509.wav	chuo kikuu cha daressalaam tanzania na chuo kikuucha salford uingereza 	1
/scratch/skscla001/experiments/datasets/swagen/audio/common_voice_sw_29237691.wav	masuala ya afya 	0
/scratch/skscla001/experiments/datasets/swagen/audio/common_voice_sw_31406062.wav	hata hivyo vyakula vingi vitamu vina wanga mwingi 	0
/scratch/skscla001/experiments/datasets/swagen/audio/common_voice_sw_29993434.wav	mechi nyingi za michuano la kombe la dunia zilifanyika mjini azteca 	1
/scratch/skscla001/experiments/datasets/swagen/audio/common_voice_sw_30630630.wav	ni mabadiliko yanayojitokeza kwenye kucha za muathirika 	0
/scratch/skscla001/experiments/datasets/swagen/audio/common_voice_sw_30033909.wav	uruguay ndio nchi yenye historia ya kuanza kutwaa kombe la dunia tangu lilipoanzishwa 	0
/scratch/skscla001/experiments/datasets/swagen/audio/common_voice_sw_30196710.wav	mchezo wa mpira wa miguu unavutia sana kutazama 	0
/scratch/skscla001/experiments/datasets/swagen/audio/common_voice_sw_36389494.wav	milima inayopanda hadi ya kimo cha m elfu tatu mia sita kumi na moja 	1
/scratch/skscla001/experiments/datasets/swagen/audio/common_voice_sw_31581517.wav	zamadamu alikuwa akiishi kwenye bonde la ufa 	0
/scratch/skscla001/experiments/datasets/swagen/audio/common_voice_sw_29787906.wav	eneo la cameroon na mto congo pia eneo la niger 	1
/scratch/skscla001/experiments/datasets/swagen/audio/common_voice_sw_35198958.wav	nichekeshe kibogoyo nami nipate kuwika 	0
/scratch/skscla001/experiments/datasets/swagen/audio/common_voice_sw_34833141.wav	babu amepotea 	0
/scratch/skscla001/experiments/datasets/swagen/audio/common_voice_sw_30331141.wav	amin alipandishwa cheo na waziri mkuu milton obote baada ya uasi 	0
/scratch/skscla001/experiments/datasets/swagen/audio/common_voice_sw_34746343.wav	leo ni siku njema kama ilivyo onekana asubuhi 	0
/scratch/skscla001/experiments/datasets/swagen/audio/common_voice_sw_31996016.wav	mbundikebundike huna haja ya kumsonga kilimanjaro kama kawaida 	0
/scratch/skscla001/experiments/datasets/swagen/audio/common_voice_sw_35279197.wav	ilikuwa jukumu kubwa sana kwake huku akihofia 	0
/scratch/skscla001/experiments/datasets/swagen/audio/common_voice_sw_30327721.wav	sekta ya usafirishaji kwenye sekta ya usafiri wa majini 	0
/scratch/skscla001/experiments/datasets/swagen/audio/common_voice_sw_30634770.wav	karume alitakiwa alipe shilingi mia tano na hamsini kila mwezi 	1
/scratch/skscla001/experiments/datasets/swagen/audio/common_voice_sw_37218422.wav	zaidi kwa mtu binafsi upatikanaji wa kutegemeka haijabainika wazi iwapo 	0
/scratch/skscla001/experiments/datasets/swagen/audio/common_voice_sw_28962939.wav	mahakama ina kazi ya kuhakikisha usawa mbele ya sheria kwa watu wote 	1
/scratch/skscla001/experiments/datasets/swagen/audio/common_voice_sw_30574002.wav	wakulima wao waliishi sehemu za milimani 	0
/scratch/skscla001/experiments/datasets/swagen/audio/common_voice_sw_29620527.wav	nafasi yake ilichukuliwa na mtoto wake kim jong un 	0
/scratch/skscla001/experiments/datasets/swagen/audio/common_voice_sw_30003829.wav	wilaya ya rungwe ni eneo lenye mvua nyingi katika tanzania 	0
/scratch/skscla001/experiments/datasets/swagen/audio/common_voice_sw_29791994.wav	ruhuhu na ruipa upo pia mto rungwa 	0
/scratch/skscla001/experiments/datasets/swagen/audio/common_voice_sw_30177396.wav	kitu cha msingi ni kuangalia na kuzifanyia kazi sifa unazozitaka kutoka kwa mpenzi wako 	0
/scratch/skscla001/experiments/datasets/swagen/audio/common_voice_sw_29923355.wav	nchi ya burkina faso walikuwa wenyeji wa fainali za mataifa ya afrika 	0
/scratch/skscla001/experiments/datasets/swagen/audio/common_voice_sw_35438772.wav	nyumba za mji mkongwe zilijengwa tangu mwaka elfu moja mia nane thelathini 	0
/scratch/skscla001/experiments/datasets/swagen/audio/common_voice_sw_30522730.wav	uzalishaji unaohusisha nguo vinywaji na vyakula 	0
/scratch/skscla001/experiments/datasets/swagen/audio/common_voice_sw_30072227.wav	mtaalamu wa historia frank schubert anasema mapinduzi ya obote yalibainisha wazi 	0
/scratch/skscla001/experiments/datasets/swagen/audio/common_voice_sw_31406151.wav	kama ilivyokuwa ngumu kwa wenger kuondoka arsenal 	0
/scratch/skscla001/experiments/datasets/swagen/audio/common_voice_sw_37088671.wav	na mataifa mengine kwa hilo tunaweza kushinda kwa amani 	0
/scratch/skscla001/experiments/datasets/swagen/audio/common_voice_sw_35156093.wav	asiye na wake ana mungu 	0
/scratch/skscla001/experiments/datasets/swagen/audio/common_voice_sw_36039686.wav	punk imany david guetta soprano martin solveig kutoka nchini ufransa 	0
/scratch/skscla001/experiments/datasets/swagen/audio/common_voice_sw_35279613.wav	kampeni mbalimbali kama maleria na hata katika uchaguzi uliopita mmeona jinsi wasanii walivyokuwa wakitumika 	0
/scratch/skscla001/experiments/datasets/swagen/audio/common_voice_sw_30375227.wav	walio katika uhusiano na hata kusoma baadhi ya tafiti 	0
/scratch/skscla001/experiments/datasets/swagen/audio/common_voice_sw_36105820.wav	claus tv na claus redio na mambo mengine kaka ruge 	0
/scratch/skscla001/experiments/datasets/swagen/audio/common_voice_sw_29923206.wav	kurudi nyuma kwa uchumi walikadiria makali yake kwa kiwango cha chini mno 	0
/scratch/skscla001/experiments/datasets/swagen/audio/common_voice_sw_29791867.wav	mchezaji wa peru teofile alicheza vizuri sana 	0
/scratch/skscla001/experiments/datasets/swagen/audio/common_voice_sw_30574782.wav	shimo linaongezeka kila baada ya muda na karibu lifikie makazi ya watu 	0
/scratch/skscla001/experiments/datasets/swagen/audio/common_voice_sw_34906817.wav	jumapili hii ya leo nashirikiana na mwezangu emanuel makundi 	0
/scratch/skscla001/experiments/datasets/swagen/audio/common_voice_sw_28672859.wav	lugha rasmi ni kihispania 	0
/scratch/skscla001/experiments/datasets/swagen/audio/common_voice_sw_32090625.wav	polisi huchisia vachu kwa bundhuki dhavo 	1
/scratch/skscla001/experiments/datasets/swagen/audio/common_voice_sw_34841654.wav	wakati anawaza alizunguka upande wa kushoto wa nyumba 	0
/scratch/skscla001/experiments/datasets/swagen/audio/common_voice_sw_30005144.wav	wanyambo hupenda kula ndizi kama chakula chao 	0
/scratch/skscla001/experiments/datasets/swagen/audio/common_voice_sw_30024256.wav	baadae aliuawa akiwa tanganyika kwa sasa tanzania 	0
/scratch/skscla001/experiments/datasets/swagen/audio/common_voice_sw_29997547.wav	arsenal walilala kwa mabao mawili kwa moja dhidi ya vijana wa frank rijkard 	1
/scratch/skscla001/experiments/datasets/swagen/audio/common_voice_sw_28739856.wav	kutokana na juhudi zake upigaji picha ukawa kazi yake katika sanaa 	1
/scratch/skscla001/experiments/datasets/swagen/audio/common_voice_sw_30527299.wav	tembo hana uwezo mkubwa wa kutambua vitu kwa kuona 	0
/scratch/skscla001/experiments/datasets/swagen/audio/common_voice_sw_30176710.wav	wamehamia huko kwa ajili ya kufata kilimo na malisho ya mifugo 	0
/scratch/skscla001/experiments/datasets/swagen/audio/common_voice_sw_30582645.wav	kuna mijadala ya wataalamu mbalimbali inayozungumzia chimbuko la lugha ya kiswahili 	0
/scratch/skscla001/experiments/datasets/swagen/audio/common_voice_sw_37096968.wav	asia ndogo sanamu ya zeus mjini olympia ugiriki ya kale 	0
/scratch/skscla001/experiments/datasets/swagen/audio/common_voice_sw_30653492.wav	mababu waliotokea ugogo waliishi vyema na makibila jirani 	0
/scratch/skscla001/experiments/datasets/swagen/audio/common_voice_sw_34826900.wav	amefuzu katika uhandisi 	0
/scratch/skscla001/experiments/datasets/swagen/audio/common_voice_sw_30056152.wav	pia raia wa burundi wanapeleka bidhaa zao tanzania kutafuta soko 	0
/scratch/skscla001/experiments/datasets/swagen/audio/common_voice_sw_30653709.wav	bila kusahau halamashauri ya wilaya ya ikungi na halmashauri ya wilaya iramba 	0
/scratch/skscla001/experiments/datasets/swagen/audio/common_voice_sw_31285564.wav	kwa mtoto tangu anazaliwa hadi anapokua 	0
/scratch/skscla001/experiments/datasets/swagen/audio/common_voice_sw_36366187.wav	chamcha ki tayari 	0
/scratch/skscla001/experiments/datasets/swagen/audio/common_voice_sw_28874561.wav	tangu kale anaheshimiwa na kanisa katoliki waorthodoksi na wengineo kama mtakatifu 	0
/scratch/skscla001/experiments/datasets/swagen/audio/common_voice_sw_34917790.wav	sijawahi ona mlima kenya 	0
/scratch/skscla001/experiments/datasets/swagen/audio/common_voice_sw_30030244.wav	ambao uliyagharimu maisha ya mamia ya wapendwa wetu 	0
/scratch/skscla001/experiments/datasets/swagen/audio/common_voice_sw_34942722.wav	na wakuu wa wakati huo jeshini dhidi ya waziri mkuu 	0
/scratch/skscla001/experiments/datasets/swagen/audio/common_voice_sw_29203527.wav	alikwenda huko kama padri mmisionari kutoka hispania 	0
/scratch/skscla001/experiments/datasets/swagen/audio/common_voice_sw_37212180.wav	wimbo huo aliucheza katika moja ya vipindi ambavyo alikuwa akiviendesha 	0
/scratch/skscla001/experiments/datasets/swagen/audio/common_voice_sw_30368636.wav	hawa wote huajiriwa na serikali chini ya mamlaka ya hifadhi 	0
/scratch/skscla001/experiments/datasets/swagen/audio/common_voice_sw_28718678.wav	yeye alicheza katika nafasi ya kati na pia kwenye upande wa kushoto 	0
/scratch/skscla001/experiments/datasets/swagen/audio/common_voice_sw_30470906.wav	ndiye pekee miongoni mwa wazanzibari ambaye angeweza kuendeleza fikra 	1
/scratch/skscla001/experiments/datasets/swagen/audio/common_voice_sw_34597764.wav	alishindwa kufua dafu katika uchaguzi wa bunge 	0
/scratch/skscla001/experiments/datasets/swagen/audio/common_voice_sw_29962173.wav	mvua za muda mrefu hunyesha kati ya mwezi februari na juni 	0
/scratch/skscla001/experiments/datasets/swagen/audio/common_voice_sw_37089142.wav	na uholanzi baadaye mnamo mwaka mia mbili na tatu b k aliishi mama 	0
/scratch/skscla001/experiments/datasets/swagen/audio/common_voice_sw_28874041.wav	majani yake huwa na rangi ya kijani au nyekundu 	0
/scratch/skscla001/experiments/datasets/swagen/audio/common_voice_sw_34917845.wav	ya pwani na ziwa tanganyika misafara hiyo ambayo ilikuwa ikibeba bidhaa za nje kama 	0
/scratch/skscla001/experiments/datasets/swagen/audio/common_voice_sw_30035952.wav	kati ya mwezi julai hadi mwezi oktoba wakiwa kenya 	0
/scratch/skscla001/experiments/datasets/swagen/audio/common_voice_sw_29794166.wav	na ujanja wa kizaramo wa kumfukuza mwizi kimyakimya 	0
/scratch/skscla001/experiments/datasets/swagen/audio/common_voice_sw_31446570.wav	jiwe kubwa ambalo kule wanaita mbaga 	0
/scratch/skscla001/experiments/datasets/swagen/audio/common_voice_sw_28961802.wav	serikali ina utaratibu wa kidemokrasia ya vyama vingi 	0
/scratch/skscla001/experiments/datasets/swagen/audio/common_voice_sw_29938497.wav	zinazotiririsha maji kuelekea bondeni kwenye makazi ya watu 	1
/scratch/skscla001/experiments/datasets/swagen/audio/common_voice_sw_37225431.wav	chakula anachokula kima punju hula maganda ya matunda 	0
/scratch/skscla001/experiments/datasets/swagen/audio/common_voice_sw_29797832.wav	malaria ni hatari zaidi kwa wajawazito kuliko watu wa kawaida 	0
/scratch/skscla001/experiments/datasets/swagen/audio/common_voice_sw_30628192.wav	badala ya kuingia kwenye nafasi yake mwenyewe 	0
/scratch/skscla001/experiments/datasets/swagen/audio/common_voice_sw_35206867.wav	mtaalamu wa ufundi alishangaa ni daftari gani analolizungumzia jacob 	0
/scratch/skscla001/experiments/datasets/swagen/audio/common_voice_sw_30630169.wav	ambapo maneno mengi ya makabila haya yanafanana 	1
/scratch/skscla001/experiments/datasets/swagen/audio/common_voice_sw_29789483.wav	hii ni kutokana na ukweli wa kwamba 	0
/scratch/skscla001/experiments/datasets/swagen/audio/common_voice_sw_30574579.wav	ameupindua utawala wakahisi mtwa mkwawa angeweza kuuawa 	0
/scratch/skscla001/experiments/datasets/swagen/audio/common_voice_sw_29793059.wav	zinazotumiwa na wavuvi wadogo wadogo wa mataifa haya 	0
/scratch/skscla001/experiments/datasets/swagen/audio/common_voice_sw_29936580.wav	ambaye anaweza kushiriki katika uponyaji wa kidini 	1
/scratch/skscla001/experiments/datasets/swagen/audio/common_voice_sw_29986407.wav	mnyama huyo licha ya sifa hiyo anasifa nyingi nyingi katika maisha yake 	1
/scratch/skscla001/experiments/datasets/swagen/audio/common_voice_sw_30563424.wav	aliendeleza vizuri mambo ya ujamaa na kujitegemea 	0
/scratch/skscla001/experiments/datasets/swagen/audio/common_voice_sw_30220174.wav	pep hakutwaa kombe lolote la ligi ya uingereza 	0
/scratch/skscla001/experiments/datasets/swagen/audio/common_voice_sw_35107820.wav	ili waweze kuondokana na utumiaji wa madawa na hawa wanaouza madawa ya kulevya 	0
/scratch/skscla001/experiments/datasets/swagen/audio/common_voice_sw_34598589.wav	kukabiliana na changamoto ya ununuzi 	0
/scratch/skscla001/experiments/datasets/swagen/audio/common_voice_sw_29791092.wav	simba na chui hawapatikani kwenye hifadhi ya gombe 	0
/scratch/skscla001/experiments/datasets/swagen/audio/common_voice_sw_30653843.wav	amin alichukua kichwa chake ndani ya ukumbi mikononi mwake na ghafla akamlaani 	0
/scratch/skscla001/experiments/datasets/swagen/audio/common_voice_sw_30574907.wav	luteni kanali morrison singano akawa anatuma ripoti za ilani 	0
/scratch/skscla001/experiments/datasets/swagen/audio/common_voice_sw_29793927.wav	walipoteza mzazi mmoja au wazazi wote kwa ukimwi 	0
/scratch/skscla001/experiments/datasets/swagen/audio/common_voice_sw_30230637.wav	kamwe sitoacha kujilaumu kupambana ili kuludisha thamani yao katika jamii 	0
/scratch/skscla001/experiments/datasets/swagen/audio/common_voice_sw_30081019.wav	moja ya maajabu yalimkuta mzungu aliye ingia na mbwa wake kisha kapotea naye 	0
/scratch/skscla001/experiments/datasets/swagen/audio/common_voice_sw_35110412.wav	sana na sheria ya kirumi kama tofauti kati ya 	0
/scratch/skscla001/experiments/datasets/swagen/audio/common_voice_sw_30653529.wav	alishindwa kuongoza na kusimamia madhumuni ya mapinduzi visiwani 	0
/scratch/skscla001/experiments/datasets/swagen/audio/common_voice_sw_35587860.wav	au stesheni za mitaa na mitandao yenye miundo lazima zichukua 	0
/scratch/skscla001/experiments/datasets/swagen/audio/common_voice_sw_34958214.wav	husema kwamba dawa ya kulevya ya ecstasy ni salama na humsisimua 	0
/scratch/skscla001/experiments/datasets/swagen/audio/common_voice_sw_35105443.wav	na katika ujumbe wake siku ya jumapili 	0
/scratch/skscla001/experiments/datasets/swagen/audio/common_voice_sw_29856725.wav	kwame nkrumah alimaliza masomo akapokea shahada yake ya kwanza 	1
/scratch/skscla001/experiments/datasets/swagen/audio/common_voice_sw_36381104.wav	ambayo usingeweza hata kupata kuyauliza lakini unahitaji 	1
/scratch/skscla001/experiments/datasets/swagen/audio/common_voice_sw_30356900.wav	kuchangia katika uhamasishaji wao wa muda mrefu kisiasa 	0
/scratch/skscla001/experiments/datasets/swagen/audio/common_voice_sw_29544778.wav	sasa amekuwa rais wa kwanza mwanamke na rais wa kwanza kutoka zanzibar 	0
/scratch/skscla001/experiments/datasets/swagen/audio/common_voice_sw_37094279.wav	katika kufanya hivyo lazima nchi iwe tulivu 	1
/scratch/skscla001/experiments/datasets/swagen/audio/common_voice_sw_31406168.wav	hifadhi hii ni ukanda mwembamba wa msitu wa mlima unaokatizwa na miteremko mikali 	0
/scratch/skscla001/experiments/datasets/swagen/audio/common_voice_sw_35176537.wav	mawasiliano ya karibu yalihitajika ili kushirikisha wadau 	0
/scratch/skscla001/experiments/datasets/swagen/audio/common_voice_sw_29818577.wav	reli hii ambayo pia huitwa reli ya uhuru 	0
/scratch/skscla001/experiments/datasets/swagen/audio/common_voice_sw_29797913.wav	man city wametumia pesa nyingi sana kujenga timu 	0
/scratch/skscla001/experiments/datasets/swagen/audio/common_voice_sw_37216258.wav	amefikisha ukingoni 	0
/scratch/skscla001/experiments/datasets/swagen/audio/common_voice_sw_35103616.wav	ingia mkataba na kampuni ya universal records 	0
/scratch/skscla001/experiments/datasets/swagen/audio/common_voice_sw_34811321.wav	wa elfu moja mia tisa tisini na moja 	0
/scratch/skscla001/experiments/datasets/swagen/audio/common_voice_sw_30323459.wav	wanadamu wanampenda sana kuishi karibu na tausi 	1
/scratch/skscla001/experiments/datasets/swagen/audio/common_voice_sw_28761158.wav	hapo awali alikuwa jaji mkuu wakati huo bw 	0
/scratch/skscla001/experiments/datasets/swagen/audio/common_voice_sw_36382280.wav	ambayo yanahatarisha muungano wetu na jamii na mungu 	1
/scratch/skscla001/experiments/datasets/swagen/audio/common_voice_sw_34810846.wav	hotuba ya rais 	0
/scratch/skscla001/experiments/datasets/swagen/audio/common_voice_sw_30034289.wav	kwa kuepuka kuchangia vifaa au vitu vyenye ncha kali 	0
/scratch/skscla001/experiments/datasets/swagen/audio/common_voice_sw_36642170.wav	mdimangombe kabla ya kuwa sultan alilelewa na kutumwa kazi na mndewa mkulu mwande ambaye 	0
/scratch/skscla001/experiments/datasets/swagen/audio/common_voice_sw_34823586.wav	mpya kwenye eneo la wakimbizi nchini duniani 	0
/scratch/skscla001/experiments/datasets/swagen/audio/common_voice_sw_34833575.wav	kila timu ikiwa na wachezaji kumi na mmoja 	0
/scratch/skscla001/experiments/datasets/swagen/audio/common_voice_sw_35172737.wav	nchi hiyo ilianza kupelekea mataifa mengine msaada 	0
/scratch/skscla001/experiments/datasets/swagen/audio/common_voice_sw_29924156.wav	baadhi ya maeneo ya matombo na kiroka 	0
/scratch/skscla001/experiments/datasets/swagen/audio/common_voice_sw_30527177.wav	historia ya mkoa wa mara inaanzia mwaka elfu moja mia tisa kumi na sita 	0
/scratch/skscla001/experiments/datasets/swagen/audio/common_voice_sw_30623798.wav	hata hivyo kutokana na mfumo wake wa maisha 	0
/scratch/skscla001/experiments/datasets/swagen/audio/common_voice_sw_30653653.wav	ila wazee hukaa nje kidogo ya nyumba na kukoka moto 	0
/scratch/skscla001/experiments/datasets/swagen/audio/common_voice_sw_35103917.wav	duniani inashika nafasi ya sitini na tisa 	0
/scratch/skscla001/experiments/datasets/swagen/audio/common_voice_sw_31596844.wav	hazikupita siku saba sokoine akafa kwa ajali ya gari 	0
/scratch/skscla001/experiments/datasets/swagen/audio/common_voice_sw_37098697.wav	michael aliyetumia dawa za kulevya kila siku alitaja athari zake 	1
/scratch/skscla001/experiments/datasets/swagen/audio/common_voice_sw_30105025.wav	ushindi wetu ni uthibitisho kuwa mikakati ya lengo letu imeanza vizuri 	0
/scratch/skscla001/experiments/datasets/swagen/audio/common_voice_sw_30004632.wav	mwenge unarudisha heshima ya wale wote waliopoteza heshima 	0
/scratch/skscla001/experiments/datasets/swagen/audio/common_voice_sw_29736137.wav	idadi hii ilikua tena 	0
/scratch/skscla001/experiments/datasets/swagen/audio/common_voice_sw_29797769.wav	mapinduzi ya zanzibar yanaadhimishwa kila mwaka kama sikukuu ya taifa zima la tanzania 	0
/scratch/skscla001/experiments/datasets/swagen/audio/common_voice_sw_28735840.wav	mashirika yasiyo ya kiserikali yako kwenye ngazi ya miji maeneo kitaifa na kimataifa 	1
/scratch/skscla001/experiments/datasets/swagen/audio/common_voice_sw_30362587.wav	kwa njia ya barabara kutoka hifadhi ya taifa ya serengeti 	0
/scratch/skscla001/experiments/datasets/swagen/audio/common_voice_sw_29897129.wav	kuna takriban lugha thelathini na sita za nilo sahara 	1
/scratch/skscla001/experiments/datasets/swagen/audio/common_voice_sw_34598027.wav	na athari zinazoweza kujitokeza katika uchumi wa dunia 	0
/scratch/skscla001/experiments/datasets/swagen/audio/common_voice_sw_36616998.wav	aliyeandika waraka hadharani kupinga hatua ya kuigeuza chato kuwa mkoa kamili 	0
/scratch/skscla001/experiments/datasets/swagen/audio/common_voice_sw_29791402.wav	vivutio vikubwa vya utalii duniani mara nyingi 	0
/scratch/skscla001/experiments/datasets/swagen/audio/common_voice_sw_30653544.wav	ajabu sasa hadi sasa matunda ambayo dunia imeyatumia ni matunda mia mbili tu 	0
/scratch/skscla001/experiments/datasets/swagen/audio/common_voice_sw_35146264.wav	naye sekretari wa rais yoweri museveni tamale mirundi alielezea rekodi ya idi amin ya 	0
/scratch/skscla001/experiments/datasets/swagen/audio/common_voice_sw_29793610.wav	pia michezo huitambulisha nchi wanapopata nafasi ya kushiriki kitaifa na kimataifa ili kujenga ushirikiano 	0
/scratch/skscla001/experiments/datasets/swagen/audio/common_voice_sw_29727469.wav	beseni yake ina umbo kama s 	0
/scratch/skscla001/experiments/datasets/swagen/audio/common_voice_sw_28703835.wav	awali ilikuwa ni hifadhi ya misitu kabla ya kutangazwa kama mbuga ya kitaifa 	0
/scratch/skscla001/experiments/datasets/swagen/audio/common_voice_sw_36331526.wav	mvua za muda mfupi ni oltumuret 	1
/scratch/skscla001/experiments/datasets/swagen/audio/common_voice_sw_34958793.wav	mizimu wakupa kweli wakueleze undani 	0
/scratch/skscla001/experiments/datasets/swagen/audio/common_voice_sw_30262107.wav	uholanzi alishika nafasi ya tatu kwenye michuano ya kombe la dunia 	0
/scratch/skscla001/experiments/datasets/swagen/audio/common_voice_sw_30522833.wav	kwa sababu imekuwa ikibeba mizigo mikubwa 	0
/scratch/skscla001/experiments/datasets/swagen/audio/common_voice_sw_30269413.wav	maana vijana na wazee walikuwa huru kupitia juhudi zake 	0
/scratch/skscla001/experiments/datasets/swagen/audio/common_voice_sw_35160847.wav	kuchukua maamuzi mazito kupunguza idadi ya mfanyakazi 	0
/scratch/skscla001/experiments/datasets/swagen/audio/common_voice_sw_29791520.wav	wageni hawa walikuja huku afrika kwa kutumia usafiri wa mashua 	0
/scratch/skscla001/experiments/datasets/swagen/audio/common_voice_sw_29789914.wav	bila shaka ataacha rekodi ambazo zitakuwa ngumu kuvunjwa 	0
/scratch/skscla001/experiments/datasets/swagen/audio/common_voice_sw_29941754.wav	msimu uliyofuata pep alihamia ujerumani 	1
/scratch/skscla001/experiments/datasets/swagen/audio/common_voice_sw_30630582.wav	pazia la chuma lilitandikwa katika bara la ulaya kuanzia stettin upande wa kaskazini 	0
/scratch/skscla001/experiments/datasets/swagen/audio/common_voice_sw_30718704.wav	nchi karibu zote za africa mashariki zinatumia tanzania kupokea mizigo 	0
/scratch/skscla001/experiments/datasets/swagen/audio/common_voice_sw_30104935.wav	inaaminika kuwa handebezyo ni eneo la kwanza ambalo lilianza kukaliwa na watu 	0
/scratch/skscla001/experiments/datasets/swagen/audio/common_voice_sw_29791332.wav	bila kusahau wilaya za handeni na korogwe 	0
/scratch/skscla001/experiments/datasets/swagen/audio/common_voice_sw_35123739.wav	wamasai hujifunza lugha kiswahili na kingeraza wakiwa shuleni 	0
/scratch/skscla001/experiments/datasets/swagen/audio/common_voice_sw_35099110.wav	la majanga ya moto katika eneo la msitu wa 	0
/scratch/skscla001/experiments/datasets/swagen/audio/common_voice_sw_29923733.wav	dakta jakaya mrisho kikwete alikuwa mbunge 	0
/scratch/skscla001/experiments/datasets/swagen/audio/common_voice_sw_35412156.wav	castro alidai kuwa alilazimishwa kuingia katika mikono ya muungao wa kisovieti 	1
/scratch/skscla001/experiments/datasets/swagen/audio/common_voice_sw_29924694.wav	wakazi wengi wa eneo hilo ni wakulima wa kahawa na ndizi 	0
/scratch/skscla001/experiments/datasets/swagen/audio/common_voice_sw_36390261.wav	nampenda mamangu sana 	0
/scratch/skscla001/experiments/datasets/swagen/audio/common_voice_sw_30552536.wav	ni vyema ikumbukwe na ieleweke kwamba mamlaka ya hifadhi ngorongoro 	0
/scratch/skscla001/experiments/datasets/swagen/audio/common_voice_sw_30180119.wav	kubwa zaidi ya haya ni ziwa lenye urefu wa kilometa mbili na nusu 	1
/scratch/skscla001/experiments/datasets/swagen/audio/common_voice_sw_37212358.wav	naam ndivyo anavyoondoka pendo po na makala 	0
/scratch/skscla001/experiments/datasets/swagen/audio/common_voice_sw_35106463.wav	usimchokoze mwanangu mzuri 	0
/scratch/skscla001/experiments/datasets/swagen/audio/common_voice_sw_29612143.wav	asili yake ni delta ya alfabeti ya kigiriki 	1
/scratch/skscla001/experiments/datasets/swagen/audio/common_voice_sw_30003898.wav	zidane akatoka juventus akajiunga real madrid 	0
/scratch/skscla001/experiments/datasets/swagen/audio/common_voice_sw_34597625.wav	ni shughuli za kibinadamu na zile zinazozalisha uchafuzi wa aina hii 	0
/scratch/skscla001/experiments/datasets/swagen/audio/common_voice_sw_29947080.wav	milipuko pia hutokea kwa watu wenye kinga dhaifu wanapoingia maeneo yenye malaria kwa wingi 	0
/scratch/skscla001/experiments/datasets/swagen/audio/common_voice_sw_35180779.wav	mgonjwa amepona 	0
/scratch/skscla001/experiments/datasets/swagen/audio/common_voice_sw_29798084.wav	wapi na muda tajwa kulingana na mazingira 	0
/scratch/skscla001/experiments/datasets/swagen/audio/common_voice_sw_35104292.wav	obama leo anatarajiwa kutembelea mji wa new delhi ambao atafanya mazungumzo 	0
/scratch/skscla001/experiments/datasets/swagen/audio/common_voice_sw_30369308.wav	unamchukiaje mtu uliyemkabidhi ilani ya uchaguzi na ameitekeleza kwa kiwango cha juu 	0
/scratch/skscla001/experiments/datasets/swagen/audio/common_voice_sw_29790829.wav	ugonjwa wa mwinuko ni adui wako 	0
/scratch/skscla001/experiments/datasets/swagen/audio/common_voice_sw_31446790.wav	hugubikwa na mambo mengi ya nje na ndani ya uwanja 	0
/scratch/skscla001/experiments/datasets/swagen/audio/common_voice_sw_30527504.wav	wairwana wana maeneo kuelekea kaskazini ambayo ni sehemu ndogo sana 	0
/scratch/skscla001/experiments/datasets/swagen/audio/common_voice_sw_29727959.wav	hapo kuna vipimo vingine 	1
/scratch/skscla001/experiments/datasets/swagen/audio/common_voice_sw_35146342.wav	aa jeshi la polisi nchini zimbabwe na linamushililia wa waziri wa nisheti 	0
/scratch/skscla001/experiments/datasets/swagen/audio/common_voice_sw_29488725.wav	hali halisi nyota ni vitu sawa na jua letu ambalo ni nyota mojawapo 	0
/scratch/skscla001/experiments/datasets/swagen/audio/common_voice_sw_29420708.wav	jina linatokana na ziwa mai ndombe linalopatikana katikati yake 	0
/scratch/skscla001/experiments/datasets/swagen/audio/common_voice_sw_29792092.wav	akizungukwa na watoto wa mayahudi na kiarabu 	0
/scratch/skscla001/experiments/datasets/swagen/audio/common_voice_sw_30354949.wav	sir alex na pep guardiola ni makocha wa pekee 	0
/scratch/skscla001/experiments/datasets/swagen/audio/common_voice_sw_29793226.wav	jitihada hizo zilishindikana kufuatia hali ya nkrumah kuwa mbaya 	0
/scratch/skscla001/experiments/datasets/swagen/audio/common_voice_sw_30376447.wav	huyu ni msanii maarufu wa muziki wa injili katika lugha ya swahili 	0
/scratch/skscla001/experiments/datasets/swagen/audio/common_voice_sw_35250424.wav	khazar western and eastern turkic avar na uyghur kaganates 	0
/scratch/skscla001/experiments/datasets/swagen/audio/common_voice_sw_35587910.wav	rangi nyeusi watala kitu chochote kinachoendelea kutoka 	0
/scratch/skscla001/experiments/datasets/swagen/audio/common_voice_sw_29797711.wav	mataifa mengi ulimwenguni hayana amani kama tanzania 	0
/scratch/skscla001/experiments/datasets/swagen/audio/common_voice_sw_30364741.wav	shughuli za kitalii ambazo hufanyika katika kijiji cha wahadzabe 	0
/scratch/skscla001/experiments/datasets/swagen/audio/common_voice_sw_28689055.wav	lugha hizi mbili zina asili moja 	0
/scratch/skscla001/experiments/datasets/swagen/audio/common_voice_sw_30054692.wav	utalii wa maporomoko ya rusumo unakadiriwa kuongezeka kila mwaka 	0
/scratch/skscla001/experiments/datasets/swagen/audio/common_voice_sw_34917831.wav	siku hizi wakristo kote duniani huishi pamoja na watu wa dini nyingine 	0
/scratch/skscla001/experiments/datasets/swagen/audio/common_voice_sw_35105013.wav	khamis mussa makame mvuvi kutoka bububu ameelezea mambo kadhaa 	0
/scratch/skscla001/experiments/datasets/swagen/audio/common_voice_sw_37083803.wav	ambae amemfanyia unyama sana mwana mwana ameuguwa kwa asilimia kubwa sana mkononi amemchoma 	0
/scratch/skscla001/experiments/datasets/swagen/audio/common_voice_sw_30004942.wav	hispania na ureno zilikubali kuizima biashara kwa fidia kutoka uingereza 	0
/scratch/skscla001/experiments/datasets/swagen/audio/common_voice_sw_36616109.wav	nitaona kama itawezekana 	0
/scratch/skscla001/experiments/datasets/swagen/audio/common_voice_sw_29899403.wav	wanyama huonekana kwa urahisi zaidi kipindi cha mvua 	1
/scratch/skscla001/experiments/datasets/swagen/audio/common_voice_sw_30570146.wav	tanzania imegawanywa kwa mfumo wa mkoa na wilaya 	0
/scratch/skscla001/experiments/datasets/swagen/audio/common_voice_sw_35106211.wav	sipendi mtu mfupi 	0
/scratch/skscla001/experiments/datasets/swagen/audio/common_voice_sw_37092795.wav	naitwa albalo jacob alimdanganya magreth jina lake 	0
/scratch/skscla001/experiments/datasets/swagen/audio/common_voice_sw_30355818.wav	serikali za kikoloni zilikuwa zinaruhusu vyama vya kijamii na michezo 	0
/scratch/skscla001/experiments/datasets/swagen/audio/common_voice_sw_29797104.wav	mwalimu alikuwa mstari wa mbele katika kupinga ubeberu wa marekani 	1
/scratch/skscla001/experiments/datasets/swagen/audio/common_voice_sw_29781746.wav	na alichezea timu yao hifadhi 	0
/scratch/skscla001/experiments/datasets/swagen/audio/common_voice_sw_30227422.wav	maendeleo yoyote duniani yanaletwa na wingi wa watu 	0
/scratch/skscla001/experiments/datasets/swagen/audio/common_voice_sw_29175058.wav	pori hubeba vitu mbalimbali kama wadudu wanyama miti nyasi nakadhalika 	0
/scratch/skscla001/experiments/datasets/swagen/audio/common_voice_sw_28584013.wav	hatimaye yeye akawa mkurugenzi wake wakati mumewe alijiunga na utawa wa tatu wa mt 	0
/scratch/skscla001/experiments/datasets/swagen/audio/common_voice_sw_35214457.wav	maendeleo endelevu yamedhamiria katika miaka kumi na tano ijayo 	0
/scratch/skscla001/experiments/datasets/swagen/audio/common_voice_sw_29268771.wav	alikuwa nabii kuliko mwandishi wa historia 	0
/scratch/skscla001/experiments/datasets/swagen/audio/common_voice_sw_35118951.wav	yule aliyejiuzulu na sasa hivi waziri mkuu mwengine yupi 	0
/scratch/skscla001/experiments/datasets/swagen/audio/common_voice_sw_30327544.wav	ni zama ambazo watu wote waliishi kwa kushirikiana katika kila sekta 	0
/scratch/skscla001/experiments/datasets/swagen/audio/common_voice_sw_30196390.wav	matibabu haya ni ya bei ghali hivyo yanaweza kuhusishwa na madhara mbadala 	0
/scratch/skscla001/experiments/datasets/swagen/audio/common_voice_sw_29797620.wav	pembe za wanyama ni utajiri wa asili katika nchi ya tanzania 	0
/scratch/skscla001/experiments/datasets/swagen/audio/common_voice_sw_30574693.wav	nyerere alimweleza mkapa kuwa kuna mtu mwengine ambaye ailikuwa akimfikiria 	0
/scratch/skscla001/experiments/datasets/swagen/audio/common_voice_sw_34920416.wav	ema kuwa matokeo ya uchaguzi mkuu wa nchi hiyo yanaweza kuchukua 	0
/scratch/skscla001/experiments/datasets/swagen/audio/common_voice_sw_29596209.wav	hapa mhimili wa kati unaendelea kuwa uti wa mgongo 	0
/scratch/skscla001/experiments/datasets/swagen/audio/common_voice_sw_30030572.wav	katika mashamba yao hulima mazao mengine kufuatana na msimu 	0
/scratch/skscla001/experiments/datasets/swagen/audio/common_voice_sw_30563432.wav	wakikaa bila kushinda mashabiki wanachukia timu 	0
/scratch/skscla001/experiments/datasets/swagen/audio/common_voice_sw_34958050.wav	ya habari nchini marekani kwa ujumla yanatarajiwa kuepuka mapendeleo 	0
/scratch/skscla001/experiments/datasets/swagen/audio/common_voice_sw_30357122.wav	tanzania uganda na kenya hizo ndizo zilikuwa za kwanza 	0
/scratch/skscla001/experiments/datasets/swagen/audio/common_voice_sw_34597674.wav	kuwa anapaswa kusaidiwa bali ni wale tu wasiojiweza 	0
/scratch/skscla001/experiments/datasets/swagen/audio/common_voice_sw_30355767.wav	rais wa uganda hakuficha huruma yake kwa adolf hitler na akamchukulia kama mwalimu wake 	0
/scratch/skscla001/experiments/datasets/swagen/audio/common_voice_sw_28583949.wav	mwandishi wa barua aliandika ya kwamba aliwahi kula nusu nyingine ya figo 	0
/scratch/skscla001/experiments/datasets/swagen/audio/common_voice_sw_35104547.wav	kwa vipindi vijavyo kutoka hapa idhaa ya kiswahili 	0
/scratch/skscla001/experiments/datasets/swagen/audio/common_voice_sw_29946984.wav	alianzisha misa takatifu za kila mwezi na kutenga chumba kikanisa 	0
/scratch/skscla001/experiments/datasets/swagen/audio/common_voice_sw_30182312.wav	mvua kubwa ilichangia ukuaji mkubwa wa majani 	0
/scratch/skscla001/experiments/datasets/swagen/audio/common_voice_sw_30623907.wav	inayokamilisha wilaya tano za mkoa wa mtwara 	0
/scratch/skscla001/experiments/datasets/swagen/audio/common_voice_sw_29969080.wav	vizuri na hata katika dini viongozi wanasisitiza 	0
/scratch/skscla001/experiments/datasets/swagen/audio/common_voice_sw_29924727.wav	mikakati kuhakikisha urithi huu unatunzwa vizuri 	0
/scratch/skscla001/experiments/datasets/swagen/audio/common_voice_sw_30105796.wav	ujerumani ilkuwa ikiitwa ujerumani magharibi kwenye michuano ya kombe la dunia 	0
/scratch/skscla001/experiments/datasets/swagen/audio/common_voice_sw_37099210.wav	waliokuwa wanahifadhiwa katika vyumba vya chini katika uwanja huo 	0
/scratch/skscla001/experiments/datasets/swagen/audio/common_voice_sw_28815709.wav	mji mkuu ni rutana 	1
/scratch/skscla001/experiments/datasets/swagen/audio/common_voice_sw_34597886.wav	ili kukabiliana na wakoloni wa kijerumani 	0
/scratch/skscla001/experiments/datasets/swagen/audio/common_voice_sw_29925858.wav	alikaa sudan kwa kipindi cha muda wa miaka 	0
/scratch/skscla001/experiments/datasets/swagen/audio/common_voice_sw_29792406.wav	biashara na kuipiga jeki sekta binafsi ya tanzania 	0
/scratch/skscla001/experiments/datasets/swagen/audio/common_voice_sw_31406045.wav	bendi hii iliweza kuwaibua na kuwapa nafasi 	0
/scratch/skscla001/experiments/datasets/swagen/audio/common_voice_sw_29793396.wav	hayati mwalimu julius kambarage nyerere alikuwa rais wa kwanza wa tanzania 	0
/scratch/skscla001/experiments/datasets/swagen/audio/common_voice_sw_36331653.wav	meli ilizama baharini 	1
/scratch/skscla001/experiments/datasets/swagen/audio/common_voice_sw_29791490.wav	mji huu ulifahamika kama kitovu cha biashara karne ya tisa hadi kumi na tano 	0
/scratch/skscla001/experiments/datasets/swagen/audio/common_voice_sw_29663288.wav	ndani ya rasi ya skandinavia kuna nchi za uswidi na norwei 	0
/scratch/skscla001/experiments/datasets/swagen/audio/common_voice_sw_37214774.wav	na wenzake hata ilipotimia siku ya pentekoste walikuwapo wote mahali 	0
/scratch/skscla001/experiments/datasets/swagen/audio/common_voice_sw_28670628.wav	muda wa mwezi unategemea aina ya kalenda inayotumika 	1
/scratch/skscla001/experiments/datasets/swagen/audio/common_voice_sw_34826369.wav	wasichana wako katika hatari kubwa ya kupata maambukizo ya virusi 	0
/scratch/skscla001/experiments/datasets/swagen/audio/common_voice_sw_31266550.wav	alishinda tuzo ya mchezaji bora wa dunia mara tano 	0
/scratch/skscla001/experiments/datasets/swagen/audio/common_voice_sw_35182307.wav	ni lazima tuweze kutambua kwamba 	0
/scratch/skscla001/experiments/datasets/swagen/audio/common_voice_sw_34906927.wav	aliye madarakani na rais mstaafu kutoka vyama 	0
/scratch/skscla001/experiments/datasets/swagen/audio/common_voice_sw_30635680.wav	ini ni kiungo muhimu sana ndani ya miili yetu 	1
/scratch/skscla001/experiments/datasets/swagen/audio/common_voice_sw_29793935.wav	mahojiano ni mchakato wa kichambuzi unaohusisha mabadiliko 	0
/scratch/skscla001/experiments/datasets/swagen/audio/common_voice_sw_34906764.wav	na inajulikana kukusanyika katika makundi ya wanachama 	0
/scratch/skscla001/experiments/datasets/swagen/audio/common_voice_sw_29788082.wav	mario gomez wa ujerumani alifunga mabao matatu 	0
/scratch/skscla001/experiments/datasets/swagen/audio/common_voice_sw_30376843.wav	baada ya utafiti juu ya ushujaa wa maadili yake juu ya maandishi yake 	0
/scratch/skscla001/experiments/datasets/swagen/audio/common_voice_sw_30629110.wav	ajali nyingine zingeepukika na tungekuwa tunaziepuka 	0
/scratch/skscla001/experiments/datasets/swagen/audio/common_voice_sw_30079930.wav	hapa kazi ninayo hivi nitaiweza hii shule kweli aliurudisha mlango na kutoka 	0
/scratch/skscla001/experiments/datasets/swagen/audio/common_voice_sw_29524557.wav	na timu ya taifa ya uganda 	0
/scratch/skscla001/experiments/datasets/swagen/audio/common_voice_sw_29791825.wav	amin pia alikuwa mchezaji wa michezo aliyekuwa akifanya michuano ya nguruwe 	0
/scratch/skscla001/experiments/datasets/swagen/audio/common_voice_sw_30326787.wav	gwiji wa uholanzi ndiye aliyeanzisha stahili hii 	0
/scratch/skscla001/experiments/datasets/swagen/audio/common_voice_sw_28704593.wav	delta hii ni eneo lenye mimea na wanyama wengi katikati ya jangwa kubwa 	0
/scratch/skscla001/experiments/datasets/swagen/audio/common_voice_sw_29793607.wav	apo awali alikuwa mfuasi wa dini ya kiislam 	0
/scratch/skscla001/experiments/datasets/swagen/audio/common_voice_sw_29791583.wav	mwalimu julius nyerere alisisitiza kenya ni nchi inayoendelea mbele tu kama tanzania 	0
/scratch/skscla001/experiments/datasets/swagen/audio/common_voice_sw_34746124.wav	wanasiasa wakubwa kutoka kaskazini wakitaka mwislamu kupokea kijiti hicho 	0
/scratch/skscla001/experiments/datasets/swagen/audio/common_voice_sw_36643012.wav	mungu wetu yuko mbinguni 	0
/scratch/skscla001/experiments/datasets/swagen/audio/common_voice_sw_36252627.wav	waziri wa mambo ya nchi za nje wa iran manseheran mutaki 	0
/scratch/skscla001/experiments/datasets/swagen/audio/common_voice_sw_34812584.wav	taarifa zilizo zidisha hofu kwa nchi hiyo 	0
/scratch/skscla001/experiments/datasets/swagen/audio/common_voice_sw_34812488.wav	alikuwa nje ya ukumbi wa mikutano wa umoja wa mataifa 	0
/scratch/skscla001/experiments/datasets/swagen/audio/common_voice_sw_29790650.wav	badala yake obote ilipangwa ili apate mafunzo zaidi ya kijeshi nchini uingereza 	0
/scratch/skscla001/experiments/datasets/swagen/audio/common_voice_sw_30624143.wav	mtu aliye jenga heshima kubwa duniani 	0
/scratch/skscla001/experiments/datasets/swagen/audio/common_voice_sw_35146145.wav	iwe itapata pingamizi wananchi wacanada wategemee kuingia kwenye uchaguzi mkuu 	0
/scratch/skscla001/experiments/datasets/swagen/audio/common_voice_sw_31405979.wav	mkoa huo una makabila mbalimbali ila kabila kubwa na la asili ni wafipa 	0
/scratch/skscla001/experiments/datasets/swagen/audio/common_voice_sw_28672882.wav	alishiriki kuanzisha shirika la waandishi wa liberia 	0
/scratch/skscla001/experiments/datasets/swagen/audio/common_voice_sw_35099334.wav	huyu alikuwa ajina ojwang mwanasheria kutoka kenya akiweka bayana hali halisi ya watu kutambua 	0
/scratch/skscla001/experiments/datasets/swagen/audio/common_voice_sw_30073444.wav	hawezi kumsahau david mbulumi na sakina datoo aliyemsaidia bila yeye kujua 	0
/scratch/skscla001/experiments/datasets/swagen/audio/common_voice_sw_31882139.wav	ndhinga ulokuva na mbuvo uliamuliwa asali ndani 	0
/scratch/skscla001/experiments/datasets/swagen/audio/common_voice_sw_29591218.wav	ni mitandao minne mikubwa ya televisheni iliyo katika nchi moja 	0
/scratch/skscla001/experiments/datasets/swagen/audio/common_voice_sw_35156103.wav	mwaka elfu moja mia tisa tisini na saba hadi mwaka elfu mbili na mbili 	0
/scratch/skscla001/experiments/datasets/swagen/audio/common_voice_sw_28699031.wav	kufuatana na uainishaji wa lugha kizhuang dai iko katika kundi la kitai ya kati 	0
/scratch/skscla001/experiments/datasets/swagen/audio/common_voice_sw_30038227.wav	jumla ya mapato na kiwango cha bei ya kawaida 	0
/scratch/skscla001/experiments/datasets/swagen/audio/common_voice_sw_36386571.wav	amesema mashambulizi ya wanamgambo wa taliban 	1
/scratch/skscla001/experiments/datasets/swagen/audio/common_voice_sw_35160836.wav	anya shughuli za ujasilia mali hasa 	0
/scratch/skscla001/experiments/datasets/swagen/audio/common_voice_sw_30354820.wav	msemo huu kwa hakika unapaswa kuzingatiwa 	0
/scratch/skscla001/experiments/datasets/swagen/audio/common_voice_sw_30173835.wav	kuacha mtaro wa kazinga kama mabaki ya muungano huo 	0
/scratch/skscla001/experiments/datasets/swagen/audio/common_voice_sw_30568816.wav	alichaguliwa kuwa mbunge wa jimbo la bagamoyo 	0
/scratch/skscla001/experiments/datasets/swagen/audio/common_voice_sw_28873922.wav	mkono wa kaskazini huitwa mkondo wa atlantiki ya kaskazini 	0
/scratch/skscla001/experiments/datasets/swagen/audio/common_voice_sw_31306394.wav	sasa naye nabii ismail na huko akaoa 	1
/scratch/skscla001/experiments/datasets/swagen/audio/common_voice_sw_30377805.wav	kiungo wa zamani wa arsenal fabregas alikuwa hatari kwa pasi 	0
/scratch/skscla001/experiments/datasets/swagen/audio/common_voice_sw_30327358.wav	mkenya victor wanyama alifunga bao la ushindi 	0
/scratch/skscla001/experiments/datasets/swagen/audio/common_voice_sw_30193609.wav	ndoa za kisukuma zinaruhusu ndoa za mitaala 	0
/scratch/skscla001/experiments/datasets/swagen/audio/common_voice_sw_35104405.wav	wa mbanza kongo baada ya wafalme kuwa wakristo 	0
/scratch/skscla001/experiments/datasets/swagen/audio/common_voice_sw_35182125.wav	tunaweza kujibu swali hili kwa msaada wao 	0
/scratch/skscla001/experiments/datasets/swagen/audio/common_voice_sw_29799224.wav	rais wa real madrid frorentino perez ndiye aliyemnunua zidane 	0
/scratch/skscla001/experiments/datasets/swagen/audio/common_voice_sw_30109606.wav	rais aongeze kasi ya utekelezaji wa mapendekezo yaliyotolewa na wafanyabiashara 	0
/scratch/skscla001/experiments/datasets/swagen/audio/common_voice_sw_30522533.wav	kwa sasa uwapo katika eneo hili la makumbusho ya handebevyo utagundua kasoro nyingi 	0
/scratch/skscla001/experiments/datasets/swagen/audio/common_voice_sw_34958843.wav	na mchango mkubwa kwa vijana nakumbuka kuna mechi moja ya simba na 	0
/scratch/skscla001/experiments/datasets/swagen/audio/common_voice_sw_30365963.wav	iddi amini aligawa maduka ya wahindi kwa ndugu zake 	0
/scratch/skscla001/experiments/datasets/swagen/audio/common_voice_sw_35099677.wav	wenzake shuleni walishangaa mbona alikuwa akilia wakati wote na kushika kifua chake kwa uchungu 	0
/scratch/skscla001/experiments/datasets/swagen/audio/common_voice_sw_35439235.wav	weza kuwa katika hali ya kuweza kudhibiti bunge hilo 	0
/scratch/skscla001/experiments/datasets/swagen/audio/common_voice_sw_36615731.wav	alipoonekana mbele ya umma tangu augue akiwasalimia wafanyakazi na kuhojiwa na runinga 	0
/scratch/skscla001/experiments/datasets/swagen/audio/common_voice_sw_29407144.wav	dominiko alipopata habari aliamua kufanya toba kama mkaapweke 	1
/scratch/skscla001/experiments/datasets/swagen/audio/common_voice_sw_30115957.wav	unataja kuwa bado afrika kusini haijatumia rasilimali zake ilizonanazo 	1
/scratch/skscla001/experiments/datasets/swagen/audio/common_voice_sw_30080245.wav	wapo wanaodhani kwamba mrembo ni lazima uwe na umbo namba nane 	0
/scratch/skscla001/experiments/datasets/swagen/audio/common_voice_sw_34834752.wav	maeneo machache ya msingi kulingana na maslahi yako 	0
/scratch/skscla001/experiments/datasets/swagen/audio/common_voice_sw_30572088.wav	kwa lengo la kuuza meno hayo na kupata fedha 	0
/scratch/skscla001/experiments/datasets/swagen/audio/common_voice_sw_35408569.wav	gozi hao wawili wamesema kuwa wanalenga kuunda mazingira ambayo yatawezesha 	1
/scratch/skscla001/experiments/datasets/swagen/audio/common_voice_sw_34959548.wav	marmara na kujiimarisha katika kisiwa cha galliopolis 	0
/scratch/skscla001/experiments/datasets/swagen/audio/common_voice_sw_35198779.wav	hutoweka wakati maumivu yametibiwa kikamilifu 	0
/scratch/skscla001/experiments/datasets/swagen/audio/common_voice_sw_28874226.wav	kwa kawaida rangi yao ni nyeusi kijivu au kahawia 	0
/scratch/skscla001/experiments/datasets/swagen/audio/common_voice_sw_29959915.wav	yote haya hayakushusha thamani ya pep guardiola 	0
/scratch/skscla001/experiments/datasets/swagen/audio/common_voice_sw_35177098.wav	baba nakushukuru kwa kuwa umenisikia 	0
/scratch/skscla001/experiments/datasets/swagen/audio/common_voice_sw_31285927.wav	viingilio vinatofautia kulingana na umri wa watalii 	0
/scratch/skscla001/experiments/datasets/swagen/audio/common_voice_sw_35425630.wav	redio ya taifa ilianzishwa mwaka elfu moja mia tisa sabini 	0
/scratch/skscla001/experiments/datasets/swagen/audio/common_voice_sw_29962651.wav	waiyaki wa hinga chifu mkikuyu aliyetawala dagoretti 	0
/scratch/skscla001/experiments/datasets/swagen/audio/common_voice_sw_35582730.wav	moja aliiga mfumo wa kijeshi wa wasangu waliowahi kuwa kabila lenye nguvu kwa kujifunza 	0
/scratch/skscla001/experiments/datasets/swagen/audio/common_voice_sw_35438716.wav	mlinzi huyo alikuwa ameketi akiwa ameegemea ukuta bunduki aina ya gobole ikiwa kifuani 	0
/scratch/skscla001/experiments/datasets/swagen/audio/common_voice_sw_35106732.wav	alama hizo ziliripoti kwa hivyo tulianza safari 	0
/scratch/skscla001/experiments/datasets/swagen/audio/common_voice_sw_29350927.wav	nchi mara nyingi huwekwa ndani ya makundi manne hafifu ya maendeleo 	0
/scratch/skscla001/experiments/datasets/swagen/audio/common_voice_sw_29922537.wav	ronaldo na messi walienda urusi wakiwa na mategemeo ya kuondoka na taji 	0
/scratch/skscla001/experiments/datasets/swagen/audio/common_voice_sw_30585431.wav	hali zilizozingira kuzuka kwa vita hazieleweki 	0
/scratch/skscla001/experiments/datasets/swagen/audio/common_voice_sw_35106554.wav	upinzani dhidi ya jacob zuma uliongezeka 	0
/scratch/skscla001/experiments/datasets/swagen/audio/common_voice_sw_30230418.wav	walichukua asilimia sitini na kudai haki zao 	0
/scratch/skscla001/experiments/datasets/swagen/audio/common_voice_sw_31271403.wav	kipindi ambacho wageni kutoka mashariki ya mbali wanafika maeneo ya pwani 	0
/scratch/skscla001/experiments/datasets/swagen/audio/common_voice_sw_30363370.wav	wanapenda kurudi ziwa manyara kwa sababu wanafuata chakula cha kutosha 	0
/scratch/skscla001/experiments/datasets/swagen/audio/common_voice_sw_28835123.wav	uchumi wa kisiwa hutegemea hasa uvuvi na utalii 	0
/scratch/skscla001/experiments/datasets/swagen/audio/common_voice_sw_34979740.wav	makubwa sana na maambukizo ya ukimwi kwanza kabisa ni kutokana 	0
/scratch/skscla001/experiments/datasets/swagen/audio/common_voice_sw_37222990.wav	futi kumi na tisa sawa na mita tano nukta tano huku jike akiwa na 	0
/scratch/skscla001/experiments/datasets/swagen/audio/common_voice_sw_30025846.wav	hii ni kutokana na kukosa chakula wakiwa njiani 	0
/scratch/skscla001/experiments/datasets/swagen/audio/common_voice_sw_31271283.wav	diego maradona wa argentina alikuwashikika hashikiki 	0
/scratch/skscla001/experiments/datasets/swagen/audio/common_voice_sw_31996482.wav	simba ni mkali sana 	0
/scratch/skscla001/experiments/datasets/swagen/audio/common_voice_sw_30572118.wav	nguo za mitumba zilianza kuingia nchini kwenye utawala wa mwinyi 	0
/scratch/skscla001/experiments/datasets/swagen/audio/common_voice_sw_37083986.wav	ukaamua tu kwanini mimi ndio hiyo sababu naitaka kwa nini uliamua tu kutopiga kura 	0
/scratch/skscla001/experiments/datasets/swagen/audio/common_voice_sw_34761595.wav	wameendelea kutaka pande zote mbili za sudan kumaliza tofauti zao 	0
/scratch/skscla001/experiments/datasets/swagen/audio/common_voice_sw_35103120.wav	kwa sasa wamasai wengi wamekuwa wakristo na kwa kiwango kidogo waislamu 	0
/scratch/skscla001/experiments/datasets/swagen/audio/common_voice_sw_29818023.wav	dalili nyingine inayojitokeza baada ya kupata maambukizi ya virusi vya ukimwi 	0
/scratch/skscla001/experiments/datasets/swagen/audio/common_voice_sw_30326808.wav	kupoteza uzito kupita kiasi na kukonda kwa ujumla sio dalili tu 	0
/scratch/skscla001/experiments/datasets/swagen/audio/common_voice_sw_35284788.wav	u baadhi ya vigogo wakiambulia patupu mwandishi wetu tony singoro 	0
/scratch/skscla001/experiments/datasets/swagen/audio/common_voice_sw_30107466.wav	utaalamu unaohitajika siyo mgumu na uyoga huota vizuri ukiliganisha na aina nyingine 	0
/scratch/skscla001/experiments/datasets/swagen/audio/common_voice_sw_30122078.wav	hatuhesabiwi haki tukiacha mabaya na kujaribu kutenda mema 	0
/scratch/skscla001/experiments/datasets/swagen/audio/common_voice_sw_29938339.wav	dar es salaam mpaka sumbawanga mkoani rukwa kusini magharibi mwa tanzania 	1
/scratch/skscla001/experiments/datasets/swagen/audio/common_voice_sw_30667252.wav	ukimwi ulitambuliwa mara ya kwanza na vituo vya kuzuia na kudhibiti magonjwa huko marekani 	0
/scratch/skscla001/experiments/datasets/swagen/audio/common_voice_sw_30717877.wav	sheria nambari tatu ya vyama vya wafanyakazi 	0
/scratch/skscla001/experiments/datasets/swagen/audio/common_voice_sw_30574979.wav	manchester united ilijitutumua wakatoaka 	0
/scratch/skscla001/experiments/datasets/swagen/audio/common_voice_sw_35171865.wav	wanafana kazi zao na maafisa watendaji wa mitaa japo kwenye kazi zao za jadi 	0
/scratch/skscla001/experiments/datasets/swagen/audio/common_voice_sw_35146344.wav	kibantu kiingereza na wengine walitumia kilatini hii 	0
/scratch/skscla001/experiments/datasets/swagen/audio/common_voice_sw_28669747.wav	alipenda sana sayansi mpya za biolojia na kemia 	1
/scratch/skscla001/experiments/datasets/swagen/audio/common_voice_sw_30572868.wav	wamejikuta wakihamia kusini mwa afrika kama vile taifa lililopotea 	0
/scratch/skscla001/experiments/datasets/swagen/audio/common_voice_sw_29014978.wav	hupitia takriban maisha yao yote katika mbegu moja 	0
/scratch/skscla001/experiments/datasets/swagen/audio/common_voice_sw_34834573.wav	tarehe mbili mwezi mei mwaka huu wa elfu mbili na kumi na moja 	0
/scratch/skscla001/experiments/datasets/swagen/audio/common_voice_sw_29981547.wav	wananchi wengi walisikitikam kupoteza kipenzi chao 	1
/scratch/skscla001/experiments/datasets/swagen/audio/common_voice_sw_30375713.wav	wanyakyusa moja kwa moja twende mbeya hawa wanawake wengi wao ni weusi 	0
/scratch/skscla001/experiments/datasets/swagen/audio/common_voice_sw_34958832.wav	alisoma shahada yake ya kwanza katika chuo kikuu cha mamara uturuki 	0
/scratch/skscla001/experiments/datasets/swagen/audio/common_voice_sw_29797149.wav	mary leakey hakuweza kutamka neno olduvai 	1
/scratch/skscla001/experiments/datasets/swagen/audio/common_voice_sw_31285617.wav	maana tumeona maji yakiteremka toka milimani na tutalima na kufanya mambo mbalimbali 	0
/scratch/skscla001/experiments/datasets/swagen/audio/common_voice_sw_37100809.wav	aliingia madarakani kupitia chama cha mapinduzi 	1
/scratch/skscla001/experiments/datasets/swagen/audio/common_voice_sw_29350788.wav	ni profesa wa chuo kikuu cha dar es salaam katika kitengo cha sanaa 	0
/scratch/skscla001/experiments/datasets/swagen/audio/common_voice_sw_29787562.wav	muziki wa kitamaduni wa kimasai huwa na sauti 	1
/scratch/skscla001/experiments/datasets/swagen/audio/common_voice_sw_30299618.wav	katika maadili mazuri wasiwe walafi na wachoyo maana 	1
/scratch/skscla001/experiments/datasets/swagen/audio/common_voice_sw_30181436.wav	chenga za lionel mesi ziliwatengua nyonga mabeki 	1
/scratch/skscla001/experiments/datasets/swagen/audio/common_voice_sw_31584116.wav	mnamo tarehe thelathini na moja januari mwaka elfu mbili na tano alitunukiwa tuzo 	0
/scratch/skscla001/experiments/datasets/swagen/audio/common_voice_sw_31767001.wav	kwa mwaka elfu mbili kumi na tano afya duniani kuhusu sababu za vifo 	0
/scratch/skscla001/experiments/datasets/swagen/audio/common_voice_sw_29925231.wav	wasukuma haimaanishi tu watu wa kanda ya ziwa 	0
/scratch/skscla001/experiments/datasets/swagen/audio/common_voice_sw_35409396.wav	ule umoja wa vyama vya wafanyikazi uliokuwepo ukiwakutanisha vyama vinane 	0
/scratch/skscla001/experiments/datasets/swagen/audio/common_voice_sw_29969683.wav	mtindo huo wa biashara ulianza kuhusisha watu wa rika tofauti 	0
/scratch/skscla001/experiments/datasets/swagen/audio/common_voice_sw_30546177.wav	shirikisho la soka la ulaya likaanzisha michuano ya mataifa ya ulaya 	0
/scratch/skscla001/experiments/datasets/swagen/audio/common_voice_sw_29488743.wav	pia ni kituo cha mpakani kwenye daraja la zambezi kwenda zimbabwe 	0
/scratch/skscla001/experiments/datasets/swagen/audio/common_voice_sw_35118954.wav	lakini hakuiamini serikali hiyo ya marekani 	0
/scratch/skscla001/experiments/datasets/swagen/audio/common_voice_sw_30336642.wav	chukua vibebeo kama vile rambo weka vimengenywa vilivyopoa kisha weka mbegu za uyoga 	0
/scratch/skscla001/experiments/datasets/swagen/audio/common_voice_sw_30567647.wav	vijana wengi siku hizi wanapenda kufuatilia mchezo huu 	0
/scratch/skscla001/experiments/datasets/swagen/audio/common_voice_sw_30052383.wav	hali hii ilisababisha kuongezeka kwa biashara ya watumwa hasa kutoka afrika 	0
/scratch/skscla001/experiments/datasets/swagen/audio/common_voice_sw_35099316.wav	gine siku hizi za karibuni watafika mpaka mozambiki 	0
/scratch/skscla001/experiments/datasets/swagen/audio/common_voice_sw_30585243.wav	dalili hizi zote zinaweza kutokana na kitu kingine chochote lakini unapaswa kushuku malaria 	0
/scratch/skscla001/experiments/datasets/swagen/audio/common_voice_sw_37215140.wav	baadhi ya sehemu nchini tanzania watu wanazikwa wakiwa wameketi 	0
/scratch/skscla001/experiments/datasets/swagen/audio/common_voice_sw_29949783.wav	albamu yake ya mwaka wa elfu moja mia tisa na tisini 	0
/scratch/skscla001/experiments/datasets/swagen/audio/common_voice_sw_30195751.wav	wanyambwa ni kundi linaloonekana wazi kwenye kabila hili ambao huongea lafudhi ya kinyambwa 	0
/scratch/skscla001/experiments/datasets/swagen/audio/common_voice_sw_29428836.wav	hekalu lake mjini efeso lilikuwa kati ya maajabu saba ya dunia 	1
/scratch/skscla001/experiments/datasets/swagen/audio/common_voice_sw_37092436.wav	sitaki dawa 	1
/scratch/skscla001/experiments/datasets/swagen/audio/common_voice_sw_29799220.wav	akizungumza katika ofisi za mwananchi jana zuhura anasema ndoto ya udaktari ilikufa 	0
/scratch/skscla001/experiments/datasets/swagen/audio/common_voice_sw_30076190.wav	huyu ni mwanasiasa tishio kwa wengine wote walio madarakani 	0
/scratch/skscla001/experiments/datasets/swagen/audio/common_voice_sw_34962959.wav	bendera ya kenya 	0
/scratch/skscla001/experiments/datasets/swagen/audio/common_voice_sw_30357083.wav	ndio maana huwa mara nyingi nasema ni kama wanyama hawa wana pasipoti za tanzania 	0
/scratch/skscla001/experiments/datasets/swagen/audio/common_voice_sw_29977594.wav	mataifa manne yanayoguswa na bahari ya mediterania 	0
/scratch/skscla001/experiments/datasets/swagen/audio/common_voice_sw_36617568.wav	dhana potofu ilikuwa inasema ukimwi unaweza kusambaa kwa kumgusana 	0
/scratch/skscla001/experiments/datasets/swagen/audio/common_voice_sw_29937036.wav	hata hivyo mtindo uliopendelewa ni mistari 	1
/scratch/skscla001/experiments/datasets/swagen/audio/common_voice_sw_30004622.wav	palikuwa na biashara kiasi samaki na chumvi 	0
/scratch/skscla001/experiments/datasets/swagen/audio/common_voice_sw_30313876.wav	bunge la tanganyika na baraza la wawakilishi la zanzibar 	1
/scratch/skscla001/experiments/datasets/swagen/audio/common_voice_sw_30574445.wav	ipo pia halmashauri ya wilaya ya kaliua na halmashauri ya wilaya ya igunga 	0
/scratch/skscla001/experiments/datasets/swagen/audio/common_voice_sw_35160914.wav	baada ya vita ya miaka saba uingereza 	0
/scratch/skscla001/experiments/datasets/swagen/audio/common_voice_sw_35104947.wav	drake alifanya vita vya baharini dhidi ya meli za hispania 	0
/scratch/skscla001/experiments/datasets/swagen/audio/common_voice_sw_29970339.wav	tumia bidhaa za nywele zinaendana na nywele zako 	0
/scratch/skscla001/experiments/datasets/swagen/audio/common_voice_sw_30377074.wav	wamangati ambao pia huitwa wabarbaig 	0
/scratch/skscla001/experiments/datasets/swagen/audio/common_voice_sw_35182291.wav	edward na ethel beanov walisafiri kwa meli ya titanic 	0
/scratch/skscla001/experiments/datasets/swagen/audio/common_voice_sw_30324395.wav	kangaroo wanawatambua maadui zao kwa kunusa 	0
/scratch/skscla001/experiments/datasets/swagen/audio/common_voice_sw_35104146.wav	titanic ilikuwa imebeba abiria zaidi ya nusu ya uwezo wake 	0
/scratch/skscla001/experiments/datasets/swagen/audio/common_voice_sw_30056255.wav	baada ya kukua kwa biashara ya utumwa kulisababisha watu wengi kuhamia kilwa kivinje 	0
/scratch/skscla001/experiments/datasets/swagen/audio/common_voice_sw_30527204.wav	wangoni ni kabila la watu wa tanzania wanaoishi katika mkoa wa ruvuma 	0
/scratch/skscla001/experiments/datasets/swagen/audio/common_voice_sw_29791256.wav	vikwazo vingi vya upigaji kura vilikuwepo 	0
/scratch/skscla001/experiments/datasets/swagen/audio/common_voice_sw_36643704.wav	alielezea juu ya uwezo wa jacob kufanya matukio akiruka 	0
/scratch/skscla001/experiments/datasets/swagen/audio/common_voice_sw_30327143.wav	mlima kilimanjaro una vilele vitatu vya kivolkeno 	0
/scratch/skscla001/experiments/datasets/swagen/audio/common_voice_sw_28663323.wav	kufuatana na uainishaji wa lugha kwa ndani zaidi kinyamusa molo iko katika kundi la kibongo bagirmi 	1
/scratch/skscla001/experiments/datasets/swagen/audio/common_voice_sw_35099082.wav	kwa hoja za tibaijuka kwa mfano chato kama wilaya kwa sasa 	0
/scratch/skscla001/experiments/datasets/swagen/audio/common_voice_sw_30053582.wav	vuguvugu la maumau halikuwa na mafanikio makubwa kijeshi 	0
/scratch/skscla001/experiments/datasets/swagen/audio/common_voice_sw_30327490.wav	barabara wilayani humo kama katika wilaya nyingine 	0
/scratch/skscla001/experiments/datasets/swagen/audio/common_voice_sw_29924506.wav	wa rais julius nyerere lakin ghafla alipoteza cheo 	0
/scratch/skscla001/experiments/datasets/swagen/audio/common_voice_sw_30205661.wav	walinyanganya biashara na mali ya wahamiaji kutoka india 	0
/scratch/skscla001/experiments/datasets/swagen/audio/common_voice_sw_37089141.wav	kama unataka kukariri shairi njoo 	0
/scratch/skscla001/experiments/datasets/swagen/audio/common_voice_sw_37086867.wav	anaotuhumiwa kuufanya zilikuwa ni propaganda za kumchafua huku watu wengi wakiendelea kuamini kuwa idi 	0
/scratch/skscla001/experiments/datasets/swagen/audio/common_voice_sw_30653802.wav	baadae kuliundwa timu nyengine ya mpira wa miguu ambayo ni vuga boys 	0
/scratch/skscla001/experiments/datasets/swagen/audio/common_voice_sw_30591063.wav	ana maamuzi juu ya vitu vyote vinavyohusu dini sherehe na madawa 	0
/scratch/skscla001/experiments/datasets/swagen/audio/common_voice_sw_35206858.wav	uliotangulia maandiko yenyewe kwa karne kadhaa sehemu 	0
/scratch/skscla001/experiments/datasets/swagen/audio/common_voice_sw_31271594.wav	lakini yapo mataifa mengine mengi yaliyopata uhuru wake kwa njia ya vita 	0
/scratch/skscla001/experiments/datasets/swagen/audio/common_voice_sw_29468866.wav	baadaye maji mengine yanachangia mto kongo na hatimaye bahari ya atlantiki 	0
/scratch/skscla001/experiments/datasets/swagen/audio/common_voice_sw_30173328.wav	huu ni uharibifu wa makazi ya wanyama 	0
/scratch/skscla001/experiments/datasets/swagen/audio/common_voice_sw_28733375.wav	alipata tiba na kupona kwa asilimia mia moja 	0
/scratch/skscla001/experiments/datasets/swagen/audio/common_voice_sw_34943170.wav	huku wakisema kuwa wanafanya kila juhudi 	0
/scratch/skscla001/experiments/datasets/swagen/audio/common_voice_sw_35206813.wav	akirithiwa na mpwawe lukwele mdimangombe mwanamsumi wa pili mwaka elfu moja mia nane sitini 	0
/scratch/skscla001/experiments/datasets/swagen/audio/common_voice_sw_29955180.wav	bandari ya cape town na ile ya johanesberg katika taifa ka afrika kusini 	1
/scratch/skscla001/experiments/datasets/swagen/audio/common_voice_sw_37091072.wav	hussein mwinyi alihudumia wizara tatu 	1
/scratch/skscla001/experiments/datasets/swagen/audio/common_voice_sw_30200824.wav	wengi waliamini kuwa ukatili aliyoufanya zilikuwa ni mbinu za kumchafua 	1
/scratch/skscla001/experiments/datasets/swagen/audio/common_voice_sw_35107823.wav	upungufu wa uchafuzi wa hewa hauathiri ukuzi wa kibiashara 	0
/scratch/skscla001/experiments/datasets/swagen/audio/common_voice_sw_31304304.wav	emmanuel kotoka ambaye naye aliuawa tarehe kumi na saba mwezi wa nne 	1
/scratch/skscla001/experiments/datasets/swagen/audio/common_voice_sw_28903544.wav	dola miji ilikuwa muhimu sana katika nchi nyingi kihistoria 	0
/scratch/skscla001/experiments/datasets/swagen/audio/common_voice_sw_30181924.wav	kinachoumiza zaidi ni kuona wakimbizi wakiwa na watoto wadogo 	1
/scratch/skscla001/experiments/datasets/swagen/audio/common_voice_sw_29176961.wav	maria wa mt 	0
/scratch/skscla001/experiments/datasets/swagen/audio/common_voice_sw_28995063.wav	kisiwa chote ni kama mnara wa kihistoria wa asili 	1
/scratch/skscla001/experiments/datasets/swagen/audio/common_voice_sw_37218917.wav	sababu kama ni makosa umefanya na unaogopa kwamba utaondolewa na 	0
/scratch/skscla001/experiments/datasets/swagen/audio/common_voice_sw_30562075.wav	washiriki wa maadhimisho ya sabasaba wanaweza kujifunza vitu mbalimbali 	0
/scratch/skscla001/experiments/datasets/swagen/audio/common_voice_sw_29798628.wav	pamoja na kuwaajiri watu laki moja 	0
/scratch/skscla001/experiments/datasets/swagen/audio/common_voice_sw_37096889.wav	dada naomba kubarikiwa nawe 	0
/scratch/skscla001/experiments/datasets/swagen/audio/common_voice_sw_30653685.wav	lahaja za cinyambwa na cinyaugogo ndizo hujulikana zaidi 	0
/scratch/skscla001/experiments/datasets/swagen/audio/common_voice_sw_30022074.wav	hivyo kuyafanya mazingira kuwa safi wakati wote na kuvutia zaidi 	0
/scratch/skscla001/experiments/datasets/swagen/audio/common_voice_sw_28961725.wav	kifupi hakuna asili bila yeye 	0
/scratch/skscla001/experiments/datasets/swagen/audio/common_voice_sw_29791681.wav	wakulima wengi nchini tanzania wanapenda ufugaji 	0
/scratch/skscla001/experiments/datasets/swagen/audio/common_voice_sw_31812419.wav	john magufuli alifariki mwaka elfu mbili ishirini na moja 	0
/scratch/skscla001/experiments/datasets/swagen/audio/common_voice_sw_30569877.wav	wanyaturu wengi sura na nywele zao hasa kina mama 	0
/scratch/skscla001/experiments/datasets/swagen/audio/common_voice_sw_31787732.wav	ndege kama vile flamingo na korongo hupatikana kwa wingi 	0
/scratch/skscla001/experiments/datasets/swagen/audio/common_voice_sw_29980816.wav	sheria hiyo ilifanyiwa marekebisho na kuwezesha kutungwa kwa sheria ya benki kuu 	0
/scratch/skscla001/experiments/datasets/swagen/audio/common_voice_sw_30224007.wav	picha ya therese frare ikionyesha mwanaharakati wa ushoga david kirby 	0
/scratch/skscla001/experiments/datasets/swagen/audio/common_voice_sw_34743476.wav	amepanda ndege jana 	0
/scratch/skscla001/experiments/datasets/swagen/audio/common_voice_sw_34757972.wav	humo ambayo wiki hii inatakiwa iamuwe kama uchaguzi 	0
/scratch/skscla001/experiments/datasets/swagen/audio/common_voice_sw_30623690.wav	juu ya pwani ya afrika mashariki kutokana na hali ya hewa nzuri 	0
/scratch/skscla001/experiments/datasets/swagen/audio/common_voice_sw_36644948.wav	utaambiwa nauli ni kiasi fulani 	0
/scratch/skscla001/experiments/datasets/swagen/audio/common_voice_sw_30378936.wav	maneno hayo yanapatikana kwenye maktaba ya redio tanzania 	1
/scratch/skscla001/experiments/datasets/swagen/audio/common_voice_sw_30653494.wav	alishalizoea bunge akiwa msaidizi wa raisi mstaafu wa awamu ya nne jakaya kikwete 	0
/scratch/skscla001/experiments/datasets/swagen/audio/common_voice_sw_30220976.wav	uongozi kwa upande wa serikali za mitaa unaongozwa na mstahiki meya 	0
/scratch/skscla001/experiments/datasets/swagen/audio/common_voice_sw_29736400.wav	spishi hiyo imetoweka bangladesh 	0
/scratch/skscla001/experiments/datasets/swagen/audio/common_voice_sw_31787761.wav	hawakuweza kumgusa kwa wakati hule sheikh hassan alikuwa kwenye siasa kabla ya 	0
/scratch/skscla001/experiments/datasets/swagen/audio/common_voice_sw_35108361.wav	hifadhi ya taifa ruaha inapatika iringa 	0
/scratch/skscla001/experiments/datasets/swagen/audio/common_voice_sw_31812416.wav	hivyo dalili hiyo ya hatari na asilimia themanini walio na virusi hivyo hupata nafuu 	0
/scratch/skscla001/experiments/datasets/swagen/audio/common_voice_sw_30629813.wav	ukiambiwa unapaswa kuwekwa karantini usiogope 	0
/scratch/skscla001/experiments/datasets/swagen/audio/common_voice_sw_29789798.wav	zinasaidia kuhakikisha kwamba unajisikia vizuri kiasi ukipanda na ukishuka 	0
/scratch/skscla001/experiments/datasets/swagen/audio/common_voice_sw_30026345.wav	watalii wanapenda kununua vitu ambavyo nchini kwao havipo 	0
/scratch/skscla001/experiments/datasets/swagen/audio/common_voice_sw_37086855.wav	utawala wake mwenyewe akiongoza kwa jina la katibu mkuu wa chama cha 	0
/scratch/skscla001/experiments/datasets/swagen/audio/common_voice_sw_30527550.wav	aliteseka kwa muda wa miaka mitatu 	0
/scratch/skscla001/experiments/datasets/swagen/audio/common_voice_sw_34959000.wav	sisi tunafaa kumcha mungu sana 	0
/scratch/skscla001/experiments/datasets/swagen/audio/common_voice_sw_35409918.wav	siswi na watuhumiwa wa kulipua mabomu miezi iliyopita mjini kigali 	0
/scratch/skscla001/experiments/datasets/swagen/audio/common_voice_sw_29954134.wav	kwa wale wanaojiingiza katika mahusiano pia husaidia kupunguza hatari ya maambukizi 	1
/scratch/skscla001/experiments/datasets/swagen/audio/common_voice_sw_34833131.wav	ndio wanakaa na hali mbaya ya kiafya 	0
/scratch/skscla001/experiments/datasets/swagen/audio/common_voice_sw_29793045.wav	hifadhi hii inapatikana katika mji maarufu wa kitalii 	0
/scratch/skscla001/experiments/datasets/swagen/audio/common_voice_sw_30378900.wav	namna bora ya kuimarisha sekta binafsi ziko nne 	0
/scratch/skscla001/experiments/datasets/swagen/audio/common_voice_sw_35155013.wav	kutokana na maradhi ya kisukari na uvimbe kwenye kongosho bi kidude amekuwa katika fani 	0
/scratch/skscla001/experiments/datasets/swagen/audio/common_voice_sw_37219304.wav	mtu ukishtakiwa unakwenda mahakamani na kujibu ma 	0
/scratch/skscla001/experiments/datasets/swagen/audio/common_voice_sw_34942819.wav	usiniache gizani bwana 	0
/scratch/skscla001/experiments/datasets/swagen/audio/common_voice_sw_37218067.wav	wengi hapa wapinga jimbo hili wanasema kwamba 	0
/scratch/skscla001/experiments/datasets/swagen/audio/common_voice_sw_34977227.wav	kwani hawawezi kutambua kwa kweli kweli 	0
/scratch/skscla001/experiments/datasets/swagen/audio/common_voice_sw_35171861.wav	lakini walipotakiwa kwenda kwenye mahojiano na mike wote waliingia mitini 	0
/scratch/skscla001/experiments/datasets/swagen/audio/common_voice_sw_29150759.wav	baada ya kupigwa kwa imani yao waliuawa wakati wa dhuluma ya kaisari decius 	0
/scratch/skscla001/experiments/datasets/swagen/audio/common_voice_sw_30026250.wav	mwigulu alikuwa hodari wa masomo yote ya sayansi na lugha 	0
/scratch/skscla001/experiments/datasets/swagen/audio/common_voice_sw_29793885.wav	kila mtu aliamini pep atamaliza maisha yake ya soka 	0
/scratch/skscla001/experiments/datasets/swagen/audio/common_voice_sw_29797377.wav	baada ya hapo alijiunga na shule ya sekondari ya ngambo 	0
/scratch/skscla001/experiments/datasets/swagen/audio/common_voice_sw_30552398.wav	nchini tanzania vyama vya siasa ni vingi 	0
/scratch/skscla001/experiments/datasets/swagen/audio/common_voice_sw_28681404.wav	hapa alishiriki katika jitihada za kubuni mavazi ya kitaifa ya tanganyika 	1
/scratch/skscla001/experiments/datasets/swagen/audio/common_voice_sw_28673138.wav	hakuna habari za uhakika kuhusu maisha yake ya baadaye 	1
/scratch/skscla001/experiments/datasets/swagen/audio/common_voice_sw_29954969.wav	kuna mazao ya biashara ya kahawa chai na tumbaku 	0
/scratch/skscla001/experiments/datasets/swagen/audio/common_voice_sw_31581522.wav	iliyopo katika hifadhi za taifa hizo nzuri na za kupendeza 	0
/scratch/skscla001/experiments/datasets/swagen/audio/common_voice_sw_29914944.wav	haya yanapaswa kutunzwa na kutumiwa ipasavyo kwa kutembelewa 	1
/scratch/skscla001/experiments/datasets/swagen/audio/common_voice_sw_30352652.wav	kenya ilikuwa katika hali ya hatari kufuatia uasi 	0
/scratch/skscla001/experiments/datasets/swagen/audio/common_voice_sw_30104787.wav	bila kusahau wilaya ya itilima inayokamilisha jumla ya wilaya tano za mkoa wa simiyu 	0
/scratch/skscla001/experiments/datasets/swagen/audio/common_voice_sw_30567612.wav	wanawake ni laki moja sabini na mbili mia sita na sita 	0
/scratch/skscla001/experiments/datasets/swagen/audio/common_voice_sw_37222827.wav	bahari ni kubwa 	0
/scratch/skscla001/experiments/datasets/swagen/audio/common_voice_sw_35099222.wav	ya maumivu makali ya ghafla acute pain kwenye maumivu makali ya 	0
/scratch/skscla001/experiments/datasets/swagen/audio/common_voice_sw_30527285.wav	hifadhi inafikika wakati wote wa mwaka hasa mwezi disemba februari na mei 	0
/scratch/skscla001/experiments/datasets/swagen/audio/common_voice_sw_34760004.wav	alifanya mikataba ya ulinzi na watawala wadogo 	0
/scratch/skscla001/experiments/datasets/swagen/audio/common_voice_sw_36644618.wav	ambayo ilibainisha zifuatazo masharti yafuatayo 	0
/scratch/skscla001/experiments/datasets/swagen/audio/common_voice_sw_30020531.wav	wakati wamepona na wamelishwa vizuri nyumba inayojulikana kama enkangoo ntaritik 	1
/scratch/skscla001/experiments/datasets/swagen/audio/common_voice_sw_30585352.wav	pia wanatumia hadubini na kufanya uchunguzi wa vimelea maradhi vya majimaji ya mwilini 	0
/scratch/skscla001/experiments/datasets/swagen/audio/common_voice_sw_30653472.wav	moja kwa moja waliingia mpaka ofisini kwa mwalimu mkuu wa shule hiyo na kuingia 	0
/scratch/skscla001/experiments/datasets/swagen/audio/common_voice_sw_34745897.wav	kama alivyojiwa hapo na mwenzangu victor macsedek 	0
/scratch/skscla001/experiments/datasets/swagen/audio/common_voice_sw_30363954.wav	chama cha ukombozi palestina kilituma wapiganaji kadhaa kumsaidia amin 	0
/scratch/skscla001/experiments/datasets/swagen/audio/common_voice_sw_37099455.wav	watumwa walifikishwa eneo hilo la mkunazini 	0
/scratch/skscla001/experiments/datasets/swagen/audio/common_voice_sw_30585466.wav	mwalimu nyerere alichanganya udongo wa tanzania na zanzibar 	0
/scratch/skscla001/experiments/datasets/swagen/audio/common_voice_sw_30204407.wav	kuimarisha sekta za afya elimu maji madini mbuga za wanyama na ukusanyaji wa kodi 	0
/scratch/skscla001/experiments/datasets/swagen/audio/common_voice_sw_30098877.wav	niwashukuru na kuwapongeza sana washindi wote kutokana na kazi nzuri mliyoifanya 	0
/scratch/skscla001/experiments/datasets/swagen/audio/common_voice_sw_30031151.wav	baraza lilipitisha azimio la kudumisha kulinda kutetea na kuendeleza fikra 	0
/scratch/skscla001/experiments/datasets/swagen/audio/common_voice_sw_35156095.wav	akiangazia hatua ya kuanza kuandikisha kwa wapiga kura nchini sudan 	0
/scratch/skscla001/experiments/datasets/swagen/audio/common_voice_sw_35105170.wav	miwani yangu imeharibika 	0
/scratch/skscla001/experiments/datasets/swagen/audio/common_voice_sw_30654004.wav	huu ni utambulisho ambao haukufananishwa ama kuitwa kwa jina la kabila fulani 	0
/scratch/skscla001/experiments/datasets/swagen/audio/common_voice_sw_30437542.wav	watu wote nchini walimpenda kwa kuwajali wanyonge 	0
/scratch/skscla001/experiments/datasets/swagen/audio/common_voice_sw_30314767.wav	baadaye mataifa kama uingereza yaliongeza bidii katika ukomeshaji wa biashara ya utumwa 	0
/scratch/skscla001/experiments/datasets/swagen/audio/common_voice_sw_31446685.wav	vyombo rasmi vya habari vya uganda vilitangaza kutwaliwa kwa eneo la kagera 	0
/scratch/skscla001/experiments/datasets/swagen/audio/common_voice_sw_29592186.wav	hata hivyo alifaulu kuanzisha mtandao wa shule nchini ufaransa 	0
/scratch/skscla001/experiments/datasets/swagen/audio/common_voice_sw_31333022.wav	hivyo ni mwiko mkubwa katika siasa za 	0
/scratch/skscla001/experiments/datasets/swagen/audio/common_voice_sw_37229743.wav	pamoja na idadi yote hii haishangazi kwamba kuna vitu vya kweli vingi vya kusisimua 	1
/scratch/skscla001/experiments/datasets/swagen/audio/common_voice_sw_30234193.wav	tanzania imebarikiwa utajiri wa misitu iliyotunzwa ya kupendeza 	0
/scratch/skscla001/experiments/datasets/swagen/audio/common_voice_sw_30025376.wav	kuhusu asili ya lugha hiyo kuna nadharia mbalimbali 	1
/scratch/skscla001/experiments/datasets/swagen/audio/common_voice_sw_31304319.wav	kijadi wamasai hula nyama na maziwa pia damu ya ngombe 	1
/scratch/skscla001/experiments/datasets/swagen/audio/common_voice_sw_31997277.wav	rehema anaishi mombasa 	0
/scratch/skscla001/experiments/datasets/swagen/audio/common_voice_sw_30376375.wav	hazikutajwa tena katika takwimu ya ujerumani 	0
/scratch/skscla001/experiments/datasets/swagen/audio/common_voice_sw_30572086.wav	kupitia asilimia kumi ya fedha za ndani za halmashauri 	0
/scratch/skscla001/experiments/datasets/swagen/audio/common_voice_sw_29789009.wav	pia walikuwa na lengo la kuweka makazi ya kudumu 	0
/scratch/skscla001/experiments/datasets/swagen/audio/common_voice_sw_35588537.wav	kwa jumla wakristo wanaishi kati ya wafuasi wa dini nyingine 	0
/scratch/skscla001/experiments/datasets/swagen/audio/common_voice_sw_30071440.wav	wanyaturu wana miiko kwa upande wa vyakula 	0
/scratch/skscla001/experiments/datasets/swagen/audio/common_voice_sw_29791839.wav	madaraka mikononi mwa wazalendo walioshika hatamu katika dola 	0
/scratch/skscla001/experiments/datasets/swagen/audio/common_voice_sw_30582045.wav	zanzibar iliongeza nembo kwenye bendera yake ya zamani 	0
/scratch/skscla001/experiments/datasets/swagen/audio/common_voice_sw_31285602.wav	kipa wa uingereza alikuwa anaitwa peter shilton 	0
/scratch/skscla001/experiments/datasets/swagen/audio/common_voice_sw_34962796.wav	chochote kwamba haaminiwi husababisha hasira mbaya na nia ya kukataa 	0
/scratch/skscla001/experiments/datasets/swagen/audio/common_voice_sw_30718717.wav	alieleza makazi huko katika valkano ya ngorongoro 	0
/scratch/skscla001/experiments/datasets/swagen/audio/common_voice_sw_30314726.wav	pia walimaanisha kwamba mtu huyo hupendwa na mungu 	0
/scratch/skscla001/experiments/datasets/swagen/audio/common_voice_sw_36067293.wav	rais wa jamhuri amekutana na kuzungumza na mkurugenzi mkuu wa benki ya kiarabu 	1
/scratch/skscla001/experiments/datasets/swagen/audio/common_voice_sw_36365203.wav	ulinzi umeimarishwa wakati huu wa kampeni ambapo wachunguzi wa mambo wanahisi 	0
/scratch/skscla001/experiments/datasets/swagen/audio/common_voice_sw_30654109.wav	watalii kutoka nje ni wahuzuriaji wazuri wa matamasha hayo 	0
/scratch/skscla001/experiments/datasets/swagen/audio/common_voice_sw_34942636.wav	mipango ya muda mfupi wa kati na mrefu kupambana na hali hiiwatu wengi 	0
/scratch/skscla001/experiments/datasets/swagen/audio/common_voice_sw_34745545.wav	sehemu za magharibi zina milima mingi ambayo 	0
/scratch/skscla001/experiments/datasets/swagen/audio/common_voice_sw_28681667.wav	tangu kale anaheshimiwa na kanisa lake kama mtakatifu 	1
/scratch/skscla001/experiments/datasets/swagen/audio/common_voice_sw_29789291.wav	hifadhi ya mlima kilimanjaro ni hifadhi ya taifa inayopatikana nchini tanzania 	0
/scratch/skscla001/experiments/datasets/swagen/audio/common_voice_sw_30545674.wav	hawa ni maarufu kwa ufanyaji biashara hasa za madukani 	0
/scratch/skscla001/experiments/datasets/swagen/audio/common_voice_sw_36643010.wav	ya eneo hilo milioni moja moto wa mwituni 	0
/scratch/skscla001/experiments/datasets/swagen/audio/common_voice_sw_35156145.wav	kupambwa katika miji mikubwa kama dongola na soba kwa miaka elfu 	0
/scratch/skscla001/experiments/datasets/swagen/audio/common_voice_sw_30443876.wav	babdari nyingine iliyotumiwa kukusanya mizigo kwa ajili ya kusafirishwa kwenda ulaya 	0
/scratch/skscla001/experiments/datasets/swagen/audio/common_voice_sw_37218564.wav	dhambi zangu kuziosha 	0
/scratch/skscla001/experiments/datasets/swagen/audio/common_voice_sw_30243939.wav	mazingira yakiwa mazuri husaidia hasa kwa afya ya watoto wachanga na watoto 	0
/scratch/skscla001/experiments/datasets/swagen/audio/common_voice_sw_30124044.wav	nyumba nyingi za wasambaa huwa mviringo yenye vyumba vitatu 	0
/scratch/skscla001/experiments/datasets/swagen/audio/common_voice_sw_30173188.wav	maonyesho katika ngazi ya kitaifa yataadhimishwa uwanja wa nyakabindi 	0
/scratch/skscla001/experiments/datasets/swagen/audio/common_voice_sw_30414526.wav	wilaya ya rolya na serengeti inaongezeka pia bunda na butiama 	0
/scratch/skscla001/experiments/datasets/swagen/audio/common_voice_sw_31285489.wav	nyingine ni volkeno ndefu kuliko zote duniani nje ya amerika kusini 	0
/scratch/skscla001/experiments/datasets/swagen/audio/common_voice_sw_30021720.wav	mifumo inayotokana na vipengele vya maelezo ambavyo hutumiwa katika sekta maalum 	1
/scratch/skscla001/experiments/datasets/swagen/audio/common_voice_sw_30382277.wav	rais wa tano john pombe magufuli chama cha mapinduzi 	0
/scratch/skscla001/experiments/datasets/swagen/audio/common_voice_sw_30227390.wav	ripoti za mashirika makubwa zinapotolewa 	0
/scratch/skscla001/experiments/datasets/swagen/audio/common_voice_sw_30143697.wav	mfanyabiashara kutoka morocco ibn batuta aliyefika hapo 	0
/scratch/skscla001/experiments/datasets/swagen/audio/common_voice_sw_36254357.wav	vita vya wahehe dhidi ya wajerumaniupanuzi wa wahehe azingira ya iringa leo jina 	1
/scratch/skscla001/experiments/datasets/swagen/audio/common_voice_sw_34746412.wav	kufuatilia chini watu ambao kukwepa rasimu hoover hivi karibuni kuwa mkuu wa idara katika 	1
/scratch/skscla001/experiments/datasets/swagen/audio/common_voice_sw_30058552.wav	hata hivyo wapo baadhi ya wapare ambao mpaka leo wanaiweza mvua 	0
/scratch/skscla001/experiments/datasets/swagen/audio/common_voice_sw_36644616.wav	kwa hivyo yaani marekani ame amezitembelea hivi nchi strategically kwa sababu kama ukiangalia 	0
/scratch/skscla001/experiments/datasets/swagen/audio/common_voice_sw_28743688.wav	makao makuu ya mkoa ni mji wa bukoba 	0
/scratch/skscla001/experiments/datasets/swagen/audio/common_voice_sw_34763050.wav	wenye eneo la mita za mraba elfu ishirini na saba 	0
/scratch/skscla001/experiments/datasets/swagen/audio/common_voice_sw_30709716.wav	hii ilikuwa sababu moja ya kwa nini wengi walipendelea misimamo wa mataifa ya mashariki 	0
/scratch/skscla001/experiments/datasets/swagen/audio/common_voice_sw_30017222.wav	alinyongwa mwezi wa nane mwaka elfu moja mia tisa tano na maafisa wa ujerumani 	0
/scratch/skscla001/experiments/datasets/swagen/audio/common_voice_sw_30623636.wav	kama jina la nchi hiyo bendera mpya ilikuwa muunganiko wa hiyo sehemu 	0
/scratch/skscla001/experiments/datasets/swagen/audio/common_voice_sw_30377792.wav	alinyongwa mwezi agosti mwaka elfu moja mia tisa na tano na maafisa wa ujerumani 	0
/scratch/skscla001/experiments/datasets/swagen/audio/common_voice_sw_30352422.wav	wanasahau kuwa mwili unahitaji muda wa kujizoesha polepole 	0
/scratch/skscla001/experiments/datasets/swagen/audio/common_voice_sw_30332155.wav	mchimbaji mdogo wa madini hayo laizer kuryani amefanikiwa kupata mawe mawili makubwa 	0
/scratch/skscla001/experiments/datasets/swagen/audio/common_voice_sw_30382206.wav	baadhi ya mashabiki waliunga mkono kile alichokizungumza andy 	0
/scratch/skscla001/experiments/datasets/swagen/audio/common_voice_sw_28662831.wav	mara nyingi hali hiyo husababishwa na ajali au kuzaliwa hivyo hivyo 	0
/scratch/skscla001/experiments/datasets/swagen/audio/common_voice_sw_30177117.wav	mambo ya ziada ya mahitaji yanayojitokeza na hupatikana katika sehemu husika 	0
/scratch/skscla001/experiments/datasets/swagen/audio/common_voice_sw_30240948.wav	kumbukumbu ya uasi dhidi ya wanafunzi kumi na sita 	0
/scratch/skscla001/experiments/datasets/swagen/audio/common_voice_sw_29488570.wav	baada ya kuishi muda mfupi kama mkaapweke alianzisha shirika la masista wa familia takatifu 	0
/scratch/skscla001/experiments/datasets/swagen/audio/common_voice_sw_34597236.wav	sijazoea mvuke 	0
/scratch/skscla001/experiments/datasets/swagen/audio/common_voice_sw_29938969.wav	yaani asilimia thelathini na tatu hivi ya watu wote ulimwenguni 	1
/scratch/skscla001/experiments/datasets/swagen/audio/common_voice_sw_30184802.wav	ikiwa ni lazima uingie katika nyumba ya mtu aliye mgonjwa 	1
/scratch/skscla001/experiments/datasets/swagen/audio/common_voice_sw_37331886.wav	takribani watu thamanini na saba wameuawa na mamia kujeruhiwa 	0
/scratch/skscla001/experiments/datasets/swagen/audio/common_voice_sw_35102854.wav	mimi sijui chochote kumhusu 	0
/scratch/skscla001/experiments/datasets/swagen/audio/common_voice_sw_35099500.wav	taasisi za kimataifa kufanya uchunguzi wa matokeo 	0
/scratch/skscla001/experiments/datasets/swagen/audio/common_voice_sw_37088342.wav	kwa ujumla chaguzi hizi za viongozi wa mitaa hazina msisimko mkubwa 	0
/scratch/skscla001/experiments/datasets/swagen/audio/common_voice_sw_30527065.wav	akisema hakuwa mtu wa kuvimilia uzembe ufisadi na ubadhirifu wa fedha 	0
/scratch/skscla001/experiments/datasets/swagen/audio/common_voice_sw_29792696.wav	chelsea kwenye michuano ya ulaya walikuwa wanafanya vizuri 	0
/scratch/skscla001/experiments/datasets/swagen/audio/common_voice_sw_34743325.wav	kule hasa wa lugha za kikuyu na kijaluo 	0
/scratch/skscla001/experiments/datasets/swagen/audio/common_voice_sw_28699138.wav	mashariki na kusini mashariki eritrea ina pwani ndefu katika bahari ya shamu 	0
/scratch/skscla001/experiments/datasets/swagen/audio/common_voice_sw_30105480.wav	chama cha mapinduzi kiliweka historia kubwa sana 	1
/scratch/skscla001/experiments/datasets/swagen/audio/common_voice_sw_34924848.wav	hivyo sasa anayeshughulikia sekta hizo 	0
/scratch/skscla001/experiments/datasets/swagen/audio/common_voice_sw_30314732.wav	kitulo ni eneo pekee kwa ajili ya ndege aina ya tendawili machaka 	0
/scratch/skscla001/experiments/datasets/swagen/audio/common_voice_sw_34826911.wav	anampenda mama yake 	0
/scratch/skscla001/experiments/datasets/swagen/audio/common_voice_sw_28682646.wav	watu wa kwanza kutengeneza karatasi walikuwa wachina 	1
/scratch/skscla001/experiments/datasets/swagen/audio/common_voice_sw_35156146.wav	wanasheria wanadadisi sababu ya kukosefu kwa ufafanuzi 	0
/scratch/skscla001/experiments/datasets/swagen/audio/common_voice_sw_29956856.wav	afisa wa waandishi wa habari anaweza kuwafundisha imani na kupokea taarifa muhimu 	1
/scratch/skscla001/experiments/datasets/swagen/audio/common_voice_sw_37332057.wav	moja milioni zilitolewa kwa makampuni hayo jumatatu kulipa sehemu ya deni hilo 	0
/scratch/skscla001/experiments/datasets/swagen/audio/common_voice_sw_28667898.wav	kwa sasa anaishi jijini dar es salaam tanzania 	0
/scratch/skscla001/experiments/datasets/swagen/audio/common_voice_sw_30195869.wav	kwa jumla zilitembelewa na mabaharia kutoka nchi za mbali 	0
/scratch/skscla001/experiments/datasets/swagen/audio/common_voice_sw_30322645.wav	pwani ya afrika ya masharikii ilitembelewa na mabaharia wengi 	0
/scratch/skscla001/experiments/datasets/swagen/audio/common_voice_sw_35132553.wav	anatakiwa kulala ndani ya vyandarua vyenye dawa 	1
/scratch/skscla001/experiments/datasets/swagen/audio/common_voice_sw_36106641.wav	kitulizo changu ni yesu 	0
/scratch/skscla001/experiments/datasets/swagen/audio/common_voice_sw_28951727.wav	alisaidia kumaliza farakano la magharibi 	0
/scratch/skscla001/experiments/datasets/swagen/audio/common_voice_sw_30653897.wav	cristiano ronaldo alifunga mabao matatu kwenye michuano 	0
/scratch/skscla001/experiments/datasets/swagen/audio/common_voice_sw_35409462.wav	wageni wengi huishia kutazama kutokana na kuogopa 	0
/scratch/skscla001/experiments/datasets/swagen/audio/common_voice_sw_30638442.wav	lakini hasa wa jamii ya wakushi wa afrika mashariki 	0
/scratch/skscla001/experiments/datasets/swagen/audio/common_voice_sw_29860918.wav	na mikoa mingine hadi rwanda na burundi watu hawa ilikuwa ngumu sana wao kukimbia 	0
/scratch/skscla001/experiments/datasets/swagen/audio/common_voice_sw_29944522.wav	hata hivyo wapare wa mwanga wamegawanyika katika jamii mbili wasangi na wagweno 	0
/scratch/skscla001/experiments/datasets/swagen/audio/common_voice_sw_29922493.wav	hifadhi hii ipo ndani ya bonde la ufa 	0
/scratch/skscla001/experiments/datasets/swagen/audio/common_voice_sw_30035419.wav	mwimbaji huyu alirekodi zaidi ya nyimbo mia tatu 	0
/scratch/skscla001/experiments/datasets/swagen/audio/common_voice_sw_30539562.wav	hakuna timu bora kama barcelona ya miaka kumi iliyopita 	0
/scratch/skscla001/experiments/datasets/swagen/audio/common_voice_sw_29516966.wav	mifano ya rasi kubwa ni nchi za italia na korea au bara hindi 	0
/scratch/skscla001/experiments/datasets/swagen/audio/common_voice_sw_35586802.wav	malenga amekuwa na kazi nyingi sana 	0
/scratch/skscla001/experiments/datasets/swagen/audio/common_voice_sw_30640487.wav	mito mingine midogomidogo kama vile nyajijima na mresi pia kazingu 	0
/scratch/skscla001/experiments/datasets/swagen/audio/common_voice_sw_30035911.wav	kutokea daressalaam mpaka mkoani mbeya nyanda za juu kusini 	0
/scratch/skscla001/experiments/datasets/swagen/audio/common_voice_sw_34597699.wav	mkewe ni mwenye bidii sana 	0
/scratch/skscla001/experiments/datasets/swagen/audio/common_voice_sw_31808867.wav	ambapo alionesha umahiri mkubwa katika uongozi 	0
/scratch/skscla001/experiments/datasets/swagen/audio/common_voice_sw_30005105.wav	wananchi wa tanzania wanazalisha vyakula vingi sana 	0
/scratch/skscla001/experiments/datasets/swagen/audio/common_voice_sw_29789005.wav	alipoamua kuwasaidia waitalia na kupeleka wanajeshi wa ujerumani 	0
/scratch/skscla001/experiments/datasets/swagen/audio/common_voice_sw_30371611.wav	ni mara ya kwanza kwa mwanamieleka huyo kuchukua nafasi ya kwanza 	0
/scratch/skscla001/experiments/datasets/swagen/audio/common_voice_sw_36644639.wav	wa ambalo linasalia na kusubiriwa kwa hamu 	0
/scratch/skscla001/experiments/datasets/swagen/audio/common_voice_sw_30355230.wav	uwanja wa mkapa unavizidi viwanja vya timu nyingi kubwa ulaya 	0
/scratch/skscla001/experiments/datasets/swagen/audio/common_voice_sw_30352567.wav	bila hiana nikajikuta na nyanyuka na kuelekea chumbani kwangu hakika nilikuwa na mawazo sana 	0
/scratch/skscla001/experiments/datasets/swagen/audio/common_voice_sw_34747533.wav	mwaka elfu moja mia tisa hamsini na nane 	0
/scratch/skscla001/experiments/datasets/swagen/audio/common_voice_sw_30640441.wav	baadhi ya watu walimwona kama katili 	0
/scratch/skscla001/experiments/datasets/swagen/audio/common_voice_sw_36106461.wav	vililinganishwa na vile vya mataifa tajiri duniani 	0
/scratch/skscla001/experiments/datasets/swagen/audio/common_voice_sw_28670215.wav	hakuna lugha nyingine duniani inayozungumzwa hadi leo yenye historia ndefu kuliko hii isipokuwa kichina 	1
/scratch/skscla001/experiments/datasets/swagen/audio/common_voice_sw_29792331.wav	vitu hivyo vilisafirishwa kwa kutumia majahazi yao 	0
/scratch/skscla001/experiments/datasets/swagen/audio/common_voice_sw_29177371.wav	hali ya hewa haina joto kali 	0
/scratch/skscla001/experiments/datasets/swagen/audio/common_voice_sw_29798684.wav	wairaqw wa leo ni wajukuu wa wahamiaji hao 	0
/scratch/skscla001/experiments/datasets/swagen/audio/common_voice_sw_29368789.wav	ni mnara wa jiwe uliopakwa rangi nyeupe 	0
/scratch/skscla001/experiments/datasets/swagen/audio/common_voice_sw_29659990.wav	alimaliza elimu ya msingi na sekondari katika jimbo la delta 	0
/scratch/skscla001/experiments/datasets/swagen/audio/common_voice_sw_30036828.wav	waliowahi kuua simba ndio walianza kutumika kama walinzi wa simba 	0
/scratch/skscla001/experiments/datasets/swagen/audio/common_voice_sw_30566728.wav	baadhi ya mbuni wana rangi tofauti 	0
/scratch/skscla001/experiments/datasets/swagen/audio/common_voice_sw_29798600.wav	tanzania chini ya rais wa awamu ya pili ali hassan mwinyi 	0
/scratch/skscla001/experiments/datasets/swagen/audio/common_voice_sw_36732160.wav	kuvuka kwenda upande mwingine wa barabara kugonga kuni mara tatu 	0
/scratch/skscla001/experiments/datasets/swagen/audio/common_voice_sw_30118088.wav	baada ya kuhitimu elimu ya msingi 	1
/scratch/skscla001/experiments/datasets/swagen/audio/common_voice_sw_30183257.wav	baadae ilikua ikawa linguafranca ya kibiashara 	1
/scratch/skscla001/experiments/datasets/swagen/audio/common_voice_sw_30088880.wav	kisiwa ambacho ni sehemu ya mkoa wa mwanza kikiwa ndani ya ziwa victoria 	0
/scratch/skscla001/experiments/datasets/swagen/audio/common_voice_sw_30105912.wav	mheshimiwa daktari john joseph pombe magufuli alifanikiwa kuteuliwa kuipeperusha bendera ya chama 	0
/scratch/skscla001/experiments/datasets/swagen/audio/common_voice_sw_36254904.wav	simba wapenzi wa jinsia moja wapigwa picha kenya 	0
/scratch/skscla001/experiments/datasets/swagen/audio/common_voice_sw_35108276.wav	ee wamejitokeza kupiga kura 	0
/scratch/skscla001/experiments/datasets/swagen/audio/common_voice_sw_34812196.wav	inataka kurejesha amani katika taifa lao 	0
/scratch/skscla001/experiments/datasets/swagen/audio/common_voice_sw_30378274.wav	tofauti na hali ya zamani iliyokuwa ikitoa nafasi ya kutumika kwa vitu asilia 	0
/scratch/skscla001/experiments/datasets/swagen/audio/common_voice_sw_29797397.wav	mchezo wa ufunguzi ulimalizika kwa sare ya bao moja kwa moja 	0
/scratch/skscla001/experiments/datasets/swagen/audio/common_voice_sw_29797678.wav	mji huu mdogo upo karibu na lango la hifadhi 	0
/scratch/skscla001/experiments/datasets/swagen/audio/common_voice_sw_34924407.wav	serengeti ina joto la wastani wa digrii kumi na tano 	0
/scratch/skscla001/experiments/datasets/swagen/audio/common_voice_sw_29795500.wav	kaburi lilipambwa kwa kusimamisha ubao mguuni na sanamu ya ubao wenye kofia 	1
/scratch/skscla001/experiments/datasets/swagen/audio/common_voice_sw_30327408.wav	wachaga wana historia ndefu ya asili yao na ya maingiliano yao na makabila mengine 	0
/scratch/skscla001/experiments/datasets/swagen/audio/common_voice_sw_31996893.wav	usiguse sehemu hii 	0
/scratch/skscla001/experiments/datasets/swagen/audio/common_voice_sw_30025940.wav	mabaki ya matunda yaliyoliwa na kinyesi kibichi ni miongoni mwa alama 	0
/scratch/skscla001/experiments/datasets/swagen/audio/common_voice_sw_32101682.wav	numba ya mame iwasie moto 	1
/scratch/skscla001/experiments/datasets/swagen/audio/common_voice_sw_28666522.wav	njia nyeupe inapita eneo lake 	0
/scratch/skscla001/experiments/datasets/swagen/audio/common_voice_sw_30630532.wav	zai la mihogo hupatikana maeneo ya gonja 	0
/scratch/skscla001/experiments/datasets/swagen/audio/common_voice_sw_29924608.wav	mwaka elfu mbili alimwachia raisi aliefuatia ambaye ni jakaya kikwete 	0
/scratch/skscla001/experiments/datasets/swagen/audio/common_voice_sw_37086664.wav	hii mahakama ishughulikie kesi hii kwamba maanake hili ni jambo lilikubaliwa 	1
/scratch/skscla001/experiments/datasets/swagen/audio/common_voice_sw_36642911.wav	alipanda mpakangazi ya kuwa afisa wa mipango serikalini 	0
/scratch/skscla001/experiments/datasets/swagen/audio/common_voice_sw_29798606.wav	mfumo ulitegemea zaidi mchezo wa pasi fupi fupi na uwezo binafsi wa wachezaji 	0
/scratch/skscla001/experiments/datasets/swagen/audio/common_voice_sw_34958877.wav	na kulelewa musoma mji uliopo kwenye ufukwe wa ziwa victoria alihamia dar es salaam 	0
/scratch/skscla001/experiments/datasets/swagen/audio/common_voice_sw_30056265.wav	malatwe aliwasili shuleni akiwa kachelewa na kuwakuta wanafunzi wenzake wakiwa darasani 	0
/scratch/skscla001/experiments/datasets/swagen/audio/common_voice_sw_28959085.wav	pua ni ndefu na masikio ni makubwa na ya mviringo 	1
/scratch/skscla001/experiments/datasets/swagen/audio/common_voice_sw_29938345.wav	linaziunganisha nchi nne za afrika ya mashariki na kati 	1
/scratch/skscla001/experiments/datasets/swagen/audio/common_voice_sw_35103444.wav	akicharaza ngoma kwa ustadi wakati akiwa katika jukwaa alikuwa akipenda kubadili miondoko kwa hiyo 	0
/scratch/skscla001/experiments/datasets/swagen/audio/common_voice_sw_30566710.wav	mamlaka ya hifadhi ngorongoro si eneo ambalo ni hifadhi ya taifa 	0
/scratch/skscla001/experiments/datasets/swagen/audio/common_voice_sw_34906981.wav	tungepiga mbizi ndani ya bahari 	0
/scratch/skscla001/experiments/datasets/swagen/audio/common_voice_sw_29793057.wav	tofauti na wanyaturu hawakuwa utawala wa kichifu 	0
/scratch/skscla001/experiments/datasets/swagen/audio/common_voice_sw_37221646.wav	matangazo yanawasilisha ujumbe uliyo dhahiri kwa wasikilizaji 	0
/scratch/skscla001/experiments/datasets/swagen/audio/common_voice_sw_30667191.wav	hapo ndipo tunapoweza kujua ni namna gani taifa kama ghana limetuacha mbali 	0
/scratch/skscla001/experiments/datasets/swagen/audio/common_voice_sw_28735760.wav	kwa hiyo lugha hiyo imekaribia kutoweka kabisa 	1
/scratch/skscla001/experiments/datasets/swagen/audio/common_voice_sw_36615410.wav	watummwa walipandishwa majahazi na kupelekwa zanzibar 	0
/scratch/skscla001/experiments/datasets/swagen/audio/common_voice_sw_29905133.wav	chimbuko la maadhimisho hayo ni azimio lililopitishwa 	1
/scratch/skscla001/experiments/datasets/swagen/audio/common_voice_sw_35104309.wav	milioni moja laki nne elfu ishirini na tano mia moja thelathini na moja 	0
/scratch/skscla001/experiments/datasets/swagen/audio/common_voice_sw_30056689.wav	chadema ni chama kilicho imara sana nchini tanzania 	0
/scratch/skscla001/experiments/datasets/swagen/audio/common_voice_sw_30352400.wav	pia gambia ipo na msumbiji bila kuisahau chadi na namibia 	0
/scratch/skscla001/experiments/datasets/swagen/audio/common_voice_sw_30574260.wav	uggala inavivutio vingi vikiwemo mto ugalla 	0
/scratch/skscla001/experiments/datasets/swagen/audio/common_voice_sw_29792274.wav	wakurya huamini ngombe wote ni wao hivyo ni kama waliporwa 	0
/scratch/skscla001/experiments/datasets/swagen/audio/common_voice_sw_29504941.wav	lakini kwenye simu hizi ni lazima kutumia pia namba ya mtandao muda wote 	0
/scratch/skscla001/experiments/datasets/swagen/audio/common_voice_sw_30623894.wav	wakati wa karume hapakuwa na utawala wa sheria wala katiba 	0
/scratch/skscla001/experiments/datasets/swagen/audio/common_voice_sw_30562931.wav	inaweza hata kuchukua miaka kumi na tano nchi haijapata matokeo 	0
/scratch/skscla001/experiments/datasets/swagen/audio/common_voice_sw_30024253.wav	mwisho ni wilaya za muheza na tanga pia ipo mkinga na pangani 	0
/scratch/skscla001/experiments/datasets/swagen/audio/common_voice_sw_30080656.wav	ipo umbali wa kilomita mbili kusini magharibi kutoka katikati ya jiji la mwanza 	0
/scratch/skscla001/experiments/datasets/swagen/audio/common_voice_sw_31284691.wav	katika taifa la tanzania ambalo ni mojawapo ya makabila makuu 	0
/scratch/skscla001/experiments/datasets/swagen/audio/common_voice_sw_30653985.wav	wataalamu walisema baada ya kuchunguza kwa undani zaidi 	0
/scratch/skscla001/experiments/datasets/swagen/audio/common_voice_sw_30568769.wav	hii ni mara ya pili kwao kutupa shilingi milioni mia moja za ubingwa 	0
/scratch/skscla001/experiments/datasets/swagen/audio/common_voice_sw_30233608.wav	kwa hiyo hii ni sekta inayochangia mapato makubwa kwa serikali na jamii nzima 	0
/scratch/skscla001/experiments/datasets/swagen/audio/common_voice_sw_29797773.wav	baadhi yake ni mlima kilimanjaro na mlima kenya 	0
/scratch/skscla001/experiments/datasets/swagen/audio/common_voice_sw_34979725.wav	alijitangaza vya kutosha akiwa mwaka wa kwanza chuoni 	0
/scratch/skscla001/experiments/datasets/swagen/audio/common_voice_sw_34811055.wav	hisia na tabia huku wakitambua kwamba mabadiliko yoyote katika 	0
/scratch/skscla001/experiments/datasets/swagen/audio/common_voice_sw_30633175.wav	kuingiza mafunzo ya ukuaji na maisha katika shule za awali na sekondari 	1
/scratch/skscla001/experiments/datasets/swagen/audio/common_voice_sw_29939348.wav	ari yangu kuu wakati nilitwaa uongozi ilikuwa ni kwa sekta ya elimu 	0
/scratch/skscla001/experiments/datasets/swagen/audio/common_voice_sw_30352534.wav	risasi ya kifo ikampata karume shingoni akafa 	0
/scratch/skscla001/experiments/datasets/swagen/audio/common_voice_sw_30233611.wav	ambayo itaingiza ajira zaidi ya ishirini na nne na mia sita kwa vijana 	0
/scratch/skscla001/experiments/datasets/swagen/audio/common_voice_sw_35156928.wav	na sayansi ya siasa katika chuo kikuu cha makerere kampala uganda akiwa mwanafunzi makerere 	0
/scratch/skscla001/experiments/datasets/swagen/audio/common_voice_sw_34812790.wav	ibada za kifungu zaidi zinahitajika kabla ya kufikia hadhi ya mpiganaji mwandamizi 	0
/scratch/skscla001/experiments/datasets/swagen/audio/common_voice_sw_29790414.wav	kobe mkubwa kabisa duniani ana uzito wa hadi kilogramu mia saba 	0
/scratch/skscla001/experiments/datasets/swagen/audio/common_voice_sw_29925296.wav	hutoa makazi madogo kwa nyanda zisizo na wanyamapori 	0
/scratch/skscla001/experiments/datasets/swagen/audio/common_voice_sw_37223451.wav	huruma na mapenzi yao yanawafanya wawe karibu na mungu wao 	0
/scratch/skscla001/experiments/datasets/swagen/audio/common_voice_sw_35099108.wav	uenda ikaambulia patupu victor ambuso ana taarifa zaidi 	0
/scratch/skscla001/experiments/datasets/swagen/audio/common_voice_sw_30057038.wav	hawa mtandao wao wa kihalifu na si mtandao wa wasukuma 	0
/scratch/skscla001/experiments/datasets/swagen/audio/common_voice_sw_34941445.wav	licha ya watu zaidi ya mia nne kuthibitisha kupoteza maisha nchini brazil 	0
/scratch/skscla001/experiments/datasets/swagen/audio/common_voice_sw_30313785.wav	hawa wakienda tabora wanaambiwa ni wasukuma 	0
/scratch/skscla001/experiments/datasets/swagen/audio/common_voice_sw_29797603.wav	tanzania pekee imependelewa na mungu kuchimba madini ya tanzanite 	0
/scratch/skscla001/experiments/datasets/swagen/audio/common_voice_sw_30036903.wav	ambao wamehifadhiwa katika mbuga ya wanyama 	0
/scratch/skscla001/experiments/datasets/swagen/audio/common_voice_sw_28666615.wav	mwaka huohuo halmashauri mpya ilitangaza katiba mpya na kuondoa urais wa maisha 	0
/scratch/skscla001/experiments/datasets/swagen/audio/common_voice_sw_30028679.wav	sir alex ameifanyia mambo makubwa sana manchester united 	0
/scratch/skscla001/experiments/datasets/swagen/audio/common_voice_sw_34597414.wav	uao wake ukaonesha uzito uliotisha macho ya jacob matata 	0
/scratch/skscla001/experiments/datasets/swagen/audio/common_voice_sw_29939352.wav	ufafanuzi huo unaongeza maelezo yote muhimu ya simulizi kuipamba sauti na hisia 	0
/scratch/skscla001/experiments/datasets/swagen/audio/common_voice_sw_37098052.wav	ni muda ambao sitaweza kuusahau maishani mwangu 	0
/scratch/skscla001/experiments/datasets/swagen/audio/common_voice_sw_30105645.wav	mgeni yeyote akifika eneo la ziwa tanganyika lazima atastahajabu aina ya kitoweo hicho 	0
/scratch/skscla001/experiments/datasets/swagen/audio/common_voice_sw_28682474.wav	ni metali laini yenye rangi ya kifedha kijivu chumvi zake ni njano kijani 	1
/scratch/skscla001/experiments/datasets/swagen/audio/common_voice_sw_30653695.wav	alijiunga na chuo cha chuo cha jeshi la tanzania monduli 	0
/scratch/skscla001/experiments/datasets/swagen/audio/common_voice_sw_29356397.wav	hali hiyo inaweza kutokea kiasili katika mazingira maalumu au kwa kutumia mbinu fulani 	0
/scratch/skscla001/experiments/datasets/swagen/audio/common_voice_sw_34993076.wav	naam ni msemaji wa tume ya umoja ulaya hellen kent 	0
/scratch/skscla001/experiments/datasets/swagen/audio/common_voice_sw_29797575.wav	chama cha afroshirazi party kilichowakilisha waafrika 	0
/scratch/skscla001/experiments/datasets/swagen/audio/common_voice_sw_34958927.wav	kilitabiri kutokea kwa ajali ya meli ya titanic 	0
/scratch/skscla001/experiments/datasets/swagen/audio/common_voice_sw_35154772.wav	umekaribia wengi wanaoshangaa hali hii yote inaelekea wapi 	0
/scratch/skscla001/experiments/datasets/swagen/audio/common_voice_sw_29947144.wav	ilidhaniwa kuwa maziwa george na edward yalikuwa ziwa moja 	0
/scratch/skscla001/experiments/datasets/swagen/audio/common_voice_sw_30025434.wav	ndio wafanye maamuzi utanashati na usafi ni sifa nyingine muhimu kwa kabila hili 	1
/scratch/skscla001/experiments/datasets/swagen/audio/common_voice_sw_31266474.wav	dak prescot bonasi ya uro sitini na sita milioni aliyowasili nayo 	0
/scratch/skscla001/experiments/datasets/swagen/audio/common_voice_sw_34597698.wav	nilikuwa siamini kwenye suala la kutoka kwenye janga la uteja 	0
/scratch/skscla001/experiments/datasets/swagen/audio/common_voice_sw_31305870.wav	kiswahili kitukuzwe 	1
/scratch/skscla001/experiments/datasets/swagen/audio/common_voice_sw_35525897.wav	na ameweza kufanya miaka miwili na miezi sita 	0
/scratch/skscla001/experiments/datasets/swagen/audio/common_voice_sw_29798058.wav	alipewa daraja takatifu la upadre katika kanisa kuu la mtakatifu josefu 	0
/scratch/skscla001/experiments/datasets/swagen/audio/common_voice_sw_29753819.wav	kazi yake ni kulinda mfupa laini zaidi ya ndani 	0
/scratch/skscla001/experiments/datasets/swagen/audio/common_voice_sw_30202872.wav	pep alishinda makombe mengi alivyokuwa kocha wa barcelona 	0
/scratch/skscla001/experiments/datasets/swagen/audio/common_voice_sw_35437612.wav	rais hussein mwinyi aliingia katika kinyanganyiro cha kugombea kiti cha urais wa zanzibar 	0
/scratch/skscla001/experiments/datasets/swagen/audio/common_voice_sw_30446782.wav	mwaka elfu moja mia nane themanini na nane 	0
/scratch/skscla001/experiments/datasets/swagen/audio/common_voice_sw_29791040.wav	ilikuwa likiishi katika eneo la serengeti na ngorongoro kwa miaka mingi pamoja na wanyamapori 	0
/scratch/skscla001/experiments/datasets/swagen/audio/common_voice_sw_31584110.wav	wetumba ni wagogo walioathiriwa kigogo chao na kikaguru 	0
/scratch/skscla001/experiments/datasets/swagen/audio/common_voice_sw_30201646.wav	ziwa edward liko ndani ya mbuga ya wanyama ya virunga 	1
/scratch/skscla001/experiments/datasets/swagen/audio/common_voice_sw_28836125.wav	kufuatana na uainishaji wa lugha kwa ndani zaidi kingbandi kaskazini iko katika kundi la kiadamawa ubangi 	0
/scratch/skscla001/experiments/datasets/swagen/audio/common_voice_sw_29564841.wav	kwanza kuna joto halafu ukame 	0
/scratch/skscla001/experiments/datasets/swagen/audio/common_voice_sw_35409579.wav	wengi hufanya taarabu kwa mfumo wa bendi kwa kuwa inahitaji ushirikiano kwenye uimbaji 	0
/scratch/skscla001/experiments/datasets/swagen/audio/common_voice_sw_36644722.wav	wamesema dhamira yao ni kufungua ukurasa mpya wakisiasa 	0
/scratch/skscla001/experiments/datasets/swagen/audio/common_voice_sw_29792636.wav	walidai kuwa wana habari kuwa aga khan 	0
/scratch/skscla001/experiments/datasets/swagen/audio/common_voice_sw_30176307.wav	waliweza kukamatwa kama wazanzibari wengine na kutiwa kizuizini bila kufunguliwa mashitaka 	0
/scratch/skscla001/experiments/datasets/swagen/audio/common_voice_sw_30351433.wav	nchi ya tanzania ilizisaidia nchi nyingi sana duniani 	0
/scratch/skscla001/experiments/datasets/swagen/audio/common_voice_sw_28689001.wav	takriban spishi zote hupatikana ardhini 	0
/scratch/skscla001/experiments/datasets/swagen/audio/common_voice_sw_30653913.wav	wakijaribu kujiokoa meli haikuwa na boti za kuokolea za kutosha 	0
/scratch/skscla001/experiments/datasets/swagen/audio/common_voice_sw_35221855.wav	wana wa israel walipomkataa kristo na kumsulubisha walitia muhuri wa uasi wao dhidi 	0
/scratch/skscla001/experiments/datasets/swagen/audio/common_voice_sw_30261756.wav	mjukuu wake aitwaye mandla akaibua ya kuibua 	0
/scratch/skscla001/experiments/datasets/swagen/audio/common_voice_sw_35183298.wav	malezi ya mwisho ya taifa la uturuki kawaida 	0
/scratch/skscla001/experiments/datasets/swagen/audio/common_voice_sw_36641966.wav	ya maneno au muundo wasentensi za kiswahili 	0
/scratch/skscla001/experiments/datasets/swagen/audio/common_voice_sw_35183704.wav	tu baada ya kuanza kutumia dawa za kulevya vijana wengi huendelea 	0
/scratch/skscla001/experiments/datasets/swagen/audio/common_voice_sw_34757495.wav	wa elfu mbili na tano mjini johannesburg afrika kusini 	0
/scratch/skscla001/experiments/datasets/swagen/audio/common_voice_sw_30023301.wav	kilimo ambacho ni uti wa mgongo huku wanawake wakiwa wanachangia pakubwa 	0
/scratch/skscla001/experiments/datasets/swagen/audio/common_voice_sw_35105556.wav	makali zaidi mwaka elfu moja mia tisa hamsini na moja ilipata kura nyingi katika 	0
/scratch/skscla001/experiments/datasets/swagen/audio/common_voice_sw_29791668.wav	kupungua kwa kilimo kulisababishwa na sera za kilimo zisizofaa 	0
/scratch/skscla001/experiments/datasets/swagen/audio/common_voice_sw_35109555.wav	ambapo baadhi ya sifa za muziki ni uzito wa sauti na wizani au mahadhi 	0
/scratch/skscla001/experiments/datasets/swagen/audio/common_voice_sw_29791705.wav	wangoni ni maarufu sana katika kuimba misibani 	0
/scratch/skscla001/experiments/datasets/swagen/audio/common_voice_sw_37216191.wav	wanataka uchukuliwe ushaidi wa vina saba 	0
/scratch/skscla001/experiments/datasets/swagen/audio/common_voice_sw_29792343.wav	wanawake jamii ya warangi ni wazuri nywele zao ni asili ya waraabu weupe 	0
/scratch/skscla001/experiments/datasets/swagen/audio/common_voice_sw_35199058.wav	chama cha waandishi wa habari nchini humo kimelaani vikali kitendo hicho 	0
/scratch/skscla001/experiments/datasets/swagen/audio/common_voice_sw_30036053.wav	kwa vile mkwawa alikuwa ameelekezwa na baba yake ndotoni 	0
/scratch/skscla001/experiments/datasets/swagen/audio/common_voice_sw_30021269.wav	nyangumi ni jina la mamalia wa majini wa oda ya cetacea 	1
/scratch/skscla001/experiments/datasets/swagen/audio/common_voice_sw_35279537.wav	vyama vya upinzani nchini humo ambae sasa hivi yuko burundi 	0
/scratch/skscla001/experiments/datasets/swagen/audio/common_voice_sw_30087776.wav	hapa siyo pengine bali ni handebezyo sehemu ambayo imebeba hazina kubwa 	0
/scratch/skscla001/experiments/datasets/swagen/audio/common_voice_sw_30138136.wav	hivyo basi kwa waluguru baba hutoa jina na mama hutoa ukoo 	0
/scratch/skscla001/experiments/datasets/swagen/audio/common_voice_sw_29848353.wav	mliyoifanya kazi nzuri sana iliyowafanya kuwa washindi 	0
/scratch/skscla001/experiments/datasets/swagen/audio/common_voice_sw_37089095.wav	ndugu yangu alinunua simu jana 	0
/scratch/skscla001/experiments/datasets/swagen/audio/common_voice_sw_34946674.wav	ramadhan machaku wa ubalozini camp area six morogoro tanzania 	0
/scratch/skscla001/experiments/datasets/swagen/audio/common_voice_sw_29962045.wav	hadi sasa wachongaji vinyago wamepanda zaidi ya miti ya mpingo elfu tatu 	0
/scratch/skscla001/experiments/datasets/swagen/audio/common_voice_sw_29788108.wav	kila nchi duniani inakuwa na vivutio vyake vya utaliii 	0
/scratch/skscla001/experiments/datasets/swagen/audio/common_voice_sw_35156054.wav	waweza kutoka nje nizungumze na ali 	0
/scratch/skscla001/experiments/datasets/swagen/audio/common_voice_sw_35284800.wav	katika kipindi cha utawala wa waingereza kulikuwa na utawala wa kikabila 	0
/scratch/skscla001/experiments/datasets/swagen/audio/common_voice_sw_30381973.wav	anavyomaliza mwendo wa maisha inastaadhajabisha wengine wanakufa kwenye 	1
/scratch/skscla001/experiments/datasets/swagen/audio/common_voice_sw_30654111.wav	uoto wa asilia umebaki pekee katika mabonde 	0
/scratch/skscla001/experiments/datasets/swagen/audio/common_voice_sw_36384055.wav	irudi kule ilipokuwa miaka ishirini iliokwisha wakati tulikuwa 	1
/scratch/skscla001/experiments/datasets/swagen/audio/common_voice_sw_31446993.wav	makabila ya kifugaji kwenye vita yamekuwa juu kulinganisha na wakulima 	0
/scratch/skscla001/experiments/datasets/swagen/audio/common_voice_sw_31787697.wav	kila nchi ilyopo katika bara la afrika ina dhahabu katika ardhi yake 	0
/scratch/skscla001/experiments/datasets/swagen/audio/common_voice_sw_30327211.wav	ukimuona wakati anafanya mapenzi kwa nyuma unaweza kuhisi ana miguu mitatu 	0
/scratch/skscla001/experiments/datasets/swagen/audio/common_voice_sw_30574156.wav	maonyesho yatafanyika maeneo ya nyakabindi mkoani simiyu 	0
/scratch/skscla001/experiments/datasets/swagen/audio/common_voice_sw_29923538.wav	kati ya washona wenye idadi kubwa ya watu wengi na wandebele 	0
/scratch/skscla001/experiments/datasets/swagen/audio/common_voice_sw_30004276.wav	mlaji atawashwa midomo na ulimi kwa kula chakula hicho 	0
/scratch/skscla001/experiments/datasets/swagen/audio/common_voice_sw_30659361.wav	mojawapo ya hifadhi hizo zilizowahi kutwaa tuzo za hifadhi bora ni 	0
/scratch/skscla001/experiments/datasets/swagen/audio/common_voice_sw_29575681.wav	kwa wengine wana hali ya juu kwa sababu ya thamani ya bidhaa zao 	1
/scratch/skscla001/experiments/datasets/swagen/audio/common_voice_sw_30036212.wav	waziri mkuu wa tanzania kassim majaliwa kassim amesema 	0
/scratch/skscla001/experiments/datasets/swagen/audio/common_voice_sw_34746678.wav	hamsini wakati wanawake wamasai wengi hukusanyika pamoja wao huimba na kucheza kati yao wenyewe 	0
/scratch/skscla001/experiments/datasets/swagen/audio/common_voice_sw_29815740.wav	keneth kaunda na wenzake kutokea taifa la zambia 	1
/scratch/skscla001/experiments/datasets/swagen/audio/common_voice_sw_30075193.wav	kazi ya kufundisha soka nchini uingereza ni ngumu 	0
/scratch/skscla001/experiments/datasets/swagen/audio/common_voice_sw_30024773.wav	mkoa wa morogoro ni maarufu sana kwa kilimo cha mahindi 	0
/scratch/skscla001/experiments/datasets/swagen/audio/common_voice_sw_31584350.wav	kifo mara nyingi kunasababishwa na maudhi au uchovu 	0
/scratch/skscla001/experiments/datasets/swagen/audio/common_voice_sw_35110344.wav	mzee anapenda chai ya mkanada 	0
/scratch/skscla001/experiments/datasets/swagen/audio/common_voice_sw_34392857.wav	katibu mkuu wa umoja wa mataifa antonio gutteres 	1
/scratch/skscla001/experiments/datasets/swagen/audio/common_voice_sw_29925027.wav	alishinda kwa tiketi ya chama cha mapinduzi 	0
/scratch/skscla001/experiments/datasets/swagen/audio/common_voice_sw_35183464.wav	lala ndani ya neti kuepuka ugonjwa ya malaria 	0
/scratch/skscla001/experiments/datasets/swagen/audio/common_voice_sw_29792394.wav	vilevile joketi ni miongoni mwa vijana maarufu sana nchini humo 	0
/scratch/skscla001/experiments/datasets/swagen/audio/common_voice_sw_34763145.wav	kiafrikaili kufanikisha azma hii wenyeji walilazimika kukusanya 	1
/scratch/skscla001/experiments/datasets/swagen/audio/common_voice_sw_30198740.wav	kwani mataifa haya yanasafirisha dhahabu na vitu vingine kwenda nje 	0
/scratch/skscla001/experiments/datasets/swagen/audio/common_voice_sw_31285755.wav	miamba mikubwa na minene imeliumba eneo la irente 	0
/scratch/skscla001/experiments/datasets/swagen/audio/common_voice_sw_28681243.wav	iko katika magharibi ya kati ya marekani bara 	1
/scratch/skscla001/experiments/datasets/swagen/audio/common_voice_sw_29368612.wav	kundi la raila likawa kubwa zaidi 	0
/scratch/skscla001/experiments/datasets/swagen/audio/common_voice_sw_30180791.wav	watafiti hawajawahi kutambua jinsia ya blob 	1
/scratch/skscla001/experiments/datasets/swagen/audio/common_voice_sw_29654656.wav	anafahamika zaidi kwa kuwa sauti kali yenye nguvu na mvuto 	0
/scratch/skscla001/experiments/datasets/swagen/audio/common_voice_sw_35183786.wav	ulaya kabla ya mwaka elfumoja mianane themanini 	0
/scratch/skscla001/experiments/datasets/swagen/audio/common_voice_sw_30023552.wav	kutengeneza sarafu kwa ajili ya matumizi nchini 	0
/scratch/skscla001/experiments/datasets/swagen/audio/common_voice_sw_31285835.wav	mchunga ngâombe anaanza safari yake ya masomo ya sekondari 	0
/scratch/skscla001/experiments/datasets/swagen/audio/common_voice_sw_36067422.wav	washawishi mashahidi kusema kile ambacho 	1
/scratch/skscla001/experiments/datasets/swagen/audio/common_voice_sw_29176805.wav	inasemekana alikuwa shemasi 	0
/scratch/skscla001/experiments/datasets/swagen/audio/common_voice_sw_29793689.wav	kila kinachowapendeza ndani ya macho yao ndicho wanachofanya 	0
/scratch/skscla001/experiments/datasets/swagen/audio/common_voice_sw_31997422.wav	tangu forodhani kufungwe hakuna tena uvuvi wa haja mombasa 	0
/scratch/skscla001/experiments/datasets/swagen/audio/common_voice_sw_30054828.wav	vipande vya vyungu vilipatikana eneo la mgala isitu 	0
/scratch/skscla001/experiments/datasets/swagen/audio/common_voice_sw_30175984.wav	dhidi ya marekani na kila rafiki wa marekani 	0
/scratch/skscla001/experiments/datasets/swagen/audio/common_voice_sw_29923675.wav	watu wenye uhitaji ndio wanaofanya mambo ya kushangaza katika jamii 	0
/scratch/skscla001/experiments/datasets/swagen/audio/common_voice_sw_35214287.wav	pamoja na tuzo ya albamu bora kwa mwaka elfu mbili na nne mwimbaji bora 	0
/scratch/skscla001/experiments/datasets/swagen/audio/common_voice_sw_30190806.wav	baada ya kuvuna unaweza kuuhifadhi uyoga kwa njia mbalimbali 	0
/scratch/skscla001/experiments/datasets/swagen/audio/common_voice_sw_34745630.wav	yakamfukuza tsar aliyejiuzulu vita vikaendelea na wajerumani walizidi kusogea 	0
/scratch/skscla001/experiments/datasets/swagen/audio/common_voice_sw_30193312.wav	benki hiyo ilipewa kibali na serikali ya ujerumani kuchapisha noti 	0
/scratch/skscla001/experiments/datasets/swagen/audio/common_voice_sw_29791959.wav	mvua nzito ilichangia ukuaji wa majani 	0
/scratch/skscla001/experiments/datasets/swagen/audio/common_voice_sw_29747840.wav	shabaha ya safari hizi ni upelelezi na utafiti wa kisayansi 	0
/scratch/skscla001/experiments/datasets/swagen/audio/common_voice_sw_30035179.wav	kukua kwa zanzibar kulisababisha kupungua kwa mji wa maskat 	0
/scratch/skscla001/experiments/datasets/swagen/audio/common_voice_sw_28748499.wav	chakula na divai ina tabia za pekee 	0
/scratch/skscla001/experiments/datasets/swagen/audio/common_voice_sw_29791137.wav	binadamu wa kwanza kuishi huko huaminiwa kuwa wawindaji 	0
/scratch/skscla001/experiments/datasets/swagen/audio/common_voice_sw_30235334.wav	anatazamwa na watu wengi kama gaidi aliyesababisha vifo 	0
/scratch/skscla001/experiments/datasets/swagen/audio/common_voice_sw_29421261.wav	pia taya la mamba lina uwezo wa hali ya juu wa hisi 	0
/scratch/skscla001/experiments/datasets/swagen/audio/common_voice_sw_34828594.wav	kamati inapitia usahihi wa sera ya uwekezaji ya benki kuu 	0
/scratch/skscla001/experiments/datasets/swagen/audio/common_voice_sw_30377021.wav	sababu ya msingi iliyopelekea kuanzishwa kwa mamlaka ya hifadhi ya ngorongoro 	0
/scratch/skscla001/experiments/datasets/swagen/audio/common_voice_sw_29947870.wav	chakula kikiwa kingi na kukuta mazingira mazuri wanakaa muda mrefu 	0
/scratch/skscla001/experiments/datasets/swagen/audio/common_voice_sw_30366685.wav	bahati mbaya kwa santeu kile kimefanyika hakikuwezekana kufutwa 	0
/scratch/skscla001/experiments/datasets/swagen/audio/common_voice_sw_35155083.wav	kufuatana na afisa wa mtandao huo misukosuko inaendelea kuwakumba watetezi wa haki za binadamu 	0
/scratch/skscla001/experiments/datasets/swagen/audio/common_voice_sw_30230771.wav	wengine wakiwa na shauku ya kujua kuwa kabila la wapare linapatikana wapi 	0
/scratch/skscla001/experiments/datasets/swagen/audio/common_voice_sw_35104383.wav	tena madarakani kwa wingi kama mara iliopita 	0
/scratch/skscla001/experiments/datasets/swagen/audio/common_voice_sw_35123718.wav	jamhuri ya kiarabu waingereza waliacha nchi mikononi mwa mfalme 	0
/scratch/skscla001/experiments/datasets/swagen/audio/common_voice_sw_29699104.wav	kwa kuwa tu viungo vya mwili wake 	0
/scratch/skscla001/experiments/datasets/swagen/audio/common_voice_sw_29961431.wav	maeneo ya shinyanga wanalima mazao ya nafaka kama mahindi na mpunga 	0
/scratch/skscla001/experiments/datasets/swagen/audio/common_voice_sw_30200962.wav	mo alizaliwa tarehe nane mei mwaka elfu moja mia tisa sabini na tano 	1
/scratch/skscla001/experiments/datasets/swagen/audio/common_voice_sw_34828995.wav	yanipasa nikutumikie wewe peke 	0
/scratch/skscla001/experiments/datasets/swagen/audio/common_voice_sw_30182949.wav	mnamo tarehe kumi na nne mwezi wa kumi na mbili barcelona ilimsajili messi 	1
/scratch/skscla001/experiments/datasets/swagen/audio/common_voice_sw_30072549.wav	kama tulivyoona jumbe alivyofanya hapo juu 	0
/scratch/skscla001/experiments/datasets/swagen/audio/common_voice_sw_34747207.wav	kuwa na usiri mkubwa na hakuna taarifa za kueleweka ni nini hasa chanzo chake 	0
/scratch/skscla001/experiments/datasets/swagen/audio/common_voice_sw_29923501.wav	kipindi kilichojulikana kama watu wanaongea kipindi hicho kilipanda chati sana 	0
/scratch/skscla001/experiments/datasets/swagen/audio/common_voice_sw_34749726.wav	za kisheria mtu asiye mwislamu hakuruhusiwa kushiriki katika 	0
/scratch/skscla001/experiments/datasets/swagen/audio/common_voice_sw_29615602.wav	sehemu hizi pia huitwa rasi 	0
/scratch/skscla001/experiments/datasets/swagen/audio/common_voice_sw_34943706.wav	si hivyo tu wazanzibari watano walipewa uwaziri kamili 	0
/scratch/skscla001/experiments/datasets/swagen/audio/common_voice_sw_30022226.wav	meno yake ya chini ya mbele hungolewa 	0
/scratch/skscla001/experiments/datasets/swagen/audio/common_voice_sw_30327500.wav	magufuli alipata asilimia themanini na nne ya kura dhidi ya mpinzani wake mkuu 	0
/scratch/skscla001/experiments/datasets/swagen/audio/common_voice_sw_30330049.wav	shughuli hizi hufanyika katika misitu ya asili na ya watu 	0
/scratch/skscla001/experiments/datasets/swagen/audio/common_voice_sw_29939930.wav	alikuwa makamu mkuu alizidi kuliendesha jeshi kwani aliamini yeye ndio mkuu wa majeshi hayo 	0
/scratch/skscla001/experiments/datasets/swagen/audio/common_voice_sw_34811069.wav	mimi ni mkuu wake kwa kila kitu 	0
/scratch/skscla001/experiments/datasets/swagen/audio/common_voice_sw_28819834.wav	eksirei ya matiti 	1
/scratch/skscla001/experiments/datasets/swagen/audio/common_voice_sw_30209683.wav	uwepo wa bahari hii ya atlantiki inatengeneza fursa kubwa za kiuchumi kwa mataifa 	1
/scratch/skscla001/experiments/datasets/swagen/audio/common_voice_sw_35214363.wav	kumbukumbu ikamjia akawa kama anaiangalia ile bahasha huku mze makame akiwa pembeni 	0
/scratch/skscla001/experiments/datasets/swagen/audio/common_voice_sw_37088182.wav	chai ya babu imemwagika 	0
/scratch/skscla001/experiments/datasets/swagen/audio/common_voice_sw_31749232.wav	mwaka wa elfu moja mia nane themanini na sita 	0
/scratch/skscla001/experiments/datasets/swagen/audio/common_voice_sw_30709753.wav	bodi ya wakurugenzi inayo mamlaka ya kuunda kamati nyingine 	0
/scratch/skscla001/experiments/datasets/swagen/audio/common_voice_sw_37226090.wav	ameanika mipango ya serikali ya nchi hiyo kuongeza kasi 	0
/scratch/skscla001/experiments/datasets/swagen/audio/common_voice_sw_28927238.wav	alipata digrii ya mawasiliano kutoka chuo kikuu cha florida university of south florida 	0
/scratch/skscla001/experiments/datasets/swagen/audio/common_voice_sw_30021698.wav	inayokamilisha jumla ya halmashauri tisa za mkoa wa morogoro 	1
/scratch/skscla001/experiments/datasets/swagen/audio/common_voice_sw_30275017.wav	uyoga una madini yote muhimu kwa ajili ya afya ya mwanadamu 	0
/scratch/skscla001/experiments/datasets/swagen/audio/common_voice_sw_31285664.wav	lakini pia kwa makazi ya viumbe hai waishio majini 	0
/scratch/skscla001/experiments/datasets/swagen/audio/common_voice_sw_29941787.wav	mlima kilimanjaro wakiwemo mbega na nyani 	1
/scratch/skscla001/experiments/datasets/swagen/audio/common_voice_sw_35105404.wav	elfu moja mia tisa sabini na sita wazazi wake walimpa jina la joseph mayanja 	0
/scratch/skscla001/experiments/datasets/swagen/audio/common_voice_sw_30006990.wav	zambia imepata uhuru na kaunda akiwa kiongozi uhuru huo 	1
/scratch/skscla001/experiments/datasets/swagen/audio/common_voice_sw_29655504.wav	jimbo uko la atlantiki na upande wa mashariki ya nchi 	0
/scratch/skscla001/experiments/datasets/swagen/audio/common_voice_sw_30183457.wav	safari yangu katika siasa imekuwa njia ndefu na yenye tija 	1
/scratch/skscla001/experiments/datasets/swagen/audio/common_voice_sw_30363149.wav	dhana tatu kuu ni kwamba ukimwi unaweza kusambazwa kwa kumgusa mtu 	0
/scratch/skscla001/experiments/datasets/swagen/audio/common_voice_sw_28961613.wav	kaa tayari kula 	0
/scratch/skscla001/experiments/datasets/swagen/audio/common_voice_sw_30073355.wav	watu walio karibu au wanaoishi na wagonjwa wa tauni ya mapafu wanapaswa kuchunguzwa 	0
/scratch/skscla001/experiments/datasets/swagen/audio/common_voice_sw_35105466.wav	hivi karibuni serikali ya tanzania ilizindua mpango mkakati wa tahadhari dhidi ya mafua makali 	0
/scratch/skscla001/experiments/datasets/swagen/audio/common_voice_sw_34833305.wav	tunafaa kuchunga maeneo yetu 	0
/scratch/skscla001/experiments/datasets/swagen/audio/common_voice_sw_28672764.wav	nyimbo hizo zote zinapatikana katika albamu ya ndani ya bongo ya sugu 	0
/scratch/skscla001/experiments/datasets/swagen/audio/common_voice_sw_30718053.wav	hakuna mtu anayeamini kuondoka kwa messi barcelona 	0
/scratch/skscla001/experiments/datasets/swagen/audio/common_voice_sw_29611088.wav	vipande hivyo ni mabamba ya ganda la dunia au kwa kifupi mabamba gandunia 	0
/scratch/skscla001/experiments/datasets/swagen/audio/common_voice_sw_28748482.wav	wakoloni waingereza waliona ni busara zaidi ya kusimamia kubwa makundi ya kikabila tofauti 	0
/scratch/skscla001/experiments/datasets/swagen/audio/common_voice_sw_29941919.wav	kabila la waha limetokana na mtawanyiko wa makabila ya warundi na wahaya 	1
/scratch/skscla001/experiments/datasets/swagen/audio/common_voice_sw_29789308.wav	ndiyo gura ya wanyama kwenye ardhi iliyo kubwa na ndefu zaidi duniani 	0
/scratch/skscla001/experiments/datasets/swagen/audio/common_voice_sw_34756957.wav	nashukuru na mimi ningependa nianze kwa kukusalimia kama ulivyoanza wewe kunisalimia nurdi 	0
/scratch/skscla001/experiments/datasets/swagen/audio/common_voice_sw_35104881.wav	njombe ina wakazi wanaofikia kuwa laki saba na mbili na tisini na saba 	0
/scratch/skscla001/experiments/datasets/swagen/audio/common_voice_sw_36364092.wav	hii hali peke yake we unaionaje 	0
/scratch/skscla001/experiments/datasets/swagen/audio/common_voice_sw_28927318.wav	maeneo haya ambako kilimo kilianza ni china amerika ya kaskazini na mashariki ya kati 	0
/scratch/skscla001/experiments/datasets/swagen/audio/common_voice_sw_31285610.wav	kimbunga hicho kilikuja wiki chache baada ya kenneth kufariki 	0
/scratch/skscla001/experiments/datasets/swagen/audio/common_voice_sw_34763121.wav	rifa ifuatayo inaelezea shughuli ya kuapishwa kwa rais huyo 	0
/scratch/skscla001/experiments/datasets/swagen/audio/common_voice_sw_30709975.wav	mashariki ya ruwenzori haikuwa inajulikana mpaka ilivyoripotiwa 	0
/scratch/skscla001/experiments/datasets/swagen/audio/common_voice_sw_30360103.wav	mamalia kwa kawaida hupatikana katika kanda hii 	0
/scratch/skscla001/experiments/datasets/swagen/audio/common_voice_sw_29818157.wav	jamii iliyo huru ambayo watu wote wataishi pamoja 	0
/scratch/skscla001/experiments/datasets/swagen/audio/common_voice_sw_32097720.wav	mpewa sumu hakufa ufie mwenye kupika 	0
/scratch/skscla001/experiments/datasets/swagen/audio/common_voice_sw_30047783.wav	kombe la dunia lilifanyika nchini brazil 	1
