sentence	gender	duration	audio
urusi walianzisha sera ya operesheni maambukizi katika kukabiliana na ukimwi 	male_masculine	6.2355	common_voice_sw_37088308.wav
tumia bidhaa za nywele ambazo zinaendana na nywele zako na hakikisha unazingatia mambo muhimu 	male_masculine	7.9275	common_voice_sw_30224079.wav
miamba hii iko hatarini kupotea 	male_masculine	4.5435	common_voice_sw_28258454.wav
takriban laki saba na elfu hamsini upande wa tanzania 	male_masculine	4.5435	common_voice_sw_29988192.wav
hivyo kuyafanya mazingira kuwa safi wakati wote na kuvutia zaidi 	female_feminine	5.6235	common_voice_sw_30022074.wav
upana wake ni kilomita kumi na tatu 	male_masculine	3.1755	common_voice_sw_29822737.wav
wengi hawakutaka kuondoka kwenye meli nzuri 	female_feminine	3.1755	common_voice_sw_36644705.wav
si mataifa yote yalikubaliana na matakwa ya uingereza ya kukomesha biashara ya utumwa 	male_masculine	7.3875	common_voice_sw_29795930.wav
ligi kuu ya ethiopia 	male_masculine	2.9955	common_voice_sw_28690372.wav
abedi ayew pele alikuwa mchezaji bora wa afrika 	male_masculine	4.5075	common_voice_sw_30180841.wav
umri wake wa kuishi ni miaka sitini 	female_feminine	3.4275	common_voice_sw_29792189.wav
nimonia na kikohozi kisichoisha kwa tafsiri ya kawaida ni maambukizi yanayojitokeza kwenye mapafu 	female_feminine	8.5035	common_voice_sw_30522726.wav
wamasai huamini katika mungu anayeitwa nkai 	female_feminine	4.4355	common_voice_sw_29788198.wav
zilichangia sana mafarakano monasteri ya khor virap karne ya saba ikiwa 	female_feminine	7.6035	common_voice_sw_35409322.wav
neno fungu la maneno 	female_feminine	3.1755	common_voice_sw_35103491.wav
ngamia huishi katika maeneo kame na jangwa 	female_feminine	3.9675	common_voice_sw_30582629.wav
kila sehemu unayopita utakutana na mto unaotiririsha maji 	female_feminine	5.2635	common_voice_sw_30142556.wav
upande wa biashara tanzania ilisitisha kuagiza bidhaa kutoka kenya 	female_feminine	5.2275	common_voice_sw_30658802.wav
fursa nyingine ni uvuvi wa bahari kuu ufugaji samaki na mazao ya bahari 	male_masculine	7.4955	common_voice_sw_34750536.wav
mfano mfumo maarufu wa nne tano moja unakuwa na mabeki wanne 	male_masculine	7.51165625	common_voice_sw_30633152.wav
simba huwindwa wanapowaua mifugo yao hwauwa pia 	female_feminine	6.4155	common_voice_sw_30436690.wav
tofauti ni kwamba koloni liko kabisa chini ya utawala wa nje 	male_masculine	6.8475	common_voice_sw_28669844.wav
bomoa iyo nyumba 	male_masculine	3.1755	common_voice_sw_31949900.wav
adolf anasema hilo sio tatizo kubwa kwa sababu hakuna anayemdhuru mgeni 	male_masculine	7.5675	common_voice_sw_29936976.wav
hasa yale ya chakula na biashara 	female_feminine	2.8875	common_voice_sw_30434264.wav
mlima yamba na milima ya yaruvano mwisho kabia ni mlima zumbu 	male_masculine	8.1075	common_voice_sw_30657071.wav
pia alidai kuwa rais kibaki alikuwa makosa katika jambo hilo 	male_masculine	8.3955	common_voice_sw_28682803.wav
muhammad aliishi miaka kama arobaini bila kuwa na imani ya mungu pekee 	male_masculine	5.5155	common_voice_sw_29484382.wav
aa hapa idhaa ya kiswahili ya redio france international 	male_masculine	3.2475	common_voice_sw_36383737.wav
barafu ya icebergs ni marafiki wa meli katika atlantiki ya kasikazini 	female_feminine	5.6955	common_voice_sw_35279278.wav
ninaitwa dana unaitwa nani 	female_feminine	3.2835	common_voice_sw_34962742.wav
usipo harakisha utabaki nyuma 	male_masculine	3.5355	common_voice_sw_37101488.wav
karibu katika awamu nyingine na sasa tuanzie nchini cote de voire 	female_feminine	5.2275	common_voice_sw_34947062.wav
kuna watoto wengi wanaoishi bila wazazi wala familia kwenye barabara za kinshasa 	male_masculine	7.4955	common_voice_sw_28814691.wav
iliachana na ushiriki wa vita hivyo vya mataifa 	male_masculine	4.9755	common_voice_sw_29938346.wav
kundi hili lipo afrika ya kusini 	male_masculine	4.4355	common_voice_sw_28690971.wav
kilomita za mraba mia mbili na ishirini 	female_feminine	3.4275	common_voice_sw_30038288.wav
huonekana wakati tayari ini limenyauka au lina kansa 	female_feminine	5.9475	common_voice_sw_30718194.wav
ndani ya rasi ya skandinavia kuna nchi za uswidi na norwei 	female_feminine	6.7035	common_voice_sw_29663288.wav
ee na na inapokuwa ni kesi kama hii ya madawa ya kulevya 	female_feminine	4.9035	common_voice_sw_37217072.wav
idadi ya wasemaji nchini myanmar haijulikani 	male_masculine	5.8035	common_voice_sw_28582159.wav
wasukuma ni miongoni mwa kabila mojawapo kati ya yale mia moja ishirini na moja 	male_masculine	5.9835	common_voice_sw_30032406.wav
vyanzo mbalimbali vinasema ya kwamba alizaliwa elfu moja mia tisa ishirini na tano 	female_feminine	8.15965625	common_voice_sw_30103675.wav
kutoka daressalaam mpaka kahama mkoani shinyanga 	female_feminine	5.2275	common_voice_sw_30355412.wav
tuna maziwa tuna misitu tuna milima 	female_feminine	3.4635	common_voice_sw_34942396.wav
yani wengine walitumia mapigano au vita kuwafurusha wazungu 	female_feminine	4.9035	common_voice_sw_30718321.wav
katika hatua hii ndio uamuzi unachukuliwa wa kutahiri wavulana 	female_feminine	4.5435	common_voice_sw_29794563.wav
hakuwa na uwezo wa kucheza soka la kiwango cha juu 	female_feminine	3.5355	common_voice_sw_31284655.wav
jina linatokana na lile la mto mara 	male_masculine	3.1755	common_voice_sw_29797029.wav
mmojawapo maji yanafikia ziwa tanganyika 	female_feminine	6.4155	common_voice_sw_28704537.wav
uchumi na matumizi ya ardhi nchini uturuki 	male_masculine	6.4875	common_voice_sw_35683371.wav
walipewa maelekezo ya kila mtu kutunga nyimbo moja ya mazingira 	male_masculine	7.6755	common_voice_sw_28583492.wav
kwa maana ya watu wanaotoka katika kijiji cha 	male_masculine	3.7155	common_voice_sw_30025689.wav
idadi hii ilikua tena 	female_feminine	3.7155	common_voice_sw_29736137.wav
iko upande wa kusini wa kisiwa 	male_masculine	4.6155	common_voice_sw_29591999.wav
kujiuzulu kutokana na chama hicho kutajwa kuhusika kwenye uchunguzi 	male_masculine	8.3955	common_voice_sw_34390842.wav
baadhi ya sehemu nchini tanzania watu wanazikwa wakiwa wameketi 	female_feminine	5.4435	common_voice_sw_37215140.wav
mimi ni mtoto mdogo sana 	male_masculine	2.5275	common_voice_sw_31325204.wav
imani hiyo hadi urusi mtemi wa kiev vladimir mkuu alipokea 	female_feminine	5.8035	common_voice_sw_37223857.wav
kila mmoja ana haki ya kuwa na siri zake 	male_masculine	4.8675	common_voice_sw_28582715.wav
magufuli alisema ataendelea kumkumbuka mzee mkapa 	male_masculine	5.2275	common_voice_sw_30582798.wav
na shirika la marekani la dawa za kulevya kwa pamoja zilitoa 	female_feminine	5.5875	common_voice_sw_37212146.wav
hifadhi inafikika wakati wote wa mwaka hasa mwezi disemba mpaka februari 	male_masculine	6.8475	common_voice_sw_30114738.wav
eneo hilo limetengwa kwa ajili ya uhifadhi wa viumbe vya baharini 	male_masculine	5.0475	common_voice_sw_29936666.wav
utalii wa amboni hutegemea zaidi matumizi ya tochi kwa sababu ya kiza kinene pangoni 	female_feminine	6.7035	common_voice_sw_29790889.wav
ulikuwa asilimia hamsini za wastani wa wamarekani 	male_masculine	5.8755	common_voice_sw_29937102.wav
hali hiyo ilianza kubadilika baada ya miaka kadhaa 	female_feminine	4.1835	common_voice_sw_29798418.wav
mpira wa uingereza ulikuwa wa pasi tatu kisha goli 	male_masculine	5.4075	common_voice_sw_30209929.wav
wanacheza kwa siku nne siku mbili zikijulikana kama siku nyeupe 	female_feminine	6.0555	common_voice_sw_30107678.wav
milima ya nyabweshongoile na milima ya nyakagando 	male_masculine	4.9035	common_voice_sw_29976799.wav
kaburi la barbosa lilitengwa na wabrazil 	female_feminine	4.1835	common_voice_sw_29798416.wav
kwa matumizi kwenye ndege kuna vipimo sanifu vidogo zaidi 	male_masculine	4.9755	common_voice_sw_28670603.wav
magufuli alijipatia shahada yake ya uzamili 	male_masculine	3.7155	common_voice_sw_30380775.wav
akiangazia hatua ya kuanza kuandikisha kwa wapiga kura nchini sudan 	female_feminine	9.3675	common_voice_sw_35156095.wav
rangi pia huonyesha dhana na vipengele muhimu katika tamaduni 	female_feminine	5.8755	common_voice_sw_30526933.wav
mlima huo uliopo mkoani kilimanjaro unatofautiana 	male_masculine	4.0035	common_voice_sw_36387987.wav
wamekuwa wakidhani kwamba mkoa huo una kabila moja tu wakurya 	male_masculine	7.2075	common_voice_sw_36944892.wav
italia kwa papa akajaribu kujenga umoja wa kanisa ila haukutekelezwa 	male_masculine	5.1555	common_voice_sw_37223396.wav
watu wote nchini walimpenda kwa kuwajali wanyonge 	female_feminine	3.8955	common_voice_sw_30437542.wav
watu walianza kupinga serikali na kuchukua silaha katika sehemu mbalimbali za nchi 	female_feminine	6.0555	common_voice_sw_29611177.wav
wabena kabila linalosifika kwa ukaribu sana 	female_feminine	4.1475	common_voice_sw_30658747.wav
dhidi ya marekani na kila rafiki wa marekani 	female_feminine	5.0475	common_voice_sw_30175984.wav
hiki ni chombo kikuu kabisa cha utawala wa kijiji 	male_masculine	5.1555	common_voice_sw_28259031.wav
leo ni siku njema kama ilivyo onekana asubuhi 	female_feminine	4.4355	common_voice_sw_34746343.wav
nasikia kwanuka harufu mbovu sana 	male_masculine	3.6435	common_voice_sw_32211940.wav
soka la china linahitaji mwalimu kama pep guardiola 	male_masculine	4.3275	common_voice_sw_29898552.wav
isa tisini na moja walikuwa boris yeltsin na vladimir putindmitry medvedev alichaguliwa kuwa 	female_feminine	8.8275	common_voice_sw_34958150.wav
mzee mwinyi kabla hajatawala tanzania alikuwa visiwani 	female_feminine	4.9035	common_voice_sw_30326925.wav
na wazo lingine linalodai kwamba katika vipindi kongwe vilivyopata kuwako sehemu za pwani ya 	male_masculine	7.4955	common_voice_sw_36386423.wav
aliyeandika waraka hadharani kupinga hatua ya kuigeuza chato kuwa mkoa kamili 	female_feminine	6.3435	common_voice_sw_36616998.wav
rehema anaishi mombasa 	female_feminine	3.0675	common_voice_sw_31997277.wav
kiasili sinodi ilikuwa mkutano wa maaskofu wa eneo fulani 	male_masculine	7.9635	common_voice_sw_28592246.wav
kabla ya miss tanzania alishindana katika miss kurasini elfu mbili na sita 	male_masculine	5.6955	common_voice_sw_29897031.wav
tunaangalizia ligi kuu za soka katika mataifa 	female_feminine	3.9675	common_voice_sw_37212059.wav
bila shaka ataacha rekodi ambazo zitakuwa ngumu kuvunjwa 	female_feminine	4.9035	common_voice_sw_29789914.wav
unapoona ndege tausi kainua mkia basi hapo ni kipindi cha dume huyo kuhitaji jike 	male_masculine	9.0075	common_voice_sw_29906405.wav
nono alikuwa mtawala wa mwisho wa wenyeji asilia 	male_masculine	5.5155	common_voice_sw_29935937.wav
utatembea sana kliko vitu vyote ukipanda mlima huu 	male_masculine	5.6235	common_voice_sw_30024375.wav
hifadhi ya taifa ruaha inapatika iringa 	female_feminine	3.5355	common_voice_sw_35108361.wav
ya chama cha mapinduzi wanaokifahamu chama hicho kwa undani uzoefu wa namna hiyo ni 	male_masculine	10.1235	common_voice_sw_35408991.wav
baadhi ya nchi zinazopatikana pembeni mwa bahari hii ni 	male_masculine	4.6875	common_voice_sw_29938771.wav
kabla ya wangoni kuja songea na kujenga makazi yao 	female_feminine	4.2555	common_voice_sw_30025117.wav
wasifu wa magufuli unaonyesha kwamba alipata cheti cha stashahada ya ualimu 	male_masculine	7.04365625	common_voice_sw_30630996.wav
kumbukumbu ya uasi dhidi ya wanafunzi kumi na sita 	female_feminine	5.4435	common_voice_sw_30240948.wav
raslimali zinazohitajika ili kushughulikia tatizo la 	female_feminine	4.4355	common_voice_sw_36365344.wav
huruma na mapenzi yao yanawafanya wawe karibu na mungu wao 	female_feminine	5.5875	common_voice_sw_37223451.wav
hadi mwaka wa elfu moja mia nane themanini na tisa 	female_feminine	4.9035	common_voice_sw_30585144.wav
pamoja na kuenea kwa elimu juu ya ugonjwa huu 	male_masculine	4.8675	common_voice_sw_29944862.wav
vikosi vya castro viliingia havana mwaka elfu moja mia tisa hamsini na tisa 	female_feminine	5.0475	common_voice_sw_30582627.wav
padre paul haule alianza kujisikia vibaya siku ya jumatatu 	male_masculine	5.7675	common_voice_sw_29787755.wav
amin pia alikuwa mchezaji wa michezo aliyekuwa akifanya michuano ya nguruwe 	female_feminine	7.4955	common_voice_sw_29791825.wav
nchi sasa inapoteza dira hamna viongozi bora ila kuna bora viongozi aibu kwa watanzania 	female_feminine	6.5235	common_voice_sw_29940407.wav
karatasi kubwa 	female_feminine	2.1675	common_voice_sw_34840208.wav
zinafanyika shughuli za usafirishaji wa mizigo na abiria pia 	male_masculine	5.31565625	common_voice_sw_30630847.wav
maafisa afya ndio waliopewa jukumu la kuizika miili hiyo 	female_feminine	5.4075	common_voice_sw_34942513.wav
hivyo waliwafukuza kwa kupigana kama ilivyokuwa kwa makabila mengi 	female_feminine	6.4155	common_voice_sw_29788683.wav
chaji hizi mbili ni kinyume zinaitwa chaji hasi na chaji chanya 	male_masculine	9.3675	common_voice_sw_28971638.wav
karatasi nyeusi 	female_feminine	2.0955	common_voice_sw_36250933.wav
jim thompson aliandika mnamo mwaka elfu moja mia nane themanini na tano 	male_masculine	4.7235	common_voice_sw_30025168.wav
karagwe kwenye njia kuu ya biashara ya kimataifa na kupunguza umaarufu wake 	male_masculine	6.9555	common_voice_sw_36617434.wav
forojo ganze aliyezaliwa mwaka elfu moja mia tisa na mbili 	female_feminine	4.5075	common_voice_sw_30075144.wav
wa uendeshaji wa serikali kwa sababu 	male_masculine	4.9035	common_voice_sw_37084903.wav
vita wanatoka huko wakiogopa kuporwa utu na 	female_feminine	5.5155	common_voice_sw_30574523.wav
mazao ya chakula na biashara kama mpunga katani na mahindi zimeinua maendeleo kiuchumi 	male_masculine	6.6675	common_voice_sw_30677312.wav
apo awali alikuwa mfuasi wa dini ya kiislam 	female_feminine	4.1835	common_voice_sw_29793607.wav
nichekeshe kibogoyo nami nipate kuwika 	female_feminine	3.6075	common_voice_sw_35198958.wav
taifa la nigeria linachimba mafuta na kuyasafirisha katika masoko ya dunia 	male_masculine	6.5955	common_voice_sw_29787857.wav
ni mnara wa jiwe uliopakwa rangi nyeupe 	female_feminine	4.0035	common_voice_sw_29368789.wav
wakati wa uhuru wa kenya sehemu hii ikaingizwa katika jamhuri ya kenya 	female_feminine	6.5235	common_voice_sw_30055820.wav
katika maeneo ya mpwapwa na dodoma mwaka 	female_feminine	3.2475	common_voice_sw_37096435.wav
kama mtetezi wa masuala ya uongozi bora rais huyo mpya wa malawi anayezungumza kiingezera 	male_masculine	7.0275	common_voice_sw_35964218.wav
huku upande wa mama akiwa na asili ya italia 	male_masculine	5.4075	common_voice_sw_29936259.wav
kiswahili nchini kenya licha ya kuwepo kwa 	female_feminine	4.1475	common_voice_sw_35106092.wav
pia wanapewa ajira kwenye viwanda vya uvuvi vilivyojengwa kwenye maeneo hayo 	male_masculine	7.4955	common_voice_sw_30342860.wav
mjerumani wolfgang overalh alikuwa mchezaji bora wa michuano ya kombe la dunia 	male_masculine	8.2155	common_voice_sw_29961190.wav
abooud jumbe alichaguliwa kuwa rais wa zanzibar 	male_masculine	3.1755	common_voice_sw_30307688.wav
wadudu barafu wanatokea amerika ya kaskazini na asia ya mashariki juu ya milima 	male_masculine	9.1155	common_voice_sw_28814453.wav
tisini na nne chini ya utawala wa chama kimoja wa dikteta hastings kamuzu banda 	male_masculine	7.1355	common_voice_sw_37089503.wav
hata hivyo mabadiliko hayo bado yaliendelea kulalamikiwa kwa kutoweka bayana uwajibikaji wa viongozi 	male_masculine	8.9355	common_voice_sw_29902528.wav
ni hewa 	male_masculine	2.8875	common_voice_sw_32212298.wav
magufuli ndio alikuwa chaguo langu la kwanza halafu nikaongeza na wengine 	female_feminine	5.1555	common_voice_sw_30073350.wav
mapema alianza kuheshimiwa kama mwenye heri 	female_feminine	3.8955	common_voice_sw_29430620.wav
walikuwa wanasema huyu ni nani labda atakuwa mtu mzima fulani 	female_feminine	4.6875	common_voice_sw_31446990.wav
kaunda alikagua gwaride la jeshi mara tu baada ya zambia kupata uhuru 	female_feminine	7.0635	common_voice_sw_30261269.wav
walisema hao walikuwa ni washauri wa kijeshi na si wapiganaji wa mstari wa mbele 	male_masculine	6.4155	common_voice_sw_30179631.wav
vitu vingi katika maisha vinaweza kujaribu kukuondoa kwenye malengo yako 	male_masculine	5.0475	common_voice_sw_30131782.wav
kijamii ya kiutu uzima kwa wakati unaotazamiwa 	female_feminine	4.6875	common_voice_sw_34942763.wav
wilaya ya rungwe ni eneo lenye mvua nyingi katika tanzania 	female_feminine	5.89165625	common_voice_sw_30003829.wav
sauti 	male_masculine	3.6435	common_voice_sw_32210947.wav
oliver kahn alikuwa kwenye kikosi cha ujerumani 	female_feminine	3.7155	common_voice_sw_31271677.wav
ubovu wa barabara hizo umechangia kwa kiasi kikubwa kukwamisha usafirishaji wa pembejeo 	male_masculine	8.2875	common_voice_sw_29796307.wav
na kuwaondolea shida ya maji ambayo imekuwa ni tatizo kubwa kwa jamii za kiafrika 	male_masculine	7.7475	common_voice_sw_30342562.wav
saratani ilikuwa imemuenea sana mwilini 	male_masculine	5.2635	common_voice_sw_28691073.wav
awali mpinzani mkubwa bonny ayai adeehu benji 	male_masculine	5.0835	common_voice_sw_36807759.wav
twiga wa kundi moja hawachangamani na twiga wa kundi lingine 	female_feminine	4.8675	common_voice_sw_29962873.wav
vijana wengi wa kiluguru waliamua kubaki katika ardhi ya wandengereko 	female_feminine	5.6235	common_voice_sw_30337459.wav
futi kumi na tisa sawa na mita tano nukta tano huku jike akiwa na 	female_feminine	4.3635	common_voice_sw_37222990.wav
akiwa uhamishoni amin alifadhili mabaki ya jeshi lake 	male_masculine	5.89165625	common_voice_sw_30628910.wav
hifadhi hii iko umbali wa kilometa mia moja ishirini na sita 	female_feminine	5.4075	common_voice_sw_29790078.wav
tanzania imebarikiwa utajiri wa misitu iliyotunzwa ya kupendeza 	female_feminine	7.9635	common_voice_sw_30234193.wav
wapenzi wa jinsia moja wapigwa picha nchini kenya 	female_feminine	3.8235	common_voice_sw_37096132.wav
ya watu ambao hawakuwa wamevaa barakoakitendo hicho kwa wakosoaji wake kilimweka katika kundi 	female_feminine	7.6035	common_voice_sw_35206744.wav
mji mkuu katika kabila la upare ni maore ulioko wilaya ya same 	male_masculine	5.8035	common_voice_sw_30379743.wav
ule umoja wa vyama vya wafanyikazi uliokuwepo ukiwakutanisha vyama vinane 	female_feminine	6.9555	common_voice_sw_35409396.wav
utawala wa kiroma lakini waliheshimiwa sana na wananchi wa kawaida 	male_masculine	5.9475	common_voice_sw_37097991.wav
ibara ya thalathini na saba kifungu kidogo cha tano 	female_feminine	4.2555	common_voice_sw_30351406.wav
ni mfanyabiashara na mwanasiasa ambaye pia amewekeza katika kandanda 	female_feminine	5.5875	common_voice_sw_30021664.wav
chimbuko la utamaduni huo linaaminiwa kuwa barani ulaya katika karne ya kumi na sita 	male_masculine	9.0075	common_voice_sw_31326459.wav
aliyemfuata kama tenno ni mwana wake go fushimi 	female_feminine	5.2635	common_voice_sw_28666520.wav
ana mpango wa kusafiri ngámbo 	female_feminine	3.0675	common_voice_sw_34823316.wav
hata wazee husimulia hivyo kwa watoto wao 	male_masculine	6.5235	common_voice_sw_29997333.wav
baada ya hapo wao huingia chumbani kwao kwa mtanange mujarab kabisa 	female_feminine	5.5155	common_voice_sw_36644621.wav
watapata ajira ama kufanikiwa katika baadhi ya mambo waliyoyataka 	female_feminine	7.3875	common_voice_sw_30173742.wav
alikufa mjini jeddah tarehe kumi na sita agosti mwaka elfu mbili na tatu 	female_feminine	6.5235	common_voice_sw_37225998.wav
maua ni meupe 	male_masculine	2.5635	common_voice_sw_28681440.wav
hao na wakristo wa kwanza walio wengi waliishi chini ya serikali ya roma 	male_masculine	5.9115	common_voice_sw_36385776.wav
hata hivyo mila na desturi nyingi za wagweno zinafanana zaidi na zile za wapare 	male_masculine	7.3875	common_voice_sw_30341829.wav
maneno haya mawili hutumika kwa kubadilishana mara nyingi 	female_feminine	5.5155	common_voice_sw_29779678.wav
mama hupewa maji katika kibuyu ili ayanywe 	male_masculine	3.5355	common_voice_sw_30075908.wav
kitulo na udzungwa ada yake kwa mtu wa 	female_feminine	5.1555	common_voice_sw_29848004.wav
lakini wafanayakazi wa mashamaba haya walikuwa ni wenyeji 	female_feminine	6.8475	common_voice_sw_29794165.wav
zinazofikia ishirini na sita mwaka elfu mbili na elfu mbili na moja alifanikiwa kupata 	female_feminine	8.6475	common_voice_sw_35099411.wav
mashamba hayo hayawezi kudumisha idadi kubwa ya wanyama 	female_feminine	4.6155	common_voice_sw_29960695.wav
mwombaji akiamua mwizi auawe basi kwa vile anaonekana kwenye matambiko 	male_masculine	6.5955	common_voice_sw_30631353.wav
los angeles na chicago marekani ni nchi iliyoendelea na yenye 	male_masculine	4.7955	common_voice_sw_36386568.wav
mtazamo wa mahakama haukuwa kwenye mauaji ya kimbari 	male_masculine	5.0475	common_voice_sw_36067467.wav
daktari alimtibu mgonjwa aliyekuwa hali mahututi 	male_masculine	4.5435	common_voice_sw_37093211.wav
ndugu yangu alinunua simu jana 	female_feminine	2.5275	common_voice_sw_37089095.wav
amezungumza na wanahabari katika jiji la tripoli 	female_feminine	6.7755	common_voice_sw_34598426.wav
lakini imani iliendelea kwa siri 	male_masculine	4.5435	common_voice_sw_28681834.wav
ambazo zingine na zile sifurahie akaruhusu ziendelee katika 	female_feminine	4.8675	common_voice_sw_37090203.wav
linafuata mapokeo ya antiokia na kutumia liturujia ya antiokia 	male_masculine	6.1635	common_voice_sw_28682619.wav
iraq ina akiba kubwa za mafuta ya petroli ardhini 	female_feminine	6.4875	common_voice_sw_29466731.wav
hata hivyo luteni kanali paul von lettow vorbeck alichukua mamlaka ya majeshi 	male_masculine	7.8555	common_voice_sw_30341853.wav
kuvimba katika eneo la mfereji wa haja kubwa 	female_feminine	4.3275	common_voice_sw_30196021.wav
ndiyo makabila ya asili ya inayoitwa leo hii musoma mjini 	male_masculine	7.6755	common_voice_sw_36299617.wav
haruhusiwi kutumia vyakula vya mafuta ya wanyama 	male_masculine	6.1635	common_voice_sw_37095311.wav
tatizo kubwa zaidi alilokumbana nalo ni dhoruba kali 	female_feminine	5.4075	common_voice_sw_30080282.wav
tukiyatunza mazingira yatatusaidia katika kilimo ufugaji na mvua pia 	male_masculine	6.5955	common_voice_sw_29795529.wav
mbuga zote za wanyama nchini zina wanayama wakubwa 	female_feminine	4.2555	common_voice_sw_30023548.wav
ninachemsha maji lakini halafu ninasahau mara moja 	male_masculine	4.3275	common_voice_sw_37097767.wav
wa kisovyetiwarusi walipoteza askari milioni kadhaa lakini waliweza kuwazuia wajerumani wasiteke moscow na leningrad 	female_feminine	9.2955	common_voice_sw_35425680.wav
watu walihofia kuwa volkano inaweza kulipuka 	female_feminine	3.6435	common_voice_sw_31284930.wav
kutokana na vurugu hizo zilizokuwa zikifanywa na wakamba 	male_masculine	5.0475	common_voice_sw_29865105.wav
tanzania ni nchi iliyobarikiwa kuwa na wanyama mbalimbali 	male_masculine	5.9475	common_voice_sw_30654267.wav
mtoto wako ameibwa 	female_feminine	2.1675	common_voice_sw_35104330.wav
ruvuma ruaha mkuu au mto tana ambayo yote inaishia katika bahari hindi 	male_masculine	8.9355	common_voice_sw_34750298.wav
tunazaidi ya wairaki elfu moja mia mbili 	female_feminine	4.6155	common_voice_sw_36364088.wav
kwa kweli mimi nimelipokea kwa furaha kubwa 	male_masculine	5.5875	common_voice_sw_37084224.wav
vichafuzi kadhaa inaandaa nafasi ya mataifa kuzungumzia sera na 	male_masculine	7.2435	common_voice_sw_36807761.wav
kiumbe huyo alijulikana kwa jina la blob 	male_masculine	4.3275	common_voice_sw_29795901.wav
iwapo kutatokea majeraha basi atakuwa anajitosa katika shughuli hizo za ununuzi wa wachezaji 	male_masculine	8.3595	common_voice_sw_36385716.wav
na uongo wanini mwogope mungu 	male_masculine	3.1755	common_voice_sw_36385402.wav
tungepiga mbizi ndani ya bahari 	female_feminine	3.2475	common_voice_sw_34906981.wav
au maamuzi yanayotolewa kwa jina la cote de voire 	male_masculine	3.7875	common_voice_sw_37224114.wav
pia katika maeneo kama chome na mbaga bila kusahau gonja na vudee 	female_feminine	6.1635	common_voice_sw_30377875.wav
kufika wakati walichukue kombe hilo mara tatu mfululizo na ikishalichukua mara tatu mfululizo 	female_feminine	7.9275	common_voice_sw_35103504.wav
kisha yanakuacha utunze mahusiano yako kwa gharama zako 	male_masculine	5.8035	common_voice_sw_31308918.wav
alikuwa mfalme wa buganda anayejulikana kama mfalme freddie 	male_masculine	5.0475	common_voice_sw_30354905.wav
au juu ya kile kilichomuliwa na mkutano huo wa berlini 	male_masculine	6.5235	common_voice_sw_29993831.wav
jina lilidumu mpaka mwaka elfu moja mia tisa na arobaini na nane 	male_masculine	6.1635	common_voice_sw_30327466.wav
alijiunga na utawa wa tatu wa mt 	male_masculine	3.6075	common_voice_sw_29439303.wav
hatimae watawala wa omani waliingilia kati na kuwafukuza mabaki ya wareno 	male_masculine	5.0835	common_voice_sw_29936696.wav
aliacha kazi hiyo kutokana na sababu mbalimbali karume 	male_masculine	6.0555	common_voice_sw_29795830.wav
inawezesha ubadilishanaji na makubaliano ya kifedha na dhamana 	female_feminine	5.7675	common_voice_sw_35183579.wav
ajali hiyo inaonyesha upendo na uaminifu kwa mwanaume 	male_masculine	4.1835	common_voice_sw_37094554.wav
hivi majuzi wamasai wamekuwa wakitegemea vyakula kutoka maeneo mengine 	female_feminine	5.7675	common_voice_sw_29797106.wav
kufikiriai kubadilisha katiba nafikiri hilo halitatusaidia katika bara la afrika lakini vile vile 	male_masculine	6.8835	common_voice_sw_36375196.wav
washirazi walijigamba kwamba ndio walinunua eneo hilo kutokana na migogoro iliyokuwapo ushirazi 	male_masculine	8.0355	common_voice_sw_30116108.wav
afrika kusini na misri zikiwa na matajiri watano kila mmoja 	female_feminine	6.03565625	common_voice_sw_30143131.wav
wengine wakaanza kuyavamia makazi ya wazungu na kuyachoma moto 	male_masculine	5.2275	common_voice_sw_31368827.wav
alikuwa na futi sita kwa umri wa miaka sita 	male_masculine	4.5435	common_voice_sw_28879282.wav
sisi ni waswahili na tuna tamaduni zetu 	female_feminine	5.5155	common_voice_sw_30323033.wav
kufuatana na uainishaji wa lugha kitai pao iko katika kundi la kitai ya kusini magharibi 	male_masculine	8.9355	common_voice_sw_29184756.wav
alikuwa mwalimu wa mshairi wa mombasa w e taylor 	male_masculine	5.3355	common_voice_sw_29022559.wav
ema kuwa matokeo ya uchaguzi mkuu wa nchi hiyo yanaweza kuchukua 	female_feminine	6.4875	common_voice_sw_34920416.wav
wapare wanatokea katika wilaya za same na mwanga mkoani kilimanjaro 	male_masculine	6.8115	common_voice_sw_30343017.wav
maharage ni mazuri kwasababu yana faida nyingi mwilini ikiwemo kushusha shinikizo la damu 	male_masculine	5.4435	common_voice_sw_29943400.wav
party walipewa nafasi serikalini kufikia machi okello 	male_masculine	5.2275	common_voice_sw_30635647.wav
kwa mfano wachezaji watano kwa watano 	female_feminine	4.2555	common_voice_sw_35183475.wav
jina hilo lilitolewa na serikali ya tanganyika 	male_masculine	3.7875	common_voice_sw_29899494.wav
wanafanya kazi kubwa kubadilisha mtazamo wa wanasiasa na jamii 	female_feminine	5.8035	common_voice_sw_35104608.wav
pep alishinda makombe mengi alivyokuwa kocha wa barcelona 	female_feminine	4.7235	common_voice_sw_30202872.wav
mkuu sijamuona mimi nilikuwa kule chooni 	male_masculine	4.3635	common_voice_sw_30365466.wav
linapatikana katika mkoa wa singida 	male_masculine	4.9035	common_voice_sw_28691285.wav
jina la sikukuu ya kiyahudi linapatikana kwa maumbo mbalimbali 	female_feminine	6.0555	common_voice_sw_28874736.wav
hatimae kuweka uongozi mikononi mwa waafrika ambao ndio wengi visiwani humo 	female_feminine	7.7475	common_voice_sw_30025178.wav
mataifa yanavutiwa na maonyesho ya blob yanayofanyika kila mwaka 	male_masculine	5.8755	common_voice_sw_30180978.wav
pia ni mmoja ya waanzilishi wa chama cha wasanii tanzania 	male_masculine	5.3355	common_voice_sw_29583190.wav
naa hata tunapokutana kwenye mafunction kwenye mikutano kwenye shughuli mbali mbali 	female_feminine	8.2155	common_voice_sw_35183326.wav
jirani ingawa kagame anakanushahuyu ndiye muammar gaddafi aliyeiongoza libya kwa miongo minne bila 	female_feminine	6.7755	common_voice_sw_34946576.wav
kabla ya enzi ya kati kulikuwa na ustaarabu wa dola la roma 	male_masculine	5.5875	common_voice_sw_28879681.wav
ni bahari kubwa sana na yenye historia ndefu sana 	female_feminine	4.6515	common_voice_sw_30080399.wav
katika karne ya kumi na moja waturuki wa seljuk 	female_feminine	4.1835	common_voice_sw_35181838.wav
syria na demokrasia ya kongo ni miongoni mwa nchi zenye idadi kubwa 	female_feminine	6.7035	common_voice_sw_30585116.wav
chelsea ndiyo waliyoshinda ubingwa wa ulaya 	female_feminine	4.5075	common_voice_sw_29791929.wav
ivory coast walikuwa wenyeji wa michuano ya mwaka huo 	male_masculine	3.83965625	common_voice_sw_30149813.wav
kila kazi ina changamoto nyingi duniani 	female_feminine	3.5355	common_voice_sw_30365445.wav
lakini kubwa zaidi kwa makumbusho hii si kuusikitikia mkasa wa kuzama wa titanic 	male_masculine	6.1635	common_voice_sw_30097856.wav
hali halisi nyota ni vitu sawa na jua letu ambalo ni nyota mojawapo 	female_feminine	5.8035	common_voice_sw_29488725.wav
pia hulima mazao mengine kama mpunga tumbaku mahindi viazi dengu na matunda 	female_feminine	8.12365625	common_voice_sw_30079660.wav
uhusiano wetu ulikuwa wa ajabu 	male_masculine	4.0035	common_voice_sw_29754385.wav
jiji ni kitovu cha uchumi utamaduni na siasa ya nchi 	male_masculine	5.6235	common_voice_sw_28967174.wav
inachangia katika utendaji wako binafsi wa kukupa mwanga mzuri 	female_feminine	4.9755	common_voice_sw_29791480.wav
hazikutajwa tena katika takwimu ya ujerumani 	female_feminine	4.8675	common_voice_sw_30376375.wav
kuhamasisha utali wa ndani kwa kuhamasisha wanafunzi 	male_masculine	3.8955	common_voice_sw_30223139.wav
mipango kuwahimiza wamasai kuachana na jadi ya uhamaji ili kuishi maisha ya kisasa bado 	male_masculine	6.3075	common_voice_sw_36318657.wav
kwa amani utulivu na furaha maana waliamini mfumo huo ungewa panulia zaidi wigo 	male_masculine	6.9555	common_voice_sw_29898969.wav
kidogo watu wanafikiria kwa nchi za afrika mashariki hasa tanzania 	male_masculine	5.5875	common_voice_sw_37230001.wav
mikakati kuhakikisha urithi huu unatunzwa vizuri 	female_feminine	5.6955	common_voice_sw_29924727.wav
yohane paulo wa pili alitangazwa mwenye kheri na papa benedikto wa kumi na sita 	male_masculine	6.4155	common_voice_sw_30647704.wav
wanaoshukiwa kuwa mstari wa mbele kutekeleza mauaji hayo 	female_feminine	7.2435	common_voice_sw_35105816.wav
mtandao wa watu wanaoishi na virusi vya ukimwi duniani 	female_feminine	4.5075	common_voice_sw_35104284.wav
maji hayo yanayobubujika kutoka ardhini huonekana yakitoa moshi kama vile maji yanayochemka jikoni 	male_masculine	9.0435	common_voice_sw_30181019.wav
ya dawa unaofanywa na wataalamu wa kimatabibu zimezidisha 	male_masculine	5.8035	common_voice_sw_36310862.wav
huyu alikuwa ajina ojwang mwanasheria kutoka kenya akiweka bayana hali halisi ya watu kutambua 	female_feminine	9.0075	common_voice_sw_35099334.wav
akikanusha taarifa kwamba nyumbu wengi bado wako kenya 	male_masculine	3.9675	common_voice_sw_36320105.wav
man city wametumia pesa nyingi sana kujenga timu 	female_feminine	4.2555	common_voice_sw_29797913.wav
wakati wa uhai wake majolle alipata sifa kama mchoraji mashuhuri wa mashariki 	male_masculine	9.2235	common_voice_sw_28583632.wav
miwani yangu imeharibika 	female_feminine	2.5635	common_voice_sw_35105170.wav
matibabu haya ni ya bei ghali hivyo yanaweza kuhusishwa na madhara mbadala 	female_feminine	6.5955	common_voice_sw_30196390.wav
papa gregori i aliandika juu yake sura moja ya kitabu cha majadiliano 	male_masculine	6.5955	common_voice_sw_28582834.wav
ya habari nchini marekani kwa ujumla yanatarajiwa kuepuka mapendeleo 	female_feminine	5.7675	common_voice_sw_34958050.wav
pia wanatumia hadubini na kufanya uchunguzi wa vimelea maradhi vya majimaji ya mwilini 	female_feminine	6.2355	common_voice_sw_30585352.wav
familia kumgeuza mtumiaji kutoka njia hatari zaidi za kutumia dawa za 	female_feminine	6.5235	common_voice_sw_35582766.wav
kwa maana hii ya kawaida nchi ni kitengo cha kisiasa katika eneo maalumu 	male_masculine	7.1355	common_voice_sw_28815232.wav
makao makuu ya mkoa yako songea mjini 	male_masculine	5.8035	common_voice_sw_28670630.wav
sheria hizi za muungano zilithibitisha hati za muungano 	male_masculine	4.2555	common_voice_sw_29995193.wav
bayern munich wamebeba ubingwa wa ujerumani mara tisa mfululizo 	female_feminine	5.2275	common_voice_sw_29797526.wav
katika uhuru wa vyombo vya habari hivi sasa liko katika mtanziko 	female_feminine	4.7235	common_voice_sw_35146473.wav
kupungua kwa kilimo kulisababishwa na sera za kilimo zisizofaa 	female_feminine	6.1635	common_voice_sw_29791668.wav
wanajituma kwenye kazi hasa za kilimo 	male_masculine	2.5635	common_voice_sw_30024456.wav
maelezo ya chini 	male_masculine	3.9675	common_voice_sw_28670014.wav
na akiwa wa kiume amwite muyinga mufwimi 	male_masculine	4.3275	common_voice_sw_29980433.wav
ukomeshaji wa biashara ya utumwa ni mchakato wa matukio yaliyopelekea usitishaji wa biashara hiyo 	female_feminine	8.2875	common_voice_sw_29794140.wav
ni ziara iliyokuwa na mafanikio makubwa kwa 	male_masculine	4.7235	common_voice_sw_35224115.wav
wakulima wengi nchini tanzania wanapenda ufugaji 	female_feminine	4.5075	common_voice_sw_29791681.wav
kutokana na kuiuzia kenya bidhaa zake katika mwezi huo 	female_feminine	4.9755	common_voice_sw_37332145.wav
vifungu vya katiba vimetumiwa na baraza la usalama la umoja wa mataifa 	female_feminine	6.3435	common_voice_sw_35154742.wav
ulisababisha kuchomeka kwa miche mipya ya miti ya mbuga hiyo 	female_feminine	6.0195	common_voice_sw_30188599.wav
vivutio vya utalii vilivyopo kila pembe ya nchi yetu 	female_feminine	3.8955	common_voice_sw_31270323.wav
na yatupelekea kuwa na wasiwasi katika matokeo ya uchaguzi 	female_feminine	4.7235	common_voice_sw_36642513.wav
mwanamke huyo ambaye ametajwa kuwa mwanamke tajiri zaidi barani afrika 	male_masculine	8.6475	common_voice_sw_30402901.wav
kijana huyo alipokua kwa vile chifu mwamududa hakuwa na mtoto wa kiume 	female_feminine	5.6235	common_voice_sw_31284654.wav
kwa njia ya barabara kutoka hifadhi ya taifa ya serengeti 	female_feminine	4.0035	common_voice_sw_30362587.wav
kangaroo anafanana na sungura kwa mbali 	male_masculine	2.9235	common_voice_sw_30025585.wav
walipitishwa katika njia hiyo na wakoloni wakati wa vita 	female_feminine	4.4355	common_voice_sw_30028916.wav
mlima huu ni wa tano kwa urefu katika bara la afrika 	female_feminine	4.6155	common_voice_sw_34944336.wav
baada ya wiki kadhaa alitembelea wazazi wake pale mansfeld 	male_masculine	4.7235	common_voice_sw_29796658.wav
ni wanyama wanaoongoza kutazamwa na watalii katika hifadhi zote 	female_feminine	6.4155	common_voice_sw_29924935.wav
wapare wengine wanaishi katika maeneo mbalimbali 	female_feminine	4.3635	common_voice_sw_30176574.wav
ni tisho jipwa kwa mji mkuu nchini haiti kwani tayari 	male_masculine	5.5515	common_voice_sw_36386104.wav
kuna viwanja vya ndege kadhaa katika mbuga hii 	female_feminine	3.4635	common_voice_sw_31787544.wav
jitihada zinachukuliwa hivi sasa kuwawezesha kupata utaalamu bora 	female_feminine	4.7235	common_voice_sw_34958972.wav
hifadhi yenyewe na msitu wa maji wa ardhini 	female_feminine	3.6435	common_voice_sw_29970303.wav
njia iliyo rahisi na maarufu zaidi ni ile ya kuanzia lango la marangu 	female_feminine	5.6955	common_voice_sw_31445762.wav
pamoja na wapagazi sabini na nne 	female_feminine	3.6075	common_voice_sw_36616429.wav
kwa ajili ya kuhamasisha watu nchini uingereza kuhusiana na suala hilo 	male_masculine	4.8675	common_voice_sw_29936412.wav
ahsante kwa kiamsha kinywa 	female_feminine	2.8875	common_voice_sw_37225538.wav
mwenyewe aliposema kwamba wafuasi wake ni chumvi ya dunia 	female_feminine	4.8675	common_voice_sw_35442342.wav
sana yesu alipokamatwa petro alitaka kutumia upanga wake ili amtetee 	male_masculine	9.1155	common_voice_sw_36945353.wav
njombe ina wakazi wanaofikia kuwa laki saba na mbili na tisini na saba 	female_feminine	6.5955	common_voice_sw_35104881.wav
huyu anapatikana msitu wa amazon pekee 	female_feminine	4.0755	common_voice_sw_30539506.wav
mourinho aliwahi kujiondosha porto na inter milan 	male_masculine	5.2635	common_voice_sw_31304488.wav
kwanza ina dhahabu ya kutosha katika ardhi yake 	female_feminine	4.3635	common_voice_sw_30660064.wav
alihitimu kidato cha sita na kufaulu na kujiunga chuo kikuu cha dar es salaam 	female_feminine	6.50365625	common_voice_sw_30143048.wav
badae yanapelekwa katika bandari kwa ajili ya kusafirishwa na kupelekwa bara la ulaya 	female_feminine	7.3875	common_voice_sw_30522596.wav
kabila ambalo hauwezi kukosa kutaja ni kabila la wamasai 	male_masculine	3.8955	common_voice_sw_30025437.wav
kabla ya kujiunga na monasteri alikuwa na cheo kikubwa ikulu 	male_masculine	4.7955	common_voice_sw_29206985.wav
wavulana waliotahiriwa wataishi katika manyatta yaani kijiji kilichojengwa na mama zao 	female_feminine	6.8475	common_voice_sw_35214184.wav
mwaka elfu moja mia tisa tisini na saba hadi mwaka elfu mbili na mbili 	female_feminine	5.7675	common_voice_sw_35156103.wav
vuso wa mwanangu hutoa majasho 	male_masculine	3.9675	common_voice_sw_32090575.wav
wasangu walirudishwa katika eneo lao la awali wakarudi kutoka usafwa 	male_masculine	6.4875	common_voice_sw_30182030.wav
ukataji wa miti ni uharibifu wa mazingira 	male_masculine	2.3835	common_voice_sw_30025734.wav
benki itawezesha mfumo thabiti wa kufanya malipo 	male_masculine	4.3635	common_voice_sw_36382631.wav
mlima klute una urefu wa mita elfu tatu mia sita na arobaini na nane 	male_masculine	5.6955	common_voice_sw_30379933.wav
walimuadhibu vikali walishusha makombora mazito afghanistan dhidi 	male_masculine	7.07965625	common_voice_sw_30735712.wav
dalili kuu na ishara tofauti pamoja na hatua za kifua kikuu zinajulikana saba 	male_masculine	6.8835	common_voice_sw_30327634.wav
ronaldo ndiye mchezaji aliyecheza mechi nyingi zaidi 	male_masculine	4.9035	common_voice_sw_29946393.wav
kabla ya kukutana kila jumuiya ilifanya kikao cha faragha 	female_feminine	5.8755	common_voice_sw_30355200.wav
barcelona walifunga chelsea mabao mawili 	male_masculine	5.9835	common_voice_sw_29815916.wav
tanzania kuna mikoa ambayo imeweka historia kubwa ndani na nje ya mipaka ya tanzania 	male_masculine	8.2155	common_voice_sw_30342898.wav
inaaminika pia kuwa kurudi kwao wakati wa krismasi ni pamoja na kutembelea ndugu zao 	male_masculine	5.9475	common_voice_sw_29993786.wav
hata hivyo ukeketaji unabakia kuwa ni kielelezo cha utamaduni 	male_masculine	6.68365625	common_voice_sw_37223909.wav
mungu ampokea akawe miongoni mwa wateule wake huko mbinguni 	male_masculine	6.7035	common_voice_sw_30201031.wav
hali iliyopelekea kushindana na kiongozi mkuu wa kanisa hilo yani papa wa roma 	male_masculine	5.6235	common_voice_sw_29787612.wav
baada ya sherehe hii kumalizika wavulana wanatahiriwa katika nyumba zao 	female_feminine	4.1835	common_voice_sw_31284795.wav
ambao wamehifadhiwa katika mbuga ya wanyama 	female_feminine	4.2555	common_voice_sw_30036903.wav
kanisa kuu liko jijini tabora na linaitwa la mt 	male_masculine	6.1635	common_voice_sw_29786418.wav
maradona ndiye mchezaji aliyefunga bao la ajabu duniani 	male_masculine	4.9035	common_voice_sw_29795214.wav
ni tasnia inayoonekana kusaidia ukuaji wa uchumi kupitia sekta ya utalii 	male_masculine	6.7755	common_voice_sw_37091804.wav
ina jumba la makumbusho dogo kuhusu historia ya zanzibar 	female_feminine	5.2635	common_voice_sw_28927603.wav
hao wangoni bwana wape hela watafikisha lakini mwanamke hafiki aisee 	male_masculine	8.5755	common_voice_sw_30180045.wav
sambabmba na huyo dunia ilishuhudia kiongozi mwingine 	male_masculine	5.9475	common_voice_sw_37094858.wav
hususani wageni wanaoingia katika mkoa wa tanga kutalii 	male_masculine	4.9035	common_voice_sw_29887263.wav
hawezi kujidanganya ni taifa ambalo mpaka sasa lina matatizo makubwa sana ya 	female_feminine	5.5875	common_voice_sw_35284628.wav
hakuna mtu alijua kama ingewezekana kumfufua marehemu mzee suluhu 	female_feminine	5.8035	common_voice_sw_35103763.wav
wa nini huyo mtu amebeba kinachokuhusu unavyoongezeka 	male_masculine	5.4435	common_voice_sw_29898592.wav
kupitia katika bahari hii ya atlantik enzi hizo 	female_feminine	5.6235	common_voice_sw_29790175.wav
kwa kuwa ilikuwa njia ya kuingia barani afrika mashariki 	male_masculine	4.2555	common_voice_sw_30379758.wav
ina malengo ya kujipanua zaidi katika maeneo zaidi 	male_masculine	4.3635	common_voice_sw_29850094.wav
inajipanga kutengeneza silaha zenye nguvu 	male_masculine	3.4275	common_voice_sw_36617364.wav
kwa hiyo wameboresha zaidi wasiwe na wasiwasi wanovyokwenda kutengeneza nywele 	male_masculine	5.5875	common_voice_sw_35224223.wav
viingilio vinatofautia kulingana na umri wa watalii 	female_feminine	3.8955	common_voice_sw_31285927.wav
wao ni wahanga wakubwa wa majanga yatokanayo na uharibifu wa mazingira 	female_feminine	6.3075	common_voice_sw_36641223.wav
athari kuu ni nadra 	female_feminine	2.3835	common_voice_sw_28961585.wav
karibu na ncha za dunia ziko pia ncha sumaku za kaskazini na kusini 	male_masculine	6.1635	common_voice_sw_28875824.wav
hivyo basi waliamua kukataa manyanyaso na masumbuko dhidi ya wakoloni 	female_feminine	5.1555	common_voice_sw_29797499.wav
matukio ya kwanza yalikuwa katika kikundi kidogo cha waraibu wa dawa za kulevya 	male_masculine	6.3435	common_voice_sw_29897878.wav
wanyama wanaopatikana katika hifadhi hiyo ni wengi 	female_feminine	3.8955	common_voice_sw_30653736.wav
alikuwa mbunge wa jimbo la ruangwa tangu mwaka elfu mbili na kumi 	female_feminine	5.6955	common_voice_sw_30175963.wav
kusitishwa huku haya wakiarifiwa na matamshi kuzidi kushuhudiwa kutokana suala hilo 	male_masculine	7.9635	common_voice_sw_35132607.wav
maalim seif aliwania nafasi ya urais wa zanzibari kwa tiketi ya chama cha wananchi 	male_masculine	6.9555	common_voice_sw_30574590.wav
utawala wa kidikiteta unaathiri sana maisha ya watu 	male_masculine	4.8675	common_voice_sw_30106390.wav
umoja wa mataifa unaitangaza nchi ya tanzania 	female_feminine	4.0035	common_voice_sw_30653831.wav
chelsea kwenye michuano ya ulaya walikuwa wanafanya vizuri 	female_feminine	4.7235	common_voice_sw_29792696.wav
wakimaliza mafunzo yao ya maisha kama watu binafsi huendeleza umoja wao 	female_feminine	5.0475	common_voice_sw_34958484.wav
alifuatana na wazee wengine kwenda kwenye zindiko bagamoyo 	male_masculine	5.5875	common_voice_sw_29796218.wav
pep aliendeleza ubabe wake alipokuwa bayern 	male_masculine	4.6155	common_voice_sw_30671869.wav
wakazi wa jiji ni mchanganyiko wa watu kutoka zote za dunia 	male_masculine	4.5435	common_voice_sw_28670327.wav
maeneo maalum yametengwa kwa ajili ya kilimo cha kisasa 	female_feminine	4.5075	common_voice_sw_29792139.wav
ukiachana na madaraja ambayo yamemtambulisha vilivyo 	female_feminine	4.6155	common_voice_sw_29790200.wav
maboga hushikilia maziwa ambayo hutolewa kwa wageni 	male_masculine	4.5435	common_voice_sw_29996657.wav
kijiuvimbe katika eneo la tundu mlango wa kutolea haja kubwa 	female_feminine	6.9195	common_voice_sw_30227550.wav
mji mkongwe wa bagamoyo unakadiriwa kuanza kutukuka 	male_masculine	5.8035	common_voice_sw_29796576.wav
tufike uwanjani kuna sherehe 	female_feminine	4.0755	common_voice_sw_34750287.wav
real madrid ilishinda mabao matatu kwa moja 	female_feminine	7.0275	common_voice_sw_29793149.wav
edward na ethel beanov walisafiri kwa meli ya titanic 	female_feminine	4.9755	common_voice_sw_35182291.wav
sheria nambari tatu ya vyama vya wafanyakazi 	female_feminine	5.2275	common_voice_sw_30717877.wav
ajibola alizaliwa mjini mazamaza jimbo la lagos 	male_masculine	5.6235	common_voice_sw_28660710.wav
kuna pia chuo kikuu na askofu wa kanisa la kilutheri 	female_feminine	5.3355	common_voice_sw_28672982.wav
ukijisahau kusema maneno ya kumsifia mwenyekiti wa chama watu watakushangaa 	female_feminine	5.9835	common_voice_sw_31262001.wav
tanzania ilipigana vita na taifa jirani la uganda 	female_feminine	5.4435	common_voice_sw_30495676.wav
amekosa upinzani kwenye beki ya kulia tangu mwaka elfu mbili na sita 	male_masculine	6.7035	common_voice_sw_30180172.wav
makabila mashuhuri kwa vita kama wangoni na wagogo pia wahehe 	male_masculine	6.3435	common_voice_sw_29936444.wav
simulizi ndiyo muundo unaotoa kiasi kikubwa zaidi cha maelezo 	male_masculine	6.7035	common_voice_sw_29787964.wav
kule hasa wa lugha za kikuyu na kijaluo 	female_feminine	5.7675	common_voice_sw_34743325.wav
mlaji atawashwa midomo na ulimi kwa kula chakula hicho 	female_feminine	5.63965625	common_voice_sw_30004276.wav
ametumia kifaa 	male_masculine	1.7355	common_voice_sw_36388149.wav
kati ya hao kuna wanaocheza timu za ligi kuu ulaya 	male_masculine	5.9475	common_voice_sw_30180459.wav
rangi zao ni nyeusi na nyekundu au nyeusi na njano 	female_feminine	4.0035	common_voice_sw_29680334.wav
vijana wa kiume ni walilishwa kwa kupigwa mijeledi wakiwa uchi 	male_masculine	6.8475	common_voice_sw_29898595.wav
jiji la dar es salaam lilikua haraka na kumeza vijiji vingi vya wazaramo 	male_masculine	6.4875	common_voice_sw_29915168.wav
unaweza pia tumia kiungo hiki kutumia amazon wakati wowote 	male_masculine	6.2355	common_voice_sw_29905234.wav
kiungo wa zamani wa arsenal fabregas alikuwa hatari kwa pasi 	female_feminine	5.5155	common_voice_sw_30377805.wav
iko katika kaskazini ya nchi 	male_masculine	4.5075	common_voice_sw_28704207.wav
wazee wataulizia kwanza kama ukoo huo ni wa karibu au wa mbali 	male_masculine	6.71965625	common_voice_sw_30629720.wav
kuishirikisha kikamilifu jamii ya wakazi wa bagamoyo katika kupanga na kuamua mikakati madhubuti 	male_masculine	6.5235	common_voice_sw_29797217.wav
aliwasaidia sana kina mama kwa kujengea vituo vya afya vijijini 	female_feminine	7.4955	common_voice_sw_30572145.wav
albamu pia inajumuisha masimulizi ambayo yana mistari ya biblia 	male_masculine	8.1075	common_voice_sw_28681045.wav
marekani ndege za nchi hiyo zenye raia wake na 	male_masculine	5.0475	common_voice_sw_30439737.wav
iliyojulikana kwa jina la boshazi maana yake bondei zigua sambaa 	male_masculine	5.8035	common_voice_sw_30148699.wav
ukilinganisha na robo iliyopita ya kuanzia januari hadi machi 	female_feminine	9.0435	common_voice_sw_30570341.wav
watummwa walipandishwa majahazi na kupelekwa zanzibar 	female_feminine	4.4355	common_voice_sw_36615410.wav
zinapatikana katika mji wa mto wa mbu 	male_masculine	3.9675	common_voice_sw_30114429.wav
results ama matokeo ya uchaguzi 	male_masculine	4.0035	common_voice_sw_35108002.wav
analeta mkosi na laana kwenye ukoo pia 	male_masculine	4.1475	common_voice_sw_30180243.wav
wachezaji wengi wakubwa nchini ujerumani wanacheza bayern munich 	male_masculine	6.4155	common_voice_sw_30201574.wav
kuenea katika afrika baada ya mkutano wa berlin 	male_masculine	4.4355	common_voice_sw_30579093.wav
wapo wanaodai kuwa wageni walipokuja na kukuta ufalme wa buha 	male_masculine	5.1555	common_voice_sw_29838520.wav
zipo barabara za mwanga hadi ugweno na usangi 	female_feminine	4.7235	common_voice_sw_29936617.wav
samuel etoo na messi walifunga mabao ya ushindi 	male_masculine	5.2635	common_voice_sw_31321691.wav
mwanadamu akavipa viumbe vyote majina ili aweze kuwafundisha wengine 	female_feminine	6.8835	common_voice_sw_30638441.wav
mabadiliko haya kwenye barafuto za kilimanjaro zinalingana 	female_feminine	4.3635	common_voice_sw_31406016.wav
badala yake obote ilipangwa ili apate mafunzo zaidi ya kijeshi nchini uingereza 	female_feminine	7.3875	common_voice_sw_29790650.wav
rais samia amesema serikali inafanya hivyo sio kwasababu kuwa yeye ni rais mwanamke 	male_masculine	7.8555	common_voice_sw_36386374.wav
kama zingekuwa zinatumia sarafu zao wenyewe 	female_feminine	4.5435	common_voice_sw_34747471.wav
walidai kuwa wana habari kuwa aga khan 	female_feminine	3.9675	common_voice_sw_29792636.wav
wanajeshi wa uganda waliingia tanzania kwa mara ya kwanza 	female_feminine	5.1555	common_voice_sw_30021657.wav
mtu si uzuri kwake kuitwa nyama wa mwitu 	male_masculine	4.9035	common_voice_sw_36381022.wav
mahojiano yanayochapishwa kwa muundo wa maswali na majibu ndiyo hasa huelimisha zaidi 	male_masculine	5.9835	common_voice_sw_29938070.wav
idadi ya watu inaongezeka kwa kasi na hivyo pia kuongezeka kwa wakulima 	male_masculine	6.9555	common_voice_sw_30333822.wav
mtetezi wa uchumi tata amezungumzia vilevile kwa kukosoa mbinu za kihisabati 	male_masculine	6.0915	common_voice_sw_30380881.wav
argentina waliwafunga brazil kwenye fainali za kopa amerika 	male_masculine	5.9835	common_voice_sw_31409225.wav
bila kusahau wilaya ya itilima inayokamilisha jumla ya wilaya tano za mkoa wa simiyu 	female_feminine	8.69965625	common_voice_sw_30104787.wav
nje ya kutunga mashairi mengi aliandika pia insha na kutafsiri 	male_masculine	6.0555	common_voice_sw_28695161.wav
baadhi yao wametuhumiwa kwa kufanya unyama kaskazini mwa nchi 	female_feminine	6.1275	common_voice_sw_30351741.wav
maji mengi duniani maziwa mengine ni pamoja 	male_masculine	4.6155	common_voice_sw_34764296.wav
muogeleaji pia alicheza rugby kwa uwezo wa hali ya juu 	male_masculine	7.5675	common_voice_sw_31304381.wav
hawezi mwingine kunifaa 	female_feminine	2.8155	common_voice_sw_35103681.wav
kutokea dar es salaam hadi mkoani lindi kusini mwa tanzania 	male_masculine	5.6235	common_voice_sw_30201519.wav
kutoka daressalaam mpaka mkoani singida katikati mwa tanzania 	male_masculine	9.0075	common_voice_sw_31409822.wav
mahitaji ya nishati kwa kiwango cha mzigo ni kidogo kuliko barabarani 	female_feminine	7.3155	common_voice_sw_28908656.wav
kwa sababu hiyo hutumiwa kuzalisha sumaku zenye nguvu kuu 	male_masculine	7.3155	common_voice_sw_29457317.wav
walipinga uanzishwaji wa vyama vya siasa 	female_feminine	4.2555	common_voice_sw_30181733.wav
na wacherkesi pia kati ya wasemaji wengi wa lugha za kiturki kama vile 	female_feminine	7.2075	common_voice_sw_35409869.wav
tandala na palahala nao wanavutia na kufanya maskani kwenye vilima 	male_masculine	7.4235	common_voice_sw_29938065.wav
serikali za china na wakati wa vita pia japan walifanya mipango ya ujenzi 	male_masculine	6.3075	common_voice_sw_28811327.wav
mongolia baadaye ikawa nchi huru 	female_feminine	4.7235	common_voice_sw_28680170.wav
nenda tanzania 	male_masculine	2.5635	common_voice_sw_32244522.wav
hasa mlimani na penye matope si mahali pake 	male_masculine	3.6075	common_voice_sw_28999522.wav
lakini sio eneo la feli tu linalouza samaki 	male_masculine	4.3635	common_voice_sw_30081414.wav
mkato una matumizi mengine yafuatayo 	female_feminine	3.8235	common_voice_sw_34743656.wav
awamu ya kwanza ya raisi mkapa iliisha 	female_feminine	4.6155	common_voice_sw_30326665.wav
asilimia ipatayo arobaini na tatu ya idadi ya watu wote mkoani ni wahehe 	male_masculine	4.7955	common_voice_sw_29897186.wav
inter ilishinda makombe matatu ya ligi 	male_masculine	2.9955	common_voice_sw_30020011.wav
namna bora ya kuimarisha sekta binafsi ziko nne 	female_feminine	4.5075	common_voice_sw_30378900.wav
jokate anajibu akitabasamu kuwa majukumu na malengo ambayo yuko nayo hayampi nafasi ya kuhisi 	female_feminine	9.4035	common_voice_sw_30230223.wav
pia desturi huweza kutokea kwa mtu binafsi 	female_feminine	4.5435	common_voice_sw_29637228.wav
hapa siyo pengine bali ni handebezyo sehemu ambayo imebeba hazina kubwa 	female_feminine	7.3155	common_voice_sw_30087776.wav
naam ndivyo anavyoondoka pendo po na makala 	female_feminine	4.1835	common_voice_sw_37212358.wav
pia huvuka mto lwiche kwa imani kuwa ni moja ya hatua 	male_masculine	5.8035	common_voice_sw_31304461.wav
makundi makubwa ya viboko pundamilia na nyumbu huonekana katika eneo hili 	male_masculine	4.5075	common_voice_sw_30020916.wav
tabia za pekee hasa katika maeneo ya jalidi ya kudumu 	male_masculine	4.6155	common_voice_sw_36310881.wav
huku wakipigwa butwaa wasijue la kufanya wakazi hao 	female_feminine	5.1555	common_voice_sw_35526214.wav
iliwafanya wakoloni kumlazimisha nyerere kuchagua kati ya siasa na kazi ya ualimu 	male_masculine	8.8635	common_voice_sw_31306591.wav
vita hivyo vilishirikisha baadhi ya makabila ya kusini mwa tanganyika 	male_masculine	6.2355	common_voice_sw_29845522.wav
jangwa hilo linapatikana katika majimbo ya australia magharibi na australia kusini 	male_masculine	7.1355	common_voice_sw_28663170.wav
ni mzaliwa wa moshi mjini mkoa wa kilimanjaro kaskazini mwa tanzania 	male_masculine	7.3155	common_voice_sw_28661944.wav
serikali za kwanza zilikuwa na matatizo ya kisiasa 	male_masculine	5.9835	common_voice_sw_29434675.wav
ujenzi wa makao ya sultani pamoja na bandari ulianza rasmi 	female_feminine	6.0555	common_voice_sw_31284876.wav
hata hivyo mengi ya mabadiliko hayo yamewakwepa wananchi isipokuwa yale ya zamani 	male_masculine	7.7475	common_voice_sw_29994717.wav
sultani sayyid said alihamisha mji mkuu wake kutoka omani kuja unguja 	female_feminine	6.5235	common_voice_sw_35105637.wav
ya kutembelea hifadhi kubwa kama tatu nakupewa 	male_masculine	3.9675	common_voice_sw_30021420.wav
baada ya hapo likaendesha operesheni ya kupora mali za watu 	male_masculine	5.9475	common_voice_sw_29796007.wav
wakoloni walikuwa na nia zaidi kenye ardhi nzuri ya wamasai 	male_masculine	7.0275	common_voice_sw_31797427.wav
kuwa kiko tayari kujiunga na serikali inayoongozwa na mfuasi wa chama cha hezbollah najim 	male_masculine	7.7835	common_voice_sw_36374958.wav
wanasahau kuwa mwili unahitaji muda wa kujizoesha polepole 	female_feminine	6.8835	common_voice_sw_30352422.wav
yote haya hayakushusha thamani ya pep guardiola 	female_feminine	4.7235	common_voice_sw_29959915.wav
historia inatueleza kwamba watu wameanza kulima kwa utaalamu miaka mitatu baada ya kuzaliwa kristo 	male_masculine	7.7475	common_voice_sw_30182791.wav
je walizaliwa ili wafe kabla ya kuishi 	female_feminine	4.6875	common_voice_sw_30099363.wav
bakhresa ni mtu mashuhuri katika harakati za mapinduzi na maendeleo ya viwanda tanzania 	female_feminine	5.8035	common_voice_sw_30653832.wav
hakuna kitu kinachoonyesha kutokuheshimu mtu kama kukosea kutamka jina lake 	male_masculine	6.3075	common_voice_sw_36310864.wav
kwenye titi unaweza kukakaa katika maeneo aaa matano 	female_feminine	4.6155	common_voice_sw_37094552.wav
walielekea kenya walifika kwanza mombasa hawakupokelewa vema wakaendelea hadi malindi 	male_masculine	8.3955	common_voice_sw_36386487.wav
papa pote watalii wanapata nafasi ya kuogelea nao bila tatizo lolote 	male_masculine	7.4955	common_voice_sw_29934950.wav
kwa njia ya kristo bwana wetu 	female_feminine	2.2755	common_voice_sw_28583305.wav
ambao uliyagharimu maisha ya mamia ya wapendwa wetu 	female_feminine	5.0835	common_voice_sw_30030244.wav
kutokana na ukame na shida za hapa na pale ikabidi wasitishe kukaa huko 	male_masculine	6.1635	common_voice_sw_30574555.wav
mwalimu nyerere alikuwa rais wa pekee sana ulimwenguni 	female_feminine	5.81965625	common_voice_sw_30079923.wav
hatua gani ambazo tunaweza kupiga 	male_masculine	3.2475	common_voice_sw_36037452.wav
mahali ambapo palijengwa kijiji kinachoitwa mvumi makulu 	female_feminine	5.5875	common_voice_sw_29789622.wav
mara baada ya maneno hayo alipanda ndege kwenda beira msumbiji 	male_masculine	4.9755	common_voice_sw_30574588.wav
kilipata nafasi za ubunge na udiwani 	female_feminine	3.7875	common_voice_sw_29792220.wav
tanzania ilianzisha ujamaa katika kuleta maendeleo 	female_feminine	4.7235	common_voice_sw_30110189.wav
ukubwa wa madume ni nusu ya ule wa majike 	male_masculine	6.2355	common_voice_sw_28735555.wav
mpira wa sasa umekua laini tofauti na miaka ya nyuma 	female_feminine	4.3275	common_voice_sw_29940494.wav
na timu ya taifa ya uganda 	female_feminine	3.9675	common_voice_sw_29524557.wav
hata hivyo wanawake wa kimasai wengi hawana nywele 	male_masculine	4.3635	common_voice_sw_30376177.wav
hakuna mwalimu asiyetaka kuinoa barcelona 	male_masculine	5.5875	common_voice_sw_31415663.wav
ni miongoni mwa makabila yanayojulikana zaidi hata nje ya afrika 	male_masculine	4.5075	common_voice_sw_30419818.wav
kufika moshi ni rahisi sana kwa kuwa uwanja mkubwa wa ndege upo hapo 	female_feminine	9.6555	common_voice_sw_30572768.wav
jua linaangaza vizuri 	female_feminine	3.2835	common_voice_sw_31997472.wav
halmashauri ya wilaya ya kishapu na halamshauri ya kahama mjini 	female_feminine	4.3635	common_voice_sw_30022519.wav
tungo tata ni tungo ambayo huwa na maana zaidi ya moja 	female_feminine	5.4075	common_voice_sw_28672945.wav
pia ni sehemu nzuri kwa kufanya biashara 	female_feminine	3.4275	common_voice_sw_28757673.wav
manyatta hizo hazina ua za kulinda boma ili kusisitiza jukumu lao la kulinda jamii 	male_masculine	8.0355	common_voice_sw_30180377.wav
kutokana na kuwepo kwa mto rufiji karibu na hifadhi hiyo 	male_masculine	4.9755	common_voice_sw_29976849.wav
juhudi za usimamizi wa ubora wa hewa zilizowekwa ili kuboresha afya 	male_masculine	4.9035	common_voice_sw_36382204.wav
kwani palihatarisha uwepo wa kabila kwa siku za baadae 	male_masculine	5.6235	common_voice_sw_29897730.wav
kudumisha amani umoja na mshikamano kuondoa matesa na ugaidi ndani ya nchi yetu 	female_feminine	5.9835	common_voice_sw_30354288.wav
kulingana na kifungu cha ishirini na mbili cha mkataba wa versailles 	male_masculine	6.1275	common_voice_sw_30635725.wav
ripoti hizo awali hazikuushtua uongozi wa jeshi la tanzania 	male_masculine	6.3075	common_voice_sw_30181636.wav
wa familia hiyo ambayo imeenda nisema huyo mtoto akitoka hapa 	male_masculine	5.3355	common_voice_sw_35224116.wav
wanachama wengine hawakuonyesha utashi wa kuwa wenyeji 	female_feminine	5.9835	common_voice_sw_37802319.wav
na matatizo mengine yanayoonekana kutotatulika yanayozidi kuwa 	female_feminine	5.5155	common_voice_sw_34748530.wav
jacob akajua kuwa ni ile risasi alopigwa mkononi 	female_feminine	4.7955	common_voice_sw_35183649.wav
milima inatengeneza mazingira mazuri kwa vijiji vinavyozunguka maeneo hayo 	male_masculine	6.0555	common_voice_sw_30180188.wav
la kiongozi wa ufalme wa kwimbundo karne ya kumi 	male_masculine	5.4435	common_voice_sw_34750859.wav
uko katika magharibi ya kati ya nchi 	female_feminine	4.8675	common_voice_sw_28581626.wav
hata hivyo serikali kadhaa huweka baadhi ya vikwazo au huchunguza 	male_masculine	6.1275	common_voice_sw_37084726.wav
duniani inashika nafasi ya sitini na tisa 	female_feminine	3.4635	common_voice_sw_35103917.wav
aina mbalimbali za nyoka nazo hupatikana ndani ya dar zoo 	female_feminine	6.7755	common_voice_sw_30123144.wav
hifadhi ya taifa kutokana na uharibifu wa wanyamapori katika mazao yao pia ujangili ulio 	male_masculine	8.3235	common_voice_sw_37095782.wav
neno kujiuzulu tumesikia watu wengi wakiwa wamejiuzulu kipindi cha nyuma 	female_feminine	5.4075	common_voice_sw_35099877.wav
aliandika historia kama mwanamke wa kwanza wa nigeria kupewa shahada ya udaktari 	female_feminine	6.3075	common_voice_sw_29653987.wav
nkrumah alishindwa kurudi katika taifa lake la ghana 	male_masculine	4.4355	common_voice_sw_29796691.wav
hawakuwa na elimu ya kutosha juu ya ukombozi wao na juu ya zile malighafi 	female_feminine	9.1875	common_voice_sw_30495079.wav
kuanzia mwaka elfu moja mia saba themanini na nne 	male_masculine	4.5435	common_voice_sw_37097520.wav
usiku upepo unavuma kutoka juu kuelekea chini 	female_feminine	3.2835	common_voice_sw_30585336.wav
eneo kuu katika hifadhi ni uwanda wa mafuriko 	female_feminine	4.9035	common_voice_sw_30037344.wav
ameandaliwa mapambano mengi tu na ruge alisema nyota na bingwa wa zamani wa 	female_feminine	6.2355	common_voice_sw_36617107.wav
wakti kule afrika ya kati ni saa kumi na moja 	male_masculine	5.4075	common_voice_sw_36807751.wav
tunatakiwa tutunze misitu kwa ajili ya manufaa yetu wenyewe na vizazi vingine 	male_masculine	7.7475	common_voice_sw_29795419.wav
kuwavutia watazamaji juu ya wazo kuu 	female_feminine	3.4635	common_voice_sw_30436163.wav
mpango wa hili hautaishia kwa mchezaji kuishia kupata mazoezi ya kocha wa timu pekee 	female_feminine	6.9555	common_voice_sw_30328908.wav
mgonjwa wa ini atapata kichefuchefu na kutapika 	male_masculine	4.9035	common_voice_sw_36310986.wav
tunaangalia chanzo kikubwa kabisa kilikuwa ni kupinga manyanyaso 	female_feminine	5.6235	common_voice_sw_34826828.wav
jambo lolote bila ya kutumia madawa hayo ukizingatia pia bei kubwa 	female_feminine	7.0275	common_voice_sw_34827739.wav
kadhaa kutoka kwenye misitu ya burundi hujiunga nao upande wa kulia 	female_feminine	4.8675	common_voice_sw_34814853.wav
jeff bezos alitangazwa kuwa mtu wa pili kwa utajiri zaidi duniani 	male_masculine	4.6155	common_voice_sw_29997295.wav
tanzania ilivyomnyoosha nduli iddi amin dadaa nakupa kidogo halafu tunaendelea 	female_feminine	7.9635	common_voice_sw_30314310.wav
wataalamu kutoka nchi nyingi walianza kukusanya pesa kwa uhamisho wa majengo 	male_masculine	5.9835	common_voice_sw_29322314.wav
ukoloni lakini sasa wengi waliachishwa au kupinduliwa na serikali kama hawakufuata maagizo yote kutoka 	female_feminine	8.1435	common_voice_sw_35198835.wav
amin alifanikiwa kugombana na majirani zake wa karibu 	female_feminine	6.4155	common_voice_sw_29790679.wav
tayari waokoaji wameanza kuchimba mashimo maalumu ili kuweza kuwafikishia wachimba migodi hao 	female_feminine	6.9555	common_voice_sw_36615459.wav
mwelekeo wa ujamaa wa baadhi katika serikali mpya 	male_masculine	5.8035	common_voice_sw_29862545.wav
kwa sababu mungu ndiye aliyeweka mandhari ya 	female_feminine	6.10765625	common_voice_sw_30569192.wav
linachukua waumini mia moja hamsini mpaka mia mbili kwa wakati mmoja 	male_masculine	5.6955	common_voice_sw_37090151.wav
wapagazi wengi walikuwa watu wa maeneo ya magharibi 	male_masculine	4.2555	common_voice_sw_29797220.wav
ule ya utekelezaji wa sera ya taifa ya mazingira 	female_feminine	3.9675	common_voice_sw_34958960.wav
andres iniesta alikuwa na balaa duniani 	female_feminine	6.6675	common_voice_sw_30569937.wav
watu wenye virusi vya ukimwi wana upungufu wa kinga mwilini 	male_masculine	4.2555	common_voice_sw_36013747.wav
mfano mzuri ni mabadiliko kutoka nne nne mbili kwenda tano tatu mbili 	male_masculine	6.8475	common_voice_sw_29996933.wav
ni vema pia kusema kuwa shule hizo huvutia wanafunzi kutoka tanzania nzima 	male_masculine	5.1555	common_voice_sw_30020071.wav
kangaroo ana maadui wawili yaani simba na ndege tai 	male_masculine	4.5075	common_voice_sw_30327100.wav
walinyamaza hadi wajerumani walipotembea kwa umbo la safu ndefu 	male_masculine	5.8035	common_voice_sw_30661050.wav
unachangia pato la taifa hilo kupitia sekta mbalimbali 	male_masculine	5.78365625	common_voice_sw_30631243.wav
kati yao wanawake ni elfu ishirini na tano mia saba na nne 	male_masculine	4.3275	common_voice_sw_30380907.wav
alifanya masomo ya mawasiliano ya jamii katika taasisi ya mafunzo ya jamii nyegezi mwanza 	male_masculine	6.7755	common_voice_sw_29898087.wav
maeneo ya shinyanga wanalima mazao ya nafaka kama mahindi na mpunga 	female_feminine	5.2635	common_voice_sw_29961431.wav
maporomoko ya maji milima na mabonde vianpatikana ndani ya kitulo 	male_masculine	6.2355	common_voice_sw_29974204.wav
albamu yake ya mwaka wa elfu moja mia tisa na tisini 	female_feminine	5.5155	common_voice_sw_29949783.wav
wafuaji wa vyuma walikaa maeneo yote yaliyokuwa na uwezekano wa kupata chuma 	female_feminine	6.6675	common_voice_sw_30148215.wav
mila na desturi zake ambazo ndizo miongozo na dira 	male_masculine	6.1635	common_voice_sw_29903376.wav
korona imeogeza hofu kubwa kwa watu wote duniani 	male_masculine	4.2555	common_voice_sw_29936610.wav
kwenye orodha ya wachezaji kutokana na maongezi na 	female_feminine	4.7955	common_voice_sw_30224443.wav
je ni kampuni zipi nyinginezo hutumika kutotoa huduma hiyo hifadhini 	male_masculine	6.8475	common_voice_sw_30635653.wav
kwa kawaida hutokana na maambukizi 	female_feminine	2.7435	common_voice_sw_28583187.wav
wapangwa ni kabila la watu kutoka milima livingstone 	male_masculine	5.0475	common_voice_sw_30635693.wav
marais wengi duniani hawapendi kuwanyonga raia wake 	male_masculine	6.4155	common_voice_sw_29950643.wav
indi cha siasa cha kampeni kama hii baada ya hapo wanatuweka pembeni 	female_feminine	7.4235	common_voice_sw_35099299.wav
tulisafiri na gari lao 	female_feminine	3.4635	common_voice_sw_34812761.wav
katika mazungumzo yetu tumeafikiana 	male_masculine	2.9235	common_voice_sw_32210586.wav
hii ni kutokana na ukweli wa kwamba 	female_feminine	3.6075	common_voice_sw_29789483.wav
mwenge wa uhuru umekuwa ukikimbizwa nchi nzima ukipita kwenye mitaa 	female_feminine	4.6155	common_voice_sw_29939859.wav
pia walimaanisha kwamba mtu huyo hupendwa na mungu 	female_feminine	4.9035	common_voice_sw_30314726.wav
maonyesho ya kubainisha fikira za kiuchumi mara nyingi hutumia michoro 	male_masculine	7.1355	common_voice_sw_30256961.wav
mchanga huo husafirishwa na upepo bila kuacha mabaki nyuma 	female_feminine	4.5435	common_voice_sw_30653757.wav
viungo wanne na washambuliaji wawili 	male_masculine	3.7155	common_voice_sw_31321475.wav
passarella alitajwa miongoni mwa wachezaji bora wa michuano 	female_feminine	4.2555	common_voice_sw_30377533.wav
watu wenye pesa wameanza kujenga nyumba hapa pia 	male_masculine	5.8755	common_voice_sw_28691214.wav
dopamineji ambayo hujibia glutamati seli hizi 	female_feminine	6.3075	common_voice_sw_37084057.wav
mchango wake wa kihistoria katika mapambano ya kusaka uhuru wa taifa 	female_feminine	5.6235	common_voice_sw_30354766.wav
bila kusahau halmashauri ya wilaya ya kilosa na halmashauri ya wilaya ya ulanga 	male_masculine	7.7475	common_voice_sw_30579097.wav
hivyo mzizi wa asili ni mzizi ambao hutokana na kitenzi halisi 	male_masculine	7.0635	common_voice_sw_28660697.wav
dunia ilimshuhudia mbambe mwingine wa kisiasa kivita na kiuchumi aliyeitwa fidel castro 	female_feminine	8.5755	common_voice_sw_30527291.wav
madaraka mikononi mwa wazalendo walioshika hatamu katika dola 	female_feminine	4.6875	common_voice_sw_29791839.wav
ingia mkataba na kampuni ya universal records 	female_feminine	4.3275	common_voice_sw_35103616.wav
dalili zake ni pamoja na ngozi kubadilika rangi kuwa nyekundu na pia kuvimba 	female_feminine	7.0275	common_voice_sw_29256361.wav
hakuwa na mamlaka juu ya mkuu mpya wa jeshi emil von zelewski 	male_masculine	6.4875	common_voice_sw_29945596.wav
wanajeshi wa uganda walisonga mbele kwa tahadhari 	female_feminine	7.2075	common_voice_sw_30563449.wav
adolf hitler alipata zawadi ya mkimbiaji bora 	male_masculine	5.5875	common_voice_sw_31326462.wav
ama umoja wa wachezaji wa kimataifa 	male_masculine	3.0675	common_voice_sw_36350015.wav
beseni yake ina umbo kama s 	female_feminine	4.1475	common_voice_sw_29727469.wav
hakika wapare ni mfano wa kuigwa hapa nchini 	male_masculine	5.6235	common_voice_sw_30583030.wav
messi ameenda kwa ufaransa kwa uhamisho huru 	male_masculine	4.9035	common_voice_sw_30470862.wav
mgogoro ulipozidi kukua mashambulizi yakahama sasa 	male_masculine	5.8755	common_voice_sw_30201437.wav
maana ya jumamosi jumapili nakadhalika 	female_feminine	3.6075	common_voice_sw_28583382.wav
ukeketaji ni haramu nchini kenya na tanzania na huleta ukosoaji 	male_masculine	7.2435	common_voice_sw_31356166.wav
chadema ni chama kilicho imara sana nchini tanzania 	female_feminine	3.9675	common_voice_sw_30056689.wav
kukatokea na mashambulizi ya mwi kabla 	female_feminine	3.7155	common_voice_sw_35437885.wav
sheria inayatambua majengo yote yaliyojengwa kabla ya uhuru 	male_masculine	4.0035	common_voice_sw_29796840.wav
kuweza kumaliza mtafaruku uliojitokeza 	male_masculine	4.4355	common_voice_sw_35108006.wav
iko katika kusini mashariki ya marekani bara 	male_masculine	4.8675	common_voice_sw_28815559.wav
maeneo yanayolizunguka ziwa tanganyika waliweza kukaa 	female_feminine	5.9835	common_voice_sw_30640474.wav
na mchango wa watangazaji na madj kama taji liundi na dj john dilinga 	female_feminine	6.8835	common_voice_sw_34924536.wav
aliyewaongoza wajerumani hans meyer na ludwig purtscheller 	female_feminine	4.6875	common_voice_sw_31270308.wav
bairu walikuwa na koo kama mia moja thelathini 	male_masculine	4.4715	common_voice_sw_36386334.wav
kambale wenye futi nne zaidi wanapatikana katika mto naili 	male_masculine	5.3355	common_voice_sw_30343013.wav
leo uzalishaji ni mkubwa hasa hispania halafu italia ugiriki uturuki nakadhalika 	male_masculine	8.8635	common_voice_sw_28673091.wav
maalim self alizikwa tarehe kumi na nane mwezi wa pili 	female_feminine	4.6875	common_voice_sw_30354197.wav
watu wana mang amuzi tofauti juu ya mwelekeo wao wa kimapenzi 	female_feminine	6.7035	common_voice_sw_29615110.wav
vivutio vya asili ni pamoja na uoto wa asili mfano mikoko 	female_feminine	6.7035	common_voice_sw_30552264.wav
ndege wa kuvutia wanalipamba ziwa hilo wakiruka huku na kule 	female_feminine	6.4875	common_voice_sw_30573583.wav
je mtapiga kambi na katika kupiga kambi ni lazima mbebe mahema yenu 	male_masculine	6.6315	common_voice_sw_30209681.wav
mchezo wake wa kwanza katika timu ya taifa ulimfanya messi kuwa mchezaji mdogo zaidi 	male_masculine	6.7755	common_voice_sw_29996208.wav
ambapo watu walianza kuambukizwa magonjwa ya zinaa kama vile kisonono na kaswende 	male_masculine	9.5835	common_voice_sw_30384717.wav
alizaliwa kijana mmoja kutoka kijiji cha makunda wilayani iramba 	female_feminine	5.8755	common_voice_sw_30183075.wav
yasiyopungua laki mbili na nusu kwa siku moja 	male_masculine	4.1835	common_voice_sw_30419851.wav
mmoja ama kwa ubinadamu kwa jumla hata hivyo 	female_feminine	4.1475	common_voice_sw_37219872.wav
kamwe hawana athari yoyote kwa binadamu 	female_feminine	4.1475	common_voice_sw_29794164.wav
serikaoli inatakiwa kuwaandaa watalii wa kesho 	female_feminine	4.8675	common_voice_sw_29791747.wav
idd mubarak lakini na wasikilizaji pia tungependa 	female_feminine	4.8675	common_voice_sw_35110396.wav
hawa ni maarufu kwa ufanyaji biashara hasa za madukani 	female_feminine	4.9035	common_voice_sw_30545674.wav
wakati huo italia ilifanya mapinduzi ya dikteta na mwitalia mussolini 	female_feminine	7.4955	common_voice_sw_30375701.wav
jeshi la uganda ndilo linafanya kazi ya kulinda amani nchini somalia 	female_feminine	6.5235	common_voice_sw_30205368.wav
wataalamu wasio wachache wanasema mwisho wa vita kuu ya kwanza 	female_feminine	6.4155	common_voice_sw_30053887.wav
sasa kule kaingia kufanya nini na zile pumba jamani 	female_feminine	3.8235	common_voice_sw_30653870.wav
jengo hili la ghorofa mbili lina urefu wa mita arobaini na mbili 	female_feminine	5.6955	common_voice_sw_29792547.wav
subiri siku ya kufanyiwa unyago ifike utajua umuhimu wake 	male_masculine	6.3075	common_voice_sw_30091463.wav
akiwa chuo alijiunga na kikundi cha uigizaji 	female_feminine	4.0755	common_voice_sw_29558813.wav
mchanga unaohama bila upepo huko ngorongoro 	male_masculine	3.2475	common_voice_sw_29997368.wav
kutoka pwani hadi pale msafara ulipolenga hata ziwa 	female_feminine	5.1555	common_voice_sw_34598133.wav
kama mwenyewe ambavyo anavyojiita niliendelea kutaka kujua mengi kutoka kwake 	female_feminine	5.4075	common_voice_sw_35221881.wav
vya asili badala ya kumwabudu mungu mungu akakasirika hata akauangamiza ulimwengu ule kwa maji 	male_masculine	10.2675	common_voice_sw_37090323.wav
katika dunia inayojikusanya kwa kiwango kikubwa na kuwa kijiji fikra hizi zimepitwa na wakati 	male_masculine	6.7755	common_voice_sw_29988531.wav
makundi hayo ni waluguru wanaoishi milimani 	female_feminine	6.4155	common_voice_sw_29789287.wav
wangekuwa wanaweza kuwa na uwezo wa kuwa na fedha wangekuwa 	female_feminine	5.1555	common_voice_sw_36251180.wav
lala ndani ya neti kuepuka ugonjwa ya malaria 	female_feminine	4.7235	common_voice_sw_35183464.wav
ugonjwa hu wa malaria unazuilika na unatibika 	male_masculine	5.3355	common_voice_sw_29844223.wav
hata ukipenda kweli huwezi jua sababu ni siri ya moyo wako 	male_masculine	5.4075	common_voice_sw_35132373.wav
mwalimu nyerere alikuwa mojawapo kati watoto ishirini na sita wa nyerere burito 	male_masculine	8.8275	common_voice_sw_29795877.wav
walienda baharini 	male_masculine	2.5635	common_voice_sw_35132532.wav
barack hussein obama wa pili 	female_feminine	2.7075	common_voice_sw_34980696.wav
kama urithi kwa taifa na kwa ajili ya biashara 	female_feminine	3.9675	common_voice_sw_29940397.wav
dawa mbalimbali zimetumika kwa kusudi hili kama vile bupropioni 	female_feminine	6.7035	common_voice_sw_35104406.wav
mwaka ishirini na sita ndugu yake yohane mbatizaji aliacha maisha ya jangwani alikokulia 	female_feminine	6.9555	common_voice_sw_36732180.wav
antoine grizman alitimiza kazi yake aliyotumwa 	female_feminine	5.5875	common_voice_sw_30640488.wav
kizazi cha sasa hakina uelewa mpana kuhusu historia 	female_feminine	5.1915	common_voice_sw_30363940.wav
mara nyingi hali hiyo husababishwa na ajali au kuzaliwa hivyo hivyo 	female_feminine	5.8035	common_voice_sw_28662831.wav
wewe humjuhi vizuri malatwe tuulize sisi tukupe habari 	male_masculine	6.7035	common_voice_sw_30090980.wav
naam imetimia saa mbili na dakika thelathini na tatu kwa saa za afrika mashariki 	male_masculine	4.5435	common_voice_sw_36389396.wav
shirika la ndege la uingereza linatokana na shirika hili 	female_feminine	4.9755	common_voice_sw_28714506.wav
lakini misitu ya acacia imebadilishwa na misitu yenye majani mapana 	male_masculine	5.9475	common_voice_sw_29995155.wav
mchezaji bora wa kombe la dunia alikuwa giasinto faccheff 	male_masculine	7.4235	common_voice_sw_30007117.wav
real madrid ndiyo iliyoitoa bayern munich 	male_masculine	3.2835	common_voice_sw_30098929.wav
lugha yao imeathirika zaidi na wakurya kutokana na kupakana nao 	female_feminine	5.0835	common_voice_sw_31446464.wav
huitwa mara nyingi mji wa milele 	male_masculine	4.9035	common_voice_sw_28825524.wav
tu baada ya kuanza kutumia dawa za kulevya vijana wengi huendelea 	female_feminine	5.9475	common_voice_sw_35183704.wav
mji wa bagamoyo upo pembezoni mwa bahari ya hindi kaskazini mwa bahari ya hindi 	male_masculine	7.1715	common_voice_sw_30342842.wav
mourinho ni kocha asiyekubali kushindwa kirahisi 	male_masculine	4.0755	common_voice_sw_30635728.wav
huku watu milioni moja nukta nane wakiambukizwa umpya mwaka elfu mbili kumi na saba 	male_masculine	7.7475	common_voice_sw_29945759.wav
ndani ya kisiwa cha chumbe kuna majengo ya msikiti yalijengwa karne ya ishirini 	male_masculine	7.7835	common_voice_sw_30317551.wav
wakati ambayo marais watano kutoka au 	male_masculine	5.6235	common_voice_sw_34750147.wav
karume alichangia kuazishwa kwa timu nyingi visiwani humo 	male_masculine	4.0755	common_voice_sw_30220986.wav
wamehamia huko kwa ajili ya kufata kilimo na malisho ya mifugo 	female_feminine	6.1635	common_voice_sw_30176710.wav
anaheshimiwa na kanisa katoliki kama mwenye heri bikira 	male_masculine	5.2275	common_voice_sw_28695279.wav
yule aliyejiuzulu na sasa hivi waziri mkuu mwengine yupi 	female_feminine	4.8675	common_voice_sw_35118951.wav
na eneo hilo la bugoye ispokuwa waha walifahamiana na wamanyema kutokana na ujio wa 	female_feminine	7.7835	common_voice_sw_36642133.wav
mtaalamu wa ufundi alishangaa ni daftari gani analolizungumzia jacob 	female_feminine	5.4435	common_voice_sw_35206867.wav
hali kadhalika wawakilishi kutoka nchi mbalimbali 	female_feminine	4.5075	common_voice_sw_34840188.wav
mzee anapenda chai ya mkanada 	female_feminine	3.0675	common_voice_sw_35110344.wav
kila mtu alijua bayern itashinda mechi hiyo 	male_masculine	4.9035	common_voice_sw_30122843.wav
anataka kuwafukuza wazungu kutoka katika bara la afrika 	female_feminine	4.0755	common_voice_sw_29923003.wav
watu wa zanzibar ni wa asili mbalimbali hasa watu wa asili ya afrika bantu 	female_feminine	6.5955	common_voice_sw_34979579.wav
ilikuwa nyumba ya chumba na sebule 	female_feminine	3.2475	common_voice_sw_34906630.wav
tumia maji tiririka wakati wa kunawa mikono 	female_feminine	3.9675	common_voice_sw_30591022.wav
si fukwe tu bali zanzibar kuna vivutio vingi vya asili 	female_feminine	5.4435	common_voice_sw_34979425.wav
kaskazini kwake ni msitu wa hifadhi ya kisere 	female_feminine	5.6235	common_voice_sw_29791746.wav
argentina waliishuhudia mataifa mengi yakifanikiwa kushinda mataji 	female_feminine	6.9555	common_voice_sw_30667233.wav
niko pekee yangu na sijijui 	male_masculine	3.8955	common_voice_sw_37095028.wav
madhumuni ya habari ya ummakupatikana kwa ufuatiliaji wa ubora wa 	female_feminine	6.9555	common_voice_sw_35156929.wav
miongoni mwa filamu ambazo amewahi kuigiza ni rangi ya zambarau 	female_feminine	6.0555	common_voice_sw_29949521.wav
amezaliwa na mama wa ghana na baba wa nigeria 	male_masculine	4.7955	common_voice_sw_28689985.wav
rais hussein mwinyi aliingia katika kinyanganyiro cha kugombea kiti cha urais wa zanzibar 	female_feminine	7.0275	common_voice_sw_35437612.wav
rais samia amesema kanisa hilo lina mchango mkubwa katika utoaji wa huduma za jamii 	female_feminine	6.4155	common_voice_sw_35198801.wav
kuambukizwa mwanzoni mwa ujauzito kunaweza kusababisha mtoto kuzaliwa na ugonjwa huu au kuharibika mimba 	male_masculine	9.2235	common_voice_sw_29502381.wav
aa hawapo basi afrika kusini watawa 	female_feminine	3.8235	common_voice_sw_35108363.wav
tatu kati ya hizo ni kwa kazi yake ya utayarishaji 	male_masculine	5.6955	common_voice_sw_28670530.wav
messi akishinda tuzo za shirikisho la kimataifa la mpira wa miguu ballons dor 	male_masculine	6.4875	common_voice_sw_30327474.wav
asante sana emanuel makundi nakushukuru 	male_masculine	3.6435	common_voice_sw_36385110.wav
kawaida mtaani kama sehemu ya kufikia jamii ya tanzania na kuleta mabadiliko mwanafalsafa imeanzisha 	male_masculine	9.9435	common_voice_sw_36367239.wav
anasema mafanikio ya kisiwa hicho yaliendelea hadi karne ya kumi na nne 	male_masculine	5.7675	common_voice_sw_30181515.wav
vilele vya juu ni mlima mtingire na mlima kimhandu 	male_masculine	5.6955	common_voice_sw_29896063.wav
kula kwa maharagwe ukitaka 	male_masculine	2.9955	common_voice_sw_36037226.wav
madawa ya kulevya baada ya kuwa yametumiwa na mtu yeyote hupunguza 	male_masculine	4.6875	common_voice_sw_36383743.wav
kuwa jumuiya hile ilikuwa chombo cha makabaila wakubwa 	female_feminine	6.25165625	common_voice_sw_30005188.wav
kumtorosha inti wa kikurya ilikuwa ni kosa kubwa sana na unakuwa umekosea ukoo mzima 	female_feminine	8.0355	common_voice_sw_30351703.wav
kulikuwa na viti kwa ajili ya wazungu wahindi na waafrika 	male_masculine	7.5675	common_voice_sw_29608071.wav
wazazi wake wanatakiwa wawe hai na wenye kuheshimika 	male_masculine	6.1635	common_voice_sw_30515566.wav
kumi akigombea kwa chama cha mapinduzitarehe kumi na tisa mwezi wa kumi na 	male_masculine	10.4475	common_voice_sw_34391813.wav
zaidi kwa mtu binafsi upatikanaji wa kutegemeka haijabainika wazi iwapo 	female_feminine	6.5955	common_voice_sw_37218422.wav
kupoteza uzito kupita kiasi na kukonda kwa ujumla sio dalili tu 	female_feminine	7.3875	common_voice_sw_30326808.wav
karim mostafa benzema amezaliwa tarehe kumi na tisa mwezi wa kumi na mbili 	female_feminine	6.7035	common_voice_sw_36039841.wav
mango km makaa ya mawe au mafuta ya taa 	male_masculine	4.6515	common_voice_sw_37097965.wav
quran yatufahamisha kuwa ismail alikua mpole na mnyenyekevu kwa mola wake 	male_masculine	7.6035	common_voice_sw_29978475.wav
katika mashamba yao hulima mazao mengine kufuatana na msimu 	female_feminine	5.5875	common_voice_sw_30030572.wav
wakiwa kundi moja bali walikuja kwa mtindo wa koo 	female_feminine	4.1835	common_voice_sw_29922624.wav
hunyoa nywele wanapopita kifungu kimoja cha maisha hadi kingine bibiarusi pia atanyolewa kichwa chake 	female_feminine	8.3235	common_voice_sw_36642966.wav
kwenye mji wa yorktown ikalazimika kujisalimisha tangu 	male_masculine	4.8675	common_voice_sw_36308935.wav
mawaziri wakuu wawili kati ya watangulizi wake walihamia katika vyama vya upinzani 	female_feminine	6.8475	common_voice_sw_31285613.wav
ni ngumu kama sio haiwezekani kabisa 	female_feminine	4.6875	common_voice_sw_30176679.wav
baadaye aliunda kikundi chake na kurudi tanzania kwa muda mfupi 	female_feminine	4.1475	common_voice_sw_29478139.wav
hospitali zetu pia zinahitaji umeme wa uhakika 	female_feminine	4.1475	common_voice_sw_30221135.wav
watangazaji wawili redioni wanaweza kujadili mada nzuri 	male_masculine	4.5075	common_voice_sw_37229933.wav
shughuli za kufanya hifadhini saanane ni pamoja na kuangalia wanyama 	male_masculine	5.1555	common_voice_sw_30650337.wav
nchi iko kwenye sehemu nyembamba kabisa ya amerika ya kati 	male_masculine	5.0835	common_voice_sw_28581557.wav
jaji werema katibu mkuu wa wizara ya nishati na madini 	female_feminine	4.9755	common_voice_sw_30624159.wav
walilazimisha kila akida afahamu kiswahili barabara ili 	male_masculine	4.7235	common_voice_sw_36251321.wav
na sasa kumsikiliza katibu mkuu wa shirika la maendeleo la bendewa prince kihangi 	female_feminine	6.7035	common_voice_sw_35279592.wav
wengi hapa wapinga jimbo hili wanasema kwamba 	female_feminine	4.7235	common_voice_sw_37218067.wav
niliwahi kuamka mapema nikafanye mtihani wangu 	male_masculine	4.2555	common_voice_sw_29787552.wav
m asante sana zuhra mwera mchezaji wa zamani wa mchezo wa 	male_masculine	3.6075	common_voice_sw_36390635.wav
wapare wa kusini ambao ni wapare wa same 	male_masculine	3.8595	common_voice_sw_30379924.wav
hatuwezi kusema tuna usawa wa kijinsia wakati bado hatujaweza kuchaguliwa na watu 	female_feminine	8.0355	common_voice_sw_29925228.wav
yalivyopakana kwa mfano kivunjo kinafanana na kioldimoshi vile vile kisiha kinafanana sana na kimachame 	female_feminine	8.2875	common_voice_sw_35214573.wav
viongozi wa soka afrika mashariki na kati kuhakikisha kwamba wachezaji wanajua 	female_feminine	5.0835	common_voice_sw_37212056.wav
madai yasiyo na madai hata kidogo na huchanganyishwa mara nyingi na ajenda maalum 	female_feminine	4.6155	common_voice_sw_29923495.wav
mlima lool malasin elfu tatu mia sita ishirini na sita 	male_masculine	5.6235	common_voice_sw_29981971.wav
walianzisha pia kazi ya elimu 	female_feminine	3.6075	common_voice_sw_28583821.wav
jimbo uko la atlantiki na upande wa mashariki ya nchi 	female_feminine	6.5955	common_voice_sw_29655504.wav
mchanga huo hupita juu ya bahari atlantic hadi katika msitu wa amazon 	male_masculine	9.5475	common_voice_sw_31370833.wav
nyumba nyingine mbili za bwana karume zilikuwa gongoni na michenzani 	female_feminine	6.3075	common_voice_sw_29790618.wav
watalii wa hifadhi ya arusha wanavutiwa kupanda farasi kuzungaka ndani ya hifadhi 	male_masculine	6.7035	common_voice_sw_29787714.wav
yameingia katika siku ya nne hii leo 	male_masculine	3.8235	common_voice_sw_36389519.wav
watu wengi maarufu wanakuja kutembea tanzania 	male_masculine	4.37965625	common_voice_sw_30631338.wav
za dopamini na serotonini ndani ya mfumo mzima wa sakiti ya uridhikaji 	female_feminine	7.3155	common_voice_sw_35442553.wav
kwa nyota za mbali zaidi ni vigumu zaidi kupata vipimo kamili 	male_masculine	4.9035	common_voice_sw_29672226.wav
minada hiyo hufanyika katika soko la mitaji 	female_feminine	3.6435	common_voice_sw_34906779.wav
kipato chake kikitokana na kazi ya utumishi wa ndani ambacho hakikutosha 	male_masculine	8.2155	common_voice_sw_31441303.wav
alisema maneno ambayo hakujua kama yataishi 	male_masculine	3.8235	common_voice_sw_30220815.wav
kutumia mawasiliano hayo yaliyokuwepo tayari watu wa mediteraneo 	male_masculine	5.1555	common_voice_sw_36382163.wav
ya kulevya iwe yale ya kiasili kama bangi au yale yatengenezwayo 	female_feminine	6.0555	common_voice_sw_36644210.wav
iko kando ya mto rhine 	male_masculine	3.2475	common_voice_sw_29762596.wav
kuna hisia za ushabiki za uchokozi wa watu 	male_masculine	5.5875	common_voice_sw_36299887.wav
kutoka hapa alishirikiana na obote katika hatua za kuimarisha utawala 	female_feminine	5.4075	common_voice_sw_30658917.wav
katika imani yao kuna miungu mingi kwenye ngazi mbalimbali ya enzi 	female_feminine	5.7675	common_voice_sw_28689058.wav
unga ulioshikamana unajulikana kama ugali na huliwa na maziwa 	male_masculine	5.3355	common_voice_sw_30179978.wav
walihakikisha kwamba wahehe hawataingilia katika sehemu walizolenga 	male_masculine	4.7955	common_voice_sw_37091426.wav
takriban watu milioni sitini walikufa kutokana na vita hivi 	male_masculine	5.3355	common_voice_sw_30017348.wav
cameroon waliibuka washindi wa kombe nchini morocco 	male_masculine	4.5075	common_voice_sw_29926922.wav
augustino wa hippo aliandika juu yake 	female_feminine	3.7875	common_voice_sw_29731032.wav
utamaduni wa kabila husika huku jando la asili 	male_masculine	6.5235	common_voice_sw_31304446.wav
pia ni kituo cha mpakani kwenye daraja la zambezi kwenda zimbabwe 	female_feminine	5.0475	common_voice_sw_29488743.wav
kana jenga nyuma yao 	male_masculine	3.4275	common_voice_sw_32245048.wav
kiatu cha dhahabu na kombe vilieenda mjini benus aires 	male_masculine	6.2355	common_voice_sw_30657051.wav
ni kwenye bonde la mto nile kaskazini mwa ziwa turkana 	female_feminine	4.2555	common_voice_sw_31585112.wav
kuna matoleo mengi tofauti ya hadithi 	male_masculine	4.0755	common_voice_sw_28663183.wav
kwa hiyo ni sehemu au sekta inayotoa mchango mkubwa kwa jamii 	male_masculine	4.8675	common_voice_sw_30182996.wav
masomo yao na wengine kupoteza ndoto zao za maisha 	female_feminine	4.8675	common_voice_sw_30351749.wav
sekta nyingine ambazo huchangia kwenye uchumi wa mkoa ni za mifugo na madini 	male_masculine	6.1275	common_voice_sw_30380406.wav
ajabu sasa hadi sasa matunda ambayo dunia imeyatumia ni matunda mia mbili tu 	female_feminine	5.4075	common_voice_sw_30653544.wav
kuna hatari kubwa ya kuishi wagonjwa korona 	male_masculine	4.05565625	common_voice_sw_30092047.wav
ni lugha rasmi mojawapo ya nchi ya nigeria 	female_feminine	4.2555	common_voice_sw_28950307.wav
mpira umekua laini sana nyakati hizi 	female_feminine	5.4075	common_voice_sw_30372349.wav
ukabidhi jukumu la kulinda amani kwa vikosi vya kulinda amani ni la umoja huo 	female_feminine	7.4235	common_voice_sw_36106706.wav
mwalimu vincent kamoto ni mkuu wa shule hii ya udenye iliyoko wilayani songwe 	male_masculine	9.0435	common_voice_sw_30122288.wav
chimbuko la mji huu ambako sasa panajulikana kama eneo la magofu ya kaole 	female_feminine	7.5315	common_voice_sw_30230301.wav
kipindi hiki kilikuwa na athira kuu katika maisha ya mtaalamu 	male_masculine	5.6955	common_voice_sw_28877841.wav
nyumbu akikamatwa tu basi hutulia na kuliwa bila shida 	male_masculine	4.1835	common_voice_sw_29963715.wav
matatizo makuu ya binadamu ingawa wachache tu wameweza 	female_feminine	4.9035	common_voice_sw_35442270.wav
yerusalemu ina historia ndefu sana 	male_masculine	4.1475	common_voice_sw_29591148.wav
magufuli alipata elimu ya msingi katika shule ya msingi hukohuko chato 	female_feminine	4.4355	common_voice_sw_30658988.wav
alishindwa kufua dafu katika uchaguzi wa bunge 	female_feminine	3.9675	common_voice_sw_34597764.wav
kiwili ni msamiati mwingine wa kipare 	female_feminine	3.4275	common_voice_sw_30653488.wav
mlinzi huyo alikuwa ameketi akiwa ameegemea ukuta bunduki aina ya gobole ikiwa kifuani 	female_feminine	9.2235	common_voice_sw_35438716.wav
na kusema kwamba sio urembo wa asilia 	male_masculine	3.7875	common_voice_sw_37229823.wav
ziwa viktoria linapatikanankaskazini magharibi mwa tanzania 	male_masculine	5.9835	common_voice_sw_30021359.wav
baba wa taifa alitaka serikali ihamie dodoma kabla hajafariki 	female_feminine	5.5875	common_voice_sw_29922474.wav
abrahamu kama kielelezo cha imani na rafiki wa mungu 	male_masculine	3.8235	common_voice_sw_37088987.wav
watuhumiwa walifanya mauaji ya kimbari kwa makusudi 	female_feminine	4.9035	common_voice_sw_34823960.wav
ili kukabiliana na wakoloni wa kijerumani 	female_feminine	3.6075	common_voice_sw_34597886.wav
washindani wote 	male_masculine	1.8435	common_voice_sw_37098371.wav
kulikuwa na muungano wa vyama vingi chini ya uongozi wa rais mwai kibaki 	female_feminine	7.0275	common_voice_sw_35104809.wav
alifuata kanuni za utawa wa tatu wa mt 	female_feminine	4.8675	common_voice_sw_28666338.wav
taifa liliishi katika misingi ya ujamaa na kujitegemea 	male_masculine	4.4355	common_voice_sw_29960843.wav
abiria wengine walijirusha kwenye bahari ya atlantiki 	female_feminine	3.8955	common_voice_sw_34995273.wav
kaskazini yaliwahi kupiga utumwa marufuku lakini majimbo 	male_masculine	5.2635	common_voice_sw_37091760.wav
hakuna ushahidi wa moja kwa moja kwamba wakazi walikuwa wakoloni 	female_feminine	5.4435	common_voice_sw_29798027.wav
ili iweze kuvunja kutawakati wa giza kwenye asubuhi wa tarehre thelathini mwezi wa 	female_feminine	7.7475	common_voice_sw_35181795.wav
mambo ya kuzingatia katika ufahamu wa kusoma 	male_masculine	6.2355	common_voice_sw_29782228.wav
ni tishio kwa sarafu kama dola na euro 	female_feminine	4.7955	common_voice_sw_30327568.wav
utamaduni huo ulitumika katika kusherehekea matukio ya nyakati mbalimbali 	female_feminine	6.21565625	common_voice_sw_31808899.wav
mtindo wa kikomunisti utawala wa kikomunisti uliendelea hadi mwishoni 	female_feminine	6.6675	common_voice_sw_35437815.wav
elagabalus hakuwa tu mtu wa kufuga paka 	female_feminine	3.6435	common_voice_sw_34958882.wav
hii hutokea katika mwezi wa tatu wa kipindi cha ujauzito 	male_masculine	8.1075	common_voice_sw_29590438.wav
utamaduni huo haukuweza kutibu magonjwa hayo 	male_masculine	5.0475	common_voice_sw_36385840.wav
misitu na mapori tengefu yametengwa kuhifadhi mazingira ya utalii 	female_feminine	4.6875	common_voice_sw_31270198.wav
mavazi na bangili za mikononi bila kusahau hereni za kuvaa masikioni 	male_masculine	6.9555	common_voice_sw_29945668.wav
katika mlo wake kijiji kikubwa na cha 	female_feminine	3.1035	common_voice_sw_37092315.wav
ziwa victoria limegawanyika katika nchi tatu tanzania kenya na uganda 	male_masculine	4.9035	common_voice_sw_29994676.wav
anasema zuhura ambaye ni mwanamke wa kwanza kutangaza kipindi cha televisheni 	male_masculine	6.64765625	common_voice_sw_30631065.wav
baada ya kufanya vizuri mwaka elfu mbili na kumi na nane kombe la sportpesa 	female_feminine	6.5235	common_voice_sw_30036211.wav
ni heshima kubwa pindi mpiganaji anapochaguliwa 	male_masculine	5.5155	common_voice_sw_29904642.wav
watanzania tumempoteza kiongozi mpiganaji na mwenye uchungu na nchi yake 	female_feminine	6.3435	common_voice_sw_30046316.wav
jambo ambao liliamsha hisia za wengi kuhusu uchumi wa muda mfupi 	male_masculine	4.8675	common_voice_sw_30019834.wav
mizizi ya meno ambayo hufikiriwa kuwa na minyoo au ni meno ya karatasi au 	male_masculine	6.5955	common_voice_sw_36331501.wav
ya kupambana dhidi ya maambukizi ya ukimwi na unyanyapaji 	female_feminine	4.3635	common_voice_sw_34906864.wav
eneo la ziwa ni kavu sana na maji yake ni ya magadi 	female_feminine	4.1835	common_voice_sw_28583654.wav
hifadhi hiyo ilipingwa na wabunge kabla ya hayati magufuli kuiidhinisha 	male_masculine	5.9475	common_voice_sw_30182125.wav
kimsingi ni tofauti na njia ya sayansi ya 	female_feminine	3.8235	common_voice_sw_34917701.wav
kwa upande wa wasichana na mama wajawazito waliufanya kazi za ndani 	male_masculine	7.6035	common_voice_sw_37084845.wav
njia nyeupe inapita eneo lake 	female_feminine	3.8955	common_voice_sw_28666522.wav
alijiunga na chuo cha chuo cha jeshi la tanzania monduli 	female_feminine	4.6155	common_voice_sw_30653695.wav
hata hivyo kuna vituo vya afya na maabara ya watu binafsi pia 	female_feminine	5.4075	common_voice_sw_28689160.wav
sherehe hii sisi nasherehekea baada ya kukamilika baada ya kuisha kwa ile hajj 	female_feminine	7.2435	common_voice_sw_35105712.wav
kuzalisha madini ya urenia 	female_feminine	3.1755	common_voice_sw_35104688.wav
wilaya ya rolya na serengeti inaongezeka pia bunda na butiama 	female_feminine	9.0435	common_voice_sw_30414526.wav
hadi kufika calicutndani ya bara hindi 	male_masculine	5.7675	common_voice_sw_36299712.wav
kwamba hilo ni agizo la serikali ya rwanda kila 	female_feminine	4.5435	common_voice_sw_37099198.wav
zanzibar iliongeza nembo kwenye bendera yake ya zamani 	female_feminine	4.3635	common_voice_sw_30582045.wav
kwenye miaka ya elfu moja mia saba hamsini 	male_masculine	4.6875	common_voice_sw_29942721.wav
jamii nyingi za kipare zina utaratibu wa kushirikiana 	male_masculine	3.8955	common_voice_sw_30327257.wav
kwa jumla zilitembelewa na mabaharia kutoka nchi za mbali 	female_feminine	5.2635	common_voice_sw_30195869.wav
akiwa rais alifuata siasa ya kujitegemea kwa ufaransa 	female_feminine	5.2275	common_voice_sw_28584764.wav
amin alipandishwa cheo na waziri mkuu milton obote baada ya uasi 	female_feminine	6.0555	common_voice_sw_30331141.wav
wabantu walianza biashara na waarabu waliokuja afrika ya mashariki 	male_masculine	6.7755	common_voice_sw_29935979.wav
ukame huo huathiri sana mifugo ya jamii hiyo 	female_feminine	7.0275	common_voice_sw_30568025.wav
elimu na mafunzo katika uchumi bluu inapaswa kuratibiwa vizuri na vyema zaidi 	male_masculine	6.7755	common_voice_sw_36310858.wav
picha alizowapiga zinapendeza 	female_feminine	3.1035	common_voice_sw_35123965.wav
halmashauri hiyo ilionesha teknolojia za umwagiliaji kwa kutumia miundombinu 	female_feminine	4.9755	common_voice_sw_31285536.wav
nilikuwa na kikohozi kikali ambacho kimekuwa kikiendelea kuwa kibaya 	male_masculine	4.2555	common_voice_sw_30025955.wav
ziwa victoria lilikuwa linaitwa nyanza kwa upande wa tanzania 	female_feminine	8.6835	common_voice_sw_30564070.wav
imeahirishwa hadi alhamisi ijayo kutokana na moja wa mashahidi kushindwa kufika mahakamani 	female_feminine	6.1635	common_voice_sw_37093897.wav
huenda pia mtu akawa na shida za kufikiria 	male_masculine	4.3275	common_voice_sw_28670218.wav
timu zinazoingia fainali mara mbili mfululizo zipewe sifa 	male_masculine	4.7235	common_voice_sw_30025954.wav
kwenye maeneo jirani na syria wako pia waarabu 	male_masculine	4.9755	common_voice_sw_28661946.wav
waandishi wa habari wa misri walishiriki maandamano mwaka elfu mbili na kumi na sita 	female_feminine	6.8475	common_voice_sw_35104298.wav
unatakiwa kuamini kwamba wewe ni mrembo 	female_feminine	3.7875	common_voice_sw_29924160.wav
ambayo ilikuwa bilioni kumi na nne nukta mbili hata ukaongeza bajeti ya rwanda 	female_feminine	5.8755	common_voice_sw_36255278.wav
vigumu kwenda haja ndogo na hii pia umeleta utata thelathini na tisa ukeketaji ni 	female_feminine	7.3155	common_voice_sw_35182024.wav
orodha ya wachezaji bora ikamtaja karlheinze kuwa bora 	male_masculine	6.3435	common_voice_sw_30381123.wav
wana wa israel walipomkataa kristo na kumsulubisha walitia muhuri wa uasi wao dhidi 	female_feminine	7.4955	common_voice_sw_35221855.wav
ukija hapa unalipa shilingi mia nane za kiingilio pamoja na tozo gharama za usafiri 	male_masculine	8.1435	common_voice_sw_29895831.wav
mchakato wa mabadiliko haya upo katika hatua za mwisho kukamilika 	male_masculine	5.3355	common_voice_sw_28673129.wav
jeshi la updf lina uwezo wa kuingia pia kule dr congo kuwasaka hawa wa 	female_feminine	6.5955	common_voice_sw_36615580.wav
mwaka elfu moja mia tisa na arobaini na sita alitumwa kaskazini kwa kupigania wasomalia 	male_masculine	6.4875	common_voice_sw_29898189.wav
rais wa kwanza wa uganda milton obotte ni rafiki mkubwa wa nyerere 	male_masculine	6.1275	common_voice_sw_30635645.wav
dalili nyingine inayojitokeza baada ya kupata maambukizi ya virusi vya ukimwi 	female_feminine	6.4875	common_voice_sw_29818023.wav
katika ukristo simba wa yuda alikuwa yesu 	male_masculine	3.8955	common_voice_sw_29762751.wav
watalii wanaotembelea burigi chato hupata nafasi ya kutembelea ziwa hilo 	female_feminine	4.9035	common_voice_sw_31272045.wav
ya maumivu makali ya ghafla acute pain kwenye maumivu makali ya 	female_feminine	8.1435	common_voice_sw_35099222.wav
itakufanikishia wewe kusafiri toka ulipo hadi bondeni ngorongoro kwa bei nafuu 	female_feminine	6.8115	common_voice_sw_30073459.wav
kama hamtalala ndani ya hifadhi ni sehemu gani nyinginezo za huduma hiyo 	male_masculine	5.6955	common_voice_sw_30434931.wav
kuna mabadiliko katika matarajio ya urefu wa maisha 	male_masculine	4.3275	common_voice_sw_31326729.wav
tangu mwaka wa elfu mbili na mbili barabara ya lami 	male_masculine	3.7875	common_voice_sw_30677287.wav
alisajiliwa na klabu ya mpira wa miguu ya simba mwaka elfu mbili na kumi 	male_masculine	7.3875	common_voice_sw_29902987.wav
katika mwezi wa septemba msimu wa pukutisha huanza katika sehemu ya kaskazini mwa dunia na msimu wa chipukizi katika sehemu ya kusini 	female_feminine	9.8355	common_voice_sw_36106128.wav
ambayo ndio msingi mkuu wa uchumi wa buluu 	male_masculine	6.7755	common_voice_sw_36389216.wav
bi anita alisema hata yeye anashangaa maana hamna mtu aliemwambia juu ya safari yake 	male_masculine	6.3435	common_voice_sw_37087176.wav
hati inaweza kuwahusisha watazamaji na hadhira 	male_masculine	4.0755	common_voice_sw_36375123.wav
kuna upangaji mkakati wa pwani na bahari na usimamizi wa bahari 	female_feminine	5.5875	common_voice_sw_36615356.wav
ni miongoni mwa vilele vitano tanzania 	male_masculine	5.4435	common_voice_sw_30201291.wav
shabaha kuu ilikuwa kutetea kanisa chini ya papa 	male_masculine	4.5435	common_voice_sw_28696148.wav
katika safari yao walisafiri hadi kufika milima ya usambara 	male_masculine	5.5155	common_voice_sw_30582895.wav
yani mkuu hili chokoraa halina maana shuleni kwetu hata kidogo lione lilivyolinanuka 	female_feminine	8.5035	common_voice_sw_30370416.wav
sasa wanaamua kuonyesha sanaa yao 	male_masculine	3.1035	common_voice_sw_36319530.wav
majeshi ya baba yake hayatoshindwa 	male_masculine	6.3075	common_voice_sw_36040547.wav
na mengine mengi ikiwemo na shughuli za uchimbaji wa madini 	female_feminine	4.9035	common_voice_sw_30123743.wav
tunaweza sema kwamba kulingana na matamshi yake ni kwamba 	female_feminine	4.7955	common_voice_sw_35103479.wav
kundi la raila likawa kubwa zaidi 	female_feminine	3.4275	common_voice_sw_29368612.wav
david zacharia kafulila anakuwa mkuu mpya wa mkoa wa arusha 	male_masculine	5.0475	common_voice_sw_36319593.wav
wanigeria wengi kuwa magaidi walianza kutwaa mamlaka juu ya 	female_feminine	4.9035	common_voice_sw_36251216.wav
huwezi kuwataja wapigania uhuru wa bara la afrika 	male_masculine	3.7875	common_voice_sw_29995584.wav
kila nchi duniani inakuwa na vivutio vyake vya utaliii 	female_feminine	5.0835	common_voice_sw_29788108.wav
tangu vita vya wenyewe kwa wenyewe nchini humo miaka kumi na nne iliyopita takriban 	female_feminine	6.7035	common_voice_sw_35105452.wav
hakuna aliyeamini kuwa pep ataondoka barcelona 	female_feminine	3.3555	common_voice_sw_30363524.wav
ilionekana ya kwamba nchi za mashariki zilibaki nyuma sana 	male_masculine	4.3635	common_voice_sw_29899230.wav
anarudia ulinganifu kati ya makundi ya wakaazi mbalimbali 	male_masculine	5.6235	common_voice_sw_30634525.wav
mtoto atakuwa akitambulishwa kwa kutumia jina la embolet 	male_masculine	6.0555	common_voice_sw_31409526.wav
spishi za palsmodium zinazoambukiza binadamu ni falciparum 	male_masculine	7.4235	common_voice_sw_34890775.wav
makubwa sana na maambukizo ya ukimwi kwanza kabisa ni kutokana 	female_feminine	5.7675	common_voice_sw_34979740.wav
takriban spishi zote hupatikana ardhini 	female_feminine	4.6875	common_voice_sw_28689001.wav
minus huwatega kwenye ngome 	male_masculine	3.4275	common_voice_sw_29262321.wav
redio ya taifa ilianzishwa mwaka elfu moja mia tisa sabini 	female_feminine	4.7235	common_voice_sw_35425630.wav
ni wewe wa kuokoa 	female_feminine	2.9235	common_voice_sw_35183363.wav
wawindaji wote waliotafuta watumwa walikuwa wakiwaepuka wamasai 	female_feminine	6.1275	common_voice_sw_34745870.wav
lugha yao rasmi ni kimachinga inasadikika 	female_feminine	5.5875	common_voice_sw_30568070.wav
barghash wa zanzibar kwenye mwaka elfu moja mia nane sabini alipeleka wanamuziki wake 	female_feminine	8.3235	common_voice_sw_34924486.wav
wamasai wadogo wakiwa na vilemba na michoro 	female_feminine	5.0835	common_voice_sw_29793091.wav
tembo na nyani pia wapo chui bila kusahau pundamilia na wanyama wengine wanaokula majani 	male_masculine	8.2155	common_voice_sw_30180867.wav
maria wa mt 	female_feminine	2.9235	common_voice_sw_29176961.wav
carols ancellot ambaye anakiongoza 	female_feminine	4.3635	common_voice_sw_37214960.wav
unaweza jehovah rapha 	male_masculine	3.6075	common_voice_sw_37230033.wav
hata hivyo wapo baadhi ya wapare ambao mpaka leo wanaiweza mvua 	female_feminine	4.7955	common_voice_sw_30058552.wav
vivutio vingi huwa havipishani sana kwenye viingilio 	male_masculine	4.7955	common_voice_sw_30638502.wav
zipo nadharia kadha wa kadha zinazoeleza asili ya wagweno 	male_masculine	5.4075	common_voice_sw_30577693.wav
bunge limeidhinisha shilingi bilioni mia moja kumi na tano nukta saba tisa nne 	male_masculine	7.5675	common_voice_sw_30183203.wav
kupunga upepo lakini hata kuogelea vivutio vya utamaduni 	female_feminine	4.8675	common_voice_sw_30327995.wav
vile vile nyangumi bluu anaweza kufikia uzito wa tani mia mbili 	male_masculine	5.2635	common_voice_sw_29787838.wav
ronaldo alitwaa kiatu cha dhahabu cha ulaya alipokuwa real madrid 	male_masculine	6.3075	common_voice_sw_30147033.wav
pamoja na ile bandari ya mtwara kusini mwa nchi 	female_feminine	4.01965625	common_voice_sw_31791996.wav
taifa la liberia liliwahi kutoa mwanasoka bora wa dunia 	male_masculine	7.6755	common_voice_sw_31304496.wav
tapita humo kwa damu 	female_feminine	3.3555	common_voice_sw_35155473.wav
wanyambwa ni kundi linaloonekana wazi kwenye kabila hili ambao huongea lafudhi ya kinyambwa 	female_feminine	8.0355	common_voice_sw_30195751.wav
ikitokea nyumbu amezaa na simba anamkimbiza atakimbia hata hatakumbuka mtoto 	female_feminine	8.5755	common_voice_sw_30108392.wav
nakumbuka nilipovunjika jinsi ulivyoniinua 	male_masculine	4.7955	common_voice_sw_34764321.wav
ofisi hufanya kazi yake chini ya kamati ya kimataifa ya vipimo 	male_masculine	6.5955	common_voice_sw_29638765.wav
usafi wa mazingira hutumiwa kama kiashiria kwa lengo la kuelezea malengo ya milenia 	female_feminine	8.8635	common_voice_sw_34597365.wav
ipo bahari ya hindi ambayo ni njia kuu ya usafirishaji wa mizigo 	female_feminine	4.1475	common_voice_sw_30074699.wav
safari yake ya uanamitindo imejawa na changamoto nyingi sana 	female_feminine	4.7955	common_voice_sw_30653678.wav
akiwa na idadi ya mabao thelathini na sita katika michezo thelathini ya kadet a 	male_masculine	7.2435	common_voice_sw_30148780.wav
wanafunzi wamemaliza mtihani 	male_masculine	4.1475	common_voice_sw_32210868.wav
uchaguzi ulirudiwa tena mwaka elfu mbili na kumi na sita 	male_masculine	4.1835	common_voice_sw_37226165.wav
wala hakuwahi kumruhusu mwandishi yeyote kuandika habari ya maisha yake 	male_masculine	5.8755	common_voice_sw_30008645.wav
yapo makampuni makubwa ya kimataifa yenye uwezo wa mitaji 	female_feminine	4.6155	common_voice_sw_30653869.wav
hilo linafanana na upendo ambao katika ukristo ndio adili kuu kuliko 	female_feminine	5.2635	common_voice_sw_35157514.wav
mwalimu mzuri 	male_masculine	2.7075	common_voice_sw_34763269.wav
ukitembelea fukwe nyingi za bahari ya hindi utaona ni jisi gani 	male_masculine	4.9755	common_voice_sw_30385720.wav
alikataliwa kwa vile alikuwa na umri mdogo wa miaka kumi na nne 	male_masculine	4.9755	common_voice_sw_30008054.wav
pia uingereza iliamua kutafuta utawala wa visiwa 	male_masculine	5.6235	common_voice_sw_30006845.wav
kutambua jadi ya spishi za maji baridi ilikuwa tatizo 	male_masculine	6.0555	common_voice_sw_28691415.wav
malatwe aliwasili shuleni akiwa kachelewa na kuwakuta wanafunzi wenzake wakiwa darasani 	female_feminine	7.0635	common_voice_sw_30056265.wav
mkenya victor wanyama alifunga bao la ushindi 	female_feminine	5.0835	common_voice_sw_30327358.wav
bila hivyo 	male_masculine	2.9955	common_voice_sw_36945652.wav
akiwa na ambwene yesaya katika wimbo wa mfalme na malkia na amani 	female_feminine	5.7675	common_voice_sw_30087732.wav
ni tamasha kubwa zaidi duniani linalohusisha mziki wa kiafrika 	female_feminine	4.6875	common_voice_sw_35105124.wav
nyamageni iliyotokea aprili ishirini na nane mwaka elfu mbili na sita 	female_feminine	6.3435	common_voice_sw_29790136.wav
mara nyingi watu walimwita mwalimu nyerere 	male_masculine	3.7155	common_voice_sw_29938778.wav
milima tisa kati ya kumi mirefu zaidi nchini ipo katika mikoa miwili tu 	female_feminine	5.6955	common_voice_sw_30364561.wav
bodi ya biashara ya nje pia ilipewa dhamana ya kukuza ushirikiano wa biashara kimataifa 	male_masculine	6.7035	common_voice_sw_29892689.wav
kushiriki katika biashara ya siri ya pembe za ndovu kutoka kongo 	female_feminine	5.0835	common_voice_sw_31787696.wav
amesema hata yeye alinyimwa ruhusa ya kuwaona 	male_masculine	3.4275	common_voice_sw_37221393.wav
biashara ya mafuta ni biashara yenye thamani kubwa duniani kote 	male_masculine	5.6955	common_voice_sw_30216176.wav
pia kuna wasemaji wa kizhuang yang nchini vietnam lakini idadi yao haijulikani 	male_masculine	6.4875	common_voice_sw_28670171.wav
tunafaa kuchunga maeneo yetu 	female_feminine	3.5355	common_voice_sw_34833305.wav
bidhaa zinazosafirishwa kwa wingi katika bahari hii ni 	female_feminine	4.3635	common_voice_sw_30070694.wav
alipata tiba na kupona kwa asilimia mia moja 	female_feminine	3.6075	common_voice_sw_28733375.wav
binadamu wa kwanza kuishi huko huaminiwa kuwa wawindaji 	female_feminine	4.5435	common_voice_sw_29791137.wav
katika msitu huo lakini cha kushangaza makabila hamsini 	male_masculine	8.1075	common_voice_sw_35683131.wav
uliofuata ni mkataba wa sant germain na austria uliosainiwa tarehe kumi 	male_masculine	7.47565625	common_voice_sw_30629509.wav
bandari ya beila na maputo katka taifa la msumbiji 	female_feminine	6.1275	common_voice_sw_29793878.wav
hilo refu na kuwapiga risasi watu takribani watano 	male_masculine	4.3635	common_voice_sw_29963203.wav
aliendeleza vizuri mambo ya ujamaa na kujitegemea 	female_feminine	6.3435	common_voice_sw_30563424.wav
wa kwanza kumtuhumu chameleone kutumia nguvu za giza ni mkali wa muziki wa raga 	female_feminine	5.7675	common_voice_sw_37087619.wav
hasa anapokula na kucheza na mtoto wake wa kipekee zaidi 	female_feminine	5.5155	common_voice_sw_30202192.wav
na kuteketeza nyumba hamsini tisa kwa siku ya pili sasa 	male_masculine	3.7155	common_voice_sw_36390353.wav
kocha wa taifa wa brazil aliiongoza kushinda ubingwa 	female_feminine	4.1475	common_voice_sw_29798311.wav
kuna ulazima wa kuwepo mawasiliano kuweza kufahamu kama huduma hiyo ipo au haipo 	male_masculine	6.6675	common_voice_sw_29996953.wav
mwaka elfu moja mia tisa themanini na saba 	female_feminine	3.9675	common_voice_sw_29793540.wav
pia utazidi kuonekana kuwa mrembo zaidi 	female_feminine	4.3635	common_voice_sw_30574770.wav
hapo wageni hao walikariri kuwa waha kwa kuchukua neno ha 	male_masculine	7.7475	common_voice_sw_30182789.wav
nauliza maswali mengi sana 	male_masculine	1.8075	common_voice_sw_36382311.wav
chama cha wapigania uhuru wa afrika kusini 	male_masculine	3.1755	common_voice_sw_30044936.wav
mara nyingi wanatumia bandari ya kigoma ndani ya ziwa tanganyika 	male_masculine	5.2635	common_voice_sw_31326737.wav
nafasi za juu au hata ikiwezekana nafasi moja kati ya zile mbili 	male_masculine	5.2635	common_voice_sw_37099006.wav
hivyo kondomu huwa haifuniki sehemu yote ya siri ambayo hukutana wakati wa kufanya ngono 	male_masculine	8.4675	common_voice_sw_30180215.wav
wasanii wengi walitumia warsha hizi na kuanzisha blogi zao na kuandika makala 	male_masculine	8.2875	common_voice_sw_31304405.wav
ukuaji wa uchumi haukuonekana moja kwa moja 	male_masculine	4.9035	common_voice_sw_29895773.wav
upande wa ulinzi kuna kituo kimoja kidogo cha polisi 	male_masculine	4.7235	common_voice_sw_28695895.wav
baada ya kumaliza kinywaji jacob alisimama na kuangalia picha za ofisini kwa bi anita 	female_feminine	7.3155	common_voice_sw_35183952.wav
biashara upande wa dini wananchi karibu wote ni waislamu hasa 	male_masculine	4.0035	common_voice_sw_37095984.wav
mji uko kando ya bahari ya mediteranea 	male_masculine	3.4635	common_voice_sw_28980701.wav
sitashangaa kwamba eeh mataifa haya ya magharibi 	male_masculine	4.2195	common_voice_sw_36386219.wav
haina matumizi nje ya utafiti wa kisayansi kutokana maisha mafupi na uhaba 	female_feminine	7.9635	common_voice_sw_29685388.wav
malengo mengineyo yalikuwa ni katika kulinda maslahi ya jamii ya kabila la wamaasai 	female_feminine	7.3875	common_voice_sw_30332061.wav
maziwa ni tofautiana na uji ambao 	female_feminine	5.7675	common_voice_sw_30316813.wav
mama mkwe ni yule 	female_feminine	2.0955	common_voice_sw_35587972.wav
kuendelea kupunguza tozo na kodi mbalimbali 	female_feminine	3.5355	common_voice_sw_29794566.wav
mbali na kuigiza yeye pia ni mtayarishaji mwanamitindo na mtu wa runinga 	female_feminine	7.3155	common_voice_sw_28662855.wav
baada ya kifo cha mraisi magufuli 	male_masculine	4.0035	common_voice_sw_29898232.wav
alitaka kuidhoofisha nchi kwa kutaka muungano ufanyiwe marekebisho 	male_masculine	5.1555	common_voice_sw_29937905.wav
huyu ni msanii maarufu wa muziki wa injili katika lugha ya swahili 	female_feminine	5.3355	common_voice_sw_30376447.wav
virusi hivi vinafana na vile vinavyoleta mafua ya kawaida 	female_feminine	5.1555	common_voice_sw_30053595.wav
majira ya joto pep guardiola akatimka bayern munich 	female_feminine	5.2275	common_voice_sw_30159506.wav
kijiografia inaendelea ndani ya kenya inapoitwa hifadhi ya masai mara 	female_feminine	6.9555	common_voice_sw_29790106.wav
jumapili hii ya leo nashirikiana na mwezangu emanuel makundi 	female_feminine	5.5155	common_voice_sw_34906817.wav
baadae alidai mwenyewe kuwa alilazimishwa kuingia jeshini 	male_masculine	6.5235	common_voice_sw_31326720.wav
anaotuhumiwa kuufanya zilikuwa ni propaganda za kumchafua huku watu wengi wakiendelea kuamini kuwa idi 	female_feminine	7.4955	common_voice_sw_37086867.wav
mwaka uliofuata aliigiza kama mwanafunzi djamila kwenye reviravolta 	male_masculine	7.6035	common_voice_sw_29182621.wav
ninayopata ndiyo ninayoitumia kusafiri na gharama nyingine si tajiri lakini naishi kujisikia vizuri alisema 	female_feminine	8.6835	common_voice_sw_35156112.wav
damu kupipitia mabomba ya sindano sindano au vitu vyenye ncha kali 	male_masculine	6.4155	common_voice_sw_29927038.wav
ulaya kabla ya mwaka elfumoja mianane themanini 	female_feminine	3.8955	common_voice_sw_35183786.wav
aliwazaa watoto kama vile magidangana mhalwike pia mupoma 	female_feminine	6.25165625	common_voice_sw_31812464.wav
kuongezeka biashara ya bidhaa huduma na mtaji baina ya nchi ni athari kuu 	female_feminine	6.4155	common_voice_sw_30591025.wav
serengeti ilitumika kama jukwaa kutengeneza filamu ya disney 	female_feminine	4.9755	common_voice_sw_30653560.wav
karol aliomba asome upadri kwa ajili ya kumtumikia mungu 	male_masculine	7.4955	common_voice_sw_29957459.wav
wakati wastani wa wenzi wa kimapenzi 	male_masculine	6.3075	common_voice_sw_29956171.wav
hata hivyo mbinu hii ina matatizo mengi na mafanikio yako mbali mno 	male_masculine	8.5035	common_voice_sw_28811702.wav
wanaopatikana ndani yake na kati yao ni simba na nyumbu 	male_masculine	7.5675	common_voice_sw_31389509.wav
na timu ya taifa ya kroatia 	male_masculine	6.1635	common_voice_sw_29696886.wav
hasa alichunguza mfumo wa protini mbalimbali 	female_feminine	3.9675	common_voice_sw_29622770.wav
amefikisha ukingoni 	female_feminine	3.1035	common_voice_sw_37216258.wav
kangaroo wanawatambua maadui zao kwa kunusa 	female_feminine	4.4355	common_voice_sw_30324395.wav
mwezi aprili elfu moja mia tisa sitini na moja 	female_feminine	6.5235	common_voice_sw_30054708.wav
kilimo cha pwani ni hasa ya miwa lakini pia ya matunda 	male_masculine	6.1635	common_voice_sw_28817362.wav
hivyo wageni na watu wengine waliwatambua watu wa maeneo hayo kuwa ni wadigo 	female_feminine	6.8835	common_voice_sw_30073794.wav
nchi ya peru ilishiriki kombe la dunia 	female_feminine	4.5075	common_voice_sw_29799175.wav
katika jumuiya isiyo na upendeleo na alikosoa kwa kiasi kikubwa 	female_feminine	6.0555	common_voice_sw_30629401.wav
mke wake aliitwa mwene wakulosi ambaye walijaliwa kupata watoto watatu 	female_feminine	6.8475	common_voice_sw_29925229.wav
wanafana kazi zao na maafisa watendaji wa mitaa japo kwenye kazi zao za jadi 	female_feminine	7.3155	common_voice_sw_35171865.wav
kingine huweka akiba tumboni mwake hivyo muda anapopumzika hucheua na kuanza kula upya 	male_masculine	8.1435	common_voice_sw_29994798.wav
wakulima wepanda mpunga mapema 	male_masculine	3.7155	common_voice_sw_32211829.wav
mitetemeko yote inayohusiana na milima ya litembo ilijengwa vibanda 	female_feminine	5.8035	common_voice_sw_30193248.wav
sasa ukimzungumzia oprah winfrey unamzungumzia mwanamke tajiri duniani 	male_masculine	4.8675	common_voice_sw_29941493.wav
ya mfukoni mwa watu huku serikali ikilazimika kulipa mabilioni ya fedha katika mkataba ambao 	female_feminine	6.8475	common_voice_sw_34958083.wav
ndiko kulikogunduliwa masalia ya viumbe wa jamii ya watu wa kale 	male_masculine	5.5875	common_voice_sw_30091655.wav
zao la biashara ni kahawa 	male_masculine	3.8235	common_voice_sw_28817524.wav
wake mwenye fadhila ambaye atamtunuku haki yake naye mnyenyekevu 	male_masculine	4.5435	common_voice_sw_37101778.wav
ngao bado hutumiwa na vikosi vya polisi na jeshi leo 	male_masculine	6.0555	common_voice_sw_28691193.wav
mapema karne ya kumi na tano nyumba mpya za mawe ziliendelea kujengwa 	female_feminine	8.1075	common_voice_sw_30573691.wav
watu hao waliambukizwa virusi vya ukimwi 	male_masculine	3.4635	common_voice_sw_36037083.wav
akicharaza ngoma kwa ustadi wakati akiwa katika jukwaa alikuwa akipenda kubadili miondoko kwa hiyo 	female_feminine	6.7755	common_voice_sw_35103444.wav
wanyama na mimea pamoja nawakazi wa eneo hilo ni milioni moja 	female_feminine	6.7755	common_voice_sw_30308432.wav
kisiwa ambacho ni sehemu ya mkoa wa mwanza kikiwa ndani ya ziwa victoria 	female_feminine	6.5235	common_voice_sw_30088880.wav
tanzania imebarikiwa visiwa na fukwe zenye kupendeza 	female_feminine	7.2435	common_voice_sw_30327025.wav
vipande vya vyungu vilipatikana eneo la mgala isitu 	female_feminine	4.6155	common_voice_sw_30054828.wav
zai la mihogo hupatikana maeneo ya gonja 	female_feminine	4.7955	common_voice_sw_30630532.wav
kuwa wao wanaweza apana kutetea nchi yao pamoja na maisha ya watu wengine ambao 	female_feminine	7.5675	common_voice_sw_36252049.wav
majengo mbalimbali ya kale ni ishara ya historia ndefu ya mji huu 	male_masculine	6.9555	common_voice_sw_28681010.wav
la misheni hizo lilikuwa kwamba liliambatana na uenezaji wa kijeshi wa 	male_masculine	6.8475	common_voice_sw_34746480.wav
mwanamke anayetokea katika kabila la warangi wanaotokea kondoa mkoani dodoma 	male_masculine	9.2955	common_voice_sw_29796521.wav
muungano wa vyama tawala ulihahidi kushughulikia ukuaji wa kiuchumi 	female_feminine	6.1275	common_voice_sw_35103887.wav
yamejaa kwani wapo wengi ambao wameshindwa kumaliza 	male_masculine	4.8675	common_voice_sw_29926923.wav
ni mabadiliko yanayojitokeza kwenye kucha za muathirika 	female_feminine	6.1635	common_voice_sw_30630630.wav
ulishinda nyingine na wimbo mwingine ulishinda tuzo nyingine 	female_feminine	4.7235	common_voice_sw_34762824.wav
lugomola bukara rutinwa kiziba kayo za bugabo kahigi kihanja na nyarubamba ihangiro 	male_masculine	10.6275	common_voice_sw_37084600.wav
adolf hilter alikuwa mkurugezi wa jeshi la ujerumani 	male_masculine	4.7235	common_voice_sw_29898977.wav
matajiri wengine wanaanzisha kampuni za kubashili mayokeo ya mechi 	female_feminine	5.4435	common_voice_sw_30443885.wav
nyerere inayobaki kuwa na vivutio vya wanyamapori na uoto wa asilia usio na kifani 	female_feminine	5.9475	common_voice_sw_30063154.wav
uchaguzi wa rais uliofanyika novemba ishrini na nane mwaka huu 	female_feminine	4.9755	common_voice_sw_35181689.wav
aliwahi kucheza timu ya taifa ya tunisia 	male_masculine	4.9755	common_voice_sw_29615435.wav
amezungumza na wanahabari katika jiji la tripoli na kushusha shutuma nzito 	female_feminine	5.0475	common_voice_sw_35103632.wav
waziri mkuu wa sasa wa tanzania ni kassim majaliwa 	female_feminine	4.1835	common_voice_sw_30220049.wav
sehemu ya pili iko na nambari tatu 	female_feminine	3.1755	common_voice_sw_29665101.wav
wanasiasa wako wanacheka kwa pamoja 	female_feminine	3.7155	common_voice_sw_31996650.wav
mto unaitwa kuanzia hapa kwa jina la galana 	male_masculine	6.1635	common_voice_sw_29539714.wav
tafiti zimeonyesha hata damu iliyokauka huwa na uwezo wa kuambukiza virusi hivi 	female_feminine	6.4155	common_voice_sw_29797543.wav
siyo kazi rahis timu kucheza fainali ya kombe la mabingwa ulaya 	female_feminine	5.4075	common_voice_sw_31284379.wav
lugha rasmi ni kihispania 	female_feminine	3.3555	common_voice_sw_28672859.wav
hakuna chombo chochote cha habari cha tanzania kilichoandika taarifa zozote 	female_feminine	5.2275	common_voice_sw_29793722.wav
alikaa sudan kwa kipindi cha muda wa miaka 	female_feminine	4.5435	common_voice_sw_29925858.wav
makamanda wa uganda walihofu kwamba daraja la kyaka lingeweza kutumika katika kurahisisha mashamulizi 	male_masculine	8.7555	common_voice_sw_30116109.wav
alichaguliwa kuwa mbunge wa jimbo la bagamoyo 	female_feminine	10.49965625	common_voice_sw_30568816.wav
wilaya ya handeni mkoani tanga lugha yao huitwa kizigua 	female_feminine	4.9755	common_voice_sw_30196669.wav
tunatumia siku ya maadhimisho ya mtoto wa afrika kuwakumbusha viongozi 	male_masculine	6.5235	common_voice_sw_29948456.wav
kombe la dunia lilifanyika nchini itali 	male_masculine	3.6075	common_voice_sw_29805621.wav
lake la heshima likimaanisha kiongozi aliyetwaa nchi nyingimkwawa alizaliwa mnamo mwaka elfu moja 	male_masculine	9.6555	common_voice_sw_36389582.wav
katika nadharia mbalimbali za isimu muundo wa kiswahili 	female_feminine	4.7235	common_voice_sw_35279253.wav
uzuri wa tanzania vivutio vya utalii vimegawanyika kila kanda 	female_feminine	6.5955	common_voice_sw_29788795.wav
wakilisha bara hili katika mashindano ya kombe la dunia 	male_masculine	3.1035	common_voice_sw_36389714.wav
ni mitandao minne mikubwa ya televisheni iliyo katika nchi moja 	female_feminine	5.6235	common_voice_sw_29591218.wav
mambo yote hayo hayaondoi ubora na thamani ya kocha pep 	male_masculine	5.1555	common_voice_sw_30091060.wav
walihamia huko wakushi kutoka kaskazini nao wakameza kwa kiasi kikubwa wakazi asili 	female_feminine	9.38365625	common_voice_sw_30005181.wav
tiba ya malaria hulenga kuondoa vimelea vya plasmodium kwenye mfumo wa damu ya mgonjwa 	female_feminine	6.5235	common_voice_sw_30574760.wav
kwa kawaida mtu mzima huwa na meno thelathini na mbili 	female_feminine	4.9755	common_voice_sw_28584800.wav
hizi ni pamoja na 	female_feminine	2.3475	common_voice_sw_28666649.wav
maishani wakifuata dini ya watawala masharti ya kujiunga na 	male_masculine	4.8675	common_voice_sw_36368149.wav
makinda amesema hayo jana jijini dodoma katika kongamano 	female_feminine	5.4075	common_voice_sw_29924906.wav
huu ni utambulisho ambao haukufananishwa ama kuitwa kwa jina la kabila fulani 	female_feminine	5.9475	common_voice_sw_30654004.wav
vya habari sioni ushujaa wowote bali amevuna matunda ya kazi yake na siasa za 	female_feminine	6.6675	common_voice_sw_35409919.wav
vizuri na hata katika dini viongozi wanasisitiza 	female_feminine	4.2555	common_voice_sw_29969080.wav
nyerere alimweleza mkapa kuwa kuna mtu mwengine ambaye ailikuwa akimfikiria 	female_feminine	6.2355	common_voice_sw_30574693.wav
we tumbo nitakupa nini uwe umetosheka 	female_feminine	4.3275	common_voice_sw_35183608.wav
waasu hawa wakatimka mbio na kuparamia milima ambayo sasa inaitwa milima ya upare 	female_feminine	8.08765625	common_voice_sw_30004277.wav
mbuni dume anakuwa na jike moja linalompendeza zaidi 	male_masculine	6.0555	common_voice_sw_29902324.wav
rais lauren badbo wa cote de voire azidi kutunisha misuli 	female_feminine	5.5155	common_voice_sw_34958931.wav
chui ana kasi kubwa sana nyikani 	male_masculine	2.8155	common_voice_sw_29898555.wav
nyerere alikuwa hapendi ushauri wa mtu yeyote 	male_masculine	3.9675	common_voice_sw_29936414.wav
mliyoifanya kazi nzuri sana iliyowafanya kuwa washindi 	female_feminine	5.7675	common_voice_sw_29848353.wav
tabaka la viongozi wa kisiasa na wa kijeshi 	female_feminine	4.0395	common_voice_sw_37091977.wav
mwana kashakuwa asimama dede 	male_masculine	2.7435	common_voice_sw_32210630.wav
ziwa eyasi lina upepo wa kasi kubwa takribani masaa ishirini na nne 	female_feminine	5.0835	common_voice_sw_30653703.wav
kwa asili wapare hupeleka vijana wa kiume jando 	male_masculine	4.9755	common_voice_sw_30180321.wav
huwa hawaondoki na wanaweza kukaa kwako hata mwezi wanatambika tu 	female_feminine	4.9035	common_voice_sw_30075275.wav
alikuwa mkristo tena shemasi wa madhehebu ya kanisa la kiorthodoksi la ethiopia 	female_feminine	6.3435	common_voice_sw_29174916.wav
sun alijifunza kiingereza hisabati na sayansi 	male_masculine	6.1635	common_voice_sw_28690924.wav
usafiri wa meli na utalii wa cruise pia huendelea kukua 	female_feminine	5.1555	common_voice_sw_35409398.wav
ko tusikiliza idhaa ya kiswahili ya redio france international 	female_feminine	5.3355	common_voice_sw_35103890.wav
uwanja huu unapatikana huko cape town nchini afrika kusini 	male_masculine	4.6155	common_voice_sw_28681622.wav
obote alishutumiwa kushiriki katika biashara ya pembe za ndovu 	male_masculine	5.4075	common_voice_sw_29822508.wav
hakikisha orodha yako ya lazima kuona vivutio 	female_feminine	3.8235	common_voice_sw_35206860.wav
madai hayo hayakuwa na athari kubwa kisiasa 	female_feminine	4.4355	common_voice_sw_34834642.wav
fuata kila lililokuwa zuri 	male_masculine	3.5355	common_voice_sw_32244697.wav
kuna kaldera yenye upana wa kilomita mbili nukta tano 	female_feminine	5.8035	common_voice_sw_30080294.wav
hadi mwaka wa elfu moja mia tatu thelathini na tano 	female_feminine	6.6675	common_voice_sw_29791665.wav
rfi kiswahili itakujuza yatakaojiri katika mkutano huo kwa niaba ya mwenzangu abubakari suleiman 	male_masculine	10.4115	common_voice_sw_37097462.wav
hifadhi ya taifa ya ngorongoro na serengeti 	female_feminine	3.3555	common_voice_sw_31284471.wav
shule ya sekondari ya elboro mkoani arusha kaskazini mwa tanzania 	female_feminine	5.8035	common_voice_sw_29797317.wav
mbogwe mbunge ni augustino masele kupitia chama cha mapinduzi 	male_masculine	5.5155	common_voice_sw_36387977.wav
karani wangu ni kioo cha jamii 	female_feminine	2.9955	common_voice_sw_35221670.wav
alizungumza na wananchi kwa niaba ya chama cha tanganyika 	female_feminine	4.3635	common_voice_sw_29981294.wav
ni julius kambarage nyerere na robert gabriel mugabe 	male_masculine	3.9675	common_voice_sw_29958418.wav
na ameweza kufanya miaka miwili na miezi sita 	female_feminine	4.1475	common_voice_sw_35525897.wav
maalim seif alipata asilimia arobaini na tisa nukta saba sita 	female_feminine	6.1635	common_voice_sw_29790348.wav
matawi maarufu wakati huo kama nyota ya asubuhi 	male_masculine	4.8675	common_voice_sw_29936833.wav
milima ya karambi na mlima karatu pamoja na mlima karema 	male_masculine	7.9635	common_voice_sw_29815984.wav
akabadilisha upepo uliodumu kwa miaka kumi na nne 	male_masculine	5.0475	common_voice_sw_30079880.wav
kwa barabara kunatatuliwa haraka bila kupiga kelele au kuapa 	male_masculine	6.3075	common_voice_sw_37098702.wav
mgonjwa amepona 	female_feminine	2.7075	common_voice_sw_35180779.wav
magufuli aliwataka watanzania wote kuwa watulivu 	female_feminine	4.5435	common_voice_sw_30035034.wav
kiasi cha barafu kimepungua kwa kipindi cha miaka sita 	female_feminine	5.1555	common_voice_sw_30582729.wav
kaunti hupata misimu miwili ya mvua aprili hadi juni na oktoba hadi disemba 	female_feminine	5.8035	common_voice_sw_28950474.wav
si kila kitivo cha uandishi wa habari inaruhusu mazoezi ya kina 	female_feminine	4.7955	common_voice_sw_29797481.wav
mdunguaji ambaye hakuwa na muda naye alimkosa jacob kwa risasi mbili zikavunja kioo 	female_feminine	7.3875	common_voice_sw_34906637.wav
bado kwenye uwanja wa ndege wa accra ilikuwepo sanamu 	male_masculine	4.5435	common_voice_sw_30006740.wav
shuleni leo hii ni kiswahili rasmi kinachofunzwa na 	male_masculine	4.1835	common_voice_sw_37222731.wav
kwazulu natal iko upande wa mashariki wa afrika kusini ina pwani ndefu la bahari hindi 	male_masculine	7.3875	common_voice_sw_28581880.wav
hizi kwa kawaida huwa nyekundu ingawa kuna rangi nyingine kama vile bluu 	male_masculine	5.1555	common_voice_sw_37224751.wav
lakini sahihi ambayo inazungumza juu ya tabia yao dhahiri ya 	female_feminine	6.2355	common_voice_sw_35171927.wav
mwalimu mkuu alielekea kwa mama aliyekuwa akiuza vitumbua nje kidogo ya shule 	female_feminine	5.8755	common_voice_sw_30660077.wav
zikitimia jumla ya halmashauri nane za mkoa wa ruvuma 	male_masculine	3.9675	common_voice_sw_29897686.wav
filamu inaelezea hadithi iliyotungwa na mwandishi 	male_masculine	6.8835	common_voice_sw_35683994.wav
maendeleo ya kijamiikiuchumikwa muda mrefu imethibitishwa kuwa 	male_masculine	8.1075	common_voice_sw_36299978.wav
alipewa daraja takatifu la upadre katika kanisa kuu la mtakatifu josefu 	female_feminine	6.2355	common_voice_sw_29798058.wav
katika karne ya kumi na tisa shanga nyingi zenye rangi mbalimbali zilifika afrika 	male_masculine	6.8475	common_voice_sw_30661133.wav
kuna pia viwanda vya nguo 	male_masculine	3.6435	common_voice_sw_29516703.wav
ujio wa pep ulizima moto wa borusia dortmund 	male_masculine	4.2555	common_voice_sw_29805618.wav
takwimu na benki kuu ya tanzania oktoba mwaka jana 	female_feminine	5.0835	common_voice_sw_30370808.wav
mitindo ambayo zamani tulizoea kuona ikipigwa na watu wa nje ya tanzania 	male_masculine	8.2155	common_voice_sw_34764018.wav
timu ya taifa ya brazil haikufua dafu kwa argentina 	male_masculine	3.9675	common_voice_sw_29995449.wav
jumla ya mapato na kiwango cha bei ya kawaida 	female_feminine	3.7155	common_voice_sw_30038227.wav
kwa kudai eti watumwa waliona bahari ambako watasafarishwa 	male_masculine	5.1555	common_voice_sw_29899373.wav
majuto ni mjukuu gharama ya kutokufanya chochote ili kubadili hali ya watoto 	male_masculine	7.2075	common_voice_sw_30183103.wav
neno msaragambo linamaanisha mfumo uliokubaliwa na jamii katika kitongoji 	female_feminine	6.8475	common_voice_sw_29943891.wav
wajumbe hao walitoka kila upande wa muungano 	female_feminine	4.0035	common_voice_sw_31283621.wav
ukubwa wa baraza lake la mawaziri kukosolewa na wataalam 	male_masculine	3.7155	common_voice_sw_36389439.wav
hakuna vipimo vya umbali zaidi ya kutaja muda wa mwendo 	male_masculine	5.7675	common_voice_sw_28682899.wav
magofu haya ni miongoni mwa historia ya kale barani afrika 	male_masculine	5.5875	common_voice_sw_30338775.wav
baba alipokwenda kunyoa ndevu alikachika kidevu kwa kijembe 	male_masculine	5.5875	common_voice_sw_32322746.wav
muda wa mtihani ulifika na kila mwanafunzi alielekea kwenye chumba chake cha mtihani 	female_feminine	6.1275	common_voice_sw_29924402.wav
hifadhi kubwa yenye viumbe mbalimbali na tofauti duniani 	male_masculine	4.2555	common_voice_sw_29864516.wav
jeshi la amin lilimfukuza mkuu wa dola kabaka mutesa 	male_masculine	5.5875	common_voice_sw_30069571.wav
uliwekwa utaratibu wa kuandaa katiba ya kudumu ya muungano 	male_masculine	3.69565625	common_voice_sw_30146062.wav
alikaa hapo kama mwimbaji kwa miaka mingine tisa 	female_feminine	4.5435	common_voice_sw_28926834.wav
na na na namna hiyo unatamani watu wapone magonjwa yao 	male_masculine	5.3355	common_voice_sw_36252472.wav
kupambana taarifa kutoka jeshi la polisi la nchi hiyo zimethibitisha 	female_feminine	5.2635	common_voice_sw_35103991.wav
adi sasa tayari yameshakwisha kutangaza majimbo mia moja na mbili 	male_masculine	7.6395	common_voice_sw_37096142.wav
vilevile desemba hadi februari kwa kuwaona ndege wahamiaji 	male_masculine	3.9675	common_voice_sw_30026565.wav
mwaka uliofuata vikundi vya watutsi kutoka nchi hizi za jirani walijaribu kushambulia utaratibu mpya 	male_masculine	9.3675	common_voice_sw_28661856.wav
teknolojia yake ni karibu sawa na ya bunduki isipokuwa ni ndogo 	male_masculine	5.2275	common_voice_sw_28246343.wav
said swedi alianza kucheza simba mwaka elfu mbili na mbili 	female_feminine	4.2555	common_voice_sw_31446549.wav
mara moja kazi kwenye albamu yake ya kwanza ilianza 	male_masculine	5.2275	common_voice_sw_29593075.wav
nyanibah akawa anajibu kwa upole sana 	male_masculine	5.6955	common_voice_sw_30256101.wav
debby alimuangalia jacob usoni huku uso wake ukiwa umelainika kidogo 	female_feminine	5.7675	common_voice_sw_35099312.wav
amin alipata sifa ya ukatili alikuwa karibu akizuia mara kadhaa kwa ukatili mkali 	female_feminine	6.4875	common_voice_sw_30264477.wav
ameachiliwa baada ya chama tawala nchini humo 	male_masculine	3.6075	common_voice_sw_36331632.wav
hivyo ni kata kubwa zaidi katika wilaya hiyo yote 	male_masculine	4.4355	common_voice_sw_29000597.wav
sir alex na pep guardiola ni makocha wa pekee 	female_feminine	5.1555	common_voice_sw_30354949.wav
lugha yake hasa ni kiaramu 	male_masculine	3.1395	common_voice_sw_29323916.wav
kama mwaka mmoja au mara chache hadi miaka thelathini 	male_masculine	4.5795	common_voice_sw_30574591.wav
kutokana na kazi zake mfugale amepokea tuzo mbalimbai za mafanikio katika fani ya uhandisi 	female_feminine	9.34765625	common_voice_sw_30124150.wav
wapare wa same hutumia majina kama kakore na mengineyo 	male_masculine	6.0555	common_voice_sw_29796584.wav
pneumonia ni maambukizi yanayojitokeza kwenye mapafu 	male_masculine	3.8235	common_voice_sw_36374942.wav
watumwa walikamatwa au kununuliwa wakibeba pembe hadi pwani 	female_feminine	5.0835	common_voice_sw_36641999.wav
tena madarakani kwa wingi kama mara iliopita 	female_feminine	4.4355	common_voice_sw_35104383.wav
mama mjamzito anataki kupata matibabu ya malaria kwa haraka 	male_masculine	7.6755	common_voice_sw_36944823.wav
kipindi cha kutazamana risasi yalifyatuliwa wanamgambo nane 	male_masculine	5.9475	common_voice_sw_36384314.wav
maana tumeona maji yakiteremka toka milimani na tutalima na kufanya mambo mbalimbali 	female_feminine	5.3355	common_voice_sw_31285617.wav
malezi ya mwisho ya taifa la uturuki kawaida 	female_feminine	3.9675	common_voice_sw_35183298.wav
imekosoa uhuru wa vyombo vya habari 	female_feminine	2.3835	common_voice_sw_37093077.wav
juliana alimuuliza daisy maswali ya mfululizo na kumfanya akose hata nguvu za kumuangalia usoni 	male_masculine	9.6555	common_voice_sw_35108150.wav
wengine wanasema kuna mizimu inayoishi ziwa ngosi 	male_masculine	5.06365625	common_voice_sw_30630877.wav
tausi anaatamia mayai yake kwa siku ishirini 	male_masculine	4.5435	common_voice_sw_30182350.wav
jacob aliitikia na kusema kuwa amebahatika tena kuonana na mtaalamu wa ufundi 	male_masculine	6.2355	common_voice_sw_36385104.wav
kwa hiyo chimbuko la wanyakyusa ni pande mbili 	female_feminine	5.1555	common_voice_sw_29793296.wav
kenya ilikuwa katika hali ya hatari kufuatia uasi 	female_feminine	4.6155	common_voice_sw_30352652.wav
pazia la chuma lilitandikwa katika bara la ulaya kuanzia stettin upande wa kaskazini 	female_feminine	8.9355	common_voice_sw_30630582.wav
inayofanana na hiyo ya libya na nchi kama cote de voire 	female_feminine	5.7675	common_voice_sw_35176883.wav
bi hassan alichaguliwa kwa kura mia tatu na tisini 	female_feminine	3.4275	common_voice_sw_37094141.wav
ya pwani na ziwa tanganyika misafara hiyo ambayo ilikuwa ikibeba bidhaa za nje kama 	female_feminine	7.6755	common_voice_sw_34917845.wav
maalim seif mgombea wa chama kipya cha wazalendo 	female_feminine	4.6155	common_voice_sw_37084267.wav
jengo hili pia lilitumiwa na waingereza enzi za ukoloni 	male_masculine	6.1635	common_voice_sw_30321954.wav
elfu mbili iliyopita mawasiliano kati ya nchi na nchi hayakuwa rahisi 	female_feminine	6.0555	common_voice_sw_35105247.wav
wa mvua na hazina inayojulikana na isiyojulikana 	male_masculine	7.1355	common_voice_sw_36945048.wav
hapo munyigumba akakasirika na kuamua kumfukuza sekinyaga na mwanawe 	male_masculine	7.7835	common_voice_sw_29896836.wav
mauaji ya waandamanaji pemba mzee mkapa ameeleza tukio hilo 	female_feminine	6.5955	common_voice_sw_29924889.wav
maji kwenye mito inapungua kutokana na mvukizo 	male_masculine	4.2915	common_voice_sw_30364428.wav
kwa lengo la kuuza meno hayo na kupata fedha 	female_feminine	6.7755	common_voice_sw_30572088.wav
jicho la bi kijicho limetoboka 	male_masculine	2.5635	common_voice_sw_36389641.wav
nchi nyingi za afrika na duniani zilipata uhuru wake kwa silaha 	male_masculine	5.6955	common_voice_sw_30200641.wav
ana maamuzi juu ya vitu vyote vinavyohusu dini sherehe na madawa 	female_feminine	4.7235	common_voice_sw_30591063.wav
lakini kuingilia kati kwa serikali ya uingereza kulikuwa mwisho wa utawala wa kampuni 	female_feminine	7.4955	common_voice_sw_28699152.wav
nyerere alikufa akiwa katika matibabu nchini uingereza 	male_masculine	4.7235	common_voice_sw_29836474.wav
wengi wanazidi kunufaika na vivutio vingi vilivyopo hapa tanzania 	female_feminine	6.5955	common_voice_sw_30230557.wav
kuwa anapaswa kusaidiwa bali ni wale tu wasiojiweza 	female_feminine	7.3155	common_voice_sw_34597674.wav
kitabuni kiongozi wa ibada wa siku hiyo huja na madondoo yake na 	female_feminine	5.9835	common_voice_sw_34940898.wav
watu wengi walisema messi kuondoka barcelona ni ndoto 	female_feminine	4.0755	common_voice_sw_31285901.wav
victor robert willi amezungumza na shaq mumbere ambae 	male_masculine	4.9035	common_voice_sw_35132360.wav
waarabu kutoka omani walihamia bagamoyo na kukuza biashara zao hapo 	female_feminine	6.71965625	common_voice_sw_30005619.wav
subirini matukio mengine wakati kandarasi yake itakapokamilika mwezi juni 	female_feminine	6.5955	common_voice_sw_29958774.wav
alipostaafu alirudi kijijini kwake butiama ndipo alianza kuendesha shughuli za kilimo 	female_feminine	8.8275	common_voice_sw_30372517.wav
dada naomba kubarikiwa nawe 	female_feminine	2.5275	common_voice_sw_37096889.wav
hivyo ni rahisi kutambua koo zao kulingana na miiko yao 	female_feminine	5.1555	common_voice_sw_30332523.wav
jina ambalo wekundu wa msimbazi wanalikumbuka sana 	female_feminine	5.56765625	common_voice_sw_30143347.wav
ndiyo maana mzee makame alikufa akiuangalia mlango wa chumbani 	male_masculine	5.3715	common_voice_sw_36385141.wav
mara kwa mara hufuma marembesho na mikufu ya 	female_feminine	4.2555	common_voice_sw_30205635.wav
savo milosevic wa serbia alifunga mabao matano 	male_masculine	4.5075	common_voice_sw_29963519.wav
ukame wa mara kwa mara wafugaji wengi pamoja na wamasai hutumia nafaka katika maakuli 	female_feminine	6.6675	common_voice_sw_35176858.wav
chakula chao ni ugali wa mahindi ulezi na mtama kidogo 	male_masculine	4.9755	common_voice_sw_29993109.wav
walifundishwa jinsi ya kufanya mapenzi na kumridhisha mume 	female_feminine	4.1835	common_voice_sw_29944503.wav
viongozi wengine wa kitaifa ambao ni wazaliwa wa mkoa huu ni waziri mkuu mstaafu 	female_feminine	7.7475	common_voice_sw_30574065.wav
hatua ya kampuni ya kumi bet kuzinduliwa 	male_masculine	4.9035	common_voice_sw_30098710.wav
mji huo ulijipatia umaarufu sana mnamo karne ya kumi na tano 	male_masculine	5.8035	common_voice_sw_34890800.wav
chama ama hicho alikisaidia kukijenga alipokuwa mwanafunzi katika chuo kikuu cha makerere 	female_feminine	7.2435	common_voice_sw_31266553.wav
mwaka elfu mbili na tano kitulo likatangazwa kuwa hifadhi ya taifa 	male_masculine	7.3155	common_voice_sw_30577568.wav
uingereza ulieneza zaidi mvuto wake karne ya kumi na tisa 	female_feminine	5.4435	common_voice_sw_30325486.wav
labda uniondoe shuleni kwako ili kuleta utulivu na mimi nikaishi maisha yangu 	female_feminine	7.4235	common_voice_sw_30495453.wav
halmashauri ya wilaya bariadi inapakana na wilaya ya busega kwa upande wa magharibi 	female_feminine	7.0275	common_voice_sw_36640910.wav
lakini kanuni hii ilisitishwa baadayekidogo 	male_masculine	4.1835	common_voice_sw_36067213.wav
pia mabwawa mengine makubwa ya kujivunia ni 	female_feminine	4.7955	common_voice_sw_30037276.wav
alianza kukumbana na shida ya ubaguzi wa rangi 	female_feminine	4.5075	common_voice_sw_31333235.wav
hiyo inachagia lakini tena 	female_feminine	2.9235	common_voice_sw_35183812.wav
pia hali ya hewa inabadilika kadri anavyozidi kuelekea katika kilele 	female_feminine	5.5875	common_voice_sw_30337189.wav
vyanzo vya kisasa vya ugiriki na vya kirumi viliichukulia vibaya kama jina 	male_masculine	7.0275	common_voice_sw_28670228.wav
uso wao ni mweusi 	female_feminine	3.1755	common_voice_sw_29191678.wav
twiga hupendelea zaidi kula majani na matunda kutoka kwenye miti marefu 	male_masculine	6.4155	common_voice_sw_30008246.wav
kusema lolote alilohisi ni haki yake kulitamka gaddafi alikuwa mtu aliyejivunia kuwa yeye na 	male_masculine	6.8475	common_voice_sw_36382131.wav
kenya imepiga marufuku ya matumizi ya baadhi ya mifuko ya plastiki 	male_masculine	6.4875	common_voice_sw_37096739.wav
hivyo akaangusha nguzo muhimu ya kiuchumi ya kanisa la kale 	female_feminine	5.8035	common_voice_sw_30147743.wav
watalii hupita kwenye magofu haya wakiyachungulia baadhi wakiyapiga picha kandokando ya barabara nyembamba 	male_masculine	9.0435	common_voice_sw_30181331.wav
ingawa ardhi ni msingi wa maendeleo kwa watu wote 	male_masculine	4.5075	common_voice_sw_30671922.wav
wao kama watawala wadogo mahali pa mamabaadaye mzee mbegha alikaa pamoja na wazee 	male_masculine	7.9995	common_voice_sw_36385645.wav
nitakapokuona 	male_masculine	2.6355	common_voice_sw_37089389.wav
hasa alichunguza neva 	female_feminine	3.6075	common_voice_sw_28673009.wav
wimbo wake ni kati ya maandiko matakatifu ya kale zaidi 	male_masculine	5.6235	common_voice_sw_29616737.wav
wanakuwa tayari wamebalehe na si wa kizazi kilichopita 	female_feminine	5.0475	common_voice_sw_35206651.wav
tume hii ilianza na kazi ya kutunga katiba ya chama cha mapinduzi 	male_masculine	5.3355	common_voice_sw_30016607.wav
baina ya spishi hizi yuko ndege wenye mabawa marefu kabisa kuliko ndege wote duniani 	male_masculine	6.0555	common_voice_sw_29595579.wav
mada zako zinatakiwa kugusa mahitaji ya wasikilizaji wako 	male_masculine	5.5875	common_voice_sw_34746429.wav
alifanya masomo ya falsafa katika seminari kuu ya peremiho songea 	male_masculine	4.0035	common_voice_sw_29994875.wav
kifua kikuu kinaweza kuambukiza sehemu yoyote ya mwili 	female_feminine	5.5875	common_voice_sw_29788792.wav
katika sehemu za kaskazini kuna gesi na mafuta 	male_masculine	5.3355	common_voice_sw_28582669.wav
hasa ya wakazi wa bagamoyo lakini pia hata mashirika mbalimbali ya kimataifa 	male_masculine	7.5675	common_voice_sw_30181066.wav
hata hivyo baba wa sinsang amesikitishwa na hukumu hiyo 	female_feminine	4.5435	common_voice_sw_37224331.wav
nafasi ya wachezaji hubadilika baada ya kila mchezo 	male_masculine	3.7875	common_voice_sw_28673146.wav
asili yake ni katika uchina 	male_masculine	3.7155	common_voice_sw_28691420.wav
wakurya huamini ngombe wote ni wao hivyo ni kama waliporwa 	female_feminine	5.5155	common_voice_sw_29792274.wav
mpira umekua mchezo wenye kuingiza pesa nyingi sana duniani 	female_feminine	5.4075	common_voice_sw_30582780.wav
ikumbukwe kuwa hifadhi hii ni maarufu kwa wanyama jamii ya 	female_feminine	5.2635	common_voice_sw_29924816.wav
kihistoria hazijakuwa na mafanikio kama ule wa tiba mbadala 	female_feminine	5.8035	common_voice_sw_37088806.wav
gari limetokomea kule 	female_feminine	2.5275	common_voice_sw_34598094.wav
kutokana na kuziba au kupasuka kwa mishipa ya damu kwenye ubongo 	male_masculine	5.4435	common_voice_sw_30115573.wav
tunakokwenda najua kabisa akina mama watakuwa na nguvu kuliko akina baba 	male_masculine	6.7035	common_voice_sw_29896178.wav
na huu ndio ukawa mwanzo wa carey kuingia katika ulimwengu wa muziki 	female_feminine	5.3355	common_voice_sw_29193616.wav
new generationb united service na new kings karume 	male_masculine	2.4555	common_voice_sw_30181219.wav
mapafu na kupita kwenye mfumo wa damu na 	female_feminine	4.1835	common_voice_sw_35099623.wav
mikakati ya usimamizi dharura aidha mwandishi huyo 	female_feminine	4.9755	common_voice_sw_34748542.wav
basi ni fursa yao nikushukuru sana edwin david 	male_masculine	5.0835	common_voice_sw_34751050.wav
mama yule ana watoto wanne 	female_feminine	2.9955	common_voice_sw_35056451.wav
ametumia kanuni rahisi 	male_masculine	3.3555	common_voice_sw_32243057.wav
hapana mkuu sijamuona mimi nilikuwa chooni 	male_masculine	4.1835	common_voice_sw_30179632.wav
migogoro ndani ya nchi ni chanzo cha vita 	female_feminine	3.7875	common_voice_sw_29797416.wav
ibada za kifungu zaidi zinahitajika kabla ya kufikia hadhi ya mpiganaji mwandamizi 	female_feminine	7.4955	common_voice_sw_34812790.wav
kila mtu ana ndoto zake kwenye maisha 	male_masculine	3.7875	common_voice_sw_29957526.wav
watu wana uhakika kuhusu sauti zinazorekodiwa 	female_feminine	3.8955	common_voice_sw_34597390.wav
historia ya wamasai inaonyesha kwamba wao ni jamii ya wafugaji 	male_masculine	4.6875	common_voice_sw_29943862.wav
rais mkapa alikuwa ni mtu mwenye maono ya hali ya juu 	female_feminine	5.0115	common_voice_sw_30188616.wav
bakhresa alianza kuuza mabaki ya mazao ya baharini tu 	male_masculine	5.5155	common_voice_sw_29946215.wav
ukitazama katika muktadha wa wa 	female_feminine	2.9235	common_voice_sw_35104789.wav
aliweza kuendelea na shule mbalimbali ikiwemo shule ya sekondari jangwani 	male_masculine	7.7475	common_voice_sw_28801756.wav
licha ya kujiuzulu wadhifa wake huo miaka michache awali 	female_feminine	4.6155	common_voice_sw_30196492.wav
ndalizi yake yanaanza sasa hivi baada ya kuisha uchanguzi huu wa sasa hivi 	male_masculine	4.5075	common_voice_sw_36383685.wav
hapakuwa na kitu zaidi ya kusafirisha watu waliobaki 	male_masculine	4.4355	common_voice_sw_37099498.wav
messi akawa sehemu muhimu ya timu ya mtoto wa ndoto timu ya vijana barcelona 	male_masculine	6.4155	common_voice_sw_29962396.wav
waliwasaidia adui wa adui yao kwa jina la oparesheni 	female_feminine	4.3275	common_voice_sw_30073324.wav
mpya kwenye eneo la wakimbizi nchini duniani 	female_feminine	4.6875	common_voice_sw_34823586.wav
ilitengenezwa kwa fedha pamoja na sarafu nyingine iliyoitwa heller 	male_masculine	5.1555	common_voice_sw_29941973.wav
tabianchi ndani ya mzingo aktiki kwa jumla ni baridi 	male_masculine	5.0475	common_voice_sw_28681668.wav
mito mingine midogomidogo kama vile nyajijima na mresi pia kazingu 	female_feminine	8.4675	common_voice_sw_30640487.wav
mafanikio ya bibi titi mohamed katika harakati za ukombozi wa tanganyika 	male_masculine	5.2635	common_voice_sw_30647708.wav
barabara wilayani humo kama katika wilaya nyingine 	female_feminine	5.2275	common_voice_sw_30327490.wav
hata akisema amechoka anataka muachane 	female_feminine	4.9035	common_voice_sw_34747535.wav
miamba mikubwa na minene imeliumba eneo la irente 	female_feminine	4.1475	common_voice_sw_31285755.wav
papiriri hamsini na mbilk iliyoandikwa kwa kigiriki mwaka mia moja ishirini na tano hivi 	female_feminine	8.6475	common_voice_sw_35176941.wav
dunia inazitaja sana timu tatu pekee 	female_feminine	4.9755	common_voice_sw_30628514.wav
wanajeshi wa marekani wasiozidi mia tano wameidhinishwa kuingia somalia kukabiliana na al shabaab 	female_feminine	5.2635	common_voice_sw_38306926.wav
just fontaine alifunga mabao kumi na tatu 	male_masculine	5.5875	common_voice_sw_30180980.wav
milipuko pia hutokea kwa watu wenye kinga dhaifu wanapoingia maeneo yenye malaria kwa wingi 	female_feminine	6.7755	common_voice_sw_29947080.wav
maporomoko ya maji malamba yanapatikana mkoani mbeya tanzania 	male_masculine	5.4075	common_voice_sw_30148245.wav
familia inafahamu kuwa matumizi ya jina nelson mandela ni utajiri mwingine 	male_masculine	4.8675	common_voice_sw_29942152.wav
kwa sasa wamasai wengi wamekuwa wakristo na kwa kiwango kidogo waislamu 	female_feminine	6.1635	common_voice_sw_35103120.wav
katika kipindi hiki wapiganaji wa kizazi kipya huuacha ujana na mambo yake 	male_masculine	5.8755	common_voice_sw_29996713.wav
isimila ni kivutio kinachopatikana mkoa wa iringa 	male_masculine	2.1675	common_voice_sw_37214800.wav
hufuga punda ndogowe kwa ajili ya ubebaji mizigo na 	male_masculine	5.1555	common_voice_sw_30057881.wav
dawa za kulevya kama vile baklofeni kupunguza utashi na 	male_masculine	6.8475	common_voice_sw_37096500.wav
katika mapokezi ya baraza la uingereza 	male_masculine	2.1675	common_voice_sw_30025027.wav
lakini mamlaka husika imeweza kuhakikisha kuwa dawa zitumikazo nchini humo 	male_masculine	6.1635	common_voice_sw_37098616.wav
maim seif aliwani nafasi ya urais wa zanzibar kwa tiketi ya chama cha wananchi 	female_feminine	8.2155	common_voice_sw_35180663.wav
nyota za meza ni chache na dhaifu sana 	male_masculine	3.9675	common_voice_sw_28987652.wav
lipo pia ziwa tanganyika nalo linapatikana katika nchi ya tanzania 	female_feminine	5.7675	common_voice_sw_30166495.wav
mombasa tarehe kumi na nane mwezi wa nane mwaka elfu moja mia tisa sabini 	male_masculine	5.2635	common_voice_sw_36385454.wav
forlan alikuwa manchester united kabla ya kutimkia hispania 	male_masculine	6.0555	common_voice_sw_29961427.wav
sehemu hii ya bahari ina dhoruba nyingi na mawimbi makali 	female_feminine	5.8755	common_voice_sw_28883658.wav
jitihada hizo zilishindikana kufuatia hali ya nkrumah kuwa mbaya 	female_feminine	6.2355	common_voice_sw_29793226.wav
bernard ndiye mmiliki wa kampuni ya mitindo ya louis vuitton na sephora 	male_masculine	6.9555	common_voice_sw_30363996.wav
uenda ikaambulia patupu victor ambuso ana taarifa zaidi 	female_feminine	6.7755	common_voice_sw_35099108.wav
kwa kiasi cha asilimia ishirini aliweza kugundua aina nadra sana ya bakteria 	male_masculine	6.7035	common_voice_sw_30021362.wav
sabato haikufanyika kwa ajili ya wana wa israeli pekee bali kwa ajili ya adam 	male_masculine	6.1275	common_voice_sw_37094143.wav
biashara hiyo iliendelea kwa siri katika maeneo mengine 	male_masculine	3.3555	common_voice_sw_37086886.wav
jifunze kuwa jasiri na kujikubali hapo ndipo utakuwa imara 	female_feminine	4.7955	common_voice_sw_30026557.wav
kwa viongozi baba uliotupa 	male_masculine	2.8875	common_voice_sw_36385335.wav
yalichangiwa sana na mfumuko wa bei 	female_feminine	3.5355	common_voice_sw_34943091.wav
waluguru wana mtala na ukoo kwa imani zao 	female_feminine	6.7755	common_voice_sw_30567820.wav
hata hivyo ongezeko la hali joto litazidi 	female_feminine	3.6075	common_voice_sw_31446931.wav
ambapo wananchi wengi wamekumbana na madhara kwani 	female_feminine	4.1475	common_voice_sw_35425551.wav
hifadhi imeendelea kuhakikisha mazingira yanasimamiwa kikamilifu 	female_feminine	5.0475	common_voice_sw_29791448.wav
uchaguzi wa mwaka jana uliompa ushindi mwembamba mutharika mwenye umri wa miaka sabini na 	female_feminine	7.6035	common_voice_sw_35104718.wav
wakati wa ukoloni malkia alituma wapelelezi wake kuja afrika 	female_feminine	5.8035	common_voice_sw_30054424.wav
yohane paulo wa pili alitoa mafundisho mengi kuhusu jamii 	male_masculine	4.5075	common_voice_sw_30090642.wav
tausi jike anakaa na watoto wake karibu kwa miezi sita 	male_masculine	5.8035	common_voice_sw_30515322.wav
haruna shamte alijaribu kutaka kupora namba ya nsajigwa 	female_feminine	4.5435	common_voice_sw_29792845.wav
na kiluba alijitambulisha kwa imani yake kwa bara la afrika mojamnamo mwezi wa 	female_feminine	5.9835	common_voice_sw_37093962.wav
hakuna mtu anayeamini kuondoka kwa messi barcelona 	female_feminine	4.5075	common_voice_sw_30718053.wav
ni pamoja na wahaya ambao wanapatikana zaidi 	male_masculine	3.1035	common_voice_sw_36389502.wav
wanyaturu wana miiko kwa upande wa vyakula 	female_feminine	3.3555	common_voice_sw_30071440.wav
alishindwa kuongoza na kusimamia madhumuni ya mapinduzi visiwani 	female_feminine	5.8755	common_voice_sw_30653529.wav
mandela hakuzikwa mvezo na badala yake alizikwa qunu 	female_feminine	5.6235	common_voice_sw_30035000.wav
wapare ni jamii ya kabila la wapare wanapatikana moshi wilaya ya same 	female_feminine	6.46765625	common_voice_sw_30005106.wav
na wakati mzuri wa kuona mlima kilimanjaro kutokea meru 	female_feminine	4.3275	common_voice_sw_35099891.wav
mtu ukishtakiwa unakwenda mahakamani na kujibu ma 	female_feminine	4.7235	common_voice_sw_37219304.wav
tanzania imebarikiwa mapango yenye historia nyingi na za kuvutia 	female_feminine	6.46765625	common_voice_sw_30103868.wav
tunapokea taarifa za kifo cha ruge kutokea afrika kusini huku rais dokta jombe pombe 	male_masculine	7.7835	common_voice_sw_37087453.wav
serengeti pamoja na masai mara inajulikana hasa kwa uhamisho wa kila mwaka 	female_feminine	6.2355	common_voice_sw_29792109.wav
hadi akafika maeneo ya kabale huko suma tukuyu wilayani rungwe 	male_masculine	7.9635	common_voice_sw_30333957.wav
hii ilikuwa sababu moja ya kwa nini wengi walipendelea misimamo wa mataifa ya mashariki 	female_feminine	8.2155	common_voice_sw_30709716.wav
wauzaji wa vyakula hadi kwa madereva wa teksi 	female_feminine	4.0755	common_voice_sw_29818123.wav
timu za uingereza zilikuwa zinacheza kwa vurugu 	female_feminine	3.7155	common_voice_sw_29793926.wav
kipindi cha nyuma wenzetu waarabu walianza kumpeleka 	male_masculine	3.9675	common_voice_sw_29994825.wav
wakitangaza tu kushikamana nao pia kushirikiana nao 	female_feminine	6.3075	common_voice_sw_30240951.wav
rangi pia huonyesha dhana na vipengele muhimu katika tamaduni za wamasai 	male_masculine	6.3075	common_voice_sw_30121663.wav
kama vile ufaransa na canada bila kuisahau uingereza na ujerumani 	female_feminine	7.9275	common_voice_sw_30224199.wav
ni pamoja na mers yaliyozuka mwanzoni mwa miaka ya elfu mbili 	male_masculine	5.4435	common_voice_sw_30650332.wav
wavulana hupiga foleni na kuimba oooooh yakwa 	female_feminine	4.5435	common_voice_sw_30659391.wav
a umebisha hodi jijini portal prince 	male_masculine	5.2275	common_voice_sw_36299861.wav
kwa hiyo lugha imetoweka kabisa kwa sasa 	female_feminine	3.9675	common_voice_sw_28804143.wav
shoka zilizotumika kwa kazi ya kuvunja mifupa nyembe na visu 	female_feminine	7.72765625	common_voice_sw_31808946.wav
nionapo majaribu na mateso 	female_feminine	3.8235	common_voice_sw_34824108.wav
mitume na la mababu utitiri wa madhehebu ya waprotestanti ndio wenye 	male_masculine	6.0555	common_voice_sw_36373473.wav
hifadhi ya mikumi ni moja kati ya hifadhi za taifa na mashuhuri 	male_masculine	5.0475	common_voice_sw_30020633.wav
karafuu zazalishwa kwa wingi pemba 	male_masculine	5.1555	common_voice_sw_32242757.wav
ili kuwarithisha watoto wajukuu vitukuu au vizazi vijavyo kwa ujumla 	male_masculine	6.5955	common_voice_sw_30381408.wav
alikuwa akivishambulia vikosi vidogo vidogo vya askari vya kijerumani 	male_masculine	4.9755	common_voice_sw_36382257.wav
zimekuwa zikiwavutia viongozi mbali mbali kama vile 	female_feminine	4.3635	common_voice_sw_35279541.wav
watafiti mbalimbali wanahisi limetokana na kazi ya kuvuna ulezi 	male_masculine	5.6235	common_voice_sw_30671383.wav
hakuna timu bora kama barcelona ya miaka kumi iliyopita 	female_feminine	4.8675	common_voice_sw_30539562.wav
katika ardhi ya tanzanai katika miaka hiyo ya ukombozi wa bara la afrika 	male_masculine	6.3075	common_voice_sw_30668394.wav
simba ilianza kupata ufadhili unaoeleweka sasa hivi 	male_masculine	4.63165625	common_voice_sw_30631272.wav
msisitizo katika ukombozi wa barani afrika na mapambano dhidi ya ubeberu na vibaraka wao 	male_masculine	9.7275	common_voice_sw_31304499.wav
hata hivyo mercury alikuwa ametambuliwa kuwa na ugonjwa huo 	female_feminine	5.9835	common_voice_sw_30129516.wav
na rafiki zao wamerekani walihakikisha wanammaliza mkombozi huyu leo ndio siku ambayo lumumba aliuwawa 	male_masculine	9.0075	common_voice_sw_36381277.wav
kimbunga hicho kilikuja wiki chache baada ya kenneth kufariki 	female_feminine	4.1835	common_voice_sw_31285610.wav
chai ya babu imemwagika 	female_feminine	3.1755	common_voice_sw_37088182.wav
idadi ya wasemaji nchini mali haijulikani 	female_feminine	2.9955	common_voice_sw_29666977.wav
unapokuwa hifadhini unaweza kufanya safari za miguu porini 	female_feminine	4.9755	common_voice_sw_29939857.wav
mlima magamba na mlima maguge inaongezeka pia milima ya mahale 	male_masculine	5.2635	common_voice_sw_29822434.wav
kutumia madawa haya ni ya mpito tu na kwa 	female_feminine	4.3275	common_voice_sw_37220053.wav
chakula kikiwa kingi na kukuta mazingira mazuri wanakaa muda mrefu 	female_feminine	5.6955	common_voice_sw_29947870.wav
wengine waliona nafasi ya kujichukulia mali ya kanisa 	male_masculine	5.0835	common_voice_sw_30181459.wav
kila hatua ina sifa zake na matatizo yake maalumu 	female_feminine	4.4355	common_voice_sw_29752771.wav
rais wa marekani tarehe ishirini mwezi wa kwanza mwaka elfu moja mia tisa tisini 	female_feminine	5.5155	common_voice_sw_34943543.wav
basi thoma alipendekeza mtazamo mpana na lenye tumaini kuhusu akili ya binadamu 	female_feminine	7.3155	common_voice_sw_28883777.wav
walitembea kwa masafa marefu 	female_feminine	2.7435	common_voice_sw_36642210.wav
ndege ya kwanza iliyokodiwa na wizara ya mambo ya nchi za nje ya ufaransa 	female_feminine	5.8755	common_voice_sw_35272536.wav
beckham alikuwa mshiriki katika ballon dor aliyekimbia mara mbili ya mchezaji wa dunia 	male_masculine	9.6555	common_voice_sw_30201655.wav
wanasiasa wakubwa kutoka kaskazini wakitaka mwislamu kupokea kijiti hicho 	female_feminine	6.8475	common_voice_sw_34746124.wav
wananchi ni rahisi kujua vita wanayopigana 	male_masculine	5.1555	common_voice_sw_29946563.wav
ulimwenguni kote hujulikana na kutambulika kwa mavazi na mapambo yao 	female_feminine	6.4875	common_voice_sw_30574713.wav
alipigwa risasi wakati akicheza mchezo wa bao na wenzake 	female_feminine	5.0475	common_voice_sw_30055092.wav
ni zoezi ambalo limetiwa kumbukumbu katika wamasai wa kenya na tanzania 	male_masculine	5.1555	common_voice_sw_30021600.wav
mwaka elfu moja mia tisa themanini na tano nyerere anastaafu 	female_feminine	5.2635	common_voice_sw_30585222.wav
makali zaidi mwaka elfu moja mia tisa hamsini na moja ilipata kura nyingi katika 	female_feminine	5.8035	common_voice_sw_35105556.wav
limetoa fursa kwa wawekezaji wa usafirishaji kwa njia ya maji kwa kutumia boti 	male_masculine	7.0635	common_voice_sw_30478612.wav
pia kuna wasemaji wachache nchini uhindi 	male_masculine	4.2555	common_voice_sw_29018812.wav
bila kusahau umuhimu wake katika sekta nyingine mbalimbali 	female_feminine	5.5155	common_voice_sw_30379332.wav
kongamano hilo limehudhuriwa na viongozi mbalimbali wa serikali 	female_feminine	4.1475	common_voice_sw_30582732.wav
fani ya saikolojia kiafya katika nchi nyingi iko chini ya kanuni za maadili 	male_masculine	7.6035	common_voice_sw_28815864.wav
kudumisha amani hususan kupitia usuluhishi wa migogoro mbalimbali 	female_feminine	5.4075	common_voice_sw_35110308.wav
alipata shahada ya uzamili ya sayansi katika kemia chuo kikuu salford nchini uingereza 	male_masculine	8.4675	common_voice_sw_30583013.wav
zilitumia pesa mara mbili zaidi ya familia nyingine 	male_masculine	5.6235	common_voice_sw_30320505.wav
mwinyi anaamini kuwa mafanikio yapo kwa kujituma 	male_masculine	4.3635	common_voice_sw_29997161.wav
pesa inayopatikana inasaidia miradi mbalimbali 	male_masculine	4.6155	common_voice_sw_30180831.wav
wanyama milioni moja aina ya nyumbu 	male_masculine	4.1835	common_voice_sw_29915430.wav
ipo pia halmashauri ya wilaya ya kaliua na halmashauri ya wilaya ya igunga 	female_feminine	8.3235	common_voice_sw_30574445.wav
wateka nyara hao waliingia ofisini humo taratibu kabla ya kupaza sauti 	male_masculine	7.1355	common_voice_sw_30485802.wav
wakatoliki japo ni wachache wanapatikana zaidi katika maeneo ya kilomeni na kisangara juu 	female_feminine	7.3155	common_voice_sw_29938383.wav
miaka kadhaa baadaye alirudi roma ili kushughulikia suala la mama yake kutangazwa mtakatifu 	male_masculine	9.1155	common_voice_sw_28259748.wav
kobe mkubwa kabisa duniani ana uzito wa hadi kilogramu mia saba 	female_feminine	6.2355	common_voice_sw_29790414.wav
ulifanyika mjini mombasa bila idhini ya mwenyekiti wala kamati ya chama 	female_feminine	6.0555	common_voice_sw_35103347.wav
hata hivyo mfumo huo wa mahakama huwa chini ya bunge 	female_feminine	5.2275	common_voice_sw_29632901.wav
hali hiyo ilimfanya karume azidi hamu na kutafuta kazi ya ubaharia 	male_masculine	7.4955	common_voice_sw_30180373.wav
tutunze mazingira kwa minajili ya vizazi vya leo na vya kesho 	female_feminine	4.9755	common_voice_sw_34766410.wav
tutarudi kila siku 	female_feminine	2.7075	common_voice_sw_35410254.wav
hawa ndio wanachukua sehemu ya watu wa magharibi 	male_masculine	4.3275	common_voice_sw_30006775.wav
dak prescot bonasi ya uro sitini na sita milioni aliyowasili nayo 	female_feminine	8.9355	common_voice_sw_31266474.wav
pia wakaanza kufanya mazoezi ya wanamgambo bila usimamizi wa waingereza 	male_masculine	8.1435	common_voice_sw_28669880.wav
ziwa nyasa linapatikana kati ya nchi za malawi msumbiji na tanzania 	male_masculine	6.0555	common_voice_sw_28725285.wav
frorentino perez wa real madrid hana pesa 	female_feminine	6.5235	common_voice_sw_30563410.wav
ambapo kwa wakati huo alizaliwa katika eneo hilo 	male_masculine	4.2555	common_voice_sw_37097102.wav
mame kankana mwanawe 	male_masculine	3.6435	common_voice_sw_31950197.wav
alikuwa katibu mkuu wa muda katika wizara ya elimu zanzibar 	female_feminine	5.9835	common_voice_sw_29848543.wav
walihusishwa na matukio ya uhaini mahakamani wakakutwa na hatia 	male_masculine	5.56765625	common_voice_sw_30631117.wav
idadi ya wasemaji nchini sudan kusini haijulikani 	male_masculine	3.7155	common_voice_sw_29731324.wav
maziwa ya mtindi yana asidi za asili 	female_feminine	4.6155	common_voice_sw_29790076.wav
ameandika hasa kwa watoto 	female_feminine	2.9955	common_voice_sw_28666544.wav
kipindi ambacho wageni kutoka mashariki ya mbali wanafika maeneo ya pwani 	female_feminine	5.6235	common_voice_sw_31271403.wav
mbuga ya kitaifa ya tsavo mashariki ni mojawapo hifadhi maarufu 	female_feminine	6.9555	common_voice_sw_30628515.wav
ni ukweli wa mambo ya kwamba jamii ya kabila la maasai 	female_feminine	4.4355	common_voice_sw_30574785.wav
bila kuisahau wilaya ya momba inayokamilisha jumla ya wilaya nne za mkoa wa songwe 	male_masculine	7.1355	common_voice_sw_29795460.wav
jumanne lume mwiru ambaye alifunguliwa kesi na wenzake kwa kosa la uzembe 	male_masculine	7.1355	common_voice_sw_30579126.wav
utaambiwa nauli ni kiasi fulani 	female_feminine	3.7875	common_voice_sw_36644948.wav
katika lugha za kigermanik siku hii ina jina la jua 	male_masculine	6.0555	common_voice_sw_28669505.wav
wanahistoria wanasimulia historia nyingi za viongozi mbalimbali 	male_masculine	6.4515	common_voice_sw_30187471.wav
timu ya taifa ya ureno haikuwahi kutwaa kombe lolote kabla ya ujio wa ronaldo 	male_masculine	6.6675	common_voice_sw_29796187.wav
wakati huo walikuwa mia moja tu ndio walikuwa wamepata elimu ya chuo kikuu 	male_masculine	6.8475	common_voice_sw_30635683.wav
kufuatia hatua hiyo utawala wa kifalme ukamuandama osama na mwaka 	female_feminine	4.6875	common_voice_sw_31284837.wav
kabla ya mwalimu nyerere hajaongea na watanganyika 	male_masculine	3.1035	common_voice_sw_29988534.wav
ubora wa mbinu bila kikosi imara ni kazi bure 	female_feminine	4.9035	common_voice_sw_30495372.wav
nchi hizi za morocco na algeria pamoja na misri bila kuisahau libya 	female_feminine	8.2155	common_voice_sw_30572146.wav
waziri wa mambo ya nchi za nje wa iran manseheran mutaki 	female_feminine	6.2355	common_voice_sw_36252627.wav
taasisi za kimataifa kufanya uchunguzi wa matokeo 	female_feminine	4.5075	common_voice_sw_35099500.wav
ni moja kati ya hifadhi za taifamoja mashuhuri na kubwa nchini tanzania hifadhi 	female_feminine	5.6595	common_voice_sw_37088570.wav
luther aliendelea kutoa mafundisho kwa ajili ya kanisa linalofuata maagizo 	male_masculine	7.3155	common_voice_sw_30117977.wav
sijawahi ona mlima kenya 	female_feminine	3.1755	common_voice_sw_34917790.wav
mlima klute ni mlima unaoshika nafasi ya tatu kwa ukubwa hapa tanzania 	male_masculine	6.8835	common_voice_sw_31321474.wav
na nzi wa kuuma waliopo 	female_feminine	2.6355	common_voice_sw_37331939.wav
mwezi septemba mwaka jana rais joseph kabila wa jamhuri kidemokrasi ya congo drc 	female_feminine	7.0275	common_voice_sw_35774936.wav
anahakikisha mafanikio katika vita au mvua za kutosha 	male_masculine	5.0475	common_voice_sw_36318757.wav
alipelekwa uhamishoni na kaisari leo v kwa sababu ya kutetea matumizi ya picha takatifu 	male_masculine	7.5675	common_voice_sw_28581706.wav
majina yanayofanana ya yale ya koo za kipare ni kama wasuya na wavungi 	male_masculine	6.1995	common_voice_sw_30233552.wav
papa akiwa mgonjwa sana aliendelea na utume wake 	male_masculine	4.0755	common_voice_sw_30379704.wav
iwe itapata pingamizi wananchi wacanada wategemee kuingia kwenye uchaguzi mkuu 	female_feminine	6.2355	common_voice_sw_35146145.wav
majaliwa aliteuliwa kuwa mkuu wa wilaya na kisha akajitosa kwenye siasa za ushindani mwaka 	male_masculine	6.5955	common_voice_sw_36375081.wav
ziwa nyasa limepita kwenye nchi tatu ambazo ni tanzania malawi na msumbiji 	female_feminine	5.2275	common_voice_sw_29923530.wav
masuala ya afya 	female_feminine	2.3475	common_voice_sw_29237691.wav
mji huu mdogo upo karibu na lango la hifadhi 	female_feminine	3.7875	common_voice_sw_29797678.wav
hadi kufikia mwaka wa elfu mbili na kumi 	male_masculine	3.9675	common_voice_sw_30671442.wav
mbinguni kuna malaika 	female_feminine	2.2755	common_voice_sw_34940768.wav
baba yake alihamia zambia kama mchungaji wa kanisa la kilutheri 	male_masculine	5.3355	common_voice_sw_29865349.wav
pep guardiola alipokwenda aliongeza utawala wa bayern kwa timu zingine 	male_masculine	6.7755	common_voice_sw_30485657.wav
radicals mashambulizi hayo waliitwa palmer raids kwa muda mfupi hoover iliyoundwa kadi namba mia 	male_masculine	5.9475	common_voice_sw_36320003.wav
tangu forodhani kufungwe hakuna tena uvuvi wa haja mombasa 	female_feminine	5.6235	common_voice_sw_31997422.wav
shughuli kubwa ya wajita ni kilimo uvuvi na ufugaji 	male_masculine	4.7955	common_voice_sw_30380493.wav
na haya yote ni katika kuongeza mzunguko wa fedha kwa watanzania 	male_masculine	5.1555	common_voice_sw_30671688.wav
ambao unaweza kusukuma lita sitini hadi sabini na tano za damu kwa muda wa 	female_feminine	7.2075	common_voice_sw_35099126.wav
ikiwa ni pamoja na utengenezaji wa daraja la kisasa 	male_masculine	4.3635	common_voice_sw_29936526.wav
na mchango mkubwa kwa vijana nakumbuka kuna mechi moja ya simba na 	female_feminine	5.0835	common_voice_sw_34958843.wav
serikali inatekeleza mradi wa kufua umeme wa maji wa julius nyerere 	female_feminine	6.4875	common_voice_sw_31285777.wav
ukifika hapo unaweza kuona wanyama kama simba chui fisi tumbili swala na ngedele 	male_masculine	7.4955	common_voice_sw_30182233.wav
mataifa manne yanayoguswa na bahari ya mediterania 	female_feminine	6.1635	common_voice_sw_29977594.wav
iko katika mashariki ya nchi 	male_masculine	4.4355	common_voice_sw_29572641.wav
kwa pamoja mienendo hii huongeza hatari ya kupata magonjwa ya zinaa 	male_masculine	6.4155	common_voice_sw_30342744.wav
joseph bruce aliitelekeza meli yake ya titanic 	female_feminine	4.5435	common_voice_sw_37088035.wav
chini ya uongozi wa kikomunisti wa john okelo 	male_masculine	5.1555	common_voice_sw_29959531.wav
pochettino anaweza kumtumia kwenye nafasi hiyo 	male_masculine	3.8955	common_voice_sw_29943192.wav
mwaka wa elfu moja mia tisa hamsini na tano 	female_feminine	4.0035	common_voice_sw_35104480.wav
kipimo kilikuwa mita elfu tano mia tisa tisini na mbili 	male_masculine	5.4435	common_voice_sw_29976357.wav
congo iliichapa mali mabao matatu kwa mawili 	male_masculine	4.7235	common_voice_sw_30671855.wav
pamoja na kuwaajiri watu laki moja 	female_feminine	3.2835	common_voice_sw_29798628.wav
kumekuwa na hadithi nyingi juu ya eneo hilo ambazo nyingi ni za kutisha 	female_feminine	5.7675	common_voice_sw_30653637.wav
kaa nami yesu 	male_masculine	2.2035	common_voice_sw_37089359.wav
usishindane na mtu wajibu kwa wema 	female_feminine	3.4275	common_voice_sw_35106073.wav
ili kufikiautegemezi bandia wa dawa za kulevya 	male_masculine	3.7155	common_voice_sw_36375310.wav
ufaransa walikuwa mabingwa kombe la dunia 	female_feminine	4.7955	common_voice_sw_29798054.wav
na mwaka ellfu moja mia tisa sabini na mbili 	female_feminine	3.8955	common_voice_sw_35106735.wav
maandishi mengi kuhusu amini yanaeleza alizaliwa koboko au kampala 	male_masculine	6.3435	common_voice_sw_30057846.wav
mojawapo ya changamoto tunayokabiliana nayo katika mpango huu ni kupata tafsiri mwafaka ya maneno 	male_masculine	8.8635	common_voice_sw_28855832.wav
kwa kawaida rangi yao ni nyeusi kijivu au kahawia 	female_feminine	6.1635	common_voice_sw_28874226.wav
profesa joseph semboja ambaye ni mchumi na mkuu wa taasisi ya uongozi 	male_masculine	7.0995	common_voice_sw_30365224.wav
alikuwa kiongozi ambaye hajali matatizo ya wengine 	male_masculine	6.1275	common_voice_sw_29896648.wav
magofu mengine yanazidi kuchakaa na kubomoka 	female_feminine	4.88365625	common_voice_sw_30003944.wav
baada ya hapo alijiunga na shule ya sekondari ya ngambo 	female_feminine	4.4355	common_voice_sw_29797377.wav
ndani ya hifadhi ya mikumi kuna simba 	female_feminine	3.8235	common_voice_sw_29960269.wav
wa kugeuza umbo la glutamati katika mara mtu ageukapo kutoka matumizi 	female_feminine	7.9275	common_voice_sw_35099297.wav
wakati huohuo aliandika pia masimulizi na vitabu 	male_masculine	5.4075	common_voice_sw_28877823.wav
konokono wengine wengi kiasi pia hupatikana kwenye maji baridi 	male_masculine	5.7675	common_voice_sw_28682820.wav
tanzania imejengwa katika misingi ya ushirikiano 	male_masculine	5.0475	common_voice_sw_29864520.wav
asili yake ni ni kutoka wanawake wa zanzibar 	female_feminine	3.8955	common_voice_sw_29791457.wav
malaria ni hatari zaidi kwa wajawazito kuliko watu wa kawaida 	female_feminine	6.3075	common_voice_sw_29797832.wav
lakini wahenga walisema kisicho riziki akiliki 	female_feminine	4.0755	common_voice_sw_30717977.wav
wapi na muda tajwa kulingana na mazingira 	female_feminine	5.2635	common_voice_sw_29798084.wav
athari kubwa imepelekea watu wengi kupoteza maisha kutokana na migogoro tofauti ya marais 	female_feminine	5.6955	common_voice_sw_29790730.wav
zile malighafi walizovuna katika ardhi ya afrika ziliwemo dhahabu na almasi 	female_feminine	6.8835	common_voice_sw_31285479.wav
ufugaji wao ni wa kawaida tofauti na wenzao wakurya 	female_feminine	4.9035	common_voice_sw_29798694.wav
ameenda mjini tangu juzi 	male_masculine	2.5635	common_voice_sw_36382565.wav
lakini huko geita katika mkoa wa geita 	male_masculine	4.0035	common_voice_sw_31321717.wav
watu wanaopenda kufanya mazoezi coco ni nzuri kwani ina fukwe ndefu zaidi 	male_masculine	5.9475	common_voice_sw_30450898.wav
alianza maisha ya kujitegemea akiwa na umri mdogo 	female_feminine	5.1555	common_voice_sw_28718597.wav
lakini kila jamii inajitofautisha kwa lahaja yake 	male_masculine	6.8835	common_voice_sw_36299500.wav
dhidi ya siasa za kibaguzi za zuberi mtemvu 	female_feminine	4.0035	common_voice_sw_30376938.wav
kuliko vile ilivyodhaniwa hapo awali hatukujikwaa tu 	female_feminine	6.3435	common_voice_sw_34746296.wav
inasemekana aliuawa kwa ajili ya imani pamoja na mke wake na wengineo 	female_feminine	6.3435	common_voice_sw_28718723.wav
kaka yake alimtaka ajaribu kuomba kazi kituo cha redio muda 	male_masculine	6.5235	common_voice_sw_30342867.wav
vigezo vilivyotumiwa kuainisha majengo ya kihstoria ni kutokana na sheria ya mambo ya kale 	male_masculine	8.0355	common_voice_sw_29864565.wav
viongozi wa mataifa mia moja tisini na nne wanakutana jijini kangkon 	male_masculine	8.6475	common_voice_sw_35756762.wav
kanisa la mtakatifu george lalibela na ethiopia lilichongwa lote katika mwamba 	male_masculine	6.5235	common_voice_sw_36067364.wav
isiyokufa bado ana uwezo wa kuinuka hadi kwa mungu ingawa uwezo 	female_feminine	6.4875	common_voice_sw_34906965.wav
kiwango cha juu cha joto hutegemea angalau ni kutoka wakati kiwango cha chini 	male_masculine	8.0355	common_voice_sw_30266881.wav
nchi wanachama wa shirikisho la biashara duniani 	male_masculine	4.7235	common_voice_sw_34763465.wav
kwa wenye matatizo ya moyo tende zitawasaidia kuupa moyo nguvu 	male_masculine	5.9475	common_voice_sw_30021035.wav
haki hiyo inahusu mtu binafsi na makundi pia 	male_masculine	6.0555	common_voice_sw_28660854.wav
ilisababisha wakimbie haraka na kuuacha mji wa mtukula kwenye mikono ya watanzania 	male_masculine	6.9555	common_voice_sw_29795852.wav
wazigula hupewa jina litakalotumika wakati na baada ya ndoa 	male_masculine	7.7835	common_voice_sw_31306038.wav
siku hizi biashara nyingi zinafanyika kupitia mitandao ya kijamii 	female_feminine	4.3635	common_voice_sw_31284669.wav
imepoteza fainali ya ulaya kwa chelsea 	male_masculine	6.5235	common_voice_sw_31440768.wav
ili mwanaume pia apendezewe na mke wake ndani ya nyumba 	male_masculine	3.8235	common_voice_sw_36387321.wav
inakisiwa kuwa zaidi ya raia wa sudan elfu kumi amekitaka makao 	female_feminine	5.5155	common_voice_sw_35214344.wav
alijiingiza katika mapambano mengi ya kukomboa nchi yake 	female_feminine	5.2635	common_voice_sw_29818273.wav
uruguay ndio nchi yenye historia ya kuanza kutwaa kombe la dunia tangu lilipoanzishwa 	female_feminine	7.07965625	common_voice_sw_30033909.wav
mji huu ulifahamika kama kitovu cha biashara karne ya tisa hadi kumi na tano 	female_feminine	5.8755	common_voice_sw_29791490.wav
unaweza kupata mkopo wa kipindi kisichozidi siku moja ya kazi 	female_feminine	4.3275	common_voice_sw_35279234.wav
pia ni moja ya maeneo muhimu ya mazalia ya ndege wahamao pamoja 	male_masculine	8.2875	common_voice_sw_31306391.wav
kongamano lilifanyika katika ukumbi wa hoteli ya verde mtoni jijini zanzibar 	male_masculine	6.2355	common_voice_sw_37226166.wav
nchi nyingi za afrika zilijenga uhusiano na tanzania 	female_feminine	5.5875	common_voice_sw_30196718.wav
liemba itakuwa inatimiza miaka mia moja kamili tangu ianze kuelea kwenye ziwa tanganyika 	male_masculine	8.6475	common_voice_sw_30631315.wav
tangu wakati huo mji umendelea kupata umaarufu hadi sasa 	male_masculine	5.6235	common_voice_sw_30180281.wav
alitangaza kustaafu kuichezea timu ya taifa mwaka elfu mbili na kumi na sita 	female_feminine	6.3075	common_voice_sw_30036879.wav
ya mwamba na lava angani 	female_feminine	3.4275	common_voice_sw_28672836.wav
mvuto huu wenye nguvu wa anga pia husababisha mzunguko wa anga wa jumla 	female_feminine	6.5955	common_voice_sw_28802990.wav
pesa inaweza kumfanya pep kuwa kocha wa simba 	male_masculine	4.9035	common_voice_sw_30441236.wav
mji mkongwe wenye historia kubwa una majengo mengi ya kihistoria 	female_feminine	4.7235	common_voice_sw_35284665.wav
kuvaa mavazi ya kimagharibi mno licha ya kuwa 	female_feminine	5.9475	common_voice_sw_34597050.wav
kwa hiyo uwepo wa bahari hii imeleta nafuu kubwa sana kwa mataifa ya afrika 	female_feminine	7.07965625	common_voice_sw_30142996.wav
bagamoyo imehifadhi siri nyingi za mali kale ambazo watanzania wengi hawazijui 	male_masculine	7.2075	common_voice_sw_29897546.wav
algeria waliandaa michuano ya mataifa ya afrika 	male_masculine	3.9675	common_voice_sw_30058639.wav
jamii ya kabila la maasai ilikuwa ikiishi katika maeneo yote ya serengeti na ngorongoro 	male_masculine	6.5235	common_voice_sw_29796556.wav
kwenye msitu wa amani utaweza kuona nyani weupe na bluu 	male_masculine	5.2635	common_voice_sw_29961765.wav
lengo la mkataba wa mauaji ya kimbari ni kuzuia uangamizaji wa makusudi 	female_feminine	5.2275	common_voice_sw_35104115.wav
wageni wengi huishia kutazama kutokana na kuogopa 	female_feminine	4.8675	common_voice_sw_35409462.wav
uggala inavivutio vingi vikiwemo mto ugalla 	female_feminine	5.2275	common_voice_sw_30574260.wav
urais wa chama hiki ulitolewa kwa jomo kenyatta 	female_feminine	4.7235	common_voice_sw_30016472.wav
misitu ya asili ni misitu ambayo huota yenyewe bila kupandwa na binadamu 	female_feminine	5.3355	common_voice_sw_31446523.wav
kufanana na soda pia tabaka zito la majivu linaweza kugeuka 	male_masculine	6.1275	common_voice_sw_30017652.wav
wengine wamejaribu kuona msingi wa jina katika lugha ya kichagga 	female_feminine	5.8035	common_voice_sw_30034532.wav
duka lake lina wateja wengi 	male_masculine	2.0955	common_voice_sw_36388647.wav
amenifanya mwana niliyekuwa mfungwa 	female_feminine	3.9675	common_voice_sw_35156077.wav
raia wa uingereza na mwenyekiti wa kampuni ya ndege aliyeitwa bwana herri william 	male_masculine	7.2075	common_voice_sw_31286345.wav
usambazaji hutokea kupitia vyombo vya habari na 	female_feminine	3.7155	common_voice_sw_30438887.wav
unaweza pia kupata saratani ya ini 	male_masculine	2.9955	common_voice_sw_28670317.wav
kioo kimeletwa 	male_masculine	1.9875	common_voice_sw_36390197.wav
umarufu huo unatokana na vitu mbalimbali vilivyomo wilayani humo ikiwemo mapango ya kale 	male_masculine	8.3955	common_voice_sw_30577589.wav
kusini mwa bara la afrika kulikuwa na waimbaji wengi wanawake 	female_feminine	4.7955	common_voice_sw_34837099.wav
anasema kazi ya kupambana na ujangili ni ngumu 	female_feminine	4.2555	common_voice_sw_29797707.wav
mwili wa nkrumah ukasafirishwa kutoka bucharest romania kuja mjini conakry 	male_masculine	9.1875	common_voice_sw_30323794.wav
alitumia sehemu kubwa ya utajiri wake kujenga jeshi la binafsi 	male_masculine	6.1275	common_voice_sw_29182626.wav
kitamaduni wanaume huwa walikuwa wanategemewa kutoa vitanda vyao kwa mgeni mwanaume 	female_feminine	6.9555	common_voice_sw_35103849.wav
akiwatolea huduma zake panteno wa chuo cha aleksandria alikwenda india 	male_masculine	9.7275	common_voice_sw_35409068.wav
chanzo cha mto ruvuma kipo karibu na mji 	male_masculine	3.6435	common_voice_sw_28683246.wav
japani ilikuwa na mkataba wa kusaidana na uingreza 	female_feminine	4.4355	common_voice_sw_30653983.wav
karol alipiga hodi kwenye nyumba ya askofu mkuu wa krakow 	male_masculine	7.9275	common_voice_sw_30233548.wav
hufanyika mwezi wa kumi na mbili tu 	female_feminine	4.3635	common_voice_sw_29925053.wav
wengine wamejaribu kuona msingi wa jina katika lugha ya kichaga 	male_masculine	9.6555	common_voice_sw_31324001.wav
mheshimiwa samia suluhu hassan alizaliwa januari ishirini na saba elfu moja mia tisa sitini 	female_feminine	9.2955	common_voice_sw_29789387.wav
aliteseka kwa muda wa miaka mitatu 	female_feminine	4.5435	common_voice_sw_30527550.wav
katika masomo ya sayansi na hisabati waliyapa kipaumbele 	female_feminine	5.8035	common_voice_sw_30126752.wav
mfumo wa upumuaji unasababisha matatizo kwa mgonjwa 	male_masculine	7.3155	common_voice_sw_36945318.wav
alisoma katika chuo kikuu cha dayatar nairobi kenya 	male_masculine	4.6875	common_voice_sw_29993436.wav
lakini aliona hawakuwa peke yao ambao hawatii amri yake 	male_masculine	5.3355	common_voice_sw_36067178.wav
ni asili ya amerika ya kitropiki ikiwa ni pamoja na karibi 	male_masculine	5.2275	common_voice_sw_29001972.wav
mwanzoni mtoto huyo wa mchungaji aliajiriwa kama mwalimu 	male_masculine	6.8835	common_voice_sw_29955982.wav
pamoja vyumba viwili vya sheria hufanya mwili maamuzi nchini nigeria kinachoitwa bunge 	male_masculine	8.9355	common_voice_sw_28876709.wav
abeid amani karume alipeleka barua ya kuomba kazi melini 	male_masculine	5.6955	common_voice_sw_29795256.wav
tarehe kumi mwezi wa kumi na mbili 	male_masculine	3.3555	common_voice_sw_30203825.wav
ushirikiano hauwezi kuja bila kuwa na demokrasia 	male_masculine	3.1755	common_voice_sw_30026004.wav
umbali wa maelfu ya kilomita ulikuwa unasababisha mvua ya 	female_feminine	4.6875	common_voice_sw_36644414.wav
ruhuhu na ruipa upo pia mto rungwa 	female_feminine	3.7875	common_voice_sw_29791994.wav
tabasamu lake hunipa ujasiri wa kupambana zaidi 	female_feminine	4.4355	common_voice_sw_30539508.wav
alipangiwa kazi yake ya kwanza ya kichungaji katika kijiji cha niegowiic 	male_masculine	5.8755	common_voice_sw_30647797.wav
kwa sababu imekuwa ikibeba mizigo mikubwa 	female_feminine	4.5435	common_voice_sw_30522833.wav
tanzania ilianza kutumia bendera yake baada ya uhuru 	male_masculine	4.5075	common_voice_sw_29955149.wav
dalili za maambukizi ya virusi vya ukimwi ni nyingi sana 	male_masculine	4.1475	common_voice_sw_37090726.wav
ina matumizi muhimu kwa ujenzi na vifaa pia kama kuni kwa moto 	female_feminine	5.0835	common_voice_sw_29589184.wav
maana yake ni upande wa kabila la washashi 	male_masculine	4.1475	common_voice_sw_29787549.wav
kuchukua maamuzi mazito kupunguza idadi ya mfanyakazi 	female_feminine	5.5875	common_voice_sw_35160847.wav
ingawa wakati wa masika barabara zinaweza kutopitika kirahisi 	female_feminine	5.8035	common_voice_sw_30126499.wav
kwa sasa ni mtayarishaji wa nyimbo kutoka tanzania 	male_masculine	4.7955	common_voice_sw_29419996.wav
mnyama alipotea msituni kwa miaka mingi 	male_masculine	3.0675	common_voice_sw_30022010.wav
hapo akafanikiwa kuwa balozi wa nembo ya kampuni ya puma 	male_masculine	5.6235	common_voice_sw_30114532.wav
kama nilivyosema awali unaweza kuwa unaishi katikati 	male_masculine	5.0475	common_voice_sw_29877377.wav
watafiti mbalimbali wa sokwe hufanya tafiti mbalimbali mahale 	female_feminine	5.81965625	common_voice_sw_30081129.wav
lazima tuamke na kukubaliana na ukweli wa namna hii 	female_feminine	4.3275	common_voice_sw_29790888.wav
unatumika kwenye nchi ambazo ni wanachama wa umoja wa mataifa 	male_masculine	6.7035	common_voice_sw_35408174.wav
uchimbaji wa madini ya kobalti unatoa fursa nyingi sana kwa taifa hilo 	male_masculine	5.8035	common_voice_sw_29822618.wav
hii inashangaza kwani tukio la kuhama kwao kuingia kenya huwa mara moja pekee 	male_masculine	8.1075	common_voice_sw_30438306.wav
hussein mwinyi alisoma shahada yake ya kwanza ya udaktari wa kibinaadamu 	male_masculine	6.6675	common_voice_sw_36385241.wav
katiba ya tanzania ilitungwa rasmi na bunge la tanzania 	female_feminine	4.8675	common_voice_sw_29939762.wav
mbali na filamu hiyo kuna filamu takribani kumi na moja 	male_masculine	4.1475	common_voice_sw_30021461.wav
kusikiza ni vyema 	female_feminine	1.9875	common_voice_sw_35172733.wav
ugonjwa wa korona unahatarisha afya ya mama na mtoto 	male_masculine	5.5155	common_voice_sw_30258327.wav
huyu ni mke wa kwanza wa mzee kizito 	male_masculine	4.7955	common_voice_sw_28662053.wav
bahari ni kubwa 	female_feminine	1.9875	common_voice_sw_37222827.wav
kitulo ni eneo pekee kwa ajili ya ndege aina ya tendawili machaka 	female_feminine	7.0635	common_voice_sw_30314732.wav
wamasai hujifunza lugha kiswahili na kingeraza wakiwa shuleni 	female_feminine	4.7955	common_voice_sw_35123739.wav
alifanya hivyo ili kuleta muungano katika mapigano ya uhuru 	female_feminine	3.9675	common_voice_sw_29923851.wav
hasa mtu kama waziri mkuu nadhani 	male_masculine	3.1755	common_voice_sw_37089548.wav
walitangaza marufuku kwa watu weusi kwenda shule 	male_masculine	3.7155	common_voice_sw_30326928.wav
elfu moja mia tisa sabini na sita wazazi wake walimpa jina la joseph mayanja 	female_feminine	6.7755	common_voice_sw_35105404.wav
zinazotumiwa na wavuvi wadogo wadogo wa mataifa haya 	female_feminine	6.3075	common_voice_sw_29793059.wav
kisha akakagua magazine zake zilikuwa zimejaa risasi akaziweka kiunoni zile bastola 	male_masculine	8.6835	common_voice_sw_37226038.wav
zote zipo kwenye maeneo ambapo ushaidi wa mababu wa kwanza kwa binadamu upo 	female_feminine	7.0275	common_voice_sw_29789818.wav
uliotangulia maandiko yenyewe kwa karne kadhaa sehemu 	female_feminine	4.7235	common_voice_sw_35206858.wav
naye amedadavua kuhusu buha na mahusiano ya kikanda 	female_feminine	5.2275	common_voice_sw_36643669.wav
lilikuwa pia jina la mungu wa kike katika dini ya roma ya kale 	male_masculine	6.7035	common_voice_sw_29728364.wav
ulikuwa mwaka wa mafanikio makubwa sana kwa ronaldo 	male_masculine	4.8315	common_voice_sw_30343227.wav
walutheri waliendelea na cheo cha uaskofu na desturi nyingi za kanisa la kale 	female_feminine	7.9635	common_voice_sw_30372708.wav
miaka yake ya mwisho al masudi aliishi misri 	female_feminine	5.5155	common_voice_sw_28874541.wav
gine siku hizi za karibuni watafika mpaka mozambiki 	female_feminine	5.2275	common_voice_sw_35099316.wav
milima ya usambara na milima ya uvidunda 	male_masculine	5.4435	common_voice_sw_30586116.wav
haya yote ndio yatakayokamilisha safari ya matembezi hifadhini 	female_feminine	4.1835	common_voice_sw_30074831.wav
alikuwa mtangazaji wa habari na michezo haswa soka 	female_feminine	5.0835	common_voice_sw_28874300.wav
zinasaidia kuhakikisha kwamba unajisikia vizuri kiasi ukipanda na ukishuka 	female_feminine	6.3075	common_voice_sw_29789798.wav
mfano atomu sahili ya hidrojeni ina mzingo mmoja wenye elektroni moja tu 	male_masculine	7.8555	common_voice_sw_28582231.wav
alipokuwa na umri wa miaka ishirini na mbili alikuwa amepokea ballon dor 	male_masculine	6.8475	common_voice_sw_29982058.wav
kama alivyojiwa hapo na mwenzangu victor macsedek 	female_feminine	5.0475	common_voice_sw_34745897.wav
kuweza kuleta matokeo katika kazi wanazopewa 	female_feminine	4.1835	common_voice_sw_34942734.wav
mnamo tarehe thelathini na moja januari mwaka elfu mbili na tano alitunukiwa tuzo 	female_feminine	8.6835	common_voice_sw_31584116.wav
pijini ni lugha za nyongeza si lugha mama 	male_masculine	4.0035	common_voice_sw_28999954.wav
baadae aliuawa akiwa tanganyika kwa sasa tanzania 	female_feminine	5.0475	common_voice_sw_30024256.wav
nilienda shule jana 	female_feminine	2.9955	common_voice_sw_34745977.wav
vijana wa kiume huvaa nguo nyeusi kwa miezi 	male_masculine	4.7955	common_voice_sw_30380126.wav
athira ya mfano wa umoja wa kisovyeti na china ilikuwa muhimu pia 	male_masculine	6.0555	common_voice_sw_28681191.wav
inaongezeka hifadhi ya taifa ya ngorongoro kaskazini mwa tanzania 	male_masculine	6.6675	common_voice_sw_30335029.wav
mazungumzo kati ya vikosi vya ukombozi na serikali ya wachache ya ian smith 	male_masculine	9.6555	common_voice_sw_31467495.wav
inasemekana alikuwa shemasi 	female_feminine	4.0755	common_voice_sw_29176805.wav
hifadhi ya arusha inapambwa na maziwa ya momella 	male_masculine	4.6155	common_voice_sw_30007157.wav
bi anita alimpa ruhusa jabir kumuoa juliana owimana na juliana alilitegemea kwsababu alifahamu ukweli 	female_feminine	9.5835	common_voice_sw_36641214.wav
wanaume wana fimbo ambazo huwakilisha kazi yao kubwa ya ufugaji 	male_masculine	4.7955	common_voice_sw_30025126.wav
hadi wa mita elfu mbili juu ya pwani ya magharibi ya ziwa hili 	male_masculine	5.4435	common_voice_sw_30641386.wav
mama wa kichagga anaweza kushinda shambani kutwa na hana desturi ya kubeba watoto mgongoni 	male_masculine	7.6755	common_voice_sw_31409771.wav
habari nyingine zinaeleza amin alizaliwa elfu moja mia tisa ishirini na tatu 	female_feminine	6.1635	common_voice_sw_29793608.wav
wana watoto wanne pamoja 	female_feminine	3.5355	common_voice_sw_28718744.wav
semduda alijifungua mtoto wa kiume akamuita muyinga 	female_feminine	4.0035	common_voice_sw_30074409.wav
aliyekuwa amejiinamia akauliza aliyekuwa akimwita ni nani 	female_feminine	4.9755	common_voice_sw_36644607.wav
chakula chao kikuu ni aina mbalimbali za mimea 	female_feminine	4.9035	common_voice_sw_28718746.wav
urefu wake wa kilomita mia mbili na tisini 	female_feminine	3.6075	common_voice_sw_30435922.wav
ambae amemfanyia unyama sana mwana mwana ameuguwa kwa asilimia kubwa sana mkononi amemchoma 	female_feminine	8.1795	common_voice_sw_37083803.wav
amecheza timu tatu za taifa 	male_masculine	2.3475	common_voice_sw_29997670.wav
vilevile misitu yenye mandhari mazuri yenye kupendeza 	female_feminine	3.8955	common_voice_sw_31285983.wav
kutokana na utunzaji wa mila na desturi 	male_masculine	3.8235	common_voice_sw_29872964.wav
hii inaweza kusababisha kila aina ya shida 	male_masculine	4.7955	common_voice_sw_28695293.wav
mwanamuziki wa kwanza wimbo wake kuchezwa redioni alikuwa ni sugu 	male_masculine	5.4075	common_voice_sw_37086579.wav
hatimae lumumba na chama chake walipata ushindi uliowawezesha kuunda serikali 	male_masculine	6.3075	common_voice_sw_30067512.wav
alipokuwa na umri wa miaka minne alijiunga na klabu ya grandoli 	male_masculine	7.2435	common_voice_sw_31304416.wav
ambayo ni msimu wa vuli unaoanzia mwezi oktoba desemba 	male_masculine	7.2435	common_voice_sw_29907118.wav
maharagwe huwa na kiasi kikubwa cha protini 	male_masculine	4.3635	common_voice_sw_28673101.wav
umiliki wa ardhi umeongezeka kwa wanawake kutoka asilimia sita 	female_feminine	5.8755	common_voice_sw_29789862.wav
kuna wakati rais wa barcolona joan laporta aliwahi kusema 	male_masculine	6.1635	common_voice_sw_29789326.wav
ni profesa wa chuo kikuu cha dar es salaam katika kitengo cha sanaa 	female_feminine	5.5875	common_voice_sw_29350788.wav
ishwa rasmi kwenye sherehe zilizofanyika katika uwaja wa amani 	male_masculine	5.5875	common_voice_sw_36386162.wav
wanajua uchafuzi wa hewa unatokea wapi ukubwa wa vyanzo 	male_masculine	7.7835	common_voice_sw_35684147.wav
gusa karatasi yako 	male_masculine	2.9955	common_voice_sw_32244229.wav
kila mfadhili haina budi kuwa katika kundi linalolingana na umri wa mama au mtoto 	male_masculine	8.2875	common_voice_sw_30182081.wav
wanamichezo tunapswa kumkumbuka hayati karume 	female_feminine	4.7235	common_voice_sw_35177108.wav
nkrumah aliandika baadae ni johnson aliyemfundisha namna gani ya kufanya kazi 	male_masculine	5.6235	common_voice_sw_30631297.wav
majeshi ya upinzani dhidi ya serikali ya kongo 	female_feminine	4.0755	common_voice_sw_30177277.wav
kuwait na marekani vita vya pili vya ghuba ya elfu mbili na tatu 	male_masculine	7.2435	common_voice_sw_36807760.wav
kiswahili ni lugha ya kibantu inayotumiwa na watu katika mawasiliano 	male_masculine	6.6675	common_voice_sw_29905760.wav
ambao huchukua dawa za kurefusha maisha yao 	male_masculine	4.2555	common_voice_sw_31322786.wav
wafaransa nao walifika katika kisiwa hicho 	female_feminine	3.7875	common_voice_sw_35183939.wav
sikufika kwa harusi ya dadangu wiki iliyopita 	female_feminine	3.7155	common_voice_sw_37221113.wav
wajumbe wa mashirikisho ya soka kila nchi walipongezwa kuanzisha michuano 	female_feminine	5.2635	common_voice_sw_30581930.wav
wafanyikazi wa bei rahisi katika ulaya magharibi kusikia 	male_masculine	4.8675	common_voice_sw_35963925.wav
haya yalifanywa hasa katika kuondoa unyanyapaa wa usafi wa mazingira 	female_feminine	5.8755	common_voice_sw_36642168.wav
magufuli alipata elimu ya kiwango cha juu cha sekondari shule ya upili ya mkwawa 	female_feminine	5.8035	common_voice_sw_30624180.wav
inaelezwa wote hao waliuawa kwenye mapambano ya silaha nje ya eneo la tukio 	female_feminine	5.1555	common_voice_sw_29922515.wav
alitawala mtawala aliyejuliakana kwa jina la rusatira 	female_feminine	4.6875	common_voice_sw_29792063.wav
kwa sasa hivi ni mkuu wa wilaya ya temeke 	female_feminine	2.9955	common_voice_sw_31285997.wav
wanasheria wanadadisi sababu ya kukosefu kwa ufafanuzi 	female_feminine	5.2275	common_voice_sw_35156146.wav
iliyopo katika hifadhi za taifa hizo nzuri na za kupendeza 	female_feminine	6.2355	common_voice_sw_31581522.wav
pia gambia ipo na msumbiji bila kuisahau chadi na namibia 	female_feminine	6.1635	common_voice_sw_30352400.wav
utaalamu wake ulikuwa hasa upande wa fizikia na kemia 	male_masculine	5.4435	common_voice_sw_29573132.wav
kaa tayari kula 	female_feminine	2.1675	common_voice_sw_28961613.wav
aliwahi kumwambia waziwazi aliyekuwa rais wa zimbabwe wakati huo 	female_feminine	5.2635	common_voice_sw_30176411.wav
kimsingi kuna sekta kumi na mbili za kabila la wamasai 	male_masculine	4.5435	common_voice_sw_30630892.wav
kipa wa uingereza alikuwa anaitwa peter shilton 	female_feminine	3.0675	common_voice_sw_31285602.wav
hii inahusisha wavulana wengi kati ya umri wa miaka kumi na mbili 	male_masculine	7.1355	common_voice_sw_31306516.wav
hutoweka maeneo hayo na hata mtoto pia hujihami kwa kuingia katika mfuko 	male_masculine	6.5955	common_voice_sw_30671690.wav
kikundi hutawanyika na kusubiri mwaka mwingine au miwili 	female_feminine	5.9835	common_voice_sw_29925270.wav
usimchokoze mwanangu mzuri 	female_feminine	2.9235	common_voice_sw_35106463.wav
ni hifadhi kubwa inayochukua ukubwa wa kilomita kadhaa 	male_masculine	3.6435	common_voice_sw_29961341.wav
kasulu ni makao makuu ya dayosisi ya magharibi ya kanisa anglikana tanzania 	male_masculine	6.8475	common_voice_sw_28258554.wav
henrik larson wa sweden alifunga mabao matatu 	male_masculine	4.1475	common_voice_sw_29936393.wav
shughuli za kitalii ambazo hufanyika katika kijiji cha wahadzabe 	female_feminine	5.2635	common_voice_sw_30364741.wav
hali ya hewa ni ya wastani hakuna baridi kali wala joto kali 	male_masculine	4.7235	common_voice_sw_28878763.wav
mwigulu alikuwa hodari wa masomo yote ya sayansi na lugha 	female_feminine	5.5155	common_voice_sw_30026250.wav
chakula cha asili kama ilivyo kwa mkoa wote wa kagera ni ndizi 	female_feminine	6.7755	common_voice_sw_29519032.wav
kama jina la nchi hiyo bendera mpya ilikuwa muunganiko wa hiyo sehemu 	female_feminine	6.5235	common_voice_sw_30623636.wav
ikolojia na kupunguza mazao ya mimea na kuathiri misitu 	female_feminine	5.5155	common_voice_sw_37084849.wav
real adrid hawajasajiri wachezaji kwa misimu minne sasa mfululizo 	male_masculine	6.1275	common_voice_sw_29797093.wav
watu wa ghorofani ni wazuri 	male_masculine	3.0675	common_voice_sw_36013849.wav
alieleza makazi huko katika valkano ya ngorongoro 	female_feminine	4.5435	common_voice_sw_30718717.wav
alisomea ualimu huko makerere kampala uganda 	male_masculine	3.4635	common_voice_sw_30026005.wav
palikuwa na biashara kiasi samaki na chumvi 	female_feminine	5.17165625	common_voice_sw_30004622.wav
namna ambavyo alivaa haikufurahisha 	female_feminine	3.2475	common_voice_sw_34958172.wav
kikwete alikutana na barack obama mwaka elfu mbili na tisa 	female_feminine	4.8675	common_voice_sw_35105309.wav
taifa la ujerumani lilishinda taji la tatu la dunia 	male_masculine	3.6075	common_voice_sw_29963477.wav
amani haiwezi kuja kwa upanga ila 	male_masculine	3.1755	common_voice_sw_37093688.wav
ni shughuli za kibinadamu na zile zinazozalisha uchafuzi wa aina hii 	female_feminine	6.4875	common_voice_sw_34597625.wav
mwaka elfu moja mia tisa sitini na moja tanganyika ilipata uhuru wake 	male_masculine	6.0555	common_voice_sw_30146876.wav
ulileta matatizo makubwa kwa uchumi na hata njaa kwa 	male_masculine	3.6075	common_voice_sw_36319261.wav
wanyambo wanasema tulitokana na kizazi cha kanyambo mtoto wa ruhanga 	male_masculine	5.0835	common_voice_sw_36383734.wav
moja walitumwa uzbekistan kyrgyzstan na kazakhstan waturuki 	female_feminine	7.5675	common_voice_sw_36641470.wav
real madrid ilishinda mabao manne kwa moja dhidi ya atletico madrid 	male_masculine	5.9835	common_voice_sw_29787801.wav
aliye madarakani na rais mstaafu kutoka vyama 	female_feminine	4.5435	common_voice_sw_34906927.wav
ndege zake tatu zilikuwa zikitoka uwanja wa ndege wa ngerengere mkoani morogoro 	female_feminine	7.1355	common_voice_sw_30332354.wav
carla alikuwa aina tofauti 	male_masculine	2.4555	common_voice_sw_37091627.wav
daktari matumbo hutibu wagonjwa 	female_feminine	3.8955	common_voice_sw_37221525.wav
isipokuwa kwa kuwaachia watawale italia ya kati walisababisha papa 	female_feminine	7.0635	common_voice_sw_34747622.wav
duniani kasoko zinapatikana mara nyingi kutokana na milipuko ya volkeno au milipuko mingine 	male_masculine	7.8555	common_voice_sw_28695360.wav
kama ambavyo imeelezwa na shirika la habari 	male_masculine	5.3355	common_voice_sw_34390788.wav
mbu wanaweza kusambaza virusi vya ukimwi 	male_masculine	4.2555	common_voice_sw_37091755.wav
huwezi kuzungumzia hifadhi ya taifa ya arusha bila ya kuugusia mlima meru 	male_masculine	6.2355	common_voice_sw_29915122.wav
alipata shahada ya uzamili ya maendeleo ya jamii kupitia programu ya pamoja 	male_masculine	5.5155	common_voice_sw_29988403.wav
chakula hiki huandaliwa siku ya ijumaa jioni hadi jumapili jioni 	male_masculine	4.2555	common_voice_sw_30675003.wav
utamaduni na mila zao hufahamika sana katika suala la kucheza ngoma za asili 	female_feminine	7.3155	common_voice_sw_30052328.wav
muda mzuri wa kutembelea ni kuanzia mwezi juni mpaka septemba 	female_feminine	4.6875	common_voice_sw_30630474.wav
hali hii ilisababisha kuongezeka kwa biashara ya watumwa hasa kutoka afrika 	female_feminine	6.0555	common_voice_sw_30052383.wav
kwa kipindi hicho muziki huo kwa tanzania ulikuwa ukichukuliwa kama uhuni 	female_feminine	6.1635	common_voice_sw_34743695.wav
virusi hivi vilipewa jina la ukimwi vilipogunduliwa nchini marekani 	male_masculine	6.5955	common_voice_sw_30181691.wav
mungu wetu yuko mbinguni 	female_feminine	2.2755	common_voice_sw_36643012.wav
aliendelea kuamini katika moyo wake alipendwa sana na hali iliyokuwa ikiwafika majirani haingemfika kamwe 	male_masculine	7.7475	common_voice_sw_37092863.wav
ronaldo na messi walienda urusi wakiwa na mategemeo ya kuondoka na taji 	female_feminine	5.7675	common_voice_sw_29922537.wav
mfalme henry aliwaweka mabinti zake kwenye orodha 	male_masculine	5.8035	common_voice_sw_37083420.wav
mtoto wa kiume hutahiriwa akiwa na umri wa miaka saba 	male_masculine	4.7235	common_voice_sw_30181096.wav
pia alikuwa wa kabila la wakakwa ambaye alikuwa mkatoliki 	male_masculine	4.3635	common_voice_sw_30327369.wav
mmiliki wa faili hilo alikuwa ni alberto kito na ndipo jacob akamkumbuka debby 	female_feminine	7.6035	common_voice_sw_35176681.wav
ali anampenda khadija 	female_feminine	3.2835	common_voice_sw_35107981.wav
msichana ule mwaka huu kwenye ntihani ndopicha kwaudhuri 	male_masculine	5.0475	common_voice_sw_32091206.wav
sengimba mkubwa aliwazaa kilemaganga na mkwawa pia mpangile 	female_feminine	4.7235	common_voice_sw_29794184.wav
walichukua asilimia sitini na kudai haki zao 	female_feminine	4.8675	common_voice_sw_30230418.wav
na kilomita za mraba elfu kumi na tisa mia mbili na nane 	female_feminine	6.0555	common_voice_sw_34763053.wav
hawa wote huajiriwa na serikali chini ya mamlaka ya hifadhi 	female_feminine	5.4075	common_voice_sw_30368636.wav
hata leo ni kati ya makabila fukara zaidi nchini tanzania 	female_feminine	4.5435	common_voice_sw_29922646.wav
vitu hivyo vilisafirishwa kwa kutumia majahazi yao 	female_feminine	4.7235	common_voice_sw_29792331.wav
nyama haiwezi kutambulika kama chakula kikuu 	male_masculine	3.9675	common_voice_sw_30180485.wav
matokeo yaliyotangazwa na tume ya uchaguzi zanzibar katika uchaguzi huo 	female_feminine	5.3355	common_voice_sw_34746880.wav
katika somo hili 	male_masculine	2.0955	common_voice_sw_31304420.wav
alikuwa sultani wa maskat oman na zanzibar 	female_feminine	4.6155	common_voice_sw_34896069.wav
mamba hupenda kuishi katika maji baridi kama vile maziwa mito ardhi tepe tepe 	male_masculine	8.8275	common_voice_sw_29333345.wav
katiba ya mwaka elfu moja mia tisa sitini na mbili ndiyo ilitungwa na watanganyika 	female_feminine	4.7235	common_voice_sw_29923252.wav
wengi wanamtumia kiumbe huyo kukuza mapato ya taifa 	female_feminine	5.4435	common_voice_sw_30585124.wav
kazi za sanaa zinapatikana jijini 	female_feminine	4.7955	common_voice_sw_29702950.wav
wakati anawaza alizunguka upande wa kushoto wa nyumba 	female_feminine	5.1555	common_voice_sw_34841654.wav
meli hiyo ilikuwa ikitokea katika bandari ya bukoba kuelekea mwanza 	female_feminine	5.0475	common_voice_sw_30023300.wav
hubaki na maambukizi ya kudumu ya virusi vya homa ya ini 	female_feminine	8.3235	common_voice_sw_30566963.wav
ya mitaa ya buza kwenye suala nzima la ulinzi shirikishi ambalo limekuwa tegemezi 	female_feminine	8.5035	common_voice_sw_34924159.wav
alikuwa na nia ya kujenga muungano wa afrika ili iwe kitu kimoja 	female_feminine	6.0555	common_voice_sw_30574135.wav
atazungumza pia na wakazi wa halmashauri hiyo pamoja na maeneo jirani 	female_feminine	5.5515	common_voice_sw_37087884.wav
alipata kuwa mkuu wa kwanza wa shirika hilo lote la mt 	female_feminine	7.5675	common_voice_sw_29013540.wav
mashirikisho ya soka ya mabara nayo yakaiga kutoka kwa wasimamizi wa soka duniani 	male_masculine	7.4955	common_voice_sw_30364120.wav
babdari nyingine iliyotumiwa kukusanya mizigo kwa ajili ya kusafirishwa kwenda ulaya 	female_feminine	5.6235	common_voice_sw_30443876.wav
dereva walibishania abiria njiani 	female_feminine	4.2555	common_voice_sw_34812531.wav
alimaliza elimu yake ya juu katika chuo kikuu cha mt 	male_masculine	5.4435	common_voice_sw_28682402.wav
kuongezeka kwa wakimbizi kutoka nchi jirani na kukua kwa makambi kulikuwa tatizo kubwa 	female_feminine	7.0275	common_voice_sw_29760953.wav
labda wafanye uchaguzi mwingine labda mazungumzo hata kabla ya hapo 	female_feminine	5.9475	common_voice_sw_36252326.wav
hakuna mtu asiyetaka kuitazama timu ya guardiola ikicheza 	female_feminine	6.6675	common_voice_sw_29797795.wav
ujumbe wa kusikiliza ni kama nyimbo 	male_masculine	4.3635	common_voice_sw_28877810.wav
lengo lake lilikuwa kuendeleza matengenezo lakini pia kudumisha umoja huo 	female_feminine	6.1635	common_voice_sw_28761186.wav
mwaka elfu moja mia tisa sabini serikali iliipa kazi kampuni ya upangaji miji 	female_feminine	7.1355	common_voice_sw_30017714.wav
kwa njia ya magavana na wanajeshi wake 	female_feminine	3.2835	common_voice_sw_35183794.wav
messi kuondoka barcelona jambo la kushangaza 	male_masculine	4.3275	common_voice_sw_29877498.wav
moja aliiga mfumo wa kijeshi wa wasangu waliowahi kuwa kabila lenye nguvu kwa kujifunza 	female_feminine	7.2435	common_voice_sw_35582730.wav
dola miji ilikuwa muhimu sana katika nchi nyingi kihistoria 	female_feminine	6.0555	common_voice_sw_28903544.wav
meli hiyo ilikuta watu wengi wameshakufa 	male_masculine	2.7435	common_voice_sw_36389447.wav
hawezi kumsahau david mbulumi na sakina datoo aliyemsaidia bila yeye kujua 	female_feminine	5.9835	common_voice_sw_30073444.wav
alipata mafunzo mbalimbali katika taasisi ya chuo cha utawala wa umma lahore pakistani 	female_feminine	8.5755	common_voice_sw_29790682.wav
jimbo linapatikana katika kaunti ya marsabit mashariki mwa nchi 	male_masculine	6.2715	common_voice_sw_29468540.wav
wengine huona ya kwamba ni wazungu wasiojua kiswahili vema waliochanganya mlima na kilima 	female_feminine	7.6035	common_voice_sw_31787966.wav
soka linaweza kusitisha shughuli zingine zote duniani 	female_feminine	5.8755	common_voice_sw_30037188.wav
chini ya tanganyika african umoja wa kitaifa kilichoongoza harakati za uhuru 	female_feminine	6.5955	common_voice_sw_35183622.wav
inatakiwa kujiamini kwamba ulemavu sio kikwazo cha kufanya kitu ambacho unakipenda 	male_masculine	7.6395	common_voice_sw_30574832.wav
makao makuu yako paris ufaransa 	male_masculine	5.2275	common_voice_sw_28690216.wav
maeneo haya ambako kilimo kilianza ni china amerika ya kaskazini na mashariki ya kati 	female_feminine	6.2355	common_voice_sw_28927318.wav
mji ina idadi ya viwanda 	male_masculine	3.2835	common_voice_sw_28259641.wav
alisisitiza kwamba sehemu ya matamshi huwa na umuhimu wa kuonyesha hali kati ka tamthilia 	male_masculine	7.4955	common_voice_sw_29937520.wav
kwa jumla maelezo ya kitaalamu ya vyombo vya habari ilikuwa hadi juzi 	female_feminine	5.0475	common_voice_sw_34842964.wav
mazingira ni jumla ya mambo yote yanayomzuguka kiumbe katika maisha yake 	male_masculine	7.7475	common_voice_sw_30007271.wav
biashara hii ilifanyika kwa muda mrefu sana 	male_masculine	4.5075	common_voice_sw_30326744.wav
gani yanayohitaji ufumbuzi wa aina gani hili ni jambo kubwa sana kwake japokuwa tutaendelea 	male_masculine	7.2435	common_voice_sw_37089251.wav
zile mbili au inaweza kuwa na msamiati wenye uzito sawa lugha hiyo ndiyo kipijini 	female_feminine	6.4875	common_voice_sw_35183394.wav
iliendelea kuwa kitovu cha utamaduni wa kigiriki katika misri 	male_masculine	5.0835	common_voice_sw_28663139.wav
lakini historia itakayofundishwa katika nchi zilizoondoa ukoloni na vibaraka wake afrika itaandika historia yake 	female_feminine	10.0155	common_voice_sw_35156069.wav
pesa ni nzuri 	female_feminine	2.0235	common_voice_sw_35157431.wav
zanzibar inaongozwa na serikali ya mapinduzi 	male_masculine	3.1755	common_voice_sw_30025907.wav
kucheleweshwa kwa uchaguzi huo huenda 	female_feminine	3.8955	common_voice_sw_34906889.wav
chama cha afroshirazi party kilichowakilisha waafrika 	female_feminine	4.4355	common_voice_sw_29797575.wav
heshima ya pep guardiola ni kubwa sana barani ulaya 	female_feminine	6.0555	common_voice_sw_30297498.wav
lililoendesha shughuli zake kisiri kwa lengo la kuungoa madarakani utawala wa batista 	female_feminine	7.3875	common_voice_sw_30580988.wav
alipanda mpakangazi ya kuwa afisa wa mipango serikalini 	female_feminine	5.3355	common_voice_sw_36642911.wav
waandishi wa habari wakipigwa na kunyang anywa vifaa vyao vya kazi 	female_feminine	5.1555	common_voice_sw_35099280.wav
lengo la kuhakikisha usalama na uimara katika mfumo wa shughuli za kibenki 	male_masculine	6.5235	common_voice_sw_30181548.wav
ni maarufu kwa hisia za kuhama 	male_masculine	4.9755	common_voice_sw_29612298.wav
la kusini mwa afrika kwa miongo mitatu tangu mwaka elfu moja mia tisa sitini 	male_masculine	7.9635	common_voice_sw_36387602.wav
meyer alikuwa mtu wa kwanza kufika kwenye kilele cha mlima kilimanjaro 	male_masculine	4.9755	common_voice_sw_29995793.wav
nimadini yenye thamani kubwa sana katika soko la dunia 	female_feminine	5.4435	common_voice_sw_30034977.wav
mababu waliotokea ugogo waliishi vyema na makibila jirani 	female_feminine	4.5075	common_voice_sw_30653492.wav
kutoka dar es salaam ukisindikizwa na milima ya usambara 	female_feminine	4.2555	common_voice_sw_35181936.wav
mtu aliye jenga heshima kubwa duniani 	female_feminine	3.6435	common_voice_sw_30624143.wav
huu ni uharibifu wa makazi ya wanyama 	female_feminine	4.9035	common_voice_sw_30173328.wav
lazima kuna kitu labda unaona siyo muda muafaka kunambia alisema mtaalamu huku akisimama 	male_masculine	6.8835	common_voice_sw_36311000.wav
hiyo ilikuwa taswira yake ya hadharani 	male_masculine	3.1755	common_voice_sw_37224321.wav
utalii wa maporomoko ya rusumo unakadiriwa kuongezeka kila mwaka 	female_feminine	6.1275	common_voice_sw_30054692.wav
timu kubwa za ulaya zinategemea umahiri wa nyota wa afrika 	male_masculine	8.5755	common_voice_sw_31433455.wav
njiani aliangamiza vijiji alivyokutana navyo 	male_masculine	4.5075	common_voice_sw_30180898.wav
obotte ndiye aliyepinduliwa na idd amini 	female_feminine	4.55965625	common_voice_sw_30004946.wav
hivyo basi atatafutwa mwanamke ambaye hajabahatika kuzaa na atapewa mmoja 	male_masculine	8.3235	common_voice_sw_29796539.wav
zaidi jina halisi na sifa za hadithi hiyo hutofautiana kulingana na eneo 	female_feminine	6.1275	common_voice_sw_29762176.wav
mashabiki wanataka kuona soka safisoka la kwenye kitabu ndilo linalotakiwa 	male_masculine	6.7755	common_voice_sw_29977787.wav
bila kusahau wilaya za handeni na korogwe 	female_feminine	4.2555	common_voice_sw_29791332.wav
kuanzia mashariki tarakea rombo hadi magharibi kwa kilimanjaro siha machame 	female_feminine	5.6955	common_voice_sw_30581811.wav
wenye eneo la mita za mraba elfu ishirini na saba 	female_feminine	4.9755	common_voice_sw_34763050.wav
nze na mashindano ya soka ya cekafa na draw ya mashindano hayo ambayo yataandaliwa 	male_masculine	6.1635	common_voice_sw_36387947.wav
mwaka elfumoja miasaba sabini na nane ufaransa 	male_masculine	5.0475	common_voice_sw_36013833.wav
hadi hapa maendeleo ya vikosi vya maungano yalikuwa na matatizo mengi 	female_feminine	6.1635	common_voice_sw_29246480.wav
tisini na moja kibaki alikuwa wa tatu na mwaka elfu moja mia tisa tisini 	male_masculine	7.5675	common_voice_sw_34392888.wav
linapotajwa jina lake kwa hakika hustua nyoyo za watu wengi duniani 	female_feminine	5.0475	common_voice_sw_35586733.wav
ndiye anayeongoza orodha ya wafungaji bora wa kipute hicho 	female_feminine	7.7475	common_voice_sw_30574258.wav
vikwazo vingi vya upigaji kura vilikuwepo 	female_feminine	4.5435	common_voice_sw_29791256.wav
mashariki na kusini mashariki eritrea ina pwani ndefu katika bahari ya shamu 	female_feminine	7.2075	common_voice_sw_28699138.wav
hata hivyo nyumba zao za asili zinajengwa kwa kutumia miti 	male_masculine	5.9475	common_voice_sw_30104564.wav
kukosa nguvu maumivu ya misuli degedege kuuma na kuvimba kwa tezi za limfu 	male_masculine	6.5235	common_voice_sw_30671889.wav
wamasai wana makazi yao sehemu za kusini mwa kenya 	male_masculine	4.7595	common_voice_sw_30209891.wav
alipendwa na kukaribishwa na mwamududa kuishi kwake lakini akaanzisha mapenzi ya siri 	female_feminine	7.7835	common_voice_sw_29961523.wav
hutoa makazi madogo kwa nyanda zisizo na wanyamapori 	female_feminine	5.3355	common_voice_sw_29925296.wav
watu waliyoshitakiwa alikuwa nahodha na mkuu wa bandari ya kemondo 	female_feminine	8.08765625	common_voice_sw_30005015.wav
kabila kubwa ni lile la wasukuma 	female_feminine	4.4355	common_voice_sw_28669853.wav
watumwa walifungwa kwenye mkunazi uliokuwa ukipatikana hapo kwa ajili ya kunadiwa na kuuzwa 	male_masculine	6.5955	common_voice_sw_36381025.wav
huku ikitoa zaidi ya albamu nne ndani ya mwaka mmoja 	male_masculine	4.5435	common_voice_sw_30323793.wav
viongozi wengi wa afrika walipata usaidizi wa upande mmoja au mwingine 	female_feminine	6.3075	common_voice_sw_30306799.wav
anasonga ugali 	male_masculine	1.8075	common_voice_sw_36388888.wav
a zikachakachuliwa huko huko vijijini 	female_feminine	4.0755	common_voice_sw_34940571.wav
liandikwalo ndiyo liwalo 	female_feminine	2.9235	common_voice_sw_34943415.wav
kuna lugha kadha ambako kidole hiki huitwa kwa majina kama kidole cha daktari 	male_masculine	7.7835	common_voice_sw_29032191.wav
tdege waliyobaki kwenye hifadhi wanapatikana kwenye misitu 	female_feminine	5.6955	common_voice_sw_30624139.wav
pochi echu a amu afirika itakuva ni pochi kuruu a pili 	male_masculine	6.3435	common_voice_sw_32323918.wav
rangi yao ni nyeupe 	male_masculine	2.3475	common_voice_sw_28716466.wav
nikitazama matendo yako na nguvu zako wewe 	male_masculine	4.0035	common_voice_sw_36616893.wav
pale unapowashwa na kukimbizwa nchi nzima huku miradi mbalimbali ikizinduliwa 	female_feminine	6.2355	common_voice_sw_31446722.wav
ushiriki katika tume maalum ya kupitia katiba 	male_masculine	4.2915	common_voice_sw_36386478.wav
wazigua wa zamani walikuwa na tabia ya kuchokonoa meno ya mtoto 	male_masculine	5.3355	common_voice_sw_30233639.wav
wachagga wana historia ndefu ya asili yao na ya maingiliano yao na makabila mengine 	male_masculine	7.9635	common_voice_sw_30661095.wav
katiba hii kwa ufupi ilikuwa ya chama kimoja kwa mfumo wa ujamaa 	female_feminine	7.0635	common_voice_sw_30099976.wav
wanaogopa kushusha heshima zao walizozitengeneza 	male_masculine	5.0475	common_voice_sw_30090789.wav
mwaka mmoja baadaye zidane akauzwa kwenda real 	female_feminine	5.0835	common_voice_sw_30108383.wav
kila kinachowapendeza ndani ya macho yao ndicho wanachofanya 	female_feminine	7.2435	common_voice_sw_29793689.wav
iwapo bidhaa kutoka uchina vitakuwa vimechafuliwa na virusi huwa vinasafiri masafa marefu 	female_feminine	6.9555	common_voice_sw_35182302.wav
zeno alijenga balcony iliyozuia maoni ya anthemius au zaidi ya kushinda mahakamani 	male_masculine	6.8475	common_voice_sw_37090435.wav
fedha za kigeni zinatumika kufanya malipo ya kiserikali 	male_masculine	7.0275	common_voice_sw_34390716.wav
mourinho alipeleka soka la kujihami chelsea 	male_masculine	5.3715	common_voice_sw_30364125.wav
mauaji ya kimbari yalimaanishe uangamizaji wa taifa 	female_feminine	4.1835	common_voice_sw_34958809.wav
pande wa mashariki imepakana na bahari ya hindi na visiwa vya komoro 	male_masculine	6.3435	common_voice_sw_29946211.wav
madrid ya zidane ilikuwa timu imara barani ulaya 	male_masculine	4.45165625	common_voice_sw_30150521.wav
kunakuwepo na sherehe kadhaa zinazofuatana pale mashujaa wanapoingia 	male_masculine	5.63965625	common_voice_sw_30146041.wav
samia suluhu hasasn aliingia madarakani 	female_feminine	3.7155	common_voice_sw_30582551.wav
pwani hizo zilikuwa mapema sehemu ya biashara ya kimataifa katika bahari hindi 	male_masculine	7.0635	common_voice_sw_28582717.wav
vile kinyume kabisa ni kweli katika miezi 	male_masculine	3.1755	common_voice_sw_36350476.wav
mhalifu alikusudia kutekeleza mauaji ya kimbari 	male_masculine	5.6235	common_voice_sw_35280818.wav
rasilimali madini ya aina mbalimbali kutoka pembezoni mwa bahari 	male_masculine	6.5235	common_voice_sw_30582880.wav
kwa sasa uwapo katika eneo hili la makumbusho ya handebevyo utagundua kasoro nyingi 	female_feminine	8.1435	common_voice_sw_30522533.wav
soka ni mchezo wenye matokeo ya kushangaza 	male_masculine	3.7155	common_voice_sw_29937836.wav
mbegu zake ndogo hutoa mafuta 	male_masculine	3.8235	common_voice_sw_28690679.wav
karibu na songea iko monasteri kubwa ya peramiho ya watawa 	male_masculine	6.7755	common_voice_sw_30146251.wav
utalii wa utamaduni ukidumishwa makabila yanaweza kufaidika 	female_feminine	5.7675	common_voice_sw_30341572.wav
wasema ni wa luobaadhi ya jamii ya wajaluo wanaoaminika kwamba walikuwa wabantu na 	male_masculine	8.0355	common_voice_sw_34764221.wav
kunyongwa kisheria hakujulikani na malipo ya kawaida kwa ngombe hutosheleza mambo 	male_masculine	6.7755	common_voice_sw_29995704.wav
akampiga na kumchinja katika eneo hilo la lungemba 	female_feminine	7.4235	common_voice_sw_30327112.wav
hali hii inasababisha kutokea kwa mambo yasiyo kawaida 	female_feminine	6.0555	common_voice_sw_29679634.wav
na wachambuzi wa mambo wanasema kikao hicho 	female_feminine	3.4635	common_voice_sw_35106230.wav
makombora yalipotua kwenye viwanja vya ikulu alipanda helikopta ya jeshi na kutimkia kampala 	female_feminine	8.2875	common_voice_sw_30031779.wav
baada ya kupigwa vya kutosha wareno walikubali kutia saini makubaliano 	male_masculine	6.8835	common_voice_sw_30583010.wav
ilikuwa vigumu kwa waimbaji hawa kupanga muda kwa ajili ya kutengeneza wimbo huu 	female_feminine	7.5675	common_voice_sw_29429307.wav
mpaka hivi karibuni jamii hii ilikuwa haitilii maanani sana suala la elimu 	female_feminine	6.0555	common_voice_sw_31445552.wav
tofauti na hali ya zamani iliyokuwa ikitoa nafasi ya kutumika kwa vitu asilia 	female_feminine	6.5955	common_voice_sw_30378274.wav
pia wananchi wa maeneo hayo hasa wafanya biashara 	female_feminine	4.7955	common_voice_sw_30337044.wav
ulaji wa chakula kilichoambukizwa na viini vinavyosababisha tatizo hili 	female_feminine	5.9835	common_voice_sw_37331965.wav
pamoja na kuchukua tuzo ya mchezaji bora mara nne 	male_masculine	5.4435	common_voice_sw_31415705.wav
jasiri na maarufu marehemu mchungaji nathanaeli mgaya 	female_feminine	6.0555	common_voice_sw_30527537.wav
hicho baada ya kutokukubaliana na itikadi za ujamaa za nyerere 	male_masculine	4.7955	common_voice_sw_30021970.wav
au uanachama kutokuwepo na utashi wa kisiasa 	male_masculine	6.1635	common_voice_sw_36381144.wav
wanacheka sana wakiwa pamoja 	female_feminine	2.8155	common_voice_sw_34843263.wav
asili ya jina ethiopia haijulikani 	male_masculine	3.7155	common_voice_sw_28305859.wav
naitwa albalo jacob alimdanganya magreth jina lake 	female_feminine	4.3275	common_voice_sw_37092795.wav
namna gani kufanya kazi ya kisasa kwa siri kama ni lazimakumi na tano 	male_masculine	9.3675	common_voice_sw_36945355.wav
ndio maana hivi sasa wanatumia dhana ya uchumi buluu 	male_masculine	4.7235	common_voice_sw_37088323.wav
baada ya hifadhi ya kafue iliyopo nchini zambia 	female_feminine	4.7955	common_voice_sw_30055159.wav
nchini tanzania vyama vya siasa ni vingi 	female_feminine	4.3275	common_voice_sw_30552398.wav
abeid karume alishtakiwa na mfanyabiashara aitwae punja kara 	male_masculine	4.1475	common_voice_sw_29941871.wav
wakati huo ilikuwa ikifanya kampeni kwa ajili ya uhuru pamoja na utawala wa wengi 	male_masculine	5.0475	common_voice_sw_30024919.wav
spishi mbili zinapatikana afrika na nyingine tatu huko asia 	female_feminine	5.8035	common_voice_sw_29629988.wav
na nyingine nyingi sana zilizopo katika bara la afrika 	female_feminine	5.1555	common_voice_sw_29925691.wav
asia ndogo sanamu ya zeus mjini olympia ugiriki ya kale 	female_feminine	5.6955	common_voice_sw_37096968.wav
ambayo itaingiza ajira zaidi ya ishirini na nne na mia sita kwa vijana 	female_feminine	7.9635	common_voice_sw_30233611.wav
bayern munich iliyokuwa balaa ujerumani haikuwahi kumaliza msimu bila kufungwa 	female_feminine	5.5875	common_voice_sw_31446621.wav
nilikuwa siamini kwenye suala la kutoka kwenye janga la uteja 	female_feminine	6.7755	common_voice_sw_34597698.wav
alikuwa ni rais wa kwanza wa kenyaalizaliwa mwelfu moja mia nane tisini na 	female_feminine	7.5675	common_voice_sw_34746635.wav
profesa tibaijuka alizungumzia kuhusu kuhusishwa kwake na sakata la akaunti ya tegeta 	male_masculine	6.5955	common_voice_sw_29897879.wav
madume huatamia usiku kwa sababu ya rangi yao ni nyeusi 	male_masculine	5.7675	common_voice_sw_30179818.wav
ilikuwa siku ya ijumaa kuu 	male_masculine	3.6435	common_voice_sw_29726190.wav
wakulima wao waliishi sehemu za milimani 	female_feminine	5.2635	common_voice_sw_30574002.wav
kuna nyota nyingi katika eneo la kundinyota hili lakini zote si angavu sana 	female_feminine	7.2075	common_voice_sw_29748094.wav
kati ya miji yao ulikuwa karthago uliopanua utawala wake 	male_masculine	5.8035	common_voice_sw_36375308.wav
wanawake jamii ya warangi ni wazuri nywele zao ni asili ya waraabu weupe 	female_feminine	5.5875	common_voice_sw_29792343.wav
ya chakula cha jioni bila mapema kuliko 	male_masculine	3.7155	common_voice_sw_36375144.wav
naye akasema kuwa hajapata taarifa rasmi kutoka serikali ya kigali 	male_masculine	5.0115	common_voice_sw_37084797.wav
mbio za mbuni zinamsaidia kuokoa maisha yake 	male_masculine	4.0755	common_voice_sw_29962142.wav
kuna nyota nyingi katika eneo la kundinyota hii 	male_masculine	4.7235	common_voice_sw_28819833.wav
hujitambulisha katika jamii kupitia mapambo ya mwili na uchoraji 	female_feminine	7.2435	common_voice_sw_30572952.wav
awali aliondoa zuio la chama cha african national congress 	female_feminine	5.1555	common_voice_sw_29939388.wav
ge linawezakawa ni bunge nzuri sana ambalo hatujapata kwa 	male_masculine	6.7755	common_voice_sw_37098350.wav
malaika alipogeuka na kufanya matendo ya kigaidi 	male_masculine	6.4515	common_voice_sw_30117840.wav
lakini pia ni muhimu kuakikisha usalama wa wafanyakazi wa shirika hilo 	male_masculine	5.4435	common_voice_sw_36039124.wav
aliporejea tanganyika kutoka masomoni nyerere alifundisha historia kingereza na kiswahili 	male_masculine	6.7755	common_voice_sw_29938218.wav
mto niger na mto congo bila kusahau mto zambezi 	female_feminine	5.1555	common_voice_sw_30036076.wav
dhambi zangu zote wala si nusu 	male_masculine	2.3475	common_voice_sw_36390421.wav
wenyeji wanaiita deutschland tamka na jina hilo limeingia 	male_masculine	6.2715	common_voice_sw_36386215.wav
inaratibu mchakato wa viwango na mikakati ya mifumo ya malipo 	male_masculine	5.8395	common_voice_sw_36385354.wav
vita kati ya washona na wazungu iliyopiganwa katika taifa la zimbabwe 	female_feminine	6.7035	common_voice_sw_29789506.wav
unaweza kupata watu wengi 	male_masculine	2.7075	common_voice_sw_36380943.wav
sijazoea mvuke 	female_feminine	2.8155	common_voice_sw_34597236.wav
tangu wakati huo tovuti na ardhi ya eneo hilo havijatumika tena kabisa 	female_feminine	6.3075	common_voice_sw_28583745.wav
sababu ya msingi iliyopelekea kuanzishwa kwa mamlaka ya hifadhi ya ngorongoro 	female_feminine	6.1635	common_voice_sw_30377021.wav
miaka hamsini iliyopita milton obote aliisimamisha katiba na kujigeuza mtu muhimu 	male_masculine	8.1075	common_voice_sw_29796286.wav
unaweza kufanywa naye au na watu wengine kwa kibali chake au bila ya hicho 	male_masculine	5.7675	common_voice_sw_28660748.wav
na pamoja na tunatambua 	female_feminine	2.9235	common_voice_sw_34746748.wav
kwa hivyo yaani marekani ame amezitembelea hivi nchi strategically kwa sababu kama ukiangalia 	female_feminine	7.6755	common_voice_sw_36644616.wav
blob anazaliana kwa wingi kipindi cha joto jingi 	female_feminine	3.9675	common_voice_sw_30582103.wav
chukua vibebeo kama vile rambo weka vimengenywa vilivyopoa kisha weka mbegu za uyoga 	female_feminine	7.1355	common_voice_sw_30336642.wav
magonjwa ya zinaa ni miongoni mwa maambukizi yanayofahamika sana 	male_masculine	6.3075	common_voice_sw_30583021.wav
mapinduzi ya kiislamu chini ya uongozi wa ayatollah khomeini 	female_feminine	5.2275	common_voice_sw_34924865.wav
mara nyingi watu wanaochaguliwa kwenye kazi hizi ni watu ambao watu wanao fahamu 	female_feminine	7.0275	common_voice_sw_35183287.wav
mjerumani overall aliingia kwenye orodha ya wachezaji bora 	male_masculine	4.5075	common_voice_sw_30327290.wav
upande wa kaskazini wa mzingo wa kasoko ulipinduka 	female_feminine	5.4435	common_voice_sw_30439624.wav
uchumi wa kisiwa hutegemea hasa uvuvi na utalii 	female_feminine	4.5435	common_voice_sw_28835123.wav
isiyo ya kawaida kwa muda mrefu hii ilikuwa sababu kipindi kubwa ya kufanya kazi 	female_feminine	7.6035	common_voice_sw_35181854.wav
hayajulikani mengine kuhusu historia yao ila tangu kale wanaheshimiwa kama watakatifu 	female_feminine	6.7755	common_voice_sw_29707312.wav
mechi ya marudiano bayern munich ilikubali kichapo 	male_masculine	3.9675	common_voice_sw_29942918.wav
ya maneno au muundo wasentensi za kiswahili 	female_feminine	4.0035	common_voice_sw_36641966.wav
yai moja la mbuni ni sawa na mayai ishirini ya kuku 	male_masculine	3.6435	common_voice_sw_30327192.wav
baada ya kukua kwa biashara ya utumwa kulisababisha watu wengi kuhamia kilwa kivinje 	female_feminine	5.9835	common_voice_sw_30056255.wav
reunion wakakaa unguja tangu tarehe kumi na mbili 	female_feminine	5.3355	common_voice_sw_29797999.wav
kutokana na maendeleo ya kijamii na viwandani 	female_feminine	3.8235	common_voice_sw_35123649.wav
kufaulu kwa kura ya maamuzi huku sudan kwa namna moja au nyingine na manufaa 	female_feminine	6.3075	common_voice_sw_35104544.wav
mimi ni mkuu wake kwa kila kitu 	female_feminine	3.4635	common_voice_sw_34811069.wav
idizina bya ngasu netangwa samachau ni jina apewalo mtu mzima aliyepata mchumba na kuoa 	male_masculine	8.7555	common_voice_sw_30147401.wav
jonna hupata hasira akikosa pesa 	male_masculine	3.4275	common_voice_sw_36387814.wav
khamis mussa makame mvuvi kutoka bububu ameelezea mambo kadhaa 	female_feminine	6.7035	common_voice_sw_35105013.wav
kambini kwetu ingawa kukata eneo lenye mchanga 	male_masculine	4.5435	common_voice_sw_37084062.wav
tunaweza kuya kuya kuyazuia kabla hayajatokea 	male_masculine	8.2875	common_voice_sw_36945650.wav
alikuwa mkongwe wa zamani wa vita vya korea kutumikia katika bunge la congress 	male_masculine	5.5155	common_voice_sw_28922210.wav
wakazi wote wa jamii ya kimasai na makabila mengine 	female_feminine	3.4635	common_voice_sw_31284788.wav
kwa ajili ya kushiriki misa ya shukrani ya watoto wao 	male_masculine	4.0035	common_voice_sw_30381014.wav
alikwenda huko kama padri mmisionari kutoka hispania 	female_feminine	4.2555	common_voice_sw_29203527.wav
huku wachambuzi wa mambo wakitilia shaka kuachiwa kwa mwanaharakati huyo 	female_feminine	6.7755	common_voice_sw_35867955.wav
raia wa msumbiji hasa mshauri wa machel alifundishwa na uingereza 	male_masculine	7.4955	common_voice_sw_30180017.wav
mji wa bagamoyo ulihusishwa na biashara ya masafa marefu 	male_masculine	6.3435	common_voice_sw_30334820.wav
awali alikuwa mwimbaji kabla ya kujihusisha na uigizaji 	male_masculine	5.6235	common_voice_sw_28258762.wav
aliwahi kucheza timu ya taifa ya burkina faso 	male_masculine	4.0755	common_voice_sw_28745413.wav
kuna usemi kuwa alichaguliwa kama mchezaji wa ziada kaitka michezo ya afrika mashariki 	male_masculine	7.9635	common_voice_sw_30201228.wav
kilipatana na chama cha mlengo wa kushoto 	female_feminine	3.7875	common_voice_sw_30053169.wav
majengo yakiitwa yenye usanifu mchanganyiko ambayo ni mgahawa wa kiarabu 	female_feminine	6.1635	common_voice_sw_30653751.wav
tukianzia katika taifa la jamhuri ya kidemokrasaia ya congo 	male_masculine	5.6955	common_voice_sw_30204499.wav
msema kweli mwadilifu mcha mungu na mtu ambaye anaamini katika vitendo kuliko manenosababu 	male_masculine	6.8835	common_voice_sw_37229917.wav
sungura ni mnyama mjanja sana 	male_masculine	2.7075	common_voice_sw_37089133.wav
soka ya taifa ya ufukweni na timu za soka za taifa za vijana 	male_masculine	5.5875	common_voice_sw_29796249.wav
mchezaji nyota wa brazil zico alingara sana kipindi hicho 	female_feminine	6.4155	common_voice_sw_29798592.wav
ni ukamilifu kwa kila mtu 	male_masculine	3.2475	common_voice_sw_35756839.wav
nikusaidieje tafadhali 	female_feminine	3.0675	common_voice_sw_35099624.wav
na kujitenga kwa sudan kusini saa chache kabla ya matokeo mwisho 	female_feminine	5.6235	common_voice_sw_35107649.wav
kipindi kilichojulikana kama watu wanaongea kipindi hicho kilipanda chati sana 	female_feminine	5.4075	common_voice_sw_29923501.wav
kazi ambayo aliifanya huku akiendelea na masomo yake hadi alipohitimu katika chuo kikuu 	female_feminine	5.8755	common_voice_sw_30653781.wav
mahale ni hifadhi yenye historia ya kuwa makazi ya jamii adimu za sokwe 	female_feminine	5.7675	common_voice_sw_30581863.wav
ukaamua tu kwanini mimi ndio hiyo sababu naitaka kwa nini uliamua tu kutopiga kura 	female_feminine	6.9195	common_voice_sw_37083986.wav
bendera ya kenya 	female_feminine	2.6355	common_voice_sw_34962959.wav
inayoitwa tepui katika lugha ya wakazi asilia 	male_masculine	5.9475	common_voice_sw_36255328.wav
hayati daktari magufuli alichaguliwa kuwa waziri wa kilimo 	male_masculine	5.3355	common_voice_sw_31304437.wav
kilimo cha waha ni mahindi maharage ndizi kahawa mhogo karanga mbaazi na njegere 	male_masculine	9.6555	common_voice_sw_29905397.wav
kwa kuepuka kuchangia vifaa au vitu vyenye ncha kali 	female_feminine	4.4355	common_voice_sw_30034289.wav
wakati ule mfalme wa ubelgiji na ureno walikuwa wakoloni wa maeneo jirani 	male_masculine	5.7675	common_voice_sw_29865205.wav
mfano wa makundi ya mapigano yenye kumiliki silaha 	male_masculine	4.7235	common_voice_sw_29896362.wav
walipanda mashua ya mwisho ya kuokoleaa 	female_feminine	3.8235	common_voice_sw_35206707.wav
hewa kwa sababu nyingi ya shughuli zao ni vyanzo vya aina mbali mbali 	male_masculine	7.4955	common_voice_sw_36373509.wav
wakazi wa kwanza wa eneo linaloitwa kenya walikuwa wa jamii ya wakhoisan 	male_masculine	10.1235	common_voice_sw_31433285.wav
vilevile longombas ambalo ni kundi maarufu lenye makao nchini kenya 	female_feminine	6.9555	common_voice_sw_29798077.wav
usiku hali joto ina wastani wa sentigredi tisa 	female_feminine	6.0555	common_voice_sw_30032640.wav
aliuwawa pia kwa kutetea swala hili imeandikwa kwa kidefu habari hii katika 	male_masculine	7.8915	common_voice_sw_36385828.wav
walichangia kikamilifu hasa harakati za ukombozi 	female_feminine	4.6155	common_voice_sw_30591019.wav
na georgia katika eneo la kilima cha meskhetian 	female_feminine	4.9035	common_voice_sw_35438865.wav
k wizi uliouwazi kabisa 	male_masculine	3.3555	common_voice_sw_36386619.wav
nyongeza katika mambo ya ndoa au urithi wa mali walikuwa chini ya 	female_feminine	5.9475	common_voice_sw_34745231.wav
ambapo baadhi ya sifa za muziki ni uzito wa sauti na wizani au mahadhi 	female_feminine	6.3075	common_voice_sw_35109555.wav
ndege hawa wanatokea misitu na maeneo mengine yenye miti katika afrika kusini kwa sahara 	male_masculine	8.5755	common_voice_sw_28662081.wav
mdimangombe kabla ya kuwa sultan alilelewa na kutumwa kazi na mndewa mkulu mwande ambaye 	female_feminine	8.3955	common_voice_sw_36642170.wav
wanyama wengine wanaopatikana gombe ni kima wenye mkia mwekundu na bluu 	female_feminine	6.7035	common_voice_sw_29791248.wav
pep guardiola hajawahi kufungwa mara tatu mfululizo 	female_feminine	5.4075	common_voice_sw_29925693.wav
sana vijana wanaambiwa waende kucheza 	female_feminine	3.8235	common_voice_sw_34940733.wav
wakati huo inasemekana kwa afrika watu walikua tayari wameanza kupata ugonjwa huu 	male_masculine	6.7035	common_voice_sw_29892402.wav
kasi ya harakati inategemea na tabia za mwamba unaopatikana 	female_feminine	6.8835	common_voice_sw_29262332.wav
yetu wa wakati huu anayesema nasi kwa imani isiyozeeka kazi yake 	male_masculine	5.7675	common_voice_sw_36390743.wav
hayo yalisemwa na watafiti wa maisha na mwenendo wa mbuni 	male_masculine	5.5875	common_voice_sw_30327407.wav
walikuwa na homa ya pneumonia na saratani ya ngozi 	female_feminine	4.6155	common_voice_sw_30177430.wav
wakazi wake leo wanaunda jamhuri ya muungano wa tanzania 	female_feminine	4.4355	common_voice_sw_30329557.wav
nadhani katika mataifa mengine itakuwa ni hivo 	female_feminine	4.4355	common_voice_sw_37083983.wav
hadhi ya mji wa dar es salaam ilipandishwa kuwa ya manispaa 	male_masculine	5.7675	common_voice_sw_29787911.wav
rais george washington alikuwa rais wa kwanza wa marekani 	male_masculine	2.8875	common_voice_sw_30223134.wav
wakati naanza nilikuwa upande wa habari pekee 	male_masculine	4.3275	common_voice_sw_29942124.wav
jina la baba yake lilikuwa yohane 	male_masculine	3.8235	common_voice_sw_28695669.wav
baadae kuliundwa timu nyengine ya mpira wa miguu ambayo ni vuga boys 	female_feminine	5.1555	common_voice_sw_30653802.wav
karamu hii hufanywa na wazazi au wajomba wa mama aliyejifungua 	female_feminine	7.0635	common_voice_sw_30304015.wav
elimu hii iliwasaidia kupambana na changamoto za familia na kudumisha amani na upendo 	female_feminine	6.3435	common_voice_sw_30022076.wav
uvamia kambi ya wakimbizi katika eneo hilo ambalo hadi sasa 	male_masculine	7.0275	common_voice_sw_36013837.wav
mkazi mwengine wa mtaa huo 	male_masculine	3.6075	common_voice_sw_36385707.wav
walipokonywa mali na mashamba yao bila kulipwa fidia 	male_masculine	5.8755	common_voice_sw_29958302.wav
hifadhi hii ipo ndani ya bonde la ufa 	female_feminine	3.8235	common_voice_sw_29922493.wav
kiasi cha kupelekea malalamiko mengi katika sekta ya elimu afya na nyinginezo 	male_masculine	7.7475	common_voice_sw_29950268.wav
kenyata alihusishwa na harakati za vita vya msituni 	male_masculine	4.9035	common_voice_sw_29850308.wav
yote wanahimizwa kubatizwa kwa maji ili kuzaliwa upya kadiri ya 	female_feminine	6.5235	common_voice_sw_35183982.wav
mwinyi alikuwa kiongozi mpenda amani sana 	male_masculine	4.1475	common_voice_sw_30582812.wav
baadhi ya rekodi na kumbukumbu huwa zinafurahisha na kuvutia lakini nyingine zinaweza 	male_masculine	5.8755	common_voice_sw_30025833.wav
hata hivyo alifaulu kuanzisha mtandao wa shule nchini ufaransa 	female_feminine	5.3355	common_voice_sw_29592186.wav
lakini kwa ajili ya mkutano huu wanaohudhuria nayasema haya 	male_masculine	6.6675	common_voice_sw_35108173.wav
uchumi unaokua na wenye mbinu zinazostahili kupaumbele 	male_masculine	3.6075	common_voice_sw_30019977.wav
alifanya mikataba ya ulinzi na watawala wadogo 	female_feminine	4.7235	common_voice_sw_34760004.wav
wadudu hao hawana mabawa lakini wanaweza kuruka mbali sana ikilinganishwa na ukubwa wao 	female_feminine	8.1075	common_voice_sw_29594614.wav
kosa dogo katika kuandika linaweza kusababisha madhara makubwa 	male_masculine	6.8835	common_voice_sw_28669846.wav
lucky dube alirekodi albamu ishirini na mbili katika lugha ya kizulu 	male_masculine	4.6875	common_voice_sw_36310672.wav
ya nchini hispania aliyekuwa anacheza nafasi ya kiungo mshambuliaji 	female_feminine	6.7755	common_voice_sw_29685965.wav
rais aongeze kasi ya utekelezaji wa mapendekezo yaliyotolewa na wafanyabiashara 	female_feminine	6.5235	common_voice_sw_30109606.wav
ikiwa imekatishwa na mtandao mzuri wa barabara za kuangalia wanyama 	female_feminine	5.5155	common_voice_sw_30628516.wav
kama serikali imedhamiria kuikomboa wilaya ya makete barabara ndio chanzo za maendeleo 	female_feminine	7.3155	common_voice_sw_29787942.wav
munich iliona kipindi cha vuguvugu ya mapinduzi 	male_masculine	5.2275	common_voice_sw_28581556.wav
ni sloth tatu toed bradypus tridactylus ambayo 	female_feminine	4.7235	common_voice_sw_34958448.wav
kwenye serikali na kuwafanya kuwa kundi la wapiganaji 	female_feminine	4.5075	common_voice_sw_29924815.wav
mara nyingi mishipa hiyo ya damu hupasuka na damu huganda 	male_masculine	5.1555	common_voice_sw_30142849.wav
matibabu ya awali kwa kutumia antibayotiki huanzishwa kabla matokeo ya vipimo 	female_feminine	6.6675	common_voice_sw_30192088.wav
koloni hilo la kijerumani lilitekwa na majeshi ya uingereza na ubelgiji 	male_masculine	5.9835	common_voice_sw_29796000.wav
kama yataachwa bila kutibiwa magonjwa hayo yanaweza kusababisha maumivu makali 	female_feminine	5.9115	common_voice_sw_30048013.wav
hifadhi hii inapatikana katika mji maarufu wa kitalii 	female_feminine	6.1635	common_voice_sw_29793045.wav
himaya hiyo ilikuwa inapatikana upande wa kusini magharibi mwa uganda mashariki mwa ziwa edward 	female_feminine	7.1355	common_voice_sw_28708458.wav
wakati wa awamu za mapema za mlipuko idadi ya kesi iliongezeka mara mbili 	female_feminine	6.3075	common_voice_sw_37214804.wav
mwaka huo koloni la kenya liliundwa na kupatiwa jina linalotokana na mlima kenya 	male_masculine	6.7755	common_voice_sw_30327366.wav
blia kusahau halmashauri ya wilaya ya chato na halmasahauri ya mji wa geita 	male_masculine	6.7035	common_voice_sw_29948454.wav
siku hizi mfereji uko chini ya serikali ya panama 	male_masculine	5.2635	common_voice_sw_28716395.wav
adolf hilter aliweza kuwa mwanajeshi wa kawaida 	male_masculine	4.6155	common_voice_sw_30145858.wav
imepakana na libya sudan jamhuri ya afrika ya kati kamerun nigeria na niger 	male_masculine	8.8275	common_voice_sw_28735615.wav
alipokufa milki ilichukuliwa na dada yake mwene ngalu ambaye ndiye mwanzilishi wa sumbawanga 	female_feminine	9.4755	common_voice_sw_30198414.wav
kwa hivyo huitwa kasuku mapenzi pia 	male_masculine	3.7875	common_voice_sw_28681492.wav
watu waliofanikiwa kufika kileleni na kushuka wanapendekeza unywe lita tano za maji kwa siku 	male_masculine	7.6035	common_voice_sw_30024646.wav
vyuo vingi nchini tanzania wamekuwa wakiwataaa watu wenye ulemavu 	male_masculine	5.9475	common_voice_sw_30118044.wav
rose muhando alisaini mkataba wa kurekodi albam na kampuni la sony music 	female_feminine	5.6235	common_voice_sw_29797928.wav
tauni inayosababisha mtoki dalili huanza kuonekana ghafla 	male_masculine	6.5955	common_voice_sw_29936717.wav
sisi tuko hapa mpaka saa nane 	male_masculine	3.1755	common_voice_sw_37097771.wav
nampenda yesu kristo 	female_feminine	2.8875	common_voice_sw_34762638.wav
mamlaka haya yapo mjini dar es salaam 	male_masculine	3.8235	common_voice_sw_28683159.wav
serengeti na masai mara zinadumisha umoja kati tanzania na kenya kutokana na muingiliano 	male_masculine	7.3155	common_voice_sw_30434943.wav
ilikuwa inahatarisha maisha ya vikundi vya kimataifa 	male_masculine	5.3355	common_voice_sw_36945152.wav
serikali ina utaratibu wa kidemokrasia ya vyama vingi 	female_feminine	3.8955	common_voice_sw_28961802.wav
hasa kutoa tafsiri maarufu ya biblia ya kikristo katika lugha ya kijerumani 	male_masculine	6.8835	common_voice_sw_30016639.wav
reli hii ya kati inapita katika baadhi ya mikoa 	female_feminine	4.6875	common_voice_sw_29798025.wav
wakifuata fursa za uwekezaji na biashara za aina mbalimbali 	female_feminine	5.13565625	common_voice_sw_31812268.wav
nchi za afrika mashariki zilianzisha umoja wao 	female_feminine	3.6075	common_voice_sw_29793039.wav
ni lazima warejee ndutu ambapo huwa wanazaa 	male_masculine	4.2555	common_voice_sw_30326736.wav
kitabibu inafaa kukumbukwa kuwa mwongozo utambuzi wa 	female_feminine	8.6475	common_voice_sw_35177036.wav
inadaiwa watu hao wamesilimu kutoka ukristu na kuwa waislamu 	female_feminine	6.7035	common_voice_sw_37211827.wav
baraza lilipitisha azimio la kudumisha kulinda kutetea na kuendeleza fikra 	female_feminine	5.6955	common_voice_sw_30031151.wav
pep amepata heshima kubwa katika ulimwengu wa soka 	female_feminine	3.7875	common_voice_sw_30079210.wav
wafanyikazi elfu moja mia tano walishiriki katika ujenzi wa titanic 	male_masculine	5.2635	common_voice_sw_36036870.wav
kuna aina nyingi tofauti za nyumba za wageni 	male_masculine	4.5075	common_voice_sw_29418685.wav
mingine kadhaa walisubiri serikali iwajengee shule nne ukichanganya sababu moja mbili na tatu utagundua 	female_feminine	7.0995	common_voice_sw_37090167.wav
tetere ni mtu wa usalama kama yeye 	female_feminine	3.6075	common_voice_sw_35774712.wav
benki kuu ya tanzania inahakikisha kuwa taifa lina uchumi imara 	female_feminine	5.3355	common_voice_sw_34979492.wav
baadhi ya koo za kizanaki zilichanganya damu sana na wasukuma 	female_feminine	6.2355	common_voice_sw_31284796.wav
alisoma pia chuo kikuu cha pennsylvania 	male_masculine	4.6875	common_voice_sw_29926830.wav
mohammed anaunda safu ya ulinzi ya azam ambayo ndio timu pekee mpaka sasa 	male_masculine	7.7835	common_voice_sw_30334762.wav
mtawala wa mwisho wa kabila la wanyambo aliitwa itogo ruhinda 	male_masculine	5.2635	common_voice_sw_30419850.wav
ya mauwaji yaliofanywa na polisi mmoja nchini marekani michael minim 	female_feminine	4.1475	common_voice_sw_34958953.wav
familia nyingi huenda kanisani jumapili 	female_feminine	3.2475	common_voice_sw_35181792.wav
licha ya hayo kuzaa ni jinsi ya kawaida ya kuongezeka 	female_feminine	4.7955	common_voice_sw_29780905.wav
roho mtakatifu si baba wala mwana 	female_feminine	4.1835	common_voice_sw_29390324.wav
ganda la mua la jana chungu kaona kivuno 	male_masculine	5.6235	common_voice_sw_31306395.wav
adhabu kali ilitolewa kwa wale waliopinga 	female_feminine	4.6155	common_voice_sw_30378774.wav
alipata elimu ya msingi katika shule ya msoga 	female_feminine	4.1835	common_voice_sw_30052488.wav
nyumbu huzaliana sana na kufikia nyumbu laki tano wanaozaliwa kwa mwaka 	male_masculine	6.8475	common_voice_sw_31304305.wav
licha ya watu zaidi ya mia nne kuthibitisha kupoteza maisha nchini brazil 	female_feminine	6.6675	common_voice_sw_34941445.wav
uchunguzi wao ulilenga zaidi kuandika mambo mengi kuhusu karne ya ishirini 	male_masculine	5.8755	common_voice_sw_36311034.wav
wakati waingereze walipowafukuza ili kutayarisha mashamaba ya wakoloni 	female_feminine	5.2275	common_voice_sw_30314119.wav
waziri mkuu ndilo jina la kawaida la cheo cha mkuu wa serikali 	male_masculine	6.1635	common_voice_sw_29637086.wav
kuna vijiji viwili tu kisiwani 	male_masculine	3.9675	common_voice_sw_28670570.wav
pamoja na ufahamu mdogo kuhusu umuhimu wa vitabu 	female_feminine	4.6875	common_voice_sw_36040224.wav
uwanja huo ni sehemu ya makazi magumu zaidi ya vifaa vingine vya riadha 	male_masculine	5.4075	common_voice_sw_28716339.wav
eneo hilo limekuwa kivutio kikubwa cha watu kwenda kufanya matambiko 	female_feminine	4.7955	common_voice_sw_31405983.wav
kipekee kwa kuwa linaandaa makubaliano ya kimataifa yanayokubalika 	female_feminine	5.4435	common_voice_sw_35056382.wav
sera zimefanya vigumu kudumisha maisha ya wamasai 	male_masculine	5.2275	common_voice_sw_30485818.wav
na kuchapa kazi na pia kusimamia vyema nyumba yake 	male_masculine	5.2635	common_voice_sw_29902475.wav
kusimamia na kudhibiti mabenki na taasisi za fedha 	male_masculine	5.2275	common_voice_sw_30582837.wav
kwa sababu hiyo walianzisha mkutano wao wa haki za wanawake 	male_masculine	4.9755	common_voice_sw_29434588.wav
lakini je hiari yetu ni kamili 	male_masculine	3.2475	common_voice_sw_29593678.wav
safari ya kuupanda mlima meru na kushuka 	female_feminine	3.7875	common_voice_sw_34597098.wav
hakuna timu iliyowahi kushinda ubingwa wa ujerumani 	female_feminine	4.5075	common_voice_sw_30378756.wav
mvua zinanyesha kwa wastani wa milimita elfu moja na nne 	female_feminine	5.2995	common_voice_sw_30315539.wav
enkephalini hushikamana nayo ina athari katika mfumo wa 	male_masculine	5.0475	common_voice_sw_36374797.wav
hii ilisababishwa na kukosekana wachezai wenye kaliba ya alex james katika soka la uingereza 	female_feminine	9.5475	common_voice_sw_30173301.wav
kongosho haitengenezi kabisa insulini au inatengeneza kwa kiasi kidogo sana 	male_masculine	6.7035	common_voice_sw_29915388.wav
wagonjwa nane hadi kumi hufa hata baada ya matibabu kwa kutumia antibiotiki 	male_masculine	5.1555	common_voice_sw_29950332.wav
hatimaye showe ando nyamadha kimwa 	male_masculine	3.3555	common_voice_sw_32211055.wav
mvua mingi ilileta mafuriko kijijini 	female_feminine	3.0675	common_voice_sw_34757360.wav
ya nchini hispania 	male_masculine	2.4555	common_voice_sw_29145978.wav
manchester united ya sir alex ferguson ilikuwa matata 	female_feminine	5.67565625	common_voice_sw_30081134.wav
bidhaa zake zilikubaliwa na watu wengi sana 	male_masculine	4.1475	common_voice_sw_29795402.wav
ndio maana wanawake wameanza kutafuta namna nyingine 	female_feminine	3.7875	common_voice_sw_34906962.wav
mume wake alichukua nafasi kubwa katika kumsaidia juu ya sanaa yake 	male_masculine	6.3435	common_voice_sw_29434826.wav
kule maisha ya kufunga na kusali watawa hao waliitwa kwa jina la kigiriki 	male_masculine	4.0035	common_voice_sw_36390658.wav
hakiwezi kuwa dini ya uislamu wala kiarabu nacho si uislamu tunachoweza kuifanya hiyo 	male_masculine	7.3155	common_voice_sw_36387505.wav
imeshavutia mamia kwa maelfu ya wageni kuitembelea huku ikisubiri kufunguliwa rasmi 	male_masculine	5.6235	common_voice_sw_30019852.wav
alisema uhuru wa kongo ni mwendelezo wa kazi iliyotukuka iliyopangwa na mtu mwenye akili 	female_feminine	8.1435	common_voice_sw_35099766.wav
kiasili walikuwa bairu lakini kwa kuoa katika bahima au kufanya kazi kwa watemi 	female_feminine	6.0555	common_voice_sw_30653928.wav
pia kuna mazao ya biashara ya kahawa chai na tumbaku 	male_masculine	9.4035	common_voice_sw_35376522.wav
upo kwenye pwani ya bahari nyeusi 	female_feminine	3.1755	common_voice_sw_28926870.wav
kwa sasa imekuwa sehemu ya kaunti ya elgeyo marakwet 	male_masculine	4.3635	common_voice_sw_28690135.wav
imani ya kuwapo mizimu iliondoka kwa asilimia kubwa 	male_masculine	5.3715	common_voice_sw_30233707.wav
walipoteza mzazi mmoja au wazazi wote kwa ukimwi 	female_feminine	3.9675	common_voice_sw_29793927.wav
alipokelewa kwa ukarimu mkubwa mno na kawinila hyera pamoja na lihuhu kinunda 	male_masculine	7.3155	common_voice_sw_30671301.wav
lakini muingiliano bado haujapata ufafanuzi makini 	male_masculine	5.9475	common_voice_sw_29906561.wav
mkoa huu una sehemu mbili una upande wa ulaya na upande ni asia 	male_masculine	4.7235	common_voice_sw_29627349.wav
zote zikiwa ni hifadhi zinazopatikana ndani ya taifa la tanzania 	male_masculine	6.4875	common_voice_sw_29795819.wav
khazar western and eastern turkic avar na uyghur kaganates 	female_feminine	5.4075	common_voice_sw_35250424.wav
kwa mwaka elfu mbili kumi na tano afya duniani kuhusu sababu za vifo 	female_feminine	6.82765625	common_voice_sw_31767001.wav
watalii wengi wanapenda kuyaona mandhari mazuri ya empokai 	male_masculine	6.9555	common_voice_sw_31321189.wav
baba yake alikua mwanasiasa 	female_feminine	3.3555	common_voice_sw_28583617.wav
alivyoingia kidato cha tano na sita alichukua masomo ya historia jiografia na uchumi 	male_masculine	7.4955	common_voice_sw_30142782.wav
haruhusiwi kuweka mapambo katika masikio yake yaliyotobolewa 	male_masculine	5.7675	common_voice_sw_30143673.wav
shinikizo la seljuks na mongols baadhi ya waturuki 	male_masculine	7.7835	common_voice_sw_35410987.wav
ndipo hupelekwa kusoma elimu dunia siyo kwamba wao 	male_masculine	4.2555	common_voice_sw_30326798.wav
ndege hawa wanatokea afrika kusini mwa sahara 	male_masculine	4.2555	common_voice_sw_29696866.wav
alielezea juu ya uwezo wa jacob kufanya matukio akiruka 	female_feminine	5.5155	common_voice_sw_36643704.wav
hujipaka rangi na alama kwenye nyuso na kisha kufunika nyuso zao wanapokamilisha sherehe 	female_feminine	5.6955	common_voice_sw_37093146.wav
ati hayahusu afrika lakini sivyo 	male_masculine	3.9675	common_voice_sw_37229694.wav
ili apate mafunzo zaidi ya kijeshi nchini uingereza 	male_masculine	5.8035	common_voice_sw_31409713.wav
alishiriki kuanzisha shirika la waandishi wa liberia 	female_feminine	5.3355	common_voice_sw_28672882.wav
yapo matoleo mawili ya muziki wa video 	male_masculine	4.4355	common_voice_sw_28670201.wav
kutoka kabila ya kishujaa ya kikongo na kundi hili 	female_feminine	5.5875	common_voice_sw_30102191.wav
messi alipoteza nafasi adimu ya kuvaa taji la ubingwa wa kombe la dunia 	male_masculine	7.3875	common_voice_sw_31467055.wav
theodoros zagora ndiye aliyekuwa nyota wa ugiriki 	male_masculine	3.7875	common_voice_sw_30025030.wav
vikosi vya amin na libya vilkitaka kushinda ili kuyarudisha nyuma majeshi ya tanzania 	female_feminine	6.7755	common_voice_sw_30017277.wav
kuna mwamba wa kuvutia unaofanana na pua ya binadamu maarufu kama ikamba la fua 	female_feminine	8.2875	common_voice_sw_30098543.wav
aina ya kwanza ya kisukari inaweza kutokea kwa watu kuanzia utotoni 	male_masculine	4.7955	common_voice_sw_30024418.wav
juu zaidi usimbishaji unapungua tena hadi milimita mia mbili 	female_feminine	6.2355	common_voice_sw_30332582.wav
hii sio mara ya kwanza kwa diamond kufanya kazi kenya 	male_masculine	4.0035	common_voice_sw_28876842.wav
lakini walipotakiwa kwenda kwenye mahojiano na mike wote waliingia mitini 	female_feminine	6.3435	common_voice_sw_35171861.wav
kwenye fainali ya kombe la dunia ujerumani ilishinda mbili kwa moja 	female_feminine	8.2875	common_voice_sw_30570692.wav
baada ya mpira kumshinda ulaya akatimkia china 	female_feminine	3.7875	common_voice_sw_31823748.wav
pembe za wanyama ni utajiri wa asili katika nchi ya tanzania 	female_feminine	4.7955	common_voice_sw_29797620.wav
wapare ni kabila kutoka milima ya pare 	female_feminine	3.1035	common_voice_sw_30072346.wav
yenye uraibu miongoni mwa vijanahii leo ikiwa ni siku ya kupiga vita matumizi 	male_masculine	6.9555	common_voice_sw_35224165.wav
ameweka alama akiwa na vilabu vya argentinos juniours boca juniours barcelona napoli sevilla 	male_masculine	6.4875	common_voice_sw_36382231.wav
pande zote mbili zimetolewa katika mahojiano yenye hoja thabiti 	female_feminine	4.9755	common_voice_sw_35110268.wav
kwenye eneo hilo huakikisha kwamba kila mtu anachukua tahadhari husika 	male_masculine	5.8755	common_voice_sw_36382619.wav
mkoa unapakana na nchi ya kenya na uganda kwa upande wa kaskazini 	female_feminine	6.3435	common_voice_sw_30243488.wav
kuna mambo mengi yaliyotokea wakati wa karne hii kama haya yafuatayo 	male_masculine	6.7755	common_voice_sw_28661930.wav
tafulia nguvo kwa ibafe la jirani 	male_masculine	3.7875	common_voice_sw_32091253.wav
tofauti na matarajio ya karume hatua hiyo iliwaleta karibu zaidi 	male_masculine	6.3075	common_voice_sw_30143976.wav
ambapo aliwapa maji aliyodai kuwa na dawa ambayo ingewafanya wasiweze kudhurika 	male_masculine	9.5835	common_voice_sw_35757058.wav
husema kwamba dawa ya kulevya ya ecstasy ni salama na humsisimua 	female_feminine	4.1835	common_voice_sw_34958214.wav
mwai kibaki akachaguliwa kama rais tarehe kumi na saba aprili elfu mbili na nane 	female_feminine	7.0275	common_voice_sw_30623998.wav
linaweza kuwa jambo la kufikirika zaidi kwa wapenda soka 	female_feminine	4.8675	common_voice_sw_30056319.wav
wakati ambapo matukio ya maendeleo yanastahili kutokea katika maisha ya mtu 	male_masculine	6.1275	common_voice_sw_36375122.wav
amefuzu katika uhandisi 	female_feminine	3.7155	common_voice_sw_34826900.wav
ya kusini katika uwanja wa al gharafa 	female_feminine	3.6075	common_voice_sw_35588344.wav
simba wapandao juu ya miti pia msitu wa maji ulioko ardhini 	female_feminine	7.1355	common_voice_sw_30566709.wav
kutoka mji wa kilwa masoko hadi kufika kilwa kisiwani 	male_masculine	4.2555	common_voice_sw_29982111.wav
baba nakushukuru kwa kuwa umenisikia 	female_feminine	3.7875	common_voice_sw_35177098.wav
spishi zote ni nene zenye mkia mfupi na manyoya mazito 	male_masculine	6.1995	common_voice_sw_29574548.wav
wakati huo kamanda mpya mjerumani tom von prince alijenga boma jipya la wajerumani 	male_masculine	6.5955	common_voice_sw_29936484.wav
kwa sasa wamasai wengi wamekuwa wakristu na kiwango kidogo waislamu 	male_masculine	6.2355	common_voice_sw_29866873.wav
matokeo yake endapo yangeipa uganda ushindi yangebadilisha kabisa ramani ya afrika mashariki 	female_feminine	7.7475	common_voice_sw_30574986.wav
reli ya tazara inapita katika ya hifadhi ya kitulo 	female_feminine	5.2275	common_voice_sw_29791980.wav
leo hii idadi kubwa ya wakazi ni wa asili ya kihindi 	male_masculine	5.7675	common_voice_sw_28582977.wav
kufikia mwisho wa hali ya hatari askari hao walikuwa wamewaua 	male_masculine	4.9035	common_voice_sw_37090532.wav
hapo ukawa mwanzo wa mwilwana huku masanja akienda upande wa mashariki eneo la kisaki 	male_masculine	9.6555	common_voice_sw_29815851.wav
ya serengeti au makao makuu ya shirika la hifadhi za taifa mjini arusha 	female_feminine	6.5235	common_voice_sw_35160865.wav
pamoja na kusimamia na kufuatilia utekelezaji wa shughuli zote zinazotekelezwa 	male_masculine	8.0355	common_voice_sw_36014181.wav
wamangati ambao pia huitwa wabarbaig 	female_feminine	6.2355	common_voice_sw_30377074.wav
kwa miaka kadhaa alikaa guinea 	male_masculine	3.7875	common_voice_sw_29696942.wav
makazi yalijengwa katika visiwa vyote vya ulinzi 	female_feminine	3.2475	common_voice_sw_35181960.wav
kabla ya kusafirishwa kwenda kuzikwa katika eneo la makaburi ya watu maarufu uingereza 	male_masculine	7.0275	common_voice_sw_30182237.wav
tutashinda vita hii endapo wananchi pia watatuunga mkono 	female_feminine	4.7955	common_voice_sw_35103687.wav
wakati huo makao yao makuu yalikuwa mjini elmhurst katika eneo la illinois 	male_masculine	8.0355	common_voice_sw_29507950.wav
jose mourinho na makocha wengine wakawa waasisi wa soka la kujihami 	male_masculine	6.9555	common_voice_sw_29897831.wav
tanzania chini ya rais wa awamu ya pili ali hassan mwinyi 	female_feminine	4.7235	common_voice_sw_29798600.wav
yeye ni mwanamuziki mkongwe zaidi katika kundi la westlife la huko nchini ireland 	male_masculine	6.7755	common_voice_sw_28877904.wav
ya kutengana na julius nyerere ikawa vigumu kupata 	male_masculine	5.7675	common_voice_sw_29904875.wav
ais samia suluhu anakabiliwa na kibarua kigumu cha kuinua hali ya uchumi 	male_masculine	5.8035	common_voice_sw_30007308.wav
mwanawe amin hussein alisema babake alizaliwa kampala 	male_masculine	5.4435	common_voice_sw_29869255.wav
mwaka elfu moja mia tisa sabini na tano field marshal 	female_feminine	4.3275	common_voice_sw_31787719.wav
benki kuu ya tanzania ina manaibu gavana watatu 	female_feminine	4.2555	common_voice_sw_35438645.wav
pombe za kienyeji kama ulanzi ili mtoto asisumbue 	male_masculine	5.4075	common_voice_sw_30634784.wav
kwa sasa kutokana na ugonjwa wa ukimwi tabia hii imepungua miongoni mwao 	female_feminine	5.9115	common_voice_sw_30052618.wav
hujenga tago lao juu ya mti msituni 	male_masculine	4.5435	common_voice_sw_28695758.wav
vipande hivyo ni mabamba ya ganda la dunia au kwa kifupi mabamba gandunia 	female_feminine	8.3955	common_voice_sw_29611088.wav
wadhifa alioushikilia kwa kipindi kirefu sana 	male_masculine	4.3635	common_voice_sw_29796702.wav
kama tulivyoona jumbe alivyofanya hapo juu 	female_feminine	3.7875	common_voice_sw_30072549.wav
soka la pasi nyingi la kumtawala mpinzani wake 	female_feminine	3.7875	common_voice_sw_30440093.wav
zilianzishwa kabla ya tanganyika kupata uhuru 	female_feminine	4.8675	common_voice_sw_30574301.wav
maneno ya mwanasayansi einstein yameendelea kuishi 	female_feminine	5.1555	common_voice_sw_30495664.wav
mkono wa kaskazini huitwa mkondo wa atlantiki ya kaskazini 	female_feminine	7.2435	common_voice_sw_28873922.wav
jina hili hutumika pia kwa manyasi marefu yoyote ya maji 	female_feminine	4.7955	common_voice_sw_28584802.wav
balozi salim ahmed salim wakati huo balozi wa zanzibar nchini misri 	male_masculine	4.9755	common_voice_sw_30025489.wav
katika mwezi wa pili mwaka elfu moja mia nane tisini na moja 	female_feminine	4.6875	common_voice_sw_34598137.wav
ni bora uyashuhudie kwa mwenzio 	female_feminine	3.6435	common_voice_sw_34924412.wav
kuna visiwa vingi 	male_masculine	2.9955	common_voice_sw_28876251.wav
na sasa ameamuru kutosafirishwa nje ya nchi kwa bidhaa 	male_masculine	4.5435	common_voice_sw_36319024.wav
jumuiya ya uchumi ya nchi za magharibi mwa afrika 	male_masculine	6.3795	common_voice_sw_30365263.wav
alizaliwa mwaka elfu moja nia tisa sabini na sita 	female_feminine	4.9755	common_voice_sw_29790939.wav
wengine wengi hawana dini yoyote 	male_masculine	3.4635	common_voice_sw_28663274.wav
kuna nafasi kwa ajili ya kuhifadhi vifaa vya kawaida vya upasuaji 	male_masculine	4.5435	common_voice_sw_28670379.wav
siswi na watuhumiwa wa kulipua mabomu miezi iliyopita mjini kigali 	female_feminine	8.3235	common_voice_sw_35409918.wav
mara nyingi kwa marekebisho ya umonaki katika karne ya kumi na tano 	female_feminine	5.4435	common_voice_sw_35183894.wav
ghana waliibuka washindi wa kombe kwenye fainali zilizochezwa nchini kwao 	male_masculine	7.7475	common_voice_sw_30342849.wav
kutokana na wakati baadhi ya vitu kwenye magofu hayo vinaibwa vinaharibiwa 	male_masculine	6.5235	common_voice_sw_29898191.wav
maambukizi ya virusi vya homa ya ini ndio sababu kuu ya shida kwenye ini 	female_feminine	5.7675	common_voice_sw_30351485.wav
baadhi ya maeneo ya matombo na kiroka 	female_feminine	3.8955	common_voice_sw_29924156.wav
za cocaine halisi na vidonge viwili vya dawa 	female_feminine	3.8235	common_voice_sw_35155487.wav
mchimbaji mdogo wa madini hayo laizer kuryani amefanikiwa kupata mawe mawili makubwa 	female_feminine	7.2435	common_voice_sw_30332155.wav
hivyo kipaumbele kikatolewa kwa wanawake na watoto 	female_feminine	4.4355	common_voice_sw_29923801.wav
mwanafizikia ambaye amegundua kani mvutano 	male_masculine	3.5355	common_voice_sw_29796794.wav
baadhi ya watafiti walienda kumchunguza blob 	male_masculine	5.0475	common_voice_sw_29979670.wav
namna ya kawaida ni kufanya tohara 	male_masculine	3.2475	common_voice_sw_36319937.wav
adhabu ya kifo ilipanuliwa kuingiza makosa kama vile utoroshaji wa karafuu 	female_feminine	9.4035	common_voice_sw_29791051.wav
katika wachezaji wanaongoza kwa kufunga mabao mengi kwenye ligi kuu ya hispania 	female_feminine	6.5955	common_voice_sw_35146289.wav
tangu nilipoteuliwa sijawahi kuwafikiria baadhi ya watu walionisuta 	female_feminine	4.3635	common_voice_sw_30070990.wav
chakula anachokula kima punju hula maganda ya matunda 	female_feminine	6.3075	common_voice_sw_37225431.wav
ajali nyingine zingeepukika na tungekuwa tunaziepuka 	female_feminine	5.1555	common_voice_sw_30629110.wav
wakichekeana lakini walikuwa maadui ili tuelewe chanzo 	female_feminine	8.3235	common_voice_sw_30567756.wav
bayern inapiga pasi za kuvutia siku hizi 	female_feminine	3.8235	common_voice_sw_31285546.wav
bado walikuwa wakitafuta nafasi ya kulipa kisasi cha lugalo walidai kuwa chifu amevunja mkataba 	female_feminine	8.7555	common_voice_sw_35156874.wav
kwa kifupi hataweza kutofautisha kama ni kitu cha kawaida au ni hatari 	male_masculine	9.0075	common_voice_sw_31306456.wav
sheikh abeid amani karume anasalia kukumbukwa kuwa rais wa kwanza wa nchi hiyo 	male_masculine	7.3875	common_voice_sw_30634573.wav
maeneo yenye historia kama kilwa kisiwani na bagamoyo 	female_feminine	4.2555	common_voice_sw_30379824.wav
zifuatazo ni orodha kamili ya nyimbo zinapatikana katika albamu hii 	female_feminine	5.9835	common_voice_sw_29216157.wav
kina cha ziwa hilo ni karibu meta mia saba na hamsini 	male_masculine	4.1835	common_voice_sw_30674908.wav
wadau hao ni wanaohudumia shughuli za utalii katika hifadhi hii ya taifa ya serengeti 	female_feminine	7.72765625	common_voice_sw_30124889.wav
alicheza kama mshambuliaji wa kati 	male_masculine	3.9675	common_voice_sw_28989758.wav
aliendelea kutunga pia vitabu na tamthiliya 	male_masculine	4.5435	common_voice_sw_28695389.wav
ufugaji nao ni shughuli muhimu kama ilivyo uvuvi 	female_feminine	4.7235	common_voice_sw_29790981.wav
na kulelewa musoma mji uliopo kwenye ufukwe wa ziwa victoria alihamia dar es salaam 	female_feminine	6.1635	common_voice_sw_34958877.wav
hii ni mara ya pili kwao kutupa shilingi milioni mia moja za ubingwa 	female_feminine	7.18765625	common_voice_sw_30568769.wav
ndio mwanzo wa dola takatifu la roma 	male_masculine	3.7155	common_voice_sw_29585113.wav
wengi wao hawaamini kuwa blob anaweza kutatua migogoro 	male_masculine	5.8755	common_voice_sw_30143802.wav
na umiliki haramu wa silaha shughuli zao katika makambi 	male_masculine	4.7235	common_voice_sw_29938494.wav
mazingira yanawafanya kuhisi kama bado wako nyikani na siyo kwenye bustani 	male_masculine	6.8475	common_voice_sw_31305385.wav
lugha rasmi ni kiingereza hutumika sana katika masuala ya serikali na biashara 	male_masculine	6.1635	common_voice_sw_28681403.wav
kuanzia umri mdogo davis alikuwa mwanafunzi wa sanaa haswa kaimu 	male_masculine	6.9555	common_voice_sw_28735767.wav
usipoukata utakukata 	female_feminine	3.0675	common_voice_sw_31909764.wav
watalii wanaopenda kupanda milima watafurahia wakiwa tanzania 	male_masculine	5.4435	common_voice_sw_29936801.wav
sasa limezaa matunda na kumuweka rais samia katika mstari wa mbele barani afrika 	male_masculine	6.9555	common_voice_sw_30342397.wav
katika kitabu cha mwaka wa elfu moja mia nane tisini na nne 	female_feminine	6.0555	common_voice_sw_29789779.wav
nagoma kwenda kuteka maji 	female_feminine	2.7075	common_voice_sw_31996665.wav
alijitahidi kurekebisha maadili ya jimbo lake 	female_feminine	4.3275	common_voice_sw_28584923.wav
kwenye nafasi mojawapo za nyuma na kumuweka kama mshambuliaji 	male_masculine	4.9755	common_voice_sw_30671871.wav
corinne hutton mwenye miaka arobaini na nane kutoka eneo la renfrewshire 	female_feminine	7.8555	common_voice_sw_29923049.wav
malenga amekuwa na kazi nyingi sana 	female_feminine	4.9755	common_voice_sw_35586802.wav
baadhi ya mikoa inalima mazao kama ndizi na muhogo 	male_masculine	5.1555	common_voice_sw_30115959.wav
alikuwa mmoja wa washitakiwa zaidi ya nia moja 	male_masculine	5.2275	common_voice_sw_30577843.wav
siwezi kulinganisha vitu hivi 	female_feminine	6.9555	common_voice_sw_36640931.wav
wenda saa ngapi madrassa 	female_feminine	4.01965625	common_voice_sw_31916044.wav
kila jimbo lina katiba yake serikali bunge na mahakama kulingana na mgawanyo wa madaraka 	male_masculine	7.7475	common_voice_sw_28660699.wav
uongeza kuwa anauhakika nchi ya marekani 	female_feminine	3.4275	common_voice_sw_35250649.wav
mini kwa kufanya hivyo kutafungua mioyo mioyo ya wananchi hao 	female_feminine	5.2635	common_voice_sw_35172687.wav
inaonyesha uwezekano wa jinsi vile mtu ana maambukizi katika koo 	male_masculine	5.2635	common_voice_sw_28683328.wav
hata hivyo hali imeendelea kama kawaida katika kisiwa hicho 	male_masculine	4.9395	common_voice_sw_37089131.wav
mbuni anaweza kuwaona adui zake wakiwa mbali sana 	male_masculine	4.7955	common_voice_sw_30650346.wav
uwanja wa mkapa unavizidi viwanja vya timu nyingi kubwa ulaya 	female_feminine	6.3075	common_voice_sw_30355230.wav
serikali za mitaa ziliondolewa na kuanza utawala mijini 	male_masculine	4.9755	common_voice_sw_29936890.wav
hali hii imepelekea kuwepo wasanii wengi maarufu wa maigizo na nyimbo 	female_feminine	5.9475	common_voice_sw_30581089.wav
wananchi wanalima kilimo cha umwagiliaji kwa kutumia maji ya ziwa hilo 	female_feminine	5.5155	common_voice_sw_30261108.wav
cha kupata mataji ya kwanza ya ligi mwaka 	male_masculine	4.1475	common_voice_sw_36389577.wav
kufuatana na uainishaji wa lugha kitai daeng iko katika kundi la kitai ya kusini magharibi 	male_masculine	8.6475	common_voice_sw_29226964.wav
ushanga huwa sehemu muhimu ya urembesho wa miili yao 	male_masculine	6.1275	common_voice_sw_30210006.wav
wasichana wako katika hatari kubwa ya kupata maambukizo ya virusi 	female_feminine	6.1635	common_voice_sw_34826369.wav
vipindi vya joto jingi kwa kawaida hubadilishana na vile vya baridi na joto 	female_feminine	7.51165625	common_voice_sw_30034007.wav
kama wazaramo na wakaguru pia wakutu na wakwere 	female_feminine	6.86365625	common_voice_sw_30124432.wav
boma la kale la wajerumani bado inatumika 	female_feminine	4.2555	common_voice_sw_29304343.wav
wengine ni hasa wakristo wakopti 	male_masculine	5.5875	common_voice_sw_29697852.wav
alipelekwa masomoni kwenye chuo cha kijeshi huko uchina wakati wa kurudi alipewa cheo cha 	male_masculine	7.3515	common_voice_sw_36385914.wav
kuna aina kuu mbili za wanyama wa jangwani ambao ni ngamia na bakteria 	male_masculine	4.7235	common_voice_sw_30025653.wav
shughuli hizi za ufugaji wa vipepeo zimeanzishwa zikiwa na viwango mbalimbali 	male_masculine	8.3955	common_voice_sw_30321898.wav
rais wa croatia alihimiza mashabiki wa nchi yake kushangilia timu yao 	male_masculine	7.1355	common_voice_sw_29935617.wav
kimsingi kuna jamii kumi na mbili za kabila la wamasai 	male_masculine	8.2155	common_voice_sw_31304349.wav
pochi hii alapsechi echu ikikamilika asari takuva ningii kichoveo cha papaa itakuva ni mwanadamu 	male_masculine	7.4235	common_voice_sw_31911993.wav
moja likapita mashariki mwa ziwa victoria 	female_feminine	4.1835	common_voice_sw_29797585.wav
mchezaji bora wa dunia mara tano cristiano ronaldo 	female_feminine	7.1355	common_voice_sw_30568017.wav
babake alikuwa mwanamuziki katika bendi la jeshi la mtemi 	male_masculine	5.8755	common_voice_sw_28682875.wav
kutoka mwaka elfu moja mia tisa sitini na moja 	male_masculine	2.9955	common_voice_sw_36382212.wav
mark mahela kwanza alifungwa kamba kwenye kiti chake 	female_feminine	7.0635	common_voice_sw_30568041.wav
ziwa eyasi ni sehemu inayochimbwa chumvi ndani ya tanzania 	male_masculine	7.4235	common_voice_sw_31306628.wav
bandari ya dar es salaam inaziunganisha nchi na mabara 	male_masculine	4.7235	common_voice_sw_30381316.wav
yesu alizaliwa na bikira maria kwa uwezo wa roho mtakatifu huko bethlehemu ya uyahudi 	female_feminine	7.2435	common_voice_sw_35171895.wav
kwa upande wa vijana huku ndiko maombolezo 	female_feminine	4.9035	common_voice_sw_30098008.wav
ulinifia mwokozi wangu 	male_masculine	2.7435	common_voice_sw_36310767.wav
nchi ya burkina faso walikuwa wenyeji wa fainali za mataifa ya afrika 	female_feminine	4.7235	common_voice_sw_29923355.wav
wazazi na marafiki wakiwa wamewabeba watoto wao wakielekea kanisani 	female_feminine	6.7035	common_voice_sw_30558988.wav
wanyambo hupenda kula ndizi kama chakula chao 	female_feminine	4.84765625	common_voice_sw_30005144.wav
kitabu hicho kilikuwa na uchambuzi wa kina wa kisheria 	male_masculine	4.7235	common_voice_sw_35280735.wav
kwa sasa imekuwa sehemu ya kaunti ya narok 	male_masculine	5.4435	common_voice_sw_28581558.wav
ni msingi wa kalenda ya watakatifu katika mwaka wa liturujia 	female_feminine	5.1555	common_voice_sw_28666748.wav
alihamia kusini mwa california akiwa na miaka minne 	male_masculine	4.5435	common_voice_sw_28663341.wav
ufaransa ilimenyana na croatia kwenye fainali 	male_masculine	6.2355	common_voice_sw_30122818.wav
forlan aliweka rekodi ya kufunga mabao matatu nje ya boksi 	male_masculine	5.0835	common_voice_sw_29787613.wav
claus tv na claus redio na mambo mengine kaka ruge 	female_feminine	5.0475	common_voice_sw_36105820.wav
ushirikiano unapatikana kwa watu kuungana pamoja 	female_feminine	5.2275	common_voice_sw_30623748.wav
alitoa albam bora zaidi ya mwaka wakati wa tamasha la muziki wa injili tanzania 	female_feminine	5.4435	common_voice_sw_31823770.wav
umeiweza roho yangu 	female_feminine	2.7075	common_voice_sw_35183689.wav
kama ilivyokuwa ngumu kwa wenger kuondoka arsenal 	female_feminine	3.8955	common_voice_sw_31406151.wav
ni pia rangi ya matunda mbalimbali na rangi ya damu 	male_masculine	5.4435	common_voice_sw_28820711.wav
mfumo wa elimu hauko sawa kwa wote 	male_masculine	3.1035	common_voice_sw_36381226.wav
katika makundi mawili kundi la kwanza lilikuwa 	male_masculine	5.4075	common_voice_sw_36945203.wav
wakaibatiza siku hiyo kuwa ni siku ya fukuto la kukata kiu 	male_masculine	4.5435	common_voice_sw_36383647.wav
hawakujua watafikiaje tamati kutokana na kukosa baadhi mahitaji muhimu 	male_masculine	6.7755	common_voice_sw_30180118.wav
ilitungwa sheria ya usalama wa raia ilyopelekea kupigwa marufuku 	female_feminine	5.1555	common_voice_sw_29923596.wav
utu wake na mtizamo wake ulipenya nje ya kuta za gereza 	male_masculine	5.5875	common_voice_sw_30128611.wav
uwezo wake wa kubuni vitu mbalimbali kiasi cha watu kudiriki kusema alikuwa injini ya 	female_feminine	6.0555	common_voice_sw_34980409.wav
wana rangi ya mchanga na madoa meusi au kahawia 	female_feminine	3.8955	common_voice_sw_28792961.wav
mashairi ya kiswahili yalionesha kuwavutia watu wengi sana waliofurika kwenye tamasha hilo 	female_feminine	5.8035	common_voice_sw_34994421.wav
alipendwa na kukaribishwa na mwamududa kuishi kwake 	female_feminine	4.9755	common_voice_sw_29924504.wav
ziwa vitoria lina upana wa kilomita za mraba elfu sita 	male_masculine	8.4675	common_voice_sw_31415661.wav
engai ni mungu mmoja mwenye asili mbili 	female_feminine	3.8955	common_voice_sw_30582095.wav
baadhi ya visiwa hivyo ni goziba na nansio pamoja na ukerewe 	male_masculine	4.6155	common_voice_sw_30306490.wav
sidharau nnlinga ndio uuvao nkoko 	male_masculine	4.6155	common_voice_sw_32090743.wav
kutokana na masimulizi inawezekana vifo vya watoto vilisababishwa na ugonjwa wa malaria 	female_feminine	6.5235	common_voice_sw_30192390.wav
ya misitu kila kwa urefu na kwa upana 	male_masculine	3.1755	common_voice_sw_36383687.wav
baada ya wajerumani kushindwa na waingereza katika vita kuu ya kwanza ya dunia 	male_masculine	6.9555	common_voice_sw_29896359.wav
nairobi nchini kenya karibu na mpaka wa uganda 	male_masculine	3.8235	common_voice_sw_29795364.wav
kwa sasa hupatikana sehemu ya kusini na kati ya ureno na hispania 	female_feminine	4.8675	common_voice_sw_28962037.wav
ameweza kujilipia ada 	male_masculine	2.7435	common_voice_sw_32295878.wav
pori hubeba vitu mbalimbali kama wadudu wanyama miti nyasi nakadhalika 	female_feminine	6.6675	common_voice_sw_29175058.wav
alikuwa mtemi na kiongozi mkuu wa kabila la wahehe nchini tanzania 	female_feminine	6.4875	common_voice_sw_34763052.wav
bahari hii siyo kubwa sana kama zilivyo bahari ya hindi na atlantiki 	female_feminine	7.29565625	common_voice_sw_30121923.wav
a chancellor wa ujerumani angela mickel 	female_feminine	3.6435	common_voice_sw_36617063.wav
na zinapuuza hata shinikizo ya la kimataifa 	male_masculine	4.1475	common_voice_sw_36375247.wav
mwaka uleule alifunga ndoa 	male_masculine	3.9675	common_voice_sw_28815205.wav
waliokufa katika mapigano wamekadiriwa kuwa themanini hivi 	male_masculine	5.0835	common_voice_sw_29841626.wav
shirika la kitaifa lilodai kuingia katika nchi iliyomilikwa na walowezi 	male_masculine	7.2795	common_voice_sw_30342411.wav
sisi tunafaa kumcha mungu sana 	female_feminine	3.1035	common_voice_sw_34959000.wav
manchester united ilitwaa ubingwa wa ulaya kwa kuifunga benfica ya ureno 	male_masculine	5.9475	common_voice_sw_30450852.wav
wamisionari wakatoliki wa karne zile walifanya mara nyingi kosa la kutofundisha kiasi cha kutosha 	male_masculine	8.0355	common_voice_sw_36251191.wav
alizikwa mahali pa kuzaliwa kwake kijiji cha butiama 	female_feminine	5.5875	common_voice_sw_30034722.wav
mkurugenzi wa taasisi ya uchunguzi dzhona edgara hooveralipochukua madaraka shirika inaajiri wafanyakazi kuhusu 	male_masculine	9.3675	common_voice_sw_37229624.wav
karol alikuwa golikipa wakati alipokuwa anacheza mpira 	male_masculine	3.7875	common_voice_sw_29996075.wav
ulipata chanjo lini 	female_feminine	2.6355	common_voice_sw_35157567.wav
mtaalamu wa historia frank schubert anasema mapinduzi ya obote yalibainisha wazi 	female_feminine	6.2355	common_voice_sw_30072227.wav
alitembea haraka kupanda ngazi kuelekea chumbani kwake 	male_masculine	3.2475	common_voice_sw_36389451.wav
kabisa na hatua za kiuchumi katika jamii ya kisasa kwa hiyo ni vigumu 	male_masculine	5.9475	common_voice_sw_37095510.wav
wa simbamweni na kisha sehemu fulani ya mji wa sasa wa morogoro na eneo 	male_masculine	8.2155	common_voice_sw_36331709.wav
kwa mujibu wa ushuhuda wake kuna sauti ilimwambia ni dhahiri kuwa mungu alimtendea makuu 	male_masculine	6.9555	common_voice_sw_29937602.wav
wakati huo akizichezea timu mbalimbali za ligi hiyo 	male_masculine	7.5675	common_voice_sw_36256998.wav
alikwenda pia ujerumani mara kadhaa kama mgeni wa kaisari 	male_masculine	7.6035	common_voice_sw_29697051.wav
mifano ya rasi kubwa ni nchi za italia na korea au bara hindi 	female_feminine	5.4075	common_voice_sw_29516966.wav
kwa sasa iko kati ya visiwa vya kanada na ncha ya kijiografia 	female_feminine	5.9835	common_voice_sw_29560157.wav
moja milioni zilitolewa kwa makampuni hayo jumatatu kulipa sehemu ya deni hilo 	female_feminine	7.0635	common_voice_sw_37332057.wav
mpandaji wa mlima huu anapitia kanda tofati za hewa 	male_masculine	5.6955	common_voice_sw_29945047.wav
ilipangwa ili apate mafunzo zaidi ya kijeshi nchini uingereza 	male_masculine	4.4355	common_voice_sw_29963761.wav
kwa ajili ya kujikinga dhidi ya kuumwa na mbu 	female_feminine	5.4435	common_voice_sw_30522450.wav
huenda idadi ya vifo ikawa kubwa zaidi 	female_feminine	4.0035	common_voice_sw_34766441.wav
aliendelea kuchora picha nyingi za dini juu ya habari na watu wa biblia 	male_masculine	6.3075	common_voice_sw_28682603.wav
baada ya maongezi waliingizia utani kisha jacob akaaga kuondoka 	male_masculine	6.1275	common_voice_sw_36255431.wav
barcelona ilitwaa ubingwa kwa kuifunga arsenal 	male_masculine	4.0755	common_voice_sw_30075450.wav
shirika la haki za kibinadamu hufanya mazungumzo ya majadiliano 	female_feminine	4.6875	common_voice_sw_34764785.wav
asiyekia la mkuu huvunyika guu 	female_feminine	2.7435	common_voice_sw_31406167.wav
pia yeye ni mwanachama wa shirika la kifalme la fasihi 	male_masculine	4.6155	common_voice_sw_28306010.wav
amini alifariki mjini jeddah tarehe kumi na sita 	male_masculine	4.0035	common_voice_sw_30071810.wav
inaaminika kwamba baada ya hapo watu watazungumza tu mambo mazuri 	male_masculine	6.3435	common_voice_sw_36318597.wav
kwa sasa ndiyo hospitali kubwa ya rufaa na mafundisho nchini 	male_masculine	6.1635	common_voice_sw_28690219.wav
makumbusho ya nyerere yalianza kujengwa baada ya yeye kustaafu urais 	male_masculine	7.2075	common_voice_sw_30090787.wav
shughuli kubwa ya wachagga ni biashara kilimo na kazi za ofisini 	female_feminine	5.4435	common_voice_sw_30051519.wav
hivi majuzi alizindua kampuni ya utayarishaji wa filamu 	male_masculine	5.3715	common_voice_sw_30209767.wav
mkataba wa kuzuia ualifu wa mauaji ya kimbari ulikamilika 	male_masculine	5.9835	common_voice_sw_35108101.wav
mwaka huo ulikuwa mfupi kuliko mwaka wa jua kiasi cha karibu robo siku 	male_masculine	5.9835	common_voice_sw_28582625.wav
tumia vifaa vya kujikinga kama kufunika mdoma na pua unaposhughulikia kuku 	female_feminine	5.8755	common_voice_sw_35284645.wav
wa kisiasa wa negus negesti mfalme wa ethiopia tangu mwaka 	male_masculine	6.4875	common_voice_sw_36311018.wav
pia ardhi yenye rutuba kwa mifungo kama vile ngombe mbuzi kondoo na punda 	female_feminine	6.0555	common_voice_sw_34920400.wav
haki yako na mpaka hapa tunatamatisha makala yetu ya jua haki zako 	male_masculine	8.8275	common_voice_sw_35683904.wav
mkubwa mkali alimtaja chameleon pale alipoambiwa amtaje msanii mmoja anayetumia nguvu za 	male_masculine	8.1435	common_voice_sw_36385477.wav
kutokana na uchache wao lugha yao imekuwa inaingiliana sana na kipare 	male_masculine	5.8755	common_voice_sw_29961532.wav
ningependa kuwapongeza sana sana kwanza kwa kuibuka mabingwa na ligi kuu 	female_feminine	5.9475	common_voice_sw_30434539.wav
awali januari thelasini na moja mwaka elfu mbili na tano ilikuwa ya baraka 	male_masculine	7.7835	common_voice_sw_29795456.wav
limezungukwa pia na bahari pande zake zote 	male_masculine	4.5075	common_voice_sw_30582820.wav
wengi walitokea kumchukia idd amin katika kipindi chote cha utawala wake 	male_masculine	6.1275	common_voice_sw_30671176.wav
na ni milima milima katika baadhi ya wilaya zake 	female_feminine	5.0835	common_voice_sw_37217245.wav
video inaendelea na mwishoni 	male_masculine	3.8235	common_voice_sw_29754846.wav
hali ya hewa ni ya kitropiki 	female_feminine	3.2475	common_voice_sw_28584584.wav
alifanya kazi kama mjumbe na kuongoza kwa miaka mitatu 	male_masculine	4.0755	common_voice_sw_28682534.wav
wanaume hunyoa nywele wanapopita hatua moja ya maisha hadi nyingine 	male_masculine	7.1355	common_voice_sw_34393005.wav
kwa sababu kadiri unavyofukua unakuta mawe yaliyojengwa 	male_masculine	6.3795	common_voice_sw_30341954.wav
china inanununua wachezaji wanaokaribia kusitaafu 	male_masculine	4.9755	common_voice_sw_29796095.wav
ni mwigizaji filamu wa kike wa nigeria pia ni mwongozaji wa filamu na mwanamitindo 	female_feminine	8.3235	common_voice_sw_29645006.wav
hapa alienda kuzunguka mitaani na kusikiliza wahubiri wa barabarani 	female_feminine	6.5955	common_voice_sw_30173758.wav
nasaba ya watawala wa japani ni nasaba ya kale zaidi duniani 	male_masculine	7.0275	common_voice_sw_28694298.wav
mtwara mikindani ni jina ambalo lina muunganiko wa maneno mawili 	female_feminine	5.2635	common_voice_sw_31266484.wav
mamlaka zake pamoja na maoni mbalimbali ya wadau juu ya ukuzaji wa sekta hii 	female_feminine	7.3875	common_voice_sw_37100214.wav
mi nashangaa 	male_masculine	2.2395	common_voice_sw_36385786.wav
chai imemwagika 	female_feminine	2.0955	common_voice_sw_35146263.wav
katika orodha ya maajabu asilia duniani kote 	female_feminine	7.9635	common_voice_sw_30570004.wav
wametawaliwa na viongozi walioitwa omukama na walio maarufu sana 	male_masculine	5.9835	common_voice_sw_29978272.wav
wazanzibari walikuwa malaria proof yaani hawaguswi wala kuugua malaria 	female_feminine	7.2435	common_voice_sw_30102980.wav
kumekuwa na nadharia mbalimbali na uelewa tofauti tofauti kuhusu chimbuko au chanzo cha ukimwi 	male_masculine	5.9835	common_voice_sw_29797015.wav
vijidudu vya ugonjwa viliunda ukinzani dhidi ya penicillin 	male_masculine	6.4875	common_voice_sw_29935165.wav
villaseñor ni mlatina 	female_feminine	4.3635	common_voice_sw_29253175.wav
matibabu hupunguza vifo kwa asilimia nane hadi asilimia kumi 	male_masculine	6.3075	common_voice_sw_30321798.wav
anakumbukwa kwa uchunguzi wake wa hadubini wa ubongo na uti wa mgongo 	male_masculine	6.3435	common_voice_sw_28681405.wav
mapinga magomeni makurunge kiromo yombo na kitame lilipokuwa soko la watumwa 	male_masculine	5.5155	common_voice_sw_30098687.wav
zamani wapare walikuwa na sala tofauti kwa kila ukoo 	female_feminine	3.9675	common_voice_sw_29939935.wav
ziwa victoria ni kivutio cha watalii 	male_masculine	3.6435	common_voice_sw_30354921.wav
meli hiyo ilizinduliwa na mwalimu nyerere 	female_feminine	3.8235	common_voice_sw_29791961.wav
wakivutiwa kupanda na kufika vileleni mwa milima hii 	male_masculine	4.1475	common_voice_sw_30025528.wav
kuua wakati wa vita ni kama kucheza tu na wakiwa na hasira 	male_masculine	8.8275	common_voice_sw_30258329.wav
hali halisi kuna umbali mkubwa kati yao 	female_feminine	3.8955	common_voice_sw_28927019.wav
msitu wa amazon unasaidia kupunguza kasi ya ongezeko la joto 	female_feminine	5.85565625	common_voice_sw_30003987.wav
alpi katika kusini ni milima mirefu ujerumani ingawa 	female_feminine	5.5155	common_voice_sw_35107850.wav
katika nchi zinazoendelea zenye mapato ya chini au ya kati 	male_masculine	5.6235	common_voice_sw_36807763.wav
yako lazima taa yako iwe ni sasa 	female_feminine	3.0675	common_voice_sw_31285436.wav
inaendelea kupokea ruaha mdogo na mto kisigo 	male_masculine	4.3995	common_voice_sw_30233705.wav
mwaezi wa saba mwaka elfu mbili kumi na nane 	male_masculine	4.3275	common_voice_sw_37092081.wav
kanuni za kikatiba na mamlaka ya bodi ya sarafu zilieleza 	male_masculine	4.9035	common_voice_sw_29937919.wav
ndege hawa wanatokea maeneo wazi wa afrika asia na ulaya 	male_masculine	7.1355	common_voice_sw_28825447.wav
kumbukumbu ya wenyeji ina habari ya mlipuko mnamo mwaka elfu moja mia saba thelathini 	male_masculine	9.6555	common_voice_sw_31433454.wav
samia alianza safari yake ya elimu katika shule ya msingi chwaka iloyopo unguja 	female_feminine	7.1355	common_voice_sw_30034818.wav
karume alikuwa chachu katika kuleta jina la timu ya simba 	female_feminine	5.4075	common_voice_sw_30196916.wav
makabila ya kifugaji kwenye vita yamekuwa juu kulinganisha na wakulima 	female_feminine	5.3355	common_voice_sw_31446993.wav
ikiwa ni pamoja na sehemu zenye malighafi za kutosha 	female_feminine	3.9675	common_voice_sw_30005404.wav
mwaka elfu mbili na kumi na tisa chama aliongeza mkataba wa miaka miwili 	male_masculine	8.2515	common_voice_sw_30362325.wav
weza kuwa katika hali ya kuweza kudhibiti bunge hilo 	female_feminine	4.6875	common_voice_sw_35439235.wav
ikumbukwe kwamba kuna takriban zaidi ya silaha laki tano hadi million moja ambazo hazijulikani 	female_feminine	8.0355	common_voice_sw_37225843.wav
ngoma za jadi zilipigwa kwa matukio maalum kama kwenye jando au unyago 	male_masculine	5.8035	common_voice_sw_29937758.wav
kuna pia uwanja mdogo wa ndege 	male_masculine	4.8675	common_voice_sw_29455881.wav
uwanja huo uko umbali wa kilomita mbili kutoka hifadhi ya taifa ya ziwa nakuru 	male_masculine	7.1355	common_voice_sw_28669452.wav
chuo cha ualimu wamewapa heshima ya kipekee chuo cha uandishi wa habari 	male_masculine	7.7835	common_voice_sw_30162193.wav
kufuatana na uainishaji wa lugha kitai ya iko katika kundi la kitai ya kusini magharibi 	male_masculine	7.2435	common_voice_sw_29007036.wav
baadhi ni ngumu kama almasi 	male_masculine	2.7435	common_voice_sw_29001963.wav
wamekuwa na uhusiano tangu siku nyingi 	female_feminine	3.7155	common_voice_sw_30717975.wav
bila kusahau halmashauri ya wilaya ya kilwa na halmashauri ya wilaya ya lindi 	male_masculine	7.9635	common_voice_sw_31321497.wav
milima ya isaro na mlima isisimba pia ipo milima ya isyoro 	female_feminine	6.3075	common_voice_sw_30654094.wav
wakati bibi inapofika yeye anapokea mtoto kuwaonyesha watoto 	female_feminine	5.9475	common_voice_sw_29791346.wav
sayyid said alienda mara kwa mara nyumbani kwao oman kutatua migogoro ya ndani 	male_masculine	5.8035	common_voice_sw_37097610.wav
kwani kutakuwa na uhakika wa umeme kwa ajili ya shughuli za viwanda 	female_feminine	5.6235	common_voice_sw_30107690.wav
staftahi ni chakula cha asubuhi 	male_masculine	3.2475	common_voice_sw_30577739.wav
huku wakiendesha mipango yao ya kudai uhuru wa nchi zao 	female_feminine	5.1555	common_voice_sw_30189268.wav
wengi hufanya taarabu kwa mfumo wa bendi kwa kuwa inahitaji ushirikiano kwenye uimbaji 	female_feminine	8.3235	common_voice_sw_35409579.wav
benki kuu ya tanzania ina muundo wa bodi yake 	female_feminine	3.8235	common_voice_sw_35103847.wav
anampenda mama yake 	female_feminine	3.1035	common_voice_sw_34826911.wav
kayuni hakuishi litembo maisha yake yote lakini alizaliwa katika ardhi ya litembo 	male_masculine	5.9475	common_voice_sw_30021781.wav
alifunga kituo chao cha utafiti na udhibiti wa malaria 	female_feminine	5.5155	common_voice_sw_30047893.wav
kaa ukijua safari yako inaweza isifanikiwe kwa namna moja au nyingine 	female_feminine	7.1355	common_voice_sw_30575570.wav
hata hivyo aliweza kushiriki na kushinda 	male_masculine	3.8235	common_voice_sw_28716306.wav
waziri mkuu ameongeza kuwa katika kipindi cha siku mia moja 	male_masculine	5.8755	common_voice_sw_29789358.wav
hewa yenyewe ni gimba la gesi 	male_masculine	4.9035	common_voice_sw_28581560.wav
mfano wa madawa hayo ni kama kokaini heroini bangi na miraa 	female_feminine	4.1475	common_voice_sw_35250640.wav
kuna sita za kukwea mlima mlima kilimanjaro hadi kileleni 	female_feminine	4.3635	common_voice_sw_31433790.wav
a hivi watu hivi wanaanza kupima kurudia kwao kwenye walitoka 	male_masculine	4.3275	common_voice_sw_36331336.wav
gharama ya takribani shilingi bilioni nane za kitanzania 	female_feminine	7.1355	common_voice_sw_30372566.wav
hazikupita siku saba sokoine akafa kwa ajali ya gari 	female_feminine	5.5155	common_voice_sw_31596844.wav
nchi nyingi hujivunia utawala wa serikali ya nchi ya tanzania 	male_masculine	7.3155	common_voice_sw_30586136.wav
wajerumani walipinga kifo cha sokoine kabisa 	female_feminine	4.3275	common_voice_sw_31787791.wav
oma ujumbe ambao umetutumia victor karibu asante sana tumepokea ujumbe chungu zima kutoka 	female_feminine	6.4155	common_voice_sw_34958965.wav
udongo au pembe shanga nyekundu zilitengenezwa kutoka 	female_feminine	5.5875	common_voice_sw_30415218.wav
karume alitoa mchango mkubwa sana katika serikali ya mapinduzi ya zanzibar 	female_feminine	5.4075	common_voice_sw_30025305.wav
wakati wa maji kupwa ndiyo kipindi kizuri cha kuona kisiwa hicho 	male_masculine	5.7675	common_voice_sw_30122435.wav
haina milima mirefu 	female_feminine	3.0675	common_voice_sw_29736157.wav
miaka minane kama makamu wa rais wa reagan bush alijaribu kwa mara nyingine tena 	female_feminine	5.7675	common_voice_sw_34958811.wav
kazi ya ualimu ndiyo iliyompatia jina ambalo lilimkaa maisha yake yote 	male_masculine	5.8755	common_voice_sw_30130807.wav
yametangaza kuwa yatakabidhi mikoa kadhaa yenye usalama kwa vikosi vya usalama vya afghanistan 	female_feminine	6.4875	common_voice_sw_37095778.wav
wana ngozi ndefu chini ya koo lao 	male_masculine	3.9675	common_voice_sw_28876200.wav
wadhifa alioutumikia mpaka anafikwa na mauti 	female_feminine	5.0835	common_voice_sw_30389241.wav
kuzingatia miiko ya soka na kujifunza bila kukata tamaa ili wafike mbali 	female_feminine	6.2355	common_voice_sw_30623567.wav
hifadhi ya kilimanjaro hiyo inajumuisha mlima kilimanjaro 	male_masculine	5.0835	common_voice_sw_30582821.wav
tena tusinyonywe tena na tusipuuzwe tenapatrice lumumba tarehe mbili mwezi wa saba mwaka 	male_masculine	8.8635	common_voice_sw_35412082.wav
wananchi wa tanzania wanazalisha vyakula vingi sana 	female_feminine	4.91965625	common_voice_sw_30005105.wav
utawala wa wazungu uliwapa mateso makubwa 	male_masculine	4.6155	common_voice_sw_30671243.wav
asilimia ishirini na mbili pekee za mto nile ndizo zinahusishwa na misri 	female_feminine	5.6235	common_voice_sw_30653650.wav
pia alikuwa na kipaji cha kuandika 	male_masculine	3.7875	common_voice_sw_28690254.wav
rais julius nyerere wa tanzania aliamua kumuondoa amin kabisa na jeshi la tanzania 	male_masculine	6.9555	common_voice_sw_30179698.wav
kufuatilia na kutathimini matumizi ya ruzuku ya serikali za mitaa 	female_feminine	5.5875	common_voice_sw_31283846.wav
alifunga pingu ya maisha na bwana hafidh ameir 	male_masculine	3.3555	common_voice_sw_36383634.wav
serikali za kikoloni zilikuwa zinaruhusu vyama vya kijamii na michezo 	female_feminine	6.6675	common_voice_sw_30355818.wav
ni jina ambalo wekundu hawa wa msimbazi wana kumbukumbu nalo sana 	male_masculine	4.2555	common_voice_sw_30020140.wav
milima ya katete na milima ya katutu 	female_feminine	3.51565625	common_voice_sw_31812394.wav
mazao hayo hukaa shambani kwa muda wa miaka mingi 	female_feminine	4.7235	common_voice_sw_30591038.wav
wawasiliane ili kushughulikia changamoto ya gharama ya bandwidth 	male_masculine	5.7675	common_voice_sw_36383621.wav
hapo awali milo ilipatikana katika ureno na brazili 	male_masculine	3.9675	common_voice_sw_28966130.wav
hutumika kutibu magonjwa katika mfumo wa mkojo na koo 	male_masculine	4.3635	common_voice_sw_28681566.wav
vile vile wanaongeza kwamba nyangumi huwa na damu motoy 	female_feminine	4.4355	common_voice_sw_30053371.wav
ikiwa unafikiria kununua gari chunguza uchafuzi wake wa nitrojeni 	female_feminine	6.0555	common_voice_sw_34979788.wav
hawakuweza kumgusa kwa wakati hule sheikh hassan alikuwa kwenye siasa kabla ya 	female_feminine	5.1555	common_voice_sw_31787761.wav
kuwa muangalifu 	male_masculine	2.7075	common_voice_sw_32243941.wav
ee hiki ni kibanda huu mchezo unakwenda wapi 	male_masculine	4.1475	common_voice_sw_37098222.wav
inasimamia utoaji wa huduma za malipo kwa njia ya kadi 	male_masculine	5.0475	common_voice_sw_36067398.wav
ulimi wa nyangumi una uzito wa tani tatu ambao ni uzito zaidi wa tembo 	male_masculine	7.2075	common_voice_sw_30205652.wav
nimekula maembe 	female_feminine	2.2035	common_voice_sw_35104983.wav
kuwa wapi 	male_masculine	3.1755	common_voice_sw_32210867.wav
watu wote wanaotumia dawa za kufubaza kinga ya mwili 	female_feminine	5.4435	common_voice_sw_30640489.wav
raisi kikwete alikuwa ni mtu wa watu 	female_feminine	6.5235	common_voice_sw_30566752.wav
wengi wanamkata blob vipande waweze kumbeba 	male_masculine	4.3635	common_voice_sw_30025864.wav
chelsea inamtaja didier drogba kama mchezaji wao bora sana kwenye kikosi 	female_feminine	6.7755	common_voice_sw_30574522.wav
hali ya tofauti inatokea kama mwezi unapita kwenye kitovu cha kivuli cha dunia 	male_masculine	6.3075	common_voice_sw_29435329.wav
wamasai walio wengi bado wameendelea na desturi hiyo 	male_masculine	4.3635	common_voice_sw_35964212.wav
kwa kawaida adhabu mbili kuu ndizo zilikuwepo 	female_feminine	4.5435	common_voice_sw_30029116.wav
kutokana na nusu zake alianzisha mbingu na nchi 	male_masculine	7.5675	common_voice_sw_29605527.wav
sasa katika makabila yote haya waingereza waliyoyakuta tanga 	male_masculine	5.9475	common_voice_sw_30582978.wav
maendeleo endelevu yamedhamiria katika miaka kumi na tano ijayo 	female_feminine	5.2275	common_voice_sw_35214457.wav
hakuwa tayari kusema ni lini hoteli hiyo itakamilika 	female_feminine	5.5155	common_voice_sw_30173214.wav
hupokea watalii wengi kutoka njee ya nchi 	female_feminine	5.9475	common_voice_sw_30566725.wav
na alichezea timu yao hifadhi 	female_feminine	4.3275	common_voice_sw_29781746.wav
zamadamu alikuwa akiishi kwenye bonde la ufa 	female_feminine	4.7235	common_voice_sw_31581517.wav
utafiti wa ziada bado unahitajika sana 	female_feminine	3.3555	common_voice_sw_30368435.wav
hali hii katika simu huyu ni mwanasheria 	female_feminine	4.1835	common_voice_sw_34980719.wav
uko karibu na mdomo wa mto juba 	male_masculine	4.0035	common_voice_sw_29585487.wav
kwa wanyoro wengi waankole watoro na wanyambo 	female_feminine	6.1635	common_voice_sw_35105842.wav
pia michezo huitambulisha nchi wanapopata nafasi ya kushiriki kitaifa na kimataifa ili kujenga ushirikiano 	female_feminine	7.0635	common_voice_sw_29793610.wav
kana kwamba najihisi kuwa mtu ambaye 	female_feminine	3.7155	common_voice_sw_37100109.wav
baadhi ya watemi waliotawala himaya hizo ni pamoja na 	male_masculine	4.9035	common_voice_sw_37084270.wav
kudumisha mitandao hiyo hata katika sehemu zenye ufuatiliaji mzuri 	female_feminine	5.1555	common_voice_sw_35107675.wav
karol alimaliza masomo yake ya seminarini 	female_feminine	5.1555	common_voice_sw_30108513.wav
tumepamabana mpaka mwisho wa nguvu zetu 	male_masculine	5.3355	common_voice_sw_31950645.wav
mwaka elfu moja mia tisa thelathini na nne uliundwa umoja wa waafrika 	male_masculine	5.9835	common_voice_sw_29873164.wav
kwani hawawezi kutambua kwa kweli kweli 	female_feminine	3.4635	common_voice_sw_34977227.wav
wengi wana asili ya uskoti 	male_masculine	3.4275	common_voice_sw_28681111.wav
hiyo ilikuwa ndiyo nyenzo kubwa katika maendeleo ya taifa letu 	male_masculine	5.4435	common_voice_sw_29795272.wav
katibu mkuu wa nato andes forgrasmel 	male_masculine	3.8955	common_voice_sw_36375012.wav
wapo waliodai kuwa asili ya neno waha au ha 	male_masculine	5.9475	common_voice_sw_29796038.wav
dalili huanza kuonekana siku mbili hadi saba 	male_masculine	4.4715	common_voice_sw_30364507.wav
bila ya kukutana kimwili hakuna uwezekano wa kupata maambukizi ya zinaa 	male_masculine	6.9555	common_voice_sw_29906694.wav
kitu kikubwa kinacholeta heshima zaidi katika nchi zote duniani ni uchumi 	male_masculine	6.8835	common_voice_sw_30342720.wav
mahojiano ni mchakato wa kichambuzi unaohusisha mabadiliko 	female_feminine	6.1635	common_voice_sw_29793935.wav
jimbo ambalo linashiriki mpaka na uganda 	male_masculine	3.5355	common_voice_sw_30180212.wav
spishi hizi hula matunda 	male_masculine	2.5635	common_voice_sw_28682624.wav
imepakana na uswisi na austria 	female_feminine	4.5075	common_voice_sw_29778817.wav
mgeni yeyote akifika eneo la ziwa tanganyika lazima atastahajabu aina ya kitoweo hicho 	female_feminine	7.94365625	common_voice_sw_30105645.wav
watoto wengi huenda shule kucheza 	female_feminine	3.1035	common_voice_sw_35176547.wav
abedi amani karume alitangazwa kuwa rais wa zanzibari 	male_masculine	5.2635	common_voice_sw_30143996.wav
hata hivyo hakuvunjika moyo na hakurudi mwera kwa mama yake 	male_masculine	6.9915	common_voice_sw_30117363.wav
hakika mwili ni mzito kuliko kivuli chake 	female_feminine	4.5075	common_voice_sw_28714523.wav
uyoga una madini yote muhimu kwa ajili ya afya ya mwanadamu 	female_feminine	5.8395	common_voice_sw_30275017.wav
limesha kufa tayari na hao wenzetu kweli na viongozi 	female_feminine	4.7955	common_voice_sw_34942988.wav
bawasiri inayotoka wakati wa haja kubwa kurudi yenyewe baada ya kumaliza kujisaidia 	male_masculine	5.8755	common_voice_sw_29937372.wav
mpaka saa kumi na moja alfajiri bibi harusi atakapowasili 	male_masculine	5.2275	common_voice_sw_30117890.wav
alikuwa amepoteza masaa meengi alipokuwa amepoteza fahamu 	male_masculine	6.3435	common_voice_sw_36253358.wav
ilimfanya awe mmoja wa wanamuziki wa kizazi kipya wanaoheshimika 	male_masculine	5.17165625	common_voice_sw_30735714.wav
paka alikunywa maziwa yote 	male_masculine	3.8235	common_voice_sw_36388886.wav
zaidi ya hapo mitindo ya vitenge imeanze kuonekana kwenye dunia ya mitindo 	male_masculine	6.4155	common_voice_sw_29788493.wav
anzaa mtoto gani 	male_masculine	4.9035	common_voice_sw_31853565.wav
ni silaha aina ya bunduki na vioo vya kujitazamia 	female_feminine	5.1555	common_voice_sw_30326267.wav
ndege ya kwanza ilipanga kuondoka mwezi wa nne 	female_feminine	4.7955	common_voice_sw_35123763.wav
mmliki wa kampuni hiyo aliruhusu titanic kuundwa 	male_masculine	4.0755	common_voice_sw_36308601.wav
ni mji mkubwa wa sita katika nchi wa uswidi 	female_feminine	4.2555	common_voice_sw_28666664.wav
kocha wa timu ya taifa alikuwa mbrazil 	male_masculine	3.87565625	common_voice_sw_30633153.wav
na hadhi ambayo inakupa usalama katika maisha 	female_feminine	4.6155	common_voice_sw_29791721.wav
operesheni huanza huku wakati huo ngoma za jadi huko nje ziiendelea 	female_feminine	8.2155	common_voice_sw_30173497.wav
ukandamizaji dhidi ya tabaka la watu walio na elimu zaidi 	male_masculine	5.6955	common_voice_sw_29796362.wav
kwa kawaida bakteria zinaweza kukua na kuishi tu ndani ya seli ya kiumbe 	male_masculine	4.5435	common_voice_sw_30021015.wav
kuna mazao ya biashara ya kahawa chai na tumbaku 	female_feminine	6.1275	common_voice_sw_29954969.wav
hii inafanya waturuki wahisi kuwajibika zaidi lakini 	female_feminine	4.6155	common_voice_sw_35105174.wav
kiebrania kilikuwa lugha ya israeli ya kale wakati wa biblia kuanza kuandikwa 	female_feminine	7.7835	common_voice_sw_28704543.wav
kwa wengine kama mileli bahari hutumika kwa kukamata mawindo tu 	female_feminine	6.5235	common_voice_sw_28874605.wav
ilianzishwa rasmi mwaka elfu moja na mia tisa sitini na nne 	female_feminine	7.0275	common_voice_sw_30495052.wav
miaka miwili baadaye alipata udaktari wa teolojia 	female_feminine	5.9475	common_voice_sw_29468040.wav
kwa upande wa mashariki kusini inapakana na wilaya za kibaha na kinondoni 	female_feminine	5.6235	common_voice_sw_30378754.wav
baada ya kujivua nafasi zote za uongozi ndani ya serikali ya cuba 	male_masculine	5.2635	common_voice_sw_36040753.wav
lakini watu walishikwa kama watumwa mpaka mwanzo wa karne ya ishirini 	male_masculine	4.5075	common_voice_sw_29988510.wav
ataimarisha kutokana na kazi yake nzuri katika jamii ikiwemo kuunganisha vijana bila kujali dini 	female_feminine	6.9555	common_voice_sw_36732051.wav
hispania ilitwaa kombe la ulaya 	male_masculine	3.0675	common_voice_sw_29797094.wav
na moja mikononi mwa vikosi vya baraza la mpito na ni baada ya kuondolewa 	male_masculine	7.3875	common_voice_sw_37229626.wav
mlo sahihi na kamili pamoja na mazoezi ya viungo 	female_feminine	3.8955	common_voice_sw_29793672.wav
kufuatana na uainishaji wa lugha kwa ndani zaidi kilele iko katika kundi la kichadiki 	male_masculine	7.7475	common_voice_sw_29406534.wav
albamu ilipata kushika nafasi ya kwanza kwenye cha za bora 	male_masculine	5.4075	common_voice_sw_28582365.wav
zinaongezeka halmashauri ya mji wa handeni na halmashauri ya wilaya ya handeni 	female_feminine	7.0275	common_voice_sw_30241793.wav
hifadhi ya taifa ya serengeti inafikika umbali wa kilomita mia tatu thelathini na tano 	male_masculine	5.0835	common_voice_sw_29943771.wav
katikati ya mwaka elfu moja mia tisa na themanini 	female_feminine	6.21565625	common_voice_sw_30123416.wav
nigeria ilishinda ubingwa kwa kuifunga zambia 	female_feminine	5.4435	common_voice_sw_30073514.wav
hii ya mwisho inaweza ikahitaji mjadala kidogo 	male_masculine	4.6875	common_voice_sw_30579044.wav
katika nchi kavu ya kusini kuna ufugaji wa kondoo 	male_masculine	5.0835	common_voice_sw_29623414.wav
hakikisha unaondoa ngozi zilizokufa mara kwa mara 	male_masculine	5.4435	common_voice_sw_29850241.wav
wabunge wa bunge la jamhuri walikuwa mchanganyiko 	male_masculine	4.3635	common_voice_sw_30183258.wav
kifo cha seyyid barghash kilimleta kwenye kiti cha usultan seyyid khalifa 	female_feminine	5.9475	common_voice_sw_34947086.wav
anthony akaendelea kuwa mtu muhimu kwenye habari 	male_masculine	5.8035	common_voice_sw_29227320.wav
taifa la uingereza halina kikosi bora kwa sasa 	male_masculine	4.6155	common_voice_sw_30122639.wav
mashabiki wa barcelona walichukizwa na kitendo hicho 	female_feminine	4.9035	common_voice_sw_30415216.wav
hata hivyo wadau wa utalii mbuga ya maasai mara wanasema 	male_masculine	4.6155	common_voice_sw_36375006.wav
kiongozi huyo hakuishia hapo alifanikisha ujenzi wa uwanja wa amani 	female_feminine	5.4435	common_voice_sw_30591028.wav
utawala wa sultan wa zanzibar na oman ulitengana baada ya kifo cha seyyid 	female_feminine	4.9755	common_voice_sw_31406011.wav
ndani ya meli ya titanic kulikuwa na wanyama wengi 	male_masculine	4.9035	common_voice_sw_30201314.wav
jeshi la waasi likaingia katika mji mkuu wa cuba 	female_feminine	4.5435	common_voice_sw_30022336.wav
ilikuwa moja ya sehemu za dini ya ugiriki ya kale 	male_masculine	3.6075	common_voice_sw_28683272.wav
lakini mara nyingi kuna uchaguzi bandia badala ya uchaguzi huru 	female_feminine	6.2355	common_voice_sw_28699111.wav
linajumuisha nguzo za chuma milango yenye marembo 	female_feminine	3.6435	common_voice_sw_37089552.wav
pia kuweka kizuia mikononi mwake akiwa akipiga kelele 	male_masculine	5.5875	common_voice_sw_36373770.wav
halmashauri ya bagamoyo inaundwa na tarafa mbili 	male_masculine	3.1755	common_voice_sw_29994962.wav
yakianguka kupitia msituni na kutua mithili ya mianzo ya ukungu bondeni 	male_masculine	6.7755	common_voice_sw_30323818.wav
milima ya mbarika na milima ya mbeya 	male_masculine	5.1555	common_voice_sw_30144116.wav
lakini kwa sababu hakukataa moja kwa moja 	female_feminine	4.2555	common_voice_sw_35123640.wav
abeid karume aliwaalika kuitembelea zanzibar baadhi ya viongozi wa chama hicho 	female_feminine	9.0075	common_voice_sw_30382944.wav
milima ya udzungwa na ile milima ya ufa mashariki 	male_masculine	5.0475	common_voice_sw_29982106.wav
kongamano lililotangulia lilitaja washiriki wa uhifadhi wa magofu 	male_masculine	6.46765625	common_voice_sw_30633154.wav
kuna mbinu mbalimbali kupanga historia hii na kutambua ngazi za maendeleo ndani yake 	male_masculine	8.5755	common_voice_sw_28825451.wav
wanahistoria na watalii kote duniani hutembelea 	female_feminine	4.0755	common_voice_sw_30262167.wav
waandishi wa kitabu cha deadly developments stephen na downs reyna 	male_masculine	7.3155	common_voice_sw_30268832.wav
waswahili wa pwani waliuita huo mlima kilimanjaro 	female_feminine	4.1475	common_voice_sw_31446483.wav
hakuna mwanasayansi aliejua hawa viumbe wametokana na nini 	female_feminine	4.7235	common_voice_sw_30718226.wav
mkoa huo una makabila mbalimbali ila kabila kubwa na la asili ni wafipa 	female_feminine	5.9475	common_voice_sw_31405979.wav
walikuwa wana wawili na mabinti wawili 	male_masculine	3.7155	common_voice_sw_28670250.wav
marekani ilijiunga na vita dhidi ya wajerumani 	male_masculine	5.4435	common_voice_sw_30075447.wav
makubwa mno afya ya umma na kwa mazingirauhusiano kati ya 	male_masculine	5.2995	common_voice_sw_36385831.wav
ya mapenzi lakini sijaingia studio sasa hii naihisi inachukua chati kwa sababu 	male_masculine	8.8635	common_voice_sw_36014039.wav
makao yake makuu yalikuwa kijiji cha kisumba nje kidogo ya mji wa sumbawanga 	female_feminine	6.0555	common_voice_sw_30376034.wav
simba yaikaanga yanga yatwaa ubingwa kombe la ngao ya jamii 	female_feminine	5.5875	common_voice_sw_30364218.wav
unamchukiaje mtu uliyemkabidhi ilani ya uchaguzi na ameitekeleza kwa kiwango cha juu 	female_feminine	9.9075	common_voice_sw_30369308.wav
ulisimamiwa na aliyekuwa mkuu wa mkoa wa ruvuma daktari christine ishengoma 	male_masculine	8.8275	common_voice_sw_30319991.wav
dishi wa habari yaani kamwe hawatujali 	female_feminine	3.8955	common_voice_sw_34942575.wav
yanalaumiwa kwa kuchimba dhahabu na kuitoroshea katika mataifa mengine 	female_feminine	7.6755	common_voice_sw_29797480.wav
sauti ambazo zilikuwa hazipewi kipaumbele kwa muda mrefu 	male_masculine	5.2275	common_voice_sw_30114392.wav
ziwa nyasa linasifika kuwa na aina nyingi za samaki 	female_feminine	3.6435	common_voice_sw_31406153.wav
kikombe kimechafuliwa na mtoto 	male_masculine	3.4275	common_voice_sw_36386040.wav
dalili za ugonjwa huu ni uvimbe kwenye shingo mabadiliko ya sauti 	male_masculine	7.1355	common_voice_sw_28830725.wav
waliishi katika hifadhi ya taifa ya serengeti 	male_masculine	3.9675	common_voice_sw_29961429.wav
majengo ya zamani na magofu bado ni alama ya mji wa bagamoyo 	male_masculine	6.8475	common_voice_sw_30257509.wav
alishinda tuzo ya mchezaji bora wa dunia mara tano 	female_feminine	4.2555	common_voice_sw_31266550.wav
wimbo ulikuwa nafasi na 	male_masculine	4.3275	common_voice_sw_29295843.wav
hayo yote yalisababisha mara moja ghasia 	male_masculine	4.5435	common_voice_sw_29516943.wav
ikiwa tutamaliza uchafu huu wa plastiki itabidi tuangazie suala zima 	male_masculine	6.4155	common_voice_sw_36014180.wav
msichana huyo anapendeza sana 	female_feminine	3.1035	common_voice_sw_35118878.wav
hii ilianzishwa mnamo tarehe moja mwezi wa pili 	female_feminine	5.0475	common_voice_sw_28672901.wav
urafiki wa nkrumah na nyerere ulisaidia kuzikomboa nchi nyingi 	female_feminine	8.5035	common_voice_sw_30567845.wav
hawakurudi morogoro wale waliorejea morogoro waliulizwa walikowaacha wenzao 	male_masculine	6.6315	common_voice_sw_30364480.wav
uwezo wa kutibu kwa ufanisi magonjwa ya wanadamu na mifugo kwa wanadamu magonjwa 	female_feminine	6.5955	common_voice_sw_30337923.wav
mfano taifa la algeria linauza mapiapa mengi sana 	male_masculine	5.8035	common_voice_sw_30582848.wav
stanley aliona ziwa hili mara ya kwanza 	female_feminine	4.7955	common_voice_sw_30308124.wav
vinaonesha kwamba historia ya binadamu ya zanzibar inarejea wakati wa prehistoric 	male_masculine	5.9475	common_voice_sw_37229649.wav
tausi wanaweza kuishi mpaka miaka ishirini ikiwa watakuwa mahala salama 	male_masculine	5.3355	common_voice_sw_30327302.wav
zaidi ya elfu thelathini kwa eneo lake zima 	male_masculine	3.7875	common_voice_sw_29795530.wav
messi kafanikiwa kuchukua tuzo za ballon dâor mara tano 	male_masculine	5.6235	common_voice_sw_30638509.wav
ametuma salamu zake za rambirambi na kuahidi watakuwa tayari 	male_masculine	5.2635	common_voice_sw_36381186.wav
ni moja kati ya sehemu zilizoanza kupata ustaarabu wa jamii nyingine kama wahajemi 	male_masculine	10.4835	common_voice_sw_31322306.wav
wamesema dhamira yao ni kufungua ukurasa mpya wakisiasa 	female_feminine	4.3635	common_voice_sw_36644722.wav
miswada mbalimbali inayotarajiwa kuingia katika lugha ya 	male_masculine	4.5075	common_voice_sw_36252706.wav
ronaldo aliondoka united baada ya tevez kuondoka 	female_feminine	4.1835	common_voice_sw_30025127.wav
je ninyi si wa thamani kuliko hao 	male_masculine	5.4075	common_voice_sw_29685407.wav
inaelezwa kuwa kima dume huonyonyeshwa zaidi kuliko jike 	male_masculine	7.3155	common_voice_sw_36299955.wav
ni moja ya vyuo vikuu vingi zaidi nchini marekani 	male_masculine	4.3275	common_voice_sw_28670192.wav
sayansi na afya unahitajikalicha ya makubaliano mapana ya 	male_masculine	4.3275	common_voice_sw_37223035.wav
kupambwa katika miji mikubwa kama dongola na soba kwa miaka elfu 	female_feminine	5.4075	common_voice_sw_35156145.wav
ndoa yake na daniella wamepata watoto watatu abba marcas mayanja akiwa wa kwanza 	male_masculine	8.5755	common_voice_sw_36389843.wav
jacob alitua kwenye maji ya mto jirani na ukingo sehemu kulipokuwa na kisiki 	female_feminine	6.8475	common_voice_sw_35103447.wav
nchi za canada na marekani kwa pamoja zimetangaza kuendelea 	male_masculine	3.8955	common_voice_sw_36381989.wav
wa rais julius nyerere lakin ghafla alipoteza cheo 	female_feminine	5.9835	common_voice_sw_29924506.wav
watu waliamini pep atabaki nyumbani barcelona 	male_masculine	2.9955	common_voice_sw_30024780.wav
mbio izo ufanyika katika wilaya mia moja hamsini na moja za kiutawala 	female_feminine	4.7955	common_voice_sw_30024620.wav
kwa majuma na miezi wakati unaweza kula matunda ya msituni 	female_feminine	7.4955	common_voice_sw_30327172.wav
mishipa ya damu kwenye ubongo inaweza kusinyaa na kupelekea 	female_feminine	5.2635	common_voice_sw_34837380.wav
mwalimu julius nyerere alisisitiza kenya ni nchi inayoendelea mbele tu kama tanzania 	female_feminine	6.5235	common_voice_sw_29791583.wav
hii ni kutokana na ukweli kwamba jiografia ya zanzibar imezungukwa na bahari 	male_masculine	9.0075	common_voice_sw_34743188.wav
kuna matoleo tofauti ya bunduki hizo 	male_masculine	4.5075	common_voice_sw_28660886.wav
kama vile hoteli na nyumba za wageni bila kusahau makambi ya mahema 	female_feminine	5.3355	common_voice_sw_30058691.wav
lumumba na wenzake walikiwakilisha chama chao katika mkutano 	female_feminine	6.1275	common_voice_sw_31596966.wav
kwa jumla ni vitu vya kudumu miaka mingi 	male_masculine	5.0835	common_voice_sw_28704202.wav
mandela aliamini katika taifa la kidemokrasia 	male_masculine	3.7155	common_voice_sw_29943269.wav
tanzania itatwaa hadhi ya uchumi mkubwa zaidi afrika mashariki 	female_feminine	5.5155	common_voice_sw_30379787.wav
vilabu vya burudani ni pamoja na ala za muziki kwaya na ngoma ya kisasa 	male_masculine	8.2155	common_voice_sw_28694252.wav
ambao ndio mlima wa kumi kwa urefu tanzania 	female_feminine	5.6955	common_voice_sw_30570928.wav
twelipofika twenngoja mwalimu 	male_masculine	3.2475	common_voice_sw_32323955.wav
kulipa dola za kimarekani elfu mbili na mia nne machi mwaka elfu mbili 	male_masculine	7.4235	common_voice_sw_34392047.wav
hadithi zinasema hiyo michoro ilikuwa sehemu ya matambiko ya uwindaji 	female_feminine	6.1275	common_voice_sw_29789410.wav
imejitolea kukuza ukuaji wa muda mrefu katika sekta za baharini na usafirishaji 	female_feminine	6.0555	common_voice_sw_35214535.wav
wengine hutoa maelezo juu ya imani mbalimbali kama sababu ya desturi hiyo 	male_masculine	6.5235	common_voice_sw_28820746.wav
tangu kale wanaheshimiwa na wakatoliki na waorthodoksi kama watakatifu wafiadini 	male_masculine	5.0835	common_voice_sw_28999147.wav
idadi ya watu waliouawa uganda chini ya utawala wake imekadiriwa 	male_masculine	6.5595	common_voice_sw_29871607.wav
ana majuto baada ya kuacha shule 	female_feminine	2.5275	common_voice_sw_36642666.wav
kamati inapitia usahihi wa sera ya uwekezaji ya benki kuu 	female_feminine	6.0555	common_voice_sw_34828594.wav
ufaransa emmanuel macron amesema kuwa idadi ya maafa 	male_masculine	3.9675	common_voice_sw_36374783.wav
nenda ukawasaidie wale kina dada 	female_feminine	3.1035	common_voice_sw_35106370.wav
nalitakasika kwa damu 	male_masculine	2.0955	common_voice_sw_36389457.wav
tanzania ilipata uhuru wake kamili kutoka kwa uingereza 	female_feminine	5.9835	common_voice_sw_30176724.wav
takwimu hazikuonesha ni watu wangapi walizama kwenye titanic 	female_feminine	5.9835	common_voice_sw_35104673.wav
uwindaji haramu wanyamapori na ukosefu wa moto ambapo yalikuwa matokeo ya shughuli za binadamu 	male_masculine	6.0555	common_voice_sw_29941447.wav
wengine wakisema madrid ilikuwa imesheheni nyota wa kali 	male_masculine	6.0555	common_voice_sw_31408401.wav
uwindaji huu ulikuwa muhimu kiuchumi na sababu muhimu kwa uenezaji wa urusi katika siberia 	female_feminine	7.3875	common_voice_sw_28584766.wav
wa umeme samaki wanaopatikana katika msitu huo 	female_feminine	4.2555	common_voice_sw_35105123.wav
viama vinavyo pingana kuunda serikali moja 	female_feminine	3.6435	common_voice_sw_34598796.wav
kitulo kuna aina elfu nne za maua na mimea adimu 	male_masculine	4.6155	common_voice_sw_30307578.wav
na msitu wa nyumbanitu wenye kuku wa ajabu 	male_masculine	4.8675	common_voice_sw_30181551.wav
wabantu wenye ujuzi wa kilimo na uhunzi 	male_masculine	3.2835	common_voice_sw_30327621.wav
ilivyo adhimishwa huko jijini bujumbura 	female_feminine	3.7875	common_voice_sw_34748541.wav
afrika mashariki ilianzisha umoja wao chini ya nyerere 	male_masculine	5.8035	common_voice_sw_29795499.wav
kesho asubuhi nina kazi nyingi ya kufanya 	female_feminine	2.9955	common_voice_sw_35176942.wav
asilimia tisini ya biashara yote duniani hupitia baharini 	female_feminine	4.3635	common_voice_sw_35118890.wav
wakaingiza kilimo ufugaji na uzalishaji kwa jumla 	female_feminine	4.5075	common_voice_sw_30364488.wav
msamaha huo ulitolewa muda mfupi kabla ya nchi hiyo kupata uhuru 	male_masculine	4.6875	common_voice_sw_30419879.wav
na milki ya osmani uajemi na athira ya uingereza katika asia 	male_masculine	8.5035	common_voice_sw_35418123.wav
akaamua kuukabidhi utawala wake kwa mjukuu ambaye 	male_masculine	5.6955	common_voice_sw_29898406.wav
ipo umbali wa kilometa thelathini na tano 	male_masculine	3.1035	common_voice_sw_36389620.wav
na kila walipoenda waliwasema hivyo sifa hiyo ikawaganda 	female_feminine	4.7235	common_voice_sw_31284363.wav
kumi na tano lakini alishindwa na donald trumpgeorge bush akiwa na watoto wake 	female_feminine	5.1555	common_voice_sw_37092033.wav
kwa hiyo mara nyingi si lazima kulenga ushindi dhidi ya mpinzani 	female_feminine	5.4435	common_voice_sw_29304532.wav
pia ni naibu waziri wa wizara ya afya na maendeleo ya jamii 	male_masculine	5.0835	common_voice_sw_28681244.wav
kazi ya kufundisha soka nchini uingereza ni ngumu 	female_feminine	3.7155	common_voice_sw_30075193.wav
mwalimu nyerere aliwahamasisha wananchi kudumisha kilimo 	male_masculine	5.2635	common_voice_sw_29996948.wav
kwa ajili ya kupata kipato cha kukidhi mahitaji yao ya kila siku 	male_masculine	6.1635	common_voice_sw_30635685.wav
maeneo ambayo sisi tumekuwa tukiyatazama tu pasipo kupata muda wa kwenda kujifunza huko 	male_masculine	7.6035	common_voice_sw_30582819.wav
tumeshindwa kama umoja afrika kuletee 	male_masculine	4.2555	common_voice_sw_36373641.wav
tangu ugonjwa wa ukimwi ulipogunduliwa miaka ya elfu moja mia tisa na themanini 	male_masculine	5.5875	common_voice_sw_30470811.wav
messi alirudi kwenye kiwango cha juu na kuvunja rekodi ya magoli mengi kwa msimu 	male_masculine	7.3155	common_voice_sw_29805299.wav
kuna baadhi ya watu wanadai kuwa huo ni ugomvi wao binafsi ambao unawaumiza wananchi 	male_masculine	6.1275	common_voice_sw_29797270.wav
mwimbaji huyu alirekodi zaidi ya nyimbo mia tatu 	female_feminine	4.6155	common_voice_sw_30035419.wav
mfugale alibuni na kusimamia michoro katika kutelekeza mradi huu 	female_feminine	5.8035	common_voice_sw_30315385.wav
kwa jumla wakristo wanaishi kati ya wafuasi wa dini nyingine 	female_feminine	5.4075	common_voice_sw_35588537.wav
watalii wengi kutoka ndani na nje hufika kujionea kobe hao wakubwa 	female_feminine	4.3635	common_voice_sw_35250423.wav
kwa sababu hakuna mabadiliko yeyote ameleta katika eneo langu 	female_feminine	4.1835	common_voice_sw_37224246.wav
za mchezaji bora wa soka duniani ballon dor 	male_masculine	4.3275	common_voice_sw_36373493.wav
alitunukiwa shahada ya ualimu masomo ya kemiana hisabati 	female_feminine	5.4075	common_voice_sw_30034511.wav
kufunga ni moja ya nguzo tano za uislamu 	male_masculine	3.4275	common_voice_sw_29240003.wav
jina la sala hiyo linatokana na maneno yake ya kwanza 	female_feminine	5.0475	common_voice_sw_29717797.wav
pokea zawadi kutoka kwa baba 	male_masculine	3.6435	common_voice_sw_32243783.wav
kiswahili huwachanganya watu sana 	female_feminine	3.7155	common_voice_sw_37225117.wav
baadae rais hussein mwinyi akamteua kuwa makamu wa kwanza wa rais 	male_masculine	5.8755	common_voice_sw_29877984.wav
amin alijibu kwa kubomoa miji ya tanzania na kusafisha jeshi la akoli 	female_feminine	5.9475	common_voice_sw_30028589.wav
hawajainishwa katika nakala hii tutakuambia sifa 	female_feminine	6.4155	common_voice_sw_36644338.wav
anamiliki mashamba mengi 	male_masculine	4.3275	common_voice_sw_36945013.wav
eeh huenda walishauriana na utakumbukwa vizuri alisema kwamba awali walikuwa wameshauriana 	female_feminine	6.3075	common_voice_sw_34958100.wav
mwaka wa elfu moja mia nane tisini na nane 	female_feminine	4.5075	common_voice_sw_30495726.wav
kwa kuwapatia mafunzo wanajeshi binafsi wa cuba waliokuwa ukimbizini 	female_feminine	5.3355	common_voice_sw_31284665.wav
wa mbanza kongo baada ya wafalme kuwa wakristo 	female_feminine	6.5235	common_voice_sw_35104405.wav
kipindi professa jay anavuma wakati huo sugu na dudubaya nao walikuwa wanavuma 	female_feminine	6.3435	common_voice_sw_35198756.wav
ethopia inatajwa kama nchi iliyofanya mageuzi makubwa na kuimarisha 	female_feminine	6.1995	common_voice_sw_37083992.wav
asante sana kwa kuwa nami hapa wakati hu 	female_feminine	3.4635	common_voice_sw_36615316.wav
walikuwa viongozi waliokwenda kama wajumbe wa biashara ya ngombe 	female_feminine	5.8755	common_voice_sw_30709795.wav
rhoda alimshika kila mtoto mkono mmoja 	male_masculine	3.3555	common_voice_sw_36381972.wav
nneno ambalo latumika 	male_masculine	3.0675	common_voice_sw_32091669.wav
zindiko hilo lilifanyika bagamoyo katika moja ya mashimo 	male_masculine	5.6955	common_voice_sw_30485094.wav
sehemu kubwa ya mkoa ni yenye milima na vilima vilivyogawanywa na mabonde 	male_masculine	7.1355	common_voice_sw_29896937.wav
eneo linalofaa kwa kilimo ni hekta laki moja hamsini na tatu mia tano arobaini 	male_masculine	6.5235	common_voice_sw_29898924.wav
idi amin dada alikuwa mwanajeshi kutoka nchi ya uganda aliyepindua serikali na kujifanya rais 	female_feminine	8.0355	common_voice_sw_36617289.wav
lakini pia ni wakati wa wadau na mashabiki kubadilika 	female_feminine	4.9755	common_voice_sw_36617293.wav
kukua kwa zanzibar kulisababisha kupungua kwa mji wa maskat 	female_feminine	5.3355	common_voice_sw_30035179.wav
marco van basten alikuwa mfungaji bora 	male_masculine	5.0475	common_voice_sw_29903370.wav
walinyanganya biashara na mali ya wahamiaji kutoka india 	female_feminine	6.7755	common_voice_sw_30205661.wav
ambayo inahakikisha kuna malisho ya kutosha 	female_feminine	3.4275	common_voice_sw_34977501.wav
sifa muhimu ya kuni ni uwezo wake wa kutoa joto 	female_feminine	4.5435	common_voice_sw_28583897.wav
lakini kwenye simu hizi ni lazima kutumia pia namba ya mtandao muda wote 	female_feminine	7.3155	common_voice_sw_29504941.wav
wapinzani walimhakikishia nyerere kuwa wangeweza kukusanya wapambanaji wa kutosha 	male_masculine	6.4515	common_voice_sw_30364231.wav
ziwa nyasa limezungukwa na nchi tatu ambazo ni tanzania malawi na msumbiji 	male_masculine	6.5955	common_voice_sw_30143889.wav
kwasababu gharama za uendeshaji wa vita zilikuwa kubwa 	female_feminine	4.0755	common_voice_sw_31285711.wav
flamingo wazuri warefu wanapatikana ndani ya bonde la ngorongoro 	female_feminine	4.1475	common_voice_sw_31596910.wav
ugonjwa huu hauna tiba hivyo yatupasa tujikinge 	male_masculine	5.9835	common_voice_sw_30342416.wav
katika afrika ya mashariki huko bagamoyo wakiona umuhimu 	female_feminine	6.2715	common_voice_sw_30241062.wav
hapo inafaa kujenga maarifa kuhusu matumizi yake 	male_masculine	6.4155	common_voice_sw_29612237.wav
amepanda ndege jana 	female_feminine	3.5355	common_voice_sw_34743476.wav
mapenzi ya kweli yanadumu milele 	male_masculine	5.1555	common_voice_sw_28670037.wav
licha ya kuweka utaratibu wa kumuaga hayati magufuli 	male_masculine	6.5955	common_voice_sw_30162240.wav
wakahukumiwa kwenda jela kifungo cha maisha 	male_masculine	5.4075	common_voice_sw_31370880.wav
asili ya mto huu ni nyanda za juu za mto kondoa 	female_feminine	4.3635	common_voice_sw_31446681.wav
nywele refu sana 	female_feminine	2.2035	common_voice_sw_37093881.wav
kiungo wa kushambulia wa wales gareth bale alikuwa shujaa 	male_masculine	5.3355	common_voice_sw_29796625.wav
ni aibu sana kwa taifa maana enzi za mwalimu hapakukuwa na hali hii 	male_masculine	6.3075	common_voice_sw_30635376.wav
kiasili ben ni mtu wa dodoma 	male_masculine	3.7155	common_voice_sw_29637407.wav
kitabu cha kutoka kina sura arobaini 	male_masculine	2.8875	common_voice_sw_29630388.wav
mwalimu nyerere alisoma katika chuo cha makerere 	male_masculine	4.84765625	common_voice_sw_30629394.wav
kinachotakiwa ni kuiunga mkono serikali ya awamu ya nane 	male_masculine	3.7155	common_voice_sw_36389370.wav
ndoa ya wakristo ni sakramenti ya yesu na kanisa lake 	male_masculine	5.3355	common_voice_sw_28695160.wav
pep guardiola alidhalilika sana siku hiyo 	female_feminine	4.5075	common_voice_sw_30102165.wav
samia suluhu hassan na rais mteule john magufuli wamedumisha amani na upendo 	male_masculine	7.7835	common_voice_sw_30091464.wav
wakati mwingine maisha yanahitaji kisingizio tu unapokipata unakitumia kama mzee 	male_masculine	7.6035	common_voice_sw_30380708.wav
takribani asilimia ishirini ya hewa safi duniani huzalishwa kutoka kwenye msitu huo 	female_feminine	5.71165625	common_voice_sw_31812121.wav
mmoja wa jinsi kiwanda kikubwa kinaweza kutenda ili kupunguza 	male_masculine	4.3635	common_voice_sw_36375273.wav
wanafunzi wengi waliyomaliza elimu ya msingi walijiunga na sekondari 	male_masculine	5.5875	common_voice_sw_29937962.wav
kwa hiyo allaah subhaanahu wa taala akawa anawaita kwa jina la bani israaiyl 	male_masculine	9.1155	common_voice_sw_29787886.wav
anafanya kazi ya mitindo kama ajira yake 	male_masculine	3.9675	common_voice_sw_30631046.wav
kweli alijitahidi kuleta hali mpya katika kanisa 	male_masculine	4.1475	common_voice_sw_28663325.wav
alwi amesafiri kwenda dubai 	female_feminine	3.2475	common_voice_sw_35104491.wav
mawenzi yenye kimo cha mita elfu tano mia moja arobaini na tisa 	female_feminine	6.1275	common_voice_sw_30379346.wav
wengine wakahama na kadhia za kila namna 	male_masculine	3.8235	common_voice_sw_30181645.wav
kwa lengo la kusafirisha mizigo ya mazao mbalimbali 	male_masculine	5.0475	common_voice_sw_29930921.wav
meno ya tembo ni tofauti sana na yale ya mamalia wengine 	male_masculine	5.7315	common_voice_sw_29573648.wav
takribani kilomita sabini na tano kaskaziini mwa jiji la daressalaam 	female_feminine	5.3355	common_voice_sw_30377006.wav
jimbo la kwahani ameliongoza kwa miaka kumi na tano 	female_feminine	4.3635	common_voice_sw_34924867.wav
kwa kawaida mhusika ni mkristo lakini si lazima 	female_feminine	5.3355	common_voice_sw_28672908.wav
kipindi cha kiangazi au ukame wanyama hujipatia hifadhi ya maji kupitia magome ya mibuyu 	female_feminine	7.9275	common_voice_sw_29925923.wav
kombe la dunia la mwaka likarudi brazil kwa mara ya tatu kwenye historia yao 	male_masculine	7.4235	common_voice_sw_30334221.wav
wanawake ni laki moja sabini na mbili mia sita na sita 	female_feminine	7.3155	common_voice_sw_30567612.wav
maajabu hayo yamelifanya shirika la kimataifa kulijumlisha kwenye orodha yake ya urithi 	male_masculine	5.6235	common_voice_sw_30020720.wav
baadhi ya nchi kama vile ujerumani uingereza nakadhalika 	male_masculine	6.3435	common_voice_sw_28682178.wav
usisahau kwamba pele ni mmoja kati ya wachezaji wanne duniani 	male_masculine	4.4355	common_voice_sw_37229703.wav
messi amecheza jumla ya mechi mia saba sitini na nane 	female_feminine	4.0035	common_voice_sw_30038106.wav
ilindwe na vikosi vya kiislam aliahidi kutoa 	male_masculine	5.4075	common_voice_sw_30327319.wav
kama kawaida tunge tunge enda kwa tungeenda mahakamani 	female_feminine	3.9675	common_voice_sw_34958947.wav
ikiwa mwishoni mwa tafakuri yake binafsi mwandishi wa habari atafikia uamuzi wa kimaadili 	female_feminine	5.8755	common_voice_sw_29794476.wav
hutajirika na kalsiamu ngumu kama saruji baada ya kunyeshewa 	female_feminine	8.0355	common_voice_sw_29793229.wav
jomo kenyatta alichaguliwa kama rais wa kwanza 	male_masculine	5.0835	common_voice_sw_30020390.wav
rais wa zanzibari daktari hussein mwinyi kupitia runinga ya zanzibari alilitangazia taifa 	male_masculine	9.2955	common_voice_sw_30333936.wav
mikoa mingine itakuwa na miundombinu ya maji ya dhoruba inayofaa zaidi 	female_feminine	5.6955	common_voice_sw_30075143.wav
wahujumu uchumi walikimbilia nchi za jirani kujificha 	male_masculine	5.7675	common_voice_sw_30007231.wav
na zamani za roma ya kale wenyeji wa misri na mkoa wa afrikatunisia ya 	female_feminine	6.7035	common_voice_sw_35425410.wav
mojawapo ni kukutana na watu wa kupendeza kwa wema wao 	male_masculine	5.2275	common_voice_sw_28735758.wav
hata hivyo ni nchini uingereza ambapo umbo la soka la kisasa lilianza kulipuka 	male_masculine	10.3035	common_voice_sw_36944842.wav
vivutio vilivyoingia katika shindano la kutafuta maajabu saba ya asili 	male_masculine	5.0475	common_voice_sw_30677313.wav
ndilo daraja kubwa katika afrika ya mashariki 	male_masculine	4.6515	common_voice_sw_29660320.wav
osama akabadilika kutoka kuwa malaika hadi 	female_feminine	6.4875	common_voice_sw_30495090.wav
sehemu kubwa zaidi ya afrika ya mashariki inapeleka maji kwenda mabeseni ya rufiji 	male_masculine	7.2075	common_voice_sw_34746354.wav
karani wa koti ni yupi 	male_masculine	2.4555	common_voice_sw_37096603.wav
ni milionea tajika afrika akizaliwa visiwani zanzibar tanzania 	male_masculine	5.6235	common_voice_sw_29788177.wav
wafadhili walirejelea ufadhili mwezi wa novemba mwaka elfu mbili na tatu 	male_masculine	6.4155	common_voice_sw_30668404.wav
utawala wetu umekuwa na utaratibu tofauti na zilivyo nchi zingine 	male_masculine	6.3435	common_voice_sw_30180213.wav
mabadiliko hayo yalimpa raisi uwezo wa kuteua watanzania kumi kuwa wabunge 	female_feminine	7.7475	common_voice_sw_29799459.wav
yeye ni wa kwanza kuzaliwa kutoka katika familia ya watoto watano 	female_feminine	6.3435	common_voice_sw_28672760.wav
baadhi ya watemi wa waruri ikiwa ni pamoja na mtwenge 	female_feminine	4.1835	common_voice_sw_29791609.wav
kuna aina mbalimbali 	female_feminine	2.4555	common_voice_sw_29620744.wav
kanisa katoliki mara moja lilipoteza nafasi ya upendeleo 	male_masculine	4.5435	common_voice_sw_29796869.wav
tunaweza kujibu swali hili kwa msaada wao 	female_feminine	3.6435	common_voice_sw_35182125.wav
wataalamu wanaona asili ya nguruwe kwenye mabara ya afrika asia na ulaya 	female_feminine	5.9475	common_voice_sw_28583855.wav
mheshimiwa samia suluhu hassan alipata elimu ya msingi katika shule mbalimbali 	male_masculine	7.2435	common_voice_sw_29936176.wav
kisha mama yake huendelea basi kumdanganya kidogo kidogo 	female_feminine	5.4435	common_voice_sw_30054660.wav
pia kubakisha umeme wa ziada na kuuza katika nchi jirani 	female_feminine	4.4355	common_voice_sw_30582739.wav
kabla ya kuanza mikopo wananfunzi wa vyuo vikuu walikuwa wachache 	female_feminine	5.9475	common_voice_sw_30033848.wav
vikosi vidogo vya jeshi la wajerumani gavana soden alidai kutoendelea na mapigano 	male_masculine	7.2435	common_voice_sw_30099248.wav
titanic ilizinduliwa baada ya kukamilika kuundwa 	female_feminine	5.1555	common_voice_sw_34598219.wav
ngorongoro inayotembelewa na watalii wengi zaidi kwa mwaka 	female_feminine	5.8755	common_voice_sw_29798565.wav
dhidi ya maadui wanaoingia ksiwani hapo 	female_feminine	6.1275	common_voice_sw_34798046.wav
ni kwamba wananchi vile wanachukulia uchaguzi 	female_feminine	3.4275	common_voice_sw_35156580.wav
watu wanaamini kuwa mashindano ya urembo hayana maana 	male_masculine	4.4355	common_voice_sw_29796842.wav
benjamin mkapa ni rais wa awamu ya tatu 	female_feminine	3.2835	common_voice_sw_29791814.wav
kupitia kaskazini na kumwaga majiyake katika ziwa victoria 	female_feminine	6.3075	common_voice_sw_37089091.wav
lyunda jahazi 	male_masculine	2.0235	common_voice_sw_32323964.wav
xavi alipoanza kucheza timu ya taifa alifanya vizuri sana 	male_masculine	5.2275	common_voice_sw_30661154.wav
wakati mzuri wa kutembelea hifadhi hii ili kuangaliwa wanyama wakubwa ni wakati wa kiangazi 	female_feminine	7.8555	common_voice_sw_29847211.wav
bahari yenyewe ambayo baadhi wakipenda kuketi fukweni wakielekeza nyuso zao vilindini 	female_feminine	10.2675	common_voice_sw_30173554.wav
jana tuliona jinsi majeshi ya tanzania yalivyoanza safari 	male_masculine	5.1555	common_voice_sw_31304397.wav
uchafuzi huu unaweza kupitishwa waathirika wakuu wa uchafuzi huu 	male_masculine	5.4075	common_voice_sw_36381093.wav
chifu mkwawa alitumia pango hilo kujificha wakati wa vipita kwenye utawa wa kikoloni 	male_masculine	9.2955	common_voice_sw_30320397.wav
kwenye ufunguzi huo serikali ya mapinduzi ya zanzibar ilibainisha mambo kadhaa 	male_masculine	8.3595	common_voice_sw_37098342.wav
muziki wake mwingi ulikuwa unazungumzia hadithi za nyumbani 	female_feminine	4.6875	common_voice_sw_37089325.wav
na kuandika zaidi ukweli wa kuvutia kuhusu uturuki na waturuki 	female_feminine	5.4075	common_voice_sw_34943093.wav
wanyakyusa moja kwa moja twende mbeya hawa wanawake wengi wao ni weusi 	female_feminine	6.0555	common_voice_sw_30375713.wav
aliwahi kwenda vitani hispania na kuoa 	male_masculine	4.3275	common_voice_sw_28695355.wav
mfano mzuri wa mgomo wa wanyaturu katika eneo la wilwana 	female_feminine	5.6955	common_voice_sw_29924405.wav
matendo ya chuki ni tofauti na matendo ya kibinafsi 	female_feminine	4.6155	common_voice_sw_28584922.wav
makao makuu ya tanzania ni dodoma 	female_feminine	3.7875	common_voice_sw_29793425.wav
kufuatana na uainishaji wa lugha kwa ndani zaidi kigbe defi iko katika kundi la kikwa 	male_masculine	7.1355	common_voice_sw_29203699.wav
tena wako zambia malawi na sehemu nyingine 	female_feminine	4.6875	common_voice_sw_28699003.wav
miongoni mwa maajabu hayo ni yale ambayo hutokea nyakati za asubuhi 	female_feminine	4.3275	common_voice_sw_30585339.wav
kabla ya mazishi ya nelson mandela maji na umeme vilikata nyumbani kwa mandela 	female_feminine	8.6835	common_voice_sw_30312846.wav
pamoja na hayo mwenyewe aliendelea kutunga vitabu mbalimbali 	male_masculine	5.4075	common_voice_sw_28993473.wav
ujuzi wa mambo unaongezeka kwa kujifunza 	male_masculine	4.7595	common_voice_sw_30341808.wav
raia wa uingerza wanataka aendelee kutawala 	male_masculine	3.6435	common_voice_sw_36384115.wav
hawa walikuwa mababu wa wenyeji wa leo 	female_feminine	3.8955	common_voice_sw_29680454.wav
hadi kufikia mwezi wanane mwaka wa elfu moja amia tisa kumi nasita 	female_feminine	7.1355	common_voice_sw_31284874.wav
mwezi wa tatu na ule mwezi wa tano na msimu mfupi 	male_masculine	4.9755	common_voice_sw_30631097.wav
kuelekea mwishoni mwa msimu alipata ofa ya kujiunga na arsenal 	male_masculine	4.8675	common_voice_sw_30182236.wav
maeneo machache ya msingi kulingana na maslahi yako 	female_feminine	4.6155	common_voice_sw_34834752.wav
katika lugha adhimu ya kiswahili 	female_feminine	2.5635	common_voice_sw_37095422.wav
alistaafu baada ya kutawalakwa miaka mitano 	female_feminine	4.6875	common_voice_sw_29961013.wav
hivyo ni mwiko mkubwa katika siasa za 	female_feminine	4.9755	common_voice_sw_31333022.wav
mlima kilimanjaro una vilele vitatu vya kivolkeno 	female_feminine	5.8755	common_voice_sw_30327143.wav
hutoa huduma kwa wageni wanaotembelea hifadhi ya ziwa manyara 	male_masculine	4.3635	common_voice_sw_29942179.wav
safari yake ya kwanza ilikuwa kusafiri kwa muda mrefu sana 	female_feminine	4.0035	common_voice_sw_35123919.wav
inaathiri takribani asilimia sitini ya wananchi 	male_masculine	4.0755	common_voice_sw_36382383.wav
ni kudumisha maneno ya uongo ya wakoloni kutugawa na kujishusha thamani wenyewe kwa wenyewe 	male_masculine	6.1635	common_voice_sw_29938066.wav
pep guardiola alikuwa anadhirisha ubora wake 	male_masculine	4.9035	common_voice_sw_30109065.wav
kitabu kilikuwa kama bomu kati ya watu wa sayansi na wa dini 	male_masculine	6.1275	common_voice_sw_28695873.wav
sababu kama ni makosa umefanya na unaogopa kwamba utaondolewa na 	female_feminine	4.7235	common_voice_sw_37218917.wav
zidane alimuoa mwana dada mzuri na mrembo veronique fernandez 	male_masculine	6.7755	common_voice_sw_36041255.wav
nikutakie kila la heri katika siku hii ya leo 	male_masculine	1.9875	common_voice_sw_37225464.wav
nchi tofauti wacha tumaini kwamba mwishowe waturuki wa 	female_feminine	3.9675	common_voice_sw_35279643.wav
mfanyabiashara kutoka morocco ibn batuta aliyefika hapo 	female_feminine	7.40365625	common_voice_sw_30143697.wav
mila na desturi za wangoni katika kuposa wanawake 	female_feminine	4.6875	common_voice_sw_30354473.wav
uingereza walitunga sheria za mchezo wa soka 	female_feminine	3.7155	common_voice_sw_29788330.wav
walio katika uhusiano na hata kusoma baadhi ya tafiti 	female_feminine	5.8035	common_voice_sw_30375227.wav
hifadhi ya mikumi jina la hifadhi limetokana na milima hiyo 	female_feminine	7.69165625	common_voice_sw_30569175.wav
cristiano ronaldo aliibuka mfungaji bora 	female_feminine	3.1035	common_voice_sw_30194950.wav
mipango ya muda mfupi wa kati na mrefu kupambana na hali hiiwatu wengi 	female_feminine	6.8835	common_voice_sw_34942636.wav
kata hii ina shule tatu za msingi na shule moja ya sekondari 	male_masculine	6.7755	common_voice_sw_28690721.wav
ni wa kwanza kutoka makabila ya waindio 	male_masculine	5.3355	common_voice_sw_28690032.wav
majumba mengi ya magofu na misikiti ni alama ya zanzibar 	female_feminine	5.0835	common_voice_sw_36746514.wav
waliamua kukataa manyanyaso na masumbuko dhidi ya wakoloni 	female_feminine	4.1835	common_voice_sw_30653595.wav
baadaye huyu mwana wa kwanza alikuwa chifu wa bumbuli kwa kibali cha baba 	male_masculine	5.1555	common_voice_sw_28981428.wav
watalii wanatoka ulaya na asia kuja msumbiji 	male_masculine	5.2635	common_voice_sw_30257612.wav
kisha huzaa mtoto mmoja tu twiga ni baadhi ya wanyama wachache wanao zaa wakiwa 	male_masculine	6.8835	common_voice_sw_34762883.wav
golikipa wa urusi alikuwa bora kuliko magolikipa wengine 	female_feminine	6.3435	common_voice_sw_30383857.wav
sehemu kubwa ya nchi hasa kaskazini na magharibi hadi mwishoni mwa 	female_feminine	6.1275	common_voice_sw_34944412.wav
alianza kufanya mikataba na watawala wenyeji katika maeneo ya usagara nguru useguha na ukami 	male_masculine	7.6755	common_voice_sw_30225322.wav
hata leo anaheshimiwa na kanisa katoliki na waorthodoksi kama mtakatifu 	male_masculine	9.0075	common_voice_sw_28684932.wav
tanzania pekee imependelewa na mungu kuchimba madini ya tanzanite 	female_feminine	5.4435	common_voice_sw_29797603.wav
pia sheikh abeid amani karume kwa upande wa zanzibari 	female_feminine	4.6875	common_voice_sw_29922712.wav
sifa nyingi za pekee za kiumbe hiki zinaletwa na ongezeko kubwa la mafuta 	female_feminine	4.7235	common_voice_sw_31285964.wav
ushiriki wa ibada ni wa juu sana 	male_masculine	3.8955	common_voice_sw_28663203.wav
ikifikia upeo katika sherehe ya eunoto yaani ujio wa umri 	female_feminine	8.5755	common_voice_sw_30566574.wav
kumsaidia wapiganaji pia warundi walitumia ardhi ya buha kupigana na wanyamwez 	female_feminine	5.1555	common_voice_sw_37092582.wav
chama cha waandishi wa habari nchini humo kimelaani vikali kitendo hicho 	female_feminine	5.9835	common_voice_sw_35199058.wav
tofauti na wanyaturu hawakuwa utawala wa kichifu 	female_feminine	6.0555	common_voice_sw_29793057.wav
mapinduzi ya zanzibar yanaadhimishwa kila mwaka kama sikukuu ya taifa zima la tanzania 	female_feminine	7.7475	common_voice_sw_29797769.wav
moja miaka halafu iendelea kupanda juu ikielekea kabisa 	male_masculine	8.5035	common_voice_sw_35408230.wav
kwa ujumla zinathibitisha ya kwamba yesu alikuwepo 	male_masculine	4.3275	common_voice_sw_36383812.wav
ngano ambayo ni mazao makuu asia ya kusini ndiyo inayotumiwa 	male_masculine	5.5155	common_voice_sw_28994731.wav
kifo mara nyingi kunasababishwa na maudhi au uchovu 	female_feminine	5.3355	common_voice_sw_31584350.wav
pia walikuwa na lengo la kuweka makazi ya kudumu 	female_feminine	6.5955	common_voice_sw_29789009.wav
akikagua ofisi mpya za ardhi ya mkoa wa mara 	female_feminine	4.1835	common_voice_sw_31285062.wav
messi ameshinda tuzo sita za mchezaji bora wa dunia 	male_masculine	5.6955	common_voice_sw_30201412.wav
nafahamike kuwa asilimia kubwa ya makabila mengi yaliyopo hapa afrika yalipata majina kulingana na 	female_feminine	6.9555	common_voice_sw_35221658.wav
hasa anajulikana kwa kugundua elektroni 	male_masculine	5.3355	common_voice_sw_29657692.wav
wengi wanaujua zaidi mlima kilimanjaro kutokana na upekee wake katika bara la afrika 	female_feminine	6.5235	common_voice_sw_29818344.wav
ya afrika ya magharibi kwenye pwani ya 	female_feminine	2.9235	common_voice_sw_37095918.wav
mara zote mungu ana uwezo wake wa pekee 	female_feminine	3.9675	common_voice_sw_30110305.wav
mbalimbali na nguo hata hivyo mtindo uliopendelewa 	female_feminine	4.2555	common_voice_sw_30582082.wav
nakuru iliundwa na uingereza wakati wa ukoloni na imeendelea kukua tangu 	male_masculine	9.1155	common_voice_sw_28684931.wav
hadi mia nne sitini na saba katika mwaka elfu moja mia tisa sabini 	male_masculine	5.4435	common_voice_sw_30323933.wav
hata hivyo wapare wa mwanga wamegawanyika katika jamii mbili wasangi na wagweno 	female_feminine	6.8475	common_voice_sw_29944522.wav
kila kabila lina sifa zake ambazo ni tofauti 	male_masculine	5.9475	common_voice_sw_31441372.wav
mifugo midogo mara nyingi pia huwekwa ndani ya enkaji 	male_masculine	5.7675	common_voice_sw_29788026.wav
sinema ilizawadiwa globu ya dhahabu kwa muigizaji bora wa vivutio 	male_masculine	5.7675	common_voice_sw_30006985.wav
kuna pia wakristo kama jumuiya ndogo zaidi 	female_feminine	4.4355	common_voice_sw_28666426.wav
ni bora pia kuthibitisha hakuna uwezekano wa madhara ya madawa au pombe 	female_feminine	5.8755	common_voice_sw_28951376.wav
magufuli alianza kuchapa kazi usiku na mchana 	male_masculine	5.0835	common_voice_sw_30320135.wav
ilikuwa ya kwamba hajajikazia kuendeleza taasisi yake 	male_masculine	5.3355	common_voice_sw_29906025.wav
tanzania haikuwepo hadi aprili ishirini na sita elfu moja mia tisa sitini na nne 	female_feminine	5.5875	common_voice_sw_31285717.wav
safari za mtubwi katika ziwa eyasi 	male_masculine	2.6355	common_voice_sw_30046144.wav
ghafla akamkumbuka mzee alberto kito aliyemtembelea afajiri 	male_masculine	8.7555	common_voice_sw_35690341.wav
wachaga kabila linalojulikana kwa kufanya biashara 	female_feminine	4.3275	common_voice_sw_30024144.wav
kuishi chini ya waarabu waislamu ilibidi walipe madeni yaliyoachwa nyuma 	female_feminine	5.8035	common_voice_sw_37099353.wav
akifanya maajabu na klabu yake ya ajax ya uholanzi 	female_feminine	6.2355	common_voice_sw_29848607.wav
makao makuu yalikuwa mjini mwingi 	male_masculine	3.5355	common_voice_sw_28670352.wav
taarifa hizi zilithibitishwa na mdogo wake raul castro 	female_feminine	4.6875	common_voice_sw_36252519.wav
watenga watapeleka mahari kidogo kwa mama na baba wa binti 	male_masculine	5.6955	common_voice_sw_29787859.wav
dume ana rangi ya bluu na kahawia shingoni 	female_feminine	7.3875	common_voice_sw_30567015.wav
tanzania imegawanywa kwa mfumo wa mkoa na wilaya 	female_feminine	7.8555	common_voice_sw_30570146.wav
zelewski aliwadharau wahehe kama washenzi ambao walikuwa na mikuki na pinde tu 	female_feminine	5.8755	common_voice_sw_30581586.wav
pia wilaya za igunga na sikonge bila kusahau tabora na urambo 	male_masculine	6.3435	common_voice_sw_30354920.wav
vijiti vinavyohusiana kati ya makundi ya kiumri 	female_feminine	4.5435	common_voice_sw_30360194.wav
dalili za kawaida za malaria ni pamoja na kutetemeka kwa baridi na homa kali 	female_feminine	5.6235	common_voice_sw_30653654.wav
mafia ni mahali penye miji ya kale yenye utamaduni wa waswahili 	male_masculine	5.6955	common_voice_sw_30327527.wav
aliandika pia historia ya wafalme wa norwei 	male_masculine	4.3275	common_voice_sw_28921843.wav
bilioni thelathini na tisa zimetolewa kwa ajiri ya wanawake 	female_feminine	4.8675	common_voice_sw_30659098.wav
kasi ya usambazaji hutegemea aina ya kimelea pia mbu msambazaji binadamu anayeumwa na mazingira 	male_masculine	9.0075	common_voice_sw_30181694.wav
anatazamwa na watu wengi kama gaidi aliyesababisha vifo 	female_feminine	5.0475	common_voice_sw_30235334.wav
alikuwa pia mwigizaji katika filamu nyingi 	male_masculine	3.7155	common_voice_sw_28681588.wav
uchanguzi mkuu wa nchini thailand unataraji kufanyika 	male_masculine	5.6235	common_voice_sw_37086130.wav
sehemu hiyo inadumisha utalii wa kihistoria ndani ya tanzania 	male_masculine	5.9835	common_voice_sw_29895682.wav
walikutana na mandela kwa ajili kujadili suluhu na hatma 	female_feminine	4.3275	common_voice_sw_30582388.wav
japokuwa mbatiany alimpa santeu boksi la maajabu ambalo lingemwezesha 	male_masculine	8.3235	common_voice_sw_30183455.wav
mkubwa kutoka kwa makamu wa rais saulos chilima rais wa zamani joyce banda na 	male_masculine	9.5475	common_voice_sw_35683509.wav
bendera hufuata mkondo 	male_masculine	3.0675	common_voice_sw_32244646.wav
ndoa za kisukuma zinaruhusu ndoa za mitaala 	female_feminine	4.3275	common_voice_sw_30193609.wav
mchakato uliopo hivi sasa ni makumbusho hayo kuchukuliwa kuwa ya kitaifa 	male_masculine	6.1635	common_voice_sw_30224847.wav
dalili hizo zinapodumu kwa muda mrefu nenda ukapime 	female_feminine	4.8675	common_voice_sw_34763181.wav
kupunguza panya wanaoishi karibu na nyumba sehemu kazi au maeneo ya michezo 	male_masculine	5.9835	common_voice_sw_30650336.wav
sababu kubwa ya vita vya majimaji ni ardhi 	male_masculine	4.3635	common_voice_sw_31329286.wav
amini aliendelea kupokea mafunzo ya kijeshi 	female_feminine	4.2915	common_voice_sw_30314240.wav
akijifanya kujifurahisha ujuzi wa mpenzi wake 	male_masculine	4.3275	common_voice_sw_29962195.wav
kuna aina ya chura wanaopatikana jozani na hawapatikani dunia nzima 	female_feminine	5.0835	common_voice_sw_35183724.wav
mimi sijui chochote kumhusu 	female_feminine	2.9955	common_voice_sw_35102854.wav
kangaroo wanapenda kuishi katika makundi yanayozidi kangaroo kumi 	female_feminine	6.9915	common_voice_sw_30176840.wav
zikiendelea kupigwa ili sauti za wanaotahiriwa hasa wanaolia zisisikike 	male_masculine	7.0275	common_voice_sw_30149111.wav
waha ni kabila la watu wa tanzania wanaoishi katika mkoa wa kigoma 	male_masculine	4.6875	common_voice_sw_30478653.wav
ufaransa ilikuwa na kikosi cha dhahabu duniani 	male_masculine	4.6875	common_voice_sw_30181998.wav
ureno ilifungwa mabao mawili kwa moja 	male_masculine	2.9955	common_voice_sw_30179793.wav
wale wenye mamlaka ya kuleta matokeo chanya katika kuboresha hali ya usafiri majini 	male_masculine	7.9635	common_voice_sw_30341807.wav
ushindi wetu ni uthibitisho kuwa mikakati ya lengo letu imeanza vizuri 	female_feminine	7.54765625	common_voice_sw_30105025.wav
luteni kanali morrison singano akawa anatuma ripoti za ilani 	female_feminine	5.4435	common_voice_sw_30574907.wav
milioni moja mbili kumi na sita nukta sifuri 	female_feminine	4.0755	common_voice_sw_30194221.wav
pwani ya afrika ya masharikii ilitembelewa na mabaharia wengi 	female_feminine	7.0635	common_voice_sw_30322645.wav
watu wawili waliokuwa mlangoni wakiwa wamefunika nyuso zao 	male_masculine	4.2555	common_voice_sw_36387480.wav
hakuna uhakika juu ya mwaka na mahali alikozaliwa amin mwenyewe hakuandika kumbukumbu ya maisha 	female_feminine	6.8835	common_voice_sw_34895982.wav
ilikuwa likiishi katika eneo la serengeti na ngorongoro kwa miaka mingi pamoja na wanyamapori 	female_feminine	6.5955	common_voice_sw_29791040.wav
hufanya uamuzi wa kutoa elimu kwa vitendo na kuelekeza wananchi namna ya kulima 	male_masculine	5.2275	common_voice_sw_29988535.wav
aliwakilisha jimbo la morogoro kuanzia mwaka elfu moja mia tisa sitini 	female_feminine	5.5155	common_voice_sw_35107621.wav
pia ni wawindaji 	male_masculine	2.7075	common_voice_sw_28696103.wav
warsha ya kuchangia sentensi 	male_masculine	3.6075	common_voice_sw_30210008.wav
sasa taasisi zimeanza kushughulikia pia masuala ya kuondoa umasikini 	female_feminine	6.3075	common_voice_sw_35425635.wav
mourinho ameingia kandarasi na klabu ya roma 	male_masculine	4.7235	common_voice_sw_30574934.wav
timu nyingi za bara la amerika kusini zilifanya vizuri kwenye mashindano 	male_masculine	6.28765625	common_voice_sw_30628724.wav
kaburi lilipambwa kwa kusimamisha ubao mguuni na sanamu ya ubao 	male_masculine	6.8475	common_voice_sw_30114895.wav
uholanzi alishika nafasi ya tatu kwenye michuano ya kombe la dunia 	female_feminine	5.0475	common_voice_sw_30262107.wav
kalambo ndio maporomoko marefu zaidi nchini tanzania 	female_feminine	5.0835	common_voice_sw_30574822.wav
kwa ukanda wa pwani na nchi kavu nyuzi joto ishirini na nne 	female_feminine	4.9035	common_voice_sw_35104459.wav
kama walihubiri nchi hizo za afrika kaskazini zilikuwa tajiri hali 	female_feminine	5.3355	common_voice_sw_34944119.wav
tausi jike hukaa na watoto wake kwa karibu miezi sita 	male_masculine	6.1275	common_voice_sw_29906129.wav
mafundisho yake zinapatikana pia katika aina ya sauti na video 	male_masculine	5.9475	common_voice_sw_28681814.wav
kiliibuka na kuwa moja ya vikundi vya wapiganaji ambavyo vilikuwa 	female_feminine	4.9755	common_voice_sw_37094913.wav
hifadhi hii maarufu kwa wanyama jamii ya tumbili wajulikanao kama mbega weusi na weupe 	female_feminine	6.4155	common_voice_sw_30574746.wav
mbuni anakimbia kuliko viumbe wote wenye miguu miwili 	female_feminine	5.5515	common_voice_sw_30080507.wav
pia alikuwa mkuu wa utawala wa kikoloni wa eneo hilo 	female_feminine	5.9835	common_voice_sw_28696377.wav
ili atakapokufa baadae nyumba yake isitoweke huamua kuoa 	female_feminine	4.7235	common_voice_sw_30585412.wav
aa ambaye pia anawania urais kwa wakati huu stanila 	female_feminine	4.7955	common_voice_sw_35438831.wav
kabla ya kuhamia klabu ya feberbahce uturuki alikuwa akichezea aston villa timu ya uingereza 	male_masculine	8.7555	common_voice_sw_29898411.wav
mwezi julai mwaka elfu moja mia tisa hamsini na tatu 	female_feminine	8.4675	common_voice_sw_30371551.wav
hula matunda na mbegu hasa lakini wadudu pia 	male_masculine	4.1835	common_voice_sw_28690079.wav
matokeo kamili yanatanzamiwa kutangazwa mwezi ujao na ikiwa hali itasalia kuwa kama ilivyo sasa 	male_masculine	6.5955	common_voice_sw_36381427.wav
azerbaijan ina historia ndefu kuanzia zama za mawe 	female_feminine	5.3355	common_voice_sw_28748383.wav
ukifanikiwa kuwa na jeshi imara vita hiyo ni vyepesi kuishinda 	male_masculine	5.1195	common_voice_sw_30380739.wav
lakini hasa wa jamii ya wakushi wa afrika mashariki 	female_feminine	5.0835	common_voice_sw_30638442.wav
kwa upande wa kaskazini mwa nyanda za juu iko tambarare ya siberia ya kaskazini 	male_masculine	6.4875	common_voice_sw_28581513.wav
hivi unafikiri kwanini mandela alikua mtu muhimu 	male_masculine	5.5875	common_voice_sw_29795599.wav
kaskazini mwa tanzania kuna mlima meru pia 	male_masculine	3.8235	common_voice_sw_28880831.wav
alitumia mdundo iliyotengenezwa kwa kugandamizia beat ya msanii wa kimarekani vanilla ice 	male_masculine	7.0635	common_voice_sw_36381660.wav
wakati wa utawala wa ukoloni wa uingereza huko zanzibar kulikuwa bado 	male_masculine	4.3275	common_voice_sw_36373533.wav
ilijengwa kati ya mwaka elfu moja mia tisa na sabini 	male_masculine	4.9035	common_voice_sw_30671505.wav
kuogelea kwa wakati huu bado kunawezekana 	male_masculine	4.4355	common_voice_sw_36807694.wav
mabadiliko hayo mwandishi wetu jijini paris mohamed saleh 	male_masculine	4.3635	common_voice_sw_37226163.wav
au stesheni za mitaa na mitandao yenye miundo lazima zichukua 	female_feminine	6.2355	common_voice_sw_35587860.wav
baadae kichwa cha hussein kilionekana wakati wa karamu ya kifahari 	male_masculine	7.0275	common_voice_sw_29902573.wav
hifadhi ya taifa ya serengeti imetajwa kuwa ni kivutio pekee kilichopigiwa kura nyingi 	male_masculine	7.5675	common_voice_sw_29895680.wav
rifa ifuatayo inaelezea shughuli ya kuapishwa kwa rais huyo 	female_feminine	6.1275	common_voice_sw_34763121.wav
kiongozi wa zanzibar alikodisha eneo la pwani 	female_feminine	4.0755	common_voice_sw_29797572.wav
wanaona tu niupuzi lakini kwa uhakika u 	male_masculine	5.2275	common_voice_sw_36944792.wav
kuna njiapanda ambako njia ya kati inaunganishwa na njia za kando 	male_masculine	5.8755	common_voice_sw_29961837.wav
kuna mwendo wa masaa mawili kutoka uwanja wa ndege wa pemba mpaka ngezi 	male_masculine	5.6235	common_voice_sw_29788896.wav
katika makanisa mengine huwa askofu mkuu ni askofu kiongozi wa nchi fulani 	female_feminine	5.8755	common_voice_sw_29636711.wav
ualimu huo unaweza kuwa wa kawaida na usio wa kawaida 	male_masculine	6.1635	common_voice_sw_28814488.wav
katika imani za kimaasai inaaminika kuwa wanaweza kugundua magonjwa na sababu za mikosi 	male_masculine	8.6475	common_voice_sw_36013473.wav
kwa kuongezea wamesheki wenyewe hujiita waturuki wa akhaltsikhe 	female_feminine	8.8635	common_voice_sw_35181987.wav
andika sentensi zote kwa kitabu 	male_masculine	3.2115	common_voice_sw_36386306.wav
wanyaturu ni moja ya makabila yanayojumlishwa katika kundi la nilo hamites 	female_feminine	6.6675	common_voice_sw_31823795.wav
kuna mmea wa kienyeji uitwao olari ambao unakua ukiwa mrefu na mwingi 	female_feminine	6.5235	common_voice_sw_30581763.wav
sikukuu yake huadhimishwa na wakatoliki waorthodoksi na waanglikana tarehe ya kifo chake 	male_masculine	7.0635	common_voice_sw_28306063.wav
kukaa kenya miezi mitatu hivi hurejea tanzania mwezi novemba hadi mwezi disemba 	female_feminine	8.8635	common_voice_sw_30421299.wav
pili kushirikiana katika kula kunachochea ushirikiano katika mambo mengine 	female_feminine	6.5955	common_voice_sw_29788356.wav
ni mwezi wa kwanza na mwezi wa nne 	male_masculine	3.7875	common_voice_sw_30634570.wav
neno lenyewe linaonekana kuwa na nguvu isiyo ya kawaida 	male_masculine	3.9675	common_voice_sw_30019810.wav
uturuki na ugiriki mnamo mwaka wa elfumoja miatisa hamsini na mbili 	male_masculine	6.4515	common_voice_sw_36386141.wav
chukua hatua ambazo hazita tuadhiri na wakati huo huo 	female_feminine	5.0835	common_voice_sw_35183804.wav
sekta ya utalii inategemewa kwa kiasi kikubwa sana 	female_feminine	4.5075	common_voice_sw_30378499.wav
hasa watu kwenye visiwa vingi vya pasifiki wana utamaduni wa karibu 	male_masculine	7.0275	common_voice_sw_29609982.wav
kama sehemu ya kutekeleza kawaida yake ya 	female_feminine	3.7875	common_voice_sw_29798638.wav
heroini ambayo inatokana na dawa ya mofini hutumika 	female_feminine	4.5435	common_voice_sw_35154697.wav
uweze kupambana vema na maradhi yatakayoharibu kinga za mwili 	male_masculine	7.6035	common_voice_sw_36299567.wav
hali hiyo inaweza kutokea kiasili katika mazingira maalumu au kwa kutumia mbinu fulani 	female_feminine	7.0275	common_voice_sw_29356397.wav
hupewa maelekezo na ushauri unaohusiana na majukumu yao mapya 	male_masculine	4.7235	common_voice_sw_36383742.wav
kutoka morogoro kuna njia nyingine ya lami hadi dodoma 	male_masculine	5.6595	common_voice_sw_29509818.wav
muziki ambao vijana wengi ndio huvutiwa nao zaidi 	male_masculine	3.4635	common_voice_sw_36387489.wav
watu wa kwanza waliishi katika afrika penye hali ya hewa ya joto 	male_masculine	4.5075	common_voice_sw_28681676.wav
brazil iliweka historia ya kushinda kombe la ubingwa wa dunia kwa mara ya nne 	male_masculine	5.0835	common_voice_sw_29979547.wav
flaviana matata alijitahidi kutimiza ndoto zake 	female_feminine	4.0035	common_voice_sw_31406048.wav
meno yake ya chini ya mbele hungolewa 	female_feminine	4.0035	common_voice_sw_30022226.wav
janga la rinderpest na ukame wakati ulisababisha kupungua kwa idadi ya wamasai 	male_masculine	5.9475	common_voice_sw_30445670.wav
kuenea kwa sababu ni biashara kubwa inayoingiza pesa nyingi 	male_masculine	7.1355	common_voice_sw_35411284.wav
kila kabila lina washamba na wasio washamba kutegemeana na aina ya ushamba 	male_masculine	5.8755	common_voice_sw_30634776.wav
miaka hiyo biashara ya watumwa ilishamiri sana 	male_masculine	3.9675	common_voice_sw_30471001.wav
hospitali hapo hakukuwa na taarifa ambayo kuna mgonjwa aliezimia kutokana na muziki huo shoo 	female_feminine	7.7115	common_voice_sw_37088968.wav
kibuyu na kuni zilitumika katika ufundi huo 	female_feminine	4.9755	common_voice_sw_30313837.wav
hata mila na desturi zao hutofautiana 	male_masculine	4.0395	common_voice_sw_30365219.wav
ripoti za mashirika makubwa zinapotolewa 	female_feminine	4.9395	common_voice_sw_30227390.wav
hivyo kuwa kivutio kikubwa kwa watalii wa ndani na nje ya nchi 	male_masculine	5.1555	common_voice_sw_30634763.wav
wimbo huo aliucheza katika moja ya vipindi ambavyo alikuwa akiviendesha 	female_feminine	4.5435	common_voice_sw_37212180.wav
kutoka asili hizi kuna aina nyingi za jazz zilizoendelea 	female_feminine	6.1635	common_voice_sw_28698895.wav
moja na kufuatiwa na mwingine wa mwaka elfu moja mia tisa kumi na moja 	male_masculine	3.6435	common_voice_sw_36390537.wav
kitu cha msingi ni kuangalia na kuzifanyia kazi sifa unazozitaka kutoka kwa mpenzi wako 	female_feminine	7.8555	common_voice_sw_30177396.wav
watu wengine bilioni moja wanakadiriwa kukosa vitamini na madini 	male_masculine	5.5515	common_voice_sw_29470107.wav
serikali imeanzisha kampeni kama tanzania isiyo sahaulika ili utalii 	male_masculine	6.3075	common_voice_sw_29915693.wav
elfu tatu lakini walioongezeka na kufikia elfu ishirini 	male_masculine	5.6235	common_voice_sw_29996496.wav
mwanzoni palikuwa na nchi chache tu zilizofuata kalenda mpya 	male_masculine	5.4435	common_voice_sw_28581837.wav
mkwawa alikuwa mtemi na kiongozi mkuu wa kabila la wahehe katika tanganyika 	male_masculine	6.1635	common_voice_sw_30057944.wav
jamii ya kiarabu wasio wazanzibari iliamriwa kuondoka 	male_masculine	4.6875	common_voice_sw_30674941.wav
makabila yote yaliyopo nchini tanzania huzungumza lugha moja ya kiswahili 	female_feminine	5.7675	common_voice_sw_34979576.wav
vililinganishwa na vile vya mataifa tajiri duniani 	female_feminine	5.4075	common_voice_sw_36106461.wav
pengine hawapati nafasi ya kuielewa lugha lakini bado wana furaha 	female_feminine	4.9035	common_voice_sw_36643650.wav
unavipata hivyo katika vyakula vingi unavyokula kama mikate na tambi 	male_masculine	6.3435	common_voice_sw_30635710.wav
baada ya kupigwa kwa imani yao waliuawa wakati wa dhuluma ya kaisari decius 	female_feminine	9.7635	common_voice_sw_29150759.wav
mkwawa mwenyewe aliamua kukimbia pamoja na askari elfu mbili 	female_feminine	5.9835	common_voice_sw_30177781.wav
mwaka elfu moja mia tisa hamsini na nane 	female_feminine	3.8235	common_voice_sw_34747533.wav
unaonekana kuwa na manufaa mengi kwa wanajamii wa kabila hilo 	male_masculine	4.7955	common_voice_sw_30181640.wav
jinsi inasema serikali za mitaa na makampuni binafsi 	female_feminine	6.1275	common_voice_sw_37217752.wav
sehemu za kusini za maji huhesabiwa kuwa ndani ya bahari ya antaktiki 	male_masculine	6.7755	common_voice_sw_28879137.wav
yeye huishi na hufanya mazoezi yake ya mbio ngong karibu na jiji la nairobi 	female_feminine	7.6035	common_voice_sw_29216028.wav
tangu mapinduzi ya kuwaondoa waarabu visiwa hivyo vimeendelea kutawaliwa na chama cha mapinduzi 	male_masculine	6.0555	common_voice_sw_29938141.wav
uhamiaji huu umeonyeshwa katika filamu na programu nyingi za televisheni 	male_masculine	6.7755	common_voice_sw_29945675.wav
kwani ndiyo siku zilishushwa chini bendera zote za utawala wa waingereza 	female_feminine	5.9835	common_voice_sw_31823717.wav
tiba ya ugonjwa wa kisukari inaendana na muda wa tatizo 	female_feminine	5.3715	common_voice_sw_37085096.wav
mvua nzito ilichangia ukuaji wa majani 	female_feminine	4.1475	common_voice_sw_29791959.wav
kuna makadirio ya kwamba jumla ya watu laki moja hadi laki tano waliuawa 	female_feminine	7.1355	common_voice_sw_30033962.wav
mtoto anaenda shuleni 	female_feminine	2.6355	common_voice_sw_34940140.wav
michezo ya karata bao la solo huwakutanisha wao pamoja 	female_feminine	2.5635	common_voice_sw_37098766.wav
wakati hakuna kitu cha kula na mwenzako mmoja amejeruhiwa kumuua na kumla ili kuishi 	male_masculine	7.8555	common_voice_sw_29856681.wav
akiwa na maslahi binafsi huku wakazidi kumlaumu kwa kufanya hivyo 	female_feminine	6.5235	common_voice_sw_30176740.wav
wageni hawa walikuja huku afrika kwa kutumia usafiri wa mashua 	female_feminine	5.3355	common_voice_sw_29791520.wav
wakati wa shughuli za utengenezaji wa barabara 	male_masculine	5.6595	common_voice_sw_30357272.wav
sheria hiyo haihusiani tu na utegemeaji wa dawa 	male_masculine	3.5355	common_voice_sw_36375244.wav
kusafirisha watumwa afrika katika ya karne ya kumi na tisa kutoka kitabu cha livingstone 	female_feminine	7.6755	common_voice_sw_35438525.wav
wanyamwezi ni kabila la tanzania wanaoishi katika mikoa ya tabora na shinyanga 	female_feminine	5.9835	common_voice_sw_34831575.wav
nywele hizo hupakwa mafuta ya wanyama na mchanga mwekundu 	male_masculine	5.8755	common_voice_sw_30586093.wav
bila hiana nikajikuta na nyanyuka na kuelekea chumbani kwangu hakika nilikuwa na mawazo sana 	female_feminine	8.5755	common_voice_sw_30352567.wav
alitafsiri biblia kwa kijerumani ili watu wengi zaidi waweze kuisoma 	female_feminine	5.1555	common_voice_sw_29923938.wav
kwa hiyo lugha imekaribia kutoweka kabisa 	female_feminine	3.9675	common_voice_sw_29211515.wav
wamanyema waliwafundisha waha na wote hawa waliipigania tanganyika kutoka mikononi mwa serekali ya kikoloni 	female_feminine	9.1155	common_voice_sw_36616242.wav
maamuzi haya yalifikiwa baada ya mazungumzo ya siri yaliyofanyika mwaka 	male_masculine	5.6235	common_voice_sw_36381532.wav
mbuni dume anaishi maisha marefu zaidi 	female_feminine	3.8955	common_voice_sw_30354007.wav
zina tabia za kufanana 	female_feminine	2.8875	common_voice_sw_29749169.wav
mamalia kwa kawaida hupatikana katika kanda hii 	female_feminine	4.3275	common_voice_sw_30360103.wav
ya watoto kwa upande mmoja hapa haiti na kwangu mimi na upande 	female_feminine	4.7235	common_voice_sw_35105923.wav
alisoma shahada yake ya kwanza katika chuo kikuu cha mamara uturuki 	female_feminine	5.0835	common_voice_sw_34958832.wav
wakitaka dola itenganishwe na dini muandamanaji wa 	female_feminine	4.5075	common_voice_sw_35056459.wav
mwili wote wa nyangumi unalingana na maisha ya majini 	male_masculine	4.7955	common_voice_sw_30470930.wav
moja kwa moja waliingia mpaka ofisini kwa mwalimu mkuu wa shule hiyo na kuingia 	female_feminine	6.7035	common_voice_sw_30653472.wav
ndivyo hivyo asilimia kubwa ya dunia imezungukwa na maji 	male_masculine	5.3355	common_voice_sw_30091168.wav
plutarch anasema kuwa alijifanya kufurahia ujuzi wa mpenzi wake 	female_feminine	4.6155	common_voice_sw_34958937.wav
nyota huyo anayejivunia mabao ishirini na sita kutokana na michuano ya el clasico 	male_masculine	6.8475	common_voice_sw_29899099.wav
kinshasa ni nyumbani kwa idadi kubwa ya vituo vya redio na televisheni 	female_feminine	6.3075	common_voice_sw_28903338.wav
vijana wanaweza wakaona ugumu kuwaambia wenzi wao kuwa wameambukizwa magonjwa ya zinaa 	female_feminine	5.9835	common_voice_sw_29791450.wav
bila kusahau kiteto na simanjiro zinazokamilisha jumla ya wilaya tano za mkoa wa manyara 	male_masculine	6.7755	common_voice_sw_30016500.wav
mji ni makao makuu ya kaunti ya kilifi 	male_masculine	4.1475	common_voice_sw_28922506.wav
waziri mkuu wa tanzania kassim majaliwa kassim amesema 	female_feminine	5.8755	common_voice_sw_30036212.wav
ondoa vichaka miamba uchafu kuni zilizotapakaa na chochote kinachoweza kuwa chakula cha panya 	female_feminine	6.8475	common_voice_sw_30436172.wav
imeongeza kasi ya kutoa fedha kwa wateja 	female_feminine	3.6075	common_voice_sw_35104248.wav
hitler alifanya mauaji ya halaiki kabisa 	female_feminine	5.2635	common_voice_sw_30351391.wav
ni mwambao wa bahari ya kaspi tehran ni mji mkuu pia mji mkubwa 	female_feminine	7.6035	common_voice_sw_35181988.wav
hivyo kuwa kivutio kikubwa kwa wapanda milima kutoka kila pande za dunia 	male_masculine	6.9555	common_voice_sw_36945554.wav
idadi kubwa ya wanafunzi kutoka shule mbalimbali nchini tanzania hutembelea hifadhi hii 	female_feminine	5.8035	common_voice_sw_29793541.wav
kwani tayari walikuwa na deni la kulipa mabao sita kwa sifuri walichopewa 	male_masculine	5.3355	common_voice_sw_29941590.wav
masuala ya jando na unyago yalikuwa ya kawaida sana 	female_feminine	5.2275	common_voice_sw_30002197.wav
mwaka nenda mwaka rudi huku mipango yao ikififia kama nyota ya mchana 	male_masculine	7.3155	common_voice_sw_30121954.wav
flaviana matata alikusudia kuwasaidia watu wenye uhitaji maalum 	male_masculine	5.0475	common_voice_sw_29796867.wav
mlima mlimu pamoja na ule mlima mlomboza 	male_masculine	5.8755	common_voice_sw_30320348.wav
alipofika alikaribishwa katika kasri la alhasan ibn sulaiman abulmawahib 	male_masculine	8.1075	common_voice_sw_29796076.wav
kimsingi mandhari ya hifadhi hii ni nyasi iliyo wazi na mito 	male_masculine	5.0475	common_voice_sw_28673118.wav
kutokana na suala la utandawazi wapare wametapakaa kote tanzania kwa shughuli mbalimbali 	male_masculine	7.6035	common_voice_sw_29946780.wav
wapare walikuwa na utamaduni wa shughuli za sanaa kama methali na hadithi 	female_feminine	5.6955	common_voice_sw_30363011.wav
alikuwa waziri wa afya mambo ya ndani na maliasili 	male_masculine	4.0755	common_voice_sw_30647798.wav
ugonjwa wa mwinuko ni adui wako 	female_feminine	3.8235	common_voice_sw_29790829.wav
hapatoshi kwa sababu kelele zake zitakuwa siyo 	male_masculine	3.5355	common_voice_sw_36375356.wav
mabadiliko haya yamesaidia kuongeza hali ya usikivu na tahadhari 	female_feminine	5.4435	common_voice_sw_36616212.wav
wakati italia inafikisha mataji matatu ya kombe la dunia brazil ilikuwa na mawili 	female_feminine	6.9555	common_voice_sw_30371527.wav
umaarufu mwingine wa hifadhi hii ni pamoja ya aina ya chatu 	male_masculine	3.8235	common_voice_sw_29995022.wav
ukubali huo ulipelekea mwitikio usiyofaa wa janga hili 	male_masculine	7.2435	common_voice_sw_36037731.wav
hatimaye kujiunga na klabu ya simba mwaka elfu mbili na kumi na saba 	male_masculine	5.6955	common_voice_sw_31304432.wav
sultani majid bin said kuhamia dar es salaam mwaka huo 	male_masculine	5.5875	common_voice_sw_29946566.wav
kutokana na maradhi ya kisukari na uvimbe kwenye kongosho bi kidude amekuwa katika fani 	female_feminine	8.3235	common_voice_sw_35155013.wav
alimuuliza julian paruku kahonja gavana wa kivu kaskazini 	female_feminine	6.0555	common_voice_sw_34756222.wav
warieri wakine wasweta na waganjo wagire wakiseru wakamageta na waturi 	male_masculine	8.3235	common_voice_sw_34762875.wav
yalianzishwa na aliyekuwa mkuu wa wilaya hiyo akijulikana kwa jina la msonge 	male_masculine	6.0555	common_voice_sw_29937805.wav
matembezi ya kiumbe huyo wa ajabu hayatabiriki 	male_masculine	4.1475	common_voice_sw_29943190.wav
nchini tanzania afisa mtendaji wa kata huitwa katibu kata 	female_feminine	5.4075	common_voice_sw_29258950.wav
na mikoa mingine hadi rwanda na burundi watu hawa ilikuwa ngumu sana wao kukimbia 	female_feminine	6.3435	common_voice_sw_29860918.wav
alihakikisha anasoma kwa bidii ili kutimiza ndoto zake 	female_feminine	6.57565625	common_voice_sw_31767002.wav
upo utani unaofanana na ukweli unaosema 	male_masculine	4.6875	common_voice_sw_30650345.wav
dhiti ya mwimbaji maarufu michele mati 	male_masculine	4.1475	common_voice_sw_37096495.wav
punk imany david guetta soprano martin solveig kutoka nchini ufransa 	female_feminine	5.8755	common_voice_sw_36039686.wav
ni bilionea ambaye ametambuliwa kuwa miongoni mwa mabilionea wa umri mdogo zaidi afrika 	male_masculine	6.9555	common_voice_sw_29787926.wav
taarifa kuhusu masoko zinaweza kupatikana kutoka vyanzo mbalimbali na na mbinu 	male_masculine	10.3755	common_voice_sw_29638989.wav
wakurugenzi watendaji wanaoteuliwa na rais wa jamhuri ya muungano wa tanzania 	female_feminine	7.1355	common_voice_sw_30667132.wav
jina la kwanza ni mwita ambalo asili yake ni uguita 	male_masculine	6.1275	common_voice_sw_30091429.wav
helikopta za black hawk zilisafiri kwenda abbottabad 	male_masculine	5.0835	common_voice_sw_29956462.wav
milton obote ndiye aliyekuwa raisi wa pili wa uganda 	female_feminine	4.3275	common_voice_sw_31446461.wav
hufikia mwendokasi wa kilometa hamsini na tano kwa saa 	female_feminine	5.0475	common_voice_sw_30628284.wav
ilivisa kama hivi visiwahi tokea tena 	female_feminine	3.8235	common_voice_sw_34745860.wav
samia alijiunga na shule ya sekondari ngambo na lumumba unguja 	male_masculine	6.1635	common_voice_sw_30629032.wav
pia vipo vyuo viku vingi mpaka sasa hapa tanzania 	female_feminine	4.9755	common_voice_sw_30624107.wav
sema vizuri nikuskie kwa masikio yangu 	male_masculine	3.8235	common_voice_sw_36385376.wav
sherehe za tuzo za reggae ya kimataifa na muziki wa ulimwengu 	male_masculine	6.3435	common_voice_sw_29887444.wav
awali vikosi vya tanzania na washirika wake viliukamata mji huo 	male_masculine	6.0555	common_voice_sw_29995820.wav
ndhinga ulokuva na mbuvo uliamuliwa asali ndani 	female_feminine	6.75565625	common_voice_sw_31882139.wav
makao makuu yako wote 	male_masculine	4.4715	common_voice_sw_29469266.wav
rasmi pamoja na nyingine 	male_masculine	3.3555	common_voice_sw_28581475.wav
alianguka chini 	male_masculine	2.0235	common_voice_sw_36375164.wav
tumekataa kudhalilishwa kabisa 	female_feminine	2.8875	common_voice_sw_35588661.wav
mwaka huu mwezi wa tano alishinda kombe la ulaya 	female_feminine	4.3275	common_voice_sw_30205292.wav
idara ya mambo ya kale nchini tanzania inafanya kazi 	male_masculine	6.1635	common_voice_sw_29904637.wav
miongoni mwao walikuwemo makuhani na waheshimiwa waaguzi wa arochukwu na jumuiya ya ekpe 	male_masculine	7.9635	common_voice_sw_29795534.wav
jambo linalowafanya wakazi hao kupata kitoweo na fedha za kujikimu 	female_feminine	6.7035	common_voice_sw_30640492.wav
benzema alikuwa mchezaji wa timu ya taifa na kuiwakilisha nchi yake 	female_feminine	6.4155	common_voice_sw_37085642.wav
kwa mtoto tangu anazaliwa hadi anapokua 	female_feminine	3.4635	common_voice_sw_31285564.wav
iliyobaki duniani inaweza kuwa na miti hii 	male_masculine	2.9235	common_voice_sw_36319128.wav
kwamba sasa walau hata kuna mjadala kuhusu chato inafaa au haifai kuwa mkoa 	male_masculine	6.5955	common_voice_sw_36255575.wav
alifuatana na mwalimu nyerere aliyepitia zanzibar 	female_feminine	5.8755	common_voice_sw_29799147.wav
maporomoko ambayo yamekuwa vivutio sana kwa watalii wa nchi mbalimbali 	male_masculine	5.0475	common_voice_sw_29960798.wav
watafiti wa masuala ya ekolojia huweka kambi mara kwa mara 	male_masculine	3.9675	common_voice_sw_30021413.wav
hawa wote walitokea radio tanzania dar es salaam 	female_feminine	3.6075	common_voice_sw_35104873.wav
kilitabiri kutokea kwa ajali ya meli ya titanic 	female_feminine	3.8955	common_voice_sw_34958927.wav
kuboreshwa kwa msikiti mkubwa na kujengwa kwa soko la husuni ndogo kulipofanyika anasema mtemi 	female_feminine	7.2435	common_voice_sw_35222183.wav
na kuweka bayana umoja huo unasaka uungwaji mkono 	male_masculine	4.2555	common_voice_sw_36310684.wav
akapewa kadi namba kumi na sita na mumewe bwana boi selemani 	female_feminine	6.4155	common_voice_sw_30030342.wav
akiona mambo yamekaa vibaya anawahi kuondoka kabla ya kuondoshwa 	male_masculine	4.5435	common_voice_sw_29942878.wav
alijikusanyia asilimia ishirini na tano nukta sitini na sita 	male_masculine	4.4355	common_voice_sw_36368206.wav
alipata habari ya kwamba hata mdogo wake mpangile alishikamana na wajerumani 	female_feminine	6.3075	common_voice_sw_30195894.wav
ilipobainika kuwa alikuwa akifadhili mafunzo kwa makundi ya kigaidi ambayo yalikuwa hatari sana kwa 	male_masculine	6.4875	common_voice_sw_37093792.wav
eza nishati mwilini na hilo huchangia mtu kuwa na uzito 	male_masculine	4.8675	common_voice_sw_35132630.wav
gera redio ufaransa kwa habari zisioengemea upande wowote huyu ni taib abdala kwambasora 	male_masculine	7.3155	common_voice_sw_35108087.wav
makundi mbalimbali ya mziki huo yakaanzishwa rasmi 	female_feminine	4.2555	common_voice_sw_34943126.wav
majangili wanaua simba na chui kupata ngozi zao zenye thamani kubwa 	male_masculine	6.1635	common_voice_sw_30182908.wav
mashuka hayo yamegawanyika kwa wanaume na wanawake 	female_feminine	4.6155	common_voice_sw_30173555.wav
katika ya jamii yote ya kimasai ndani kenya na tanzania 	male_masculine	4.2555	common_voice_sw_36383667.wav
kuliko wanazokumbana nazo katika majukumu yao ya kila siku 	male_masculine	4.4355	common_voice_sw_29846305.wav
mwalimu nyerere alifariki akiwa kwenye matibabu nchini uingereza 	male_masculine	4.8675	common_voice_sw_29899105.wav
kutokea daressalaam mpaka mkoani mbeya nyanda za juu kusini 	female_feminine	5.3355	common_voice_sw_30035911.wav
sehemu ya kwanza ya sherehe hizi ni sherehe ya enoto 	male_masculine	4.27165625	common_voice_sw_30144485.wav
samia suluhu hassan alisoma stashahada ya uzamili ya uchumi katika chuo kikuu cha manchester 	female_feminine	6.3075	common_voice_sw_36644246.wav
ujeruhi wengine mia moja na thelathini 	male_masculine	3.1755	common_voice_sw_36318717.wav
majaliwa ni mwenyeji wa mnacho katika wilaya ya ruangwa aliposoma shule ya msingi 	male_masculine	6.5955	common_voice_sw_30647749.wav
benjamini wiliam mkapa alikuwa raisi wa awamu ya tatu 	male_masculine	8.9355	common_voice_sw_31665689.wav
mtangazaji wa taarifa ya habari alikuwa mwalimu julius kambarage nyerere 	male_masculine	6.0555	common_voice_sw_29947059.wav
kustaafu na shule kupewa pension zako za maisha 	female_feminine	5.1555	common_voice_sw_35183989.wav
sherehe zinapoanza huwa wanatoka ndani na vichwa vyao hunyolewa 	female_feminine	5.81965625	common_voice_sw_30079585.wav
televisheni inaweza kuonyesha picha kutoka sehemu mbalimbali 	male_masculine	5.2635	common_voice_sw_28669464.wav
dalili za ugonjwa huu zinategemea mgonjwa ameambukizwaje bakteria wanaosababisha tauni 	male_masculine	5.8755	common_voice_sw_30020580.wav
ari yangu kuu wakati nilitwaa uongozi ilikuwa ni kwa sekta ya elimu 	female_feminine	5.4075	common_voice_sw_29939348.wav
mwenye taaluma anaitwa mtaalamu 	male_masculine	4.1475	common_voice_sw_29686062.wav
alianza kusema kuwa tumbo ina shida kila usiku 	male_masculine	3.6435	common_voice_sw_36807661.wav
jina la nchi uganda ni umbo la kiswahili la neno buganda 	male_masculine	5.6955	common_voice_sw_28582713.wav
ukiambiwa unapaswa kuwekwa karantini usiogope 	female_feminine	4.5435	common_voice_sw_30629813.wav
vitongoji duni huwa na vyumba duni 	male_masculine	3.3555	common_voice_sw_28994862.wav
wengine walipewa majina kulingana na lugha yao au matamshi yao 	female_feminine	5.6235	common_voice_sw_29818070.wav
kenge hawa wanaiba mayai ya mamba na kula nyoka 	male_masculine	4.3275	common_voice_sw_30327274.wav
museveni alijibu kwamba amin lazima ajibu dhambi zake 	male_masculine	7.6755	common_voice_sw_30180794.wav
mwaka elfu mbili alimwachia raisi aliefuatia ambaye ni jakaya kikwete 	female_feminine	7.4235	common_voice_sw_29924608.wav
bila kusahau barabara na umeme na mengine mengi 	female_feminine	3.8955	common_voice_sw_30075232.wav
sehemu ndogo zaidi za nchi kavu ndani ya magimba ya maji huitwa kisiwa 	male_masculine	4.9755	common_voice_sw_28978792.wav
maskini walikuwa wana hali mabaya kiuchumi 	female_feminine	4.1475	common_voice_sw_29790778.wav
zidane aliweka rekodi ya uhamisho wa dunia alipokubali kuhamia nchini hispania 	female_feminine	8.9355	common_voice_sw_30382274.wav
ipo umbali wa kilometa mia mbili themanini na tatu magharibi kwa dar es salaam 	male_masculine	7.2435	common_voice_sw_30081512.wav
hili ni eneo lenye urefu wa kilometa ishirini kina cha mita mia sita 	female_feminine	4.3275	common_voice_sw_30074065.wav
picha za feri za zamani na za kisasa 	male_masculine	3.5355	common_voice_sw_28683132.wav
biashara na kuipiga jeki sekta binafsi ya tanzania 	female_feminine	4.2555	common_voice_sw_29792406.wav
udongo una rutuba kwa wingi na yakiwa juu ya urefu wa udongo kaskazini mashariki 	female_feminine	7.3875	common_voice_sw_30574943.wav
ninatumaini 	male_masculine	1.5555	common_voice_sw_36381667.wav
lakini hakuiamini serikali hiyo ya marekani 	female_feminine	3.4635	common_voice_sw_35118954.wav
ameupindua utawala wakahisi mtwa mkwawa angeweza kuuawa 	female_feminine	6.7035	common_voice_sw_30574579.wav
dalili zinaweza kujumuisha maumivu na ugumu wa kula chakula 	male_masculine	6.3075	common_voice_sw_28662043.wav
tatizo lilikua kwanini fedha zimeingia kwenye akaunti yake badala ya akaunti ya shule 	female_feminine	7.3875	common_voice_sw_29818125.wav
spishi zote zinatokea karibu na maji ama baridi ama ya bahari 	male_masculine	7.3155	common_voice_sw_28815171.wav
wapare ni kabila kutoka milima ya pare mkoani wa kilimanjaro 	male_masculine	6.5955	common_voice_sw_30090786.wav
umaarufu wa filamu hiyo ulichangiwa na ushiriki wa mastaa 	female_feminine	6.5235	common_voice_sw_30667212.wav
tembo hana uwezo mkubwa wa kutambua vitu kwa kuona 	female_feminine	5.1555	common_voice_sw_30527299.wav
kuibiwa kura na rais wa sasa alibong onimba 	male_masculine	7.2435	common_voice_sw_36299579.wav
mwaka elfu moja mia tisa hamsini na mbili alihitimu shahada ya uzamili 	male_masculine	5.9835	common_voice_sw_30121766.wav
kabla ya kujikita na hispania kuanzia mwaka elfu moja mia tisa hamsini na saba 	male_masculine	5.5875	common_voice_sw_29938551.wav
mjadala wa nani bora kati ya pele na maradona ufungwe kwa wote kupewa heshima 	male_masculine	6.3075	common_voice_sw_30021117.wav
rukia ananukia 	female_feminine	2.8155	common_voice_sw_35587895.wav
viongozi wa kituruki walianza kufanya kazi ya kisasa 	female_feminine	4.5435	common_voice_sw_35108064.wav
anatokea katika jamii ya watu weusi 	male_masculine	4.7235	common_voice_sw_28820741.wav
barabara ya lami dar es salaam nairobi inavuka eneo lake 	male_masculine	4.9035	common_voice_sw_29964018.wav
mti wa mabuyu 	female_feminine	1.8075	common_voice_sw_36644386.wav
virusi husababisha ini kusinyaa na kushindwa kufanya kazi vyema 	female_feminine	5.5155	common_voice_sw_29924359.wav
sheria mwafaka zipitishwe ili kampuni hizi ziwajibike 	male_masculine	4.4715	common_voice_sw_36386234.wav
ili kutoa msukumo zaidi kwa korea kaskazini 	female_feminine	3.9675	common_voice_sw_34980730.wav
kuupinga utawala wa kifalm hadharani osama alivuliwa 	female_feminine	5.6235	common_voice_sw_30435602.wav
hamsini wakati wanawake wamasai wengi hukusanyika pamoja wao huimba na kucheza kati yao wenyewe 	female_feminine	8.5755	common_voice_sw_34746678.wav
alipoandaa mkutano mkubwa wa chama chake uliozibadili 	male_masculine	5.9475	common_voice_sw_30574587.wav
hii ni kwa sababu misitu inatusaidia kwa utalii na tunaweza kupata mvua kwa wingi 	female_feminine	7.3155	common_voice_sw_29790771.wav
kuanzia ujio wa waarabu hadi utawala wa kikoloni 	female_feminine	4.9035	common_voice_sw_30024610.wav
na nyumba ilikuwa na wahudumu wengi kupita kiasi 	male_masculine	3.8235	common_voice_sw_28582430.wav
mifumo ya kutoa makafara na ya upatanisho yaliagizwa ili kuwapatanisha wavunjaji wa amri kumi 	female_feminine	10.0155	common_voice_sw_35177057.wav
kwa kumuondoa mark voramama wameongeza wameeleza kuwa 	female_feminine	7.4235	common_voice_sw_34745163.wav
pia mambo kama vile maji safi na hewa huhitajika katika afya ya mwanadam 	female_feminine	6.4875	common_voice_sw_30075021.wav
ushindi huo ni kieelezo cha dhamira thabiti ya halmashauri 	female_feminine	4.6155	common_voice_sw_31285592.wav
lakini tunashindwa kutambua ule uwezo uliopo ndani mwetu 	male_masculine	6.8475	common_voice_sw_31797683.wav
alichukua nafasi ya john mongella ambaye amehamishiwa simiyu 	female_feminine	4.9035	common_voice_sw_37223162.wav
kukuletea makala haya ni mimi mtayarishaji na mtangazaji wako 	male_masculine	5.8755	common_voice_sw_36945265.wav
wachezaji wengi wakubwa kutoka barani ulaya walishiriki michuano 	male_masculine	3.5355	common_voice_sw_29879315.wav
hupelekea wanyama kama nyumbu na pundamilia kutoka na kuenda maeneo mengine kujipatia chakula 	male_masculine	6.3435	common_voice_sw_30107419.wav
huku watu wengi wakiendelea kuamini kuwa idi amin ndiye mhusika mkuu kwa mauaji 	male_masculine	7.3875	common_voice_sw_30342504.wav
gwiji wa uholanzi ndiye aliyeanzisha stahili hii 	female_feminine	4.1475	common_voice_sw_30326787.wav
muswada huo kwamba ni unalingana na 	female_feminine	3.5355	common_voice_sw_37224092.wav
mataifa mengi ulimwenguni hayana amani kama tanzania 	female_feminine	4.4355	common_voice_sw_29797711.wav
watu wenye uhitaji ndio wanaofanya mambo ya kushangaza katika jamii 	female_feminine	4.3275	common_voice_sw_29923675.wav
mbaya zaidi ni kule kuamini kwao kwamba hilo linawezekana tu 	female_feminine	4.6155	common_voice_sw_34991421.wav
wanaomchukulia kuwa bora zaidi akilinganishwa na mchezaji pele wa brazil 	female_feminine	6.2355	common_voice_sw_36644619.wav
alipata digrii ya mawasiliano kutoka chuo kikuu cha florida university of south florida 	female_feminine	6.7035	common_voice_sw_28927238.wav
aina ya kuchukua hatamu kwa samia kumekuja kwa mara ya kwanza nchini tanzania 	female_feminine	7.3155	common_voice_sw_34834482.wav
kipaji kinaweza kuwa cha kimwili au cha kiakili 	male_masculine	4.7955	common_voice_sw_29115705.wav
ukeketaji nchini kenya unatekelezwa kwa asilimia thelathini na nane 	male_masculine	5.1555	common_voice_sw_29796075.wav
kesi za jinai ni kesi za jamhuri ya muungano wa tanzania 	male_masculine	5.7675	common_voice_sw_29945757.wav
na uholanzi baadaye mnamo mwaka mia mbili na tatu b k aliishi mama 	female_feminine	5.0835	common_voice_sw_37089142.wav
tukio hili huwavutia sana wapigaji picha za sinema 	female_feminine	6.5235	common_voice_sw_30570110.wav
kufuatana na afisa wa mtandao huo misukosuko inaendelea kuwakumba watetezi wa haki za binadamu 	female_feminine	8.2875	common_voice_sw_35155083.wav
akaniambia ni pige zain kwenye website ya tume 	male_masculine	3.8955	common_voice_sw_36013838.wav
nahodha wa ghana asamoah gyan alikosa mkwaju wa penati 	female_feminine	7.2435	common_voice_sw_30421123.wav
huenda kutembelea kuogelea na kutazama jua likizama kwenye fukwe ya bahari ya hindi 	male_masculine	6.7035	common_voice_sw_37088387.wav
kesi ya kwanza ilimhusisha jean paul akayesu 	male_masculine	6.9555	common_voice_sw_36013936.wav
katika taifa hilo watu wote wanapaswa kuingia bila ya ubaguzi ili wawe kitu kimoja 	male_masculine	6.2355	common_voice_sw_28725324.wav
muelekeo wa kukomesha utumwa ambao ulikuwa ukiendeshwa 	female_feminine	5.53165625	common_voice_sw_30004884.wav
mandela alizaliwa katika mji mdogo wa transkei 	male_masculine	5.1555	common_voice_sw_30114433.wav
huku kilio miongoni mwa wananchi wadau na wanasiasa ndani na nje ya bunge 	female_feminine	5.8755	common_voice_sw_30193884.wav
wasimulizi na waandishi wa fasihi huhitaji kuwa na ukwasi wa lugha 	male_masculine	7.0635	common_voice_sw_36381301.wav
kila nchi ilyopo katika bara la afrika ina dhahabu katika ardhi yake 	female_feminine	4.6155	common_voice_sw_31787697.wav
sipendi mtu mfupi 	female_feminine	2.5635	common_voice_sw_35106211.wav
aliwahi kucheza timu ya taifa ya uswisi 	female_feminine	5.2635	common_voice_sw_28704588.wav
vadongwe wao waliishi kando ya milima ya uhambingeto 	male_masculine	6.1635	common_voice_sw_29796560.wav
mbuni ana shingo yenye urefu wa mita moja nukta nane 	male_masculine	5.9475	common_voice_sw_29789084.wav
msimu uliopita jose mourinho alifukuzwa tottenham 	male_masculine	3.4635	common_voice_sw_30026484.wav
tunaona kwamba mtemi huyu wa kabila la wangindo aliamini 	female_feminine	6.8475	common_voice_sw_29789310.wav
tangu kale anaheshimiwa na kanisa katoliki kama mtakatifu 	female_feminine	5.5155	common_voice_sw_28584677.wav
mkwavinyika munyigumba alikuwa chifu na kiongozi mkuu wa wahehe 	male_masculine	8.3235	common_voice_sw_30385728.wav
mto hufuata mwendo wake kwa mtelemko 	female_feminine	4.0035	common_voice_sw_34924727.wav
umoja ni nguvu utengano ni udhaifu 	female_feminine	4.16365625	common_voice_sw_30005215.wav
kuondoa nje ya nchi hiyo raia wa uingereza 	male_masculine	5.5155	common_voice_sw_36367329.wav
ubarikiwe baba 	male_masculine	2.6355	common_voice_sw_36330702.wav
wa mkoa wa kilimanjaro huongoza kwa utapiamlo sababu kubwa ni wazazi kujali kazi kuliko 	male_masculine	6.5955	common_voice_sw_36381530.wav
mataifa mengi ya afrika yanapambana kwa nguvu zote kulinda hifadhi hizo 	female_feminine	5.3355	common_voice_sw_30036040.wav
maambukizi ya kibofu ni ya kawaida sana katika familia nyingine 	female_feminine	6.3435	common_voice_sw_29595853.wav
ni kundi kubwa la burudani studio ya filamu na studio ya rekodi 	male_masculine	6.2355	common_voice_sw_29291954.wav
wachezaji wote wawili ni bora sana duniani 	male_masculine	3.6075	common_voice_sw_29937892.wav
kutokana na sheria ya mambo ya kale ya mwaka huo 	male_masculine	3.9675	common_voice_sw_30327191.wav
hiyo ilitokana na wajerumani walioingia kama marafikina kubadilika kuwa makatiili 	male_masculine	10.2675	common_voice_sw_37089612.wav
vyombo rasmi vya habari vya uganda vilitangaza kutwaliwa kwa eneo la kagera 	female_feminine	5.7675	common_voice_sw_31446685.wav
alishinda kwa tiketi ya chama cha mapinduzi 	female_feminine	4.5435	common_voice_sw_29925027.wav
nimeamua kuandika makala hii ili wengi waweze kutambua 	male_masculine	5.6235	common_voice_sw_30515380.wav
shabaha ya safari hizi ni upelelezi na utafiti wa kisayansi 	female_feminine	5.2275	common_voice_sw_29747840.wav
angel di maria ni nyota hatari kutoka nchini argentina 	female_feminine	6.0555	common_voice_sw_30522815.wav
hasa anajulikana kwa kugundua penisilini 	male_masculine	4.8675	common_voice_sw_29725186.wav
tena wanasikitikia jinsi alivyohamasisha watawala kukomesha wakulima 	male_masculine	9.2235	common_voice_sw_30007254.wav
husababisha mtu kupata ugumu kupata haja ndogo 	male_masculine	4.6155	common_voice_sw_36042880.wav
hakujua kama baba yake jabir alikuwa ni mwanajeshi na picha nyingine alikuwa jabir 	male_masculine	6.7035	common_voice_sw_36382059.wav
ghana na mmoja wa viongozi wenye nia ya kujenga muungano wa afrika tena mchochezi 	female_feminine	7.0635	common_voice_sw_35099289.wav
uhusiano huo unaweza kuwa katika tabia hali au mazingira fulani 	male_masculine	4.9035	common_voice_sw_28583181.wav
mpito wa ubora wa hewa inayotumika sana katika miji mingi ya nchi 	female_feminine	5.6235	common_voice_sw_34942119.wav
iko tanzania katika mkoa wa katavi zamani rukwa 	male_masculine	5.5875	common_voice_sw_30671089.wav
watu wenye mamlaka walikusudia kuangamiza kundi 	female_feminine	4.8675	common_voice_sw_34598249.wav
unafikiri hilo la kuongeza thamani china itakubali ama 	female_feminine	4.7595	common_voice_sw_37086968.wav
iliungana na tanganyika na kuunda jamhuri ya muungano wa tanzania 	female_feminine	5.5875	common_voice_sw_30052772.wav
wao ni wengi mno 	male_masculine	3.8235	common_voice_sw_35683126.wav
kwa sababu vinatumia mafuta mengi ya kutoka viwandani 	male_masculine	4.0755	common_voice_sw_29943373.wav
hakika ni maajabu ya kujifunza na kufurahia kwa watalii 	female_feminine	3.9675	common_voice_sw_30070909.wav
macho yako wazi kiasi kwa kuangalia chini lakini bila kutazama kitu 	female_feminine	7.1355	common_voice_sw_28802772.wav
walihitimisha kwamba blob licha ya kukosa neva anaweza kujifunza kutokana na uzoefu na kubadilisha 	male_masculine	9.5475	common_voice_sw_37097304.wav
katika hotuba yake aliyoitowa jumapili baada ya kuapishwa chakwera aliahidi kwamba serikali yake itakuwa 	female_feminine	7.5675	common_voice_sw_35106049.wav
alikuwa nabii kuliko mwandishi wa historia 	female_feminine	3.8235	common_voice_sw_29268771.wav
inasemekana walikuwa huko taveta kaskazini nchini kenya 	male_masculine	4.9035	common_voice_sw_30638486.wav
vita hivyo vilitanguliwa na kuzorota kwa uhusiano kati ya uganda na tanzania 	female_feminine	6.8475	common_voice_sw_29799471.wav
na kupandishwa kwa bendera bendera ya utawala wa tanganyika wakati huo 	female_feminine	6.1275	common_voice_sw_30189203.wav
ni muhimu kuongeza ujazo wa fedha katika mzunguko kiuchumi 	female_feminine	4.6875	common_voice_sw_30017664.wav
wasichana husimama mbele ya wanaume na kusokota miili huku wakiimba 	male_masculine	5.5875	common_voice_sw_29936928.wav
mpewa sumu hakufa ufie mwenye kupika 	female_feminine	3.7875	common_voice_sw_32097720.wav
alipofikisha umri wa kwenda shule seif aliandikishwa katika shule ya uondwe 	female_feminine	5.6955	common_voice_sw_35103652.wav
wanaripotiwa kurejea tanzania mapema kuliko ilivyo kawaida yao 	female_feminine	5.6235	common_voice_sw_29790101.wav
mtoto wake ameng ara sana 	female_feminine	3.2835	common_voice_sw_35180778.wav
jina hilo linatokana na neno la kwanza la wimbo huo katika tafsiri ya kilatini 	male_masculine	7.5675	common_voice_sw_29623344.wav
ghana ilifungwa bao moja kwa sifuri kwenye fainali 	male_masculine	3.9675	common_voice_sw_29898089.wav
mtoto hatuwezi kuacha kuzungumzia afya ya mama 	female_feminine	4.9755	common_voice_sw_30659531.wav
ununuzi wa rada kwa ajili ya matumizi ya kijeshi kwa kiasi cha mamilioni 	male_masculine	6.6675	common_voice_sw_30144247.wav
halmashauri ya jiji inaundwa na baraza la madiwani 	female_feminine	6.1635	common_voice_sw_30307682.wav
ka la ndege la kuntas la australia limeahirisha safari za ndege 	male_masculine	6.9555	common_voice_sw_34763466.wav
nyumba inajengwa ambayo wavulana wataenda kucheza na kufanya mila kadhaa 	male_masculine	5.0475	common_voice_sw_29937796.wav
kabla ya kuingia tanganyika na kujikuta yupo usagara 	male_masculine	4.6875	common_voice_sw_30107795.wav
amin aliamini kuwa yeye ndiye mkuu wa majeshi yote ya uganda 	male_masculine	5.0475	common_voice_sw_29795834.wav
wajita wengi wanaozungumza lahaja ya kikwaya ni wakatoliki 	male_masculine	6.8475	common_voice_sw_30514862.wav
walanguzi kuhatarisha maisha ya watoto walemavu 	male_masculine	4.3635	common_voice_sw_37226242.wav
kila aina ina faida na hasara yake 	female_feminine	4.2555	common_voice_sw_29642753.wav
ingawa hakuna idadi kamili ya watu waliouliwa wakati wa utawala wa idi amin 	female_feminine	7.2075	common_voice_sw_29924751.wav
kuna shule za msingi tano moja kwa kila kijiji 	female_feminine	4.3635	common_voice_sw_28962051.wav
miaka hii ya mwanzoni alikuwa na washirika wenzake katika kazi 	male_masculine	4.6155	common_voice_sw_28663338.wav
kujitangaza emir wa najd hapo alivamia ufalme wa hijaz 	female_feminine	5.0475	common_voice_sw_35102793.wav
milima mitatu inaonekana kama vilele vitatu vya mlima mmoja 	female_feminine	5.5155	common_voice_sw_30197488.wav
mtu mwingine akivuta hewa yenye matone haya anaweza kuambukizwa tauni inayosababisha nyumonia 	female_feminine	6.7755	common_voice_sw_29791513.wav
wachambuzi wa siasa wanasema mzozo huo ni ishara 	female_feminine	4.0035	common_voice_sw_35222494.wav
pia zipo karanga na alizeti bila kusahau ndizi na korosho 	male_masculine	4.4355	common_voice_sw_30647801.wav
wadigo na wadoe wapo pia wafipa na wagogo 	male_masculine	4.2555	common_voice_sw_30024379.wav
hata hivyo wanauchumi maarufu wa uchumi uliotanda kama vile keynes na joskow 	male_masculine	7.7475	common_voice_sw_29977796.wav
uchaguzi wa vyama vingi vya kisiasa desemba mwaka elfumoja miatisa tisini na mbili 	female_feminine	6.5235	common_voice_sw_29811527.wav
anaheshimiwa kama mtakatifu na wakristo waorthodoksi wa mashariki waorthodoksi na wakatoliki 	female_feminine	8.8635	common_voice_sw_28584582.wav
rais wa tanzania ana wizara tatu ambazo zinajulikana 	female_feminine	4.3275	common_voice_sw_34597081.wav
waandamanaji walimuua askari mmoja na kuchoma moto kituo cha polisi 	male_masculine	6.4155	common_voice_sw_30141612.wav
sana kwa sababu kilimo chao ni cha mazao ya kudumu kama kahawa na ndizi 	female_feminine	5.1555	common_voice_sw_35181902.wav
juu ya kile ambacho kimechangia kukamatwa 	male_masculine	4.5435	common_voice_sw_34765597.wav
