audio	sentence	gender_domain
/scratch/skscla001/experiments/datasets/swagen/audio/common_voice_sw_37088308.wav	urusi walianzisha sera ya operesheni maambukizi katika kukabiliana na ukimwi 	1
/scratch/skscla001/experiments/datasets/swagen/audio/common_voice_sw_30224079.wav	tumia bidhaa za nywele ambazo zinaendana na nywele zako na hakikisha unazingatia mambo muhimu 	1
/scratch/skscla001/experiments/datasets/swagen/audio/common_voice_sw_28258454.wav	miamba hii iko hatarini kupotea 	1
/scratch/skscla001/experiments/datasets/swagen/audio/common_voice_sw_29988192.wav	takriban laki saba na elfu hamsini upande wa tanzania 	1
/scratch/skscla001/experiments/datasets/swagen/audio/common_voice_sw_30022074.wav	hivyo kuyafanya mazingira kuwa safi wakati wote na kuvutia zaidi 	0
/scratch/skscla001/experiments/datasets/swagen/audio/common_voice_sw_29822737.wav	upana wake ni kilomita kumi na tatu 	1
/scratch/skscla001/experiments/datasets/swagen/audio/common_voice_sw_36644705.wav	wengi hawakutaka kuondoka kwenye meli nzuri 	0
/scratch/skscla001/experiments/datasets/swagen/audio/common_voice_sw_29795930.wav	si mataifa yote yalikubaliana na matakwa ya uingereza ya kukomesha biashara ya utumwa 	1
/scratch/skscla001/experiments/datasets/swagen/audio/common_voice_sw_28690372.wav	ligi kuu ya ethiopia 	1
/scratch/skscla001/experiments/datasets/swagen/audio/common_voice_sw_30180841.wav	abedi ayew pele alikuwa mchezaji bora wa afrika 	1
/scratch/skscla001/experiments/datasets/swagen/audio/common_voice_sw_29792189.wav	umri wake wa kuishi ni miaka sitini 	0
/scratch/skscla001/experiments/datasets/swagen/audio/common_voice_sw_30522726.wav	nimonia na kikohozi kisichoisha kwa tafsiri ya kawaida ni maambukizi yanayojitokeza kwenye mapafu 	0
/scratch/skscla001/experiments/datasets/swagen/audio/common_voice_sw_29788198.wav	wamasai huamini katika mungu anayeitwa nkai 	0
/scratch/skscla001/experiments/datasets/swagen/audio/common_voice_sw_35409322.wav	zilichangia sana mafarakano monasteri ya khor virap karne ya saba ikiwa 	0
/scratch/skscla001/experiments/datasets/swagen/audio/common_voice_sw_35103491.wav	neno fungu la maneno 	0
/scratch/skscla001/experiments/datasets/swagen/audio/common_voice_sw_30582629.wav	ngamia huishi katika maeneo kame na jangwa 	0
/scratch/skscla001/experiments/datasets/swagen/audio/common_voice_sw_30142556.wav	kila sehemu unayopita utakutana na mto unaotiririsha maji 	0
/scratch/skscla001/experiments/datasets/swagen/audio/common_voice_sw_30658802.wav	upande wa biashara tanzania ilisitisha kuagiza bidhaa kutoka kenya 	0
/scratch/skscla001/experiments/datasets/swagen/audio/common_voice_sw_34750536.wav	fursa nyingine ni uvuvi wa bahari kuu ufugaji samaki na mazao ya bahari 	1
/scratch/skscla001/experiments/datasets/swagen/audio/common_voice_sw_30633152.wav	mfano mfumo maarufu wa nne tano moja unakuwa na mabeki wanne 	1
/scratch/skscla001/experiments/datasets/swagen/audio/common_voice_sw_30436690.wav	simba huwindwa wanapowaua mifugo yao hwauwa pia 	0
/scratch/skscla001/experiments/datasets/swagen/audio/common_voice_sw_28669844.wav	tofauti ni kwamba koloni liko kabisa chini ya utawala wa nje 	1
/scratch/skscla001/experiments/datasets/swagen/audio/common_voice_sw_31949900.wav	bomoa iyo nyumba 	1
/scratch/skscla001/experiments/datasets/swagen/audio/common_voice_sw_29936976.wav	adolf anasema hilo sio tatizo kubwa kwa sababu hakuna anayemdhuru mgeni 	1
/scratch/skscla001/experiments/datasets/swagen/audio/common_voice_sw_30434264.wav	hasa yale ya chakula na biashara 	0
/scratch/skscla001/experiments/datasets/swagen/audio/common_voice_sw_30657071.wav	mlima yamba na milima ya yaruvano mwisho kabia ni mlima zumbu 	1
/scratch/skscla001/experiments/datasets/swagen/audio/common_voice_sw_28682803.wav	pia alidai kuwa rais kibaki alikuwa makosa katika jambo hilo 	1
/scratch/skscla001/experiments/datasets/swagen/audio/common_voice_sw_29484382.wav	muhammad aliishi miaka kama arobaini bila kuwa na imani ya mungu pekee 	1
/scratch/skscla001/experiments/datasets/swagen/audio/common_voice_sw_36383737.wav	aa hapa idhaa ya kiswahili ya redio france international 	1
/scratch/skscla001/experiments/datasets/swagen/audio/common_voice_sw_35279278.wav	barafu ya icebergs ni marafiki wa meli katika atlantiki ya kasikazini 	0
/scratch/skscla001/experiments/datasets/swagen/audio/common_voice_sw_34962742.wav	ninaitwa dana unaitwa nani 	0
/scratch/skscla001/experiments/datasets/swagen/audio/common_voice_sw_37101488.wav	usipo harakisha utabaki nyuma 	1
/scratch/skscla001/experiments/datasets/swagen/audio/common_voice_sw_34947062.wav	karibu katika awamu nyingine na sasa tuanzie nchini cote de voire 	0
/scratch/skscla001/experiments/datasets/swagen/audio/common_voice_sw_28814691.wav	kuna watoto wengi wanaoishi bila wazazi wala familia kwenye barabara za kinshasa 	1
/scratch/skscla001/experiments/datasets/swagen/audio/common_voice_sw_29938346.wav	iliachana na ushiriki wa vita hivyo vya mataifa 	1
/scratch/skscla001/experiments/datasets/swagen/audio/common_voice_sw_28690971.wav	kundi hili lipo afrika ya kusini 	1
/scratch/skscla001/experiments/datasets/swagen/audio/common_voice_sw_30038288.wav	kilomita za mraba mia mbili na ishirini 	0
/scratch/skscla001/experiments/datasets/swagen/audio/common_voice_sw_30718194.wav	huonekana wakati tayari ini limenyauka au lina kansa 	0
/scratch/skscla001/experiments/datasets/swagen/audio/common_voice_sw_29663288.wav	ndani ya rasi ya skandinavia kuna nchi za uswidi na norwei 	0
/scratch/skscla001/experiments/datasets/swagen/audio/common_voice_sw_37217072.wav	ee na na inapokuwa ni kesi kama hii ya madawa ya kulevya 	0
/scratch/skscla001/experiments/datasets/swagen/audio/common_voice_sw_28582159.wav	idadi ya wasemaji nchini myanmar haijulikani 	1
/scratch/skscla001/experiments/datasets/swagen/audio/common_voice_sw_30032406.wav	wasukuma ni miongoni mwa kabila mojawapo kati ya yale mia moja ishirini na moja 	1
/scratch/skscla001/experiments/datasets/swagen/audio/common_voice_sw_30103675.wav	vyanzo mbalimbali vinasema ya kwamba alizaliwa elfu moja mia tisa ishirini na tano 	0
/scratch/skscla001/experiments/datasets/swagen/audio/common_voice_sw_30355412.wav	kutoka daressalaam mpaka kahama mkoani shinyanga 	0
/scratch/skscla001/experiments/datasets/swagen/audio/common_voice_sw_34942396.wav	tuna maziwa tuna misitu tuna milima 	0
/scratch/skscla001/experiments/datasets/swagen/audio/common_voice_sw_30718321.wav	yani wengine walitumia mapigano au vita kuwafurusha wazungu 	0
/scratch/skscla001/experiments/datasets/swagen/audio/common_voice_sw_29794563.wav	katika hatua hii ndio uamuzi unachukuliwa wa kutahiri wavulana 	0
/scratch/skscla001/experiments/datasets/swagen/audio/common_voice_sw_31284655.wav	hakuwa na uwezo wa kucheza soka la kiwango cha juu 	0
/scratch/skscla001/experiments/datasets/swagen/audio/common_voice_sw_29797029.wav	jina linatokana na lile la mto mara 	1
/scratch/skscla001/experiments/datasets/swagen/audio/common_voice_sw_28704537.wav	mmojawapo maji yanafikia ziwa tanganyika 	0
/scratch/skscla001/experiments/datasets/swagen/audio/common_voice_sw_35683371.wav	uchumi na matumizi ya ardhi nchini uturuki 	1
/scratch/skscla001/experiments/datasets/swagen/audio/common_voice_sw_28583492.wav	walipewa maelekezo ya kila mtu kutunga nyimbo moja ya mazingira 	1
/scratch/skscla001/experiments/datasets/swagen/audio/common_voice_sw_30025689.wav	kwa maana ya watu wanaotoka katika kijiji cha 	1
/scratch/skscla001/experiments/datasets/swagen/audio/common_voice_sw_29736137.wav	idadi hii ilikua tena 	0
/scratch/skscla001/experiments/datasets/swagen/audio/common_voice_sw_29591999.wav	iko upande wa kusini wa kisiwa 	1
/scratch/skscla001/experiments/datasets/swagen/audio/common_voice_sw_34390842.wav	kujiuzulu kutokana na chama hicho kutajwa kuhusika kwenye uchunguzi 	1
/scratch/skscla001/experiments/datasets/swagen/audio/common_voice_sw_37215140.wav	baadhi ya sehemu nchini tanzania watu wanazikwa wakiwa wameketi 	0
/scratch/skscla001/experiments/datasets/swagen/audio/common_voice_sw_31325204.wav	mimi ni mtoto mdogo sana 	1
/scratch/skscla001/experiments/datasets/swagen/audio/common_voice_sw_37223857.wav	imani hiyo hadi urusi mtemi wa kiev vladimir mkuu alipokea 	0
/scratch/skscla001/experiments/datasets/swagen/audio/common_voice_sw_28582715.wav	kila mmoja ana haki ya kuwa na siri zake 	1
/scratch/skscla001/experiments/datasets/swagen/audio/common_voice_sw_30582798.wav	magufuli alisema ataendelea kumkumbuka mzee mkapa 	1
/scratch/skscla001/experiments/datasets/swagen/audio/common_voice_sw_37212146.wav	na shirika la marekani la dawa za kulevya kwa pamoja zilitoa 	0
/scratch/skscla001/experiments/datasets/swagen/audio/common_voice_sw_30114738.wav	hifadhi inafikika wakati wote wa mwaka hasa mwezi disemba mpaka februari 	1
/scratch/skscla001/experiments/datasets/swagen/audio/common_voice_sw_29936666.wav	eneo hilo limetengwa kwa ajili ya uhifadhi wa viumbe vya baharini 	1
/scratch/skscla001/experiments/datasets/swagen/audio/common_voice_sw_29790889.wav	utalii wa amboni hutegemea zaidi matumizi ya tochi kwa sababu ya kiza kinene pangoni 	0
/scratch/skscla001/experiments/datasets/swagen/audio/common_voice_sw_29937102.wav	ulikuwa asilimia hamsini za wastani wa wamarekani 	1
/scratch/skscla001/experiments/datasets/swagen/audio/common_voice_sw_29798418.wav	hali hiyo ilianza kubadilika baada ya miaka kadhaa 	0
/scratch/skscla001/experiments/datasets/swagen/audio/common_voice_sw_30209929.wav	mpira wa uingereza ulikuwa wa pasi tatu kisha goli 	1
/scratch/skscla001/experiments/datasets/swagen/audio/common_voice_sw_30107678.wav	wanacheza kwa siku nne siku mbili zikijulikana kama siku nyeupe 	0
/scratch/skscla001/experiments/datasets/swagen/audio/common_voice_sw_29976799.wav	milima ya nyabweshongoile na milima ya nyakagando 	1
/scratch/skscla001/experiments/datasets/swagen/audio/common_voice_sw_29798416.wav	kaburi la barbosa lilitengwa na wabrazil 	0
/scratch/skscla001/experiments/datasets/swagen/audio/common_voice_sw_28670603.wav	kwa matumizi kwenye ndege kuna vipimo sanifu vidogo zaidi 	1
/scratch/skscla001/experiments/datasets/swagen/audio/common_voice_sw_30380775.wav	magufuli alijipatia shahada yake ya uzamili 	1
/scratch/skscla001/experiments/datasets/swagen/audio/common_voice_sw_35156095.wav	akiangazia hatua ya kuanza kuandikisha kwa wapiga kura nchini sudan 	0
/scratch/skscla001/experiments/datasets/swagen/audio/common_voice_sw_30526933.wav	rangi pia huonyesha dhana na vipengele muhimu katika tamaduni 	0
/scratch/skscla001/experiments/datasets/swagen/audio/common_voice_sw_36387987.wav	mlima huo uliopo mkoani kilimanjaro unatofautiana 	1
/scratch/skscla001/experiments/datasets/swagen/audio/common_voice_sw_36944892.wav	wamekuwa wakidhani kwamba mkoa huo una kabila moja tu wakurya 	1
/scratch/skscla001/experiments/datasets/swagen/audio/common_voice_sw_37223396.wav	italia kwa papa akajaribu kujenga umoja wa kanisa ila haukutekelezwa 	1
/scratch/skscla001/experiments/datasets/swagen/audio/common_voice_sw_30437542.wav	watu wote nchini walimpenda kwa kuwajali wanyonge 	0
/scratch/skscla001/experiments/datasets/swagen/audio/common_voice_sw_29611177.wav	watu walianza kupinga serikali na kuchukua silaha katika sehemu mbalimbali za nchi 	0
/scratch/skscla001/experiments/datasets/swagen/audio/common_voice_sw_30658747.wav	wabena kabila linalosifika kwa ukaribu sana 	0
/scratch/skscla001/experiments/datasets/swagen/audio/common_voice_sw_30175984.wav	dhidi ya marekani na kila rafiki wa marekani 	0
/scratch/skscla001/experiments/datasets/swagen/audio/common_voice_sw_28259031.wav	hiki ni chombo kikuu kabisa cha utawala wa kijiji 	1
/scratch/skscla001/experiments/datasets/swagen/audio/common_voice_sw_34746343.wav	leo ni siku njema kama ilivyo onekana asubuhi 	0
/scratch/skscla001/experiments/datasets/swagen/audio/common_voice_sw_32211940.wav	nasikia kwanuka harufu mbovu sana 	1
/scratch/skscla001/experiments/datasets/swagen/audio/common_voice_sw_29898552.wav	soka la china linahitaji mwalimu kama pep guardiola 	1
/scratch/skscla001/experiments/datasets/swagen/audio/common_voice_sw_34958150.wav	isa tisini na moja walikuwa boris yeltsin na vladimir putindmitry medvedev alichaguliwa kuwa 	0
/scratch/skscla001/experiments/datasets/swagen/audio/common_voice_sw_30326925.wav	mzee mwinyi kabla hajatawala tanzania alikuwa visiwani 	0
/scratch/skscla001/experiments/datasets/swagen/audio/common_voice_sw_36386423.wav	na wazo lingine linalodai kwamba katika vipindi kongwe vilivyopata kuwako sehemu za pwani ya 	1
/scratch/skscla001/experiments/datasets/swagen/audio/common_voice_sw_36616998.wav	aliyeandika waraka hadharani kupinga hatua ya kuigeuza chato kuwa mkoa kamili 	0
/scratch/skscla001/experiments/datasets/swagen/audio/common_voice_sw_31997277.wav	rehema anaishi mombasa 	0
/scratch/skscla001/experiments/datasets/swagen/audio/common_voice_sw_28592246.wav	kiasili sinodi ilikuwa mkutano wa maaskofu wa eneo fulani 	1
/scratch/skscla001/experiments/datasets/swagen/audio/common_voice_sw_29897031.wav	kabla ya miss tanzania alishindana katika miss kurasini elfu mbili na sita 	1
/scratch/skscla001/experiments/datasets/swagen/audio/common_voice_sw_37212059.wav	tunaangalizia ligi kuu za soka katika mataifa 	0
/scratch/skscla001/experiments/datasets/swagen/audio/common_voice_sw_29789914.wav	bila shaka ataacha rekodi ambazo zitakuwa ngumu kuvunjwa 	0
/scratch/skscla001/experiments/datasets/swagen/audio/common_voice_sw_29906405.wav	unapoona ndege tausi kainua mkia basi hapo ni kipindi cha dume huyo kuhitaji jike 	1
/scratch/skscla001/experiments/datasets/swagen/audio/common_voice_sw_29935937.wav	nono alikuwa mtawala wa mwisho wa wenyeji asilia 	1
/scratch/skscla001/experiments/datasets/swagen/audio/common_voice_sw_30024375.wav	utatembea sana kliko vitu vyote ukipanda mlima huu 	1
/scratch/skscla001/experiments/datasets/swagen/audio/common_voice_sw_35108361.wav	hifadhi ya taifa ruaha inapatika iringa 	0
/scratch/skscla001/experiments/datasets/swagen/audio/common_voice_sw_35408991.wav	ya chama cha mapinduzi wanaokifahamu chama hicho kwa undani uzoefu wa namna hiyo ni 	1
/scratch/skscla001/experiments/datasets/swagen/audio/common_voice_sw_29938771.wav	baadhi ya nchi zinazopatikana pembeni mwa bahari hii ni 	1
/scratch/skscla001/experiments/datasets/swagen/audio/common_voice_sw_30025117.wav	kabla ya wangoni kuja songea na kujenga makazi yao 	0
/scratch/skscla001/experiments/datasets/swagen/audio/common_voice_sw_30630996.wav	wasifu wa magufuli unaonyesha kwamba alipata cheti cha stashahada ya ualimu 	1
/scratch/skscla001/experiments/datasets/swagen/audio/common_voice_sw_30240948.wav	kumbukumbu ya uasi dhidi ya wanafunzi kumi na sita 	0
/scratch/skscla001/experiments/datasets/swagen/audio/common_voice_sw_36365344.wav	raslimali zinazohitajika ili kushughulikia tatizo la 	0
/scratch/skscla001/experiments/datasets/swagen/audio/common_voice_sw_37223451.wav	huruma na mapenzi yao yanawafanya wawe karibu na mungu wao 	0
/scratch/skscla001/experiments/datasets/swagen/audio/common_voice_sw_30585144.wav	hadi mwaka wa elfu moja mia nane themanini na tisa 	0
/scratch/skscla001/experiments/datasets/swagen/audio/common_voice_sw_29944862.wav	pamoja na kuenea kwa elimu juu ya ugonjwa huu 	1
/scratch/skscla001/experiments/datasets/swagen/audio/common_voice_sw_30582627.wav	vikosi vya castro viliingia havana mwaka elfu moja mia tisa hamsini na tisa 	0
/scratch/skscla001/experiments/datasets/swagen/audio/common_voice_sw_29787755.wav	padre paul haule alianza kujisikia vibaya siku ya jumatatu 	1
/scratch/skscla001/experiments/datasets/swagen/audio/common_voice_sw_29791825.wav	amin pia alikuwa mchezaji wa michezo aliyekuwa akifanya michuano ya nguruwe 	0
/scratch/skscla001/experiments/datasets/swagen/audio/common_voice_sw_29940407.wav	nchi sasa inapoteza dira hamna viongozi bora ila kuna bora viongozi aibu kwa watanzania 	0
/scratch/skscla001/experiments/datasets/swagen/audio/common_voice_sw_34840208.wav	karatasi kubwa 	0
/scratch/skscla001/experiments/datasets/swagen/audio/common_voice_sw_30630847.wav	zinafanyika shughuli za usafirishaji wa mizigo na abiria pia 	1
/scratch/skscla001/experiments/datasets/swagen/audio/common_voice_sw_34942513.wav	maafisa afya ndio waliopewa jukumu la kuizika miili hiyo 	0
/scratch/skscla001/experiments/datasets/swagen/audio/common_voice_sw_29788683.wav	hivyo waliwafukuza kwa kupigana kama ilivyokuwa kwa makabila mengi 	0
/scratch/skscla001/experiments/datasets/swagen/audio/common_voice_sw_28971638.wav	chaji hizi mbili ni kinyume zinaitwa chaji hasi na chaji chanya 	1
/scratch/skscla001/experiments/datasets/swagen/audio/common_voice_sw_36250933.wav	karatasi nyeusi 	0
/scratch/skscla001/experiments/datasets/swagen/audio/common_voice_sw_30025168.wav	jim thompson aliandika mnamo mwaka elfu moja mia nane themanini na tano 	1
/scratch/skscla001/experiments/datasets/swagen/audio/common_voice_sw_36617434.wav	karagwe kwenye njia kuu ya biashara ya kimataifa na kupunguza umaarufu wake 	1
/scratch/skscla001/experiments/datasets/swagen/audio/common_voice_sw_30075144.wav	forojo ganze aliyezaliwa mwaka elfu moja mia tisa na mbili 	0
/scratch/skscla001/experiments/datasets/swagen/audio/common_voice_sw_37084903.wav	wa uendeshaji wa serikali kwa sababu 	1
/scratch/skscla001/experiments/datasets/swagen/audio/common_voice_sw_30574523.wav	vita wanatoka huko wakiogopa kuporwa utu na 	0
/scratch/skscla001/experiments/datasets/swagen/audio/common_voice_sw_30677312.wav	mazao ya chakula na biashara kama mpunga katani na mahindi zimeinua maendeleo kiuchumi 	1
/scratch/skscla001/experiments/datasets/swagen/audio/common_voice_sw_29793607.wav	apo awali alikuwa mfuasi wa dini ya kiislam 	0
/scratch/skscla001/experiments/datasets/swagen/audio/common_voice_sw_35198958.wav	nichekeshe kibogoyo nami nipate kuwika 	0
/scratch/skscla001/experiments/datasets/swagen/audio/common_voice_sw_29787857.wav	taifa la nigeria linachimba mafuta na kuyasafirisha katika masoko ya dunia 	1
/scratch/skscla001/experiments/datasets/swagen/audio/common_voice_sw_29368789.wav	ni mnara wa jiwe uliopakwa rangi nyeupe 	0
/scratch/skscla001/experiments/datasets/swagen/audio/common_voice_sw_30055820.wav	wakati wa uhuru wa kenya sehemu hii ikaingizwa katika jamhuri ya kenya 	0
/scratch/skscla001/experiments/datasets/swagen/audio/common_voice_sw_37096435.wav	katika maeneo ya mpwapwa na dodoma mwaka 	0
/scratch/skscla001/experiments/datasets/swagen/audio/common_voice_sw_35964218.wav	kama mtetezi wa masuala ya uongozi bora rais huyo mpya wa malawi anayezungumza kiingezera 	1
/scratch/skscla001/experiments/datasets/swagen/audio/common_voice_sw_29936259.wav	huku upande wa mama akiwa na asili ya italia 	1
/scratch/skscla001/experiments/datasets/swagen/audio/common_voice_sw_35106092.wav	kiswahili nchini kenya licha ya kuwepo kwa 	0
/scratch/skscla001/experiments/datasets/swagen/audio/common_voice_sw_30342860.wav	pia wanapewa ajira kwenye viwanda vya uvuvi vilivyojengwa kwenye maeneo hayo 	1
/scratch/skscla001/experiments/datasets/swagen/audio/common_voice_sw_29961190.wav	mjerumani wolfgang overalh alikuwa mchezaji bora wa michuano ya kombe la dunia 	1
/scratch/skscla001/experiments/datasets/swagen/audio/common_voice_sw_30307688.wav	abooud jumbe alichaguliwa kuwa rais wa zanzibar 	1
/scratch/skscla001/experiments/datasets/swagen/audio/common_voice_sw_28814453.wav	wadudu barafu wanatokea amerika ya kaskazini na asia ya mashariki juu ya milima 	1
/scratch/skscla001/experiments/datasets/swagen/audio/common_voice_sw_37089503.wav	tisini na nne chini ya utawala wa chama kimoja wa dikteta hastings kamuzu banda 	1
/scratch/skscla001/experiments/datasets/swagen/audio/common_voice_sw_29902528.wav	hata hivyo mabadiliko hayo bado yaliendelea kulalamikiwa kwa kutoweka bayana uwajibikaji wa viongozi 	1
/scratch/skscla001/experiments/datasets/swagen/audio/common_voice_sw_32212298.wav	ni hewa 	1
/scratch/skscla001/experiments/datasets/swagen/audio/common_voice_sw_30073350.wav	magufuli ndio alikuwa chaguo langu la kwanza halafu nikaongeza na wengine 	0
/scratch/skscla001/experiments/datasets/swagen/audio/common_voice_sw_29430620.wav	mapema alianza kuheshimiwa kama mwenye heri 	0
/scratch/skscla001/experiments/datasets/swagen/audio/common_voice_sw_31446990.wav	walikuwa wanasema huyu ni nani labda atakuwa mtu mzima fulani 	0
/scratch/skscla001/experiments/datasets/swagen/audio/common_voice_sw_30261269.wav	kaunda alikagua gwaride la jeshi mara tu baada ya zambia kupata uhuru 	0
/scratch/skscla001/experiments/datasets/swagen/audio/common_voice_sw_30179631.wav	walisema hao walikuwa ni washauri wa kijeshi na si wapiganaji wa mstari wa mbele 	1
/scratch/skscla001/experiments/datasets/swagen/audio/common_voice_sw_30131782.wav	vitu vingi katika maisha vinaweza kujaribu kukuondoa kwenye malengo yako 	1
/scratch/skscla001/experiments/datasets/swagen/audio/common_voice_sw_34942763.wav	kijamii ya kiutu uzima kwa wakati unaotazamiwa 	0
/scratch/skscla001/experiments/datasets/swagen/audio/common_voice_sw_30003829.wav	wilaya ya rungwe ni eneo lenye mvua nyingi katika tanzania 	0
/scratch/skscla001/experiments/datasets/swagen/audio/common_voice_sw_32210947.wav	sauti 	1
/scratch/skscla001/experiments/datasets/swagen/audio/common_voice_sw_31271677.wav	oliver kahn alikuwa kwenye kikosi cha ujerumani 	0
/scratch/skscla001/experiments/datasets/swagen/audio/common_voice_sw_29796307.wav	ubovu wa barabara hizo umechangia kwa kiasi kikubwa kukwamisha usafirishaji wa pembejeo 	1
/scratch/skscla001/experiments/datasets/swagen/audio/common_voice_sw_30342562.wav	na kuwaondolea shida ya maji ambayo imekuwa ni tatizo kubwa kwa jamii za kiafrika 	1
/scratch/skscla001/experiments/datasets/swagen/audio/common_voice_sw_28691073.wav	saratani ilikuwa imemuenea sana mwilini 	1
/scratch/skscla001/experiments/datasets/swagen/audio/common_voice_sw_36807759.wav	awali mpinzani mkubwa bonny ayai adeehu benji 	1
/scratch/skscla001/experiments/datasets/swagen/audio/common_voice_sw_29962873.wav	twiga wa kundi moja hawachangamani na twiga wa kundi lingine 	0
/scratch/skscla001/experiments/datasets/swagen/audio/common_voice_sw_30337459.wav	vijana wengi wa kiluguru waliamua kubaki katika ardhi ya wandengereko 	0
/scratch/skscla001/experiments/datasets/swagen/audio/common_voice_sw_37222990.wav	futi kumi na tisa sawa na mita tano nukta tano huku jike akiwa na 	0
/scratch/skscla001/experiments/datasets/swagen/audio/common_voice_sw_30628910.wav	akiwa uhamishoni amin alifadhili mabaki ya jeshi lake 	1
/scratch/skscla001/experiments/datasets/swagen/audio/common_voice_sw_29790078.wav	hifadhi hii iko umbali wa kilometa mia moja ishirini na sita 	0
/scratch/skscla001/experiments/datasets/swagen/audio/common_voice_sw_30234193.wav	tanzania imebarikiwa utajiri wa misitu iliyotunzwa ya kupendeza 	0
/scratch/skscla001/experiments/datasets/swagen/audio/common_voice_sw_37096132.wav	wapenzi wa jinsia moja wapigwa picha nchini kenya 	0
/scratch/skscla001/experiments/datasets/swagen/audio/common_voice_sw_35206744.wav	ya watu ambao hawakuwa wamevaa barakoakitendo hicho kwa wakosoaji wake kilimweka katika kundi 	0
/scratch/skscla001/experiments/datasets/swagen/audio/common_voice_sw_30379743.wav	mji mkuu katika kabila la upare ni maore ulioko wilaya ya same 	1
/scratch/skscla001/experiments/datasets/swagen/audio/common_voice_sw_35409396.wav	ule umoja wa vyama vya wafanyikazi uliokuwepo ukiwakutanisha vyama vinane 	0
/scratch/skscla001/experiments/datasets/swagen/audio/common_voice_sw_37097991.wav	utawala wa kiroma lakini waliheshimiwa sana na wananchi wa kawaida 	1
/scratch/skscla001/experiments/datasets/swagen/audio/common_voice_sw_30351406.wav	ibara ya thalathini na saba kifungu kidogo cha tano 	0
/scratch/skscla001/experiments/datasets/swagen/audio/common_voice_sw_30021664.wav	ni mfanyabiashara na mwanasiasa ambaye pia amewekeza katika kandanda 	0
/scratch/skscla001/experiments/datasets/swagen/audio/common_voice_sw_31326459.wav	chimbuko la utamaduni huo linaaminiwa kuwa barani ulaya katika karne ya kumi na sita 	1
/scratch/skscla001/experiments/datasets/swagen/audio/common_voice_sw_28666520.wav	aliyemfuata kama tenno ni mwana wake go fushimi 	0
/scratch/skscla001/experiments/datasets/swagen/audio/common_voice_sw_34823316.wav	ana mpango wa kusafiri ngámbo 	0
/scratch/skscla001/experiments/datasets/swagen/audio/common_voice_sw_29997333.wav	hata wazee husimulia hivyo kwa watoto wao 	1
/scratch/skscla001/experiments/datasets/swagen/audio/common_voice_sw_36644621.wav	baada ya hapo wao huingia chumbani kwao kwa mtanange mujarab kabisa 	0
/scratch/skscla001/experiments/datasets/swagen/audio/common_voice_sw_30173742.wav	watapata ajira ama kufanikiwa katika baadhi ya mambo waliyoyataka 	0
/scratch/skscla001/experiments/datasets/swagen/audio/common_voice_sw_37225998.wav	alikufa mjini jeddah tarehe kumi na sita agosti mwaka elfu mbili na tatu 	0
/scratch/skscla001/experiments/datasets/swagen/audio/common_voice_sw_28681440.wav	maua ni meupe 	1
/scratch/skscla001/experiments/datasets/swagen/audio/common_voice_sw_36385776.wav	hao na wakristo wa kwanza walio wengi waliishi chini ya serikali ya roma 	1
/scratch/skscla001/experiments/datasets/swagen/audio/common_voice_sw_30341829.wav	hata hivyo mila na desturi nyingi za wagweno zinafanana zaidi na zile za wapare 	1
/scratch/skscla001/experiments/datasets/swagen/audio/common_voice_sw_29779678.wav	maneno haya mawili hutumika kwa kubadilishana mara nyingi 	0
/scratch/skscla001/experiments/datasets/swagen/audio/common_voice_sw_30075908.wav	mama hupewa maji katika kibuyu ili ayanywe 	1
/scratch/skscla001/experiments/datasets/swagen/audio/common_voice_sw_29848004.wav	kitulo na udzungwa ada yake kwa mtu wa 	0
/scratch/skscla001/experiments/datasets/swagen/audio/common_voice_sw_29794165.wav	lakini wafanayakazi wa mashamaba haya walikuwa ni wenyeji 	0
/scratch/skscla001/experiments/datasets/swagen/audio/common_voice_sw_35099411.wav	zinazofikia ishirini na sita mwaka elfu mbili na elfu mbili na moja alifanikiwa kupata 	0
/scratch/skscla001/experiments/datasets/swagen/audio/common_voice_sw_29960695.wav	mashamba hayo hayawezi kudumisha idadi kubwa ya wanyama 	0
/scratch/skscla001/experiments/datasets/swagen/audio/common_voice_sw_30631353.wav	mwombaji akiamua mwizi auawe basi kwa vile anaonekana kwenye matambiko 	1
/scratch/skscla001/experiments/datasets/swagen/audio/common_voice_sw_36386568.wav	los angeles na chicago marekani ni nchi iliyoendelea na yenye 	1
/scratch/skscla001/experiments/datasets/swagen/audio/common_voice_sw_36067467.wav	mtazamo wa mahakama haukuwa kwenye mauaji ya kimbari 	1
/scratch/skscla001/experiments/datasets/swagen/audio/common_voice_sw_37093211.wav	daktari alimtibu mgonjwa aliyekuwa hali mahututi 	1
/scratch/skscla001/experiments/datasets/swagen/audio/common_voice_sw_37089095.wav	ndugu yangu alinunua simu jana 	0
/scratch/skscla001/experiments/datasets/swagen/audio/common_voice_sw_34598426.wav	amezungumza na wanahabari katika jiji la tripoli 	0
/scratch/skscla001/experiments/datasets/swagen/audio/common_voice_sw_28681834.wav	lakini imani iliendelea kwa siri 	1
/scratch/skscla001/experiments/datasets/swagen/audio/common_voice_sw_37090203.wav	ambazo zingine na zile sifurahie akaruhusu ziendelee katika 	0
/scratch/skscla001/experiments/datasets/swagen/audio/common_voice_sw_28682619.wav	linafuata mapokeo ya antiokia na kutumia liturujia ya antiokia 	1
/scratch/skscla001/experiments/datasets/swagen/audio/common_voice_sw_29466731.wav	iraq ina akiba kubwa za mafuta ya petroli ardhini 	0
/scratch/skscla001/experiments/datasets/swagen/audio/common_voice_sw_30341853.wav	hata hivyo luteni kanali paul von lettow vorbeck alichukua mamlaka ya majeshi 	1
/scratch/skscla001/experiments/datasets/swagen/audio/common_voice_sw_30196021.wav	kuvimba katika eneo la mfereji wa haja kubwa 	0
/scratch/skscla001/experiments/datasets/swagen/audio/common_voice_sw_36299617.wav	ndiyo makabila ya asili ya inayoitwa leo hii musoma mjini 	1
/scratch/skscla001/experiments/datasets/swagen/audio/common_voice_sw_37095311.wav	haruhusiwi kutumia vyakula vya mafuta ya wanyama 	1
/scratch/skscla001/experiments/datasets/swagen/audio/common_voice_sw_30080282.wav	tatizo kubwa zaidi alilokumbana nalo ni dhoruba kali 	0
/scratch/skscla001/experiments/datasets/swagen/audio/common_voice_sw_29795529.wav	tukiyatunza mazingira yatatusaidia katika kilimo ufugaji na mvua pia 	1
/scratch/skscla001/experiments/datasets/swagen/audio/common_voice_sw_30023548.wav	mbuga zote za wanyama nchini zina wanayama wakubwa 	0
/scratch/skscla001/experiments/datasets/swagen/audio/common_voice_sw_37097767.wav	ninachemsha maji lakini halafu ninasahau mara moja 	1
/scratch/skscla001/experiments/datasets/swagen/audio/common_voice_sw_35425680.wav	wa kisovyetiwarusi walipoteza askari milioni kadhaa lakini waliweza kuwazuia wajerumani wasiteke moscow na leningrad 	0
/scratch/skscla001/experiments/datasets/swagen/audio/common_voice_sw_31284930.wav	watu walihofia kuwa volkano inaweza kulipuka 	0
/scratch/skscla001/experiments/datasets/swagen/audio/common_voice_sw_29865105.wav	kutokana na vurugu hizo zilizokuwa zikifanywa na wakamba 	1
/scratch/skscla001/experiments/datasets/swagen/audio/common_voice_sw_30654267.wav	tanzania ni nchi iliyobarikiwa kuwa na wanyama mbalimbali 	1
/scratch/skscla001/experiments/datasets/swagen/audio/common_voice_sw_35104330.wav	mtoto wako ameibwa 	0
/scratch/skscla001/experiments/datasets/swagen/audio/common_voice_sw_34750298.wav	ruvuma ruaha mkuu au mto tana ambayo yote inaishia katika bahari hindi 	1
/scratch/skscla001/experiments/datasets/swagen/audio/common_voice_sw_36364088.wav	tunazaidi ya wairaki elfu moja mia mbili 	0
/scratch/skscla001/experiments/datasets/swagen/audio/common_voice_sw_37084224.wav	kwa kweli mimi nimelipokea kwa furaha kubwa 	1
/scratch/skscla001/experiments/datasets/swagen/audio/common_voice_sw_36807761.wav	vichafuzi kadhaa inaandaa nafasi ya mataifa kuzungumzia sera na 	1
/scratch/skscla001/experiments/datasets/swagen/audio/common_voice_sw_29795901.wav	kiumbe huyo alijulikana kwa jina la blob 	1
/scratch/skscla001/experiments/datasets/swagen/audio/common_voice_sw_36385716.wav	iwapo kutatokea majeraha basi atakuwa anajitosa katika shughuli hizo za ununuzi wa wachezaji 	1
/scratch/skscla001/experiments/datasets/swagen/audio/common_voice_sw_36385402.wav	na uongo wanini mwogope mungu 	1
/scratch/skscla001/experiments/datasets/swagen/audio/common_voice_sw_34906981.wav	tungepiga mbizi ndani ya bahari 	0
/scratch/skscla001/experiments/datasets/swagen/audio/common_voice_sw_37224114.wav	au maamuzi yanayotolewa kwa jina la cote de voire 	1
/scratch/skscla001/experiments/datasets/swagen/audio/common_voice_sw_30377875.wav	pia katika maeneo kama chome na mbaga bila kusahau gonja na vudee 	0
/scratch/skscla001/experiments/datasets/swagen/audio/common_voice_sw_35103504.wav	kufika wakati walichukue kombe hilo mara tatu mfululizo na ikishalichukua mara tatu mfululizo 	0
/scratch/skscla001/experiments/datasets/swagen/audio/common_voice_sw_31308918.wav	kisha yanakuacha utunze mahusiano yako kwa gharama zako 	1
/scratch/skscla001/experiments/datasets/swagen/audio/common_voice_sw_30354905.wav	alikuwa mfalme wa buganda anayejulikana kama mfalme freddie 	1
/scratch/skscla001/experiments/datasets/swagen/audio/common_voice_sw_29993831.wav	au juu ya kile kilichomuliwa na mkutano huo wa berlini 	1
/scratch/skscla001/experiments/datasets/swagen/audio/common_voice_sw_30327466.wav	jina lilidumu mpaka mwaka elfu moja mia tisa na arobaini na nane 	1
/scratch/skscla001/experiments/datasets/swagen/audio/common_voice_sw_29439303.wav	alijiunga na utawa wa tatu wa mt 	1
/scratch/skscla001/experiments/datasets/swagen/audio/common_voice_sw_29936696.wav	hatimae watawala wa omani waliingilia kati na kuwafukuza mabaki ya wareno 	1
/scratch/skscla001/experiments/datasets/swagen/audio/common_voice_sw_29795830.wav	aliacha kazi hiyo kutokana na sababu mbalimbali karume 	1
/scratch/skscla001/experiments/datasets/swagen/audio/common_voice_sw_35183579.wav	inawezesha ubadilishanaji na makubaliano ya kifedha na dhamana 	0
/scratch/skscla001/experiments/datasets/swagen/audio/common_voice_sw_37094554.wav	ajali hiyo inaonyesha upendo na uaminifu kwa mwanaume 	1
/scratch/skscla001/experiments/datasets/swagen/audio/common_voice_sw_29797106.wav	hivi majuzi wamasai wamekuwa wakitegemea vyakula kutoka maeneo mengine 	0
/scratch/skscla001/experiments/datasets/swagen/audio/common_voice_sw_36375196.wav	kufikiriai kubadilisha katiba nafikiri hilo halitatusaidia katika bara la afrika lakini vile vile 	1
/scratch/skscla001/experiments/datasets/swagen/audio/common_voice_sw_30116108.wav	washirazi walijigamba kwamba ndio walinunua eneo hilo kutokana na migogoro iliyokuwapo ushirazi 	1
/scratch/skscla001/experiments/datasets/swagen/audio/common_voice_sw_30143131.wav	afrika kusini na misri zikiwa na matajiri watano kila mmoja 	0
/scratch/skscla001/experiments/datasets/swagen/audio/common_voice_sw_31368827.wav	wengine wakaanza kuyavamia makazi ya wazungu na kuyachoma moto 	1
/scratch/skscla001/experiments/datasets/swagen/audio/common_voice_sw_28879282.wav	alikuwa na futi sita kwa umri wa miaka sita 	1
/scratch/skscla001/experiments/datasets/swagen/audio/common_voice_sw_30323033.wav	sisi ni waswahili na tuna tamaduni zetu 	0
/scratch/skscla001/experiments/datasets/swagen/audio/common_voice_sw_29184756.wav	kufuatana na uainishaji wa lugha kitai pao iko katika kundi la kitai ya kusini magharibi 	1
/scratch/skscla001/experiments/datasets/swagen/audio/common_voice_sw_29022559.wav	alikuwa mwalimu wa mshairi wa mombasa w e taylor 	1
/scratch/skscla001/experiments/datasets/swagen/audio/common_voice_sw_34920416.wav	ema kuwa matokeo ya uchaguzi mkuu wa nchi hiyo yanaweza kuchukua 	0
/scratch/skscla001/experiments/datasets/swagen/audio/common_voice_sw_30343017.wav	wapare wanatokea katika wilaya za same na mwanga mkoani kilimanjaro 	1
/scratch/skscla001/experiments/datasets/swagen/audio/common_voice_sw_29943400.wav	maharage ni mazuri kwasababu yana faida nyingi mwilini ikiwemo kushusha shinikizo la damu 	1
/scratch/skscla001/experiments/datasets/swagen/audio/common_voice_sw_30635647.wav	party walipewa nafasi serikalini kufikia machi okello 	1
/scratch/skscla001/experiments/datasets/swagen/audio/common_voice_sw_35183475.wav	kwa mfano wachezaji watano kwa watano 	0
/scratch/skscla001/experiments/datasets/swagen/audio/common_voice_sw_29899494.wav	jina hilo lilitolewa na serikali ya tanganyika 	1
/scratch/skscla001/experiments/datasets/swagen/audio/common_voice_sw_35104608.wav	wanafanya kazi kubwa kubadilisha mtazamo wa wanasiasa na jamii 	0
/scratch/skscla001/experiments/datasets/swagen/audio/common_voice_sw_30202872.wav	pep alishinda makombe mengi alivyokuwa kocha wa barcelona 	0
/scratch/skscla001/experiments/datasets/swagen/audio/common_voice_sw_30365466.wav	mkuu sijamuona mimi nilikuwa kule chooni 	1
/scratch/skscla001/experiments/datasets/swagen/audio/common_voice_sw_28691285.wav	linapatikana katika mkoa wa singida 	1
/scratch/skscla001/experiments/datasets/swagen/audio/common_voice_sw_28874736.wav	jina la sikukuu ya kiyahudi linapatikana kwa maumbo mbalimbali 	0
/scratch/skscla001/experiments/datasets/swagen/audio/common_voice_sw_30025178.wav	hatimae kuweka uongozi mikononi mwa waafrika ambao ndio wengi visiwani humo 	0
/scratch/skscla001/experiments/datasets/swagen/audio/common_voice_sw_30180978.wav	mataifa yanavutiwa na maonyesho ya blob yanayofanyika kila mwaka 	1
/scratch/skscla001/experiments/datasets/swagen/audio/common_voice_sw_29583190.wav	pia ni mmoja ya waanzilishi wa chama cha wasanii tanzania 	1
/scratch/skscla001/experiments/datasets/swagen/audio/common_voice_sw_35183326.wav	naa hata tunapokutana kwenye mafunction kwenye mikutano kwenye shughuli mbali mbali 	0
/scratch/skscla001/experiments/datasets/swagen/audio/common_voice_sw_34946576.wav	jirani ingawa kagame anakanushahuyu ndiye muammar gaddafi aliyeiongoza libya kwa miongo minne bila 	0
/scratch/skscla001/experiments/datasets/swagen/audio/common_voice_sw_28879681.wav	kabla ya enzi ya kati kulikuwa na ustaarabu wa dola la roma 	1
/scratch/skscla001/experiments/datasets/swagen/audio/common_voice_sw_30080399.wav	ni bahari kubwa sana na yenye historia ndefu sana 	0
/scratch/skscla001/experiments/datasets/swagen/audio/common_voice_sw_35181838.wav	katika karne ya kumi na moja waturuki wa seljuk 	0
/scratch/skscla001/experiments/datasets/swagen/audio/common_voice_sw_30585116.wav	syria na demokrasia ya kongo ni miongoni mwa nchi zenye idadi kubwa 	0
/scratch/skscla001/experiments/datasets/swagen/audio/common_voice_sw_29791929.wav	chelsea ndiyo waliyoshinda ubingwa wa ulaya 	0
/scratch/skscla001/experiments/datasets/swagen/audio/common_voice_sw_30149813.wav	ivory coast walikuwa wenyeji wa michuano ya mwaka huo 	1
/scratch/skscla001/experiments/datasets/swagen/audio/common_voice_sw_30365445.wav	kila kazi ina changamoto nyingi duniani 	0
/scratch/skscla001/experiments/datasets/swagen/audio/common_voice_sw_30097856.wav	lakini kubwa zaidi kwa makumbusho hii si kuusikitikia mkasa wa kuzama wa titanic 	1
/scratch/skscla001/experiments/datasets/swagen/audio/common_voice_sw_29488725.wav	hali halisi nyota ni vitu sawa na jua letu ambalo ni nyota mojawapo 	0
/scratch/skscla001/experiments/datasets/swagen/audio/common_voice_sw_30079660.wav	pia hulima mazao mengine kama mpunga tumbaku mahindi viazi dengu na matunda 	0
/scratch/skscla001/experiments/datasets/swagen/audio/common_voice_sw_29754385.wav	uhusiano wetu ulikuwa wa ajabu 	1
/scratch/skscla001/experiments/datasets/swagen/audio/common_voice_sw_28967174.wav	jiji ni kitovu cha uchumi utamaduni na siasa ya nchi 	1
/scratch/skscla001/experiments/datasets/swagen/audio/common_voice_sw_29791480.wav	inachangia katika utendaji wako binafsi wa kukupa mwanga mzuri 	0
/scratch/skscla001/experiments/datasets/swagen/audio/common_voice_sw_30376375.wav	hazikutajwa tena katika takwimu ya ujerumani 	0
/scratch/skscla001/experiments/datasets/swagen/audio/common_voice_sw_30223139.wav	kuhamasisha utali wa ndani kwa kuhamasisha wanafunzi 	1
/scratch/skscla001/experiments/datasets/swagen/audio/common_voice_sw_36318657.wav	mipango kuwahimiza wamasai kuachana na jadi ya uhamaji ili kuishi maisha ya kisasa bado 	1
/scratch/skscla001/experiments/datasets/swagen/audio/common_voice_sw_29898969.wav	kwa amani utulivu na furaha maana waliamini mfumo huo ungewa panulia zaidi wigo 	1
/scratch/skscla001/experiments/datasets/swagen/audio/common_voice_sw_37230001.wav	kidogo watu wanafikiria kwa nchi za afrika mashariki hasa tanzania 	1
/scratch/skscla001/experiments/datasets/swagen/audio/common_voice_sw_29924727.wav	mikakati kuhakikisha urithi huu unatunzwa vizuri 	0
/scratch/skscla001/experiments/datasets/swagen/audio/common_voice_sw_30647704.wav	yohane paulo wa pili alitangazwa mwenye kheri na papa benedikto wa kumi na sita 	1
/scratch/skscla001/experiments/datasets/swagen/audio/common_voice_sw_35105816.wav	wanaoshukiwa kuwa mstari wa mbele kutekeleza mauaji hayo 	0
/scratch/skscla001/experiments/datasets/swagen/audio/common_voice_sw_35104284.wav	mtandao wa watu wanaoishi na virusi vya ukimwi duniani 	0
/scratch/skscla001/experiments/datasets/swagen/audio/common_voice_sw_30181019.wav	maji hayo yanayobubujika kutoka ardhini huonekana yakitoa moshi kama vile maji yanayochemka jikoni 	1
/scratch/skscla001/experiments/datasets/swagen/audio/common_voice_sw_36310862.wav	ya dawa unaofanywa na wataalamu wa kimatabibu zimezidisha 	1
/scratch/skscla001/experiments/datasets/swagen/audio/common_voice_sw_35099334.wav	huyu alikuwa ajina ojwang mwanasheria kutoka kenya akiweka bayana hali halisi ya watu kutambua 	0
/scratch/skscla001/experiments/datasets/swagen/audio/common_voice_sw_36320105.wav	akikanusha taarifa kwamba nyumbu wengi bado wako kenya 	1
/scratch/skscla001/experiments/datasets/swagen/audio/common_voice_sw_29797913.wav	man city wametumia pesa nyingi sana kujenga timu 	0
/scratch/skscla001/experiments/datasets/swagen/audio/common_voice_sw_28583632.wav	wakati wa uhai wake majolle alipata sifa kama mchoraji mashuhuri wa mashariki 	1
/scratch/skscla001/experiments/datasets/swagen/audio/common_voice_sw_35105170.wav	miwani yangu imeharibika 	0
/scratch/skscla001/experiments/datasets/swagen/audio/common_voice_sw_30196390.wav	matibabu haya ni ya bei ghali hivyo yanaweza kuhusishwa na madhara mbadala 	0
/scratch/skscla001/experiments/datasets/swagen/audio/common_voice_sw_28582834.wav	papa gregori i aliandika juu yake sura moja ya kitabu cha majadiliano 	1
/scratch/skscla001/experiments/datasets/swagen/audio/common_voice_sw_34958050.wav	ya habari nchini marekani kwa ujumla yanatarajiwa kuepuka mapendeleo 	0
/scratch/skscla001/experiments/datasets/swagen/audio/common_voice_sw_30585352.wav	pia wanatumia hadubini na kufanya uchunguzi wa vimelea maradhi vya majimaji ya mwilini 	0
/scratch/skscla001/experiments/datasets/swagen/audio/common_voice_sw_35582766.wav	familia kumgeuza mtumiaji kutoka njia hatari zaidi za kutumia dawa za 	0
/scratch/skscla001/experiments/datasets/swagen/audio/common_voice_sw_28815232.wav	kwa maana hii ya kawaida nchi ni kitengo cha kisiasa katika eneo maalumu 	1
/scratch/skscla001/experiments/datasets/swagen/audio/common_voice_sw_28670630.wav	makao makuu ya mkoa yako songea mjini 	1
/scratch/skscla001/experiments/datasets/swagen/audio/common_voice_sw_29995193.wav	sheria hizi za muungano zilithibitisha hati za muungano 	1
/scratch/skscla001/experiments/datasets/swagen/audio/common_voice_sw_29797526.wav	bayern munich wamebeba ubingwa wa ujerumani mara tisa mfululizo 	0
/scratch/skscla001/experiments/datasets/swagen/audio/common_voice_sw_35146473.wav	katika uhuru wa vyombo vya habari hivi sasa liko katika mtanziko 	0
/scratch/skscla001/experiments/datasets/swagen/audio/common_voice_sw_29791668.wav	kupungua kwa kilimo kulisababishwa na sera za kilimo zisizofaa 	0
/scratch/skscla001/experiments/datasets/swagen/audio/common_voice_sw_30024456.wav	wanajituma kwenye kazi hasa za kilimo 	1
/scratch/skscla001/experiments/datasets/swagen/audio/common_voice_sw_28670014.wav	maelezo ya chini 	1
/scratch/skscla001/experiments/datasets/swagen/audio/common_voice_sw_29980433.wav	na akiwa wa kiume amwite muyinga mufwimi 	1
/scratch/skscla001/experiments/datasets/swagen/audio/common_voice_sw_29794140.wav	ukomeshaji wa biashara ya utumwa ni mchakato wa matukio yaliyopelekea usitishaji wa biashara hiyo 	0
/scratch/skscla001/experiments/datasets/swagen/audio/common_voice_sw_35224115.wav	ni ziara iliyokuwa na mafanikio makubwa kwa 	1
/scratch/skscla001/experiments/datasets/swagen/audio/common_voice_sw_29791681.wav	wakulima wengi nchini tanzania wanapenda ufugaji 	0
/scratch/skscla001/experiments/datasets/swagen/audio/common_voice_sw_37332145.wav	kutokana na kuiuzia kenya bidhaa zake katika mwezi huo 	0
/scratch/skscla001/experiments/datasets/swagen/audio/common_voice_sw_35154742.wav	vifungu vya katiba vimetumiwa na baraza la usalama la umoja wa mataifa 	0
/scratch/skscla001/experiments/datasets/swagen/audio/common_voice_sw_30188599.wav	ulisababisha kuchomeka kwa miche mipya ya miti ya mbuga hiyo 	0
/scratch/skscla001/experiments/datasets/swagen/audio/common_voice_sw_31270323.wav	vivutio vya utalii vilivyopo kila pembe ya nchi yetu 	0
/scratch/skscla001/experiments/datasets/swagen/audio/common_voice_sw_36642513.wav	na yatupelekea kuwa na wasiwasi katika matokeo ya uchaguzi 	0
/scratch/skscla001/experiments/datasets/swagen/audio/common_voice_sw_30402901.wav	mwanamke huyo ambaye ametajwa kuwa mwanamke tajiri zaidi barani afrika 	1
/scratch/skscla001/experiments/datasets/swagen/audio/common_voice_sw_31284654.wav	kijana huyo alipokua kwa vile chifu mwamududa hakuwa na mtoto wa kiume 	0
/scratch/skscla001/experiments/datasets/swagen/audio/common_voice_sw_30362587.wav	kwa njia ya barabara kutoka hifadhi ya taifa ya serengeti 	0
/scratch/skscla001/experiments/datasets/swagen/audio/common_voice_sw_30025585.wav	kangaroo anafanana na sungura kwa mbali 	1
/scratch/skscla001/experiments/datasets/swagen/audio/common_voice_sw_30028916.wav	walipitishwa katika njia hiyo na wakoloni wakati wa vita 	0
/scratch/skscla001/experiments/datasets/swagen/audio/common_voice_sw_34944336.wav	mlima huu ni wa tano kwa urefu katika bara la afrika 	0
/scratch/skscla001/experiments/datasets/swagen/audio/common_voice_sw_29796658.wav	baada ya wiki kadhaa alitembelea wazazi wake pale mansfeld 	1
/scratch/skscla001/experiments/datasets/swagen/audio/common_voice_sw_29924935.wav	ni wanyama wanaoongoza kutazamwa na watalii katika hifadhi zote 	0
/scratch/skscla001/experiments/datasets/swagen/audio/common_voice_sw_30176574.wav	wapare wengine wanaishi katika maeneo mbalimbali 	0
/scratch/skscla001/experiments/datasets/swagen/audio/common_voice_sw_36386104.wav	ni tisho jipwa kwa mji mkuu nchini haiti kwani tayari 	1
/scratch/skscla001/experiments/datasets/swagen/audio/common_voice_sw_31787544.wav	kuna viwanja vya ndege kadhaa katika mbuga hii 	0
/scratch/skscla001/experiments/datasets/swagen/audio/common_voice_sw_34958972.wav	jitihada zinachukuliwa hivi sasa kuwawezesha kupata utaalamu bora 	0
/scratch/skscla001/experiments/datasets/swagen/audio/common_voice_sw_29970303.wav	hifadhi yenyewe na msitu wa maji wa ardhini 	0
/scratch/skscla001/experiments/datasets/swagen/audio/common_voice_sw_31445762.wav	njia iliyo rahisi na maarufu zaidi ni ile ya kuanzia lango la marangu 	0
/scratch/skscla001/experiments/datasets/swagen/audio/common_voice_sw_36616429.wav	pamoja na wapagazi sabini na nne 	0
/scratch/skscla001/experiments/datasets/swagen/audio/common_voice_sw_29936412.wav	kwa ajili ya kuhamasisha watu nchini uingereza kuhusiana na suala hilo 	1
/scratch/skscla001/experiments/datasets/swagen/audio/common_voice_sw_37225538.wav	ahsante kwa kiamsha kinywa 	0
/scratch/skscla001/experiments/datasets/swagen/audio/common_voice_sw_35442342.wav	mwenyewe aliposema kwamba wafuasi wake ni chumvi ya dunia 	0
/scratch/skscla001/experiments/datasets/swagen/audio/common_voice_sw_36945353.wav	sana yesu alipokamatwa petro alitaka kutumia upanga wake ili amtetee 	1
/scratch/skscla001/experiments/datasets/swagen/audio/common_voice_sw_35104881.wav	njombe ina wakazi wanaofikia kuwa laki saba na mbili na tisini na saba 	0
/scratch/skscla001/experiments/datasets/swagen/audio/common_voice_sw_30539506.wav	huyu anapatikana msitu wa amazon pekee 	0
/scratch/skscla001/experiments/datasets/swagen/audio/common_voice_sw_31304488.wav	mourinho aliwahi kujiondosha porto na inter milan 	1
/scratch/skscla001/experiments/datasets/swagen/audio/common_voice_sw_30660064.wav	kwanza ina dhahabu ya kutosha katika ardhi yake 	0
/scratch/skscla001/experiments/datasets/swagen/audio/common_voice_sw_30143048.wav	alihitimu kidato cha sita na kufaulu na kujiunga chuo kikuu cha dar es salaam 	0
/scratch/skscla001/experiments/datasets/swagen/audio/common_voice_sw_30522596.wav	badae yanapelekwa katika bandari kwa ajili ya kusafirishwa na kupelekwa bara la ulaya 	0
/scratch/skscla001/experiments/datasets/swagen/audio/common_voice_sw_30025437.wav	kabila ambalo hauwezi kukosa kutaja ni kabila la wamasai 	1
/scratch/skscla001/experiments/datasets/swagen/audio/common_voice_sw_29206985.wav	kabla ya kujiunga na monasteri alikuwa na cheo kikubwa ikulu 	1
/scratch/skscla001/experiments/datasets/swagen/audio/common_voice_sw_35214184.wav	wavulana waliotahiriwa wataishi katika manyatta yaani kijiji kilichojengwa na mama zao 	0
/scratch/skscla001/experiments/datasets/swagen/audio/common_voice_sw_35156103.wav	mwaka elfu moja mia tisa tisini na saba hadi mwaka elfu mbili na mbili 	0
/scratch/skscla001/experiments/datasets/swagen/audio/common_voice_sw_32090575.wav	vuso wa mwanangu hutoa majasho 	1
/scratch/skscla001/experiments/datasets/swagen/audio/common_voice_sw_30182030.wav	wasangu walirudishwa katika eneo lao la awali wakarudi kutoka usafwa 	1
/scratch/skscla001/experiments/datasets/swagen/audio/common_voice_sw_30025734.wav	ukataji wa miti ni uharibifu wa mazingira 	1
/scratch/skscla001/experiments/datasets/swagen/audio/common_voice_sw_36382631.wav	benki itawezesha mfumo thabiti wa kufanya malipo 	1
/scratch/skscla001/experiments/datasets/swagen/audio/common_voice_sw_30379933.wav	mlima klute una urefu wa mita elfu tatu mia sita na arobaini na nane 	1
/scratch/skscla001/experiments/datasets/swagen/audio/common_voice_sw_30735712.wav	walimuadhibu vikali walishusha makombora mazito afghanistan dhidi 	1
/scratch/skscla001/experiments/datasets/swagen/audio/common_voice_sw_30327634.wav	dalili kuu na ishara tofauti pamoja na hatua za kifua kikuu zinajulikana saba 	1
/scratch/skscla001/experiments/datasets/swagen/audio/common_voice_sw_29946393.wav	ronaldo ndiye mchezaji aliyecheza mechi nyingi zaidi 	1
/scratch/skscla001/experiments/datasets/swagen/audio/common_voice_sw_30355200.wav	kabla ya kukutana kila jumuiya ilifanya kikao cha faragha 	0
/scratch/skscla001/experiments/datasets/swagen/audio/common_voice_sw_29815916.wav	barcelona walifunga chelsea mabao mawili 	1
/scratch/skscla001/experiments/datasets/swagen/audio/common_voice_sw_30342898.wav	tanzania kuna mikoa ambayo imeweka historia kubwa ndani na nje ya mipaka ya tanzania 	1
/scratch/skscla001/experiments/datasets/swagen/audio/common_voice_sw_29993786.wav	inaaminika pia kuwa kurudi kwao wakati wa krismasi ni pamoja na kutembelea ndugu zao 	1
/scratch/skscla001/experiments/datasets/swagen/audio/common_voice_sw_37223909.wav	hata hivyo ukeketaji unabakia kuwa ni kielelezo cha utamaduni 	1
/scratch/skscla001/experiments/datasets/swagen/audio/common_voice_sw_30201031.wav	mungu ampokea akawe miongoni mwa wateule wake huko mbinguni 	1
/scratch/skscla001/experiments/datasets/swagen/audio/common_voice_sw_29787612.wav	hali iliyopelekea kushindana na kiongozi mkuu wa kanisa hilo yani papa wa roma 	1
/scratch/skscla001/experiments/datasets/swagen/audio/common_voice_sw_31284795.wav	baada ya sherehe hii kumalizika wavulana wanatahiriwa katika nyumba zao 	0
/scratch/skscla001/experiments/datasets/swagen/audio/common_voice_sw_30036903.wav	ambao wamehifadhiwa katika mbuga ya wanyama 	0
/scratch/skscla001/experiments/datasets/swagen/audio/common_voice_sw_29786418.wav	kanisa kuu liko jijini tabora na linaitwa la mt 	1
/scratch/skscla001/experiments/datasets/swagen/audio/common_voice_sw_29795214.wav	maradona ndiye mchezaji aliyefunga bao la ajabu duniani 	1
/scratch/skscla001/experiments/datasets/swagen/audio/common_voice_sw_37091804.wav	ni tasnia inayoonekana kusaidia ukuaji wa uchumi kupitia sekta ya utalii 	1
/scratch/skscla001/experiments/datasets/swagen/audio/common_voice_sw_28927603.wav	ina jumba la makumbusho dogo kuhusu historia ya zanzibar 	0
/scratch/skscla001/experiments/datasets/swagen/audio/common_voice_sw_30180045.wav	hao wangoni bwana wape hela watafikisha lakini mwanamke hafiki aisee 	1
/scratch/skscla001/experiments/datasets/swagen/audio/common_voice_sw_37094858.wav	sambabmba na huyo dunia ilishuhudia kiongozi mwingine 	1
/scratch/skscla001/experiments/datasets/swagen/audio/common_voice_sw_29887263.wav	hususani wageni wanaoingia katika mkoa wa tanga kutalii 	1
/scratch/skscla001/experiments/datasets/swagen/audio/common_voice_sw_35284628.wav	hawezi kujidanganya ni taifa ambalo mpaka sasa lina matatizo makubwa sana ya 	0
/scratch/skscla001/experiments/datasets/swagen/audio/common_voice_sw_35103763.wav	hakuna mtu alijua kama ingewezekana kumfufua marehemu mzee suluhu 	0
/scratch/skscla001/experiments/datasets/swagen/audio/common_voice_sw_29898592.wav	wa nini huyo mtu amebeba kinachokuhusu unavyoongezeka 	1
/scratch/skscla001/experiments/datasets/swagen/audio/common_voice_sw_29790175.wav	kupitia katika bahari hii ya atlantik enzi hizo 	0
/scratch/skscla001/experiments/datasets/swagen/audio/common_voice_sw_30379758.wav	kwa kuwa ilikuwa njia ya kuingia barani afrika mashariki 	1
/scratch/skscla001/experiments/datasets/swagen/audio/common_voice_sw_29850094.wav	ina malengo ya kujipanua zaidi katika maeneo zaidi 	1
/scratch/skscla001/experiments/datasets/swagen/audio/common_voice_sw_36617364.wav	inajipanga kutengeneza silaha zenye nguvu 	1
/scratch/skscla001/experiments/datasets/swagen/audio/common_voice_sw_35224223.wav	kwa hiyo wameboresha zaidi wasiwe na wasiwasi wanovyokwenda kutengeneza nywele 	1
/scratch/skscla001/experiments/datasets/swagen/audio/common_voice_sw_31285927.wav	viingilio vinatofautia kulingana na umri wa watalii 	0
/scratch/skscla001/experiments/datasets/swagen/audio/common_voice_sw_36641223.wav	wao ni wahanga wakubwa wa majanga yatokanayo na uharibifu wa mazingira 	0
/scratch/skscla001/experiments/datasets/swagen/audio/common_voice_sw_28961585.wav	athari kuu ni nadra 	0
/scratch/skscla001/experiments/datasets/swagen/audio/common_voice_sw_28875824.wav	karibu na ncha za dunia ziko pia ncha sumaku za kaskazini na kusini 	1
/scratch/skscla001/experiments/datasets/swagen/audio/common_voice_sw_29797499.wav	hivyo basi waliamua kukataa manyanyaso na masumbuko dhidi ya wakoloni 	0
/scratch/skscla001/experiments/datasets/swagen/audio/common_voice_sw_29897878.wav	matukio ya kwanza yalikuwa katika kikundi kidogo cha waraibu wa dawa za kulevya 	1
/scratch/skscla001/experiments/datasets/swagen/audio/common_voice_sw_30653736.wav	wanyama wanaopatikana katika hifadhi hiyo ni wengi 	0
/scratch/skscla001/experiments/datasets/swagen/audio/common_voice_sw_30175963.wav	alikuwa mbunge wa jimbo la ruangwa tangu mwaka elfu mbili na kumi 	0
/scratch/skscla001/experiments/datasets/swagen/audio/common_voice_sw_35132607.wav	kusitishwa huku haya wakiarifiwa na matamshi kuzidi kushuhudiwa kutokana suala hilo 	1
/scratch/skscla001/experiments/datasets/swagen/audio/common_voice_sw_30574590.wav	maalim seif aliwania nafasi ya urais wa zanzibari kwa tiketi ya chama cha wananchi 	1
/scratch/skscla001/experiments/datasets/swagen/audio/common_voice_sw_30106390.wav	utawala wa kidikiteta unaathiri sana maisha ya watu 	1
/scratch/skscla001/experiments/datasets/swagen/audio/common_voice_sw_30653831.wav	umoja wa mataifa unaitangaza nchi ya tanzania 	0
/scratch/skscla001/experiments/datasets/swagen/audio/common_voice_sw_29792696.wav	chelsea kwenye michuano ya ulaya walikuwa wanafanya vizuri 	0
/scratch/skscla001/experiments/datasets/swagen/audio/common_voice_sw_34958484.wav	wakimaliza mafunzo yao ya maisha kama watu binafsi huendeleza umoja wao 	0
/scratch/skscla001/experiments/datasets/swagen/audio/common_voice_sw_29796218.wav	alifuatana na wazee wengine kwenda kwenye zindiko bagamoyo 	1
/scratch/skscla001/experiments/datasets/swagen/audio/common_voice_sw_30671869.wav	pep aliendeleza ubabe wake alipokuwa bayern 	1
/scratch/skscla001/experiments/datasets/swagen/audio/common_voice_sw_28670327.wav	wakazi wa jiji ni mchanganyiko wa watu kutoka zote za dunia 	1
/scratch/skscla001/experiments/datasets/swagen/audio/common_voice_sw_29792139.wav	maeneo maalum yametengwa kwa ajili ya kilimo cha kisasa 	0
/scratch/skscla001/experiments/datasets/swagen/audio/common_voice_sw_29790200.wav	ukiachana na madaraja ambayo yamemtambulisha vilivyo 	0
/scratch/skscla001/experiments/datasets/swagen/audio/common_voice_sw_29996657.wav	maboga hushikilia maziwa ambayo hutolewa kwa wageni 	1
/scratch/skscla001/experiments/datasets/swagen/audio/common_voice_sw_30227550.wav	kijiuvimbe katika eneo la tundu mlango wa kutolea haja kubwa 	0
/scratch/skscla001/experiments/datasets/swagen/audio/common_voice_sw_29796576.wav	mji mkongwe wa bagamoyo unakadiriwa kuanza kutukuka 	1
/scratch/skscla001/experiments/datasets/swagen/audio/common_voice_sw_34750287.wav	tufike uwanjani kuna sherehe 	0
/scratch/skscla001/experiments/datasets/swagen/audio/common_voice_sw_29793149.wav	real madrid ilishinda mabao matatu kwa moja 	0
/scratch/skscla001/experiments/datasets/swagen/audio/common_voice_sw_35182291.wav	edward na ethel beanov walisafiri kwa meli ya titanic 	0
/scratch/skscla001/experiments/datasets/swagen/audio/common_voice_sw_30717877.wav	sheria nambari tatu ya vyama vya wafanyakazi 	0
/scratch/skscla001/experiments/datasets/swagen/audio/common_voice_sw_28660710.wav	ajibola alizaliwa mjini mazamaza jimbo la lagos 	1
/scratch/skscla001/experiments/datasets/swagen/audio/common_voice_sw_28672982.wav	kuna pia chuo kikuu na askofu wa kanisa la kilutheri 	0
/scratch/skscla001/experiments/datasets/swagen/audio/common_voice_sw_31262001.wav	ukijisahau kusema maneno ya kumsifia mwenyekiti wa chama watu watakushangaa 	0
/scratch/skscla001/experiments/datasets/swagen/audio/common_voice_sw_30495676.wav	tanzania ilipigana vita na taifa jirani la uganda 	0
/scratch/skscla001/experiments/datasets/swagen/audio/common_voice_sw_30180172.wav	amekosa upinzani kwenye beki ya kulia tangu mwaka elfu mbili na sita 	1
/scratch/skscla001/experiments/datasets/swagen/audio/common_voice_sw_29936444.wav	makabila mashuhuri kwa vita kama wangoni na wagogo pia wahehe 	1
/scratch/skscla001/experiments/datasets/swagen/audio/common_voice_sw_29787964.wav	simulizi ndiyo muundo unaotoa kiasi kikubwa zaidi cha maelezo 	1
/scratch/skscla001/experiments/datasets/swagen/audio/common_voice_sw_34743325.wav	kule hasa wa lugha za kikuyu na kijaluo 	0
/scratch/skscla001/experiments/datasets/swagen/audio/common_voice_sw_30004276.wav	mlaji atawashwa midomo na ulimi kwa kula chakula hicho 	0
/scratch/skscla001/experiments/datasets/swagen/audio/common_voice_sw_36388149.wav	ametumia kifaa 	1
/scratch/skscla001/experiments/datasets/swagen/audio/common_voice_sw_30180459.wav	kati ya hao kuna wanaocheza timu za ligi kuu ulaya 	1
/scratch/skscla001/experiments/datasets/swagen/audio/common_voice_sw_29680334.wav	rangi zao ni nyeusi na nyekundu au nyeusi na njano 	0
/scratch/skscla001/experiments/datasets/swagen/audio/common_voice_sw_29898595.wav	vijana wa kiume ni walilishwa kwa kupigwa mijeledi wakiwa uchi 	1
/scratch/skscla001/experiments/datasets/swagen/audio/common_voice_sw_29915168.wav	jiji la dar es salaam lilikua haraka na kumeza vijiji vingi vya wazaramo 	1
/scratch/skscla001/experiments/datasets/swagen/audio/common_voice_sw_29905234.wav	unaweza pia tumia kiungo hiki kutumia amazon wakati wowote 	1
/scratch/skscla001/experiments/datasets/swagen/audio/common_voice_sw_30377805.wav	kiungo wa zamani wa arsenal fabregas alikuwa hatari kwa pasi 	0
/scratch/skscla001/experiments/datasets/swagen/audio/common_voice_sw_28704207.wav	iko katika kaskazini ya nchi 	1
/scratch/skscla001/experiments/datasets/swagen/audio/common_voice_sw_30629720.wav	wazee wataulizia kwanza kama ukoo huo ni wa karibu au wa mbali 	1
/scratch/skscla001/experiments/datasets/swagen/audio/common_voice_sw_29797217.wav	kuishirikisha kikamilifu jamii ya wakazi wa bagamoyo katika kupanga na kuamua mikakati madhubuti 	1
/scratch/skscla001/experiments/datasets/swagen/audio/common_voice_sw_30572145.wav	aliwasaidia sana kina mama kwa kujengea vituo vya afya vijijini 	0
/scratch/skscla001/experiments/datasets/swagen/audio/common_voice_sw_28681045.wav	albamu pia inajumuisha masimulizi ambayo yana mistari ya biblia 	1
/scratch/skscla001/experiments/datasets/swagen/audio/common_voice_sw_30439737.wav	marekani ndege za nchi hiyo zenye raia wake na 	1
/scratch/skscla001/experiments/datasets/swagen/audio/common_voice_sw_30148699.wav	iliyojulikana kwa jina la boshazi maana yake bondei zigua sambaa 	1
/scratch/skscla001/experiments/datasets/swagen/audio/common_voice_sw_30570341.wav	ukilinganisha na robo iliyopita ya kuanzia januari hadi machi 	0
/scratch/skscla001/experiments/datasets/swagen/audio/common_voice_sw_36615410.wav	watummwa walipandishwa majahazi na kupelekwa zanzibar 	0
/scratch/skscla001/experiments/datasets/swagen/audio/common_voice_sw_30114429.wav	zinapatikana katika mji wa mto wa mbu 	1
/scratch/skscla001/experiments/datasets/swagen/audio/common_voice_sw_35108002.wav	results ama matokeo ya uchaguzi 	1
/scratch/skscla001/experiments/datasets/swagen/audio/common_voice_sw_30180243.wav	analeta mkosi na laana kwenye ukoo pia 	1
/scratch/skscla001/experiments/datasets/swagen/audio/common_voice_sw_30201574.wav	wachezaji wengi wakubwa nchini ujerumani wanacheza bayern munich 	1
/scratch/skscla001/experiments/datasets/swagen/audio/common_voice_sw_30579093.wav	kuenea katika afrika baada ya mkutano wa berlin 	1
/scratch/skscla001/experiments/datasets/swagen/audio/common_voice_sw_29838520.wav	wapo wanaodai kuwa wageni walipokuja na kukuta ufalme wa buha 	1
/scratch/skscla001/experiments/datasets/swagen/audio/common_voice_sw_29936617.wav	zipo barabara za mwanga hadi ugweno na usangi 	0
/scratch/skscla001/experiments/datasets/swagen/audio/common_voice_sw_31321691.wav	samuel etoo na messi walifunga mabao ya ushindi 	1
/scratch/skscla001/experiments/datasets/swagen/audio/common_voice_sw_30638441.wav	mwanadamu akavipa viumbe vyote majina ili aweze kuwafundisha wengine 	0
/scratch/skscla001/experiments/datasets/swagen/audio/common_voice_sw_31406016.wav	mabadiliko haya kwenye barafuto za kilimanjaro zinalingana 	0
/scratch/skscla001/experiments/datasets/swagen/audio/common_voice_sw_29790650.wav	badala yake obote ilipangwa ili apate mafunzo zaidi ya kijeshi nchini uingereza 	0
/scratch/skscla001/experiments/datasets/swagen/audio/common_voice_sw_36386374.wav	rais samia amesema serikali inafanya hivyo sio kwasababu kuwa yeye ni rais mwanamke 	1
/scratch/skscla001/experiments/datasets/swagen/audio/common_voice_sw_34747471.wav	kama zingekuwa zinatumia sarafu zao wenyewe 	0
/scratch/skscla001/experiments/datasets/swagen/audio/common_voice_sw_29792636.wav	walidai kuwa wana habari kuwa aga khan 	0
/scratch/skscla001/experiments/datasets/swagen/audio/common_voice_sw_30021657.wav	wanajeshi wa uganda waliingia tanzania kwa mara ya kwanza 	0
/scratch/skscla001/experiments/datasets/swagen/audio/common_voice_sw_36381022.wav	mtu si uzuri kwake kuitwa nyama wa mwitu 	1
/scratch/skscla001/experiments/datasets/swagen/audio/common_voice_sw_29938070.wav	mahojiano yanayochapishwa kwa muundo wa maswali na majibu ndiyo hasa huelimisha zaidi 	1
/scratch/skscla001/experiments/datasets/swagen/audio/common_voice_sw_30333822.wav	idadi ya watu inaongezeka kwa kasi na hivyo pia kuongezeka kwa wakulima 	1
/scratch/skscla001/experiments/datasets/swagen/audio/common_voice_sw_30380881.wav	mtetezi wa uchumi tata amezungumzia vilevile kwa kukosoa mbinu za kihisabati 	1
/scratch/skscla001/experiments/datasets/swagen/audio/common_voice_sw_31409225.wav	argentina waliwafunga brazil kwenye fainali za kopa amerika 	1
/scratch/skscla001/experiments/datasets/swagen/audio/common_voice_sw_30104787.wav	bila kusahau wilaya ya itilima inayokamilisha jumla ya wilaya tano za mkoa wa simiyu 	0
/scratch/skscla001/experiments/datasets/swagen/audio/common_voice_sw_28695161.wav	nje ya kutunga mashairi mengi aliandika pia insha na kutafsiri 	1
/scratch/skscla001/experiments/datasets/swagen/audio/common_voice_sw_30351741.wav	baadhi yao wametuhumiwa kwa kufanya unyama kaskazini mwa nchi 	0
/scratch/skscla001/experiments/datasets/swagen/audio/common_voice_sw_34764296.wav	maji mengi duniani maziwa mengine ni pamoja 	1
/scratch/skscla001/experiments/datasets/swagen/audio/common_voice_sw_31304381.wav	muogeleaji pia alicheza rugby kwa uwezo wa hali ya juu 	1
/scratch/skscla001/experiments/datasets/swagen/audio/common_voice_sw_35103681.wav	hawezi mwingine kunifaa 	0
/scratch/skscla001/experiments/datasets/swagen/audio/common_voice_sw_30201519.wav	kutokea dar es salaam hadi mkoani lindi kusini mwa tanzania 	1
/scratch/skscla001/experiments/datasets/swagen/audio/common_voice_sw_31409822.wav	kutoka daressalaam mpaka mkoani singida katikati mwa tanzania 	1
/scratch/skscla001/experiments/datasets/swagen/audio/common_voice_sw_28908656.wav	mahitaji ya nishati kwa kiwango cha mzigo ni kidogo kuliko barabarani 	0
/scratch/skscla001/experiments/datasets/swagen/audio/common_voice_sw_29457317.wav	kwa sababu hiyo hutumiwa kuzalisha sumaku zenye nguvu kuu 	1
/scratch/skscla001/experiments/datasets/swagen/audio/common_voice_sw_30181733.wav	walipinga uanzishwaji wa vyama vya siasa 	0
/scratch/skscla001/experiments/datasets/swagen/audio/common_voice_sw_35409869.wav	na wacherkesi pia kati ya wasemaji wengi wa lugha za kiturki kama vile 	0
/scratch/skscla001/experiments/datasets/swagen/audio/common_voice_sw_29938065.wav	tandala na palahala nao wanavutia na kufanya maskani kwenye vilima 	1
/scratch/skscla001/experiments/datasets/swagen/audio/common_voice_sw_28811327.wav	serikali za china na wakati wa vita pia japan walifanya mipango ya ujenzi 	1
/scratch/skscla001/experiments/datasets/swagen/audio/common_voice_sw_28680170.wav	mongolia baadaye ikawa nchi huru 	0
/scratch/skscla001/experiments/datasets/swagen/audio/common_voice_sw_32244522.wav	nenda tanzania 	1
/scratch/skscla001/experiments/datasets/swagen/audio/common_voice_sw_28999522.wav	hasa mlimani na penye matope si mahali pake 	1
/scratch/skscla001/experiments/datasets/swagen/audio/common_voice_sw_30081414.wav	lakini sio eneo la feli tu linalouza samaki 	1
/scratch/skscla001/experiments/datasets/swagen/audio/common_voice_sw_34743656.wav	mkato una matumizi mengine yafuatayo 	0
/scratch/skscla001/experiments/datasets/swagen/audio/common_voice_sw_30326665.wav	awamu ya kwanza ya raisi mkapa iliisha 	0
/scratch/skscla001/experiments/datasets/swagen/audio/common_voice_sw_29897186.wav	asilimia ipatayo arobaini na tatu ya idadi ya watu wote mkoani ni wahehe 	1
/scratch/skscla001/experiments/datasets/swagen/audio/common_voice_sw_30020011.wav	inter ilishinda makombe matatu ya ligi 	1
/scratch/skscla001/experiments/datasets/swagen/audio/common_voice_sw_30378900.wav	namna bora ya kuimarisha sekta binafsi ziko nne 	0
/scratch/skscla001/experiments/datasets/swagen/audio/common_voice_sw_30230223.wav	jokate anajibu akitabasamu kuwa majukumu na malengo ambayo yuko nayo hayampi nafasi ya kuhisi 	0
/scratch/skscla001/experiments/datasets/swagen/audio/common_voice_sw_29637228.wav	pia desturi huweza kutokea kwa mtu binafsi 	0
/scratch/skscla001/experiments/datasets/swagen/audio/common_voice_sw_30087776.wav	hapa siyo pengine bali ni handebezyo sehemu ambayo imebeba hazina kubwa 	0
/scratch/skscla001/experiments/datasets/swagen/audio/common_voice_sw_37212358.wav	naam ndivyo anavyoondoka pendo po na makala 	0
/scratch/skscla001/experiments/datasets/swagen/audio/common_voice_sw_31304461.wav	pia huvuka mto lwiche kwa imani kuwa ni moja ya hatua 	1
/scratch/skscla001/experiments/datasets/swagen/audio/common_voice_sw_30020916.wav	makundi makubwa ya viboko pundamilia na nyumbu huonekana katika eneo hili 	1
/scratch/skscla001/experiments/datasets/swagen/audio/common_voice_sw_36310881.wav	tabia za pekee hasa katika maeneo ya jalidi ya kudumu 	1
/scratch/skscla001/experiments/datasets/swagen/audio/common_voice_sw_35526214.wav	huku wakipigwa butwaa wasijue la kufanya wakazi hao 	0
/scratch/skscla001/experiments/datasets/swagen/audio/common_voice_sw_31306591.wav	iliwafanya wakoloni kumlazimisha nyerere kuchagua kati ya siasa na kazi ya ualimu 	1
/scratch/skscla001/experiments/datasets/swagen/audio/common_voice_sw_29845522.wav	vita hivyo vilishirikisha baadhi ya makabila ya kusini mwa tanganyika 	1
/scratch/skscla001/experiments/datasets/swagen/audio/common_voice_sw_28663170.wav	jangwa hilo linapatikana katika majimbo ya australia magharibi na australia kusini 	1
/scratch/skscla001/experiments/datasets/swagen/audio/common_voice_sw_28661944.wav	ni mzaliwa wa moshi mjini mkoa wa kilimanjaro kaskazini mwa tanzania 	1
/scratch/skscla001/experiments/datasets/swagen/audio/common_voice_sw_29434675.wav	serikali za kwanza zilikuwa na matatizo ya kisiasa 	1
/scratch/skscla001/experiments/datasets/swagen/audio/common_voice_sw_31284876.wav	ujenzi wa makao ya sultani pamoja na bandari ulianza rasmi 	0
/scratch/skscla001/experiments/datasets/swagen/audio/common_voice_sw_29994717.wav	hata hivyo mengi ya mabadiliko hayo yamewakwepa wananchi isipokuwa yale ya zamani 	1
/scratch/skscla001/experiments/datasets/swagen/audio/common_voice_sw_35105637.wav	sultani sayyid said alihamisha mji mkuu wake kutoka omani kuja unguja 	0
/scratch/skscla001/experiments/datasets/swagen/audio/common_voice_sw_30021420.wav	ya kutembelea hifadhi kubwa kama tatu nakupewa 	1
/scratch/skscla001/experiments/datasets/swagen/audio/common_voice_sw_29796007.wav	baada ya hapo likaendesha operesheni ya kupora mali za watu 	1
/scratch/skscla001/experiments/datasets/swagen/audio/common_voice_sw_31797427.wav	wakoloni walikuwa na nia zaidi kenye ardhi nzuri ya wamasai 	1
/scratch/skscla001/experiments/datasets/swagen/audio/common_voice_sw_36374958.wav	kuwa kiko tayari kujiunga na serikali inayoongozwa na mfuasi wa chama cha hezbollah najim 	1
/scratch/skscla001/experiments/datasets/swagen/audio/common_voice_sw_30352422.wav	wanasahau kuwa mwili unahitaji muda wa kujizoesha polepole 	0
/scratch/skscla001/experiments/datasets/swagen/audio/common_voice_sw_29959915.wav	yote haya hayakushusha thamani ya pep guardiola 	0
/scratch/skscla001/experiments/datasets/swagen/audio/common_voice_sw_30182791.wav	historia inatueleza kwamba watu wameanza kulima kwa utaalamu miaka mitatu baada ya kuzaliwa kristo 	1
/scratch/skscla001/experiments/datasets/swagen/audio/common_voice_sw_30099363.wav	je walizaliwa ili wafe kabla ya kuishi 	0
/scratch/skscla001/experiments/datasets/swagen/audio/common_voice_sw_30653832.wav	bakhresa ni mtu mashuhuri katika harakati za mapinduzi na maendeleo ya viwanda tanzania 	0
/scratch/skscla001/experiments/datasets/swagen/audio/common_voice_sw_36310864.wav	hakuna kitu kinachoonyesha kutokuheshimu mtu kama kukosea kutamka jina lake 	1
/scratch/skscla001/experiments/datasets/swagen/audio/common_voice_sw_37094552.wav	kwenye titi unaweza kukakaa katika maeneo aaa matano 	0
/scratch/skscla001/experiments/datasets/swagen/audio/common_voice_sw_36386487.wav	walielekea kenya walifika kwanza mombasa hawakupokelewa vema wakaendelea hadi malindi 	1
/scratch/skscla001/experiments/datasets/swagen/audio/common_voice_sw_29934950.wav	papa pote watalii wanapata nafasi ya kuogelea nao bila tatizo lolote 	1
/scratch/skscla001/experiments/datasets/swagen/audio/common_voice_sw_28583305.wav	kwa njia ya kristo bwana wetu 	0
/scratch/skscla001/experiments/datasets/swagen/audio/common_voice_sw_30030244.wav	ambao uliyagharimu maisha ya mamia ya wapendwa wetu 	0
/scratch/skscla001/experiments/datasets/swagen/audio/common_voice_sw_30574555.wav	kutokana na ukame na shida za hapa na pale ikabidi wasitishe kukaa huko 	1
/scratch/skscla001/experiments/datasets/swagen/audio/common_voice_sw_30079923.wav	mwalimu nyerere alikuwa rais wa pekee sana ulimwenguni 	0
/scratch/skscla001/experiments/datasets/swagen/audio/common_voice_sw_36037452.wav	hatua gani ambazo tunaweza kupiga 	1
/scratch/skscla001/experiments/datasets/swagen/audio/common_voice_sw_29789622.wav	mahali ambapo palijengwa kijiji kinachoitwa mvumi makulu 	0
/scratch/skscla001/experiments/datasets/swagen/audio/common_voice_sw_30574588.wav	mara baada ya maneno hayo alipanda ndege kwenda beira msumbiji 	1
/scratch/skscla001/experiments/datasets/swagen/audio/common_voice_sw_29792220.wav	kilipata nafasi za ubunge na udiwani 	0
/scratch/skscla001/experiments/datasets/swagen/audio/common_voice_sw_30110189.wav	tanzania ilianzisha ujamaa katika kuleta maendeleo 	0
/scratch/skscla001/experiments/datasets/swagen/audio/common_voice_sw_28735555.wav	ukubwa wa madume ni nusu ya ule wa majike 	1
/scratch/skscla001/experiments/datasets/swagen/audio/common_voice_sw_29940494.wav	mpira wa sasa umekua laini tofauti na miaka ya nyuma 	0
/scratch/skscla001/experiments/datasets/swagen/audio/common_voice_sw_29524557.wav	na timu ya taifa ya uganda 	0
/scratch/skscla001/experiments/datasets/swagen/audio/common_voice_sw_30376177.wav	hata hivyo wanawake wa kimasai wengi hawana nywele 	1
/scratch/skscla001/experiments/datasets/swagen/audio/common_voice_sw_31415663.wav	hakuna mwalimu asiyetaka kuinoa barcelona 	1
/scratch/skscla001/experiments/datasets/swagen/audio/common_voice_sw_30419818.wav	ni miongoni mwa makabila yanayojulikana zaidi hata nje ya afrika 	1
/scratch/skscla001/experiments/datasets/swagen/audio/common_voice_sw_30572768.wav	kufika moshi ni rahisi sana kwa kuwa uwanja mkubwa wa ndege upo hapo 	0
/scratch/skscla001/experiments/datasets/swagen/audio/common_voice_sw_31997472.wav	jua linaangaza vizuri 	0
/scratch/skscla001/experiments/datasets/swagen/audio/common_voice_sw_30022519.wav	halmashauri ya wilaya ya kishapu na halamshauri ya kahama mjini 	0
/scratch/skscla001/experiments/datasets/swagen/audio/common_voice_sw_28672945.wav	tungo tata ni tungo ambayo huwa na maana zaidi ya moja 	0
/scratch/skscla001/experiments/datasets/swagen/audio/common_voice_sw_28757673.wav	pia ni sehemu nzuri kwa kufanya biashara 	0
/scratch/skscla001/experiments/datasets/swagen/audio/common_voice_sw_30180377.wav	manyatta hizo hazina ua za kulinda boma ili kusisitiza jukumu lao la kulinda jamii 	1
/scratch/skscla001/experiments/datasets/swagen/audio/common_voice_sw_29976849.wav	kutokana na kuwepo kwa mto rufiji karibu na hifadhi hiyo 	1
/scratch/skscla001/experiments/datasets/swagen/audio/common_voice_sw_36382204.wav	juhudi za usimamizi wa ubora wa hewa zilizowekwa ili kuboresha afya 	1
/scratch/skscla001/experiments/datasets/swagen/audio/common_voice_sw_29897730.wav	kwani palihatarisha uwepo wa kabila kwa siku za baadae 	1
/scratch/skscla001/experiments/datasets/swagen/audio/common_voice_sw_30354288.wav	kudumisha amani umoja na mshikamano kuondoa matesa na ugaidi ndani ya nchi yetu 	0
/scratch/skscla001/experiments/datasets/swagen/audio/common_voice_sw_30635725.wav	kulingana na kifungu cha ishirini na mbili cha mkataba wa versailles 	1
/scratch/skscla001/experiments/datasets/swagen/audio/common_voice_sw_30181636.wav	ripoti hizo awali hazikuushtua uongozi wa jeshi la tanzania 	1
/scratch/skscla001/experiments/datasets/swagen/audio/common_voice_sw_35224116.wav	wa familia hiyo ambayo imeenda nisema huyo mtoto akitoka hapa 	1
/scratch/skscla001/experiments/datasets/swagen/audio/common_voice_sw_37802319.wav	wanachama wengine hawakuonyesha utashi wa kuwa wenyeji 	0
/scratch/skscla001/experiments/datasets/swagen/audio/common_voice_sw_34748530.wav	na matatizo mengine yanayoonekana kutotatulika yanayozidi kuwa 	0
/scratch/skscla001/experiments/datasets/swagen/audio/common_voice_sw_35183649.wav	jacob akajua kuwa ni ile risasi alopigwa mkononi 	0
/scratch/skscla001/experiments/datasets/swagen/audio/common_voice_sw_30180188.wav	milima inatengeneza mazingira mazuri kwa vijiji vinavyozunguka maeneo hayo 	1
/scratch/skscla001/experiments/datasets/swagen/audio/common_voice_sw_34750859.wav	la kiongozi wa ufalme wa kwimbundo karne ya kumi 	1
/scratch/skscla001/experiments/datasets/swagen/audio/common_voice_sw_28581626.wav	uko katika magharibi ya kati ya nchi 	0
/scratch/skscla001/experiments/datasets/swagen/audio/common_voice_sw_37084726.wav	hata hivyo serikali kadhaa huweka baadhi ya vikwazo au huchunguza 	1
/scratch/skscla001/experiments/datasets/swagen/audio/common_voice_sw_35103917.wav	duniani inashika nafasi ya sitini na tisa 	0
/scratch/skscla001/experiments/datasets/swagen/audio/common_voice_sw_30123144.wav	aina mbalimbali za nyoka nazo hupatikana ndani ya dar zoo 	0
/scratch/skscla001/experiments/datasets/swagen/audio/common_voice_sw_37095782.wav	hifadhi ya taifa kutokana na uharibifu wa wanyamapori katika mazao yao pia ujangili ulio 	1
/scratch/skscla001/experiments/datasets/swagen/audio/common_voice_sw_35099877.wav	neno kujiuzulu tumesikia watu wengi wakiwa wamejiuzulu kipindi cha nyuma 	0
/scratch/skscla001/experiments/datasets/swagen/audio/common_voice_sw_29653987.wav	aliandika historia kama mwanamke wa kwanza wa nigeria kupewa shahada ya udaktari 	0
/scratch/skscla001/experiments/datasets/swagen/audio/common_voice_sw_29796691.wav	nkrumah alishindwa kurudi katika taifa lake la ghana 	1
/scratch/skscla001/experiments/datasets/swagen/audio/common_voice_sw_30495079.wav	hawakuwa na elimu ya kutosha juu ya ukombozi wao na juu ya zile malighafi 	0
/scratch/skscla001/experiments/datasets/swagen/audio/common_voice_sw_37097520.wav	kuanzia mwaka elfu moja mia saba themanini na nne 	1
/scratch/skscla001/experiments/datasets/swagen/audio/common_voice_sw_30585336.wav	usiku upepo unavuma kutoka juu kuelekea chini 	0
/scratch/skscla001/experiments/datasets/swagen/audio/common_voice_sw_30037344.wav	eneo kuu katika hifadhi ni uwanda wa mafuriko 	0
/scratch/skscla001/experiments/datasets/swagen/audio/common_voice_sw_36617107.wav	ameandaliwa mapambano mengi tu na ruge alisema nyota na bingwa wa zamani wa 	0
/scratch/skscla001/experiments/datasets/swagen/audio/common_voice_sw_36807751.wav	wakti kule afrika ya kati ni saa kumi na moja 	1
/scratch/skscla001/experiments/datasets/swagen/audio/common_voice_sw_29795419.wav	tunatakiwa tutunze misitu kwa ajili ya manufaa yetu wenyewe na vizazi vingine 	1
/scratch/skscla001/experiments/datasets/swagen/audio/common_voice_sw_30436163.wav	kuwavutia watazamaji juu ya wazo kuu 	0
/scratch/skscla001/experiments/datasets/swagen/audio/common_voice_sw_30328908.wav	mpango wa hili hautaishia kwa mchezaji kuishia kupata mazoezi ya kocha wa timu pekee 	0
/scratch/skscla001/experiments/datasets/swagen/audio/common_voice_sw_36310986.wav	mgonjwa wa ini atapata kichefuchefu na kutapika 	1
/scratch/skscla001/experiments/datasets/swagen/audio/common_voice_sw_34826828.wav	tunaangalia chanzo kikubwa kabisa kilikuwa ni kupinga manyanyaso 	0
/scratch/skscla001/experiments/datasets/swagen/audio/common_voice_sw_34827739.wav	jambo lolote bila ya kutumia madawa hayo ukizingatia pia bei kubwa 	0
/scratch/skscla001/experiments/datasets/swagen/audio/common_voice_sw_34814853.wav	kadhaa kutoka kwenye misitu ya burundi hujiunga nao upande wa kulia 	0
/scratch/skscla001/experiments/datasets/swagen/audio/common_voice_sw_29997295.wav	jeff bezos alitangazwa kuwa mtu wa pili kwa utajiri zaidi duniani 	1
/scratch/skscla001/experiments/datasets/swagen/audio/common_voice_sw_30314310.wav	tanzania ilivyomnyoosha nduli iddi amin dadaa nakupa kidogo halafu tunaendelea 	0
/scratch/skscla001/experiments/datasets/swagen/audio/common_voice_sw_29322314.wav	wataalamu kutoka nchi nyingi walianza kukusanya pesa kwa uhamisho wa majengo 	1
/scratch/skscla001/experiments/datasets/swagen/audio/common_voice_sw_35198835.wav	ukoloni lakini sasa wengi waliachishwa au kupinduliwa na serikali kama hawakufuata maagizo yote kutoka 	0
/scratch/skscla001/experiments/datasets/swagen/audio/common_voice_sw_29790679.wav	amin alifanikiwa kugombana na majirani zake wa karibu 	0
/scratch/skscla001/experiments/datasets/swagen/audio/common_voice_sw_36615459.wav	tayari waokoaji wameanza kuchimba mashimo maalumu ili kuweza kuwafikishia wachimba migodi hao 	0
/scratch/skscla001/experiments/datasets/swagen/audio/common_voice_sw_29862545.wav	mwelekeo wa ujamaa wa baadhi katika serikali mpya 	1
/scratch/skscla001/experiments/datasets/swagen/audio/common_voice_sw_30569192.wav	kwa sababu mungu ndiye aliyeweka mandhari ya 	0
/scratch/skscla001/experiments/datasets/swagen/audio/common_voice_sw_37090151.wav	linachukua waumini mia moja hamsini mpaka mia mbili kwa wakati mmoja 	1
/scratch/skscla001/experiments/datasets/swagen/audio/common_voice_sw_29797220.wav	wapagazi wengi walikuwa watu wa maeneo ya magharibi 	1
/scratch/skscla001/experiments/datasets/swagen/audio/common_voice_sw_34958960.wav	ule ya utekelezaji wa sera ya taifa ya mazingira 	0
/scratch/skscla001/experiments/datasets/swagen/audio/common_voice_sw_30569937.wav	andres iniesta alikuwa na balaa duniani 	0
/scratch/skscla001/experiments/datasets/swagen/audio/common_voice_sw_36013747.wav	watu wenye virusi vya ukimwi wana upungufu wa kinga mwilini 	1
/scratch/skscla001/experiments/datasets/swagen/audio/common_voice_sw_29996933.wav	mfano mzuri ni mabadiliko kutoka nne nne mbili kwenda tano tatu mbili 	1
/scratch/skscla001/experiments/datasets/swagen/audio/common_voice_sw_30020071.wav	ni vema pia kusema kuwa shule hizo huvutia wanafunzi kutoka tanzania nzima 	1
/scratch/skscla001/experiments/datasets/swagen/audio/common_voice_sw_30327100.wav	kangaroo ana maadui wawili yaani simba na ndege tai 	1
/scratch/skscla001/experiments/datasets/swagen/audio/common_voice_sw_30661050.wav	walinyamaza hadi wajerumani walipotembea kwa umbo la safu ndefu 	1
/scratch/skscla001/experiments/datasets/swagen/audio/common_voice_sw_30631243.wav	unachangia pato la taifa hilo kupitia sekta mbalimbali 	1
/scratch/skscla001/experiments/datasets/swagen/audio/common_voice_sw_30380907.wav	kati yao wanawake ni elfu ishirini na tano mia saba na nne 	1
/scratch/skscla001/experiments/datasets/swagen/audio/common_voice_sw_29898087.wav	alifanya masomo ya mawasiliano ya jamii katika taasisi ya mafunzo ya jamii nyegezi mwanza 	1
/scratch/skscla001/experiments/datasets/swagen/audio/common_voice_sw_29961431.wav	maeneo ya shinyanga wanalima mazao ya nafaka kama mahindi na mpunga 	0
/scratch/skscla001/experiments/datasets/swagen/audio/common_voice_sw_29974204.wav	maporomoko ya maji milima na mabonde vianpatikana ndani ya kitulo 	1
/scratch/skscla001/experiments/datasets/swagen/audio/common_voice_sw_29949783.wav	albamu yake ya mwaka wa elfu moja mia tisa na tisini 	0
/scratch/skscla001/experiments/datasets/swagen/audio/common_voice_sw_30148215.wav	wafuaji wa vyuma walikaa maeneo yote yaliyokuwa na uwezekano wa kupata chuma 	0
/scratch/skscla001/experiments/datasets/swagen/audio/common_voice_sw_29903376.wav	mila na desturi zake ambazo ndizo miongozo na dira 	1
/scratch/skscla001/experiments/datasets/swagen/audio/common_voice_sw_29936610.wav	korona imeogeza hofu kubwa kwa watu wote duniani 	1
/scratch/skscla001/experiments/datasets/swagen/audio/common_voice_sw_30224443.wav	kwenye orodha ya wachezaji kutokana na maongezi na 	0
/scratch/skscla001/experiments/datasets/swagen/audio/common_voice_sw_30635653.wav	je ni kampuni zipi nyinginezo hutumika kutotoa huduma hiyo hifadhini 	1
/scratch/skscla001/experiments/datasets/swagen/audio/common_voice_sw_28583187.wav	kwa kawaida hutokana na maambukizi 	0
/scratch/skscla001/experiments/datasets/swagen/audio/common_voice_sw_30635693.wav	wapangwa ni kabila la watu kutoka milima livingstone 	1
/scratch/skscla001/experiments/datasets/swagen/audio/common_voice_sw_29950643.wav	marais wengi duniani hawapendi kuwanyonga raia wake 	1
/scratch/skscla001/experiments/datasets/swagen/audio/common_voice_sw_35099299.wav	indi cha siasa cha kampeni kama hii baada ya hapo wanatuweka pembeni 	0
/scratch/skscla001/experiments/datasets/swagen/audio/common_voice_sw_34812761.wav	tulisafiri na gari lao 	0
/scratch/skscla001/experiments/datasets/swagen/audio/common_voice_sw_32210586.wav	katika mazungumzo yetu tumeafikiana 	1
/scratch/skscla001/experiments/datasets/swagen/audio/common_voice_sw_29789483.wav	hii ni kutokana na ukweli wa kwamba 	0
/scratch/skscla001/experiments/datasets/swagen/audio/common_voice_sw_29939859.wav	mwenge wa uhuru umekuwa ukikimbizwa nchi nzima ukipita kwenye mitaa 	0
/scratch/skscla001/experiments/datasets/swagen/audio/common_voice_sw_30314726.wav	pia walimaanisha kwamba mtu huyo hupendwa na mungu 	0
/scratch/skscla001/experiments/datasets/swagen/audio/common_voice_sw_30256961.wav	maonyesho ya kubainisha fikira za kiuchumi mara nyingi hutumia michoro 	1
/scratch/skscla001/experiments/datasets/swagen/audio/common_voice_sw_30653757.wav	mchanga huo husafirishwa na upepo bila kuacha mabaki nyuma 	0
/scratch/skscla001/experiments/datasets/swagen/audio/common_voice_sw_31321475.wav	viungo wanne na washambuliaji wawili 	1
/scratch/skscla001/experiments/datasets/swagen/audio/common_voice_sw_30377533.wav	passarella alitajwa miongoni mwa wachezaji bora wa michuano 	0
/scratch/skscla001/experiments/datasets/swagen/audio/common_voice_sw_28691214.wav	watu wenye pesa wameanza kujenga nyumba hapa pia 	1
/scratch/skscla001/experiments/datasets/swagen/audio/common_voice_sw_37084057.wav	dopamineji ambayo hujibia glutamati seli hizi 	0
/scratch/skscla001/experiments/datasets/swagen/audio/common_voice_sw_30354766.wav	mchango wake wa kihistoria katika mapambano ya kusaka uhuru wa taifa 	0
/scratch/skscla001/experiments/datasets/swagen/audio/common_voice_sw_30579097.wav	bila kusahau halmashauri ya wilaya ya kilosa na halmashauri ya wilaya ya ulanga 	1
/scratch/skscla001/experiments/datasets/swagen/audio/common_voice_sw_28660697.wav	hivyo mzizi wa asili ni mzizi ambao hutokana na kitenzi halisi 	1
/scratch/skscla001/experiments/datasets/swagen/audio/common_voice_sw_30527291.wav	dunia ilimshuhudia mbambe mwingine wa kisiasa kivita na kiuchumi aliyeitwa fidel castro 	0
/scratch/skscla001/experiments/datasets/swagen/audio/common_voice_sw_29791839.wav	madaraka mikononi mwa wazalendo walioshika hatamu katika dola 	0
/scratch/skscla001/experiments/datasets/swagen/audio/common_voice_sw_35103616.wav	ingia mkataba na kampuni ya universal records 	0
/scratch/skscla001/experiments/datasets/swagen/audio/common_voice_sw_29256361.wav	dalili zake ni pamoja na ngozi kubadilika rangi kuwa nyekundu na pia kuvimba 	0
/scratch/skscla001/experiments/datasets/swagen/audio/common_voice_sw_29945596.wav	hakuwa na mamlaka juu ya mkuu mpya wa jeshi emil von zelewski 	1
/scratch/skscla001/experiments/datasets/swagen/audio/common_voice_sw_30563449.wav	wanajeshi wa uganda walisonga mbele kwa tahadhari 	0
/scratch/skscla001/experiments/datasets/swagen/audio/common_voice_sw_31326462.wav	adolf hitler alipata zawadi ya mkimbiaji bora 	1
/scratch/skscla001/experiments/datasets/swagen/audio/common_voice_sw_36350015.wav	ama umoja wa wachezaji wa kimataifa 	1
/scratch/skscla001/experiments/datasets/swagen/audio/common_voice_sw_29727469.wav	beseni yake ina umbo kama s 	0
/scratch/skscla001/experiments/datasets/swagen/audio/common_voice_sw_30583030.wav	hakika wapare ni mfano wa kuigwa hapa nchini 	1
/scratch/skscla001/experiments/datasets/swagen/audio/common_voice_sw_30470862.wav	messi ameenda kwa ufaransa kwa uhamisho huru 	1
/scratch/skscla001/experiments/datasets/swagen/audio/common_voice_sw_30201437.wav	mgogoro ulipozidi kukua mashambulizi yakahama sasa 	1
/scratch/skscla001/experiments/datasets/swagen/audio/common_voice_sw_28583382.wav	maana ya jumamosi jumapili nakadhalika 	0
/scratch/skscla001/experiments/datasets/swagen/audio/common_voice_sw_31356166.wav	ukeketaji ni haramu nchini kenya na tanzania na huleta ukosoaji 	1
/scratch/skscla001/experiments/datasets/swagen/audio/common_voice_sw_30056689.wav	chadema ni chama kilicho imara sana nchini tanzania 	0
/scratch/skscla001/experiments/datasets/swagen/audio/common_voice_sw_35437885.wav	kukatokea na mashambulizi ya mwi kabla 	0
/scratch/skscla001/experiments/datasets/swagen/audio/common_voice_sw_29796840.wav	sheria inayatambua majengo yote yaliyojengwa kabla ya uhuru 	1
/scratch/skscla001/experiments/datasets/swagen/audio/common_voice_sw_35108006.wav	kuweza kumaliza mtafaruku uliojitokeza 	1
/scratch/skscla001/experiments/datasets/swagen/audio/common_voice_sw_28815559.wav	iko katika kusini mashariki ya marekani bara 	1
/scratch/skscla001/experiments/datasets/swagen/audio/common_voice_sw_30640474.wav	maeneo yanayolizunguka ziwa tanganyika waliweza kukaa 	0
/scratch/skscla001/experiments/datasets/swagen/audio/common_voice_sw_34924536.wav	na mchango wa watangazaji na madj kama taji liundi na dj john dilinga 	0
/scratch/skscla001/experiments/datasets/swagen/audio/common_voice_sw_31270308.wav	aliyewaongoza wajerumani hans meyer na ludwig purtscheller 	0
/scratch/skscla001/experiments/datasets/swagen/audio/common_voice_sw_36386334.wav	bairu walikuwa na koo kama mia moja thelathini 	1
/scratch/skscla001/experiments/datasets/swagen/audio/common_voice_sw_30343013.wav	kambale wenye futi nne zaidi wanapatikana katika mto naili 	1
/scratch/skscla001/experiments/datasets/swagen/audio/common_voice_sw_28673091.wav	leo uzalishaji ni mkubwa hasa hispania halafu italia ugiriki uturuki nakadhalika 	1
/scratch/skscla001/experiments/datasets/swagen/audio/common_voice_sw_30354197.wav	maalim self alizikwa tarehe kumi na nane mwezi wa pili 	0
/scratch/skscla001/experiments/datasets/swagen/audio/common_voice_sw_29615110.wav	watu wana mang amuzi tofauti juu ya mwelekeo wao wa kimapenzi 	0
/scratch/skscla001/experiments/datasets/swagen/audio/common_voice_sw_30552264.wav	vivutio vya asili ni pamoja na uoto wa asili mfano mikoko 	0
/scratch/skscla001/experiments/datasets/swagen/audio/common_voice_sw_30573583.wav	ndege wa kuvutia wanalipamba ziwa hilo wakiruka huku na kule 	0
/scratch/skscla001/experiments/datasets/swagen/audio/common_voice_sw_30209681.wav	je mtapiga kambi na katika kupiga kambi ni lazima mbebe mahema yenu 	1
/scratch/skscla001/experiments/datasets/swagen/audio/common_voice_sw_29996208.wav	mchezo wake wa kwanza katika timu ya taifa ulimfanya messi kuwa mchezaji mdogo zaidi 	1
/scratch/skscla001/experiments/datasets/swagen/audio/common_voice_sw_30384717.wav	ambapo watu walianza kuambukizwa magonjwa ya zinaa kama vile kisonono na kaswende 	1
/scratch/skscla001/experiments/datasets/swagen/audio/common_voice_sw_30183075.wav	alizaliwa kijana mmoja kutoka kijiji cha makunda wilayani iramba 	0
/scratch/skscla001/experiments/datasets/swagen/audio/common_voice_sw_30419851.wav	yasiyopungua laki mbili na nusu kwa siku moja 	1
/scratch/skscla001/experiments/datasets/swagen/audio/common_voice_sw_37219872.wav	mmoja ama kwa ubinadamu kwa jumla hata hivyo 	0
/scratch/skscla001/experiments/datasets/swagen/audio/common_voice_sw_29794164.wav	kamwe hawana athari yoyote kwa binadamu 	0
/scratch/skscla001/experiments/datasets/swagen/audio/common_voice_sw_29791747.wav	serikaoli inatakiwa kuwaandaa watalii wa kesho 	0
/scratch/skscla001/experiments/datasets/swagen/audio/common_voice_sw_35110396.wav	idd mubarak lakini na wasikilizaji pia tungependa 	0
/scratch/skscla001/experiments/datasets/swagen/audio/common_voice_sw_30545674.wav	hawa ni maarufu kwa ufanyaji biashara hasa za madukani 	0
/scratch/skscla001/experiments/datasets/swagen/audio/common_voice_sw_30375701.wav	wakati huo italia ilifanya mapinduzi ya dikteta na mwitalia mussolini 	0
/scratch/skscla001/experiments/datasets/swagen/audio/common_voice_sw_30205368.wav	jeshi la uganda ndilo linafanya kazi ya kulinda amani nchini somalia 	0
/scratch/skscla001/experiments/datasets/swagen/audio/common_voice_sw_30053887.wav	wataalamu wasio wachache wanasema mwisho wa vita kuu ya kwanza 	0
/scratch/skscla001/experiments/datasets/swagen/audio/common_voice_sw_30653870.wav	sasa kule kaingia kufanya nini na zile pumba jamani 	0
/scratch/skscla001/experiments/datasets/swagen/audio/common_voice_sw_29792547.wav	jengo hili la ghorofa mbili lina urefu wa mita arobaini na mbili 	0
/scratch/skscla001/experiments/datasets/swagen/audio/common_voice_sw_30091463.wav	subiri siku ya kufanyiwa unyago ifike utajua umuhimu wake 	1
/scratch/skscla001/experiments/datasets/swagen/audio/common_voice_sw_29558813.wav	akiwa chuo alijiunga na kikundi cha uigizaji 	0
/scratch/skscla001/experiments/datasets/swagen/audio/common_voice_sw_29997368.wav	mchanga unaohama bila upepo huko ngorongoro 	1
/scratch/skscla001/experiments/datasets/swagen/audio/common_voice_sw_34598133.wav	kutoka pwani hadi pale msafara ulipolenga hata ziwa 	0
/scratch/skscla001/experiments/datasets/swagen/audio/common_voice_sw_35221881.wav	kama mwenyewe ambavyo anavyojiita niliendelea kutaka kujua mengi kutoka kwake 	0
/scratch/skscla001/experiments/datasets/swagen/audio/common_voice_sw_37090323.wav	vya asili badala ya kumwabudu mungu mungu akakasirika hata akauangamiza ulimwengu ule kwa maji 	1
/scratch/skscla001/experiments/datasets/swagen/audio/common_voice_sw_29988531.wav	katika dunia inayojikusanya kwa kiwango kikubwa na kuwa kijiji fikra hizi zimepitwa na wakati 	1
/scratch/skscla001/experiments/datasets/swagen/audio/common_voice_sw_29789287.wav	makundi hayo ni waluguru wanaoishi milimani 	0
/scratch/skscla001/experiments/datasets/swagen/audio/common_voice_sw_36251180.wav	wangekuwa wanaweza kuwa na uwezo wa kuwa na fedha wangekuwa 	0
/scratch/skscla001/experiments/datasets/swagen/audio/common_voice_sw_35183464.wav	lala ndani ya neti kuepuka ugonjwa ya malaria 	0
/scratch/skscla001/experiments/datasets/swagen/audio/common_voice_sw_29844223.wav	ugonjwa hu wa malaria unazuilika na unatibika 	1
/scratch/skscla001/experiments/datasets/swagen/audio/common_voice_sw_35132373.wav	hata ukipenda kweli huwezi jua sababu ni siri ya moyo wako 	1
/scratch/skscla001/experiments/datasets/swagen/audio/common_voice_sw_29795877.wav	mwalimu nyerere alikuwa mojawapo kati watoto ishirini na sita wa nyerere burito 	1
/scratch/skscla001/experiments/datasets/swagen/audio/common_voice_sw_35132532.wav	walienda baharini 	1
/scratch/skscla001/experiments/datasets/swagen/audio/common_voice_sw_34980696.wav	barack hussein obama wa pili 	0
/scratch/skscla001/experiments/datasets/swagen/audio/common_voice_sw_29940397.wav	kama urithi kwa taifa na kwa ajili ya biashara 	0
/scratch/skscla001/experiments/datasets/swagen/audio/common_voice_sw_35104406.wav	dawa mbalimbali zimetumika kwa kusudi hili kama vile bupropioni 	0
/scratch/skscla001/experiments/datasets/swagen/audio/common_voice_sw_36732180.wav	mwaka ishirini na sita ndugu yake yohane mbatizaji aliacha maisha ya jangwani alikokulia 	0
/scratch/skscla001/experiments/datasets/swagen/audio/common_voice_sw_30640488.wav	antoine grizman alitimiza kazi yake aliyotumwa 	0
/scratch/skscla001/experiments/datasets/swagen/audio/common_voice_sw_30363940.wav	kizazi cha sasa hakina uelewa mpana kuhusu historia 	0
/scratch/skscla001/experiments/datasets/swagen/audio/common_voice_sw_28662831.wav	mara nyingi hali hiyo husababishwa na ajali au kuzaliwa hivyo hivyo 	0
/scratch/skscla001/experiments/datasets/swagen/audio/common_voice_sw_30090980.wav	wewe humjuhi vizuri malatwe tuulize sisi tukupe habari 	1
/scratch/skscla001/experiments/datasets/swagen/audio/common_voice_sw_36389396.wav	naam imetimia saa mbili na dakika thelathini na tatu kwa saa za afrika mashariki 	1
/scratch/skscla001/experiments/datasets/swagen/audio/common_voice_sw_28714506.wav	shirika la ndege la uingereza linatokana na shirika hili 	0
/scratch/skscla001/experiments/datasets/swagen/audio/common_voice_sw_29995155.wav	lakini misitu ya acacia imebadilishwa na misitu yenye majani mapana 	1
/scratch/skscla001/experiments/datasets/swagen/audio/common_voice_sw_30007117.wav	mchezaji bora wa kombe la dunia alikuwa giasinto faccheff 	1
/scratch/skscla001/experiments/datasets/swagen/audio/common_voice_sw_30098929.wav	real madrid ndiyo iliyoitoa bayern munich 	1
/scratch/skscla001/experiments/datasets/swagen/audio/common_voice_sw_31446464.wav	lugha yao imeathirika zaidi na wakurya kutokana na kupakana nao 	0
/scratch/skscla001/experiments/datasets/swagen/audio/common_voice_sw_28825524.wav	huitwa mara nyingi mji wa milele 	1
/scratch/skscla001/experiments/datasets/swagen/audio/common_voice_sw_35183704.wav	tu baada ya kuanza kutumia dawa za kulevya vijana wengi huendelea 	0
/scratch/skscla001/experiments/datasets/swagen/audio/common_voice_sw_30342842.wav	mji wa bagamoyo upo pembezoni mwa bahari ya hindi kaskazini mwa bahari ya hindi 	1
/scratch/skscla001/experiments/datasets/swagen/audio/common_voice_sw_30635728.wav	mourinho ni kocha asiyekubali kushindwa kirahisi 	1
/scratch/skscla001/experiments/datasets/swagen/audio/common_voice_sw_29945759.wav	huku watu milioni moja nukta nane wakiambukizwa umpya mwaka elfu mbili kumi na saba 	1
/scratch/skscla001/experiments/datasets/swagen/audio/common_voice_sw_30317551.wav	ndani ya kisiwa cha chumbe kuna majengo ya msikiti yalijengwa karne ya ishirini 	1
/scratch/skscla001/experiments/datasets/swagen/audio/common_voice_sw_34750147.wav	wakati ambayo marais watano kutoka au 	1
/scratch/skscla001/experiments/datasets/swagen/audio/common_voice_sw_30220986.wav	karume alichangia kuazishwa kwa timu nyingi visiwani humo 	1
/scratch/skscla001/experiments/datasets/swagen/audio/common_voice_sw_30176710.wav	wamehamia huko kwa ajili ya kufata kilimo na malisho ya mifugo 	0
/scratch/skscla001/experiments/datasets/swagen/audio/common_voice_sw_28695279.wav	anaheshimiwa na kanisa katoliki kama mwenye heri bikira 	1
/scratch/skscla001/experiments/datasets/swagen/audio/common_voice_sw_35118951.wav	yule aliyejiuzulu na sasa hivi waziri mkuu mwengine yupi 	0
/scratch/skscla001/experiments/datasets/swagen/audio/common_voice_sw_36642133.wav	na eneo hilo la bugoye ispokuwa waha walifahamiana na wamanyema kutokana na ujio wa 	0
/scratch/skscla001/experiments/datasets/swagen/audio/common_voice_sw_35206867.wav	mtaalamu wa ufundi alishangaa ni daftari gani analolizungumzia jacob 	0
/scratch/skscla001/experiments/datasets/swagen/audio/common_voice_sw_34840188.wav	hali kadhalika wawakilishi kutoka nchi mbalimbali 	0
/scratch/skscla001/experiments/datasets/swagen/audio/common_voice_sw_35110344.wav	mzee anapenda chai ya mkanada 	0
/scratch/skscla001/experiments/datasets/swagen/audio/common_voice_sw_30122843.wav	kila mtu alijua bayern itashinda mechi hiyo 	1
/scratch/skscla001/experiments/datasets/swagen/audio/common_voice_sw_29923003.wav	anataka kuwafukuza wazungu kutoka katika bara la afrika 	0
/scratch/skscla001/experiments/datasets/swagen/audio/common_voice_sw_34979579.wav	watu wa zanzibar ni wa asili mbalimbali hasa watu wa asili ya afrika bantu 	0
/scratch/skscla001/experiments/datasets/swagen/audio/common_voice_sw_34906630.wav	ilikuwa nyumba ya chumba na sebule 	0
/scratch/skscla001/experiments/datasets/swagen/audio/common_voice_sw_30591022.wav	tumia maji tiririka wakati wa kunawa mikono 	0
/scratch/skscla001/experiments/datasets/swagen/audio/common_voice_sw_34979425.wav	si fukwe tu bali zanzibar kuna vivutio vingi vya asili 	0
/scratch/skscla001/experiments/datasets/swagen/audio/common_voice_sw_29791746.wav	kaskazini kwake ni msitu wa hifadhi ya kisere 	0
/scratch/skscla001/experiments/datasets/swagen/audio/common_voice_sw_30667233.wav	argentina waliishuhudia mataifa mengi yakifanikiwa kushinda mataji 	0
/scratch/skscla001/experiments/datasets/swagen/audio/common_voice_sw_37095028.wav	niko pekee yangu na sijijui 	1
/scratch/skscla001/experiments/datasets/swagen/audio/common_voice_sw_35156929.wav	madhumuni ya habari ya ummakupatikana kwa ufuatiliaji wa ubora wa 	0
/scratch/skscla001/experiments/datasets/swagen/audio/common_voice_sw_29949521.wav	miongoni mwa filamu ambazo amewahi kuigiza ni rangi ya zambarau 	0
/scratch/skscla001/experiments/datasets/swagen/audio/common_voice_sw_28689985.wav	amezaliwa na mama wa ghana na baba wa nigeria 	1
/scratch/skscla001/experiments/datasets/swagen/audio/common_voice_sw_35437612.wav	rais hussein mwinyi aliingia katika kinyanganyiro cha kugombea kiti cha urais wa zanzibar 	0
/scratch/skscla001/experiments/datasets/swagen/audio/common_voice_sw_35198801.wav	rais samia amesema kanisa hilo lina mchango mkubwa katika utoaji wa huduma za jamii 	0
/scratch/skscla001/experiments/datasets/swagen/audio/common_voice_sw_29502381.wav	kuambukizwa mwanzoni mwa ujauzito kunaweza kusababisha mtoto kuzaliwa na ugonjwa huu au kuharibika mimba 	1
/scratch/skscla001/experiments/datasets/swagen/audio/common_voice_sw_35108363.wav	aa hawapo basi afrika kusini watawa 	0
/scratch/skscla001/experiments/datasets/swagen/audio/common_voice_sw_28670530.wav	tatu kati ya hizo ni kwa kazi yake ya utayarishaji 	1
/scratch/skscla001/experiments/datasets/swagen/audio/common_voice_sw_30327474.wav	messi akishinda tuzo za shirikisho la kimataifa la mpira wa miguu ballons dor 	1
/scratch/skscla001/experiments/datasets/swagen/audio/common_voice_sw_36385110.wav	asante sana emanuel makundi nakushukuru 	1
/scratch/skscla001/experiments/datasets/swagen/audio/common_voice_sw_36367239.wav	kawaida mtaani kama sehemu ya kufikia jamii ya tanzania na kuleta mabadiliko mwanafalsafa imeanzisha 	1
/scratch/skscla001/experiments/datasets/swagen/audio/common_voice_sw_30181515.wav	anasema mafanikio ya kisiwa hicho yaliendelea hadi karne ya kumi na nne 	1
/scratch/skscla001/experiments/datasets/swagen/audio/common_voice_sw_29896063.wav	vilele vya juu ni mlima mtingire na mlima kimhandu 	1
/scratch/skscla001/experiments/datasets/swagen/audio/common_voice_sw_36037226.wav	kula kwa maharagwe ukitaka 	1
/scratch/skscla001/experiments/datasets/swagen/audio/common_voice_sw_36383743.wav	madawa ya kulevya baada ya kuwa yametumiwa na mtu yeyote hupunguza 	1
/scratch/skscla001/experiments/datasets/swagen/audio/common_voice_sw_30005188.wav	kuwa jumuiya hile ilikuwa chombo cha makabaila wakubwa 	0
/scratch/skscla001/experiments/datasets/swagen/audio/common_voice_sw_30351703.wav	kumtorosha inti wa kikurya ilikuwa ni kosa kubwa sana na unakuwa umekosea ukoo mzima 	0
/scratch/skscla001/experiments/datasets/swagen/audio/common_voice_sw_29608071.wav	kulikuwa na viti kwa ajili ya wazungu wahindi na waafrika 	1
/scratch/skscla001/experiments/datasets/swagen/audio/common_voice_sw_30515566.wav	wazazi wake wanatakiwa wawe hai na wenye kuheshimika 	1
/scratch/skscla001/experiments/datasets/swagen/audio/common_voice_sw_34391813.wav	kumi akigombea kwa chama cha mapinduzitarehe kumi na tisa mwezi wa kumi na 	1
/scratch/skscla001/experiments/datasets/swagen/audio/common_voice_sw_37218422.wav	zaidi kwa mtu binafsi upatikanaji wa kutegemeka haijabainika wazi iwapo 	0
/scratch/skscla001/experiments/datasets/swagen/audio/common_voice_sw_30326808.wav	kupoteza uzito kupita kiasi na kukonda kwa ujumla sio dalili tu 	0
/scratch/skscla001/experiments/datasets/swagen/audio/common_voice_sw_36039841.wav	karim mostafa benzema amezaliwa tarehe kumi na tisa mwezi wa kumi na mbili 	0
/scratch/skscla001/experiments/datasets/swagen/audio/common_voice_sw_37097965.wav	mango km makaa ya mawe au mafuta ya taa 	1
/scratch/skscla001/experiments/datasets/swagen/audio/common_voice_sw_29978475.wav	quran yatufahamisha kuwa ismail alikua mpole na mnyenyekevu kwa mola wake 	1
/scratch/skscla001/experiments/datasets/swagen/audio/common_voice_sw_30030572.wav	katika mashamba yao hulima mazao mengine kufuatana na msimu 	0
/scratch/skscla001/experiments/datasets/swagen/audio/common_voice_sw_29922624.wav	wakiwa kundi moja bali walikuja kwa mtindo wa koo 	0
/scratch/skscla001/experiments/datasets/swagen/audio/common_voice_sw_36642966.wav	hunyoa nywele wanapopita kifungu kimoja cha maisha hadi kingine bibiarusi pia atanyolewa kichwa chake 	0
/scratch/skscla001/experiments/datasets/swagen/audio/common_voice_sw_36308935.wav	kwenye mji wa yorktown ikalazimika kujisalimisha tangu 	1
/scratch/skscla001/experiments/datasets/swagen/audio/common_voice_sw_31285613.wav	mawaziri wakuu wawili kati ya watangulizi wake walihamia katika vyama vya upinzani 	0
/scratch/skscla001/experiments/datasets/swagen/audio/common_voice_sw_30176679.wav	ni ngumu kama sio haiwezekani kabisa 	0
/scratch/skscla001/experiments/datasets/swagen/audio/common_voice_sw_29478139.wav	baadaye aliunda kikundi chake na kurudi tanzania kwa muda mfupi 	0
/scratch/skscla001/experiments/datasets/swagen/audio/common_voice_sw_30221135.wav	hospitali zetu pia zinahitaji umeme wa uhakika 	0
/scratch/skscla001/experiments/datasets/swagen/audio/common_voice_sw_37229933.wav	watangazaji wawili redioni wanaweza kujadili mada nzuri 	1
/scratch/skscla001/experiments/datasets/swagen/audio/common_voice_sw_30650337.wav	shughuli za kufanya hifadhini saanane ni pamoja na kuangalia wanyama 	1
/scratch/skscla001/experiments/datasets/swagen/audio/common_voice_sw_28581557.wav	nchi iko kwenye sehemu nyembamba kabisa ya amerika ya kati 	1
/scratch/skscla001/experiments/datasets/swagen/audio/common_voice_sw_30624159.wav	jaji werema katibu mkuu wa wizara ya nishati na madini 	0
/scratch/skscla001/experiments/datasets/swagen/audio/common_voice_sw_36251321.wav	walilazimisha kila akida afahamu kiswahili barabara ili 	1
/scratch/skscla001/experiments/datasets/swagen/audio/common_voice_sw_35279592.wav	na sasa kumsikiliza katibu mkuu wa shirika la maendeleo la bendewa prince kihangi 	0
/scratch/skscla001/experiments/datasets/swagen/audio/common_voice_sw_37218067.wav	wengi hapa wapinga jimbo hili wanasema kwamba 	0
/scratch/skscla001/experiments/datasets/swagen/audio/common_voice_sw_29787552.wav	niliwahi kuamka mapema nikafanye mtihani wangu 	1
/scratch/skscla001/experiments/datasets/swagen/audio/common_voice_sw_36390635.wav	m asante sana zuhra mwera mchezaji wa zamani wa mchezo wa 	1
/scratch/skscla001/experiments/datasets/swagen/audio/common_voice_sw_30379924.wav	wapare wa kusini ambao ni wapare wa same 	1
/scratch/skscla001/experiments/datasets/swagen/audio/common_voice_sw_29925228.wav	hatuwezi kusema tuna usawa wa kijinsia wakati bado hatujaweza kuchaguliwa na watu 	0
/scratch/skscla001/experiments/datasets/swagen/audio/common_voice_sw_35214573.wav	yalivyopakana kwa mfano kivunjo kinafanana na kioldimoshi vile vile kisiha kinafanana sana na kimachame 	0
/scratch/skscla001/experiments/datasets/swagen/audio/common_voice_sw_37212056.wav	viongozi wa soka afrika mashariki na kati kuhakikisha kwamba wachezaji wanajua 	0
/scratch/skscla001/experiments/datasets/swagen/audio/common_voice_sw_29923495.wav	madai yasiyo na madai hata kidogo na huchanganyishwa mara nyingi na ajenda maalum 	0
/scratch/skscla001/experiments/datasets/swagen/audio/common_voice_sw_29981971.wav	mlima lool malasin elfu tatu mia sita ishirini na sita 	1
/scratch/skscla001/experiments/datasets/swagen/audio/common_voice_sw_28583821.wav	walianzisha pia kazi ya elimu 	0
/scratch/skscla001/experiments/datasets/swagen/audio/common_voice_sw_29655504.wav	jimbo uko la atlantiki na upande wa mashariki ya nchi 	0
/scratch/skscla001/experiments/datasets/swagen/audio/common_voice_sw_31370833.wav	mchanga huo hupita juu ya bahari atlantic hadi katika msitu wa amazon 	1
/scratch/skscla001/experiments/datasets/swagen/audio/common_voice_sw_29790618.wav	nyumba nyingine mbili za bwana karume zilikuwa gongoni na michenzani 	0
/scratch/skscla001/experiments/datasets/swagen/audio/common_voice_sw_29787714.wav	watalii wa hifadhi ya arusha wanavutiwa kupanda farasi kuzungaka ndani ya hifadhi 	1
/scratch/skscla001/experiments/datasets/swagen/audio/common_voice_sw_36389519.wav	yameingia katika siku ya nne hii leo 	1
/scratch/skscla001/experiments/datasets/swagen/audio/common_voice_sw_30631338.wav	watu wengi maarufu wanakuja kutembea tanzania 	1
/scratch/skscla001/experiments/datasets/swagen/audio/common_voice_sw_35442553.wav	za dopamini na serotonini ndani ya mfumo mzima wa sakiti ya uridhikaji 	0
/scratch/skscla001/experiments/datasets/swagen/audio/common_voice_sw_29672226.wav	kwa nyota za mbali zaidi ni vigumu zaidi kupata vipimo kamili 	1
/scratch/skscla001/experiments/datasets/swagen/audio/common_voice_sw_34906779.wav	minada hiyo hufanyika katika soko la mitaji 	0
/scratch/skscla001/experiments/datasets/swagen/audio/common_voice_sw_31441303.wav	kipato chake kikitokana na kazi ya utumishi wa ndani ambacho hakikutosha 	1
/scratch/skscla001/experiments/datasets/swagen/audio/common_voice_sw_30220815.wav	alisema maneno ambayo hakujua kama yataishi 	1
/scratch/skscla001/experiments/datasets/swagen/audio/common_voice_sw_36382163.wav	kutumia mawasiliano hayo yaliyokuwepo tayari watu wa mediteraneo 	1
/scratch/skscla001/experiments/datasets/swagen/audio/common_voice_sw_36644210.wav	ya kulevya iwe yale ya kiasili kama bangi au yale yatengenezwayo 	0
/scratch/skscla001/experiments/datasets/swagen/audio/common_voice_sw_29762596.wav	iko kando ya mto rhine 	1
/scratch/skscla001/experiments/datasets/swagen/audio/common_voice_sw_36299887.wav	kuna hisia za ushabiki za uchokozi wa watu 	1
/scratch/skscla001/experiments/datasets/swagen/audio/common_voice_sw_30658917.wav	kutoka hapa alishirikiana na obote katika hatua za kuimarisha utawala 	0
/scratch/skscla001/experiments/datasets/swagen/audio/common_voice_sw_28689058.wav	katika imani yao kuna miungu mingi kwenye ngazi mbalimbali ya enzi 	0
/scratch/skscla001/experiments/datasets/swagen/audio/common_voice_sw_30179978.wav	unga ulioshikamana unajulikana kama ugali na huliwa na maziwa 	1
/scratch/skscla001/experiments/datasets/swagen/audio/common_voice_sw_37091426.wav	walihakikisha kwamba wahehe hawataingilia katika sehemu walizolenga 	1
/scratch/skscla001/experiments/datasets/swagen/audio/common_voice_sw_30017348.wav	takriban watu milioni sitini walikufa kutokana na vita hivi 	1
/scratch/skscla001/experiments/datasets/swagen/audio/common_voice_sw_29926922.wav	cameroon waliibuka washindi wa kombe nchini morocco 	1
/scratch/skscla001/experiments/datasets/swagen/audio/common_voice_sw_29731032.wav	augustino wa hippo aliandika juu yake 	0
/scratch/skscla001/experiments/datasets/swagen/audio/common_voice_sw_31304446.wav	utamaduni wa kabila husika huku jando la asili 	1
/scratch/skscla001/experiments/datasets/swagen/audio/common_voice_sw_29488743.wav	pia ni kituo cha mpakani kwenye daraja la zambezi kwenda zimbabwe 	0
/scratch/skscla001/experiments/datasets/swagen/audio/common_voice_sw_32245048.wav	kana jenga nyuma yao 	1
/scratch/skscla001/experiments/datasets/swagen/audio/common_voice_sw_30657051.wav	kiatu cha dhahabu na kombe vilieenda mjini benus aires 	1
/scratch/skscla001/experiments/datasets/swagen/audio/common_voice_sw_31585112.wav	ni kwenye bonde la mto nile kaskazini mwa ziwa turkana 	0
/scratch/skscla001/experiments/datasets/swagen/audio/common_voice_sw_28663183.wav	kuna matoleo mengi tofauti ya hadithi 	1
/scratch/skscla001/experiments/datasets/swagen/audio/common_voice_sw_30182996.wav	kwa hiyo ni sehemu au sekta inayotoa mchango mkubwa kwa jamii 	1
/scratch/skscla001/experiments/datasets/swagen/audio/common_voice_sw_30351749.wav	masomo yao na wengine kupoteza ndoto zao za maisha 	0
/scratch/skscla001/experiments/datasets/swagen/audio/common_voice_sw_30380406.wav	sekta nyingine ambazo huchangia kwenye uchumi wa mkoa ni za mifugo na madini 	1
/scratch/skscla001/experiments/datasets/swagen/audio/common_voice_sw_30653544.wav	ajabu sasa hadi sasa matunda ambayo dunia imeyatumia ni matunda mia mbili tu 	0
/scratch/skscla001/experiments/datasets/swagen/audio/common_voice_sw_30092047.wav	kuna hatari kubwa ya kuishi wagonjwa korona 	1
/scratch/skscla001/experiments/datasets/swagen/audio/common_voice_sw_28950307.wav	ni lugha rasmi mojawapo ya nchi ya nigeria 	0
/scratch/skscla001/experiments/datasets/swagen/audio/common_voice_sw_30372349.wav	mpira umekua laini sana nyakati hizi 	0
/scratch/skscla001/experiments/datasets/swagen/audio/common_voice_sw_36106706.wav	ukabidhi jukumu la kulinda amani kwa vikosi vya kulinda amani ni la umoja huo 	0
/scratch/skscla001/experiments/datasets/swagen/audio/common_voice_sw_30122288.wav	mwalimu vincent kamoto ni mkuu wa shule hii ya udenye iliyoko wilayani songwe 	1
/scratch/skscla001/experiments/datasets/swagen/audio/common_voice_sw_30230301.wav	chimbuko la mji huu ambako sasa panajulikana kama eneo la magofu ya kaole 	0
/scratch/skscla001/experiments/datasets/swagen/audio/common_voice_sw_28877841.wav	kipindi hiki kilikuwa na athira kuu katika maisha ya mtaalamu 	1
/scratch/skscla001/experiments/datasets/swagen/audio/common_voice_sw_29963715.wav	nyumbu akikamatwa tu basi hutulia na kuliwa bila shida 	1
/scratch/skscla001/experiments/datasets/swagen/audio/common_voice_sw_35442270.wav	matatizo makuu ya binadamu ingawa wachache tu wameweza 	0
/scratch/skscla001/experiments/datasets/swagen/audio/common_voice_sw_29591148.wav	yerusalemu ina historia ndefu sana 	1
/scratch/skscla001/experiments/datasets/swagen/audio/common_voice_sw_30658988.wav	magufuli alipata elimu ya msingi katika shule ya msingi hukohuko chato 	0
/scratch/skscla001/experiments/datasets/swagen/audio/common_voice_sw_34597764.wav	alishindwa kufua dafu katika uchaguzi wa bunge 	0
/scratch/skscla001/experiments/datasets/swagen/audio/common_voice_sw_30653488.wav	kiwili ni msamiati mwingine wa kipare 	0
/scratch/skscla001/experiments/datasets/swagen/audio/common_voice_sw_35438716.wav	mlinzi huyo alikuwa ameketi akiwa ameegemea ukuta bunduki aina ya gobole ikiwa kifuani 	0
/scratch/skscla001/experiments/datasets/swagen/audio/common_voice_sw_37229823.wav	na kusema kwamba sio urembo wa asilia 	1
/scratch/skscla001/experiments/datasets/swagen/audio/common_voice_sw_30021359.wav	ziwa viktoria linapatikanankaskazini magharibi mwa tanzania 	1
/scratch/skscla001/experiments/datasets/swagen/audio/common_voice_sw_29922474.wav	baba wa taifa alitaka serikali ihamie dodoma kabla hajafariki 	0
/scratch/skscla001/experiments/datasets/swagen/audio/common_voice_sw_37088987.wav	abrahamu kama kielelezo cha imani na rafiki wa mungu 	1
/scratch/skscla001/experiments/datasets/swagen/audio/common_voice_sw_34823960.wav	watuhumiwa walifanya mauaji ya kimbari kwa makusudi 	0
/scratch/skscla001/experiments/datasets/swagen/audio/common_voice_sw_34597886.wav	ili kukabiliana na wakoloni wa kijerumani 	0
/scratch/skscla001/experiments/datasets/swagen/audio/common_voice_sw_37098371.wav	washindani wote 	1
/scratch/skscla001/experiments/datasets/swagen/audio/common_voice_sw_35104809.wav	kulikuwa na muungano wa vyama vingi chini ya uongozi wa rais mwai kibaki 	0
/scratch/skscla001/experiments/datasets/swagen/audio/common_voice_sw_28666338.wav	alifuata kanuni za utawa wa tatu wa mt 	0
/scratch/skscla001/experiments/datasets/swagen/audio/common_voice_sw_29960843.wav	taifa liliishi katika misingi ya ujamaa na kujitegemea 	1
/scratch/skscla001/experiments/datasets/swagen/audio/common_voice_sw_34995273.wav	abiria wengine walijirusha kwenye bahari ya atlantiki 	0
/scratch/skscla001/experiments/datasets/swagen/audio/common_voice_sw_37091760.wav	kaskazini yaliwahi kupiga utumwa marufuku lakini majimbo 	1
/scratch/skscla001/experiments/datasets/swagen/audio/common_voice_sw_29798027.wav	hakuna ushahidi wa moja kwa moja kwamba wakazi walikuwa wakoloni 	0
/scratch/skscla001/experiments/datasets/swagen/audio/common_voice_sw_35181795.wav	ili iweze kuvunja kutawakati wa giza kwenye asubuhi wa tarehre thelathini mwezi wa 	0
/scratch/skscla001/experiments/datasets/swagen/audio/common_voice_sw_29782228.wav	mambo ya kuzingatia katika ufahamu wa kusoma 	1
/scratch/skscla001/experiments/datasets/swagen/audio/common_voice_sw_30327568.wav	ni tishio kwa sarafu kama dola na euro 	0
/scratch/skscla001/experiments/datasets/swagen/audio/common_voice_sw_31808899.wav	utamaduni huo ulitumika katika kusherehekea matukio ya nyakati mbalimbali 	0
/scratch/skscla001/experiments/datasets/swagen/audio/common_voice_sw_35437815.wav	mtindo wa kikomunisti utawala wa kikomunisti uliendelea hadi mwishoni 	0
/scratch/skscla001/experiments/datasets/swagen/audio/common_voice_sw_34958882.wav	elagabalus hakuwa tu mtu wa kufuga paka 	0
/scratch/skscla001/experiments/datasets/swagen/audio/common_voice_sw_29590438.wav	hii hutokea katika mwezi wa tatu wa kipindi cha ujauzito 	1
/scratch/skscla001/experiments/datasets/swagen/audio/common_voice_sw_36385840.wav	utamaduni huo haukuweza kutibu magonjwa hayo 	1
/scratch/skscla001/experiments/datasets/swagen/audio/common_voice_sw_31270198.wav	misitu na mapori tengefu yametengwa kuhifadhi mazingira ya utalii 	0
/scratch/skscla001/experiments/datasets/swagen/audio/common_voice_sw_29945668.wav	mavazi na bangili za mikononi bila kusahau hereni za kuvaa masikioni 	1
/scratch/skscla001/experiments/datasets/swagen/audio/common_voice_sw_37092315.wav	katika mlo wake kijiji kikubwa na cha 	0
/scratch/skscla001/experiments/datasets/swagen/audio/common_voice_sw_29994676.wav	ziwa victoria limegawanyika katika nchi tatu tanzania kenya na uganda 	1
/scratch/skscla001/experiments/datasets/swagen/audio/common_voice_sw_30631065.wav	anasema zuhura ambaye ni mwanamke wa kwanza kutangaza kipindi cha televisheni 	1
/scratch/skscla001/experiments/datasets/swagen/audio/common_voice_sw_30036211.wav	baada ya kufanya vizuri mwaka elfu mbili na kumi na nane kombe la sportpesa 	0
/scratch/skscla001/experiments/datasets/swagen/audio/common_voice_sw_29904642.wav	ni heshima kubwa pindi mpiganaji anapochaguliwa 	1
/scratch/skscla001/experiments/datasets/swagen/audio/common_voice_sw_30046316.wav	watanzania tumempoteza kiongozi mpiganaji na mwenye uchungu na nchi yake 	0
/scratch/skscla001/experiments/datasets/swagen/audio/common_voice_sw_30019834.wav	jambo ambao liliamsha hisia za wengi kuhusu uchumi wa muda mfupi 	1
/scratch/skscla001/experiments/datasets/swagen/audio/common_voice_sw_36331501.wav	mizizi ya meno ambayo hufikiriwa kuwa na minyoo au ni meno ya karatasi au 	1
/scratch/skscla001/experiments/datasets/swagen/audio/common_voice_sw_34906864.wav	ya kupambana dhidi ya maambukizi ya ukimwi na unyanyapaji 	0
/scratch/skscla001/experiments/datasets/swagen/audio/common_voice_sw_28583654.wav	eneo la ziwa ni kavu sana na maji yake ni ya magadi 	0
/scratch/skscla001/experiments/datasets/swagen/audio/common_voice_sw_30182125.wav	hifadhi hiyo ilipingwa na wabunge kabla ya hayati magufuli kuiidhinisha 	1
/scratch/skscla001/experiments/datasets/swagen/audio/common_voice_sw_34917701.wav	kimsingi ni tofauti na njia ya sayansi ya 	0
/scratch/skscla001/experiments/datasets/swagen/audio/common_voice_sw_37084845.wav	kwa upande wa wasichana na mama wajawazito waliufanya kazi za ndani 	1
/scratch/skscla001/experiments/datasets/swagen/audio/common_voice_sw_28666522.wav	njia nyeupe inapita eneo lake 	0
/scratch/skscla001/experiments/datasets/swagen/audio/common_voice_sw_30653695.wav	alijiunga na chuo cha chuo cha jeshi la tanzania monduli 	0
/scratch/skscla001/experiments/datasets/swagen/audio/common_voice_sw_28689160.wav	hata hivyo kuna vituo vya afya na maabara ya watu binafsi pia 	0
/scratch/skscla001/experiments/datasets/swagen/audio/common_voice_sw_35105712.wav	sherehe hii sisi nasherehekea baada ya kukamilika baada ya kuisha kwa ile hajj 	0
/scratch/skscla001/experiments/datasets/swagen/audio/common_voice_sw_35104688.wav	kuzalisha madini ya urenia 	0
/scratch/skscla001/experiments/datasets/swagen/audio/common_voice_sw_30414526.wav	wilaya ya rolya na serengeti inaongezeka pia bunda na butiama 	0
/scratch/skscla001/experiments/datasets/swagen/audio/common_voice_sw_36299712.wav	hadi kufika calicutndani ya bara hindi 	1
/scratch/skscla001/experiments/datasets/swagen/audio/common_voice_sw_37099198.wav	kwamba hilo ni agizo la serikali ya rwanda kila 	0
/scratch/skscla001/experiments/datasets/swagen/audio/common_voice_sw_30582045.wav	zanzibar iliongeza nembo kwenye bendera yake ya zamani 	0
/scratch/skscla001/experiments/datasets/swagen/audio/common_voice_sw_29942721.wav	kwenye miaka ya elfu moja mia saba hamsini 	1
/scratch/skscla001/experiments/datasets/swagen/audio/common_voice_sw_30327257.wav	jamii nyingi za kipare zina utaratibu wa kushirikiana 	1
/scratch/skscla001/experiments/datasets/swagen/audio/common_voice_sw_30195869.wav	kwa jumla zilitembelewa na mabaharia kutoka nchi za mbali 	0
/scratch/skscla001/experiments/datasets/swagen/audio/common_voice_sw_28584764.wav	akiwa rais alifuata siasa ya kujitegemea kwa ufaransa 	0
/scratch/skscla001/experiments/datasets/swagen/audio/common_voice_sw_30331141.wav	amin alipandishwa cheo na waziri mkuu milton obote baada ya uasi 	0
/scratch/skscla001/experiments/datasets/swagen/audio/common_voice_sw_29935979.wav	wabantu walianza biashara na waarabu waliokuja afrika ya mashariki 	1
/scratch/skscla001/experiments/datasets/swagen/audio/common_voice_sw_30568025.wav	ukame huo huathiri sana mifugo ya jamii hiyo 	0
/scratch/skscla001/experiments/datasets/swagen/audio/common_voice_sw_36310858.wav	elimu na mafunzo katika uchumi bluu inapaswa kuratibiwa vizuri na vyema zaidi 	1
/scratch/skscla001/experiments/datasets/swagen/audio/common_voice_sw_35123965.wav	picha alizowapiga zinapendeza 	0
/scratch/skscla001/experiments/datasets/swagen/audio/common_voice_sw_31285536.wav	halmashauri hiyo ilionesha teknolojia za umwagiliaji kwa kutumia miundombinu 	0
/scratch/skscla001/experiments/datasets/swagen/audio/common_voice_sw_30025955.wav	nilikuwa na kikohozi kikali ambacho kimekuwa kikiendelea kuwa kibaya 	1
/scratch/skscla001/experiments/datasets/swagen/audio/common_voice_sw_30564070.wav	ziwa victoria lilikuwa linaitwa nyanza kwa upande wa tanzania 	0
/scratch/skscla001/experiments/datasets/swagen/audio/common_voice_sw_37093897.wav	imeahirishwa hadi alhamisi ijayo kutokana na moja wa mashahidi kushindwa kufika mahakamani 	0
/scratch/skscla001/experiments/datasets/swagen/audio/common_voice_sw_28670218.wav	huenda pia mtu akawa na shida za kufikiria 	1
/scratch/skscla001/experiments/datasets/swagen/audio/common_voice_sw_30025954.wav	timu zinazoingia fainali mara mbili mfululizo zipewe sifa 	1
/scratch/skscla001/experiments/datasets/swagen/audio/common_voice_sw_28661946.wav	kwenye maeneo jirani na syria wako pia waarabu 	1
/scratch/skscla001/experiments/datasets/swagen/audio/common_voice_sw_35104298.wav	waandishi wa habari wa misri walishiriki maandamano mwaka elfu mbili na kumi na sita 	0
/scratch/skscla001/experiments/datasets/swagen/audio/common_voice_sw_29924160.wav	unatakiwa kuamini kwamba wewe ni mrembo 	0
/scratch/skscla001/experiments/datasets/swagen/audio/common_voice_sw_36255278.wav	ambayo ilikuwa bilioni kumi na nne nukta mbili hata ukaongeza bajeti ya rwanda 	0
/scratch/skscla001/experiments/datasets/swagen/audio/common_voice_sw_35182024.wav	vigumu kwenda haja ndogo na hii pia umeleta utata thelathini na tisa ukeketaji ni 	0
/scratch/skscla001/experiments/datasets/swagen/audio/common_voice_sw_30381123.wav	orodha ya wachezaji bora ikamtaja karlheinze kuwa bora 	1
/scratch/skscla001/experiments/datasets/swagen/audio/common_voice_sw_35221855.wav	wana wa israel walipomkataa kristo na kumsulubisha walitia muhuri wa uasi wao dhidi 	0
/scratch/skscla001/experiments/datasets/swagen/audio/common_voice_sw_29895831.wav	ukija hapa unalipa shilingi mia nane za kiingilio pamoja na tozo gharama za usafiri 	1
/scratch/skscla001/experiments/datasets/swagen/audio/common_voice_sw_28673129.wav	mchakato wa mabadiliko haya upo katika hatua za mwisho kukamilika 	1
/scratch/skscla001/experiments/datasets/swagen/audio/common_voice_sw_36615580.wav	jeshi la updf lina uwezo wa kuingia pia kule dr congo kuwasaka hawa wa 	0
/scratch/skscla001/experiments/datasets/swagen/audio/common_voice_sw_29898189.wav	mwaka elfu moja mia tisa na arobaini na sita alitumwa kaskazini kwa kupigania wasomalia 	1
/scratch/skscla001/experiments/datasets/swagen/audio/common_voice_sw_30635645.wav	rais wa kwanza wa uganda milton obotte ni rafiki mkubwa wa nyerere 	1
/scratch/skscla001/experiments/datasets/swagen/audio/common_voice_sw_29818023.wav	dalili nyingine inayojitokeza baada ya kupata maambukizi ya virusi vya ukimwi 	0
/scratch/skscla001/experiments/datasets/swagen/audio/common_voice_sw_29762751.wav	katika ukristo simba wa yuda alikuwa yesu 	1
/scratch/skscla001/experiments/datasets/swagen/audio/common_voice_sw_31272045.wav	watalii wanaotembelea burigi chato hupata nafasi ya kutembelea ziwa hilo 	0
/scratch/skscla001/experiments/datasets/swagen/audio/common_voice_sw_35099222.wav	ya maumivu makali ya ghafla acute pain kwenye maumivu makali ya 	0
/scratch/skscla001/experiments/datasets/swagen/audio/common_voice_sw_30073459.wav	itakufanikishia wewe kusafiri toka ulipo hadi bondeni ngorongoro kwa bei nafuu 	0
/scratch/skscla001/experiments/datasets/swagen/audio/common_voice_sw_30434931.wav	kama hamtalala ndani ya hifadhi ni sehemu gani nyinginezo za huduma hiyo 	1
/scratch/skscla001/experiments/datasets/swagen/audio/common_voice_sw_31326729.wav	kuna mabadiliko katika matarajio ya urefu wa maisha 	1
/scratch/skscla001/experiments/datasets/swagen/audio/common_voice_sw_30677287.wav	tangu mwaka wa elfu mbili na mbili barabara ya lami 	1
/scratch/skscla001/experiments/datasets/swagen/audio/common_voice_sw_29902987.wav	alisajiliwa na klabu ya mpira wa miguu ya simba mwaka elfu mbili na kumi 	1
/scratch/skscla001/experiments/datasets/swagen/audio/common_voice_sw_36106128.wav	katika mwezi wa septemba msimu wa pukutisha huanza katika sehemu ya kaskazini mwa dunia na msimu wa chipukizi katika sehemu ya kusini 	0
/scratch/skscla001/experiments/datasets/swagen/audio/common_voice_sw_36389216.wav	ambayo ndio msingi mkuu wa uchumi wa buluu 	1
/scratch/skscla001/experiments/datasets/swagen/audio/common_voice_sw_37087176.wav	bi anita alisema hata yeye anashangaa maana hamna mtu aliemwambia juu ya safari yake 	1
/scratch/skscla001/experiments/datasets/swagen/audio/common_voice_sw_36375123.wav	hati inaweza kuwahusisha watazamaji na hadhira 	1
/scratch/skscla001/experiments/datasets/swagen/audio/common_voice_sw_36615356.wav	kuna upangaji mkakati wa pwani na bahari na usimamizi wa bahari 	0
/scratch/skscla001/experiments/datasets/swagen/audio/common_voice_sw_30201291.wav	ni miongoni mwa vilele vitano tanzania 	1
/scratch/skscla001/experiments/datasets/swagen/audio/common_voice_sw_28696148.wav	shabaha kuu ilikuwa kutetea kanisa chini ya papa 	1
/scratch/skscla001/experiments/datasets/swagen/audio/common_voice_sw_30582895.wav	katika safari yao walisafiri hadi kufika milima ya usambara 	1
/scratch/skscla001/experiments/datasets/swagen/audio/common_voice_sw_30370416.wav	yani mkuu hili chokoraa halina maana shuleni kwetu hata kidogo lione lilivyolinanuka 	0
/scratch/skscla001/experiments/datasets/swagen/audio/common_voice_sw_36319530.wav	sasa wanaamua kuonyesha sanaa yao 	1
/scratch/skscla001/experiments/datasets/swagen/audio/common_voice_sw_36040547.wav	majeshi ya baba yake hayatoshindwa 	1
/scratch/skscla001/experiments/datasets/swagen/audio/common_voice_sw_30123743.wav	na mengine mengi ikiwemo na shughuli za uchimbaji wa madini 	0
/scratch/skscla001/experiments/datasets/swagen/audio/common_voice_sw_35103479.wav	tunaweza sema kwamba kulingana na matamshi yake ni kwamba 	0
/scratch/skscla001/experiments/datasets/swagen/audio/common_voice_sw_29368612.wav	kundi la raila likawa kubwa zaidi 	0
/scratch/skscla001/experiments/datasets/swagen/audio/common_voice_sw_36319593.wav	david zacharia kafulila anakuwa mkuu mpya wa mkoa wa arusha 	1
/scratch/skscla001/experiments/datasets/swagen/audio/common_voice_sw_36251216.wav	wanigeria wengi kuwa magaidi walianza kutwaa mamlaka juu ya 	0
/scratch/skscla001/experiments/datasets/swagen/audio/common_voice_sw_29995584.wav	huwezi kuwataja wapigania uhuru wa bara la afrika 	1
/scratch/skscla001/experiments/datasets/swagen/audio/common_voice_sw_29788108.wav	kila nchi duniani inakuwa na vivutio vyake vya utaliii 	0
/scratch/skscla001/experiments/datasets/swagen/audio/common_voice_sw_35105452.wav	tangu vita vya wenyewe kwa wenyewe nchini humo miaka kumi na nne iliyopita takriban 	0
/scratch/skscla001/experiments/datasets/swagen/audio/common_voice_sw_30363524.wav	hakuna aliyeamini kuwa pep ataondoka barcelona 	0
/scratch/skscla001/experiments/datasets/swagen/audio/common_voice_sw_29899230.wav	ilionekana ya kwamba nchi za mashariki zilibaki nyuma sana 	1
/scratch/skscla001/experiments/datasets/swagen/audio/common_voice_sw_30634525.wav	anarudia ulinganifu kati ya makundi ya wakaazi mbalimbali 	1
/scratch/skscla001/experiments/datasets/swagen/audio/common_voice_sw_31409526.wav	mtoto atakuwa akitambulishwa kwa kutumia jina la embolet 	1
/scratch/skscla001/experiments/datasets/swagen/audio/common_voice_sw_34890775.wav	spishi za palsmodium zinazoambukiza binadamu ni falciparum 	1
/scratch/skscla001/experiments/datasets/swagen/audio/common_voice_sw_34979740.wav	makubwa sana na maambukizo ya ukimwi kwanza kabisa ni kutokana 	0
/scratch/skscla001/experiments/datasets/swagen/audio/common_voice_sw_28689001.wav	takriban spishi zote hupatikana ardhini 	0
/scratch/skscla001/experiments/datasets/swagen/audio/common_voice_sw_29262321.wav	minus huwatega kwenye ngome 	1
/scratch/skscla001/experiments/datasets/swagen/audio/common_voice_sw_35425630.wav	redio ya taifa ilianzishwa mwaka elfu moja mia tisa sabini 	0
/scratch/skscla001/experiments/datasets/swagen/audio/common_voice_sw_35183363.wav	ni wewe wa kuokoa 	0
/scratch/skscla001/experiments/datasets/swagen/audio/common_voice_sw_34745870.wav	wawindaji wote waliotafuta watumwa walikuwa wakiwaepuka wamasai 	0
/scratch/skscla001/experiments/datasets/swagen/audio/common_voice_sw_30568070.wav	lugha yao rasmi ni kimachinga inasadikika 	0
/scratch/skscla001/experiments/datasets/swagen/audio/common_voice_sw_34924486.wav	barghash wa zanzibar kwenye mwaka elfu moja mia nane sabini alipeleka wanamuziki wake 	0
/scratch/skscla001/experiments/datasets/swagen/audio/common_voice_sw_29793091.wav	wamasai wadogo wakiwa na vilemba na michoro 	0
/scratch/skscla001/experiments/datasets/swagen/audio/common_voice_sw_30180867.wav	tembo na nyani pia wapo chui bila kusahau pundamilia na wanyama wengine wanaokula majani 	1
/scratch/skscla001/experiments/datasets/swagen/audio/common_voice_sw_29176961.wav	maria wa mt 	0
/scratch/skscla001/experiments/datasets/swagen/audio/common_voice_sw_37214960.wav	carols ancellot ambaye anakiongoza 	0
/scratch/skscla001/experiments/datasets/swagen/audio/common_voice_sw_37230033.wav	unaweza jehovah rapha 	1
/scratch/skscla001/experiments/datasets/swagen/audio/common_voice_sw_30058552.wav	hata hivyo wapo baadhi ya wapare ambao mpaka leo wanaiweza mvua 	0
/scratch/skscla001/experiments/datasets/swagen/audio/common_voice_sw_30638502.wav	vivutio vingi huwa havipishani sana kwenye viingilio 	1
/scratch/skscla001/experiments/datasets/swagen/audio/common_voice_sw_30577693.wav	zipo nadharia kadha wa kadha zinazoeleza asili ya wagweno 	1
/scratch/skscla001/experiments/datasets/swagen/audio/common_voice_sw_30183203.wav	bunge limeidhinisha shilingi bilioni mia moja kumi na tano nukta saba tisa nne 	1
/scratch/skscla001/experiments/datasets/swagen/audio/common_voice_sw_30327995.wav	kupunga upepo lakini hata kuogelea vivutio vya utamaduni 	0
/scratch/skscla001/experiments/datasets/swagen/audio/common_voice_sw_29787838.wav	vile vile nyangumi bluu anaweza kufikia uzito wa tani mia mbili 	1
/scratch/skscla001/experiments/datasets/swagen/audio/common_voice_sw_30147033.wav	ronaldo alitwaa kiatu cha dhahabu cha ulaya alipokuwa real madrid 	1
/scratch/skscla001/experiments/datasets/swagen/audio/common_voice_sw_31791996.wav	pamoja na ile bandari ya mtwara kusini mwa nchi 	0
/scratch/skscla001/experiments/datasets/swagen/audio/common_voice_sw_31304496.wav	taifa la liberia liliwahi kutoa mwanasoka bora wa dunia 	1
/scratch/skscla001/experiments/datasets/swagen/audio/common_voice_sw_35155473.wav	tapita humo kwa damu 	0
/scratch/skscla001/experiments/datasets/swagen/audio/common_voice_sw_30195751.wav	wanyambwa ni kundi linaloonekana wazi kwenye kabila hili ambao huongea lafudhi ya kinyambwa 	0
/scratch/skscla001/experiments/datasets/swagen/audio/common_voice_sw_30108392.wav	ikitokea nyumbu amezaa na simba anamkimbiza atakimbia hata hatakumbuka mtoto 	0
/scratch/skscla001/experiments/datasets/swagen/audio/common_voice_sw_34764321.wav	nakumbuka nilipovunjika jinsi ulivyoniinua 	1
/scratch/skscla001/experiments/datasets/swagen/audio/common_voice_sw_29638765.wav	ofisi hufanya kazi yake chini ya kamati ya kimataifa ya vipimo 	1
/scratch/skscla001/experiments/datasets/swagen/audio/common_voice_sw_34597365.wav	usafi wa mazingira hutumiwa kama kiashiria kwa lengo la kuelezea malengo ya milenia 	0
/scratch/skscla001/experiments/datasets/swagen/audio/common_voice_sw_30074699.wav	ipo bahari ya hindi ambayo ni njia kuu ya usafirishaji wa mizigo 	0
/scratch/skscla001/experiments/datasets/swagen/audio/common_voice_sw_30653678.wav	safari yake ya uanamitindo imejawa na changamoto nyingi sana 	0
/scratch/skscla001/experiments/datasets/swagen/audio/common_voice_sw_30148780.wav	akiwa na idadi ya mabao thelathini na sita katika michezo thelathini ya kadet a 	1
/scratch/skscla001/experiments/datasets/swagen/audio/common_voice_sw_32210868.wav	wanafunzi wamemaliza mtihani 	1
/scratch/skscla001/experiments/datasets/swagen/audio/common_voice_sw_37226165.wav	uchaguzi ulirudiwa tena mwaka elfu mbili na kumi na sita 	1
/scratch/skscla001/experiments/datasets/swagen/audio/common_voice_sw_30008645.wav	wala hakuwahi kumruhusu mwandishi yeyote kuandika habari ya maisha yake 	1
/scratch/skscla001/experiments/datasets/swagen/audio/common_voice_sw_30653869.wav	yapo makampuni makubwa ya kimataifa yenye uwezo wa mitaji 	0
/scratch/skscla001/experiments/datasets/swagen/audio/common_voice_sw_35157514.wav	hilo linafanana na upendo ambao katika ukristo ndio adili kuu kuliko 	0
/scratch/skscla001/experiments/datasets/swagen/audio/common_voice_sw_34763269.wav	mwalimu mzuri 	1
/scratch/skscla001/experiments/datasets/swagen/audio/common_voice_sw_30385720.wav	ukitembelea fukwe nyingi za bahari ya hindi utaona ni jisi gani 	1
/scratch/skscla001/experiments/datasets/swagen/audio/common_voice_sw_30008054.wav	alikataliwa kwa vile alikuwa na umri mdogo wa miaka kumi na nne 	1
/scratch/skscla001/experiments/datasets/swagen/audio/common_voice_sw_30006845.wav	pia uingereza iliamua kutafuta utawala wa visiwa 	1
/scratch/skscla001/experiments/datasets/swagen/audio/common_voice_sw_28691415.wav	kutambua jadi ya spishi za maji baridi ilikuwa tatizo 	1
/scratch/skscla001/experiments/datasets/swagen/audio/common_voice_sw_30056265.wav	malatwe aliwasili shuleni akiwa kachelewa na kuwakuta wanafunzi wenzake wakiwa darasani 	0
/scratch/skscla001/experiments/datasets/swagen/audio/common_voice_sw_30327358.wav	mkenya victor wanyama alifunga bao la ushindi 	0
/scratch/skscla001/experiments/datasets/swagen/audio/common_voice_sw_36945652.wav	bila hivyo 	1
/scratch/skscla001/experiments/datasets/swagen/audio/common_voice_sw_30087732.wav	akiwa na ambwene yesaya katika wimbo wa mfalme na malkia na amani 	0
/scratch/skscla001/experiments/datasets/swagen/audio/common_voice_sw_35105124.wav	ni tamasha kubwa zaidi duniani linalohusisha mziki wa kiafrika 	0
/scratch/skscla001/experiments/datasets/swagen/audio/common_voice_sw_29790136.wav	nyamageni iliyotokea aprili ishirini na nane mwaka elfu mbili na sita 	0
/scratch/skscla001/experiments/datasets/swagen/audio/common_voice_sw_29938778.wav	mara nyingi watu walimwita mwalimu nyerere 	1
/scratch/skscla001/experiments/datasets/swagen/audio/common_voice_sw_30364561.wav	milima tisa kati ya kumi mirefu zaidi nchini ipo katika mikoa miwili tu 	0
/scratch/skscla001/experiments/datasets/swagen/audio/common_voice_sw_29892689.wav	bodi ya biashara ya nje pia ilipewa dhamana ya kukuza ushirikiano wa biashara kimataifa 	1
/scratch/skscla001/experiments/datasets/swagen/audio/common_voice_sw_31787696.wav	kushiriki katika biashara ya siri ya pembe za ndovu kutoka kongo 	0
/scratch/skscla001/experiments/datasets/swagen/audio/common_voice_sw_37221393.wav	amesema hata yeye alinyimwa ruhusa ya kuwaona 	1
/scratch/skscla001/experiments/datasets/swagen/audio/common_voice_sw_30216176.wav	biashara ya mafuta ni biashara yenye thamani kubwa duniani kote 	1
/scratch/skscla001/experiments/datasets/swagen/audio/common_voice_sw_28670171.wav	pia kuna wasemaji wa kizhuang yang nchini vietnam lakini idadi yao haijulikani 	1
/scratch/skscla001/experiments/datasets/swagen/audio/common_voice_sw_34833305.wav	tunafaa kuchunga maeneo yetu 	0
/scratch/skscla001/experiments/datasets/swagen/audio/common_voice_sw_30070694.wav	bidhaa zinazosafirishwa kwa wingi katika bahari hii ni 	0
/scratch/skscla001/experiments/datasets/swagen/audio/common_voice_sw_28733375.wav	alipata tiba na kupona kwa asilimia mia moja 	0
/scratch/skscla001/experiments/datasets/swagen/audio/common_voice_sw_29791137.wav	binadamu wa kwanza kuishi huko huaminiwa kuwa wawindaji 	0
/scratch/skscla001/experiments/datasets/swagen/audio/common_voice_sw_35683131.wav	katika msitu huo lakini cha kushangaza makabila hamsini 	1
/scratch/skscla001/experiments/datasets/swagen/audio/common_voice_sw_30629509.wav	uliofuata ni mkataba wa sant germain na austria uliosainiwa tarehe kumi 	1
/scratch/skscla001/experiments/datasets/swagen/audio/common_voice_sw_29793878.wav	bandari ya beila na maputo katka taifa la msumbiji 	0
/scratch/skscla001/experiments/datasets/swagen/audio/common_voice_sw_29963203.wav	hilo refu na kuwapiga risasi watu takribani watano 	1
/scratch/skscla001/experiments/datasets/swagen/audio/common_voice_sw_30563424.wav	aliendeleza vizuri mambo ya ujamaa na kujitegemea 	0
/scratch/skscla001/experiments/datasets/swagen/audio/common_voice_sw_37087619.wav	wa kwanza kumtuhumu chameleone kutumia nguvu za giza ni mkali wa muziki wa raga 	0
/scratch/skscla001/experiments/datasets/swagen/audio/common_voice_sw_30202192.wav	hasa anapokula na kucheza na mtoto wake wa kipekee zaidi 	0
/scratch/skscla001/experiments/datasets/swagen/audio/common_voice_sw_36390353.wav	na kuteketeza nyumba hamsini tisa kwa siku ya pili sasa 	1
/scratch/skscla001/experiments/datasets/swagen/audio/common_voice_sw_29798311.wav	kocha wa taifa wa brazil aliiongoza kushinda ubingwa 	0
/scratch/skscla001/experiments/datasets/swagen/audio/common_voice_sw_29996953.wav	kuna ulazima wa kuwepo mawasiliano kuweza kufahamu kama huduma hiyo ipo au haipo 	1
/scratch/skscla001/experiments/datasets/swagen/audio/common_voice_sw_29793540.wav	mwaka elfu moja mia tisa themanini na saba 	0
/scratch/skscla001/experiments/datasets/swagen/audio/common_voice_sw_30574770.wav	pia utazidi kuonekana kuwa mrembo zaidi 	0
/scratch/skscla001/experiments/datasets/swagen/audio/common_voice_sw_30182789.wav	hapo wageni hao walikariri kuwa waha kwa kuchukua neno ha 	1
/scratch/skscla001/experiments/datasets/swagen/audio/common_voice_sw_36382311.wav	nauliza maswali mengi sana 	1
/scratch/skscla001/experiments/datasets/swagen/audio/common_voice_sw_30044936.wav	chama cha wapigania uhuru wa afrika kusini 	1
/scratch/skscla001/experiments/datasets/swagen/audio/common_voice_sw_31326737.wav	mara nyingi wanatumia bandari ya kigoma ndani ya ziwa tanganyika 	1
/scratch/skscla001/experiments/datasets/swagen/audio/common_voice_sw_37099006.wav	nafasi za juu au hata ikiwezekana nafasi moja kati ya zile mbili 	1
/scratch/skscla001/experiments/datasets/swagen/audio/common_voice_sw_30180215.wav	hivyo kondomu huwa haifuniki sehemu yote ya siri ambayo hukutana wakati wa kufanya ngono 	1
/scratch/skscla001/experiments/datasets/swagen/audio/common_voice_sw_31304405.wav	wasanii wengi walitumia warsha hizi na kuanzisha blogi zao na kuandika makala 	1
/scratch/skscla001/experiments/datasets/swagen/audio/common_voice_sw_29895773.wav	ukuaji wa uchumi haukuonekana moja kwa moja 	1
/scratch/skscla001/experiments/datasets/swagen/audio/common_voice_sw_28695895.wav	upande wa ulinzi kuna kituo kimoja kidogo cha polisi 	1
/scratch/skscla001/experiments/datasets/swagen/audio/common_voice_sw_35183952.wav	baada ya kumaliza kinywaji jacob alisimama na kuangalia picha za ofisini kwa bi anita 	0
/scratch/skscla001/experiments/datasets/swagen/audio/common_voice_sw_37095984.wav	biashara upande wa dini wananchi karibu wote ni waislamu hasa 	1
/scratch/skscla001/experiments/datasets/swagen/audio/common_voice_sw_28980701.wav	mji uko kando ya bahari ya mediteranea 	1
/scratch/skscla001/experiments/datasets/swagen/audio/common_voice_sw_36386219.wav	sitashangaa kwamba eeh mataifa haya ya magharibi 	1
/scratch/skscla001/experiments/datasets/swagen/audio/common_voice_sw_29685388.wav	haina matumizi nje ya utafiti wa kisayansi kutokana maisha mafupi na uhaba 	0
/scratch/skscla001/experiments/datasets/swagen/audio/common_voice_sw_30332061.wav	malengo mengineyo yalikuwa ni katika kulinda maslahi ya jamii ya kabila la wamaasai 	0
/scratch/skscla001/experiments/datasets/swagen/audio/common_voice_sw_30316813.wav	maziwa ni tofautiana na uji ambao 	0
/scratch/skscla001/experiments/datasets/swagen/audio/common_voice_sw_35587972.wav	mama mkwe ni yule 	0
/scratch/skscla001/experiments/datasets/swagen/audio/common_voice_sw_29794566.wav	kuendelea kupunguza tozo na kodi mbalimbali 	0
/scratch/skscla001/experiments/datasets/swagen/audio/common_voice_sw_28662855.wav	mbali na kuigiza yeye pia ni mtayarishaji mwanamitindo na mtu wa runinga 	0
/scratch/skscla001/experiments/datasets/swagen/audio/common_voice_sw_29898232.wav	baada ya kifo cha mraisi magufuli 	1
/scratch/skscla001/experiments/datasets/swagen/audio/common_voice_sw_29937905.wav	alitaka kuidhoofisha nchi kwa kutaka muungano ufanyiwe marekebisho 	1
/scratch/skscla001/experiments/datasets/swagen/audio/common_voice_sw_30376447.wav	huyu ni msanii maarufu wa muziki wa injili katika lugha ya swahili 	0
/scratch/skscla001/experiments/datasets/swagen/audio/common_voice_sw_30053595.wav	virusi hivi vinafana na vile vinavyoleta mafua ya kawaida 	0
/scratch/skscla001/experiments/datasets/swagen/audio/common_voice_sw_30159506.wav	majira ya joto pep guardiola akatimka bayern munich 	0
/scratch/skscla001/experiments/datasets/swagen/audio/common_voice_sw_29790106.wav	kijiografia inaendelea ndani ya kenya inapoitwa hifadhi ya masai mara 	0
/scratch/skscla001/experiments/datasets/swagen/audio/common_voice_sw_34906817.wav	jumapili hii ya leo nashirikiana na mwezangu emanuel makundi 	0
/scratch/skscla001/experiments/datasets/swagen/audio/common_voice_sw_31326720.wav	baadae alidai mwenyewe kuwa alilazimishwa kuingia jeshini 	1
/scratch/skscla001/experiments/datasets/swagen/audio/common_voice_sw_37086867.wav	anaotuhumiwa kuufanya zilikuwa ni propaganda za kumchafua huku watu wengi wakiendelea kuamini kuwa idi 	0
/scratch/skscla001/experiments/datasets/swagen/audio/common_voice_sw_29182621.wav	mwaka uliofuata aliigiza kama mwanafunzi djamila kwenye reviravolta 	1
/scratch/skscla001/experiments/datasets/swagen/audio/common_voice_sw_35156112.wav	ninayopata ndiyo ninayoitumia kusafiri na gharama nyingine si tajiri lakini naishi kujisikia vizuri alisema 	0
/scratch/skscla001/experiments/datasets/swagen/audio/common_voice_sw_29927038.wav	damu kupipitia mabomba ya sindano sindano au vitu vyenye ncha kali 	1
/scratch/skscla001/experiments/datasets/swagen/audio/common_voice_sw_35183786.wav	ulaya kabla ya mwaka elfumoja mianane themanini 	0
/scratch/skscla001/experiments/datasets/swagen/audio/common_voice_sw_31812464.wav	aliwazaa watoto kama vile magidangana mhalwike pia mupoma 	0
/scratch/skscla001/experiments/datasets/swagen/audio/common_voice_sw_30591025.wav	kuongezeka biashara ya bidhaa huduma na mtaji baina ya nchi ni athari kuu 	0
/scratch/skscla001/experiments/datasets/swagen/audio/common_voice_sw_30653560.wav	serengeti ilitumika kama jukwaa kutengeneza filamu ya disney 	0
/scratch/skscla001/experiments/datasets/swagen/audio/common_voice_sw_29957459.wav	karol aliomba asome upadri kwa ajili ya kumtumikia mungu 	1
/scratch/skscla001/experiments/datasets/swagen/audio/common_voice_sw_29956171.wav	wakati wastani wa wenzi wa kimapenzi 	1
/scratch/skscla001/experiments/datasets/swagen/audio/common_voice_sw_28811702.wav	hata hivyo mbinu hii ina matatizo mengi na mafanikio yako mbali mno 	1
/scratch/skscla001/experiments/datasets/swagen/audio/common_voice_sw_31389509.wav	wanaopatikana ndani yake na kati yao ni simba na nyumbu 	1
/scratch/skscla001/experiments/datasets/swagen/audio/common_voice_sw_29696886.wav	na timu ya taifa ya kroatia 	1
/scratch/skscla001/experiments/datasets/swagen/audio/common_voice_sw_29622770.wav	hasa alichunguza mfumo wa protini mbalimbali 	0
/scratch/skscla001/experiments/datasets/swagen/audio/common_voice_sw_37216258.wav	amefikisha ukingoni 	0
/scratch/skscla001/experiments/datasets/swagen/audio/common_voice_sw_30324395.wav	kangaroo wanawatambua maadui zao kwa kunusa 	0
/scratch/skscla001/experiments/datasets/swagen/audio/common_voice_sw_30054708.wav	mwezi aprili elfu moja mia tisa sitini na moja 	0
/scratch/skscla001/experiments/datasets/swagen/audio/common_voice_sw_28817362.wav	kilimo cha pwani ni hasa ya miwa lakini pia ya matunda 	1
/scratch/skscla001/experiments/datasets/swagen/audio/common_voice_sw_30073794.wav	hivyo wageni na watu wengine waliwatambua watu wa maeneo hayo kuwa ni wadigo 	0
/scratch/skscla001/experiments/datasets/swagen/audio/common_voice_sw_29799175.wav	nchi ya peru ilishiriki kombe la dunia 	0
/scratch/skscla001/experiments/datasets/swagen/audio/common_voice_sw_30629401.wav	katika jumuiya isiyo na upendeleo na alikosoa kwa kiasi kikubwa 	0
/scratch/skscla001/experiments/datasets/swagen/audio/common_voice_sw_29925229.wav	mke wake aliitwa mwene wakulosi ambaye walijaliwa kupata watoto watatu 	0
/scratch/skscla001/experiments/datasets/swagen/audio/common_voice_sw_35171865.wav	wanafana kazi zao na maafisa watendaji wa mitaa japo kwenye kazi zao za jadi 	0
/scratch/skscla001/experiments/datasets/swagen/audio/common_voice_sw_29994798.wav	kingine huweka akiba tumboni mwake hivyo muda anapopumzika hucheua na kuanza kula upya 	1
/scratch/skscla001/experiments/datasets/swagen/audio/common_voice_sw_32211829.wav	wakulima wepanda mpunga mapema 	1
/scratch/skscla001/experiments/datasets/swagen/audio/common_voice_sw_30193248.wav	mitetemeko yote inayohusiana na milima ya litembo ilijengwa vibanda 	0
/scratch/skscla001/experiments/datasets/swagen/audio/common_voice_sw_29941493.wav	sasa ukimzungumzia oprah winfrey unamzungumzia mwanamke tajiri duniani 	1
/scratch/skscla001/experiments/datasets/swagen/audio/common_voice_sw_34958083.wav	ya mfukoni mwa watu huku serikali ikilazimika kulipa mabilioni ya fedha katika mkataba ambao 	0
/scratch/skscla001/experiments/datasets/swagen/audio/common_voice_sw_30091655.wav	ndiko kulikogunduliwa masalia ya viumbe wa jamii ya watu wa kale 	1
/scratch/skscla001/experiments/datasets/swagen/audio/common_voice_sw_28817524.wav	zao la biashara ni kahawa 	1
/scratch/skscla001/experiments/datasets/swagen/audio/common_voice_sw_37101778.wav	wake mwenye fadhila ambaye atamtunuku haki yake naye mnyenyekevu 	1
/scratch/skscla001/experiments/datasets/swagen/audio/common_voice_sw_28691193.wav	ngao bado hutumiwa na vikosi vya polisi na jeshi leo 	1
/scratch/skscla001/experiments/datasets/swagen/audio/common_voice_sw_30573691.wav	mapema karne ya kumi na tano nyumba mpya za mawe ziliendelea kujengwa 	0
/scratch/skscla001/experiments/datasets/swagen/audio/common_voice_sw_36037083.wav	watu hao waliambukizwa virusi vya ukimwi 	1
/scratch/skscla001/experiments/datasets/swagen/audio/common_voice_sw_35103444.wav	akicharaza ngoma kwa ustadi wakati akiwa katika jukwaa alikuwa akipenda kubadili miondoko kwa hiyo 	0
/scratch/skscla001/experiments/datasets/swagen/audio/common_voice_sw_30308432.wav	wanyama na mimea pamoja nawakazi wa eneo hilo ni milioni moja 	0
/scratch/skscla001/experiments/datasets/swagen/audio/common_voice_sw_30088880.wav	kisiwa ambacho ni sehemu ya mkoa wa mwanza kikiwa ndani ya ziwa victoria 	0
/scratch/skscla001/experiments/datasets/swagen/audio/common_voice_sw_30327025.wav	tanzania imebarikiwa visiwa na fukwe zenye kupendeza 	0
/scratch/skscla001/experiments/datasets/swagen/audio/common_voice_sw_30054828.wav	vipande vya vyungu vilipatikana eneo la mgala isitu 	0
/scratch/skscla001/experiments/datasets/swagen/audio/common_voice_sw_30630532.wav	zai la mihogo hupatikana maeneo ya gonja 	0
/scratch/skscla001/experiments/datasets/swagen/audio/common_voice_sw_36252049.wav	kuwa wao wanaweza apana kutetea nchi yao pamoja na maisha ya watu wengine ambao 	0
/scratch/skscla001/experiments/datasets/swagen/audio/common_voice_sw_28681010.wav	majengo mbalimbali ya kale ni ishara ya historia ndefu ya mji huu 	1
/scratch/skscla001/experiments/datasets/swagen/audio/common_voice_sw_34746480.wav	la misheni hizo lilikuwa kwamba liliambatana na uenezaji wa kijeshi wa 	1
/scratch/skscla001/experiments/datasets/swagen/audio/common_voice_sw_29796521.wav	mwanamke anayetokea katika kabila la warangi wanaotokea kondoa mkoani dodoma 	1
/scratch/skscla001/experiments/datasets/swagen/audio/common_voice_sw_35103887.wav	muungano wa vyama tawala ulihahidi kushughulikia ukuaji wa kiuchumi 	0
/scratch/skscla001/experiments/datasets/swagen/audio/common_voice_sw_29926923.wav	yamejaa kwani wapo wengi ambao wameshindwa kumaliza 	1
/scratch/skscla001/experiments/datasets/swagen/audio/common_voice_sw_30630630.wav	ni mabadiliko yanayojitokeza kwenye kucha za muathirika 	0
/scratch/skscla001/experiments/datasets/swagen/audio/common_voice_sw_34762824.wav	ulishinda nyingine na wimbo mwingine ulishinda tuzo nyingine 	0
/scratch/skscla001/experiments/datasets/swagen/audio/common_voice_sw_37084600.wav	lugomola bukara rutinwa kiziba kayo za bugabo kahigi kihanja na nyarubamba ihangiro 	1
/scratch/skscla001/experiments/datasets/swagen/audio/common_voice_sw_29898977.wav	adolf hilter alikuwa mkurugezi wa jeshi la ujerumani 	1
/scratch/skscla001/experiments/datasets/swagen/audio/common_voice_sw_30443885.wav	matajiri wengine wanaanzisha kampuni za kubashili mayokeo ya mechi 	0
/scratch/skscla001/experiments/datasets/swagen/audio/common_voice_sw_30063154.wav	nyerere inayobaki kuwa na vivutio vya wanyamapori na uoto wa asilia usio na kifani 	0
/scratch/skscla001/experiments/datasets/swagen/audio/common_voice_sw_35181689.wav	uchaguzi wa rais uliofanyika novemba ishrini na nane mwaka huu 	0
/scratch/skscla001/experiments/datasets/swagen/audio/common_voice_sw_29615435.wav	aliwahi kucheza timu ya taifa ya tunisia 	1
/scratch/skscla001/experiments/datasets/swagen/audio/common_voice_sw_35103632.wav	amezungumza na wanahabari katika jiji la tripoli na kushusha shutuma nzito 	0
/scratch/skscla001/experiments/datasets/swagen/audio/common_voice_sw_30220049.wav	waziri mkuu wa sasa wa tanzania ni kassim majaliwa 	0
/scratch/skscla001/experiments/datasets/swagen/audio/common_voice_sw_29665101.wav	sehemu ya pili iko na nambari tatu 	0
/scratch/skscla001/experiments/datasets/swagen/audio/common_voice_sw_31996650.wav	wanasiasa wako wanacheka kwa pamoja 	0
/scratch/skscla001/experiments/datasets/swagen/audio/common_voice_sw_29539714.wav	mto unaitwa kuanzia hapa kwa jina la galana 	1
/scratch/skscla001/experiments/datasets/swagen/audio/common_voice_sw_29797543.wav	tafiti zimeonyesha hata damu iliyokauka huwa na uwezo wa kuambukiza virusi hivi 	0
/scratch/skscla001/experiments/datasets/swagen/audio/common_voice_sw_31284379.wav	siyo kazi rahis timu kucheza fainali ya kombe la mabingwa ulaya 	0
/scratch/skscla001/experiments/datasets/swagen/audio/common_voice_sw_28672859.wav	lugha rasmi ni kihispania 	0
/scratch/skscla001/experiments/datasets/swagen/audio/common_voice_sw_29793722.wav	hakuna chombo chochote cha habari cha tanzania kilichoandika taarifa zozote 	0
/scratch/skscla001/experiments/datasets/swagen/audio/common_voice_sw_29925858.wav	alikaa sudan kwa kipindi cha muda wa miaka 	0
/scratch/skscla001/experiments/datasets/swagen/audio/common_voice_sw_30116109.wav	makamanda wa uganda walihofu kwamba daraja la kyaka lingeweza kutumika katika kurahisisha mashamulizi 	1
/scratch/skscla001/experiments/datasets/swagen/audio/common_voice_sw_30568816.wav	alichaguliwa kuwa mbunge wa jimbo la bagamoyo 	0
/scratch/skscla001/experiments/datasets/swagen/audio/common_voice_sw_30196669.wav	wilaya ya handeni mkoani tanga lugha yao huitwa kizigua 	0
/scratch/skscla001/experiments/datasets/swagen/audio/common_voice_sw_29948456.wav	tunatumia siku ya maadhimisho ya mtoto wa afrika kuwakumbusha viongozi 	1
/scratch/skscla001/experiments/datasets/swagen/audio/common_voice_sw_29805621.wav	kombe la dunia lilifanyika nchini itali 	1
/scratch/skscla001/experiments/datasets/swagen/audio/common_voice_sw_36389582.wav	lake la heshima likimaanisha kiongozi aliyetwaa nchi nyingimkwawa alizaliwa mnamo mwaka elfu moja 	1
/scratch/skscla001/experiments/datasets/swagen/audio/common_voice_sw_35279253.wav	katika nadharia mbalimbali za isimu muundo wa kiswahili 	0
/scratch/skscla001/experiments/datasets/swagen/audio/common_voice_sw_29788795.wav	uzuri wa tanzania vivutio vya utalii vimegawanyika kila kanda 	0
/scratch/skscla001/experiments/datasets/swagen/audio/common_voice_sw_36389714.wav	wakilisha bara hili katika mashindano ya kombe la dunia 	1
/scratch/skscla001/experiments/datasets/swagen/audio/common_voice_sw_29591218.wav	ni mitandao minne mikubwa ya televisheni iliyo katika nchi moja 	0
/scratch/skscla001/experiments/datasets/swagen/audio/common_voice_sw_30091060.wav	mambo yote hayo hayaondoi ubora na thamani ya kocha pep 	1
/scratch/skscla001/experiments/datasets/swagen/audio/common_voice_sw_30005181.wav	walihamia huko wakushi kutoka kaskazini nao wakameza kwa kiasi kikubwa wakazi asili 	0
/scratch/skscla001/experiments/datasets/swagen/audio/common_voice_sw_30574760.wav	tiba ya malaria hulenga kuondoa vimelea vya plasmodium kwenye mfumo wa damu ya mgonjwa 	0
/scratch/skscla001/experiments/datasets/swagen/audio/common_voice_sw_28584800.wav	kwa kawaida mtu mzima huwa na meno thelathini na mbili 	0
/scratch/skscla001/experiments/datasets/swagen/audio/common_voice_sw_28666649.wav	hizi ni pamoja na 	0
/scratch/skscla001/experiments/datasets/swagen/audio/common_voice_sw_36368149.wav	maishani wakifuata dini ya watawala masharti ya kujiunga na 	1
/scratch/skscla001/experiments/datasets/swagen/audio/common_voice_sw_29924906.wav	makinda amesema hayo jana jijini dodoma katika kongamano 	0
/scratch/skscla001/experiments/datasets/swagen/audio/common_voice_sw_30654004.wav	huu ni utambulisho ambao haukufananishwa ama kuitwa kwa jina la kabila fulani 	0
/scratch/skscla001/experiments/datasets/swagen/audio/common_voice_sw_35409919.wav	vya habari sioni ushujaa wowote bali amevuna matunda ya kazi yake na siasa za 	0
/scratch/skscla001/experiments/datasets/swagen/audio/common_voice_sw_29969080.wav	vizuri na hata katika dini viongozi wanasisitiza 	0
/scratch/skscla001/experiments/datasets/swagen/audio/common_voice_sw_30574693.wav	nyerere alimweleza mkapa kuwa kuna mtu mwengine ambaye ailikuwa akimfikiria 	0
/scratch/skscla001/experiments/datasets/swagen/audio/common_voice_sw_35183608.wav	we tumbo nitakupa nini uwe umetosheka 	0
/scratch/skscla001/experiments/datasets/swagen/audio/common_voice_sw_30004277.wav	waasu hawa wakatimka mbio na kuparamia milima ambayo sasa inaitwa milima ya upare 	0
/scratch/skscla001/experiments/datasets/swagen/audio/common_voice_sw_29902324.wav	mbuni dume anakuwa na jike moja linalompendeza zaidi 	1
/scratch/skscla001/experiments/datasets/swagen/audio/common_voice_sw_34958931.wav	rais lauren badbo wa cote de voire azidi kutunisha misuli 	0
/scratch/skscla001/experiments/datasets/swagen/audio/common_voice_sw_29898555.wav	chui ana kasi kubwa sana nyikani 	1
/scratch/skscla001/experiments/datasets/swagen/audio/common_voice_sw_29936414.wav	nyerere alikuwa hapendi ushauri wa mtu yeyote 	1
/scratch/skscla001/experiments/datasets/swagen/audio/common_voice_sw_29848353.wav	mliyoifanya kazi nzuri sana iliyowafanya kuwa washindi 	0
/scratch/skscla001/experiments/datasets/swagen/audio/common_voice_sw_37091977.wav	tabaka la viongozi wa kisiasa na wa kijeshi 	0
/scratch/skscla001/experiments/datasets/swagen/audio/common_voice_sw_32210630.wav	mwana kashakuwa asimama dede 	1
/scratch/skscla001/experiments/datasets/swagen/audio/common_voice_sw_30653703.wav	ziwa eyasi lina upepo wa kasi kubwa takribani masaa ishirini na nne 	0
/scratch/skscla001/experiments/datasets/swagen/audio/common_voice_sw_30180321.wav	kwa asili wapare hupeleka vijana wa kiume jando 	1
/scratch/skscla001/experiments/datasets/swagen/audio/common_voice_sw_30075275.wav	huwa hawaondoki na wanaweza kukaa kwako hata mwezi wanatambika tu 	0
/scratch/skscla001/experiments/datasets/swagen/audio/common_voice_sw_29174916.wav	alikuwa mkristo tena shemasi wa madhehebu ya kanisa la kiorthodoksi la ethiopia 	0
/scratch/skscla001/experiments/datasets/swagen/audio/common_voice_sw_28690924.wav	sun alijifunza kiingereza hisabati na sayansi 	1
/scratch/skscla001/experiments/datasets/swagen/audio/common_voice_sw_35409398.wav	usafiri wa meli na utalii wa cruise pia huendelea kukua 	0
/scratch/skscla001/experiments/datasets/swagen/audio/common_voice_sw_35103890.wav	ko tusikiliza idhaa ya kiswahili ya redio france international 	0
/scratch/skscla001/experiments/datasets/swagen/audio/common_voice_sw_28681622.wav	uwanja huu unapatikana huko cape town nchini afrika kusini 	1
/scratch/skscla001/experiments/datasets/swagen/audio/common_voice_sw_29822508.wav	obote alishutumiwa kushiriki katika biashara ya pembe za ndovu 	1
/scratch/skscla001/experiments/datasets/swagen/audio/common_voice_sw_35206860.wav	hakikisha orodha yako ya lazima kuona vivutio 	0
/scratch/skscla001/experiments/datasets/swagen/audio/common_voice_sw_34834642.wav	madai hayo hayakuwa na athari kubwa kisiasa 	0
/scratch/skscla001/experiments/datasets/swagen/audio/common_voice_sw_32244697.wav	fuata kila lililokuwa zuri 	1
/scratch/skscla001/experiments/datasets/swagen/audio/common_voice_sw_30080294.wav	kuna kaldera yenye upana wa kilomita mbili nukta tano 	0
/scratch/skscla001/experiments/datasets/swagen/audio/common_voice_sw_29791665.wav	hadi mwaka wa elfu moja mia tatu thelathini na tano 	0
/scratch/skscla001/experiments/datasets/swagen/audio/common_voice_sw_37097462.wav	rfi kiswahili itakujuza yatakaojiri katika mkutano huo kwa niaba ya mwenzangu abubakari suleiman 	1
/scratch/skscla001/experiments/datasets/swagen/audio/common_voice_sw_31284471.wav	hifadhi ya taifa ya ngorongoro na serengeti 	0
/scratch/skscla001/experiments/datasets/swagen/audio/common_voice_sw_29797317.wav	shule ya sekondari ya elboro mkoani arusha kaskazini mwa tanzania 	0
/scratch/skscla001/experiments/datasets/swagen/audio/common_voice_sw_36387977.wav	mbogwe mbunge ni augustino masele kupitia chama cha mapinduzi 	1
/scratch/skscla001/experiments/datasets/swagen/audio/common_voice_sw_35221670.wav	karani wangu ni kioo cha jamii 	0
/scratch/skscla001/experiments/datasets/swagen/audio/common_voice_sw_29981294.wav	alizungumza na wananchi kwa niaba ya chama cha tanganyika 	0
/scratch/skscla001/experiments/datasets/swagen/audio/common_voice_sw_29958418.wav	ni julius kambarage nyerere na robert gabriel mugabe 	1
/scratch/skscla001/experiments/datasets/swagen/audio/common_voice_sw_35525897.wav	na ameweza kufanya miaka miwili na miezi sita 	0
/scratch/skscla001/experiments/datasets/swagen/audio/common_voice_sw_29790348.wav	maalim seif alipata asilimia arobaini na tisa nukta saba sita 	0
/scratch/skscla001/experiments/datasets/swagen/audio/common_voice_sw_29936833.wav	matawi maarufu wakati huo kama nyota ya asubuhi 	1
/scratch/skscla001/experiments/datasets/swagen/audio/common_voice_sw_29815984.wav	milima ya karambi na mlima karatu pamoja na mlima karema 	1
/scratch/skscla001/experiments/datasets/swagen/audio/common_voice_sw_30079880.wav	akabadilisha upepo uliodumu kwa miaka kumi na nne 	1
/scratch/skscla001/experiments/datasets/swagen/audio/common_voice_sw_37098702.wav	kwa barabara kunatatuliwa haraka bila kupiga kelele au kuapa 	1
/scratch/skscla001/experiments/datasets/swagen/audio/common_voice_sw_35180779.wav	mgonjwa amepona 	0
/scratch/skscla001/experiments/datasets/swagen/audio/common_voice_sw_30035034.wav	magufuli aliwataka watanzania wote kuwa watulivu 	0
/scratch/skscla001/experiments/datasets/swagen/audio/common_voice_sw_30582729.wav	kiasi cha barafu kimepungua kwa kipindi cha miaka sita 	0
/scratch/skscla001/experiments/datasets/swagen/audio/common_voice_sw_28950474.wav	kaunti hupata misimu miwili ya mvua aprili hadi juni na oktoba hadi disemba 	0
/scratch/skscla001/experiments/datasets/swagen/audio/common_voice_sw_29797481.wav	si kila kitivo cha uandishi wa habari inaruhusu mazoezi ya kina 	0
/scratch/skscla001/experiments/datasets/swagen/audio/common_voice_sw_34906637.wav	mdunguaji ambaye hakuwa na muda naye alimkosa jacob kwa risasi mbili zikavunja kioo 	0
/scratch/skscla001/experiments/datasets/swagen/audio/common_voice_sw_30006740.wav	bado kwenye uwanja wa ndege wa accra ilikuwepo sanamu 	1
/scratch/skscla001/experiments/datasets/swagen/audio/common_voice_sw_37222731.wav	shuleni leo hii ni kiswahili rasmi kinachofunzwa na 	1
/scratch/skscla001/experiments/datasets/swagen/audio/common_voice_sw_28581880.wav	kwazulu natal iko upande wa mashariki wa afrika kusini ina pwani ndefu la bahari hindi 	1
/scratch/skscla001/experiments/datasets/swagen/audio/common_voice_sw_37224751.wav	hizi kwa kawaida huwa nyekundu ingawa kuna rangi nyingine kama vile bluu 	1
/scratch/skscla001/experiments/datasets/swagen/audio/common_voice_sw_35171927.wav	lakini sahihi ambayo inazungumza juu ya tabia yao dhahiri ya 	0
/scratch/skscla001/experiments/datasets/swagen/audio/common_voice_sw_30660077.wav	mwalimu mkuu alielekea kwa mama aliyekuwa akiuza vitumbua nje kidogo ya shule 	0
/scratch/skscla001/experiments/datasets/swagen/audio/common_voice_sw_29897686.wav	zikitimia jumla ya halmashauri nane za mkoa wa ruvuma 	1
/scratch/skscla001/experiments/datasets/swagen/audio/common_voice_sw_35683994.wav	filamu inaelezea hadithi iliyotungwa na mwandishi 	1
/scratch/skscla001/experiments/datasets/swagen/audio/common_voice_sw_36299978.wav	maendeleo ya kijamiikiuchumikwa muda mrefu imethibitishwa kuwa 	1
/scratch/skscla001/experiments/datasets/swagen/audio/common_voice_sw_29798058.wav	alipewa daraja takatifu la upadre katika kanisa kuu la mtakatifu josefu 	0
/scratch/skscla001/experiments/datasets/swagen/audio/common_voice_sw_30661133.wav	katika karne ya kumi na tisa shanga nyingi zenye rangi mbalimbali zilifika afrika 	1
/scratch/skscla001/experiments/datasets/swagen/audio/common_voice_sw_29516703.wav	kuna pia viwanda vya nguo 	1
/scratch/skscla001/experiments/datasets/swagen/audio/common_voice_sw_29805618.wav	ujio wa pep ulizima moto wa borusia dortmund 	1
/scratch/skscla001/experiments/datasets/swagen/audio/common_voice_sw_30370808.wav	takwimu na benki kuu ya tanzania oktoba mwaka jana 	0
/scratch/skscla001/experiments/datasets/swagen/audio/common_voice_sw_34764018.wav	mitindo ambayo zamani tulizoea kuona ikipigwa na watu wa nje ya tanzania 	1
/scratch/skscla001/experiments/datasets/swagen/audio/common_voice_sw_29995449.wav	timu ya taifa ya brazil haikufua dafu kwa argentina 	1
/scratch/skscla001/experiments/datasets/swagen/audio/common_voice_sw_30038227.wav	jumla ya mapato na kiwango cha bei ya kawaida 	0
/scratch/skscla001/experiments/datasets/swagen/audio/common_voice_sw_29899373.wav	kwa kudai eti watumwa waliona bahari ambako watasafarishwa 	1
/scratch/skscla001/experiments/datasets/swagen/audio/common_voice_sw_30183103.wav	majuto ni mjukuu gharama ya kutokufanya chochote ili kubadili hali ya watoto 	1
/scratch/skscla001/experiments/datasets/swagen/audio/common_voice_sw_29943891.wav	neno msaragambo linamaanisha mfumo uliokubaliwa na jamii katika kitongoji 	0
/scratch/skscla001/experiments/datasets/swagen/audio/common_voice_sw_31283621.wav	wajumbe hao walitoka kila upande wa muungano 	0
/scratch/skscla001/experiments/datasets/swagen/audio/common_voice_sw_36389439.wav	ukubwa wa baraza lake la mawaziri kukosolewa na wataalam 	1
/scratch/skscla001/experiments/datasets/swagen/audio/common_voice_sw_28682899.wav	hakuna vipimo vya umbali zaidi ya kutaja muda wa mwendo 	1
/scratch/skscla001/experiments/datasets/swagen/audio/common_voice_sw_30338775.wav	magofu haya ni miongoni mwa historia ya kale barani afrika 	1
/scratch/skscla001/experiments/datasets/swagen/audio/common_voice_sw_32322746.wav	baba alipokwenda kunyoa ndevu alikachika kidevu kwa kijembe 	1
/scratch/skscla001/experiments/datasets/swagen/audio/common_voice_sw_29924402.wav	muda wa mtihani ulifika na kila mwanafunzi alielekea kwenye chumba chake cha mtihani 	0
/scratch/skscla001/experiments/datasets/swagen/audio/common_voice_sw_29864516.wav	hifadhi kubwa yenye viumbe mbalimbali na tofauti duniani 	1
/scratch/skscla001/experiments/datasets/swagen/audio/common_voice_sw_30069571.wav	jeshi la amin lilimfukuza mkuu wa dola kabaka mutesa 	1
/scratch/skscla001/experiments/datasets/swagen/audio/common_voice_sw_30146062.wav	uliwekwa utaratibu wa kuandaa katiba ya kudumu ya muungano 	1
/scratch/skscla001/experiments/datasets/swagen/audio/common_voice_sw_28926834.wav	alikaa hapo kama mwimbaji kwa miaka mingine tisa 	0
/scratch/skscla001/experiments/datasets/swagen/audio/common_voice_sw_36252472.wav	na na na namna hiyo unatamani watu wapone magonjwa yao 	1
/scratch/skscla001/experiments/datasets/swagen/audio/common_voice_sw_35103991.wav	kupambana taarifa kutoka jeshi la polisi la nchi hiyo zimethibitisha 	0
/scratch/skscla001/experiments/datasets/swagen/audio/common_voice_sw_37096142.wav	adi sasa tayari yameshakwisha kutangaza majimbo mia moja na mbili 	1
/scratch/skscla001/experiments/datasets/swagen/audio/common_voice_sw_30026565.wav	vilevile desemba hadi februari kwa kuwaona ndege wahamiaji 	1
/scratch/skscla001/experiments/datasets/swagen/audio/common_voice_sw_28661856.wav	mwaka uliofuata vikundi vya watutsi kutoka nchi hizi za jirani walijaribu kushambulia utaratibu mpya 	1
/scratch/skscla001/experiments/datasets/swagen/audio/common_voice_sw_28246343.wav	teknolojia yake ni karibu sawa na ya bunduki isipokuwa ni ndogo 	1
/scratch/skscla001/experiments/datasets/swagen/audio/common_voice_sw_31446549.wav	said swedi alianza kucheza simba mwaka elfu mbili na mbili 	0
/scratch/skscla001/experiments/datasets/swagen/audio/common_voice_sw_29593075.wav	mara moja kazi kwenye albamu yake ya kwanza ilianza 	1
/scratch/skscla001/experiments/datasets/swagen/audio/common_voice_sw_30256101.wav	nyanibah akawa anajibu kwa upole sana 	1
/scratch/skscla001/experiments/datasets/swagen/audio/common_voice_sw_35099312.wav	debby alimuangalia jacob usoni huku uso wake ukiwa umelainika kidogo 	0
/scratch/skscla001/experiments/datasets/swagen/audio/common_voice_sw_30264477.wav	amin alipata sifa ya ukatili alikuwa karibu akizuia mara kadhaa kwa ukatili mkali 	0
/scratch/skscla001/experiments/datasets/swagen/audio/common_voice_sw_36331632.wav	ameachiliwa baada ya chama tawala nchini humo 	1
/scratch/skscla001/experiments/datasets/swagen/audio/common_voice_sw_29000597.wav	hivyo ni kata kubwa zaidi katika wilaya hiyo yote 	1
/scratch/skscla001/experiments/datasets/swagen/audio/common_voice_sw_30354949.wav	sir alex na pep guardiola ni makocha wa pekee 	0
/scratch/skscla001/experiments/datasets/swagen/audio/common_voice_sw_29323916.wav	lugha yake hasa ni kiaramu 	1
/scratch/skscla001/experiments/datasets/swagen/audio/common_voice_sw_30574591.wav	kama mwaka mmoja au mara chache hadi miaka thelathini 	1
/scratch/skscla001/experiments/datasets/swagen/audio/common_voice_sw_30124150.wav	kutokana na kazi zake mfugale amepokea tuzo mbalimbai za mafanikio katika fani ya uhandisi 	0
/scratch/skscla001/experiments/datasets/swagen/audio/common_voice_sw_29796584.wav	wapare wa same hutumia majina kama kakore na mengineyo 	1
/scratch/skscla001/experiments/datasets/swagen/audio/common_voice_sw_36374942.wav	pneumonia ni maambukizi yanayojitokeza kwenye mapafu 	1
/scratch/skscla001/experiments/datasets/swagen/audio/common_voice_sw_36641999.wav	watumwa walikamatwa au kununuliwa wakibeba pembe hadi pwani 	0
/scratch/skscla001/experiments/datasets/swagen/audio/common_voice_sw_35104383.wav	tena madarakani kwa wingi kama mara iliopita 	0
/scratch/skscla001/experiments/datasets/swagen/audio/common_voice_sw_36944823.wav	mama mjamzito anataki kupata matibabu ya malaria kwa haraka 	1
/scratch/skscla001/experiments/datasets/swagen/audio/common_voice_sw_36384314.wav	kipindi cha kutazamana risasi yalifyatuliwa wanamgambo nane 	1
/scratch/skscla001/experiments/datasets/swagen/audio/common_voice_sw_31285617.wav	maana tumeona maji yakiteremka toka milimani na tutalima na kufanya mambo mbalimbali 	0
/scratch/skscla001/experiments/datasets/swagen/audio/common_voice_sw_35183298.wav	malezi ya mwisho ya taifa la uturuki kawaida 	0
/scratch/skscla001/experiments/datasets/swagen/audio/common_voice_sw_37093077.wav	imekosoa uhuru wa vyombo vya habari 	0
/scratch/skscla001/experiments/datasets/swagen/audio/common_voice_sw_35108150.wav	juliana alimuuliza daisy maswali ya mfululizo na kumfanya akose hata nguvu za kumuangalia usoni 	1
/scratch/skscla001/experiments/datasets/swagen/audio/common_voice_sw_30630877.wav	wengine wanasema kuna mizimu inayoishi ziwa ngosi 	1
/scratch/skscla001/experiments/datasets/swagen/audio/common_voice_sw_30182350.wav	tausi anaatamia mayai yake kwa siku ishirini 	1
/scratch/skscla001/experiments/datasets/swagen/audio/common_voice_sw_36385104.wav	jacob aliitikia na kusema kuwa amebahatika tena kuonana na mtaalamu wa ufundi 	1
/scratch/skscla001/experiments/datasets/swagen/audio/common_voice_sw_29793296.wav	kwa hiyo chimbuko la wanyakyusa ni pande mbili 	0
/scratch/skscla001/experiments/datasets/swagen/audio/common_voice_sw_30352652.wav	kenya ilikuwa katika hali ya hatari kufuatia uasi 	0
/scratch/skscla001/experiments/datasets/swagen/audio/common_voice_sw_30630582.wav	pazia la chuma lilitandikwa katika bara la ulaya kuanzia stettin upande wa kaskazini 	0
/scratch/skscla001/experiments/datasets/swagen/audio/common_voice_sw_35176883.wav	inayofanana na hiyo ya libya na nchi kama cote de voire 	0
/scratch/skscla001/experiments/datasets/swagen/audio/common_voice_sw_37094141.wav	bi hassan alichaguliwa kwa kura mia tatu na tisini 	0
/scratch/skscla001/experiments/datasets/swagen/audio/common_voice_sw_34917845.wav	ya pwani na ziwa tanganyika misafara hiyo ambayo ilikuwa ikibeba bidhaa za nje kama 	0
/scratch/skscla001/experiments/datasets/swagen/audio/common_voice_sw_37084267.wav	maalim seif mgombea wa chama kipya cha wazalendo 	0
/scratch/skscla001/experiments/datasets/swagen/audio/common_voice_sw_30321954.wav	jengo hili pia lilitumiwa na waingereza enzi za ukoloni 	1
/scratch/skscla001/experiments/datasets/swagen/audio/common_voice_sw_35105247.wav	elfu mbili iliyopita mawasiliano kati ya nchi na nchi hayakuwa rahisi 	0
/scratch/skscla001/experiments/datasets/swagen/audio/common_voice_sw_36945048.wav	wa mvua na hazina inayojulikana na isiyojulikana 	1
/scratch/skscla001/experiments/datasets/swagen/audio/common_voice_sw_29896836.wav	hapo munyigumba akakasirika na kuamua kumfukuza sekinyaga na mwanawe 	1
/scratch/skscla001/experiments/datasets/swagen/audio/common_voice_sw_29924889.wav	mauaji ya waandamanaji pemba mzee mkapa ameeleza tukio hilo 	0
/scratch/skscla001/experiments/datasets/swagen/audio/common_voice_sw_30364428.wav	maji kwenye mito inapungua kutokana na mvukizo 	1
/scratch/skscla001/experiments/datasets/swagen/audio/common_voice_sw_30572088.wav	kwa lengo la kuuza meno hayo na kupata fedha 	0
/scratch/skscla001/experiments/datasets/swagen/audio/common_voice_sw_36389641.wav	jicho la bi kijicho limetoboka 	1
/scratch/skscla001/experiments/datasets/swagen/audio/common_voice_sw_30200641.wav	nchi nyingi za afrika na duniani zilipata uhuru wake kwa silaha 	1
/scratch/skscla001/experiments/datasets/swagen/audio/common_voice_sw_30591063.wav	ana maamuzi juu ya vitu vyote vinavyohusu dini sherehe na madawa 	0
/scratch/skscla001/experiments/datasets/swagen/audio/common_voice_sw_28699152.wav	lakini kuingilia kati kwa serikali ya uingereza kulikuwa mwisho wa utawala wa kampuni 	0
/scratch/skscla001/experiments/datasets/swagen/audio/common_voice_sw_29836474.wav	nyerere alikufa akiwa katika matibabu nchini uingereza 	1
/scratch/skscla001/experiments/datasets/swagen/audio/common_voice_sw_30230557.wav	wengi wanazidi kunufaika na vivutio vingi vilivyopo hapa tanzania 	0
/scratch/skscla001/experiments/datasets/swagen/audio/common_voice_sw_34597674.wav	kuwa anapaswa kusaidiwa bali ni wale tu wasiojiweza 	0
/scratch/skscla001/experiments/datasets/swagen/audio/common_voice_sw_34940898.wav	kitabuni kiongozi wa ibada wa siku hiyo huja na madondoo yake na 	0
/scratch/skscla001/experiments/datasets/swagen/audio/common_voice_sw_31285901.wav	watu wengi walisema messi kuondoka barcelona ni ndoto 	0
/scratch/skscla001/experiments/datasets/swagen/audio/common_voice_sw_35132360.wav	victor robert willi amezungumza na shaq mumbere ambae 	1
/scratch/skscla001/experiments/datasets/swagen/audio/common_voice_sw_30005619.wav	waarabu kutoka omani walihamia bagamoyo na kukuza biashara zao hapo 	0
/scratch/skscla001/experiments/datasets/swagen/audio/common_voice_sw_29958774.wav	subirini matukio mengine wakati kandarasi yake itakapokamilika mwezi juni 	0
/scratch/skscla001/experiments/datasets/swagen/audio/common_voice_sw_30372517.wav	alipostaafu alirudi kijijini kwake butiama ndipo alianza kuendesha shughuli za kilimo 	0
/scratch/skscla001/experiments/datasets/swagen/audio/common_voice_sw_37096889.wav	dada naomba kubarikiwa nawe 	0
/scratch/skscla001/experiments/datasets/swagen/audio/common_voice_sw_30332523.wav	hivyo ni rahisi kutambua koo zao kulingana na miiko yao 	0
/scratch/skscla001/experiments/datasets/swagen/audio/common_voice_sw_30143347.wav	jina ambalo wekundu wa msimbazi wanalikumbuka sana 	0
/scratch/skscla001/experiments/datasets/swagen/audio/common_voice_sw_36385141.wav	ndiyo maana mzee makame alikufa akiuangalia mlango wa chumbani 	1
/scratch/skscla001/experiments/datasets/swagen/audio/common_voice_sw_30205635.wav	mara kwa mara hufuma marembesho na mikufu ya 	0
/scratch/skscla001/experiments/datasets/swagen/audio/common_voice_sw_29963519.wav	savo milosevic wa serbia alifunga mabao matano 	1
/scratch/skscla001/experiments/datasets/swagen/audio/common_voice_sw_35176858.wav	ukame wa mara kwa mara wafugaji wengi pamoja na wamasai hutumia nafaka katika maakuli 	0
/scratch/skscla001/experiments/datasets/swagen/audio/common_voice_sw_29993109.wav	chakula chao ni ugali wa mahindi ulezi na mtama kidogo 	1
/scratch/skscla001/experiments/datasets/swagen/audio/common_voice_sw_29944503.wav	walifundishwa jinsi ya kufanya mapenzi na kumridhisha mume 	0
/scratch/skscla001/experiments/datasets/swagen/audio/common_voice_sw_30574065.wav	viongozi wengine wa kitaifa ambao ni wazaliwa wa mkoa huu ni waziri mkuu mstaafu 	0
/scratch/skscla001/experiments/datasets/swagen/audio/common_voice_sw_30098710.wav	hatua ya kampuni ya kumi bet kuzinduliwa 	1
/scratch/skscla001/experiments/datasets/swagen/audio/common_voice_sw_34890800.wav	mji huo ulijipatia umaarufu sana mnamo karne ya kumi na tano 	1
/scratch/skscla001/experiments/datasets/swagen/audio/common_voice_sw_31266553.wav	chama ama hicho alikisaidia kukijenga alipokuwa mwanafunzi katika chuo kikuu cha makerere 	0
/scratch/skscla001/experiments/datasets/swagen/audio/common_voice_sw_30577568.wav	mwaka elfu mbili na tano kitulo likatangazwa kuwa hifadhi ya taifa 	1
/scratch/skscla001/experiments/datasets/swagen/audio/common_voice_sw_30325486.wav	uingereza ulieneza zaidi mvuto wake karne ya kumi na tisa 	0
/scratch/skscla001/experiments/datasets/swagen/audio/common_voice_sw_30495453.wav	labda uniondoe shuleni kwako ili kuleta utulivu na mimi nikaishi maisha yangu 	0
/scratch/skscla001/experiments/datasets/swagen/audio/common_voice_sw_36640910.wav	halmashauri ya wilaya bariadi inapakana na wilaya ya busega kwa upande wa magharibi 	0
/scratch/skscla001/experiments/datasets/swagen/audio/common_voice_sw_36067213.wav	lakini kanuni hii ilisitishwa baadayekidogo 	1
/scratch/skscla001/experiments/datasets/swagen/audio/common_voice_sw_30037276.wav	pia mabwawa mengine makubwa ya kujivunia ni 	0
/scratch/skscla001/experiments/datasets/swagen/audio/common_voice_sw_31333235.wav	alianza kukumbana na shida ya ubaguzi wa rangi 	0
/scratch/skscla001/experiments/datasets/swagen/audio/common_voice_sw_35183812.wav	hiyo inachagia lakini tena 	0
/scratch/skscla001/experiments/datasets/swagen/audio/common_voice_sw_30337189.wav	pia hali ya hewa inabadilika kadri anavyozidi kuelekea katika kilele 	0
/scratch/skscla001/experiments/datasets/swagen/audio/common_voice_sw_28670228.wav	vyanzo vya kisasa vya ugiriki na vya kirumi viliichukulia vibaya kama jina 	1
/scratch/skscla001/experiments/datasets/swagen/audio/common_voice_sw_29191678.wav	uso wao ni mweusi 	0
/scratch/skscla001/experiments/datasets/swagen/audio/common_voice_sw_30008246.wav	twiga hupendelea zaidi kula majani na matunda kutoka kwenye miti marefu 	1
/scratch/skscla001/experiments/datasets/swagen/audio/common_voice_sw_36382131.wav	kusema lolote alilohisi ni haki yake kulitamka gaddafi alikuwa mtu aliyejivunia kuwa yeye na 	1
/scratch/skscla001/experiments/datasets/swagen/audio/common_voice_sw_37096739.wav	kenya imepiga marufuku ya matumizi ya baadhi ya mifuko ya plastiki 	1
/scratch/skscla001/experiments/datasets/swagen/audio/common_voice_sw_30147743.wav	hivyo akaangusha nguzo muhimu ya kiuchumi ya kanisa la kale 	0
/scratch/skscla001/experiments/datasets/swagen/audio/common_voice_sw_30181331.wav	watalii hupita kwenye magofu haya wakiyachungulia baadhi wakiyapiga picha kandokando ya barabara nyembamba 	1
/scratch/skscla001/experiments/datasets/swagen/audio/common_voice_sw_30671922.wav	ingawa ardhi ni msingi wa maendeleo kwa watu wote 	1
/scratch/skscla001/experiments/datasets/swagen/audio/common_voice_sw_36385645.wav	wao kama watawala wadogo mahali pa mamabaadaye mzee mbegha alikaa pamoja na wazee 	1
/scratch/skscla001/experiments/datasets/swagen/audio/common_voice_sw_37089389.wav	nitakapokuona 	1
/scratch/skscla001/experiments/datasets/swagen/audio/common_voice_sw_28673009.wav	hasa alichunguza neva 	0
/scratch/skscla001/experiments/datasets/swagen/audio/common_voice_sw_29616737.wav	wimbo wake ni kati ya maandiko matakatifu ya kale zaidi 	1
/scratch/skscla001/experiments/datasets/swagen/audio/common_voice_sw_35206651.wav	wanakuwa tayari wamebalehe na si wa kizazi kilichopita 	0
/scratch/skscla001/experiments/datasets/swagen/audio/common_voice_sw_30016607.wav	tume hii ilianza na kazi ya kutunga katiba ya chama cha mapinduzi 	1
/scratch/skscla001/experiments/datasets/swagen/audio/common_voice_sw_29595579.wav	baina ya spishi hizi yuko ndege wenye mabawa marefu kabisa kuliko ndege wote duniani 	1
/scratch/skscla001/experiments/datasets/swagen/audio/common_voice_sw_34746429.wav	mada zako zinatakiwa kugusa mahitaji ya wasikilizaji wako 	1
/scratch/skscla001/experiments/datasets/swagen/audio/common_voice_sw_29994875.wav	alifanya masomo ya falsafa katika seminari kuu ya peremiho songea 	1
/scratch/skscla001/experiments/datasets/swagen/audio/common_voice_sw_29788792.wav	kifua kikuu kinaweza kuambukiza sehemu yoyote ya mwili 	0
/scratch/skscla001/experiments/datasets/swagen/audio/common_voice_sw_28582669.wav	katika sehemu za kaskazini kuna gesi na mafuta 	1
/scratch/skscla001/experiments/datasets/swagen/audio/common_voice_sw_30181066.wav	hasa ya wakazi wa bagamoyo lakini pia hata mashirika mbalimbali ya kimataifa 	1
/scratch/skscla001/experiments/datasets/swagen/audio/common_voice_sw_37224331.wav	hata hivyo baba wa sinsang amesikitishwa na hukumu hiyo 	0
/scratch/skscla001/experiments/datasets/swagen/audio/common_voice_sw_28673146.wav	nafasi ya wachezaji hubadilika baada ya kila mchezo 	1
/scratch/skscla001/experiments/datasets/swagen/audio/common_voice_sw_28691420.wav	asili yake ni katika uchina 	1
/scratch/skscla001/experiments/datasets/swagen/audio/common_voice_sw_29792274.wav	wakurya huamini ngombe wote ni wao hivyo ni kama waliporwa 	0
/scratch/skscla001/experiments/datasets/swagen/audio/common_voice_sw_30582780.wav	mpira umekua mchezo wenye kuingiza pesa nyingi sana duniani 	0
/scratch/skscla001/experiments/datasets/swagen/audio/common_voice_sw_29924816.wav	ikumbukwe kuwa hifadhi hii ni maarufu kwa wanyama jamii ya 	0
/scratch/skscla001/experiments/datasets/swagen/audio/common_voice_sw_37088806.wav	kihistoria hazijakuwa na mafanikio kama ule wa tiba mbadala 	0
/scratch/skscla001/experiments/datasets/swagen/audio/common_voice_sw_34598094.wav	gari limetokomea kule 	0
/scratch/skscla001/experiments/datasets/swagen/audio/common_voice_sw_30115573.wav	kutokana na kuziba au kupasuka kwa mishipa ya damu kwenye ubongo 	1
/scratch/skscla001/experiments/datasets/swagen/audio/common_voice_sw_29896178.wav	tunakokwenda najua kabisa akina mama watakuwa na nguvu kuliko akina baba 	1
/scratch/skscla001/experiments/datasets/swagen/audio/common_voice_sw_29193616.wav	na huu ndio ukawa mwanzo wa carey kuingia katika ulimwengu wa muziki 	0
/scratch/skscla001/experiments/datasets/swagen/audio/common_voice_sw_30181219.wav	new generationb united service na new kings karume 	1
/scratch/skscla001/experiments/datasets/swagen/audio/common_voice_sw_35099623.wav	mapafu na kupita kwenye mfumo wa damu na 	0
/scratch/skscla001/experiments/datasets/swagen/audio/common_voice_sw_34748542.wav	mikakati ya usimamizi dharura aidha mwandishi huyo 	0
/scratch/skscla001/experiments/datasets/swagen/audio/common_voice_sw_34751050.wav	basi ni fursa yao nikushukuru sana edwin david 	1
/scratch/skscla001/experiments/datasets/swagen/audio/common_voice_sw_35056451.wav	mama yule ana watoto wanne 	0
/scratch/skscla001/experiments/datasets/swagen/audio/common_voice_sw_32243057.wav	ametumia kanuni rahisi 	1
/scratch/skscla001/experiments/datasets/swagen/audio/common_voice_sw_30179632.wav	hapana mkuu sijamuona mimi nilikuwa chooni 	1
/scratch/skscla001/experiments/datasets/swagen/audio/common_voice_sw_29797416.wav	migogoro ndani ya nchi ni chanzo cha vita 	0
/scratch/skscla001/experiments/datasets/swagen/audio/common_voice_sw_34812790.wav	ibada za kifungu zaidi zinahitajika kabla ya kufikia hadhi ya mpiganaji mwandamizi 	0
/scratch/skscla001/experiments/datasets/swagen/audio/common_voice_sw_29957526.wav	kila mtu ana ndoto zake kwenye maisha 	1
/scratch/skscla001/experiments/datasets/swagen/audio/common_voice_sw_34597390.wav	watu wana uhakika kuhusu sauti zinazorekodiwa 	0
/scratch/skscla001/experiments/datasets/swagen/audio/common_voice_sw_29943862.wav	historia ya wamasai inaonyesha kwamba wao ni jamii ya wafugaji 	1
/scratch/skscla001/experiments/datasets/swagen/audio/common_voice_sw_30188616.wav	rais mkapa alikuwa ni mtu mwenye maono ya hali ya juu 	0
/scratch/skscla001/experiments/datasets/swagen/audio/common_voice_sw_29946215.wav	bakhresa alianza kuuza mabaki ya mazao ya baharini tu 	1
/scratch/skscla001/experiments/datasets/swagen/audio/common_voice_sw_35104789.wav	ukitazama katika muktadha wa wa 	0
/scratch/skscla001/experiments/datasets/swagen/audio/common_voice_sw_28801756.wav	aliweza kuendelea na shule mbalimbali ikiwemo shule ya sekondari jangwani 	1
/scratch/skscla001/experiments/datasets/swagen/audio/common_voice_sw_30196492.wav	licha ya kujiuzulu wadhifa wake huo miaka michache awali 	0
/scratch/skscla001/experiments/datasets/swagen/audio/common_voice_sw_36383685.wav	ndalizi yake yanaanza sasa hivi baada ya kuisha uchanguzi huu wa sasa hivi 	1
/scratch/skscla001/experiments/datasets/swagen/audio/common_voice_sw_37099498.wav	hapakuwa na kitu zaidi ya kusafirisha watu waliobaki 	1
/scratch/skscla001/experiments/datasets/swagen/audio/common_voice_sw_29962396.wav	messi akawa sehemu muhimu ya timu ya mtoto wa ndoto timu ya vijana barcelona 	1
/scratch/skscla001/experiments/datasets/swagen/audio/common_voice_sw_30073324.wav	waliwasaidia adui wa adui yao kwa jina la oparesheni 	0
/scratch/skscla001/experiments/datasets/swagen/audio/common_voice_sw_34823586.wav	mpya kwenye eneo la wakimbizi nchini duniani 	0
/scratch/skscla001/experiments/datasets/swagen/audio/common_voice_sw_29941973.wav	ilitengenezwa kwa fedha pamoja na sarafu nyingine iliyoitwa heller 	1
/scratch/skscla001/experiments/datasets/swagen/audio/common_voice_sw_28681668.wav	tabianchi ndani ya mzingo aktiki kwa jumla ni baridi 	1
/scratch/skscla001/experiments/datasets/swagen/audio/common_voice_sw_30640487.wav	mito mingine midogomidogo kama vile nyajijima na mresi pia kazingu 	0
/scratch/skscla001/experiments/datasets/swagen/audio/common_voice_sw_30647708.wav	mafanikio ya bibi titi mohamed katika harakati za ukombozi wa tanganyika 	1
/scratch/skscla001/experiments/datasets/swagen/audio/common_voice_sw_30327490.wav	barabara wilayani humo kama katika wilaya nyingine 	0
/scratch/skscla001/experiments/datasets/swagen/audio/common_voice_sw_34747535.wav	hata akisema amechoka anataka muachane 	0
/scratch/skscla001/experiments/datasets/swagen/audio/common_voice_sw_31285755.wav	miamba mikubwa na minene imeliumba eneo la irente 	0
/scratch/skscla001/experiments/datasets/swagen/audio/common_voice_sw_35176941.wav	papiriri hamsini na mbilk iliyoandikwa kwa kigiriki mwaka mia moja ishirini na tano hivi 	0
/scratch/skscla001/experiments/datasets/swagen/audio/common_voice_sw_30628514.wav	dunia inazitaja sana timu tatu pekee 	0
/scratch/skscla001/experiments/datasets/swagen/audio/common_voice_sw_38306926.wav	wanajeshi wa marekani wasiozidi mia tano wameidhinishwa kuingia somalia kukabiliana na al shabaab 	0
/scratch/skscla001/experiments/datasets/swagen/audio/common_voice_sw_30180980.wav	just fontaine alifunga mabao kumi na tatu 	1
/scratch/skscla001/experiments/datasets/swagen/audio/common_voice_sw_29947080.wav	milipuko pia hutokea kwa watu wenye kinga dhaifu wanapoingia maeneo yenye malaria kwa wingi 	0
/scratch/skscla001/experiments/datasets/swagen/audio/common_voice_sw_30148245.wav	maporomoko ya maji malamba yanapatikana mkoani mbeya tanzania 	1
/scratch/skscla001/experiments/datasets/swagen/audio/common_voice_sw_29942152.wav	familia inafahamu kuwa matumizi ya jina nelson mandela ni utajiri mwingine 	1
/scratch/skscla001/experiments/datasets/swagen/audio/common_voice_sw_35103120.wav	kwa sasa wamasai wengi wamekuwa wakristo na kwa kiwango kidogo waislamu 	0
/scratch/skscla001/experiments/datasets/swagen/audio/common_voice_sw_29996713.wav	katika kipindi hiki wapiganaji wa kizazi kipya huuacha ujana na mambo yake 	1
/scratch/skscla001/experiments/datasets/swagen/audio/common_voice_sw_37214800.wav	isimila ni kivutio kinachopatikana mkoa wa iringa 	1
/scratch/skscla001/experiments/datasets/swagen/audio/common_voice_sw_30057881.wav	hufuga punda ndogowe kwa ajili ya ubebaji mizigo na 	1
/scratch/skscla001/experiments/datasets/swagen/audio/common_voice_sw_37096500.wav	dawa za kulevya kama vile baklofeni kupunguza utashi na 	1
/scratch/skscla001/experiments/datasets/swagen/audio/common_voice_sw_30025027.wav	katika mapokezi ya baraza la uingereza 	1
/scratch/skscla001/experiments/datasets/swagen/audio/common_voice_sw_37098616.wav	lakini mamlaka husika imeweza kuhakikisha kuwa dawa zitumikazo nchini humo 	1
/scratch/skscla001/experiments/datasets/swagen/audio/common_voice_sw_35180663.wav	maim seif aliwani nafasi ya urais wa zanzibar kwa tiketi ya chama cha wananchi 	0
/scratch/skscla001/experiments/datasets/swagen/audio/common_voice_sw_28987652.wav	nyota za meza ni chache na dhaifu sana 	1
/scratch/skscla001/experiments/datasets/swagen/audio/common_voice_sw_30166495.wav	lipo pia ziwa tanganyika nalo linapatikana katika nchi ya tanzania 	0
/scratch/skscla001/experiments/datasets/swagen/audio/common_voice_sw_36385454.wav	mombasa tarehe kumi na nane mwezi wa nane mwaka elfu moja mia tisa sabini 	1
/scratch/skscla001/experiments/datasets/swagen/audio/common_voice_sw_29961427.wav	forlan alikuwa manchester united kabla ya kutimkia hispania 	1
/scratch/skscla001/experiments/datasets/swagen/audio/common_voice_sw_28883658.wav	sehemu hii ya bahari ina dhoruba nyingi na mawimbi makali 	0
/scratch/skscla001/experiments/datasets/swagen/audio/common_voice_sw_29793226.wav	jitihada hizo zilishindikana kufuatia hali ya nkrumah kuwa mbaya 	0
/scratch/skscla001/experiments/datasets/swagen/audio/common_voice_sw_30363996.wav	bernard ndiye mmiliki wa kampuni ya mitindo ya louis vuitton na sephora 	1
/scratch/skscla001/experiments/datasets/swagen/audio/common_voice_sw_35099108.wav	uenda ikaambulia patupu victor ambuso ana taarifa zaidi 	0
/scratch/skscla001/experiments/datasets/swagen/audio/common_voice_sw_30021362.wav	kwa kiasi cha asilimia ishirini aliweza kugundua aina nadra sana ya bakteria 	1
/scratch/skscla001/experiments/datasets/swagen/audio/common_voice_sw_37094143.wav	sabato haikufanyika kwa ajili ya wana wa israeli pekee bali kwa ajili ya adam 	1
/scratch/skscla001/experiments/datasets/swagen/audio/common_voice_sw_37086886.wav	biashara hiyo iliendelea kwa siri katika maeneo mengine 	1
/scratch/skscla001/experiments/datasets/swagen/audio/common_voice_sw_30026557.wav	jifunze kuwa jasiri na kujikubali hapo ndipo utakuwa imara 	0
/scratch/skscla001/experiments/datasets/swagen/audio/common_voice_sw_36385335.wav	kwa viongozi baba uliotupa 	1
/scratch/skscla001/experiments/datasets/swagen/audio/common_voice_sw_34943091.wav	yalichangiwa sana na mfumuko wa bei 	0
/scratch/skscla001/experiments/datasets/swagen/audio/common_voice_sw_30567820.wav	waluguru wana mtala na ukoo kwa imani zao 	0
/scratch/skscla001/experiments/datasets/swagen/audio/common_voice_sw_31446931.wav	hata hivyo ongezeko la hali joto litazidi 	0
/scratch/skscla001/experiments/datasets/swagen/audio/common_voice_sw_35425551.wav	ambapo wananchi wengi wamekumbana na madhara kwani 	0
/scratch/skscla001/experiments/datasets/swagen/audio/common_voice_sw_29791448.wav	hifadhi imeendelea kuhakikisha mazingira yanasimamiwa kikamilifu 	0
/scratch/skscla001/experiments/datasets/swagen/audio/common_voice_sw_35104718.wav	uchaguzi wa mwaka jana uliompa ushindi mwembamba mutharika mwenye umri wa miaka sabini na 	0
/scratch/skscla001/experiments/datasets/swagen/audio/common_voice_sw_30054424.wav	wakati wa ukoloni malkia alituma wapelelezi wake kuja afrika 	0
/scratch/skscla001/experiments/datasets/swagen/audio/common_voice_sw_30090642.wav	yohane paulo wa pili alitoa mafundisho mengi kuhusu jamii 	1
/scratch/skscla001/experiments/datasets/swagen/audio/common_voice_sw_30515322.wav	tausi jike anakaa na watoto wake karibu kwa miezi sita 	1
/scratch/skscla001/experiments/datasets/swagen/audio/common_voice_sw_29792845.wav	haruna shamte alijaribu kutaka kupora namba ya nsajigwa 	0
/scratch/skscla001/experiments/datasets/swagen/audio/common_voice_sw_37093962.wav	na kiluba alijitambulisha kwa imani yake kwa bara la afrika mojamnamo mwezi wa 	0
/scratch/skscla001/experiments/datasets/swagen/audio/common_voice_sw_30718053.wav	hakuna mtu anayeamini kuondoka kwa messi barcelona 	0
/scratch/skscla001/experiments/datasets/swagen/audio/common_voice_sw_36389502.wav	ni pamoja na wahaya ambao wanapatikana zaidi 	1
/scratch/skscla001/experiments/datasets/swagen/audio/common_voice_sw_30071440.wav	wanyaturu wana miiko kwa upande wa vyakula 	0
/scratch/skscla001/experiments/datasets/swagen/audio/common_voice_sw_30653529.wav	alishindwa kuongoza na kusimamia madhumuni ya mapinduzi visiwani 	0
/scratch/skscla001/experiments/datasets/swagen/audio/common_voice_sw_30035000.wav	mandela hakuzikwa mvezo na badala yake alizikwa qunu 	0
/scratch/skscla001/experiments/datasets/swagen/audio/common_voice_sw_30005106.wav	wapare ni jamii ya kabila la wapare wanapatikana moshi wilaya ya same 	0
/scratch/skscla001/experiments/datasets/swagen/audio/common_voice_sw_35099891.wav	na wakati mzuri wa kuona mlima kilimanjaro kutokea meru 	0
/scratch/skscla001/experiments/datasets/swagen/audio/common_voice_sw_37219304.wav	mtu ukishtakiwa unakwenda mahakamani na kujibu ma 	0
/scratch/skscla001/experiments/datasets/swagen/audio/common_voice_sw_30103868.wav	tanzania imebarikiwa mapango yenye historia nyingi na za kuvutia 	0
/scratch/skscla001/experiments/datasets/swagen/audio/common_voice_sw_37087453.wav	tunapokea taarifa za kifo cha ruge kutokea afrika kusini huku rais dokta jombe pombe 	1
/scratch/skscla001/experiments/datasets/swagen/audio/common_voice_sw_29792109.wav	serengeti pamoja na masai mara inajulikana hasa kwa uhamisho wa kila mwaka 	0
/scratch/skscla001/experiments/datasets/swagen/audio/common_voice_sw_30333957.wav	hadi akafika maeneo ya kabale huko suma tukuyu wilayani rungwe 	1
/scratch/skscla001/experiments/datasets/swagen/audio/common_voice_sw_30709716.wav	hii ilikuwa sababu moja ya kwa nini wengi walipendelea misimamo wa mataifa ya mashariki 	0
/scratch/skscla001/experiments/datasets/swagen/audio/common_voice_sw_29818123.wav	wauzaji wa vyakula hadi kwa madereva wa teksi 	0
/scratch/skscla001/experiments/datasets/swagen/audio/common_voice_sw_29793926.wav	timu za uingereza zilikuwa zinacheza kwa vurugu 	0
/scratch/skscla001/experiments/datasets/swagen/audio/common_voice_sw_29994825.wav	kipindi cha nyuma wenzetu waarabu walianza kumpeleka 	1
/scratch/skscla001/experiments/datasets/swagen/audio/common_voice_sw_30240951.wav	wakitangaza tu kushikamana nao pia kushirikiana nao 	0
/scratch/skscla001/experiments/datasets/swagen/audio/common_voice_sw_30121663.wav	rangi pia huonyesha dhana na vipengele muhimu katika tamaduni za wamasai 	1
/scratch/skscla001/experiments/datasets/swagen/audio/common_voice_sw_30224199.wav	kama vile ufaransa na canada bila kuisahau uingereza na ujerumani 	0
/scratch/skscla001/experiments/datasets/swagen/audio/common_voice_sw_30650332.wav	ni pamoja na mers yaliyozuka mwanzoni mwa miaka ya elfu mbili 	1
/scratch/skscla001/experiments/datasets/swagen/audio/common_voice_sw_30659391.wav	wavulana hupiga foleni na kuimba oooooh yakwa 	0
/scratch/skscla001/experiments/datasets/swagen/audio/common_voice_sw_36299861.wav	a umebisha hodi jijini portal prince 	1
/scratch/skscla001/experiments/datasets/swagen/audio/common_voice_sw_28804143.wav	kwa hiyo lugha imetoweka kabisa kwa sasa 	0
/scratch/skscla001/experiments/datasets/swagen/audio/common_voice_sw_31808946.wav	shoka zilizotumika kwa kazi ya kuvunja mifupa nyembe na visu 	0
/scratch/skscla001/experiments/datasets/swagen/audio/common_voice_sw_34824108.wav	nionapo majaribu na mateso 	0
/scratch/skscla001/experiments/datasets/swagen/audio/common_voice_sw_36373473.wav	mitume na la mababu utitiri wa madhehebu ya waprotestanti ndio wenye 	1
/scratch/skscla001/experiments/datasets/swagen/audio/common_voice_sw_30020633.wav	hifadhi ya mikumi ni moja kati ya hifadhi za taifa na mashuhuri 	1
/scratch/skscla001/experiments/datasets/swagen/audio/common_voice_sw_32242757.wav	karafuu zazalishwa kwa wingi pemba 	1
/scratch/skscla001/experiments/datasets/swagen/audio/common_voice_sw_30381408.wav	ili kuwarithisha watoto wajukuu vitukuu au vizazi vijavyo kwa ujumla 	1
/scratch/skscla001/experiments/datasets/swagen/audio/common_voice_sw_36382257.wav	alikuwa akivishambulia vikosi vidogo vidogo vya askari vya kijerumani 	1
/scratch/skscla001/experiments/datasets/swagen/audio/common_voice_sw_35279541.wav	zimekuwa zikiwavutia viongozi mbali mbali kama vile 	0
/scratch/skscla001/experiments/datasets/swagen/audio/common_voice_sw_30671383.wav	watafiti mbalimbali wanahisi limetokana na kazi ya kuvuna ulezi 	1
/scratch/skscla001/experiments/datasets/swagen/audio/common_voice_sw_30539562.wav	hakuna timu bora kama barcelona ya miaka kumi iliyopita 	0
/scratch/skscla001/experiments/datasets/swagen/audio/common_voice_sw_30668394.wav	katika ardhi ya tanzanai katika miaka hiyo ya ukombozi wa bara la afrika 	1
/scratch/skscla001/experiments/datasets/swagen/audio/common_voice_sw_30631272.wav	simba ilianza kupata ufadhili unaoeleweka sasa hivi 	1
/scratch/skscla001/experiments/datasets/swagen/audio/common_voice_sw_31304499.wav	msisitizo katika ukombozi wa barani afrika na mapambano dhidi ya ubeberu na vibaraka wao 	1
/scratch/skscla001/experiments/datasets/swagen/audio/common_voice_sw_30129516.wav	hata hivyo mercury alikuwa ametambuliwa kuwa na ugonjwa huo 	0
/scratch/skscla001/experiments/datasets/swagen/audio/common_voice_sw_36381277.wav	na rafiki zao wamerekani walihakikisha wanammaliza mkombozi huyu leo ndio siku ambayo lumumba aliuwawa 	1
/scratch/skscla001/experiments/datasets/swagen/audio/common_voice_sw_31285610.wav	kimbunga hicho kilikuja wiki chache baada ya kenneth kufariki 	0
/scratch/skscla001/experiments/datasets/swagen/audio/common_voice_sw_37088182.wav	chai ya babu imemwagika 	0
/scratch/skscla001/experiments/datasets/swagen/audio/common_voice_sw_29666977.wav	idadi ya wasemaji nchini mali haijulikani 	0
/scratch/skscla001/experiments/datasets/swagen/audio/common_voice_sw_29939857.wav	unapokuwa hifadhini unaweza kufanya safari za miguu porini 	0
/scratch/skscla001/experiments/datasets/swagen/audio/common_voice_sw_29822434.wav	mlima magamba na mlima maguge inaongezeka pia milima ya mahale 	1
/scratch/skscla001/experiments/datasets/swagen/audio/common_voice_sw_37220053.wav	kutumia madawa haya ni ya mpito tu na kwa 	0
/scratch/skscla001/experiments/datasets/swagen/audio/common_voice_sw_29947870.wav	chakula kikiwa kingi na kukuta mazingira mazuri wanakaa muda mrefu 	0
/scratch/skscla001/experiments/datasets/swagen/audio/common_voice_sw_30181459.wav	wengine waliona nafasi ya kujichukulia mali ya kanisa 	1
/scratch/skscla001/experiments/datasets/swagen/audio/common_voice_sw_29752771.wav	kila hatua ina sifa zake na matatizo yake maalumu 	0
/scratch/skscla001/experiments/datasets/swagen/audio/common_voice_sw_34943543.wav	rais wa marekani tarehe ishirini mwezi wa kwanza mwaka elfu moja mia tisa tisini 	0
/scratch/skscla001/experiments/datasets/swagen/audio/common_voice_sw_28883777.wav	basi thoma alipendekeza mtazamo mpana na lenye tumaini kuhusu akili ya binadamu 	0
/scratch/skscla001/experiments/datasets/swagen/audio/common_voice_sw_36642210.wav	walitembea kwa masafa marefu 	0
/scratch/skscla001/experiments/datasets/swagen/audio/common_voice_sw_35272536.wav	ndege ya kwanza iliyokodiwa na wizara ya mambo ya nchi za nje ya ufaransa 	0
/scratch/skscla001/experiments/datasets/swagen/audio/common_voice_sw_30201655.wav	beckham alikuwa mshiriki katika ballon dor aliyekimbia mara mbili ya mchezaji wa dunia 	1
/scratch/skscla001/experiments/datasets/swagen/audio/common_voice_sw_34746124.wav	wanasiasa wakubwa kutoka kaskazini wakitaka mwislamu kupokea kijiti hicho 	0
/scratch/skscla001/experiments/datasets/swagen/audio/common_voice_sw_29946563.wav	wananchi ni rahisi kujua vita wanayopigana 	1
/scratch/skscla001/experiments/datasets/swagen/audio/common_voice_sw_30574713.wav	ulimwenguni kote hujulikana na kutambulika kwa mavazi na mapambo yao 	0
/scratch/skscla001/experiments/datasets/swagen/audio/common_voice_sw_30055092.wav	alipigwa risasi wakati akicheza mchezo wa bao na wenzake 	0
/scratch/skscla001/experiments/datasets/swagen/audio/common_voice_sw_30021600.wav	ni zoezi ambalo limetiwa kumbukumbu katika wamasai wa kenya na tanzania 	1
/scratch/skscla001/experiments/datasets/swagen/audio/common_voice_sw_30585222.wav	mwaka elfu moja mia tisa themanini na tano nyerere anastaafu 	0
/scratch/skscla001/experiments/datasets/swagen/audio/common_voice_sw_35105556.wav	makali zaidi mwaka elfu moja mia tisa hamsini na moja ilipata kura nyingi katika 	0
/scratch/skscla001/experiments/datasets/swagen/audio/common_voice_sw_30478612.wav	limetoa fursa kwa wawekezaji wa usafirishaji kwa njia ya maji kwa kutumia boti 	1
/scratch/skscla001/experiments/datasets/swagen/audio/common_voice_sw_29018812.wav	pia kuna wasemaji wachache nchini uhindi 	1
/scratch/skscla001/experiments/datasets/swagen/audio/common_voice_sw_30379332.wav	bila kusahau umuhimu wake katika sekta nyingine mbalimbali 	0
/scratch/skscla001/experiments/datasets/swagen/audio/common_voice_sw_30582732.wav	kongamano hilo limehudhuriwa na viongozi mbalimbali wa serikali 	0
/scratch/skscla001/experiments/datasets/swagen/audio/common_voice_sw_28815864.wav	fani ya saikolojia kiafya katika nchi nyingi iko chini ya kanuni za maadili 	1
/scratch/skscla001/experiments/datasets/swagen/audio/common_voice_sw_35110308.wav	kudumisha amani hususan kupitia usuluhishi wa migogoro mbalimbali 	0
/scratch/skscla001/experiments/datasets/swagen/audio/common_voice_sw_30583013.wav	alipata shahada ya uzamili ya sayansi katika kemia chuo kikuu salford nchini uingereza 	1
/scratch/skscla001/experiments/datasets/swagen/audio/common_voice_sw_30320505.wav	zilitumia pesa mara mbili zaidi ya familia nyingine 	1
/scratch/skscla001/experiments/datasets/swagen/audio/common_voice_sw_29997161.wav	mwinyi anaamini kuwa mafanikio yapo kwa kujituma 	1
/scratch/skscla001/experiments/datasets/swagen/audio/common_voice_sw_30180831.wav	pesa inayopatikana inasaidia miradi mbalimbali 	1
/scratch/skscla001/experiments/datasets/swagen/audio/common_voice_sw_29915430.wav	wanyama milioni moja aina ya nyumbu 	1
/scratch/skscla001/experiments/datasets/swagen/audio/common_voice_sw_30574445.wav	ipo pia halmashauri ya wilaya ya kaliua na halmashauri ya wilaya ya igunga 	0
/scratch/skscla001/experiments/datasets/swagen/audio/common_voice_sw_30485802.wav	wateka nyara hao waliingia ofisini humo taratibu kabla ya kupaza sauti 	1
/scratch/skscla001/experiments/datasets/swagen/audio/common_voice_sw_29938383.wav	wakatoliki japo ni wachache wanapatikana zaidi katika maeneo ya kilomeni na kisangara juu 	0
/scratch/skscla001/experiments/datasets/swagen/audio/common_voice_sw_28259748.wav	miaka kadhaa baadaye alirudi roma ili kushughulikia suala la mama yake kutangazwa mtakatifu 	1
/scratch/skscla001/experiments/datasets/swagen/audio/common_voice_sw_29790414.wav	kobe mkubwa kabisa duniani ana uzito wa hadi kilogramu mia saba 	0
/scratch/skscla001/experiments/datasets/swagen/audio/common_voice_sw_35103347.wav	ulifanyika mjini mombasa bila idhini ya mwenyekiti wala kamati ya chama 	0
/scratch/skscla001/experiments/datasets/swagen/audio/common_voice_sw_29632901.wav	hata hivyo mfumo huo wa mahakama huwa chini ya bunge 	0
/scratch/skscla001/experiments/datasets/swagen/audio/common_voice_sw_30180373.wav	hali hiyo ilimfanya karume azidi hamu na kutafuta kazi ya ubaharia 	1
/scratch/skscla001/experiments/datasets/swagen/audio/common_voice_sw_34766410.wav	tutunze mazingira kwa minajili ya vizazi vya leo na vya kesho 	0
/scratch/skscla001/experiments/datasets/swagen/audio/common_voice_sw_35410254.wav	tutarudi kila siku 	0
/scratch/skscla001/experiments/datasets/swagen/audio/common_voice_sw_30006775.wav	hawa ndio wanachukua sehemu ya watu wa magharibi 	1
/scratch/skscla001/experiments/datasets/swagen/audio/common_voice_sw_31266474.wav	dak prescot bonasi ya uro sitini na sita milioni aliyowasili nayo 	0
/scratch/skscla001/experiments/datasets/swagen/audio/common_voice_sw_28669880.wav	pia wakaanza kufanya mazoezi ya wanamgambo bila usimamizi wa waingereza 	1
/scratch/skscla001/experiments/datasets/swagen/audio/common_voice_sw_28725285.wav	ziwa nyasa linapatikana kati ya nchi za malawi msumbiji na tanzania 	1
/scratch/skscla001/experiments/datasets/swagen/audio/common_voice_sw_30563410.wav	frorentino perez wa real madrid hana pesa 	0
/scratch/skscla001/experiments/datasets/swagen/audio/common_voice_sw_37097102.wav	ambapo kwa wakati huo alizaliwa katika eneo hilo 	1
/scratch/skscla001/experiments/datasets/swagen/audio/common_voice_sw_31950197.wav	mame kankana mwanawe 	1
/scratch/skscla001/experiments/datasets/swagen/audio/common_voice_sw_29848543.wav	alikuwa katibu mkuu wa muda katika wizara ya elimu zanzibar 	0
/scratch/skscla001/experiments/datasets/swagen/audio/common_voice_sw_30631117.wav	walihusishwa na matukio ya uhaini mahakamani wakakutwa na hatia 	1
/scratch/skscla001/experiments/datasets/swagen/audio/common_voice_sw_29731324.wav	idadi ya wasemaji nchini sudan kusini haijulikani 	1
/scratch/skscla001/experiments/datasets/swagen/audio/common_voice_sw_29790076.wav	maziwa ya mtindi yana asidi za asili 	0
/scratch/skscla001/experiments/datasets/swagen/audio/common_voice_sw_28666544.wav	ameandika hasa kwa watoto 	0
/scratch/skscla001/experiments/datasets/swagen/audio/common_voice_sw_31271403.wav	kipindi ambacho wageni kutoka mashariki ya mbali wanafika maeneo ya pwani 	0
/scratch/skscla001/experiments/datasets/swagen/audio/common_voice_sw_30628515.wav	mbuga ya kitaifa ya tsavo mashariki ni mojawapo hifadhi maarufu 	0
/scratch/skscla001/experiments/datasets/swagen/audio/common_voice_sw_30574785.wav	ni ukweli wa mambo ya kwamba jamii ya kabila la maasai 	0
/scratch/skscla001/experiments/datasets/swagen/audio/common_voice_sw_29795460.wav	bila kuisahau wilaya ya momba inayokamilisha jumla ya wilaya nne za mkoa wa songwe 	1
/scratch/skscla001/experiments/datasets/swagen/audio/common_voice_sw_30579126.wav	jumanne lume mwiru ambaye alifunguliwa kesi na wenzake kwa kosa la uzembe 	1
/scratch/skscla001/experiments/datasets/swagen/audio/common_voice_sw_36644948.wav	utaambiwa nauli ni kiasi fulani 	0
/scratch/skscla001/experiments/datasets/swagen/audio/common_voice_sw_28669505.wav	katika lugha za kigermanik siku hii ina jina la jua 	1
/scratch/skscla001/experiments/datasets/swagen/audio/common_voice_sw_30187471.wav	wanahistoria wanasimulia historia nyingi za viongozi mbalimbali 	1
/scratch/skscla001/experiments/datasets/swagen/audio/common_voice_sw_29796187.wav	timu ya taifa ya ureno haikuwahi kutwaa kombe lolote kabla ya ujio wa ronaldo 	1
/scratch/skscla001/experiments/datasets/swagen/audio/common_voice_sw_30635683.wav	wakati huo walikuwa mia moja tu ndio walikuwa wamepata elimu ya chuo kikuu 	1
/scratch/skscla001/experiments/datasets/swagen/audio/common_voice_sw_31284837.wav	kufuatia hatua hiyo utawala wa kifalme ukamuandama osama na mwaka 	0
/scratch/skscla001/experiments/datasets/swagen/audio/common_voice_sw_29988534.wav	kabla ya mwalimu nyerere hajaongea na watanganyika 	1
/scratch/skscla001/experiments/datasets/swagen/audio/common_voice_sw_30495372.wav	ubora wa mbinu bila kikosi imara ni kazi bure 	0
/scratch/skscla001/experiments/datasets/swagen/audio/common_voice_sw_30572146.wav	nchi hizi za morocco na algeria pamoja na misri bila kuisahau libya 	0
/scratch/skscla001/experiments/datasets/swagen/audio/common_voice_sw_36252627.wav	waziri wa mambo ya nchi za nje wa iran manseheran mutaki 	0
/scratch/skscla001/experiments/datasets/swagen/audio/common_voice_sw_35099500.wav	taasisi za kimataifa kufanya uchunguzi wa matokeo 	0
/scratch/skscla001/experiments/datasets/swagen/audio/common_voice_sw_37088570.wav	ni moja kati ya hifadhi za taifamoja mashuhuri na kubwa nchini tanzania hifadhi 	0
/scratch/skscla001/experiments/datasets/swagen/audio/common_voice_sw_30117977.wav	luther aliendelea kutoa mafundisho kwa ajili ya kanisa linalofuata maagizo 	1
/scratch/skscla001/experiments/datasets/swagen/audio/common_voice_sw_34917790.wav	sijawahi ona mlima kenya 	0
/scratch/skscla001/experiments/datasets/swagen/audio/common_voice_sw_31321474.wav	mlima klute ni mlima unaoshika nafasi ya tatu kwa ukubwa hapa tanzania 	1
/scratch/skscla001/experiments/datasets/swagen/audio/common_voice_sw_37331939.wav	na nzi wa kuuma waliopo 	0
/scratch/skscla001/experiments/datasets/swagen/audio/common_voice_sw_35774936.wav	mwezi septemba mwaka jana rais joseph kabila wa jamhuri kidemokrasi ya congo drc 	0
/scratch/skscla001/experiments/datasets/swagen/audio/common_voice_sw_36318757.wav	anahakikisha mafanikio katika vita au mvua za kutosha 	1
/scratch/skscla001/experiments/datasets/swagen/audio/common_voice_sw_28581706.wav	alipelekwa uhamishoni na kaisari leo v kwa sababu ya kutetea matumizi ya picha takatifu 	1
/scratch/skscla001/experiments/datasets/swagen/audio/common_voice_sw_30233552.wav	majina yanayofanana ya yale ya koo za kipare ni kama wasuya na wavungi 	1
/scratch/skscla001/experiments/datasets/swagen/audio/common_voice_sw_30379704.wav	papa akiwa mgonjwa sana aliendelea na utume wake 	1
/scratch/skscla001/experiments/datasets/swagen/audio/common_voice_sw_35146145.wav	iwe itapata pingamizi wananchi wacanada wategemee kuingia kwenye uchaguzi mkuu 	0
/scratch/skscla001/experiments/datasets/swagen/audio/common_voice_sw_36375081.wav	majaliwa aliteuliwa kuwa mkuu wa wilaya na kisha akajitosa kwenye siasa za ushindani mwaka 	1
/scratch/skscla001/experiments/datasets/swagen/audio/common_voice_sw_29923530.wav	ziwa nyasa limepita kwenye nchi tatu ambazo ni tanzania malawi na msumbiji 	0
/scratch/skscla001/experiments/datasets/swagen/audio/common_voice_sw_29237691.wav	masuala ya afya 	0
/scratch/skscla001/experiments/datasets/swagen/audio/common_voice_sw_29797678.wav	mji huu mdogo upo karibu na lango la hifadhi 	0
/scratch/skscla001/experiments/datasets/swagen/audio/common_voice_sw_30671442.wav	hadi kufikia mwaka wa elfu mbili na kumi 	1
/scratch/skscla001/experiments/datasets/swagen/audio/common_voice_sw_34940768.wav	mbinguni kuna malaika 	0
/scratch/skscla001/experiments/datasets/swagen/audio/common_voice_sw_29865349.wav	baba yake alihamia zambia kama mchungaji wa kanisa la kilutheri 	1
/scratch/skscla001/experiments/datasets/swagen/audio/common_voice_sw_30485657.wav	pep guardiola alipokwenda aliongeza utawala wa bayern kwa timu zingine 	1
/scratch/skscla001/experiments/datasets/swagen/audio/common_voice_sw_36320003.wav	radicals mashambulizi hayo waliitwa palmer raids kwa muda mfupi hoover iliyoundwa kadi namba mia 	1
/scratch/skscla001/experiments/datasets/swagen/audio/common_voice_sw_31997422.wav	tangu forodhani kufungwe hakuna tena uvuvi wa haja mombasa 	0
/scratch/skscla001/experiments/datasets/swagen/audio/common_voice_sw_30380493.wav	shughuli kubwa ya wajita ni kilimo uvuvi na ufugaji 	1
/scratch/skscla001/experiments/datasets/swagen/audio/common_voice_sw_30671688.wav	na haya yote ni katika kuongeza mzunguko wa fedha kwa watanzania 	1
/scratch/skscla001/experiments/datasets/swagen/audio/common_voice_sw_35099126.wav	ambao unaweza kusukuma lita sitini hadi sabini na tano za damu kwa muda wa 	0
/scratch/skscla001/experiments/datasets/swagen/audio/common_voice_sw_29936526.wav	ikiwa ni pamoja na utengenezaji wa daraja la kisasa 	1
/scratch/skscla001/experiments/datasets/swagen/audio/common_voice_sw_34958843.wav	na mchango mkubwa kwa vijana nakumbuka kuna mechi moja ya simba na 	0
/scratch/skscla001/experiments/datasets/swagen/audio/common_voice_sw_31285777.wav	serikali inatekeleza mradi wa kufua umeme wa maji wa julius nyerere 	0
/scratch/skscla001/experiments/datasets/swagen/audio/common_voice_sw_30182233.wav	ukifika hapo unaweza kuona wanyama kama simba chui fisi tumbili swala na ngedele 	1
/scratch/skscla001/experiments/datasets/swagen/audio/common_voice_sw_29977594.wav	mataifa manne yanayoguswa na bahari ya mediterania 	0
/scratch/skscla001/experiments/datasets/swagen/audio/common_voice_sw_29572641.wav	iko katika mashariki ya nchi 	1
/scratch/skscla001/experiments/datasets/swagen/audio/common_voice_sw_30342744.wav	kwa pamoja mienendo hii huongeza hatari ya kupata magonjwa ya zinaa 	1
/scratch/skscla001/experiments/datasets/swagen/audio/common_voice_sw_37088035.wav	joseph bruce aliitelekeza meli yake ya titanic 	0
/scratch/skscla001/experiments/datasets/swagen/audio/common_voice_sw_29959531.wav	chini ya uongozi wa kikomunisti wa john okelo 	1
/scratch/skscla001/experiments/datasets/swagen/audio/common_voice_sw_29943192.wav	pochettino anaweza kumtumia kwenye nafasi hiyo 	1
/scratch/skscla001/experiments/datasets/swagen/audio/common_voice_sw_35104480.wav	mwaka wa elfu moja mia tisa hamsini na tano 	0
/scratch/skscla001/experiments/datasets/swagen/audio/common_voice_sw_29976357.wav	kipimo kilikuwa mita elfu tano mia tisa tisini na mbili 	1
/scratch/skscla001/experiments/datasets/swagen/audio/common_voice_sw_30671855.wav	congo iliichapa mali mabao matatu kwa mawili 	1
/scratch/skscla001/experiments/datasets/swagen/audio/common_voice_sw_29798628.wav	pamoja na kuwaajiri watu laki moja 	0
/scratch/skscla001/experiments/datasets/swagen/audio/common_voice_sw_30653637.wav	kumekuwa na hadithi nyingi juu ya eneo hilo ambazo nyingi ni za kutisha 	0
/scratch/skscla001/experiments/datasets/swagen/audio/common_voice_sw_37089359.wav	kaa nami yesu 	1
/scratch/skscla001/experiments/datasets/swagen/audio/common_voice_sw_35106073.wav	usishindane na mtu wajibu kwa wema 	0
/scratch/skscla001/experiments/datasets/swagen/audio/common_voice_sw_36375310.wav	ili kufikiautegemezi bandia wa dawa za kulevya 	1
/scratch/skscla001/experiments/datasets/swagen/audio/common_voice_sw_29798054.wav	ufaransa walikuwa mabingwa kombe la dunia 	0
/scratch/skscla001/experiments/datasets/swagen/audio/common_voice_sw_35106735.wav	na mwaka ellfu moja mia tisa sabini na mbili 	0
/scratch/skscla001/experiments/datasets/swagen/audio/common_voice_sw_30057846.wav	maandishi mengi kuhusu amini yanaeleza alizaliwa koboko au kampala 	1
/scratch/skscla001/experiments/datasets/swagen/audio/common_voice_sw_28855832.wav	mojawapo ya changamoto tunayokabiliana nayo katika mpango huu ni kupata tafsiri mwafaka ya maneno 	1
/scratch/skscla001/experiments/datasets/swagen/audio/common_voice_sw_28874226.wav	kwa kawaida rangi yao ni nyeusi kijivu au kahawia 	0
/scratch/skscla001/experiments/datasets/swagen/audio/common_voice_sw_30365224.wav	profesa joseph semboja ambaye ni mchumi na mkuu wa taasisi ya uongozi 	1
/scratch/skscla001/experiments/datasets/swagen/audio/common_voice_sw_29896648.wav	alikuwa kiongozi ambaye hajali matatizo ya wengine 	1
/scratch/skscla001/experiments/datasets/swagen/audio/common_voice_sw_30003944.wav	magofu mengine yanazidi kuchakaa na kubomoka 	0
/scratch/skscla001/experiments/datasets/swagen/audio/common_voice_sw_29797377.wav	baada ya hapo alijiunga na shule ya sekondari ya ngambo 	0
/scratch/skscla001/experiments/datasets/swagen/audio/common_voice_sw_29960269.wav	ndani ya hifadhi ya mikumi kuna simba 	0
/scratch/skscla001/experiments/datasets/swagen/audio/common_voice_sw_35099297.wav	wa kugeuza umbo la glutamati katika mara mtu ageukapo kutoka matumizi 	0
/scratch/skscla001/experiments/datasets/swagen/audio/common_voice_sw_28877823.wav	wakati huohuo aliandika pia masimulizi na vitabu 	1
/scratch/skscla001/experiments/datasets/swagen/audio/common_voice_sw_28682820.wav	konokono wengine wengi kiasi pia hupatikana kwenye maji baridi 	1
/scratch/skscla001/experiments/datasets/swagen/audio/common_voice_sw_29864520.wav	tanzania imejengwa katika misingi ya ushirikiano 	1
/scratch/skscla001/experiments/datasets/swagen/audio/common_voice_sw_29791457.wav	asili yake ni ni kutoka wanawake wa zanzibar 	0
/scratch/skscla001/experiments/datasets/swagen/audio/common_voice_sw_29797832.wav	malaria ni hatari zaidi kwa wajawazito kuliko watu wa kawaida 	0
/scratch/skscla001/experiments/datasets/swagen/audio/common_voice_sw_30717977.wav	lakini wahenga walisema kisicho riziki akiliki 	0
/scratch/skscla001/experiments/datasets/swagen/audio/common_voice_sw_29798084.wav	wapi na muda tajwa kulingana na mazingira 	0
/scratch/skscla001/experiments/datasets/swagen/audio/common_voice_sw_29790730.wav	athari kubwa imepelekea watu wengi kupoteza maisha kutokana na migogoro tofauti ya marais 	0
/scratch/skscla001/experiments/datasets/swagen/audio/common_voice_sw_31285479.wav	zile malighafi walizovuna katika ardhi ya afrika ziliwemo dhahabu na almasi 	0
/scratch/skscla001/experiments/datasets/swagen/audio/common_voice_sw_29798694.wav	ufugaji wao ni wa kawaida tofauti na wenzao wakurya 	0
/scratch/skscla001/experiments/datasets/swagen/audio/common_voice_sw_36382565.wav	ameenda mjini tangu juzi 	1
/scratch/skscla001/experiments/datasets/swagen/audio/common_voice_sw_31321717.wav	lakini huko geita katika mkoa wa geita 	1
/scratch/skscla001/experiments/datasets/swagen/audio/common_voice_sw_30450898.wav	watu wanaopenda kufanya mazoezi coco ni nzuri kwani ina fukwe ndefu zaidi 	1
/scratch/skscla001/experiments/datasets/swagen/audio/common_voice_sw_28718597.wav	alianza maisha ya kujitegemea akiwa na umri mdogo 	0
/scratch/skscla001/experiments/datasets/swagen/audio/common_voice_sw_36299500.wav	lakini kila jamii inajitofautisha kwa lahaja yake 	1
/scratch/skscla001/experiments/datasets/swagen/audio/common_voice_sw_30376938.wav	dhidi ya siasa za kibaguzi za zuberi mtemvu 	0
/scratch/skscla001/experiments/datasets/swagen/audio/common_voice_sw_34746296.wav	kuliko vile ilivyodhaniwa hapo awali hatukujikwaa tu 	0
/scratch/skscla001/experiments/datasets/swagen/audio/common_voice_sw_28718723.wav	inasemekana aliuawa kwa ajili ya imani pamoja na mke wake na wengineo 	0
/scratch/skscla001/experiments/datasets/swagen/audio/common_voice_sw_30342867.wav	kaka yake alimtaka ajaribu kuomba kazi kituo cha redio muda 	1
/scratch/skscla001/experiments/datasets/swagen/audio/common_voice_sw_29864565.wav	vigezo vilivyotumiwa kuainisha majengo ya kihstoria ni kutokana na sheria ya mambo ya kale 	1
/scratch/skscla001/experiments/datasets/swagen/audio/common_voice_sw_35756762.wav	viongozi wa mataifa mia moja tisini na nne wanakutana jijini kangkon 	1
/scratch/skscla001/experiments/datasets/swagen/audio/common_voice_sw_36067364.wav	kanisa la mtakatifu george lalibela na ethiopia lilichongwa lote katika mwamba 	1
/scratch/skscla001/experiments/datasets/swagen/audio/common_voice_sw_34906965.wav	isiyokufa bado ana uwezo wa kuinuka hadi kwa mungu ingawa uwezo 	0
/scratch/skscla001/experiments/datasets/swagen/audio/common_voice_sw_30266881.wav	kiwango cha juu cha joto hutegemea angalau ni kutoka wakati kiwango cha chini 	1
/scratch/skscla001/experiments/datasets/swagen/audio/common_voice_sw_34763465.wav	nchi wanachama wa shirikisho la biashara duniani 	1
/scratch/skscla001/experiments/datasets/swagen/audio/common_voice_sw_30021035.wav	kwa wenye matatizo ya moyo tende zitawasaidia kuupa moyo nguvu 	1
/scratch/skscla001/experiments/datasets/swagen/audio/common_voice_sw_28660854.wav	haki hiyo inahusu mtu binafsi na makundi pia 	1
/scratch/skscla001/experiments/datasets/swagen/audio/common_voice_sw_29795852.wav	ilisababisha wakimbie haraka na kuuacha mji wa mtukula kwenye mikono ya watanzania 	1
/scratch/skscla001/experiments/datasets/swagen/audio/common_voice_sw_31306038.wav	wazigula hupewa jina litakalotumika wakati na baada ya ndoa 	1
/scratch/skscla001/experiments/datasets/swagen/audio/common_voice_sw_31284669.wav	siku hizi biashara nyingi zinafanyika kupitia mitandao ya kijamii 	0
/scratch/skscla001/experiments/datasets/swagen/audio/common_voice_sw_31440768.wav	imepoteza fainali ya ulaya kwa chelsea 	1
/scratch/skscla001/experiments/datasets/swagen/audio/common_voice_sw_36387321.wav	ili mwanaume pia apendezewe na mke wake ndani ya nyumba 	1
/scratch/skscla001/experiments/datasets/swagen/audio/common_voice_sw_35214344.wav	inakisiwa kuwa zaidi ya raia wa sudan elfu kumi amekitaka makao 	0
/scratch/skscla001/experiments/datasets/swagen/audio/common_voice_sw_29818273.wav	alijiingiza katika mapambano mengi ya kukomboa nchi yake 	0
/scratch/skscla001/experiments/datasets/swagen/audio/common_voice_sw_30033909.wav	uruguay ndio nchi yenye historia ya kuanza kutwaa kombe la dunia tangu lilipoanzishwa 	0
/scratch/skscla001/experiments/datasets/swagen/audio/common_voice_sw_29791490.wav	mji huu ulifahamika kama kitovu cha biashara karne ya tisa hadi kumi na tano 	0
/scratch/skscla001/experiments/datasets/swagen/audio/common_voice_sw_35279234.wav	unaweza kupata mkopo wa kipindi kisichozidi siku moja ya kazi 	0
/scratch/skscla001/experiments/datasets/swagen/audio/common_voice_sw_31306391.wav	pia ni moja ya maeneo muhimu ya mazalia ya ndege wahamao pamoja 	1
/scratch/skscla001/experiments/datasets/swagen/audio/common_voice_sw_37226166.wav	kongamano lilifanyika katika ukumbi wa hoteli ya verde mtoni jijini zanzibar 	1
/scratch/skscla001/experiments/datasets/swagen/audio/common_voice_sw_30196718.wav	nchi nyingi za afrika zilijenga uhusiano na tanzania 	0
/scratch/skscla001/experiments/datasets/swagen/audio/common_voice_sw_30631315.wav	liemba itakuwa inatimiza miaka mia moja kamili tangu ianze kuelea kwenye ziwa tanganyika 	1
/scratch/skscla001/experiments/datasets/swagen/audio/common_voice_sw_30180281.wav	tangu wakati huo mji umendelea kupata umaarufu hadi sasa 	1
/scratch/skscla001/experiments/datasets/swagen/audio/common_voice_sw_30036879.wav	alitangaza kustaafu kuichezea timu ya taifa mwaka elfu mbili na kumi na sita 	0
/scratch/skscla001/experiments/datasets/swagen/audio/common_voice_sw_28672836.wav	ya mwamba na lava angani 	0
/scratch/skscla001/experiments/datasets/swagen/audio/common_voice_sw_28802990.wav	mvuto huu wenye nguvu wa anga pia husababisha mzunguko wa anga wa jumla 	0
/scratch/skscla001/experiments/datasets/swagen/audio/common_voice_sw_30441236.wav	pesa inaweza kumfanya pep kuwa kocha wa simba 	1
/scratch/skscla001/experiments/datasets/swagen/audio/common_voice_sw_35284665.wav	mji mkongwe wenye historia kubwa una majengo mengi ya kihistoria 	0
/scratch/skscla001/experiments/datasets/swagen/audio/common_voice_sw_34597050.wav	kuvaa mavazi ya kimagharibi mno licha ya kuwa 	0
/scratch/skscla001/experiments/datasets/swagen/audio/common_voice_sw_30142996.wav	kwa hiyo uwepo wa bahari hii imeleta nafuu kubwa sana kwa mataifa ya afrika 	0
/scratch/skscla001/experiments/datasets/swagen/audio/common_voice_sw_29897546.wav	bagamoyo imehifadhi siri nyingi za mali kale ambazo watanzania wengi hawazijui 	1
/scratch/skscla001/experiments/datasets/swagen/audio/common_voice_sw_30058639.wav	algeria waliandaa michuano ya mataifa ya afrika 	1
/scratch/skscla001/experiments/datasets/swagen/audio/common_voice_sw_29796556.wav	jamii ya kabila la maasai ilikuwa ikiishi katika maeneo yote ya serengeti na ngorongoro 	1
/scratch/skscla001/experiments/datasets/swagen/audio/common_voice_sw_29961765.wav	kwenye msitu wa amani utaweza kuona nyani weupe na bluu 	1
/scratch/skscla001/experiments/datasets/swagen/audio/common_voice_sw_35104115.wav	lengo la mkataba wa mauaji ya kimbari ni kuzuia uangamizaji wa makusudi 	0
/scratch/skscla001/experiments/datasets/swagen/audio/common_voice_sw_35409462.wav	wageni wengi huishia kutazama kutokana na kuogopa 	0
/scratch/skscla001/experiments/datasets/swagen/audio/common_voice_sw_30574260.wav	uggala inavivutio vingi vikiwemo mto ugalla 	0
/scratch/skscla001/experiments/datasets/swagen/audio/common_voice_sw_30016472.wav	urais wa chama hiki ulitolewa kwa jomo kenyatta 	0
/scratch/skscla001/experiments/datasets/swagen/audio/common_voice_sw_31446523.wav	misitu ya asili ni misitu ambayo huota yenyewe bila kupandwa na binadamu 	0
/scratch/skscla001/experiments/datasets/swagen/audio/common_voice_sw_30017652.wav	kufanana na soda pia tabaka zito la majivu linaweza kugeuka 	1
/scratch/skscla001/experiments/datasets/swagen/audio/common_voice_sw_30034532.wav	wengine wamejaribu kuona msingi wa jina katika lugha ya kichagga 	0
/scratch/skscla001/experiments/datasets/swagen/audio/common_voice_sw_36388647.wav	duka lake lina wateja wengi 	1
/scratch/skscla001/experiments/datasets/swagen/audio/common_voice_sw_35156077.wav	amenifanya mwana niliyekuwa mfungwa 	0
/scratch/skscla001/experiments/datasets/swagen/audio/common_voice_sw_31286345.wav	raia wa uingereza na mwenyekiti wa kampuni ya ndege aliyeitwa bwana herri william 	1
/scratch/skscla001/experiments/datasets/swagen/audio/common_voice_sw_30438887.wav	usambazaji hutokea kupitia vyombo vya habari na 	0
/scratch/skscla001/experiments/datasets/swagen/audio/common_voice_sw_28670317.wav	unaweza pia kupata saratani ya ini 	1
/scratch/skscla001/experiments/datasets/swagen/audio/common_voice_sw_36390197.wav	kioo kimeletwa 	1
/scratch/skscla001/experiments/datasets/swagen/audio/common_voice_sw_30577589.wav	umarufu huo unatokana na vitu mbalimbali vilivyomo wilayani humo ikiwemo mapango ya kale 	1
/scratch/skscla001/experiments/datasets/swagen/audio/common_voice_sw_34837099.wav	kusini mwa bara la afrika kulikuwa na waimbaji wengi wanawake 	0
/scratch/skscla001/experiments/datasets/swagen/audio/common_voice_sw_29797707.wav	anasema kazi ya kupambana na ujangili ni ngumu 	0
/scratch/skscla001/experiments/datasets/swagen/audio/common_voice_sw_30323794.wav	mwili wa nkrumah ukasafirishwa kutoka bucharest romania kuja mjini conakry 	1
/scratch/skscla001/experiments/datasets/swagen/audio/common_voice_sw_29182626.wav	alitumia sehemu kubwa ya utajiri wake kujenga jeshi la binafsi 	1
/scratch/skscla001/experiments/datasets/swagen/audio/common_voice_sw_35103849.wav	kitamaduni wanaume huwa walikuwa wanategemewa kutoa vitanda vyao kwa mgeni mwanaume 	0
/scratch/skscla001/experiments/datasets/swagen/audio/common_voice_sw_35409068.wav	akiwatolea huduma zake panteno wa chuo cha aleksandria alikwenda india 	1
/scratch/skscla001/experiments/datasets/swagen/audio/common_voice_sw_28683246.wav	chanzo cha mto ruvuma kipo karibu na mji 	1
/scratch/skscla001/experiments/datasets/swagen/audio/common_voice_sw_30653983.wav	japani ilikuwa na mkataba wa kusaidana na uingreza 	0
/scratch/skscla001/experiments/datasets/swagen/audio/common_voice_sw_30233548.wav	karol alipiga hodi kwenye nyumba ya askofu mkuu wa krakow 	1
/scratch/skscla001/experiments/datasets/swagen/audio/common_voice_sw_29925053.wav	hufanyika mwezi wa kumi na mbili tu 	0
/scratch/skscla001/experiments/datasets/swagen/audio/common_voice_sw_31324001.wav	wengine wamejaribu kuona msingi wa jina katika lugha ya kichaga 	1
/scratch/skscla001/experiments/datasets/swagen/audio/common_voice_sw_29789387.wav	mheshimiwa samia suluhu hassan alizaliwa januari ishirini na saba elfu moja mia tisa sitini 	0
/scratch/skscla001/experiments/datasets/swagen/audio/common_voice_sw_30527550.wav	aliteseka kwa muda wa miaka mitatu 	0
/scratch/skscla001/experiments/datasets/swagen/audio/common_voice_sw_30126752.wav	katika masomo ya sayansi na hisabati waliyapa kipaumbele 	0
/scratch/skscla001/experiments/datasets/swagen/audio/common_voice_sw_36945318.wav	mfumo wa upumuaji unasababisha matatizo kwa mgonjwa 	1
/scratch/skscla001/experiments/datasets/swagen/audio/common_voice_sw_29993436.wav	alisoma katika chuo kikuu cha dayatar nairobi kenya 	1
/scratch/skscla001/experiments/datasets/swagen/audio/common_voice_sw_36067178.wav	lakini aliona hawakuwa peke yao ambao hawatii amri yake 	1
/scratch/skscla001/experiments/datasets/swagen/audio/common_voice_sw_29001972.wav	ni asili ya amerika ya kitropiki ikiwa ni pamoja na karibi 	1
/scratch/skscla001/experiments/datasets/swagen/audio/common_voice_sw_29955982.wav	mwanzoni mtoto huyo wa mchungaji aliajiriwa kama mwalimu 	1
/scratch/skscla001/experiments/datasets/swagen/audio/common_voice_sw_28876709.wav	pamoja vyumba viwili vya sheria hufanya mwili maamuzi nchini nigeria kinachoitwa bunge 	1
/scratch/skscla001/experiments/datasets/swagen/audio/common_voice_sw_29795256.wav	abeid amani karume alipeleka barua ya kuomba kazi melini 	1
/scratch/skscla001/experiments/datasets/swagen/audio/common_voice_sw_30203825.wav	tarehe kumi mwezi wa kumi na mbili 	1
/scratch/skscla001/experiments/datasets/swagen/audio/common_voice_sw_30026004.wav	ushirikiano hauwezi kuja bila kuwa na demokrasia 	1
/scratch/skscla001/experiments/datasets/swagen/audio/common_voice_sw_36644414.wav	umbali wa maelfu ya kilomita ulikuwa unasababisha mvua ya 	0
/scratch/skscla001/experiments/datasets/swagen/audio/common_voice_sw_29791994.wav	ruhuhu na ruipa upo pia mto rungwa 	0
/scratch/skscla001/experiments/datasets/swagen/audio/common_voice_sw_30539508.wav	tabasamu lake hunipa ujasiri wa kupambana zaidi 	0
/scratch/skscla001/experiments/datasets/swagen/audio/common_voice_sw_30647797.wav	alipangiwa kazi yake ya kwanza ya kichungaji katika kijiji cha niegowiic 	1
/scratch/skscla001/experiments/datasets/swagen/audio/common_voice_sw_30522833.wav	kwa sababu imekuwa ikibeba mizigo mikubwa 	0
/scratch/skscla001/experiments/datasets/swagen/audio/common_voice_sw_29955149.wav	tanzania ilianza kutumia bendera yake baada ya uhuru 	1
/scratch/skscla001/experiments/datasets/swagen/audio/common_voice_sw_37090726.wav	dalili za maambukizi ya virusi vya ukimwi ni nyingi sana 	1
/scratch/skscla001/experiments/datasets/swagen/audio/common_voice_sw_29589184.wav	ina matumizi muhimu kwa ujenzi na vifaa pia kama kuni kwa moto 	0
/scratch/skscla001/experiments/datasets/swagen/audio/common_voice_sw_29787549.wav	maana yake ni upande wa kabila la washashi 	1
/scratch/skscla001/experiments/datasets/swagen/audio/common_voice_sw_35160847.wav	kuchukua maamuzi mazito kupunguza idadi ya mfanyakazi 	0
/scratch/skscla001/experiments/datasets/swagen/audio/common_voice_sw_30126499.wav	ingawa wakati wa masika barabara zinaweza kutopitika kirahisi 	0
/scratch/skscla001/experiments/datasets/swagen/audio/common_voice_sw_29419996.wav	kwa sasa ni mtayarishaji wa nyimbo kutoka tanzania 	1
/scratch/skscla001/experiments/datasets/swagen/audio/common_voice_sw_30022010.wav	mnyama alipotea msituni kwa miaka mingi 	1
/scratch/skscla001/experiments/datasets/swagen/audio/common_voice_sw_30114532.wav	hapo akafanikiwa kuwa balozi wa nembo ya kampuni ya puma 	1
/scratch/skscla001/experiments/datasets/swagen/audio/common_voice_sw_29877377.wav	kama nilivyosema awali unaweza kuwa unaishi katikati 	1
/scratch/skscla001/experiments/datasets/swagen/audio/common_voice_sw_30081129.wav	watafiti mbalimbali wa sokwe hufanya tafiti mbalimbali mahale 	0
/scratch/skscla001/experiments/datasets/swagen/audio/common_voice_sw_29790888.wav	lazima tuamke na kukubaliana na ukweli wa namna hii 	0
/scratch/skscla001/experiments/datasets/swagen/audio/common_voice_sw_35408174.wav	unatumika kwenye nchi ambazo ni wanachama wa umoja wa mataifa 	1
/scratch/skscla001/experiments/datasets/swagen/audio/common_voice_sw_29822618.wav	uchimbaji wa madini ya kobalti unatoa fursa nyingi sana kwa taifa hilo 	1
/scratch/skscla001/experiments/datasets/swagen/audio/common_voice_sw_30438306.wav	hii inashangaza kwani tukio la kuhama kwao kuingia kenya huwa mara moja pekee 	1
/scratch/skscla001/experiments/datasets/swagen/audio/common_voice_sw_36385241.wav	hussein mwinyi alisoma shahada yake ya kwanza ya udaktari wa kibinaadamu 	1
/scratch/skscla001/experiments/datasets/swagen/audio/common_voice_sw_29939762.wav	katiba ya tanzania ilitungwa rasmi na bunge la tanzania 	0
/scratch/skscla001/experiments/datasets/swagen/audio/common_voice_sw_30021461.wav	mbali na filamu hiyo kuna filamu takribani kumi na moja 	1
/scratch/skscla001/experiments/datasets/swagen/audio/common_voice_sw_35172733.wav	kusikiza ni vyema 	0
/scratch/skscla001/experiments/datasets/swagen/audio/common_voice_sw_30258327.wav	ugonjwa wa korona unahatarisha afya ya mama na mtoto 	1
/scratch/skscla001/experiments/datasets/swagen/audio/common_voice_sw_28662053.wav	huyu ni mke wa kwanza wa mzee kizito 	1
/scratch/skscla001/experiments/datasets/swagen/audio/common_voice_sw_37222827.wav	bahari ni kubwa 	0
/scratch/skscla001/experiments/datasets/swagen/audio/common_voice_sw_30314732.wav	kitulo ni eneo pekee kwa ajili ya ndege aina ya tendawili machaka 	0
/scratch/skscla001/experiments/datasets/swagen/audio/common_voice_sw_35123739.wav	wamasai hujifunza lugha kiswahili na kingeraza wakiwa shuleni 	0
/scratch/skscla001/experiments/datasets/swagen/audio/common_voice_sw_29923851.wav	alifanya hivyo ili kuleta muungano katika mapigano ya uhuru 	0
/scratch/skscla001/experiments/datasets/swagen/audio/common_voice_sw_37089548.wav	hasa mtu kama waziri mkuu nadhani 	1
/scratch/skscla001/experiments/datasets/swagen/audio/common_voice_sw_30326928.wav	walitangaza marufuku kwa watu weusi kwenda shule 	1
/scratch/skscla001/experiments/datasets/swagen/audio/common_voice_sw_35105404.wav	elfu moja mia tisa sabini na sita wazazi wake walimpa jina la joseph mayanja 	0
/scratch/skscla001/experiments/datasets/swagen/audio/common_voice_sw_29793059.wav	zinazotumiwa na wavuvi wadogo wadogo wa mataifa haya 	0
/scratch/skscla001/experiments/datasets/swagen/audio/common_voice_sw_37226038.wav	kisha akakagua magazine zake zilikuwa zimejaa risasi akaziweka kiunoni zile bastola 	1
/scratch/skscla001/experiments/datasets/swagen/audio/common_voice_sw_29789818.wav	zote zipo kwenye maeneo ambapo ushaidi wa mababu wa kwanza kwa binadamu upo 	0
/scratch/skscla001/experiments/datasets/swagen/audio/common_voice_sw_35206858.wav	uliotangulia maandiko yenyewe kwa karne kadhaa sehemu 	0
/scratch/skscla001/experiments/datasets/swagen/audio/common_voice_sw_36643669.wav	naye amedadavua kuhusu buha na mahusiano ya kikanda 	0
/scratch/skscla001/experiments/datasets/swagen/audio/common_voice_sw_29728364.wav	lilikuwa pia jina la mungu wa kike katika dini ya roma ya kale 	1
/scratch/skscla001/experiments/datasets/swagen/audio/common_voice_sw_30343227.wav	ulikuwa mwaka wa mafanikio makubwa sana kwa ronaldo 	1
/scratch/skscla001/experiments/datasets/swagen/audio/common_voice_sw_30372708.wav	walutheri waliendelea na cheo cha uaskofu na desturi nyingi za kanisa la kale 	0
/scratch/skscla001/experiments/datasets/swagen/audio/common_voice_sw_28874541.wav	miaka yake ya mwisho al masudi aliishi misri 	0
/scratch/skscla001/experiments/datasets/swagen/audio/common_voice_sw_35099316.wav	gine siku hizi za karibuni watafika mpaka mozambiki 	0
/scratch/skscla001/experiments/datasets/swagen/audio/common_voice_sw_30586116.wav	milima ya usambara na milima ya uvidunda 	1
/scratch/skscla001/experiments/datasets/swagen/audio/common_voice_sw_30074831.wav	haya yote ndio yatakayokamilisha safari ya matembezi hifadhini 	0
/scratch/skscla001/experiments/datasets/swagen/audio/common_voice_sw_28874300.wav	alikuwa mtangazaji wa habari na michezo haswa soka 	0
/scratch/skscla001/experiments/datasets/swagen/audio/common_voice_sw_29789798.wav	zinasaidia kuhakikisha kwamba unajisikia vizuri kiasi ukipanda na ukishuka 	0
/scratch/skscla001/experiments/datasets/swagen/audio/common_voice_sw_28582231.wav	mfano atomu sahili ya hidrojeni ina mzingo mmoja wenye elektroni moja tu 	1
/scratch/skscla001/experiments/datasets/swagen/audio/common_voice_sw_29982058.wav	alipokuwa na umri wa miaka ishirini na mbili alikuwa amepokea ballon dor 	1
/scratch/skscla001/experiments/datasets/swagen/audio/common_voice_sw_34745897.wav	kama alivyojiwa hapo na mwenzangu victor macsedek 	0
/scratch/skscla001/experiments/datasets/swagen/audio/common_voice_sw_34942734.wav	kuweza kuleta matokeo katika kazi wanazopewa 	0
/scratch/skscla001/experiments/datasets/swagen/audio/common_voice_sw_31584116.wav	mnamo tarehe thelathini na moja januari mwaka elfu mbili na tano alitunukiwa tuzo 	0
/scratch/skscla001/experiments/datasets/swagen/audio/common_voice_sw_28999954.wav	pijini ni lugha za nyongeza si lugha mama 	1
/scratch/skscla001/experiments/datasets/swagen/audio/common_voice_sw_30024256.wav	baadae aliuawa akiwa tanganyika kwa sasa tanzania 	0
/scratch/skscla001/experiments/datasets/swagen/audio/common_voice_sw_34745977.wav	nilienda shule jana 	0
/scratch/skscla001/experiments/datasets/swagen/audio/common_voice_sw_30380126.wav	vijana wa kiume huvaa nguo nyeusi kwa miezi 	1
/scratch/skscla001/experiments/datasets/swagen/audio/common_voice_sw_28681191.wav	athira ya mfano wa umoja wa kisovyeti na china ilikuwa muhimu pia 	1
/scratch/skscla001/experiments/datasets/swagen/audio/common_voice_sw_30335029.wav	inaongezeka hifadhi ya taifa ya ngorongoro kaskazini mwa tanzania 	1
/scratch/skscla001/experiments/datasets/swagen/audio/common_voice_sw_31467495.wav	mazungumzo kati ya vikosi vya ukombozi na serikali ya wachache ya ian smith 	1
/scratch/skscla001/experiments/datasets/swagen/audio/common_voice_sw_29176805.wav	inasemekana alikuwa shemasi 	0
/scratch/skscla001/experiments/datasets/swagen/audio/common_voice_sw_30007157.wav	hifadhi ya arusha inapambwa na maziwa ya momella 	1
/scratch/skscla001/experiments/datasets/swagen/audio/common_voice_sw_36641214.wav	bi anita alimpa ruhusa jabir kumuoa juliana owimana na juliana alilitegemea kwsababu alifahamu ukweli 	0
/scratch/skscla001/experiments/datasets/swagen/audio/common_voice_sw_30025126.wav	wanaume wana fimbo ambazo huwakilisha kazi yao kubwa ya ufugaji 	1
/scratch/skscla001/experiments/datasets/swagen/audio/common_voice_sw_30641386.wav	hadi wa mita elfu mbili juu ya pwani ya magharibi ya ziwa hili 	1
/scratch/skscla001/experiments/datasets/swagen/audio/common_voice_sw_31409771.wav	mama wa kichagga anaweza kushinda shambani kutwa na hana desturi ya kubeba watoto mgongoni 	1
/scratch/skscla001/experiments/datasets/swagen/audio/common_voice_sw_29793608.wav	habari nyingine zinaeleza amin alizaliwa elfu moja mia tisa ishirini na tatu 	0
/scratch/skscla001/experiments/datasets/swagen/audio/common_voice_sw_28718744.wav	wana watoto wanne pamoja 	0
/scratch/skscla001/experiments/datasets/swagen/audio/common_voice_sw_30074409.wav	semduda alijifungua mtoto wa kiume akamuita muyinga 	0
/scratch/skscla001/experiments/datasets/swagen/audio/common_voice_sw_36644607.wav	aliyekuwa amejiinamia akauliza aliyekuwa akimwita ni nani 	0
/scratch/skscla001/experiments/datasets/swagen/audio/common_voice_sw_28718746.wav	chakula chao kikuu ni aina mbalimbali za mimea 	0
/scratch/skscla001/experiments/datasets/swagen/audio/common_voice_sw_30435922.wav	urefu wake wa kilomita mia mbili na tisini 	0
/scratch/skscla001/experiments/datasets/swagen/audio/common_voice_sw_37083803.wav	ambae amemfanyia unyama sana mwana mwana ameuguwa kwa asilimia kubwa sana mkononi amemchoma 	0
/scratch/skscla001/experiments/datasets/swagen/audio/common_voice_sw_29997670.wav	amecheza timu tatu za taifa 	1
/scratch/skscla001/experiments/datasets/swagen/audio/common_voice_sw_31285983.wav	vilevile misitu yenye mandhari mazuri yenye kupendeza 	0
/scratch/skscla001/experiments/datasets/swagen/audio/common_voice_sw_29872964.wav	kutokana na utunzaji wa mila na desturi 	1
/scratch/skscla001/experiments/datasets/swagen/audio/common_voice_sw_28695293.wav	hii inaweza kusababisha kila aina ya shida 	1
/scratch/skscla001/experiments/datasets/swagen/audio/common_voice_sw_37086579.wav	mwanamuziki wa kwanza wimbo wake kuchezwa redioni alikuwa ni sugu 	1
/scratch/skscla001/experiments/datasets/swagen/audio/common_voice_sw_30067512.wav	hatimae lumumba na chama chake walipata ushindi uliowawezesha kuunda serikali 	1
/scratch/skscla001/experiments/datasets/swagen/audio/common_voice_sw_31304416.wav	alipokuwa na umri wa miaka minne alijiunga na klabu ya grandoli 	1
/scratch/skscla001/experiments/datasets/swagen/audio/common_voice_sw_29907118.wav	ambayo ni msimu wa vuli unaoanzia mwezi oktoba desemba 	1
/scratch/skscla001/experiments/datasets/swagen/audio/common_voice_sw_28673101.wav	maharagwe huwa na kiasi kikubwa cha protini 	1
/scratch/skscla001/experiments/datasets/swagen/audio/common_voice_sw_29789862.wav	umiliki wa ardhi umeongezeka kwa wanawake kutoka asilimia sita 	0
/scratch/skscla001/experiments/datasets/swagen/audio/common_voice_sw_29789326.wav	kuna wakati rais wa barcolona joan laporta aliwahi kusema 	1
/scratch/skscla001/experiments/datasets/swagen/audio/common_voice_sw_29350788.wav	ni profesa wa chuo kikuu cha dar es salaam katika kitengo cha sanaa 	0
/scratch/skscla001/experiments/datasets/swagen/audio/common_voice_sw_36386162.wav	ishwa rasmi kwenye sherehe zilizofanyika katika uwaja wa amani 	1
/scratch/skscla001/experiments/datasets/swagen/audio/common_voice_sw_35684147.wav	wanajua uchafuzi wa hewa unatokea wapi ukubwa wa vyanzo 	1
/scratch/skscla001/experiments/datasets/swagen/audio/common_voice_sw_32244229.wav	gusa karatasi yako 	1
/scratch/skscla001/experiments/datasets/swagen/audio/common_voice_sw_30182081.wav	kila mfadhili haina budi kuwa katika kundi linalolingana na umri wa mama au mtoto 	1
/scratch/skscla001/experiments/datasets/swagen/audio/common_voice_sw_35177108.wav	wanamichezo tunapswa kumkumbuka hayati karume 	0
/scratch/skscla001/experiments/datasets/swagen/audio/common_voice_sw_30631297.wav	nkrumah aliandika baadae ni johnson aliyemfundisha namna gani ya kufanya kazi 	1
/scratch/skscla001/experiments/datasets/swagen/audio/common_voice_sw_30177277.wav	majeshi ya upinzani dhidi ya serikali ya kongo 	0
/scratch/skscla001/experiments/datasets/swagen/audio/common_voice_sw_36807760.wav	kuwait na marekani vita vya pili vya ghuba ya elfu mbili na tatu 	1
/scratch/skscla001/experiments/datasets/swagen/audio/common_voice_sw_29905760.wav	kiswahili ni lugha ya kibantu inayotumiwa na watu katika mawasiliano 	1
/scratch/skscla001/experiments/datasets/swagen/audio/common_voice_sw_31322786.wav	ambao huchukua dawa za kurefusha maisha yao 	1
/scratch/skscla001/experiments/datasets/swagen/audio/common_voice_sw_35183939.wav	wafaransa nao walifika katika kisiwa hicho 	0
/scratch/skscla001/experiments/datasets/swagen/audio/common_voice_sw_37221113.wav	sikufika kwa harusi ya dadangu wiki iliyopita 	0
/scratch/skscla001/experiments/datasets/swagen/audio/common_voice_sw_30581930.wav	wajumbe wa mashirikisho ya soka kila nchi walipongezwa kuanzisha michuano 	0
/scratch/skscla001/experiments/datasets/swagen/audio/common_voice_sw_35963925.wav	wafanyikazi wa bei rahisi katika ulaya magharibi kusikia 	1
/scratch/skscla001/experiments/datasets/swagen/audio/common_voice_sw_36642168.wav	haya yalifanywa hasa katika kuondoa unyanyapaa wa usafi wa mazingira 	0
/scratch/skscla001/experiments/datasets/swagen/audio/common_voice_sw_30624180.wav	magufuli alipata elimu ya kiwango cha juu cha sekondari shule ya upili ya mkwawa 	0
/scratch/skscla001/experiments/datasets/swagen/audio/common_voice_sw_29922515.wav	inaelezwa wote hao waliuawa kwenye mapambano ya silaha nje ya eneo la tukio 	0
/scratch/skscla001/experiments/datasets/swagen/audio/common_voice_sw_29792063.wav	alitawala mtawala aliyejuliakana kwa jina la rusatira 	0
/scratch/skscla001/experiments/datasets/swagen/audio/common_voice_sw_31285997.wav	kwa sasa hivi ni mkuu wa wilaya ya temeke 	0
/scratch/skscla001/experiments/datasets/swagen/audio/common_voice_sw_35156146.wav	wanasheria wanadadisi sababu ya kukosefu kwa ufafanuzi 	0
/scratch/skscla001/experiments/datasets/swagen/audio/common_voice_sw_31581522.wav	iliyopo katika hifadhi za taifa hizo nzuri na za kupendeza 	0
/scratch/skscla001/experiments/datasets/swagen/audio/common_voice_sw_30352400.wav	pia gambia ipo na msumbiji bila kuisahau chadi na namibia 	0
/scratch/skscla001/experiments/datasets/swagen/audio/common_voice_sw_29573132.wav	utaalamu wake ulikuwa hasa upande wa fizikia na kemia 	1
/scratch/skscla001/experiments/datasets/swagen/audio/common_voice_sw_28961613.wav	kaa tayari kula 	0
/scratch/skscla001/experiments/datasets/swagen/audio/common_voice_sw_30176411.wav	aliwahi kumwambia waziwazi aliyekuwa rais wa zimbabwe wakati huo 	0
/scratch/skscla001/experiments/datasets/swagen/audio/common_voice_sw_30630892.wav	kimsingi kuna sekta kumi na mbili za kabila la wamasai 	1
/scratch/skscla001/experiments/datasets/swagen/audio/common_voice_sw_31285602.wav	kipa wa uingereza alikuwa anaitwa peter shilton 	0
/scratch/skscla001/experiments/datasets/swagen/audio/common_voice_sw_31306516.wav	hii inahusisha wavulana wengi kati ya umri wa miaka kumi na mbili 	1
/scratch/skscla001/experiments/datasets/swagen/audio/common_voice_sw_30671690.wav	hutoweka maeneo hayo na hata mtoto pia hujihami kwa kuingia katika mfuko 	1
/scratch/skscla001/experiments/datasets/swagen/audio/common_voice_sw_29925270.wav	kikundi hutawanyika na kusubiri mwaka mwingine au miwili 	0
/scratch/skscla001/experiments/datasets/swagen/audio/common_voice_sw_35106463.wav	usimchokoze mwanangu mzuri 	0
/scratch/skscla001/experiments/datasets/swagen/audio/common_voice_sw_29961341.wav	ni hifadhi kubwa inayochukua ukubwa wa kilomita kadhaa 	1
/scratch/skscla001/experiments/datasets/swagen/audio/common_voice_sw_28258554.wav	kasulu ni makao makuu ya dayosisi ya magharibi ya kanisa anglikana tanzania 	1
/scratch/skscla001/experiments/datasets/swagen/audio/common_voice_sw_29936393.wav	henrik larson wa sweden alifunga mabao matatu 	1
/scratch/skscla001/experiments/datasets/swagen/audio/common_voice_sw_30364741.wav	shughuli za kitalii ambazo hufanyika katika kijiji cha wahadzabe 	0
/scratch/skscla001/experiments/datasets/swagen/audio/common_voice_sw_28878763.wav	hali ya hewa ni ya wastani hakuna baridi kali wala joto kali 	1
/scratch/skscla001/experiments/datasets/swagen/audio/common_voice_sw_30026250.wav	mwigulu alikuwa hodari wa masomo yote ya sayansi na lugha 	0
/scratch/skscla001/experiments/datasets/swagen/audio/common_voice_sw_29519032.wav	chakula cha asili kama ilivyo kwa mkoa wote wa kagera ni ndizi 	0
/scratch/skscla001/experiments/datasets/swagen/audio/common_voice_sw_30623636.wav	kama jina la nchi hiyo bendera mpya ilikuwa muunganiko wa hiyo sehemu 	0
/scratch/skscla001/experiments/datasets/swagen/audio/common_voice_sw_37084849.wav	ikolojia na kupunguza mazao ya mimea na kuathiri misitu 	0
/scratch/skscla001/experiments/datasets/swagen/audio/common_voice_sw_29797093.wav	real adrid hawajasajiri wachezaji kwa misimu minne sasa mfululizo 	1
/scratch/skscla001/experiments/datasets/swagen/audio/common_voice_sw_36013849.wav	watu wa ghorofani ni wazuri 	1
/scratch/skscla001/experiments/datasets/swagen/audio/common_voice_sw_30718717.wav	alieleza makazi huko katika valkano ya ngorongoro 	0
/scratch/skscla001/experiments/datasets/swagen/audio/common_voice_sw_30026005.wav	alisomea ualimu huko makerere kampala uganda 	1
/scratch/skscla001/experiments/datasets/swagen/audio/common_voice_sw_30004622.wav	palikuwa na biashara kiasi samaki na chumvi 	0
/scratch/skscla001/experiments/datasets/swagen/audio/common_voice_sw_34958172.wav	namna ambavyo alivaa haikufurahisha 	0
/scratch/skscla001/experiments/datasets/swagen/audio/common_voice_sw_35105309.wav	kikwete alikutana na barack obama mwaka elfu mbili na tisa 	0
/scratch/skscla001/experiments/datasets/swagen/audio/common_voice_sw_29963477.wav	taifa la ujerumani lilishinda taji la tatu la dunia 	1
/scratch/skscla001/experiments/datasets/swagen/audio/common_voice_sw_37093688.wav	amani haiwezi kuja kwa upanga ila 	1
/scratch/skscla001/experiments/datasets/swagen/audio/common_voice_sw_34597625.wav	ni shughuli za kibinadamu na zile zinazozalisha uchafuzi wa aina hii 	0
/scratch/skscla001/experiments/datasets/swagen/audio/common_voice_sw_30146876.wav	mwaka elfu moja mia tisa sitini na moja tanganyika ilipata uhuru wake 	1
/scratch/skscla001/experiments/datasets/swagen/audio/common_voice_sw_36319261.wav	ulileta matatizo makubwa kwa uchumi na hata njaa kwa 	1
/scratch/skscla001/experiments/datasets/swagen/audio/common_voice_sw_36383734.wav	wanyambo wanasema tulitokana na kizazi cha kanyambo mtoto wa ruhanga 	1
/scratch/skscla001/experiments/datasets/swagen/audio/common_voice_sw_36641470.wav	moja walitumwa uzbekistan kyrgyzstan na kazakhstan waturuki 	0
/scratch/skscla001/experiments/datasets/swagen/audio/common_voice_sw_29787801.wav	real madrid ilishinda mabao manne kwa moja dhidi ya atletico madrid 	1
/scratch/skscla001/experiments/datasets/swagen/audio/common_voice_sw_34906927.wav	aliye madarakani na rais mstaafu kutoka vyama 	0
/scratch/skscla001/experiments/datasets/swagen/audio/common_voice_sw_30332354.wav	ndege zake tatu zilikuwa zikitoka uwanja wa ndege wa ngerengere mkoani morogoro 	0
/scratch/skscla001/experiments/datasets/swagen/audio/common_voice_sw_37091627.wav	carla alikuwa aina tofauti 	1
/scratch/skscla001/experiments/datasets/swagen/audio/common_voice_sw_37221525.wav	daktari matumbo hutibu wagonjwa 	0
/scratch/skscla001/experiments/datasets/swagen/audio/common_voice_sw_34747622.wav	isipokuwa kwa kuwaachia watawale italia ya kati walisababisha papa 	0
/scratch/skscla001/experiments/datasets/swagen/audio/common_voice_sw_28695360.wav	duniani kasoko zinapatikana mara nyingi kutokana na milipuko ya volkeno au milipuko mingine 	1
/scratch/skscla001/experiments/datasets/swagen/audio/common_voice_sw_34390788.wav	kama ambavyo imeelezwa na shirika la habari 	1
/scratch/skscla001/experiments/datasets/swagen/audio/common_voice_sw_37091755.wav	mbu wanaweza kusambaza virusi vya ukimwi 	1
/scratch/skscla001/experiments/datasets/swagen/audio/common_voice_sw_29915122.wav	huwezi kuzungumzia hifadhi ya taifa ya arusha bila ya kuugusia mlima meru 	1
/scratch/skscla001/experiments/datasets/swagen/audio/common_voice_sw_29988403.wav	alipata shahada ya uzamili ya maendeleo ya jamii kupitia programu ya pamoja 	1
/scratch/skscla001/experiments/datasets/swagen/audio/common_voice_sw_30675003.wav	chakula hiki huandaliwa siku ya ijumaa jioni hadi jumapili jioni 	1
/scratch/skscla001/experiments/datasets/swagen/audio/common_voice_sw_30052328.wav	utamaduni na mila zao hufahamika sana katika suala la kucheza ngoma za asili 	0
/scratch/skscla001/experiments/datasets/swagen/audio/common_voice_sw_30630474.wav	muda mzuri wa kutembelea ni kuanzia mwezi juni mpaka septemba 	0
/scratch/skscla001/experiments/datasets/swagen/audio/common_voice_sw_30052383.wav	hali hii ilisababisha kuongezeka kwa biashara ya watumwa hasa kutoka afrika 	0
/scratch/skscla001/experiments/datasets/swagen/audio/common_voice_sw_34743695.wav	kwa kipindi hicho muziki huo kwa tanzania ulikuwa ukichukuliwa kama uhuni 	0
/scratch/skscla001/experiments/datasets/swagen/audio/common_voice_sw_30181691.wav	virusi hivi vilipewa jina la ukimwi vilipogunduliwa nchini marekani 	1
/scratch/skscla001/experiments/datasets/swagen/audio/common_voice_sw_36643012.wav	mungu wetu yuko mbinguni 	0
/scratch/skscla001/experiments/datasets/swagen/audio/common_voice_sw_37092863.wav	aliendelea kuamini katika moyo wake alipendwa sana na hali iliyokuwa ikiwafika majirani haingemfika kamwe 	1
/scratch/skscla001/experiments/datasets/swagen/audio/common_voice_sw_29922537.wav	ronaldo na messi walienda urusi wakiwa na mategemeo ya kuondoka na taji 	0
/scratch/skscla001/experiments/datasets/swagen/audio/common_voice_sw_37083420.wav	mfalme henry aliwaweka mabinti zake kwenye orodha 	1
/scratch/skscla001/experiments/datasets/swagen/audio/common_voice_sw_30181096.wav	mtoto wa kiume hutahiriwa akiwa na umri wa miaka saba 	1
/scratch/skscla001/experiments/datasets/swagen/audio/common_voice_sw_30327369.wav	pia alikuwa wa kabila la wakakwa ambaye alikuwa mkatoliki 	1
/scratch/skscla001/experiments/datasets/swagen/audio/common_voice_sw_35176681.wav	mmiliki wa faili hilo alikuwa ni alberto kito na ndipo jacob akamkumbuka debby 	0
/scratch/skscla001/experiments/datasets/swagen/audio/common_voice_sw_35107981.wav	ali anampenda khadija 	0
/scratch/skscla001/experiments/datasets/swagen/audio/common_voice_sw_32091206.wav	msichana ule mwaka huu kwenye ntihani ndopicha kwaudhuri 	1
/scratch/skscla001/experiments/datasets/swagen/audio/common_voice_sw_29794184.wav	sengimba mkubwa aliwazaa kilemaganga na mkwawa pia mpangile 	0
/scratch/skscla001/experiments/datasets/swagen/audio/common_voice_sw_30230418.wav	walichukua asilimia sitini na kudai haki zao 	0
/scratch/skscla001/experiments/datasets/swagen/audio/common_voice_sw_34763053.wav	na kilomita za mraba elfu kumi na tisa mia mbili na nane 	0
/scratch/skscla001/experiments/datasets/swagen/audio/common_voice_sw_30368636.wav	hawa wote huajiriwa na serikali chini ya mamlaka ya hifadhi 	0
/scratch/skscla001/experiments/datasets/swagen/audio/common_voice_sw_29922646.wav	hata leo ni kati ya makabila fukara zaidi nchini tanzania 	0
/scratch/skscla001/experiments/datasets/swagen/audio/common_voice_sw_29792331.wav	vitu hivyo vilisafirishwa kwa kutumia majahazi yao 	0
/scratch/skscla001/experiments/datasets/swagen/audio/common_voice_sw_30180485.wav	nyama haiwezi kutambulika kama chakula kikuu 	1
/scratch/skscla001/experiments/datasets/swagen/audio/common_voice_sw_34746880.wav	matokeo yaliyotangazwa na tume ya uchaguzi zanzibar katika uchaguzi huo 	0
/scratch/skscla001/experiments/datasets/swagen/audio/common_voice_sw_31304420.wav	katika somo hili 	1
/scratch/skscla001/experiments/datasets/swagen/audio/common_voice_sw_34896069.wav	alikuwa sultani wa maskat oman na zanzibar 	0
/scratch/skscla001/experiments/datasets/swagen/audio/common_voice_sw_29333345.wav	mamba hupenda kuishi katika maji baridi kama vile maziwa mito ardhi tepe tepe 	1
/scratch/skscla001/experiments/datasets/swagen/audio/common_voice_sw_29923252.wav	katiba ya mwaka elfu moja mia tisa sitini na mbili ndiyo ilitungwa na watanganyika 	0
/scratch/skscla001/experiments/datasets/swagen/audio/common_voice_sw_30585124.wav	wengi wanamtumia kiumbe huyo kukuza mapato ya taifa 	0
/scratch/skscla001/experiments/datasets/swagen/audio/common_voice_sw_29702950.wav	kazi za sanaa zinapatikana jijini 	0
/scratch/skscla001/experiments/datasets/swagen/audio/common_voice_sw_34841654.wav	wakati anawaza alizunguka upande wa kushoto wa nyumba 	0
/scratch/skscla001/experiments/datasets/swagen/audio/common_voice_sw_30023300.wav	meli hiyo ilikuwa ikitokea katika bandari ya bukoba kuelekea mwanza 	0
/scratch/skscla001/experiments/datasets/swagen/audio/common_voice_sw_30566963.wav	hubaki na maambukizi ya kudumu ya virusi vya homa ya ini 	0
/scratch/skscla001/experiments/datasets/swagen/audio/common_voice_sw_34924159.wav	ya mitaa ya buza kwenye suala nzima la ulinzi shirikishi ambalo limekuwa tegemezi 	0
/scratch/skscla001/experiments/datasets/swagen/audio/common_voice_sw_30574135.wav	alikuwa na nia ya kujenga muungano wa afrika ili iwe kitu kimoja 	0
/scratch/skscla001/experiments/datasets/swagen/audio/common_voice_sw_37087884.wav	atazungumza pia na wakazi wa halmashauri hiyo pamoja na maeneo jirani 	0
/scratch/skscla001/experiments/datasets/swagen/audio/common_voice_sw_29013540.wav	alipata kuwa mkuu wa kwanza wa shirika hilo lote la mt 	0
/scratch/skscla001/experiments/datasets/swagen/audio/common_voice_sw_30364120.wav	mashirikisho ya soka ya mabara nayo yakaiga kutoka kwa wasimamizi wa soka duniani 	1
/scratch/skscla001/experiments/datasets/swagen/audio/common_voice_sw_30443876.wav	babdari nyingine iliyotumiwa kukusanya mizigo kwa ajili ya kusafirishwa kwenda ulaya 	0
/scratch/skscla001/experiments/datasets/swagen/audio/common_voice_sw_34812531.wav	dereva walibishania abiria njiani 	0
/scratch/skscla001/experiments/datasets/swagen/audio/common_voice_sw_28682402.wav	alimaliza elimu yake ya juu katika chuo kikuu cha mt 	1
/scratch/skscla001/experiments/datasets/swagen/audio/common_voice_sw_29760953.wav	kuongezeka kwa wakimbizi kutoka nchi jirani na kukua kwa makambi kulikuwa tatizo kubwa 	0
/scratch/skscla001/experiments/datasets/swagen/audio/common_voice_sw_36252326.wav	labda wafanye uchaguzi mwingine labda mazungumzo hata kabla ya hapo 	0
/scratch/skscla001/experiments/datasets/swagen/audio/common_voice_sw_29797795.wav	hakuna mtu asiyetaka kuitazama timu ya guardiola ikicheza 	0
/scratch/skscla001/experiments/datasets/swagen/audio/common_voice_sw_28877810.wav	ujumbe wa kusikiliza ni kama nyimbo 	1
/scratch/skscla001/experiments/datasets/swagen/audio/common_voice_sw_28761186.wav	lengo lake lilikuwa kuendeleza matengenezo lakini pia kudumisha umoja huo 	0
/scratch/skscla001/experiments/datasets/swagen/audio/common_voice_sw_30017714.wav	mwaka elfu moja mia tisa sabini serikali iliipa kazi kampuni ya upangaji miji 	0
/scratch/skscla001/experiments/datasets/swagen/audio/common_voice_sw_35183794.wav	kwa njia ya magavana na wanajeshi wake 	0
/scratch/skscla001/experiments/datasets/swagen/audio/common_voice_sw_29877498.wav	messi kuondoka barcelona jambo la kushangaza 	1
/scratch/skscla001/experiments/datasets/swagen/audio/common_voice_sw_35582730.wav	moja aliiga mfumo wa kijeshi wa wasangu waliowahi kuwa kabila lenye nguvu kwa kujifunza 	0
/scratch/skscla001/experiments/datasets/swagen/audio/common_voice_sw_28903544.wav	dola miji ilikuwa muhimu sana katika nchi nyingi kihistoria 	0
/scratch/skscla001/experiments/datasets/swagen/audio/common_voice_sw_36389447.wav	meli hiyo ilikuta watu wengi wameshakufa 	1
/scratch/skscla001/experiments/datasets/swagen/audio/common_voice_sw_30073444.wav	hawezi kumsahau david mbulumi na sakina datoo aliyemsaidia bila yeye kujua 	0
/scratch/skscla001/experiments/datasets/swagen/audio/common_voice_sw_29790682.wav	alipata mafunzo mbalimbali katika taasisi ya chuo cha utawala wa umma lahore pakistani 	0
/scratch/skscla001/experiments/datasets/swagen/audio/common_voice_sw_29468540.wav	jimbo linapatikana katika kaunti ya marsabit mashariki mwa nchi 	1
/scratch/skscla001/experiments/datasets/swagen/audio/common_voice_sw_31787966.wav	wengine huona ya kwamba ni wazungu wasiojua kiswahili vema waliochanganya mlima na kilima 	0
/scratch/skscla001/experiments/datasets/swagen/audio/common_voice_sw_30037188.wav	soka linaweza kusitisha shughuli zingine zote duniani 	0
/scratch/skscla001/experiments/datasets/swagen/audio/common_voice_sw_35183622.wav	chini ya tanganyika african umoja wa kitaifa kilichoongoza harakati za uhuru 	0
/scratch/skscla001/experiments/datasets/swagen/audio/common_voice_sw_30574832.wav	inatakiwa kujiamini kwamba ulemavu sio kikwazo cha kufanya kitu ambacho unakipenda 	1
/scratch/skscla001/experiments/datasets/swagen/audio/common_voice_sw_28690216.wav	makao makuu yako paris ufaransa 	1
/scratch/skscla001/experiments/datasets/swagen/audio/common_voice_sw_28927318.wav	maeneo haya ambako kilimo kilianza ni china amerika ya kaskazini na mashariki ya kati 	0
/scratch/skscla001/experiments/datasets/swagen/audio/common_voice_sw_28259641.wav	mji ina idadi ya viwanda 	1
/scratch/skscla001/experiments/datasets/swagen/audio/common_voice_sw_29937520.wav	alisisitiza kwamba sehemu ya matamshi huwa na umuhimu wa kuonyesha hali kati ka tamthilia 	1
/scratch/skscla001/experiments/datasets/swagen/audio/common_voice_sw_34842964.wav	kwa jumla maelezo ya kitaalamu ya vyombo vya habari ilikuwa hadi juzi 	0
/scratch/skscla001/experiments/datasets/swagen/audio/common_voice_sw_30007271.wav	mazingira ni jumla ya mambo yote yanayomzuguka kiumbe katika maisha yake 	1
/scratch/skscla001/experiments/datasets/swagen/audio/common_voice_sw_30326744.wav	biashara hii ilifanyika kwa muda mrefu sana 	1
/scratch/skscla001/experiments/datasets/swagen/audio/common_voice_sw_37089251.wav	gani yanayohitaji ufumbuzi wa aina gani hili ni jambo kubwa sana kwake japokuwa tutaendelea 	1
/scratch/skscla001/experiments/datasets/swagen/audio/common_voice_sw_35183394.wav	zile mbili au inaweza kuwa na msamiati wenye uzito sawa lugha hiyo ndiyo kipijini 	0
/scratch/skscla001/experiments/datasets/swagen/audio/common_voice_sw_28663139.wav	iliendelea kuwa kitovu cha utamaduni wa kigiriki katika misri 	1
/scratch/skscla001/experiments/datasets/swagen/audio/common_voice_sw_35156069.wav	lakini historia itakayofundishwa katika nchi zilizoondoa ukoloni na vibaraka wake afrika itaandika historia yake 	0
/scratch/skscla001/experiments/datasets/swagen/audio/common_voice_sw_35157431.wav	pesa ni nzuri 	0
/scratch/skscla001/experiments/datasets/swagen/audio/common_voice_sw_30025907.wav	zanzibar inaongozwa na serikali ya mapinduzi 	1
/scratch/skscla001/experiments/datasets/swagen/audio/common_voice_sw_34906889.wav	kucheleweshwa kwa uchaguzi huo huenda 	0
/scratch/skscla001/experiments/datasets/swagen/audio/common_voice_sw_29797575.wav	chama cha afroshirazi party kilichowakilisha waafrika 	0
/scratch/skscla001/experiments/datasets/swagen/audio/common_voice_sw_30297498.wav	heshima ya pep guardiola ni kubwa sana barani ulaya 	0
/scratch/skscla001/experiments/datasets/swagen/audio/common_voice_sw_30580988.wav	lililoendesha shughuli zake kisiri kwa lengo la kuungoa madarakani utawala wa batista 	0
/scratch/skscla001/experiments/datasets/swagen/audio/common_voice_sw_36642911.wav	alipanda mpakangazi ya kuwa afisa wa mipango serikalini 	0
/scratch/skscla001/experiments/datasets/swagen/audio/common_voice_sw_35099280.wav	waandishi wa habari wakipigwa na kunyang anywa vifaa vyao vya kazi 	0
/scratch/skscla001/experiments/datasets/swagen/audio/common_voice_sw_30181548.wav	lengo la kuhakikisha usalama na uimara katika mfumo wa shughuli za kibenki 	1
/scratch/skscla001/experiments/datasets/swagen/audio/common_voice_sw_29612298.wav	ni maarufu kwa hisia za kuhama 	1
/scratch/skscla001/experiments/datasets/swagen/audio/common_voice_sw_36387602.wav	la kusini mwa afrika kwa miongo mitatu tangu mwaka elfu moja mia tisa sitini 	1
/scratch/skscla001/experiments/datasets/swagen/audio/common_voice_sw_29995793.wav	meyer alikuwa mtu wa kwanza kufika kwenye kilele cha mlima kilimanjaro 	1
/scratch/skscla001/experiments/datasets/swagen/audio/common_voice_sw_30034977.wav	nimadini yenye thamani kubwa sana katika soko la dunia 	0
/scratch/skscla001/experiments/datasets/swagen/audio/common_voice_sw_30653492.wav	mababu waliotokea ugogo waliishi vyema na makibila jirani 	0
/scratch/skscla001/experiments/datasets/swagen/audio/common_voice_sw_35181936.wav	kutoka dar es salaam ukisindikizwa na milima ya usambara 	0
/scratch/skscla001/experiments/datasets/swagen/audio/common_voice_sw_30624143.wav	mtu aliye jenga heshima kubwa duniani 	0
/scratch/skscla001/experiments/datasets/swagen/audio/common_voice_sw_30173328.wav	huu ni uharibifu wa makazi ya wanyama 	0
/scratch/skscla001/experiments/datasets/swagen/audio/common_voice_sw_36311000.wav	lazima kuna kitu labda unaona siyo muda muafaka kunambia alisema mtaalamu huku akisimama 	1
/scratch/skscla001/experiments/datasets/swagen/audio/common_voice_sw_37224321.wav	hiyo ilikuwa taswira yake ya hadharani 	1
/scratch/skscla001/experiments/datasets/swagen/audio/common_voice_sw_30054692.wav	utalii wa maporomoko ya rusumo unakadiriwa kuongezeka kila mwaka 	0
/scratch/skscla001/experiments/datasets/swagen/audio/common_voice_sw_31433455.wav	timu kubwa za ulaya zinategemea umahiri wa nyota wa afrika 	1
/scratch/skscla001/experiments/datasets/swagen/audio/common_voice_sw_30180898.wav	njiani aliangamiza vijiji alivyokutana navyo 	1
/scratch/skscla001/experiments/datasets/swagen/audio/common_voice_sw_30004946.wav	obotte ndiye aliyepinduliwa na idd amini 	0
/scratch/skscla001/experiments/datasets/swagen/audio/common_voice_sw_29796539.wav	hivyo basi atatafutwa mwanamke ambaye hajabahatika kuzaa na atapewa mmoja 	1
/scratch/skscla001/experiments/datasets/swagen/audio/common_voice_sw_29762176.wav	zaidi jina halisi na sifa za hadithi hiyo hutofautiana kulingana na eneo 	0
/scratch/skscla001/experiments/datasets/swagen/audio/common_voice_sw_29977787.wav	mashabiki wanataka kuona soka safisoka la kwenye kitabu ndilo linalotakiwa 	1
/scratch/skscla001/experiments/datasets/swagen/audio/common_voice_sw_29791332.wav	bila kusahau wilaya za handeni na korogwe 	0
/scratch/skscla001/experiments/datasets/swagen/audio/common_voice_sw_30581811.wav	kuanzia mashariki tarakea rombo hadi magharibi kwa kilimanjaro siha machame 	0
/scratch/skscla001/experiments/datasets/swagen/audio/common_voice_sw_34763050.wav	wenye eneo la mita za mraba elfu ishirini na saba 	0
/scratch/skscla001/experiments/datasets/swagen/audio/common_voice_sw_36387947.wav	nze na mashindano ya soka ya cekafa na draw ya mashindano hayo ambayo yataandaliwa 	1
/scratch/skscla001/experiments/datasets/swagen/audio/common_voice_sw_36013833.wav	mwaka elfumoja miasaba sabini na nane ufaransa 	1
/scratch/skscla001/experiments/datasets/swagen/audio/common_voice_sw_29246480.wav	hadi hapa maendeleo ya vikosi vya maungano yalikuwa na matatizo mengi 	0
/scratch/skscla001/experiments/datasets/swagen/audio/common_voice_sw_34392888.wav	tisini na moja kibaki alikuwa wa tatu na mwaka elfu moja mia tisa tisini 	1
/scratch/skscla001/experiments/datasets/swagen/audio/common_voice_sw_35586733.wav	linapotajwa jina lake kwa hakika hustua nyoyo za watu wengi duniani 	0
/scratch/skscla001/experiments/datasets/swagen/audio/common_voice_sw_30574258.wav	ndiye anayeongoza orodha ya wafungaji bora wa kipute hicho 	0
/scratch/skscla001/experiments/datasets/swagen/audio/common_voice_sw_29791256.wav	vikwazo vingi vya upigaji kura vilikuwepo 	0
/scratch/skscla001/experiments/datasets/swagen/audio/common_voice_sw_28699138.wav	mashariki na kusini mashariki eritrea ina pwani ndefu katika bahari ya shamu 	0
/scratch/skscla001/experiments/datasets/swagen/audio/common_voice_sw_30104564.wav	hata hivyo nyumba zao za asili zinajengwa kwa kutumia miti 	1
/scratch/skscla001/experiments/datasets/swagen/audio/common_voice_sw_30671889.wav	kukosa nguvu maumivu ya misuli degedege kuuma na kuvimba kwa tezi za limfu 	1
/scratch/skscla001/experiments/datasets/swagen/audio/common_voice_sw_30209891.wav	wamasai wana makazi yao sehemu za kusini mwa kenya 	1
/scratch/skscla001/experiments/datasets/swagen/audio/common_voice_sw_29961523.wav	alipendwa na kukaribishwa na mwamududa kuishi kwake lakini akaanzisha mapenzi ya siri 	0
/scratch/skscla001/experiments/datasets/swagen/audio/common_voice_sw_29925296.wav	hutoa makazi madogo kwa nyanda zisizo na wanyamapori 	0
/scratch/skscla001/experiments/datasets/swagen/audio/common_voice_sw_30005015.wav	watu waliyoshitakiwa alikuwa nahodha na mkuu wa bandari ya kemondo 	0
/scratch/skscla001/experiments/datasets/swagen/audio/common_voice_sw_28669853.wav	kabila kubwa ni lile la wasukuma 	0
/scratch/skscla001/experiments/datasets/swagen/audio/common_voice_sw_36381025.wav	watumwa walifungwa kwenye mkunazi uliokuwa ukipatikana hapo kwa ajili ya kunadiwa na kuuzwa 	1
/scratch/skscla001/experiments/datasets/swagen/audio/common_voice_sw_30323793.wav	huku ikitoa zaidi ya albamu nne ndani ya mwaka mmoja 	1
/scratch/skscla001/experiments/datasets/swagen/audio/common_voice_sw_30306799.wav	viongozi wengi wa afrika walipata usaidizi wa upande mmoja au mwingine 	0
/scratch/skscla001/experiments/datasets/swagen/audio/common_voice_sw_36388888.wav	anasonga ugali 	1
/scratch/skscla001/experiments/datasets/swagen/audio/common_voice_sw_34940571.wav	a zikachakachuliwa huko huko vijijini 	0
/scratch/skscla001/experiments/datasets/swagen/audio/common_voice_sw_34943415.wav	liandikwalo ndiyo liwalo 	0
/scratch/skscla001/experiments/datasets/swagen/audio/common_voice_sw_29032191.wav	kuna lugha kadha ambako kidole hiki huitwa kwa majina kama kidole cha daktari 	1
/scratch/skscla001/experiments/datasets/swagen/audio/common_voice_sw_30624139.wav	tdege waliyobaki kwenye hifadhi wanapatikana kwenye misitu 	0
/scratch/skscla001/experiments/datasets/swagen/audio/common_voice_sw_32323918.wav	pochi echu a amu afirika itakuva ni pochi kuruu a pili 	1
/scratch/skscla001/experiments/datasets/swagen/audio/common_voice_sw_28716466.wav	rangi yao ni nyeupe 	1
/scratch/skscla001/experiments/datasets/swagen/audio/common_voice_sw_36616893.wav	nikitazama matendo yako na nguvu zako wewe 	1
/scratch/skscla001/experiments/datasets/swagen/audio/common_voice_sw_31446722.wav	pale unapowashwa na kukimbizwa nchi nzima huku miradi mbalimbali ikizinduliwa 	0
/scratch/skscla001/experiments/datasets/swagen/audio/common_voice_sw_36386478.wav	ushiriki katika tume maalum ya kupitia katiba 	1
/scratch/skscla001/experiments/datasets/swagen/audio/common_voice_sw_30233639.wav	wazigua wa zamani walikuwa na tabia ya kuchokonoa meno ya mtoto 	1
/scratch/skscla001/experiments/datasets/swagen/audio/common_voice_sw_30661095.wav	wachagga wana historia ndefu ya asili yao na ya maingiliano yao na makabila mengine 	1
/scratch/skscla001/experiments/datasets/swagen/audio/common_voice_sw_30099976.wav	katiba hii kwa ufupi ilikuwa ya chama kimoja kwa mfumo wa ujamaa 	0
/scratch/skscla001/experiments/datasets/swagen/audio/common_voice_sw_30090789.wav	wanaogopa kushusha heshima zao walizozitengeneza 	1
/scratch/skscla001/experiments/datasets/swagen/audio/common_voice_sw_30108383.wav	mwaka mmoja baadaye zidane akauzwa kwenda real 	0
/scratch/skscla001/experiments/datasets/swagen/audio/common_voice_sw_29793689.wav	kila kinachowapendeza ndani ya macho yao ndicho wanachofanya 	0
/scratch/skscla001/experiments/datasets/swagen/audio/common_voice_sw_35182302.wav	iwapo bidhaa kutoka uchina vitakuwa vimechafuliwa na virusi huwa vinasafiri masafa marefu 	0
/scratch/skscla001/experiments/datasets/swagen/audio/common_voice_sw_37090435.wav	zeno alijenga balcony iliyozuia maoni ya anthemius au zaidi ya kushinda mahakamani 	1
/scratch/skscla001/experiments/datasets/swagen/audio/common_voice_sw_34390716.wav	fedha za kigeni zinatumika kufanya malipo ya kiserikali 	1
/scratch/skscla001/experiments/datasets/swagen/audio/common_voice_sw_30364125.wav	mourinho alipeleka soka la kujihami chelsea 	1
/scratch/skscla001/experiments/datasets/swagen/audio/common_voice_sw_34958809.wav	mauaji ya kimbari yalimaanishe uangamizaji wa taifa 	0
/scratch/skscla001/experiments/datasets/swagen/audio/common_voice_sw_29946211.wav	pande wa mashariki imepakana na bahari ya hindi na visiwa vya komoro 	1
/scratch/skscla001/experiments/datasets/swagen/audio/common_voice_sw_30150521.wav	madrid ya zidane ilikuwa timu imara barani ulaya 	1
/scratch/skscla001/experiments/datasets/swagen/audio/common_voice_sw_30146041.wav	kunakuwepo na sherehe kadhaa zinazofuatana pale mashujaa wanapoingia 	1
/scratch/skscla001/experiments/datasets/swagen/audio/common_voice_sw_30582551.wav	samia suluhu hasasn aliingia madarakani 	0
/scratch/skscla001/experiments/datasets/swagen/audio/common_voice_sw_28582717.wav	pwani hizo zilikuwa mapema sehemu ya biashara ya kimataifa katika bahari hindi 	1
/scratch/skscla001/experiments/datasets/swagen/audio/common_voice_sw_36350476.wav	vile kinyume kabisa ni kweli katika miezi 	1
/scratch/skscla001/experiments/datasets/swagen/audio/common_voice_sw_35280818.wav	mhalifu alikusudia kutekeleza mauaji ya kimbari 	1
/scratch/skscla001/experiments/datasets/swagen/audio/common_voice_sw_30582880.wav	rasilimali madini ya aina mbalimbali kutoka pembezoni mwa bahari 	1
/scratch/skscla001/experiments/datasets/swagen/audio/common_voice_sw_30522533.wav	kwa sasa uwapo katika eneo hili la makumbusho ya handebevyo utagundua kasoro nyingi 	0
/scratch/skscla001/experiments/datasets/swagen/audio/common_voice_sw_29937836.wav	soka ni mchezo wenye matokeo ya kushangaza 	1
/scratch/skscla001/experiments/datasets/swagen/audio/common_voice_sw_28690679.wav	mbegu zake ndogo hutoa mafuta 	1
/scratch/skscla001/experiments/datasets/swagen/audio/common_voice_sw_30146251.wav	karibu na songea iko monasteri kubwa ya peramiho ya watawa 	1
/scratch/skscla001/experiments/datasets/swagen/audio/common_voice_sw_30341572.wav	utalii wa utamaduni ukidumishwa makabila yanaweza kufaidika 	0
/scratch/skscla001/experiments/datasets/swagen/audio/common_voice_sw_34764221.wav	wasema ni wa luobaadhi ya jamii ya wajaluo wanaoaminika kwamba walikuwa wabantu na 	1
/scratch/skscla001/experiments/datasets/swagen/audio/common_voice_sw_29995704.wav	kunyongwa kisheria hakujulikani na malipo ya kawaida kwa ngombe hutosheleza mambo 	1
/scratch/skscla001/experiments/datasets/swagen/audio/common_voice_sw_30327112.wav	akampiga na kumchinja katika eneo hilo la lungemba 	0
/scratch/skscla001/experiments/datasets/swagen/audio/common_voice_sw_29679634.wav	hali hii inasababisha kutokea kwa mambo yasiyo kawaida 	0
/scratch/skscla001/experiments/datasets/swagen/audio/common_voice_sw_35106230.wav	na wachambuzi wa mambo wanasema kikao hicho 	0
/scratch/skscla001/experiments/datasets/swagen/audio/common_voice_sw_30031779.wav	makombora yalipotua kwenye viwanja vya ikulu alipanda helikopta ya jeshi na kutimkia kampala 	0
/scratch/skscla001/experiments/datasets/swagen/audio/common_voice_sw_30583010.wav	baada ya kupigwa vya kutosha wareno walikubali kutia saini makubaliano 	1
/scratch/skscla001/experiments/datasets/swagen/audio/common_voice_sw_29429307.wav	ilikuwa vigumu kwa waimbaji hawa kupanga muda kwa ajili ya kutengeneza wimbo huu 	0
/scratch/skscla001/experiments/datasets/swagen/audio/common_voice_sw_31445552.wav	mpaka hivi karibuni jamii hii ilikuwa haitilii maanani sana suala la elimu 	0
/scratch/skscla001/experiments/datasets/swagen/audio/common_voice_sw_30378274.wav	tofauti na hali ya zamani iliyokuwa ikitoa nafasi ya kutumika kwa vitu asilia 	0
/scratch/skscla001/experiments/datasets/swagen/audio/common_voice_sw_30337044.wav	pia wananchi wa maeneo hayo hasa wafanya biashara 	0
/scratch/skscla001/experiments/datasets/swagen/audio/common_voice_sw_37331965.wav	ulaji wa chakula kilichoambukizwa na viini vinavyosababisha tatizo hili 	0
/scratch/skscla001/experiments/datasets/swagen/audio/common_voice_sw_31415705.wav	pamoja na kuchukua tuzo ya mchezaji bora mara nne 	1
/scratch/skscla001/experiments/datasets/swagen/audio/common_voice_sw_30527537.wav	jasiri na maarufu marehemu mchungaji nathanaeli mgaya 	0
/scratch/skscla001/experiments/datasets/swagen/audio/common_voice_sw_30021970.wav	hicho baada ya kutokukubaliana na itikadi za ujamaa za nyerere 	1
/scratch/skscla001/experiments/datasets/swagen/audio/common_voice_sw_36381144.wav	au uanachama kutokuwepo na utashi wa kisiasa 	1
/scratch/skscla001/experiments/datasets/swagen/audio/common_voice_sw_34843263.wav	wanacheka sana wakiwa pamoja 	0
/scratch/skscla001/experiments/datasets/swagen/audio/common_voice_sw_28305859.wav	asili ya jina ethiopia haijulikani 	1
/scratch/skscla001/experiments/datasets/swagen/audio/common_voice_sw_37092795.wav	naitwa albalo jacob alimdanganya magreth jina lake 	0
/scratch/skscla001/experiments/datasets/swagen/audio/common_voice_sw_36945355.wav	namna gani kufanya kazi ya kisasa kwa siri kama ni lazimakumi na tano 	1
/scratch/skscla001/experiments/datasets/swagen/audio/common_voice_sw_37088323.wav	ndio maana hivi sasa wanatumia dhana ya uchumi buluu 	1
/scratch/skscla001/experiments/datasets/swagen/audio/common_voice_sw_30055159.wav	baada ya hifadhi ya kafue iliyopo nchini zambia 	0
/scratch/skscla001/experiments/datasets/swagen/audio/common_voice_sw_30552398.wav	nchini tanzania vyama vya siasa ni vingi 	0
/scratch/skscla001/experiments/datasets/swagen/audio/common_voice_sw_29941871.wav	abeid karume alishtakiwa na mfanyabiashara aitwae punja kara 	1
/scratch/skscla001/experiments/datasets/swagen/audio/common_voice_sw_30024919.wav	wakati huo ilikuwa ikifanya kampeni kwa ajili ya uhuru pamoja na utawala wa wengi 	1
/scratch/skscla001/experiments/datasets/swagen/audio/common_voice_sw_29629988.wav	spishi mbili zinapatikana afrika na nyingine tatu huko asia 	0
/scratch/skscla001/experiments/datasets/swagen/audio/common_voice_sw_29925691.wav	na nyingine nyingi sana zilizopo katika bara la afrika 	0
/scratch/skscla001/experiments/datasets/swagen/audio/common_voice_sw_37096968.wav	asia ndogo sanamu ya zeus mjini olympia ugiriki ya kale 	0
/scratch/skscla001/experiments/datasets/swagen/audio/common_voice_sw_30233611.wav	ambayo itaingiza ajira zaidi ya ishirini na nne na mia sita kwa vijana 	0
/scratch/skscla001/experiments/datasets/swagen/audio/common_voice_sw_31446621.wav	bayern munich iliyokuwa balaa ujerumani haikuwahi kumaliza msimu bila kufungwa 	0
/scratch/skscla001/experiments/datasets/swagen/audio/common_voice_sw_34597698.wav	nilikuwa siamini kwenye suala la kutoka kwenye janga la uteja 	0
/scratch/skscla001/experiments/datasets/swagen/audio/common_voice_sw_34746635.wav	alikuwa ni rais wa kwanza wa kenyaalizaliwa mwelfu moja mia nane tisini na 	0
/scratch/skscla001/experiments/datasets/swagen/audio/common_voice_sw_29897879.wav	profesa tibaijuka alizungumzia kuhusu kuhusishwa kwake na sakata la akaunti ya tegeta 	1
/scratch/skscla001/experiments/datasets/swagen/audio/common_voice_sw_30179818.wav	madume huatamia usiku kwa sababu ya rangi yao ni nyeusi 	1
/scratch/skscla001/experiments/datasets/swagen/audio/common_voice_sw_29726190.wav	ilikuwa siku ya ijumaa kuu 	1
/scratch/skscla001/experiments/datasets/swagen/audio/common_voice_sw_30574002.wav	wakulima wao waliishi sehemu za milimani 	0
/scratch/skscla001/experiments/datasets/swagen/audio/common_voice_sw_29748094.wav	kuna nyota nyingi katika eneo la kundinyota hili lakini zote si angavu sana 	0
/scratch/skscla001/experiments/datasets/swagen/audio/common_voice_sw_36375308.wav	kati ya miji yao ulikuwa karthago uliopanua utawala wake 	1
/scratch/skscla001/experiments/datasets/swagen/audio/common_voice_sw_29792343.wav	wanawake jamii ya warangi ni wazuri nywele zao ni asili ya waraabu weupe 	0
/scratch/skscla001/experiments/datasets/swagen/audio/common_voice_sw_36375144.wav	ya chakula cha jioni bila mapema kuliko 	1
/scratch/skscla001/experiments/datasets/swagen/audio/common_voice_sw_37084797.wav	naye akasema kuwa hajapata taarifa rasmi kutoka serikali ya kigali 	1
/scratch/skscla001/experiments/datasets/swagen/audio/common_voice_sw_29962142.wav	mbio za mbuni zinamsaidia kuokoa maisha yake 	1
/scratch/skscla001/experiments/datasets/swagen/audio/common_voice_sw_28819833.wav	kuna nyota nyingi katika eneo la kundinyota hii 	1
/scratch/skscla001/experiments/datasets/swagen/audio/common_voice_sw_30572952.wav	hujitambulisha katika jamii kupitia mapambo ya mwili na uchoraji 	0
/scratch/skscla001/experiments/datasets/swagen/audio/common_voice_sw_29939388.wav	awali aliondoa zuio la chama cha african national congress 	0
/scratch/skscla001/experiments/datasets/swagen/audio/common_voice_sw_37098350.wav	ge linawezakawa ni bunge nzuri sana ambalo hatujapata kwa 	1
/scratch/skscla001/experiments/datasets/swagen/audio/common_voice_sw_30117840.wav	malaika alipogeuka na kufanya matendo ya kigaidi 	1
/scratch/skscla001/experiments/datasets/swagen/audio/common_voice_sw_36039124.wav	lakini pia ni muhimu kuakikisha usalama wa wafanyakazi wa shirika hilo 	1
/scratch/skscla001/experiments/datasets/swagen/audio/common_voice_sw_29938218.wav	aliporejea tanganyika kutoka masomoni nyerere alifundisha historia kingereza na kiswahili 	1
/scratch/skscla001/experiments/datasets/swagen/audio/common_voice_sw_30036076.wav	mto niger na mto congo bila kusahau mto zambezi 	0
/scratch/skscla001/experiments/datasets/swagen/audio/common_voice_sw_36390421.wav	dhambi zangu zote wala si nusu 	1
/scratch/skscla001/experiments/datasets/swagen/audio/common_voice_sw_36386215.wav	wenyeji wanaiita deutschland tamka na jina hilo limeingia 	1
/scratch/skscla001/experiments/datasets/swagen/audio/common_voice_sw_36385354.wav	inaratibu mchakato wa viwango na mikakati ya mifumo ya malipo 	1
/scratch/skscla001/experiments/datasets/swagen/audio/common_voice_sw_29789506.wav	vita kati ya washona na wazungu iliyopiganwa katika taifa la zimbabwe 	0
/scratch/skscla001/experiments/datasets/swagen/audio/common_voice_sw_36380943.wav	unaweza kupata watu wengi 	1
/scratch/skscla001/experiments/datasets/swagen/audio/common_voice_sw_34597236.wav	sijazoea mvuke 	0
/scratch/skscla001/experiments/datasets/swagen/audio/common_voice_sw_28583745.wav	tangu wakati huo tovuti na ardhi ya eneo hilo havijatumika tena kabisa 	0
/scratch/skscla001/experiments/datasets/swagen/audio/common_voice_sw_30377021.wav	sababu ya msingi iliyopelekea kuanzishwa kwa mamlaka ya hifadhi ya ngorongoro 	0
/scratch/skscla001/experiments/datasets/swagen/audio/common_voice_sw_29796286.wav	miaka hamsini iliyopita milton obote aliisimamisha katiba na kujigeuza mtu muhimu 	1
/scratch/skscla001/experiments/datasets/swagen/audio/common_voice_sw_28660748.wav	unaweza kufanywa naye au na watu wengine kwa kibali chake au bila ya hicho 	1
/scratch/skscla001/experiments/datasets/swagen/audio/common_voice_sw_34746748.wav	na pamoja na tunatambua 	0
/scratch/skscla001/experiments/datasets/swagen/audio/common_voice_sw_36644616.wav	kwa hivyo yaani marekani ame amezitembelea hivi nchi strategically kwa sababu kama ukiangalia 	0
/scratch/skscla001/experiments/datasets/swagen/audio/common_voice_sw_30582103.wav	blob anazaliana kwa wingi kipindi cha joto jingi 	0
/scratch/skscla001/experiments/datasets/swagen/audio/common_voice_sw_30336642.wav	chukua vibebeo kama vile rambo weka vimengenywa vilivyopoa kisha weka mbegu za uyoga 	0
/scratch/skscla001/experiments/datasets/swagen/audio/common_voice_sw_30583021.wav	magonjwa ya zinaa ni miongoni mwa maambukizi yanayofahamika sana 	1
/scratch/skscla001/experiments/datasets/swagen/audio/common_voice_sw_34924865.wav	mapinduzi ya kiislamu chini ya uongozi wa ayatollah khomeini 	0
/scratch/skscla001/experiments/datasets/swagen/audio/common_voice_sw_35183287.wav	mara nyingi watu wanaochaguliwa kwenye kazi hizi ni watu ambao watu wanao fahamu 	0
/scratch/skscla001/experiments/datasets/swagen/audio/common_voice_sw_30327290.wav	mjerumani overall aliingia kwenye orodha ya wachezaji bora 	1
/scratch/skscla001/experiments/datasets/swagen/audio/common_voice_sw_30439624.wav	upande wa kaskazini wa mzingo wa kasoko ulipinduka 	0
/scratch/skscla001/experiments/datasets/swagen/audio/common_voice_sw_28835123.wav	uchumi wa kisiwa hutegemea hasa uvuvi na utalii 	0
/scratch/skscla001/experiments/datasets/swagen/audio/common_voice_sw_35181854.wav	isiyo ya kawaida kwa muda mrefu hii ilikuwa sababu kipindi kubwa ya kufanya kazi 	0
/scratch/skscla001/experiments/datasets/swagen/audio/common_voice_sw_29707312.wav	hayajulikani mengine kuhusu historia yao ila tangu kale wanaheshimiwa kama watakatifu 	0
/scratch/skscla001/experiments/datasets/swagen/audio/common_voice_sw_29942918.wav	mechi ya marudiano bayern munich ilikubali kichapo 	1
/scratch/skscla001/experiments/datasets/swagen/audio/common_voice_sw_36641966.wav	ya maneno au muundo wasentensi za kiswahili 	0
/scratch/skscla001/experiments/datasets/swagen/audio/common_voice_sw_30327192.wav	yai moja la mbuni ni sawa na mayai ishirini ya kuku 	1
/scratch/skscla001/experiments/datasets/swagen/audio/common_voice_sw_30056255.wav	baada ya kukua kwa biashara ya utumwa kulisababisha watu wengi kuhamia kilwa kivinje 	0
/scratch/skscla001/experiments/datasets/swagen/audio/common_voice_sw_29797999.wav	reunion wakakaa unguja tangu tarehe kumi na mbili 	0
/scratch/skscla001/experiments/datasets/swagen/audio/common_voice_sw_35123649.wav	kutokana na maendeleo ya kijamii na viwandani 	0
/scratch/skscla001/experiments/datasets/swagen/audio/common_voice_sw_35104544.wav	kufaulu kwa kura ya maamuzi huku sudan kwa namna moja au nyingine na manufaa 	0
/scratch/skscla001/experiments/datasets/swagen/audio/common_voice_sw_34811069.wav	mimi ni mkuu wake kwa kila kitu 	0
/scratch/skscla001/experiments/datasets/swagen/audio/common_voice_sw_30147401.wav	idizina bya ngasu netangwa samachau ni jina apewalo mtu mzima aliyepata mchumba na kuoa 	1
/scratch/skscla001/experiments/datasets/swagen/audio/common_voice_sw_36387814.wav	jonna hupata hasira akikosa pesa 	1
/scratch/skscla001/experiments/datasets/swagen/audio/common_voice_sw_35105013.wav	khamis mussa makame mvuvi kutoka bububu ameelezea mambo kadhaa 	0
/scratch/skscla001/experiments/datasets/swagen/audio/common_voice_sw_37084062.wav	kambini kwetu ingawa kukata eneo lenye mchanga 	1
/scratch/skscla001/experiments/datasets/swagen/audio/common_voice_sw_36945650.wav	tunaweza kuya kuya kuyazuia kabla hayajatokea 	1
/scratch/skscla001/experiments/datasets/swagen/audio/common_voice_sw_28922210.wav	alikuwa mkongwe wa zamani wa vita vya korea kutumikia katika bunge la congress 	1
/scratch/skscla001/experiments/datasets/swagen/audio/common_voice_sw_31284788.wav	wakazi wote wa jamii ya kimasai na makabila mengine 	0
/scratch/skscla001/experiments/datasets/swagen/audio/common_voice_sw_30381014.wav	kwa ajili ya kushiriki misa ya shukrani ya watoto wao 	1
/scratch/skscla001/experiments/datasets/swagen/audio/common_voice_sw_29203527.wav	alikwenda huko kama padri mmisionari kutoka hispania 	0
/scratch/skscla001/experiments/datasets/swagen/audio/common_voice_sw_35867955.wav	huku wachambuzi wa mambo wakitilia shaka kuachiwa kwa mwanaharakati huyo 	0
/scratch/skscla001/experiments/datasets/swagen/audio/common_voice_sw_30180017.wav	raia wa msumbiji hasa mshauri wa machel alifundishwa na uingereza 	1
/scratch/skscla001/experiments/datasets/swagen/audio/common_voice_sw_30334820.wav	mji wa bagamoyo ulihusishwa na biashara ya masafa marefu 	1
/scratch/skscla001/experiments/datasets/swagen/audio/common_voice_sw_28258762.wav	awali alikuwa mwimbaji kabla ya kujihusisha na uigizaji 	1
/scratch/skscla001/experiments/datasets/swagen/audio/common_voice_sw_28745413.wav	aliwahi kucheza timu ya taifa ya burkina faso 	1
/scratch/skscla001/experiments/datasets/swagen/audio/common_voice_sw_30201228.wav	kuna usemi kuwa alichaguliwa kama mchezaji wa ziada kaitka michezo ya afrika mashariki 	1
/scratch/skscla001/experiments/datasets/swagen/audio/common_voice_sw_30053169.wav	kilipatana na chama cha mlengo wa kushoto 	0
/scratch/skscla001/experiments/datasets/swagen/audio/common_voice_sw_30653751.wav	majengo yakiitwa yenye usanifu mchanganyiko ambayo ni mgahawa wa kiarabu 	0
/scratch/skscla001/experiments/datasets/swagen/audio/common_voice_sw_30204499.wav	tukianzia katika taifa la jamhuri ya kidemokrasaia ya congo 	1
/scratch/skscla001/experiments/datasets/swagen/audio/common_voice_sw_37229917.wav	msema kweli mwadilifu mcha mungu na mtu ambaye anaamini katika vitendo kuliko manenosababu 	1
/scratch/skscla001/experiments/datasets/swagen/audio/common_voice_sw_37089133.wav	sungura ni mnyama mjanja sana 	1
/scratch/skscla001/experiments/datasets/swagen/audio/common_voice_sw_29796249.wav	soka ya taifa ya ufukweni na timu za soka za taifa za vijana 	1
/scratch/skscla001/experiments/datasets/swagen/audio/common_voice_sw_29798592.wav	mchezaji nyota wa brazil zico alingara sana kipindi hicho 	0
/scratch/skscla001/experiments/datasets/swagen/audio/common_voice_sw_35756839.wav	ni ukamilifu kwa kila mtu 	1
/scratch/skscla001/experiments/datasets/swagen/audio/common_voice_sw_35099624.wav	nikusaidieje tafadhali 	0
/scratch/skscla001/experiments/datasets/swagen/audio/common_voice_sw_35107649.wav	na kujitenga kwa sudan kusini saa chache kabla ya matokeo mwisho 	0
/scratch/skscla001/experiments/datasets/swagen/audio/common_voice_sw_29923501.wav	kipindi kilichojulikana kama watu wanaongea kipindi hicho kilipanda chati sana 	0
/scratch/skscla001/experiments/datasets/swagen/audio/common_voice_sw_30653781.wav	kazi ambayo aliifanya huku akiendelea na masomo yake hadi alipohitimu katika chuo kikuu 	0
/scratch/skscla001/experiments/datasets/swagen/audio/common_voice_sw_30581863.wav	mahale ni hifadhi yenye historia ya kuwa makazi ya jamii adimu za sokwe 	0
/scratch/skscla001/experiments/datasets/swagen/audio/common_voice_sw_37083986.wav	ukaamua tu kwanini mimi ndio hiyo sababu naitaka kwa nini uliamua tu kutopiga kura 	0
/scratch/skscla001/experiments/datasets/swagen/audio/common_voice_sw_34962959.wav	bendera ya kenya 	0
/scratch/skscla001/experiments/datasets/swagen/audio/common_voice_sw_36255328.wav	inayoitwa tepui katika lugha ya wakazi asilia 	1
/scratch/skscla001/experiments/datasets/swagen/audio/common_voice_sw_31304437.wav	hayati daktari magufuli alichaguliwa kuwa waziri wa kilimo 	1
/scratch/skscla001/experiments/datasets/swagen/audio/common_voice_sw_29905397.wav	kilimo cha waha ni mahindi maharage ndizi kahawa mhogo karanga mbaazi na njegere 	1
/scratch/skscla001/experiments/datasets/swagen/audio/common_voice_sw_30034289.wav	kwa kuepuka kuchangia vifaa au vitu vyenye ncha kali 	0
/scratch/skscla001/experiments/datasets/swagen/audio/common_voice_sw_29865205.wav	wakati ule mfalme wa ubelgiji na ureno walikuwa wakoloni wa maeneo jirani 	1
/scratch/skscla001/experiments/datasets/swagen/audio/common_voice_sw_29896362.wav	mfano wa makundi ya mapigano yenye kumiliki silaha 	1
/scratch/skscla001/experiments/datasets/swagen/audio/common_voice_sw_35206707.wav	walipanda mashua ya mwisho ya kuokoleaa 	0
/scratch/skscla001/experiments/datasets/swagen/audio/common_voice_sw_36373509.wav	hewa kwa sababu nyingi ya shughuli zao ni vyanzo vya aina mbali mbali 	1
/scratch/skscla001/experiments/datasets/swagen/audio/common_voice_sw_31433285.wav	wakazi wa kwanza wa eneo linaloitwa kenya walikuwa wa jamii ya wakhoisan 	1
/scratch/skscla001/experiments/datasets/swagen/audio/common_voice_sw_29798077.wav	vilevile longombas ambalo ni kundi maarufu lenye makao nchini kenya 	0
/scratch/skscla001/experiments/datasets/swagen/audio/common_voice_sw_30032640.wav	usiku hali joto ina wastani wa sentigredi tisa 	0
/scratch/skscla001/experiments/datasets/swagen/audio/common_voice_sw_36385828.wav	aliuwawa pia kwa kutetea swala hili imeandikwa kwa kidefu habari hii katika 	1
/scratch/skscla001/experiments/datasets/swagen/audio/common_voice_sw_30591019.wav	walichangia kikamilifu hasa harakati za ukombozi 	0
/scratch/skscla001/experiments/datasets/swagen/audio/common_voice_sw_35438865.wav	na georgia katika eneo la kilima cha meskhetian 	0
/scratch/skscla001/experiments/datasets/swagen/audio/common_voice_sw_36386619.wav	k wizi uliouwazi kabisa 	1
/scratch/skscla001/experiments/datasets/swagen/audio/common_voice_sw_34745231.wav	nyongeza katika mambo ya ndoa au urithi wa mali walikuwa chini ya 	0
/scratch/skscla001/experiments/datasets/swagen/audio/common_voice_sw_35109555.wav	ambapo baadhi ya sifa za muziki ni uzito wa sauti na wizani au mahadhi 	0
/scratch/skscla001/experiments/datasets/swagen/audio/common_voice_sw_28662081.wav	ndege hawa wanatokea misitu na maeneo mengine yenye miti katika afrika kusini kwa sahara 	1
/scratch/skscla001/experiments/datasets/swagen/audio/common_voice_sw_36642170.wav	mdimangombe kabla ya kuwa sultan alilelewa na kutumwa kazi na mndewa mkulu mwande ambaye 	0
/scratch/skscla001/experiments/datasets/swagen/audio/common_voice_sw_29791248.wav	wanyama wengine wanaopatikana gombe ni kima wenye mkia mwekundu na bluu 	0
/scratch/skscla001/experiments/datasets/swagen/audio/common_voice_sw_29925693.wav	pep guardiola hajawahi kufungwa mara tatu mfululizo 	0
/scratch/skscla001/experiments/datasets/swagen/audio/common_voice_sw_34940733.wav	sana vijana wanaambiwa waende kucheza 	0
/scratch/skscla001/experiments/datasets/swagen/audio/common_voice_sw_29892402.wav	wakati huo inasemekana kwa afrika watu walikua tayari wameanza kupata ugonjwa huu 	1
/scratch/skscla001/experiments/datasets/swagen/audio/common_voice_sw_29262332.wav	kasi ya harakati inategemea na tabia za mwamba unaopatikana 	0
/scratch/skscla001/experiments/datasets/swagen/audio/common_voice_sw_36390743.wav	yetu wa wakati huu anayesema nasi kwa imani isiyozeeka kazi yake 	1
/scratch/skscla001/experiments/datasets/swagen/audio/common_voice_sw_30327407.wav	hayo yalisemwa na watafiti wa maisha na mwenendo wa mbuni 	1
/scratch/skscla001/experiments/datasets/swagen/audio/common_voice_sw_30177430.wav	walikuwa na homa ya pneumonia na saratani ya ngozi 	0
/scratch/skscla001/experiments/datasets/swagen/audio/common_voice_sw_30329557.wav	wakazi wake leo wanaunda jamhuri ya muungano wa tanzania 	0
/scratch/skscla001/experiments/datasets/swagen/audio/common_voice_sw_37083983.wav	nadhani katika mataifa mengine itakuwa ni hivo 	0
/scratch/skscla001/experiments/datasets/swagen/audio/common_voice_sw_29787911.wav	hadhi ya mji wa dar es salaam ilipandishwa kuwa ya manispaa 	1
/scratch/skscla001/experiments/datasets/swagen/audio/common_voice_sw_30223134.wav	rais george washington alikuwa rais wa kwanza wa marekani 	1
/scratch/skscla001/experiments/datasets/swagen/audio/common_voice_sw_29942124.wav	wakati naanza nilikuwa upande wa habari pekee 	1
/scratch/skscla001/experiments/datasets/swagen/audio/common_voice_sw_28695669.wav	jina la baba yake lilikuwa yohane 	1
/scratch/skscla001/experiments/datasets/swagen/audio/common_voice_sw_30653802.wav	baadae kuliundwa timu nyengine ya mpira wa miguu ambayo ni vuga boys 	0
/scratch/skscla001/experiments/datasets/swagen/audio/common_voice_sw_30304015.wav	karamu hii hufanywa na wazazi au wajomba wa mama aliyejifungua 	0
/scratch/skscla001/experiments/datasets/swagen/audio/common_voice_sw_30022076.wav	elimu hii iliwasaidia kupambana na changamoto za familia na kudumisha amani na upendo 	0
/scratch/skscla001/experiments/datasets/swagen/audio/common_voice_sw_36013837.wav	uvamia kambi ya wakimbizi katika eneo hilo ambalo hadi sasa 	1
/scratch/skscla001/experiments/datasets/swagen/audio/common_voice_sw_36385707.wav	mkazi mwengine wa mtaa huo 	1
/scratch/skscla001/experiments/datasets/swagen/audio/common_voice_sw_29958302.wav	walipokonywa mali na mashamba yao bila kulipwa fidia 	1
/scratch/skscla001/experiments/datasets/swagen/audio/common_voice_sw_29922493.wav	hifadhi hii ipo ndani ya bonde la ufa 	0
/scratch/skscla001/experiments/datasets/swagen/audio/common_voice_sw_29950268.wav	kiasi cha kupelekea malalamiko mengi katika sekta ya elimu afya na nyinginezo 	1
/scratch/skscla001/experiments/datasets/swagen/audio/common_voice_sw_29850308.wav	kenyata alihusishwa na harakati za vita vya msituni 	1
/scratch/skscla001/experiments/datasets/swagen/audio/common_voice_sw_35183982.wav	yote wanahimizwa kubatizwa kwa maji ili kuzaliwa upya kadiri ya 	0
/scratch/skscla001/experiments/datasets/swagen/audio/common_voice_sw_30582812.wav	mwinyi alikuwa kiongozi mpenda amani sana 	1
/scratch/skscla001/experiments/datasets/swagen/audio/common_voice_sw_30025833.wav	baadhi ya rekodi na kumbukumbu huwa zinafurahisha na kuvutia lakini nyingine zinaweza 	1
/scratch/skscla001/experiments/datasets/swagen/audio/common_voice_sw_29592186.wav	hata hivyo alifaulu kuanzisha mtandao wa shule nchini ufaransa 	0
/scratch/skscla001/experiments/datasets/swagen/audio/common_voice_sw_35108173.wav	lakini kwa ajili ya mkutano huu wanaohudhuria nayasema haya 	1
/scratch/skscla001/experiments/datasets/swagen/audio/common_voice_sw_30019977.wav	uchumi unaokua na wenye mbinu zinazostahili kupaumbele 	1
/scratch/skscla001/experiments/datasets/swagen/audio/common_voice_sw_34760004.wav	alifanya mikataba ya ulinzi na watawala wadogo 	0
/scratch/skscla001/experiments/datasets/swagen/audio/common_voice_sw_29594614.wav	wadudu hao hawana mabawa lakini wanaweza kuruka mbali sana ikilinganishwa na ukubwa wao 	0
/scratch/skscla001/experiments/datasets/swagen/audio/common_voice_sw_28669846.wav	kosa dogo katika kuandika linaweza kusababisha madhara makubwa 	1
/scratch/skscla001/experiments/datasets/swagen/audio/common_voice_sw_36310672.wav	lucky dube alirekodi albamu ishirini na mbili katika lugha ya kizulu 	1
/scratch/skscla001/experiments/datasets/swagen/audio/common_voice_sw_29685965.wav	ya nchini hispania aliyekuwa anacheza nafasi ya kiungo mshambuliaji 	0
/scratch/skscla001/experiments/datasets/swagen/audio/common_voice_sw_30109606.wav	rais aongeze kasi ya utekelezaji wa mapendekezo yaliyotolewa na wafanyabiashara 	0
/scratch/skscla001/experiments/datasets/swagen/audio/common_voice_sw_30628516.wav	ikiwa imekatishwa na mtandao mzuri wa barabara za kuangalia wanyama 	0
/scratch/skscla001/experiments/datasets/swagen/audio/common_voice_sw_29787942.wav	kama serikali imedhamiria kuikomboa wilaya ya makete barabara ndio chanzo za maendeleo 	0
/scratch/skscla001/experiments/datasets/swagen/audio/common_voice_sw_28581556.wav	munich iliona kipindi cha vuguvugu ya mapinduzi 	1
/scratch/skscla001/experiments/datasets/swagen/audio/common_voice_sw_34958448.wav	ni sloth tatu toed bradypus tridactylus ambayo 	0
/scratch/skscla001/experiments/datasets/swagen/audio/common_voice_sw_29924815.wav	kwenye serikali na kuwafanya kuwa kundi la wapiganaji 	0
/scratch/skscla001/experiments/datasets/swagen/audio/common_voice_sw_30142849.wav	mara nyingi mishipa hiyo ya damu hupasuka na damu huganda 	1
/scratch/skscla001/experiments/datasets/swagen/audio/common_voice_sw_30192088.wav	matibabu ya awali kwa kutumia antibayotiki huanzishwa kabla matokeo ya vipimo 	0
/scratch/skscla001/experiments/datasets/swagen/audio/common_voice_sw_29796000.wav	koloni hilo la kijerumani lilitekwa na majeshi ya uingereza na ubelgiji 	1
/scratch/skscla001/experiments/datasets/swagen/audio/common_voice_sw_30048013.wav	kama yataachwa bila kutibiwa magonjwa hayo yanaweza kusababisha maumivu makali 	0
/scratch/skscla001/experiments/datasets/swagen/audio/common_voice_sw_29793045.wav	hifadhi hii inapatikana katika mji maarufu wa kitalii 	0
/scratch/skscla001/experiments/datasets/swagen/audio/common_voice_sw_28708458.wav	himaya hiyo ilikuwa inapatikana upande wa kusini magharibi mwa uganda mashariki mwa ziwa edward 	0
/scratch/skscla001/experiments/datasets/swagen/audio/common_voice_sw_37214804.wav	wakati wa awamu za mapema za mlipuko idadi ya kesi iliongezeka mara mbili 	0
/scratch/skscla001/experiments/datasets/swagen/audio/common_voice_sw_30327366.wav	mwaka huo koloni la kenya liliundwa na kupatiwa jina linalotokana na mlima kenya 	1
/scratch/skscla001/experiments/datasets/swagen/audio/common_voice_sw_29948454.wav	blia kusahau halmashauri ya wilaya ya chato na halmasahauri ya mji wa geita 	1
/scratch/skscla001/experiments/datasets/swagen/audio/common_voice_sw_28716395.wav	siku hizi mfereji uko chini ya serikali ya panama 	1
/scratch/skscla001/experiments/datasets/swagen/audio/common_voice_sw_30145858.wav	adolf hilter aliweza kuwa mwanajeshi wa kawaida 	1
/scratch/skscla001/experiments/datasets/swagen/audio/common_voice_sw_28735615.wav	imepakana na libya sudan jamhuri ya afrika ya kati kamerun nigeria na niger 	1
/scratch/skscla001/experiments/datasets/swagen/audio/common_voice_sw_30198414.wav	alipokufa milki ilichukuliwa na dada yake mwene ngalu ambaye ndiye mwanzilishi wa sumbawanga 	0
/scratch/skscla001/experiments/datasets/swagen/audio/common_voice_sw_28681492.wav	kwa hivyo huitwa kasuku mapenzi pia 	1
/scratch/skscla001/experiments/datasets/swagen/audio/common_voice_sw_30024646.wav	watu waliofanikiwa kufika kileleni na kushuka wanapendekeza unywe lita tano za maji kwa siku 	1
/scratch/skscla001/experiments/datasets/swagen/audio/common_voice_sw_30118044.wav	vyuo vingi nchini tanzania wamekuwa wakiwataaa watu wenye ulemavu 	1
/scratch/skscla001/experiments/datasets/swagen/audio/common_voice_sw_29797928.wav	rose muhando alisaini mkataba wa kurekodi albam na kampuni la sony music 	0
/scratch/skscla001/experiments/datasets/swagen/audio/common_voice_sw_29936717.wav	tauni inayosababisha mtoki dalili huanza kuonekana ghafla 	1
/scratch/skscla001/experiments/datasets/swagen/audio/common_voice_sw_37097771.wav	sisi tuko hapa mpaka saa nane 	1
/scratch/skscla001/experiments/datasets/swagen/audio/common_voice_sw_34762638.wav	nampenda yesu kristo 	0
/scratch/skscla001/experiments/datasets/swagen/audio/common_voice_sw_28683159.wav	mamlaka haya yapo mjini dar es salaam 	1
/scratch/skscla001/experiments/datasets/swagen/audio/common_voice_sw_30434943.wav	serengeti na masai mara zinadumisha umoja kati tanzania na kenya kutokana na muingiliano 	1
/scratch/skscla001/experiments/datasets/swagen/audio/common_voice_sw_36945152.wav	ilikuwa inahatarisha maisha ya vikundi vya kimataifa 	1
/scratch/skscla001/experiments/datasets/swagen/audio/common_voice_sw_28961802.wav	serikali ina utaratibu wa kidemokrasia ya vyama vingi 	0
/scratch/skscla001/experiments/datasets/swagen/audio/common_voice_sw_30016639.wav	hasa kutoa tafsiri maarufu ya biblia ya kikristo katika lugha ya kijerumani 	1
/scratch/skscla001/experiments/datasets/swagen/audio/common_voice_sw_29798025.wav	reli hii ya kati inapita katika baadhi ya mikoa 	0
/scratch/skscla001/experiments/datasets/swagen/audio/common_voice_sw_31812268.wav	wakifuata fursa za uwekezaji na biashara za aina mbalimbali 	0
/scratch/skscla001/experiments/datasets/swagen/audio/common_voice_sw_29793039.wav	nchi za afrika mashariki zilianzisha umoja wao 	0
/scratch/skscla001/experiments/datasets/swagen/audio/common_voice_sw_30326736.wav	ni lazima warejee ndutu ambapo huwa wanazaa 	1
/scratch/skscla001/experiments/datasets/swagen/audio/common_voice_sw_35177036.wav	kitabibu inafaa kukumbukwa kuwa mwongozo utambuzi wa 	0
/scratch/skscla001/experiments/datasets/swagen/audio/common_voice_sw_37211827.wav	inadaiwa watu hao wamesilimu kutoka ukristu na kuwa waislamu 	0
/scratch/skscla001/experiments/datasets/swagen/audio/common_voice_sw_30031151.wav	baraza lilipitisha azimio la kudumisha kulinda kutetea na kuendeleza fikra 	0
/scratch/skscla001/experiments/datasets/swagen/audio/common_voice_sw_30079210.wav	pep amepata heshima kubwa katika ulimwengu wa soka 	0
/scratch/skscla001/experiments/datasets/swagen/audio/common_voice_sw_36036870.wav	wafanyikazi elfu moja mia tano walishiriki katika ujenzi wa titanic 	1
/scratch/skscla001/experiments/datasets/swagen/audio/common_voice_sw_29418685.wav	kuna aina nyingi tofauti za nyumba za wageni 	1
/scratch/skscla001/experiments/datasets/swagen/audio/common_voice_sw_37090167.wav	mingine kadhaa walisubiri serikali iwajengee shule nne ukichanganya sababu moja mbili na tatu utagundua 	0
/scratch/skscla001/experiments/datasets/swagen/audio/common_voice_sw_35774712.wav	tetere ni mtu wa usalama kama yeye 	0
/scratch/skscla001/experiments/datasets/swagen/audio/common_voice_sw_34979492.wav	benki kuu ya tanzania inahakikisha kuwa taifa lina uchumi imara 	0
/scratch/skscla001/experiments/datasets/swagen/audio/common_voice_sw_31284796.wav	baadhi ya koo za kizanaki zilichanganya damu sana na wasukuma 	0
/scratch/skscla001/experiments/datasets/swagen/audio/common_voice_sw_29926830.wav	alisoma pia chuo kikuu cha pennsylvania 	1
/scratch/skscla001/experiments/datasets/swagen/audio/common_voice_sw_30334762.wav	mohammed anaunda safu ya ulinzi ya azam ambayo ndio timu pekee mpaka sasa 	1
/scratch/skscla001/experiments/datasets/swagen/audio/common_voice_sw_30419850.wav	mtawala wa mwisho wa kabila la wanyambo aliitwa itogo ruhinda 	1
/scratch/skscla001/experiments/datasets/swagen/audio/common_voice_sw_34958953.wav	ya mauwaji yaliofanywa na polisi mmoja nchini marekani michael minim 	0
/scratch/skscla001/experiments/datasets/swagen/audio/common_voice_sw_35181792.wav	familia nyingi huenda kanisani jumapili 	0
/scratch/skscla001/experiments/datasets/swagen/audio/common_voice_sw_29780905.wav	licha ya hayo kuzaa ni jinsi ya kawaida ya kuongezeka 	0
/scratch/skscla001/experiments/datasets/swagen/audio/common_voice_sw_29390324.wav	roho mtakatifu si baba wala mwana 	0
/scratch/skscla001/experiments/datasets/swagen/audio/common_voice_sw_31306395.wav	ganda la mua la jana chungu kaona kivuno 	1
/scratch/skscla001/experiments/datasets/swagen/audio/common_voice_sw_30378774.wav	adhabu kali ilitolewa kwa wale waliopinga 	0
/scratch/skscla001/experiments/datasets/swagen/audio/common_voice_sw_30052488.wav	alipata elimu ya msingi katika shule ya msoga 	0
/scratch/skscla001/experiments/datasets/swagen/audio/common_voice_sw_31304305.wav	nyumbu huzaliana sana na kufikia nyumbu laki tano wanaozaliwa kwa mwaka 	1
/scratch/skscla001/experiments/datasets/swagen/audio/common_voice_sw_34941445.wav	licha ya watu zaidi ya mia nne kuthibitisha kupoteza maisha nchini brazil 	0
/scratch/skscla001/experiments/datasets/swagen/audio/common_voice_sw_36311034.wav	uchunguzi wao ulilenga zaidi kuandika mambo mengi kuhusu karne ya ishirini 	1
/scratch/skscla001/experiments/datasets/swagen/audio/common_voice_sw_30314119.wav	wakati waingereze walipowafukuza ili kutayarisha mashamaba ya wakoloni 	0
/scratch/skscla001/experiments/datasets/swagen/audio/common_voice_sw_29637086.wav	waziri mkuu ndilo jina la kawaida la cheo cha mkuu wa serikali 	1
/scratch/skscla001/experiments/datasets/swagen/audio/common_voice_sw_28670570.wav	kuna vijiji viwili tu kisiwani 	1
/scratch/skscla001/experiments/datasets/swagen/audio/common_voice_sw_36040224.wav	pamoja na ufahamu mdogo kuhusu umuhimu wa vitabu 	0
/scratch/skscla001/experiments/datasets/swagen/audio/common_voice_sw_28716339.wav	uwanja huo ni sehemu ya makazi magumu zaidi ya vifaa vingine vya riadha 	1
/scratch/skscla001/experiments/datasets/swagen/audio/common_voice_sw_31405983.wav	eneo hilo limekuwa kivutio kikubwa cha watu kwenda kufanya matambiko 	0
/scratch/skscla001/experiments/datasets/swagen/audio/common_voice_sw_35056382.wav	kipekee kwa kuwa linaandaa makubaliano ya kimataifa yanayokubalika 	0
/scratch/skscla001/experiments/datasets/swagen/audio/common_voice_sw_30485818.wav	sera zimefanya vigumu kudumisha maisha ya wamasai 	1
/scratch/skscla001/experiments/datasets/swagen/audio/common_voice_sw_29902475.wav	na kuchapa kazi na pia kusimamia vyema nyumba yake 	1
/scratch/skscla001/experiments/datasets/swagen/audio/common_voice_sw_30582837.wav	kusimamia na kudhibiti mabenki na taasisi za fedha 	1
/scratch/skscla001/experiments/datasets/swagen/audio/common_voice_sw_29434588.wav	kwa sababu hiyo walianzisha mkutano wao wa haki za wanawake 	1
/scratch/skscla001/experiments/datasets/swagen/audio/common_voice_sw_29593678.wav	lakini je hiari yetu ni kamili 	1
/scratch/skscla001/experiments/datasets/swagen/audio/common_voice_sw_34597098.wav	safari ya kuupanda mlima meru na kushuka 	0
/scratch/skscla001/experiments/datasets/swagen/audio/common_voice_sw_30378756.wav	hakuna timu iliyowahi kushinda ubingwa wa ujerumani 	0
/scratch/skscla001/experiments/datasets/swagen/audio/common_voice_sw_30315539.wav	mvua zinanyesha kwa wastani wa milimita elfu moja na nne 	0
/scratch/skscla001/experiments/datasets/swagen/audio/common_voice_sw_36374797.wav	enkephalini hushikamana nayo ina athari katika mfumo wa 	1
/scratch/skscla001/experiments/datasets/swagen/audio/common_voice_sw_30173301.wav	hii ilisababishwa na kukosekana wachezai wenye kaliba ya alex james katika soka la uingereza 	0
/scratch/skscla001/experiments/datasets/swagen/audio/common_voice_sw_29915388.wav	kongosho haitengenezi kabisa insulini au inatengeneza kwa kiasi kidogo sana 	1
/scratch/skscla001/experiments/datasets/swagen/audio/common_voice_sw_29950332.wav	wagonjwa nane hadi kumi hufa hata baada ya matibabu kwa kutumia antibiotiki 	1
/scratch/skscla001/experiments/datasets/swagen/audio/common_voice_sw_32211055.wav	hatimaye showe ando nyamadha kimwa 	1
/scratch/skscla001/experiments/datasets/swagen/audio/common_voice_sw_34757360.wav	mvua mingi ilileta mafuriko kijijini 	0
/scratch/skscla001/experiments/datasets/swagen/audio/common_voice_sw_29145978.wav	ya nchini hispania 	1
/scratch/skscla001/experiments/datasets/swagen/audio/common_voice_sw_30081134.wav	manchester united ya sir alex ferguson ilikuwa matata 	0
/scratch/skscla001/experiments/datasets/swagen/audio/common_voice_sw_29795402.wav	bidhaa zake zilikubaliwa na watu wengi sana 	1
/scratch/skscla001/experiments/datasets/swagen/audio/common_voice_sw_34906962.wav	ndio maana wanawake wameanza kutafuta namna nyingine 	0
/scratch/skscla001/experiments/datasets/swagen/audio/common_voice_sw_29434826.wav	mume wake alichukua nafasi kubwa katika kumsaidia juu ya sanaa yake 	1
/scratch/skscla001/experiments/datasets/swagen/audio/common_voice_sw_36390658.wav	kule maisha ya kufunga na kusali watawa hao waliitwa kwa jina la kigiriki 	1
/scratch/skscla001/experiments/datasets/swagen/audio/common_voice_sw_36387505.wav	hakiwezi kuwa dini ya uislamu wala kiarabu nacho si uislamu tunachoweza kuifanya hiyo 	1
/scratch/skscla001/experiments/datasets/swagen/audio/common_voice_sw_30019852.wav	imeshavutia mamia kwa maelfu ya wageni kuitembelea huku ikisubiri kufunguliwa rasmi 	1
/scratch/skscla001/experiments/datasets/swagen/audio/common_voice_sw_35099766.wav	alisema uhuru wa kongo ni mwendelezo wa kazi iliyotukuka iliyopangwa na mtu mwenye akili 	0
/scratch/skscla001/experiments/datasets/swagen/audio/common_voice_sw_30653928.wav	kiasili walikuwa bairu lakini kwa kuoa katika bahima au kufanya kazi kwa watemi 	0
/scratch/skscla001/experiments/datasets/swagen/audio/common_voice_sw_35376522.wav	pia kuna mazao ya biashara ya kahawa chai na tumbaku 	1
/scratch/skscla001/experiments/datasets/swagen/audio/common_voice_sw_28926870.wav	upo kwenye pwani ya bahari nyeusi 	0
/scratch/skscla001/experiments/datasets/swagen/audio/common_voice_sw_28690135.wav	kwa sasa imekuwa sehemu ya kaunti ya elgeyo marakwet 	1
/scratch/skscla001/experiments/datasets/swagen/audio/common_voice_sw_30233707.wav	imani ya kuwapo mizimu iliondoka kwa asilimia kubwa 	1
/scratch/skscla001/experiments/datasets/swagen/audio/common_voice_sw_29793927.wav	walipoteza mzazi mmoja au wazazi wote kwa ukimwi 	0
/scratch/skscla001/experiments/datasets/swagen/audio/common_voice_sw_30671301.wav	alipokelewa kwa ukarimu mkubwa mno na kawinila hyera pamoja na lihuhu kinunda 	1
/scratch/skscla001/experiments/datasets/swagen/audio/common_voice_sw_29906561.wav	lakini muingiliano bado haujapata ufafanuzi makini 	1
/scratch/skscla001/experiments/datasets/swagen/audio/common_voice_sw_29627349.wav	mkoa huu una sehemu mbili una upande wa ulaya na upande ni asia 	1
/scratch/skscla001/experiments/datasets/swagen/audio/common_voice_sw_29795819.wav	zote zikiwa ni hifadhi zinazopatikana ndani ya taifa la tanzania 	1
/scratch/skscla001/experiments/datasets/swagen/audio/common_voice_sw_35250424.wav	khazar western and eastern turkic avar na uyghur kaganates 	0
/scratch/skscla001/experiments/datasets/swagen/audio/common_voice_sw_31767001.wav	kwa mwaka elfu mbili kumi na tano afya duniani kuhusu sababu za vifo 	0
/scratch/skscla001/experiments/datasets/swagen/audio/common_voice_sw_31321189.wav	watalii wengi wanapenda kuyaona mandhari mazuri ya empokai 	1
/scratch/skscla001/experiments/datasets/swagen/audio/common_voice_sw_28583617.wav	baba yake alikua mwanasiasa 	0
/scratch/skscla001/experiments/datasets/swagen/audio/common_voice_sw_30142782.wav	alivyoingia kidato cha tano na sita alichukua masomo ya historia jiografia na uchumi 	1
/scratch/skscla001/experiments/datasets/swagen/audio/common_voice_sw_30143673.wav	haruhusiwi kuweka mapambo katika masikio yake yaliyotobolewa 	1
/scratch/skscla001/experiments/datasets/swagen/audio/common_voice_sw_35410987.wav	shinikizo la seljuks na mongols baadhi ya waturuki 	1
/scratch/skscla001/experiments/datasets/swagen/audio/common_voice_sw_30326798.wav	ndipo hupelekwa kusoma elimu dunia siyo kwamba wao 	1
/scratch/skscla001/experiments/datasets/swagen/audio/common_voice_sw_29696866.wav	ndege hawa wanatokea afrika kusini mwa sahara 	1
/scratch/skscla001/experiments/datasets/swagen/audio/common_voice_sw_36643704.wav	alielezea juu ya uwezo wa jacob kufanya matukio akiruka 	0
/scratch/skscla001/experiments/datasets/swagen/audio/common_voice_sw_37093146.wav	hujipaka rangi na alama kwenye nyuso na kisha kufunika nyuso zao wanapokamilisha sherehe 	0
/scratch/skscla001/experiments/datasets/swagen/audio/common_voice_sw_37229694.wav	ati hayahusu afrika lakini sivyo 	1
/scratch/skscla001/experiments/datasets/swagen/audio/common_voice_sw_31409713.wav	ili apate mafunzo zaidi ya kijeshi nchini uingereza 	1
/scratch/skscla001/experiments/datasets/swagen/audio/common_voice_sw_28672882.wav	alishiriki kuanzisha shirika la waandishi wa liberia 	0
/scratch/skscla001/experiments/datasets/swagen/audio/common_voice_sw_28670201.wav	yapo matoleo mawili ya muziki wa video 	1
/scratch/skscla001/experiments/datasets/swagen/audio/common_voice_sw_30102191.wav	kutoka kabila ya kishujaa ya kikongo na kundi hili 	0
/scratch/skscla001/experiments/datasets/swagen/audio/common_voice_sw_31467055.wav	messi alipoteza nafasi adimu ya kuvaa taji la ubingwa wa kombe la dunia 	1
/scratch/skscla001/experiments/datasets/swagen/audio/common_voice_sw_30025030.wav	theodoros zagora ndiye aliyekuwa nyota wa ugiriki 	1
/scratch/skscla001/experiments/datasets/swagen/audio/common_voice_sw_30017277.wav	vikosi vya amin na libya vilkitaka kushinda ili kuyarudisha nyuma majeshi ya tanzania 	0
/scratch/skscla001/experiments/datasets/swagen/audio/common_voice_sw_30098543.wav	kuna mwamba wa kuvutia unaofanana na pua ya binadamu maarufu kama ikamba la fua 	0
/scratch/skscla001/experiments/datasets/swagen/audio/common_voice_sw_30024418.wav	aina ya kwanza ya kisukari inaweza kutokea kwa watu kuanzia utotoni 	1
/scratch/skscla001/experiments/datasets/swagen/audio/common_voice_sw_30332582.wav	juu zaidi usimbishaji unapungua tena hadi milimita mia mbili 	0
/scratch/skscla001/experiments/datasets/swagen/audio/common_voice_sw_28876842.wav	hii sio mara ya kwanza kwa diamond kufanya kazi kenya 	1
/scratch/skscla001/experiments/datasets/swagen/audio/common_voice_sw_35171861.wav	lakini walipotakiwa kwenda kwenye mahojiano na mike wote waliingia mitini 	0
/scratch/skscla001/experiments/datasets/swagen/audio/common_voice_sw_30570692.wav	kwenye fainali ya kombe la dunia ujerumani ilishinda mbili kwa moja 	0
/scratch/skscla001/experiments/datasets/swagen/audio/common_voice_sw_31823748.wav	baada ya mpira kumshinda ulaya akatimkia china 	0
/scratch/skscla001/experiments/datasets/swagen/audio/common_voice_sw_29797620.wav	pembe za wanyama ni utajiri wa asili katika nchi ya tanzania 	0
/scratch/skscla001/experiments/datasets/swagen/audio/common_voice_sw_30072346.wav	wapare ni kabila kutoka milima ya pare 	0
/scratch/skscla001/experiments/datasets/swagen/audio/common_voice_sw_35224165.wav	yenye uraibu miongoni mwa vijanahii leo ikiwa ni siku ya kupiga vita matumizi 	1
/scratch/skscla001/experiments/datasets/swagen/audio/common_voice_sw_36382231.wav	ameweka alama akiwa na vilabu vya argentinos juniours boca juniours barcelona napoli sevilla 	1
/scratch/skscla001/experiments/datasets/swagen/audio/common_voice_sw_35110268.wav	pande zote mbili zimetolewa katika mahojiano yenye hoja thabiti 	0
/scratch/skscla001/experiments/datasets/swagen/audio/common_voice_sw_36382619.wav	kwenye eneo hilo huakikisha kwamba kila mtu anachukua tahadhari husika 	1
/scratch/skscla001/experiments/datasets/swagen/audio/common_voice_sw_30243488.wav	mkoa unapakana na nchi ya kenya na uganda kwa upande wa kaskazini 	0
/scratch/skscla001/experiments/datasets/swagen/audio/common_voice_sw_28661930.wav	kuna mambo mengi yaliyotokea wakati wa karne hii kama haya yafuatayo 	1
/scratch/skscla001/experiments/datasets/swagen/audio/common_voice_sw_32091253.wav	tafulia nguvo kwa ibafe la jirani 	1
/scratch/skscla001/experiments/datasets/swagen/audio/common_voice_sw_30143976.wav	tofauti na matarajio ya karume hatua hiyo iliwaleta karibu zaidi 	1
/scratch/skscla001/experiments/datasets/swagen/audio/common_voice_sw_35757058.wav	ambapo aliwapa maji aliyodai kuwa na dawa ambayo ingewafanya wasiweze kudhurika 	1
/scratch/skscla001/experiments/datasets/swagen/audio/common_voice_sw_34958214.wav	husema kwamba dawa ya kulevya ya ecstasy ni salama na humsisimua 	0
/scratch/skscla001/experiments/datasets/swagen/audio/common_voice_sw_30623998.wav	mwai kibaki akachaguliwa kama rais tarehe kumi na saba aprili elfu mbili na nane 	0
/scratch/skscla001/experiments/datasets/swagen/audio/common_voice_sw_30056319.wav	linaweza kuwa jambo la kufikirika zaidi kwa wapenda soka 	0
/scratch/skscla001/experiments/datasets/swagen/audio/common_voice_sw_36375122.wav	wakati ambapo matukio ya maendeleo yanastahili kutokea katika maisha ya mtu 	1
/scratch/skscla001/experiments/datasets/swagen/audio/common_voice_sw_34826900.wav	amefuzu katika uhandisi 	0
/scratch/skscla001/experiments/datasets/swagen/audio/common_voice_sw_35588344.wav	ya kusini katika uwanja wa al gharafa 	0
/scratch/skscla001/experiments/datasets/swagen/audio/common_voice_sw_30566709.wav	simba wapandao juu ya miti pia msitu wa maji ulioko ardhini 	0
/scratch/skscla001/experiments/datasets/swagen/audio/common_voice_sw_29982111.wav	kutoka mji wa kilwa masoko hadi kufika kilwa kisiwani 	1
/scratch/skscla001/experiments/datasets/swagen/audio/common_voice_sw_35177098.wav	baba nakushukuru kwa kuwa umenisikia 	0
/scratch/skscla001/experiments/datasets/swagen/audio/common_voice_sw_29574548.wav	spishi zote ni nene zenye mkia mfupi na manyoya mazito 	1
/scratch/skscla001/experiments/datasets/swagen/audio/common_voice_sw_29936484.wav	wakati huo kamanda mpya mjerumani tom von prince alijenga boma jipya la wajerumani 	1
/scratch/skscla001/experiments/datasets/swagen/audio/common_voice_sw_29866873.wav	kwa sasa wamasai wengi wamekuwa wakristu na kiwango kidogo waislamu 	1
/scratch/skscla001/experiments/datasets/swagen/audio/common_voice_sw_30574986.wav	matokeo yake endapo yangeipa uganda ushindi yangebadilisha kabisa ramani ya afrika mashariki 	0
/scratch/skscla001/experiments/datasets/swagen/audio/common_voice_sw_29791980.wav	reli ya tazara inapita katika ya hifadhi ya kitulo 	0
/scratch/skscla001/experiments/datasets/swagen/audio/common_voice_sw_28582977.wav	leo hii idadi kubwa ya wakazi ni wa asili ya kihindi 	1
/scratch/skscla001/experiments/datasets/swagen/audio/common_voice_sw_37090532.wav	kufikia mwisho wa hali ya hatari askari hao walikuwa wamewaua 	1
/scratch/skscla001/experiments/datasets/swagen/audio/common_voice_sw_29815851.wav	hapo ukawa mwanzo wa mwilwana huku masanja akienda upande wa mashariki eneo la kisaki 	1
/scratch/skscla001/experiments/datasets/swagen/audio/common_voice_sw_35160865.wav	ya serengeti au makao makuu ya shirika la hifadhi za taifa mjini arusha 	0
/scratch/skscla001/experiments/datasets/swagen/audio/common_voice_sw_36014181.wav	pamoja na kusimamia na kufuatilia utekelezaji wa shughuli zote zinazotekelezwa 	1
/scratch/skscla001/experiments/datasets/swagen/audio/common_voice_sw_30377074.wav	wamangati ambao pia huitwa wabarbaig 	0
/scratch/skscla001/experiments/datasets/swagen/audio/common_voice_sw_29696942.wav	kwa miaka kadhaa alikaa guinea 	1
/scratch/skscla001/experiments/datasets/swagen/audio/common_voice_sw_35181960.wav	makazi yalijengwa katika visiwa vyote vya ulinzi 	0
/scratch/skscla001/experiments/datasets/swagen/audio/common_voice_sw_30182237.wav	kabla ya kusafirishwa kwenda kuzikwa katika eneo la makaburi ya watu maarufu uingereza 	1
/scratch/skscla001/experiments/datasets/swagen/audio/common_voice_sw_35103687.wav	tutashinda vita hii endapo wananchi pia watatuunga mkono 	0
/scratch/skscla001/experiments/datasets/swagen/audio/common_voice_sw_29507950.wav	wakati huo makao yao makuu yalikuwa mjini elmhurst katika eneo la illinois 	1
/scratch/skscla001/experiments/datasets/swagen/audio/common_voice_sw_29897831.wav	jose mourinho na makocha wengine wakawa waasisi wa soka la kujihami 	1
/scratch/skscla001/experiments/datasets/swagen/audio/common_voice_sw_29798600.wav	tanzania chini ya rais wa awamu ya pili ali hassan mwinyi 	0
/scratch/skscla001/experiments/datasets/swagen/audio/common_voice_sw_28877904.wav	yeye ni mwanamuziki mkongwe zaidi katika kundi la westlife la huko nchini ireland 	1
/scratch/skscla001/experiments/datasets/swagen/audio/common_voice_sw_29904875.wav	ya kutengana na julius nyerere ikawa vigumu kupata 	1
/scratch/skscla001/experiments/datasets/swagen/audio/common_voice_sw_30007308.wav	ais samia suluhu anakabiliwa na kibarua kigumu cha kuinua hali ya uchumi 	1
/scratch/skscla001/experiments/datasets/swagen/audio/common_voice_sw_29869255.wav	mwanawe amin hussein alisema babake alizaliwa kampala 	1
/scratch/skscla001/experiments/datasets/swagen/audio/common_voice_sw_31787719.wav	mwaka elfu moja mia tisa sabini na tano field marshal 	0
/scratch/skscla001/experiments/datasets/swagen/audio/common_voice_sw_35438645.wav	benki kuu ya tanzania ina manaibu gavana watatu 	0
/scratch/skscla001/experiments/datasets/swagen/audio/common_voice_sw_30634784.wav	pombe za kienyeji kama ulanzi ili mtoto asisumbue 	1
/scratch/skscla001/experiments/datasets/swagen/audio/common_voice_sw_30052618.wav	kwa sasa kutokana na ugonjwa wa ukimwi tabia hii imepungua miongoni mwao 	0
/scratch/skscla001/experiments/datasets/swagen/audio/common_voice_sw_28695758.wav	hujenga tago lao juu ya mti msituni 	1
/scratch/skscla001/experiments/datasets/swagen/audio/common_voice_sw_29611088.wav	vipande hivyo ni mabamba ya ganda la dunia au kwa kifupi mabamba gandunia 	0
/scratch/skscla001/experiments/datasets/swagen/audio/common_voice_sw_29796702.wav	wadhifa alioushikilia kwa kipindi kirefu sana 	1
/scratch/skscla001/experiments/datasets/swagen/audio/common_voice_sw_30072549.wav	kama tulivyoona jumbe alivyofanya hapo juu 	0
/scratch/skscla001/experiments/datasets/swagen/audio/common_voice_sw_30440093.wav	soka la pasi nyingi la kumtawala mpinzani wake 	0
/scratch/skscla001/experiments/datasets/swagen/audio/common_voice_sw_30574301.wav	zilianzishwa kabla ya tanganyika kupata uhuru 	0
/scratch/skscla001/experiments/datasets/swagen/audio/common_voice_sw_30495664.wav	maneno ya mwanasayansi einstein yameendelea kuishi 	0
/scratch/skscla001/experiments/datasets/swagen/audio/common_voice_sw_28873922.wav	mkono wa kaskazini huitwa mkondo wa atlantiki ya kaskazini 	0
/scratch/skscla001/experiments/datasets/swagen/audio/common_voice_sw_28584802.wav	jina hili hutumika pia kwa manyasi marefu yoyote ya maji 	0
/scratch/skscla001/experiments/datasets/swagen/audio/common_voice_sw_30025489.wav	balozi salim ahmed salim wakati huo balozi wa zanzibar nchini misri 	1
/scratch/skscla001/experiments/datasets/swagen/audio/common_voice_sw_34598137.wav	katika mwezi wa pili mwaka elfu moja mia nane tisini na moja 	0
/scratch/skscla001/experiments/datasets/swagen/audio/common_voice_sw_34924412.wav	ni bora uyashuhudie kwa mwenzio 	0
/scratch/skscla001/experiments/datasets/swagen/audio/common_voice_sw_28876251.wav	kuna visiwa vingi 	1
/scratch/skscla001/experiments/datasets/swagen/audio/common_voice_sw_36319024.wav	na sasa ameamuru kutosafirishwa nje ya nchi kwa bidhaa 	1
/scratch/skscla001/experiments/datasets/swagen/audio/common_voice_sw_30365263.wav	jumuiya ya uchumi ya nchi za magharibi mwa afrika 	1
/scratch/skscla001/experiments/datasets/swagen/audio/common_voice_sw_29790939.wav	alizaliwa mwaka elfu moja nia tisa sabini na sita 	0
/scratch/skscla001/experiments/datasets/swagen/audio/common_voice_sw_28663274.wav	wengine wengi hawana dini yoyote 	1
/scratch/skscla001/experiments/datasets/swagen/audio/common_voice_sw_28670379.wav	kuna nafasi kwa ajili ya kuhifadhi vifaa vya kawaida vya upasuaji 	1
/scratch/skscla001/experiments/datasets/swagen/audio/common_voice_sw_35409918.wav	siswi na watuhumiwa wa kulipua mabomu miezi iliyopita mjini kigali 	0
/scratch/skscla001/experiments/datasets/swagen/audio/common_voice_sw_35183894.wav	mara nyingi kwa marekebisho ya umonaki katika karne ya kumi na tano 	0
/scratch/skscla001/experiments/datasets/swagen/audio/common_voice_sw_30342849.wav	ghana waliibuka washindi wa kombe kwenye fainali zilizochezwa nchini kwao 	1
/scratch/skscla001/experiments/datasets/swagen/audio/common_voice_sw_29898191.wav	kutokana na wakati baadhi ya vitu kwenye magofu hayo vinaibwa vinaharibiwa 	1
/scratch/skscla001/experiments/datasets/swagen/audio/common_voice_sw_30351485.wav	maambukizi ya virusi vya homa ya ini ndio sababu kuu ya shida kwenye ini 	0
/scratch/skscla001/experiments/datasets/swagen/audio/common_voice_sw_29924156.wav	baadhi ya maeneo ya matombo na kiroka 	0
/scratch/skscla001/experiments/datasets/swagen/audio/common_voice_sw_35155487.wav	za cocaine halisi na vidonge viwili vya dawa 	0
/scratch/skscla001/experiments/datasets/swagen/audio/common_voice_sw_30332155.wav	mchimbaji mdogo wa madini hayo laizer kuryani amefanikiwa kupata mawe mawili makubwa 	0
/scratch/skscla001/experiments/datasets/swagen/audio/common_voice_sw_29923801.wav	hivyo kipaumbele kikatolewa kwa wanawake na watoto 	0
/scratch/skscla001/experiments/datasets/swagen/audio/common_voice_sw_29796794.wav	mwanafizikia ambaye amegundua kani mvutano 	1
/scratch/skscla001/experiments/datasets/swagen/audio/common_voice_sw_29979670.wav	baadhi ya watafiti walienda kumchunguza blob 	1
/scratch/skscla001/experiments/datasets/swagen/audio/common_voice_sw_36319937.wav	namna ya kawaida ni kufanya tohara 	1
/scratch/skscla001/experiments/datasets/swagen/audio/common_voice_sw_29791051.wav	adhabu ya kifo ilipanuliwa kuingiza makosa kama vile utoroshaji wa karafuu 	0
/scratch/skscla001/experiments/datasets/swagen/audio/common_voice_sw_35146289.wav	katika wachezaji wanaongoza kwa kufunga mabao mengi kwenye ligi kuu ya hispania 	0
/scratch/skscla001/experiments/datasets/swagen/audio/common_voice_sw_30070990.wav	tangu nilipoteuliwa sijawahi kuwafikiria baadhi ya watu walionisuta 	0
/scratch/skscla001/experiments/datasets/swagen/audio/common_voice_sw_37225431.wav	chakula anachokula kima punju hula maganda ya matunda 	0
/scratch/skscla001/experiments/datasets/swagen/audio/common_voice_sw_30629110.wav	ajali nyingine zingeepukika na tungekuwa tunaziepuka 	0
/scratch/skscla001/experiments/datasets/swagen/audio/common_voice_sw_30567756.wav	wakichekeana lakini walikuwa maadui ili tuelewe chanzo 	0
/scratch/skscla001/experiments/datasets/swagen/audio/common_voice_sw_31285546.wav	bayern inapiga pasi za kuvutia siku hizi 	0
/scratch/skscla001/experiments/datasets/swagen/audio/common_voice_sw_35156874.wav	bado walikuwa wakitafuta nafasi ya kulipa kisasi cha lugalo walidai kuwa chifu amevunja mkataba 	0
/scratch/skscla001/experiments/datasets/swagen/audio/common_voice_sw_31306456.wav	kwa kifupi hataweza kutofautisha kama ni kitu cha kawaida au ni hatari 	1
/scratch/skscla001/experiments/datasets/swagen/audio/common_voice_sw_30634573.wav	sheikh abeid amani karume anasalia kukumbukwa kuwa rais wa kwanza wa nchi hiyo 	1
/scratch/skscla001/experiments/datasets/swagen/audio/common_voice_sw_30379824.wav	maeneo yenye historia kama kilwa kisiwani na bagamoyo 	0
/scratch/skscla001/experiments/datasets/swagen/audio/common_voice_sw_29216157.wav	zifuatazo ni orodha kamili ya nyimbo zinapatikana katika albamu hii 	0
/scratch/skscla001/experiments/datasets/swagen/audio/common_voice_sw_30674908.wav	kina cha ziwa hilo ni karibu meta mia saba na hamsini 	1
/scratch/skscla001/experiments/datasets/swagen/audio/common_voice_sw_30124889.wav	wadau hao ni wanaohudumia shughuli za utalii katika hifadhi hii ya taifa ya serengeti 	0
/scratch/skscla001/experiments/datasets/swagen/audio/common_voice_sw_28989758.wav	alicheza kama mshambuliaji wa kati 	1
/scratch/skscla001/experiments/datasets/swagen/audio/common_voice_sw_28695389.wav	aliendelea kutunga pia vitabu na tamthiliya 	1
/scratch/skscla001/experiments/datasets/swagen/audio/common_voice_sw_29790981.wav	ufugaji nao ni shughuli muhimu kama ilivyo uvuvi 	0
/scratch/skscla001/experiments/datasets/swagen/audio/common_voice_sw_34958877.wav	na kulelewa musoma mji uliopo kwenye ufukwe wa ziwa victoria alihamia dar es salaam 	0
/scratch/skscla001/experiments/datasets/swagen/audio/common_voice_sw_30568769.wav	hii ni mara ya pili kwao kutupa shilingi milioni mia moja za ubingwa 	0
/scratch/skscla001/experiments/datasets/swagen/audio/common_voice_sw_29585113.wav	ndio mwanzo wa dola takatifu la roma 	1
/scratch/skscla001/experiments/datasets/swagen/audio/common_voice_sw_30143802.wav	wengi wao hawaamini kuwa blob anaweza kutatua migogoro 	1
/scratch/skscla001/experiments/datasets/swagen/audio/common_voice_sw_29938494.wav	na umiliki haramu wa silaha shughuli zao katika makambi 	1
/scratch/skscla001/experiments/datasets/swagen/audio/common_voice_sw_31305385.wav	mazingira yanawafanya kuhisi kama bado wako nyikani na siyo kwenye bustani 	1
/scratch/skscla001/experiments/datasets/swagen/audio/common_voice_sw_28681403.wav	lugha rasmi ni kiingereza hutumika sana katika masuala ya serikali na biashara 	1
/scratch/skscla001/experiments/datasets/swagen/audio/common_voice_sw_28735767.wav	kuanzia umri mdogo davis alikuwa mwanafunzi wa sanaa haswa kaimu 	1
/scratch/skscla001/experiments/datasets/swagen/audio/common_voice_sw_31909764.wav	usipoukata utakukata 	0
/scratch/skscla001/experiments/datasets/swagen/audio/common_voice_sw_29936801.wav	watalii wanaopenda kupanda milima watafurahia wakiwa tanzania 	1
/scratch/skscla001/experiments/datasets/swagen/audio/common_voice_sw_30342397.wav	sasa limezaa matunda na kumuweka rais samia katika mstari wa mbele barani afrika 	1
/scratch/skscla001/experiments/datasets/swagen/audio/common_voice_sw_29789779.wav	katika kitabu cha mwaka wa elfu moja mia nane tisini na nne 	0
/scratch/skscla001/experiments/datasets/swagen/audio/common_voice_sw_31996665.wav	nagoma kwenda kuteka maji 	0
/scratch/skscla001/experiments/datasets/swagen/audio/common_voice_sw_28584923.wav	alijitahidi kurekebisha maadili ya jimbo lake 	0
/scratch/skscla001/experiments/datasets/swagen/audio/common_voice_sw_30671871.wav	kwenye nafasi mojawapo za nyuma na kumuweka kama mshambuliaji 	1
/scratch/skscla001/experiments/datasets/swagen/audio/common_voice_sw_29923049.wav	corinne hutton mwenye miaka arobaini na nane kutoka eneo la renfrewshire 	0
/scratch/skscla001/experiments/datasets/swagen/audio/common_voice_sw_35586802.wav	malenga amekuwa na kazi nyingi sana 	0
/scratch/skscla001/experiments/datasets/swagen/audio/common_voice_sw_30115959.wav	baadhi ya mikoa inalima mazao kama ndizi na muhogo 	1
/scratch/skscla001/experiments/datasets/swagen/audio/common_voice_sw_30577843.wav	alikuwa mmoja wa washitakiwa zaidi ya nia moja 	1
/scratch/skscla001/experiments/datasets/swagen/audio/common_voice_sw_36640931.wav	siwezi kulinganisha vitu hivi 	0
/scratch/skscla001/experiments/datasets/swagen/audio/common_voice_sw_31916044.wav	wenda saa ngapi madrassa 	0
/scratch/skscla001/experiments/datasets/swagen/audio/common_voice_sw_28660699.wav	kila jimbo lina katiba yake serikali bunge na mahakama kulingana na mgawanyo wa madaraka 	1
/scratch/skscla001/experiments/datasets/swagen/audio/common_voice_sw_35250649.wav	uongeza kuwa anauhakika nchi ya marekani 	0
/scratch/skscla001/experiments/datasets/swagen/audio/common_voice_sw_35172687.wav	mini kwa kufanya hivyo kutafungua mioyo mioyo ya wananchi hao 	0
/scratch/skscla001/experiments/datasets/swagen/audio/common_voice_sw_28683328.wav	inaonyesha uwezekano wa jinsi vile mtu ana maambukizi katika koo 	1
/scratch/skscla001/experiments/datasets/swagen/audio/common_voice_sw_37089131.wav	hata hivyo hali imeendelea kama kawaida katika kisiwa hicho 	1
/scratch/skscla001/experiments/datasets/swagen/audio/common_voice_sw_30650346.wav	mbuni anaweza kuwaona adui zake wakiwa mbali sana 	1
/scratch/skscla001/experiments/datasets/swagen/audio/common_voice_sw_30355230.wav	uwanja wa mkapa unavizidi viwanja vya timu nyingi kubwa ulaya 	0
/scratch/skscla001/experiments/datasets/swagen/audio/common_voice_sw_29936890.wav	serikali za mitaa ziliondolewa na kuanza utawala mijini 	1
/scratch/skscla001/experiments/datasets/swagen/audio/common_voice_sw_30581089.wav	hali hii imepelekea kuwepo wasanii wengi maarufu wa maigizo na nyimbo 	0
/scratch/skscla001/experiments/datasets/swagen/audio/common_voice_sw_30261108.wav	wananchi wanalima kilimo cha umwagiliaji kwa kutumia maji ya ziwa hilo 	0
/scratch/skscla001/experiments/datasets/swagen/audio/common_voice_sw_36389577.wav	cha kupata mataji ya kwanza ya ligi mwaka 	1
/scratch/skscla001/experiments/datasets/swagen/audio/common_voice_sw_29226964.wav	kufuatana na uainishaji wa lugha kitai daeng iko katika kundi la kitai ya kusini magharibi 	1
/scratch/skscla001/experiments/datasets/swagen/audio/common_voice_sw_30210006.wav	ushanga huwa sehemu muhimu ya urembesho wa miili yao 	1
/scratch/skscla001/experiments/datasets/swagen/audio/common_voice_sw_34826369.wav	wasichana wako katika hatari kubwa ya kupata maambukizo ya virusi 	0
/scratch/skscla001/experiments/datasets/swagen/audio/common_voice_sw_30034007.wav	vipindi vya joto jingi kwa kawaida hubadilishana na vile vya baridi na joto 	0
/scratch/skscla001/experiments/datasets/swagen/audio/common_voice_sw_30124432.wav	kama wazaramo na wakaguru pia wakutu na wakwere 	0
/scratch/skscla001/experiments/datasets/swagen/audio/common_voice_sw_29304343.wav	boma la kale la wajerumani bado inatumika 	0
/scratch/skscla001/experiments/datasets/swagen/audio/common_voice_sw_29697852.wav	wengine ni hasa wakristo wakopti 	1
/scratch/skscla001/experiments/datasets/swagen/audio/common_voice_sw_36385914.wav	alipelekwa masomoni kwenye chuo cha kijeshi huko uchina wakati wa kurudi alipewa cheo cha 	1
/scratch/skscla001/experiments/datasets/swagen/audio/common_voice_sw_30025653.wav	kuna aina kuu mbili za wanyama wa jangwani ambao ni ngamia na bakteria 	1
/scratch/skscla001/experiments/datasets/swagen/audio/common_voice_sw_30321898.wav	shughuli hizi za ufugaji wa vipepeo zimeanzishwa zikiwa na viwango mbalimbali 	1
/scratch/skscla001/experiments/datasets/swagen/audio/common_voice_sw_29935617.wav	rais wa croatia alihimiza mashabiki wa nchi yake kushangilia timu yao 	1
/scratch/skscla001/experiments/datasets/swagen/audio/common_voice_sw_31304349.wav	kimsingi kuna jamii kumi na mbili za kabila la wamasai 	1
/scratch/skscla001/experiments/datasets/swagen/audio/common_voice_sw_31911993.wav	pochi hii alapsechi echu ikikamilika asari takuva ningii kichoveo cha papaa itakuva ni mwanadamu 	1
/scratch/skscla001/experiments/datasets/swagen/audio/common_voice_sw_29797585.wav	moja likapita mashariki mwa ziwa victoria 	0
/scratch/skscla001/experiments/datasets/swagen/audio/common_voice_sw_30568017.wav	mchezaji bora wa dunia mara tano cristiano ronaldo 	0
/scratch/skscla001/experiments/datasets/swagen/audio/common_voice_sw_28682875.wav	babake alikuwa mwanamuziki katika bendi la jeshi la mtemi 	1
/scratch/skscla001/experiments/datasets/swagen/audio/common_voice_sw_36382212.wav	kutoka mwaka elfu moja mia tisa sitini na moja 	1
/scratch/skscla001/experiments/datasets/swagen/audio/common_voice_sw_30568041.wav	mark mahela kwanza alifungwa kamba kwenye kiti chake 	0
/scratch/skscla001/experiments/datasets/swagen/audio/common_voice_sw_31306628.wav	ziwa eyasi ni sehemu inayochimbwa chumvi ndani ya tanzania 	1
/scratch/skscla001/experiments/datasets/swagen/audio/common_voice_sw_30381316.wav	bandari ya dar es salaam inaziunganisha nchi na mabara 	1
/scratch/skscla001/experiments/datasets/swagen/audio/common_voice_sw_35171895.wav	yesu alizaliwa na bikira maria kwa uwezo wa roho mtakatifu huko bethlehemu ya uyahudi 	0
/scratch/skscla001/experiments/datasets/swagen/audio/common_voice_sw_30098008.wav	kwa upande wa vijana huku ndiko maombolezo 	0
/scratch/skscla001/experiments/datasets/swagen/audio/common_voice_sw_36310767.wav	ulinifia mwokozi wangu 	1
/scratch/skscla001/experiments/datasets/swagen/audio/common_voice_sw_29923355.wav	nchi ya burkina faso walikuwa wenyeji wa fainali za mataifa ya afrika 	0
/scratch/skscla001/experiments/datasets/swagen/audio/common_voice_sw_30558988.wav	wazazi na marafiki wakiwa wamewabeba watoto wao wakielekea kanisani 	0
/scratch/skscla001/experiments/datasets/swagen/audio/common_voice_sw_30005144.wav	wanyambo hupenda kula ndizi kama chakula chao 	0
/scratch/skscla001/experiments/datasets/swagen/audio/common_voice_sw_35280735.wav	kitabu hicho kilikuwa na uchambuzi wa kina wa kisheria 	1
/scratch/skscla001/experiments/datasets/swagen/audio/common_voice_sw_28581558.wav	kwa sasa imekuwa sehemu ya kaunti ya narok 	1
/scratch/skscla001/experiments/datasets/swagen/audio/common_voice_sw_28666748.wav	ni msingi wa kalenda ya watakatifu katika mwaka wa liturujia 	0
/scratch/skscla001/experiments/datasets/swagen/audio/common_voice_sw_28663341.wav	alihamia kusini mwa california akiwa na miaka minne 	1
/scratch/skscla001/experiments/datasets/swagen/audio/common_voice_sw_30122818.wav	ufaransa ilimenyana na croatia kwenye fainali 	1
/scratch/skscla001/experiments/datasets/swagen/audio/common_voice_sw_29787613.wav	forlan aliweka rekodi ya kufunga mabao matatu nje ya boksi 	1
/scratch/skscla001/experiments/datasets/swagen/audio/common_voice_sw_36105820.wav	claus tv na claus redio na mambo mengine kaka ruge 	0
/scratch/skscla001/experiments/datasets/swagen/audio/common_voice_sw_30623748.wav	ushirikiano unapatikana kwa watu kuungana pamoja 	0
/scratch/skscla001/experiments/datasets/swagen/audio/common_voice_sw_31823770.wav	alitoa albam bora zaidi ya mwaka wakati wa tamasha la muziki wa injili tanzania 	0
/scratch/skscla001/experiments/datasets/swagen/audio/common_voice_sw_35183689.wav	umeiweza roho yangu 	0
/scratch/skscla001/experiments/datasets/swagen/audio/common_voice_sw_31406151.wav	kama ilivyokuwa ngumu kwa wenger kuondoka arsenal 	0
/scratch/skscla001/experiments/datasets/swagen/audio/common_voice_sw_28820711.wav	ni pia rangi ya matunda mbalimbali na rangi ya damu 	1
/scratch/skscla001/experiments/datasets/swagen/audio/common_voice_sw_36381226.wav	mfumo wa elimu hauko sawa kwa wote 	1
/scratch/skscla001/experiments/datasets/swagen/audio/common_voice_sw_36945203.wav	katika makundi mawili kundi la kwanza lilikuwa 	1
/scratch/skscla001/experiments/datasets/swagen/audio/common_voice_sw_36383647.wav	wakaibatiza siku hiyo kuwa ni siku ya fukuto la kukata kiu 	1
/scratch/skscla001/experiments/datasets/swagen/audio/common_voice_sw_30180118.wav	hawakujua watafikiaje tamati kutokana na kukosa baadhi mahitaji muhimu 	1
/scratch/skscla001/experiments/datasets/swagen/audio/common_voice_sw_29923596.wav	ilitungwa sheria ya usalama wa raia ilyopelekea kupigwa marufuku 	0
/scratch/skscla001/experiments/datasets/swagen/audio/common_voice_sw_30128611.wav	utu wake na mtizamo wake ulipenya nje ya kuta za gereza 	1
/scratch/skscla001/experiments/datasets/swagen/audio/common_voice_sw_34980409.wav	uwezo wake wa kubuni vitu mbalimbali kiasi cha watu kudiriki kusema alikuwa injini ya 	0
/scratch/skscla001/experiments/datasets/swagen/audio/common_voice_sw_28792961.wav	wana rangi ya mchanga na madoa meusi au kahawia 	0
/scratch/skscla001/experiments/datasets/swagen/audio/common_voice_sw_34994421.wav	mashairi ya kiswahili yalionesha kuwavutia watu wengi sana waliofurika kwenye tamasha hilo 	0
/scratch/skscla001/experiments/datasets/swagen/audio/common_voice_sw_29924504.wav	alipendwa na kukaribishwa na mwamududa kuishi kwake 	0
/scratch/skscla001/experiments/datasets/swagen/audio/common_voice_sw_31415661.wav	ziwa vitoria lina upana wa kilomita za mraba elfu sita 	1
/scratch/skscla001/experiments/datasets/swagen/audio/common_voice_sw_30582095.wav	engai ni mungu mmoja mwenye asili mbili 	0
/scratch/skscla001/experiments/datasets/swagen/audio/common_voice_sw_30306490.wav	baadhi ya visiwa hivyo ni goziba na nansio pamoja na ukerewe 	1
/scratch/skscla001/experiments/datasets/swagen/audio/common_voice_sw_32090743.wav	sidharau nnlinga ndio uuvao nkoko 	1
/scratch/skscla001/experiments/datasets/swagen/audio/common_voice_sw_30192390.wav	kutokana na masimulizi inawezekana vifo vya watoto vilisababishwa na ugonjwa wa malaria 	0
/scratch/skscla001/experiments/datasets/swagen/audio/common_voice_sw_36383687.wav	ya misitu kila kwa urefu na kwa upana 	1
/scratch/skscla001/experiments/datasets/swagen/audio/common_voice_sw_29896359.wav	baada ya wajerumani kushindwa na waingereza katika vita kuu ya kwanza ya dunia 	1
/scratch/skscla001/experiments/datasets/swagen/audio/common_voice_sw_29795364.wav	nairobi nchini kenya karibu na mpaka wa uganda 	1
/scratch/skscla001/experiments/datasets/swagen/audio/common_voice_sw_28962037.wav	kwa sasa hupatikana sehemu ya kusini na kati ya ureno na hispania 	0
/scratch/skscla001/experiments/datasets/swagen/audio/common_voice_sw_32295878.wav	ameweza kujilipia ada 	1
/scratch/skscla001/experiments/datasets/swagen/audio/common_voice_sw_29175058.wav	pori hubeba vitu mbalimbali kama wadudu wanyama miti nyasi nakadhalika 	0
/scratch/skscla001/experiments/datasets/swagen/audio/common_voice_sw_34763052.wav	alikuwa mtemi na kiongozi mkuu wa kabila la wahehe nchini tanzania 	0
/scratch/skscla001/experiments/datasets/swagen/audio/common_voice_sw_30121923.wav	bahari hii siyo kubwa sana kama zilivyo bahari ya hindi na atlantiki 	0
/scratch/skscla001/experiments/datasets/swagen/audio/common_voice_sw_36617063.wav	a chancellor wa ujerumani angela mickel 	0
/scratch/skscla001/experiments/datasets/swagen/audio/common_voice_sw_36375247.wav	na zinapuuza hata shinikizo ya la kimataifa 	1
/scratch/skscla001/experiments/datasets/swagen/audio/common_voice_sw_28815205.wav	mwaka uleule alifunga ndoa 	1
/scratch/skscla001/experiments/datasets/swagen/audio/common_voice_sw_29841626.wav	waliokufa katika mapigano wamekadiriwa kuwa themanini hivi 	1
/scratch/skscla001/experiments/datasets/swagen/audio/common_voice_sw_30342411.wav	shirika la kitaifa lilodai kuingia katika nchi iliyomilikwa na walowezi 	1
/scratch/skscla001/experiments/datasets/swagen/audio/common_voice_sw_34959000.wav	sisi tunafaa kumcha mungu sana 	0
/scratch/skscla001/experiments/datasets/swagen/audio/common_voice_sw_30450852.wav	manchester united ilitwaa ubingwa wa ulaya kwa kuifunga benfica ya ureno 	1
/scratch/skscla001/experiments/datasets/swagen/audio/common_voice_sw_36251191.wav	wamisionari wakatoliki wa karne zile walifanya mara nyingi kosa la kutofundisha kiasi cha kutosha 	1
/scratch/skscla001/experiments/datasets/swagen/audio/common_voice_sw_30034722.wav	alizikwa mahali pa kuzaliwa kwake kijiji cha butiama 	0
/scratch/skscla001/experiments/datasets/swagen/audio/common_voice_sw_37229624.wav	mkurugenzi wa taasisi ya uchunguzi dzhona edgara hooveralipochukua madaraka shirika inaajiri wafanyakazi kuhusu 	1
/scratch/skscla001/experiments/datasets/swagen/audio/common_voice_sw_29996075.wav	karol alikuwa golikipa wakati alipokuwa anacheza mpira 	1
/scratch/skscla001/experiments/datasets/swagen/audio/common_voice_sw_35157567.wav	ulipata chanjo lini 	0
/scratch/skscla001/experiments/datasets/swagen/audio/common_voice_sw_30072227.wav	mtaalamu wa historia frank schubert anasema mapinduzi ya obote yalibainisha wazi 	0
/scratch/skscla001/experiments/datasets/swagen/audio/common_voice_sw_36389451.wav	alitembea haraka kupanda ngazi kuelekea chumbani kwake 	1
/scratch/skscla001/experiments/datasets/swagen/audio/common_voice_sw_37095510.wav	kabisa na hatua za kiuchumi katika jamii ya kisasa kwa hiyo ni vigumu 	1
/scratch/skscla001/experiments/datasets/swagen/audio/common_voice_sw_36331709.wav	wa simbamweni na kisha sehemu fulani ya mji wa sasa wa morogoro na eneo 	1
/scratch/skscla001/experiments/datasets/swagen/audio/common_voice_sw_29937602.wav	kwa mujibu wa ushuhuda wake kuna sauti ilimwambia ni dhahiri kuwa mungu alimtendea makuu 	1
/scratch/skscla001/experiments/datasets/swagen/audio/common_voice_sw_36256998.wav	wakati huo akizichezea timu mbalimbali za ligi hiyo 	1
/scratch/skscla001/experiments/datasets/swagen/audio/common_voice_sw_29697051.wav	alikwenda pia ujerumani mara kadhaa kama mgeni wa kaisari 	1
/scratch/skscla001/experiments/datasets/swagen/audio/common_voice_sw_29516966.wav	mifano ya rasi kubwa ni nchi za italia na korea au bara hindi 	0
/scratch/skscla001/experiments/datasets/swagen/audio/common_voice_sw_29560157.wav	kwa sasa iko kati ya visiwa vya kanada na ncha ya kijiografia 	0
/scratch/skscla001/experiments/datasets/swagen/audio/common_voice_sw_37332057.wav	moja milioni zilitolewa kwa makampuni hayo jumatatu kulipa sehemu ya deni hilo 	0
/scratch/skscla001/experiments/datasets/swagen/audio/common_voice_sw_29945047.wav	mpandaji wa mlima huu anapitia kanda tofati za hewa 	1
/scratch/skscla001/experiments/datasets/swagen/audio/common_voice_sw_29963761.wav	ilipangwa ili apate mafunzo zaidi ya kijeshi nchini uingereza 	1
/scratch/skscla001/experiments/datasets/swagen/audio/common_voice_sw_30522450.wav	kwa ajili ya kujikinga dhidi ya kuumwa na mbu 	0
/scratch/skscla001/experiments/datasets/swagen/audio/common_voice_sw_34766441.wav	huenda idadi ya vifo ikawa kubwa zaidi 	0
/scratch/skscla001/experiments/datasets/swagen/audio/common_voice_sw_28682603.wav	aliendelea kuchora picha nyingi za dini juu ya habari na watu wa biblia 	1
/scratch/skscla001/experiments/datasets/swagen/audio/common_voice_sw_36255431.wav	baada ya maongezi waliingizia utani kisha jacob akaaga kuondoka 	1
/scratch/skscla001/experiments/datasets/swagen/audio/common_voice_sw_30075450.wav	barcelona ilitwaa ubingwa kwa kuifunga arsenal 	1
/scratch/skscla001/experiments/datasets/swagen/audio/common_voice_sw_34764785.wav	shirika la haki za kibinadamu hufanya mazungumzo ya majadiliano 	0
/scratch/skscla001/experiments/datasets/swagen/audio/common_voice_sw_31406167.wav	asiyekia la mkuu huvunyika guu 	0
/scratch/skscla001/experiments/datasets/swagen/audio/common_voice_sw_28306010.wav	pia yeye ni mwanachama wa shirika la kifalme la fasihi 	1
/scratch/skscla001/experiments/datasets/swagen/audio/common_voice_sw_30071810.wav	amini alifariki mjini jeddah tarehe kumi na sita 	1
/scratch/skscla001/experiments/datasets/swagen/audio/common_voice_sw_36318597.wav	inaaminika kwamba baada ya hapo watu watazungumza tu mambo mazuri 	1
/scratch/skscla001/experiments/datasets/swagen/audio/common_voice_sw_28690219.wav	kwa sasa ndiyo hospitali kubwa ya rufaa na mafundisho nchini 	1
/scratch/skscla001/experiments/datasets/swagen/audio/common_voice_sw_30090787.wav	makumbusho ya nyerere yalianza kujengwa baada ya yeye kustaafu urais 	1
/scratch/skscla001/experiments/datasets/swagen/audio/common_voice_sw_30051519.wav	shughuli kubwa ya wachagga ni biashara kilimo na kazi za ofisini 	0
/scratch/skscla001/experiments/datasets/swagen/audio/common_voice_sw_30209767.wav	hivi majuzi alizindua kampuni ya utayarishaji wa filamu 	1
/scratch/skscla001/experiments/datasets/swagen/audio/common_voice_sw_35108101.wav	mkataba wa kuzuia ualifu wa mauaji ya kimbari ulikamilika 	1
/scratch/skscla001/experiments/datasets/swagen/audio/common_voice_sw_28582625.wav	mwaka huo ulikuwa mfupi kuliko mwaka wa jua kiasi cha karibu robo siku 	1
/scratch/skscla001/experiments/datasets/swagen/audio/common_voice_sw_35284645.wav	tumia vifaa vya kujikinga kama kufunika mdoma na pua unaposhughulikia kuku 	0
/scratch/skscla001/experiments/datasets/swagen/audio/common_voice_sw_36311018.wav	wa kisiasa wa negus negesti mfalme wa ethiopia tangu mwaka 	1
/scratch/skscla001/experiments/datasets/swagen/audio/common_voice_sw_34920400.wav	pia ardhi yenye rutuba kwa mifungo kama vile ngombe mbuzi kondoo na punda 	0
/scratch/skscla001/experiments/datasets/swagen/audio/common_voice_sw_35683904.wav	haki yako na mpaka hapa tunatamatisha makala yetu ya jua haki zako 	1
/scratch/skscla001/experiments/datasets/swagen/audio/common_voice_sw_36385477.wav	mkubwa mkali alimtaja chameleon pale alipoambiwa amtaje msanii mmoja anayetumia nguvu za 	1
/scratch/skscla001/experiments/datasets/swagen/audio/common_voice_sw_29961532.wav	kutokana na uchache wao lugha yao imekuwa inaingiliana sana na kipare 	1
/scratch/skscla001/experiments/datasets/swagen/audio/common_voice_sw_30434539.wav	ningependa kuwapongeza sana sana kwanza kwa kuibuka mabingwa na ligi kuu 	0
/scratch/skscla001/experiments/datasets/swagen/audio/common_voice_sw_29795456.wav	awali januari thelasini na moja mwaka elfu mbili na tano ilikuwa ya baraka 	1
/scratch/skscla001/experiments/datasets/swagen/audio/common_voice_sw_30582820.wav	limezungukwa pia na bahari pande zake zote 	1
/scratch/skscla001/experiments/datasets/swagen/audio/common_voice_sw_30671176.wav	wengi walitokea kumchukia idd amin katika kipindi chote cha utawala wake 	1
/scratch/skscla001/experiments/datasets/swagen/audio/common_voice_sw_37217245.wav	na ni milima milima katika baadhi ya wilaya zake 	0
/scratch/skscla001/experiments/datasets/swagen/audio/common_voice_sw_29754846.wav	video inaendelea na mwishoni 	1
/scratch/skscla001/experiments/datasets/swagen/audio/common_voice_sw_28584584.wav	hali ya hewa ni ya kitropiki 	0
/scratch/skscla001/experiments/datasets/swagen/audio/common_voice_sw_28682534.wav	alifanya kazi kama mjumbe na kuongoza kwa miaka mitatu 	1
/scratch/skscla001/experiments/datasets/swagen/audio/common_voice_sw_34393005.wav	wanaume hunyoa nywele wanapopita hatua moja ya maisha hadi nyingine 	1
/scratch/skscla001/experiments/datasets/swagen/audio/common_voice_sw_30341954.wav	kwa sababu kadiri unavyofukua unakuta mawe yaliyojengwa 	1
/scratch/skscla001/experiments/datasets/swagen/audio/common_voice_sw_29796095.wav	china inanununua wachezaji wanaokaribia kusitaafu 	1
/scratch/skscla001/experiments/datasets/swagen/audio/common_voice_sw_29645006.wav	ni mwigizaji filamu wa kike wa nigeria pia ni mwongozaji wa filamu na mwanamitindo 	0
/scratch/skscla001/experiments/datasets/swagen/audio/common_voice_sw_30173758.wav	hapa alienda kuzunguka mitaani na kusikiliza wahubiri wa barabarani 	0
/scratch/skscla001/experiments/datasets/swagen/audio/common_voice_sw_28694298.wav	nasaba ya watawala wa japani ni nasaba ya kale zaidi duniani 	1
/scratch/skscla001/experiments/datasets/swagen/audio/common_voice_sw_31266484.wav	mtwara mikindani ni jina ambalo lina muunganiko wa maneno mawili 	0
/scratch/skscla001/experiments/datasets/swagen/audio/common_voice_sw_37100214.wav	mamlaka zake pamoja na maoni mbalimbali ya wadau juu ya ukuzaji wa sekta hii 	0
/scratch/skscla001/experiments/datasets/swagen/audio/common_voice_sw_36385786.wav	mi nashangaa 	1
/scratch/skscla001/experiments/datasets/swagen/audio/common_voice_sw_35146263.wav	chai imemwagika 	0
/scratch/skscla001/experiments/datasets/swagen/audio/common_voice_sw_30570004.wav	katika orodha ya maajabu asilia duniani kote 	0
/scratch/skscla001/experiments/datasets/swagen/audio/common_voice_sw_29978272.wav	wametawaliwa na viongozi walioitwa omukama na walio maarufu sana 	1
/scratch/skscla001/experiments/datasets/swagen/audio/common_voice_sw_30102980.wav	wazanzibari walikuwa malaria proof yaani hawaguswi wala kuugua malaria 	0
/scratch/skscla001/experiments/datasets/swagen/audio/common_voice_sw_29797015.wav	kumekuwa na nadharia mbalimbali na uelewa tofauti tofauti kuhusu chimbuko au chanzo cha ukimwi 	1
/scratch/skscla001/experiments/datasets/swagen/audio/common_voice_sw_29935165.wav	vijidudu vya ugonjwa viliunda ukinzani dhidi ya penicillin 	1
/scratch/skscla001/experiments/datasets/swagen/audio/common_voice_sw_29253175.wav	villaseñor ni mlatina 	0
/scratch/skscla001/experiments/datasets/swagen/audio/common_voice_sw_30321798.wav	matibabu hupunguza vifo kwa asilimia nane hadi asilimia kumi 	1
/scratch/skscla001/experiments/datasets/swagen/audio/common_voice_sw_28681405.wav	anakumbukwa kwa uchunguzi wake wa hadubini wa ubongo na uti wa mgongo 	1
/scratch/skscla001/experiments/datasets/swagen/audio/common_voice_sw_30098687.wav	mapinga magomeni makurunge kiromo yombo na kitame lilipokuwa soko la watumwa 	1
/scratch/skscla001/experiments/datasets/swagen/audio/common_voice_sw_29939935.wav	zamani wapare walikuwa na sala tofauti kwa kila ukoo 	0
/scratch/skscla001/experiments/datasets/swagen/audio/common_voice_sw_30354921.wav	ziwa victoria ni kivutio cha watalii 	1
/scratch/skscla001/experiments/datasets/swagen/audio/common_voice_sw_29791961.wav	meli hiyo ilizinduliwa na mwalimu nyerere 	0
/scratch/skscla001/experiments/datasets/swagen/audio/common_voice_sw_30025528.wav	wakivutiwa kupanda na kufika vileleni mwa milima hii 	1
/scratch/skscla001/experiments/datasets/swagen/audio/common_voice_sw_30258329.wav	kuua wakati wa vita ni kama kucheza tu na wakiwa na hasira 	1
/scratch/skscla001/experiments/datasets/swagen/audio/common_voice_sw_28927019.wav	hali halisi kuna umbali mkubwa kati yao 	0
/scratch/skscla001/experiments/datasets/swagen/audio/common_voice_sw_30003987.wav	msitu wa amazon unasaidia kupunguza kasi ya ongezeko la joto 	0
/scratch/skscla001/experiments/datasets/swagen/audio/common_voice_sw_35107850.wav	alpi katika kusini ni milima mirefu ujerumani ingawa 	0
/scratch/skscla001/experiments/datasets/swagen/audio/common_voice_sw_36807763.wav	katika nchi zinazoendelea zenye mapato ya chini au ya kati 	1
/scratch/skscla001/experiments/datasets/swagen/audio/common_voice_sw_31285436.wav	yako lazima taa yako iwe ni sasa 	0
/scratch/skscla001/experiments/datasets/swagen/audio/common_voice_sw_30233705.wav	inaendelea kupokea ruaha mdogo na mto kisigo 	1
/scratch/skscla001/experiments/datasets/swagen/audio/common_voice_sw_37092081.wav	mwaezi wa saba mwaka elfu mbili kumi na nane 	1
/scratch/skscla001/experiments/datasets/swagen/audio/common_voice_sw_29937919.wav	kanuni za kikatiba na mamlaka ya bodi ya sarafu zilieleza 	1
/scratch/skscla001/experiments/datasets/swagen/audio/common_voice_sw_28825447.wav	ndege hawa wanatokea maeneo wazi wa afrika asia na ulaya 	1
/scratch/skscla001/experiments/datasets/swagen/audio/common_voice_sw_31433454.wav	kumbukumbu ya wenyeji ina habari ya mlipuko mnamo mwaka elfu moja mia saba thelathini 	1
/scratch/skscla001/experiments/datasets/swagen/audio/common_voice_sw_30034818.wav	samia alianza safari yake ya elimu katika shule ya msingi chwaka iloyopo unguja 	0
/scratch/skscla001/experiments/datasets/swagen/audio/common_voice_sw_30196916.wav	karume alikuwa chachu katika kuleta jina la timu ya simba 	0
/scratch/skscla001/experiments/datasets/swagen/audio/common_voice_sw_31446993.wav	makabila ya kifugaji kwenye vita yamekuwa juu kulinganisha na wakulima 	0
/scratch/skscla001/experiments/datasets/swagen/audio/common_voice_sw_30005404.wav	ikiwa ni pamoja na sehemu zenye malighafi za kutosha 	0
/scratch/skscla001/experiments/datasets/swagen/audio/common_voice_sw_30362325.wav	mwaka elfu mbili na kumi na tisa chama aliongeza mkataba wa miaka miwili 	1
/scratch/skscla001/experiments/datasets/swagen/audio/common_voice_sw_35439235.wav	weza kuwa katika hali ya kuweza kudhibiti bunge hilo 	0
/scratch/skscla001/experiments/datasets/swagen/audio/common_voice_sw_37225843.wav	ikumbukwe kwamba kuna takriban zaidi ya silaha laki tano hadi million moja ambazo hazijulikani 	0
/scratch/skscla001/experiments/datasets/swagen/audio/common_voice_sw_29937758.wav	ngoma za jadi zilipigwa kwa matukio maalum kama kwenye jando au unyago 	1
/scratch/skscla001/experiments/datasets/swagen/audio/common_voice_sw_29455881.wav	kuna pia uwanja mdogo wa ndege 	1
/scratch/skscla001/experiments/datasets/swagen/audio/common_voice_sw_28669452.wav	uwanja huo uko umbali wa kilomita mbili kutoka hifadhi ya taifa ya ziwa nakuru 	1
/scratch/skscla001/experiments/datasets/swagen/audio/common_voice_sw_30162193.wav	chuo cha ualimu wamewapa heshima ya kipekee chuo cha uandishi wa habari 	1
/scratch/skscla001/experiments/datasets/swagen/audio/common_voice_sw_29007036.wav	kufuatana na uainishaji wa lugha kitai ya iko katika kundi la kitai ya kusini magharibi 	1
/scratch/skscla001/experiments/datasets/swagen/audio/common_voice_sw_29001963.wav	baadhi ni ngumu kama almasi 	1
/scratch/skscla001/experiments/datasets/swagen/audio/common_voice_sw_30717975.wav	wamekuwa na uhusiano tangu siku nyingi 	0
/scratch/skscla001/experiments/datasets/swagen/audio/common_voice_sw_31321497.wav	bila kusahau halmashauri ya wilaya ya kilwa na halmashauri ya wilaya ya lindi 	1
/scratch/skscla001/experiments/datasets/swagen/audio/common_voice_sw_30654094.wav	milima ya isaro na mlima isisimba pia ipo milima ya isyoro 	0
/scratch/skscla001/experiments/datasets/swagen/audio/common_voice_sw_29791346.wav	wakati bibi inapofika yeye anapokea mtoto kuwaonyesha watoto 	0
/scratch/skscla001/experiments/datasets/swagen/audio/common_voice_sw_37097610.wav	sayyid said alienda mara kwa mara nyumbani kwao oman kutatua migogoro ya ndani 	1
/scratch/skscla001/experiments/datasets/swagen/audio/common_voice_sw_30107690.wav	kwani kutakuwa na uhakika wa umeme kwa ajili ya shughuli za viwanda 	0
/scratch/skscla001/experiments/datasets/swagen/audio/common_voice_sw_30577739.wav	staftahi ni chakula cha asubuhi 	1
/scratch/skscla001/experiments/datasets/swagen/audio/common_voice_sw_30189268.wav	huku wakiendesha mipango yao ya kudai uhuru wa nchi zao 	0
/scratch/skscla001/experiments/datasets/swagen/audio/common_voice_sw_35409579.wav	wengi hufanya taarabu kwa mfumo wa bendi kwa kuwa inahitaji ushirikiano kwenye uimbaji 	0
/scratch/skscla001/experiments/datasets/swagen/audio/common_voice_sw_35103847.wav	benki kuu ya tanzania ina muundo wa bodi yake 	0
/scratch/skscla001/experiments/datasets/swagen/audio/common_voice_sw_34826911.wav	anampenda mama yake 	0
/scratch/skscla001/experiments/datasets/swagen/audio/common_voice_sw_30021781.wav	kayuni hakuishi litembo maisha yake yote lakini alizaliwa katika ardhi ya litembo 	1
/scratch/skscla001/experiments/datasets/swagen/audio/common_voice_sw_30047893.wav	alifunga kituo chao cha utafiti na udhibiti wa malaria 	0
/scratch/skscla001/experiments/datasets/swagen/audio/common_voice_sw_30575570.wav	kaa ukijua safari yako inaweza isifanikiwe kwa namna moja au nyingine 	0
/scratch/skscla001/experiments/datasets/swagen/audio/common_voice_sw_28716306.wav	hata hivyo aliweza kushiriki na kushinda 	1
/scratch/skscla001/experiments/datasets/swagen/audio/common_voice_sw_29789358.wav	waziri mkuu ameongeza kuwa katika kipindi cha siku mia moja 	1
/scratch/skscla001/experiments/datasets/swagen/audio/common_voice_sw_28581560.wav	hewa yenyewe ni gimba la gesi 	1
/scratch/skscla001/experiments/datasets/swagen/audio/common_voice_sw_35250640.wav	mfano wa madawa hayo ni kama kokaini heroini bangi na miraa 	0
/scratch/skscla001/experiments/datasets/swagen/audio/common_voice_sw_31433790.wav	kuna sita za kukwea mlima mlima kilimanjaro hadi kileleni 	0
/scratch/skscla001/experiments/datasets/swagen/audio/common_voice_sw_36331336.wav	a hivi watu hivi wanaanza kupima kurudia kwao kwenye walitoka 	1
/scratch/skscla001/experiments/datasets/swagen/audio/common_voice_sw_30372566.wav	gharama ya takribani shilingi bilioni nane za kitanzania 	0
/scratch/skscla001/experiments/datasets/swagen/audio/common_voice_sw_31596844.wav	hazikupita siku saba sokoine akafa kwa ajali ya gari 	0
/scratch/skscla001/experiments/datasets/swagen/audio/common_voice_sw_30586136.wav	nchi nyingi hujivunia utawala wa serikali ya nchi ya tanzania 	1
/scratch/skscla001/experiments/datasets/swagen/audio/common_voice_sw_31787791.wav	wajerumani walipinga kifo cha sokoine kabisa 	0
/scratch/skscla001/experiments/datasets/swagen/audio/common_voice_sw_34958965.wav	oma ujumbe ambao umetutumia victor karibu asante sana tumepokea ujumbe chungu zima kutoka 	0
/scratch/skscla001/experiments/datasets/swagen/audio/common_voice_sw_30415218.wav	udongo au pembe shanga nyekundu zilitengenezwa kutoka 	0
/scratch/skscla001/experiments/datasets/swagen/audio/common_voice_sw_30025305.wav	karume alitoa mchango mkubwa sana katika serikali ya mapinduzi ya zanzibar 	0
/scratch/skscla001/experiments/datasets/swagen/audio/common_voice_sw_30122435.wav	wakati wa maji kupwa ndiyo kipindi kizuri cha kuona kisiwa hicho 	1
/scratch/skscla001/experiments/datasets/swagen/audio/common_voice_sw_29736157.wav	haina milima mirefu 	0
/scratch/skscla001/experiments/datasets/swagen/audio/common_voice_sw_34958811.wav	miaka minane kama makamu wa rais wa reagan bush alijaribu kwa mara nyingine tena 	0
/scratch/skscla001/experiments/datasets/swagen/audio/common_voice_sw_30130807.wav	kazi ya ualimu ndiyo iliyompatia jina ambalo lilimkaa maisha yake yote 	1
/scratch/skscla001/experiments/datasets/swagen/audio/common_voice_sw_37095778.wav	yametangaza kuwa yatakabidhi mikoa kadhaa yenye usalama kwa vikosi vya usalama vya afghanistan 	0
/scratch/skscla001/experiments/datasets/swagen/audio/common_voice_sw_28876200.wav	wana ngozi ndefu chini ya koo lao 	1
/scratch/skscla001/experiments/datasets/swagen/audio/common_voice_sw_30389241.wav	wadhifa alioutumikia mpaka anafikwa na mauti 	0
/scratch/skscla001/experiments/datasets/swagen/audio/common_voice_sw_30623567.wav	kuzingatia miiko ya soka na kujifunza bila kukata tamaa ili wafike mbali 	0
/scratch/skscla001/experiments/datasets/swagen/audio/common_voice_sw_30582821.wav	hifadhi ya kilimanjaro hiyo inajumuisha mlima kilimanjaro 	1
/scratch/skscla001/experiments/datasets/swagen/audio/common_voice_sw_35412082.wav	tena tusinyonywe tena na tusipuuzwe tenapatrice lumumba tarehe mbili mwezi wa saba mwaka 	1
/scratch/skscla001/experiments/datasets/swagen/audio/common_voice_sw_30005105.wav	wananchi wa tanzania wanazalisha vyakula vingi sana 	0
/scratch/skscla001/experiments/datasets/swagen/audio/common_voice_sw_30671243.wav	utawala wa wazungu uliwapa mateso makubwa 	1
/scratch/skscla001/experiments/datasets/swagen/audio/common_voice_sw_30653650.wav	asilimia ishirini na mbili pekee za mto nile ndizo zinahusishwa na misri 	0
/scratch/skscla001/experiments/datasets/swagen/audio/common_voice_sw_28690254.wav	pia alikuwa na kipaji cha kuandika 	1
/scratch/skscla001/experiments/datasets/swagen/audio/common_voice_sw_30179698.wav	rais julius nyerere wa tanzania aliamua kumuondoa amin kabisa na jeshi la tanzania 	1
/scratch/skscla001/experiments/datasets/swagen/audio/common_voice_sw_31283846.wav	kufuatilia na kutathimini matumizi ya ruzuku ya serikali za mitaa 	0
/scratch/skscla001/experiments/datasets/swagen/audio/common_voice_sw_36383634.wav	alifunga pingu ya maisha na bwana hafidh ameir 	1
/scratch/skscla001/experiments/datasets/swagen/audio/common_voice_sw_30355818.wav	serikali za kikoloni zilikuwa zinaruhusu vyama vya kijamii na michezo 	0
/scratch/skscla001/experiments/datasets/swagen/audio/common_voice_sw_30020140.wav	ni jina ambalo wekundu hawa wa msimbazi wana kumbukumbu nalo sana 	1
/scratch/skscla001/experiments/datasets/swagen/audio/common_voice_sw_31812394.wav	milima ya katete na milima ya katutu 	0
/scratch/skscla001/experiments/datasets/swagen/audio/common_voice_sw_30591038.wav	mazao hayo hukaa shambani kwa muda wa miaka mingi 	0
/scratch/skscla001/experiments/datasets/swagen/audio/common_voice_sw_36383621.wav	wawasiliane ili kushughulikia changamoto ya gharama ya bandwidth 	1
/scratch/skscla001/experiments/datasets/swagen/audio/common_voice_sw_28966130.wav	hapo awali milo ilipatikana katika ureno na brazili 	1
/scratch/skscla001/experiments/datasets/swagen/audio/common_voice_sw_28681566.wav	hutumika kutibu magonjwa katika mfumo wa mkojo na koo 	1
/scratch/skscla001/experiments/datasets/swagen/audio/common_voice_sw_30053371.wav	vile vile wanaongeza kwamba nyangumi huwa na damu motoy 	0
/scratch/skscla001/experiments/datasets/swagen/audio/common_voice_sw_34979788.wav	ikiwa unafikiria kununua gari chunguza uchafuzi wake wa nitrojeni 	0
/scratch/skscla001/experiments/datasets/swagen/audio/common_voice_sw_31787761.wav	hawakuweza kumgusa kwa wakati hule sheikh hassan alikuwa kwenye siasa kabla ya 	0
/scratch/skscla001/experiments/datasets/swagen/audio/common_voice_sw_32243941.wav	kuwa muangalifu 	1
/scratch/skscla001/experiments/datasets/swagen/audio/common_voice_sw_37098222.wav	ee hiki ni kibanda huu mchezo unakwenda wapi 	1
/scratch/skscla001/experiments/datasets/swagen/audio/common_voice_sw_36067398.wav	inasimamia utoaji wa huduma za malipo kwa njia ya kadi 	1
/scratch/skscla001/experiments/datasets/swagen/audio/common_voice_sw_30205652.wav	ulimi wa nyangumi una uzito wa tani tatu ambao ni uzito zaidi wa tembo 	1
/scratch/skscla001/experiments/datasets/swagen/audio/common_voice_sw_35104983.wav	nimekula maembe 	0
/scratch/skscla001/experiments/datasets/swagen/audio/common_voice_sw_32210867.wav	kuwa wapi 	1
/scratch/skscla001/experiments/datasets/swagen/audio/common_voice_sw_30640489.wav	watu wote wanaotumia dawa za kufubaza kinga ya mwili 	0
/scratch/skscla001/experiments/datasets/swagen/audio/common_voice_sw_30566752.wav	raisi kikwete alikuwa ni mtu wa watu 	0
/scratch/skscla001/experiments/datasets/swagen/audio/common_voice_sw_30025864.wav	wengi wanamkata blob vipande waweze kumbeba 	1
/scratch/skscla001/experiments/datasets/swagen/audio/common_voice_sw_30574522.wav	chelsea inamtaja didier drogba kama mchezaji wao bora sana kwenye kikosi 	0
/scratch/skscla001/experiments/datasets/swagen/audio/common_voice_sw_29435329.wav	hali ya tofauti inatokea kama mwezi unapita kwenye kitovu cha kivuli cha dunia 	1
/scratch/skscla001/experiments/datasets/swagen/audio/common_voice_sw_35964212.wav	wamasai walio wengi bado wameendelea na desturi hiyo 	1
/scratch/skscla001/experiments/datasets/swagen/audio/common_voice_sw_30029116.wav	kwa kawaida adhabu mbili kuu ndizo zilikuwepo 	0
/scratch/skscla001/experiments/datasets/swagen/audio/common_voice_sw_29605527.wav	kutokana na nusu zake alianzisha mbingu na nchi 	1
/scratch/skscla001/experiments/datasets/swagen/audio/common_voice_sw_30582978.wav	sasa katika makabila yote haya waingereza waliyoyakuta tanga 	1
/scratch/skscla001/experiments/datasets/swagen/audio/common_voice_sw_35214457.wav	maendeleo endelevu yamedhamiria katika miaka kumi na tano ijayo 	0
/scratch/skscla001/experiments/datasets/swagen/audio/common_voice_sw_30173214.wav	hakuwa tayari kusema ni lini hoteli hiyo itakamilika 	0
/scratch/skscla001/experiments/datasets/swagen/audio/common_voice_sw_30566725.wav	hupokea watalii wengi kutoka njee ya nchi 	0
/scratch/skscla001/experiments/datasets/swagen/audio/common_voice_sw_29781746.wav	na alichezea timu yao hifadhi 	0
/scratch/skscla001/experiments/datasets/swagen/audio/common_voice_sw_31581517.wav	zamadamu alikuwa akiishi kwenye bonde la ufa 	0
/scratch/skscla001/experiments/datasets/swagen/audio/common_voice_sw_30368435.wav	utafiti wa ziada bado unahitajika sana 	0
/scratch/skscla001/experiments/datasets/swagen/audio/common_voice_sw_34980719.wav	hali hii katika simu huyu ni mwanasheria 	0
/scratch/skscla001/experiments/datasets/swagen/audio/common_voice_sw_29585487.wav	uko karibu na mdomo wa mto juba 	1
/scratch/skscla001/experiments/datasets/swagen/audio/common_voice_sw_35105842.wav	kwa wanyoro wengi waankole watoro na wanyambo 	0
/scratch/skscla001/experiments/datasets/swagen/audio/common_voice_sw_29793610.wav	pia michezo huitambulisha nchi wanapopata nafasi ya kushiriki kitaifa na kimataifa ili kujenga ushirikiano 	0
/scratch/skscla001/experiments/datasets/swagen/audio/common_voice_sw_37100109.wav	kana kwamba najihisi kuwa mtu ambaye 	0
/scratch/skscla001/experiments/datasets/swagen/audio/common_voice_sw_37084270.wav	baadhi ya watemi waliotawala himaya hizo ni pamoja na 	1
/scratch/skscla001/experiments/datasets/swagen/audio/common_voice_sw_35107675.wav	kudumisha mitandao hiyo hata katika sehemu zenye ufuatiliaji mzuri 	0
/scratch/skscla001/experiments/datasets/swagen/audio/common_voice_sw_30108513.wav	karol alimaliza masomo yake ya seminarini 	0
/scratch/skscla001/experiments/datasets/swagen/audio/common_voice_sw_31950645.wav	tumepamabana mpaka mwisho wa nguvu zetu 	1
/scratch/skscla001/experiments/datasets/swagen/audio/common_voice_sw_29873164.wav	mwaka elfu moja mia tisa thelathini na nne uliundwa umoja wa waafrika 	1
/scratch/skscla001/experiments/datasets/swagen/audio/common_voice_sw_34977227.wav	kwani hawawezi kutambua kwa kweli kweli 	0
/scratch/skscla001/experiments/datasets/swagen/audio/common_voice_sw_28681111.wav	wengi wana asili ya uskoti 	1
/scratch/skscla001/experiments/datasets/swagen/audio/common_voice_sw_29795272.wav	hiyo ilikuwa ndiyo nyenzo kubwa katika maendeleo ya taifa letu 	1
/scratch/skscla001/experiments/datasets/swagen/audio/common_voice_sw_36375012.wav	katibu mkuu wa nato andes forgrasmel 	1
/scratch/skscla001/experiments/datasets/swagen/audio/common_voice_sw_29796038.wav	wapo waliodai kuwa asili ya neno waha au ha 	1
/scratch/skscla001/experiments/datasets/swagen/audio/common_voice_sw_30364507.wav	dalili huanza kuonekana siku mbili hadi saba 	1
/scratch/skscla001/experiments/datasets/swagen/audio/common_voice_sw_29906694.wav	bila ya kukutana kimwili hakuna uwezekano wa kupata maambukizi ya zinaa 	1
/scratch/skscla001/experiments/datasets/swagen/audio/common_voice_sw_30342720.wav	kitu kikubwa kinacholeta heshima zaidi katika nchi zote duniani ni uchumi 	1
/scratch/skscla001/experiments/datasets/swagen/audio/common_voice_sw_29793935.wav	mahojiano ni mchakato wa kichambuzi unaohusisha mabadiliko 	0
/scratch/skscla001/experiments/datasets/swagen/audio/common_voice_sw_30180212.wav	jimbo ambalo linashiriki mpaka na uganda 	1
/scratch/skscla001/experiments/datasets/swagen/audio/common_voice_sw_28682624.wav	spishi hizi hula matunda 	1
/scratch/skscla001/experiments/datasets/swagen/audio/common_voice_sw_29778817.wav	imepakana na uswisi na austria 	0
/scratch/skscla001/experiments/datasets/swagen/audio/common_voice_sw_30105645.wav	mgeni yeyote akifika eneo la ziwa tanganyika lazima atastahajabu aina ya kitoweo hicho 	0
/scratch/skscla001/experiments/datasets/swagen/audio/common_voice_sw_35176547.wav	watoto wengi huenda shule kucheza 	0
/scratch/skscla001/experiments/datasets/swagen/audio/common_voice_sw_30143996.wav	abedi amani karume alitangazwa kuwa rais wa zanzibari 	1
/scratch/skscla001/experiments/datasets/swagen/audio/common_voice_sw_30117363.wav	hata hivyo hakuvunjika moyo na hakurudi mwera kwa mama yake 	1
/scratch/skscla001/experiments/datasets/swagen/audio/common_voice_sw_28714523.wav	hakika mwili ni mzito kuliko kivuli chake 	0
/scratch/skscla001/experiments/datasets/swagen/audio/common_voice_sw_30275017.wav	uyoga una madini yote muhimu kwa ajili ya afya ya mwanadamu 	0
/scratch/skscla001/experiments/datasets/swagen/audio/common_voice_sw_34942988.wav	limesha kufa tayari na hao wenzetu kweli na viongozi 	0
/scratch/skscla001/experiments/datasets/swagen/audio/common_voice_sw_29937372.wav	bawasiri inayotoka wakati wa haja kubwa kurudi yenyewe baada ya kumaliza kujisaidia 	1
/scratch/skscla001/experiments/datasets/swagen/audio/common_voice_sw_30117890.wav	mpaka saa kumi na moja alfajiri bibi harusi atakapowasili 	1
/scratch/skscla001/experiments/datasets/swagen/audio/common_voice_sw_36253358.wav	alikuwa amepoteza masaa meengi alipokuwa amepoteza fahamu 	1
/scratch/skscla001/experiments/datasets/swagen/audio/common_voice_sw_30735714.wav	ilimfanya awe mmoja wa wanamuziki wa kizazi kipya wanaoheshimika 	1
/scratch/skscla001/experiments/datasets/swagen/audio/common_voice_sw_36388886.wav	paka alikunywa maziwa yote 	1
/scratch/skscla001/experiments/datasets/swagen/audio/common_voice_sw_29788493.wav	zaidi ya hapo mitindo ya vitenge imeanze kuonekana kwenye dunia ya mitindo 	1
/scratch/skscla001/experiments/datasets/swagen/audio/common_voice_sw_31853565.wav	anzaa mtoto gani 	1
/scratch/skscla001/experiments/datasets/swagen/audio/common_voice_sw_30326267.wav	ni silaha aina ya bunduki na vioo vya kujitazamia 	0
/scratch/skscla001/experiments/datasets/swagen/audio/common_voice_sw_35123763.wav	ndege ya kwanza ilipanga kuondoka mwezi wa nne 	0
/scratch/skscla001/experiments/datasets/swagen/audio/common_voice_sw_36308601.wav	mmliki wa kampuni hiyo aliruhusu titanic kuundwa 	1
/scratch/skscla001/experiments/datasets/swagen/audio/common_voice_sw_28666664.wav	ni mji mkubwa wa sita katika nchi wa uswidi 	0
/scratch/skscla001/experiments/datasets/swagen/audio/common_voice_sw_30633153.wav	kocha wa timu ya taifa alikuwa mbrazil 	1
/scratch/skscla001/experiments/datasets/swagen/audio/common_voice_sw_29791721.wav	na hadhi ambayo inakupa usalama katika maisha 	0
/scratch/skscla001/experiments/datasets/swagen/audio/common_voice_sw_30173497.wav	operesheni huanza huku wakati huo ngoma za jadi huko nje ziiendelea 	0
/scratch/skscla001/experiments/datasets/swagen/audio/common_voice_sw_29796362.wav	ukandamizaji dhidi ya tabaka la watu walio na elimu zaidi 	1
/scratch/skscla001/experiments/datasets/swagen/audio/common_voice_sw_30021015.wav	kwa kawaida bakteria zinaweza kukua na kuishi tu ndani ya seli ya kiumbe 	1
/scratch/skscla001/experiments/datasets/swagen/audio/common_voice_sw_29954969.wav	kuna mazao ya biashara ya kahawa chai na tumbaku 	0
/scratch/skscla001/experiments/datasets/swagen/audio/common_voice_sw_35105174.wav	hii inafanya waturuki wahisi kuwajibika zaidi lakini 	0
/scratch/skscla001/experiments/datasets/swagen/audio/common_voice_sw_28704543.wav	kiebrania kilikuwa lugha ya israeli ya kale wakati wa biblia kuanza kuandikwa 	0
/scratch/skscla001/experiments/datasets/swagen/audio/common_voice_sw_28874605.wav	kwa wengine kama mileli bahari hutumika kwa kukamata mawindo tu 	0
/scratch/skscla001/experiments/datasets/swagen/audio/common_voice_sw_30495052.wav	ilianzishwa rasmi mwaka elfu moja na mia tisa sitini na nne 	0
/scratch/skscla001/experiments/datasets/swagen/audio/common_voice_sw_29468040.wav	miaka miwili baadaye alipata udaktari wa teolojia 	0
/scratch/skscla001/experiments/datasets/swagen/audio/common_voice_sw_30378754.wav	kwa upande wa mashariki kusini inapakana na wilaya za kibaha na kinondoni 	0
/scratch/skscla001/experiments/datasets/swagen/audio/common_voice_sw_36040753.wav	baada ya kujivua nafasi zote za uongozi ndani ya serikali ya cuba 	1
/scratch/skscla001/experiments/datasets/swagen/audio/common_voice_sw_29988510.wav	lakini watu walishikwa kama watumwa mpaka mwanzo wa karne ya ishirini 	1
/scratch/skscla001/experiments/datasets/swagen/audio/common_voice_sw_36732051.wav	ataimarisha kutokana na kazi yake nzuri katika jamii ikiwemo kuunganisha vijana bila kujali dini 	0
/scratch/skscla001/experiments/datasets/swagen/audio/common_voice_sw_29797094.wav	hispania ilitwaa kombe la ulaya 	1
/scratch/skscla001/experiments/datasets/swagen/audio/common_voice_sw_37229626.wav	na moja mikononi mwa vikosi vya baraza la mpito na ni baada ya kuondolewa 	1
/scratch/skscla001/experiments/datasets/swagen/audio/common_voice_sw_29793672.wav	mlo sahihi na kamili pamoja na mazoezi ya viungo 	0
/scratch/skscla001/experiments/datasets/swagen/audio/common_voice_sw_29406534.wav	kufuatana na uainishaji wa lugha kwa ndani zaidi kilele iko katika kundi la kichadiki 	1
/scratch/skscla001/experiments/datasets/swagen/audio/common_voice_sw_28582365.wav	albamu ilipata kushika nafasi ya kwanza kwenye cha za bora 	1
/scratch/skscla001/experiments/datasets/swagen/audio/common_voice_sw_30241793.wav	zinaongezeka halmashauri ya mji wa handeni na halmashauri ya wilaya ya handeni 	0
/scratch/skscla001/experiments/datasets/swagen/audio/common_voice_sw_29943771.wav	hifadhi ya taifa ya serengeti inafikika umbali wa kilomita mia tatu thelathini na tano 	1
/scratch/skscla001/experiments/datasets/swagen/audio/common_voice_sw_30123416.wav	katikati ya mwaka elfu moja mia tisa na themanini 	0
/scratch/skscla001/experiments/datasets/swagen/audio/common_voice_sw_30073514.wav	nigeria ilishinda ubingwa kwa kuifunga zambia 	0
/scratch/skscla001/experiments/datasets/swagen/audio/common_voice_sw_30579044.wav	hii ya mwisho inaweza ikahitaji mjadala kidogo 	1
/scratch/skscla001/experiments/datasets/swagen/audio/common_voice_sw_29623414.wav	katika nchi kavu ya kusini kuna ufugaji wa kondoo 	1
/scratch/skscla001/experiments/datasets/swagen/audio/common_voice_sw_29850241.wav	hakikisha unaondoa ngozi zilizokufa mara kwa mara 	1
/scratch/skscla001/experiments/datasets/swagen/audio/common_voice_sw_30183258.wav	wabunge wa bunge la jamhuri walikuwa mchanganyiko 	1
/scratch/skscla001/experiments/datasets/swagen/audio/common_voice_sw_34947086.wav	kifo cha seyyid barghash kilimleta kwenye kiti cha usultan seyyid khalifa 	0
/scratch/skscla001/experiments/datasets/swagen/audio/common_voice_sw_29227320.wav	anthony akaendelea kuwa mtu muhimu kwenye habari 	1
/scratch/skscla001/experiments/datasets/swagen/audio/common_voice_sw_30122639.wav	taifa la uingereza halina kikosi bora kwa sasa 	1
/scratch/skscla001/experiments/datasets/swagen/audio/common_voice_sw_30415216.wav	mashabiki wa barcelona walichukizwa na kitendo hicho 	0
/scratch/skscla001/experiments/datasets/swagen/audio/common_voice_sw_36375006.wav	hata hivyo wadau wa utalii mbuga ya maasai mara wanasema 	1
/scratch/skscla001/experiments/datasets/swagen/audio/common_voice_sw_30591028.wav	kiongozi huyo hakuishia hapo alifanikisha ujenzi wa uwanja wa amani 	0
/scratch/skscla001/experiments/datasets/swagen/audio/common_voice_sw_31406011.wav	utawala wa sultan wa zanzibar na oman ulitengana baada ya kifo cha seyyid 	0
/scratch/skscla001/experiments/datasets/swagen/audio/common_voice_sw_30201314.wav	ndani ya meli ya titanic kulikuwa na wanyama wengi 	1
/scratch/skscla001/experiments/datasets/swagen/audio/common_voice_sw_30022336.wav	jeshi la waasi likaingia katika mji mkuu wa cuba 	0
/scratch/skscla001/experiments/datasets/swagen/audio/common_voice_sw_28683272.wav	ilikuwa moja ya sehemu za dini ya ugiriki ya kale 	1
/scratch/skscla001/experiments/datasets/swagen/audio/common_voice_sw_28699111.wav	lakini mara nyingi kuna uchaguzi bandia badala ya uchaguzi huru 	0
/scratch/skscla001/experiments/datasets/swagen/audio/common_voice_sw_37089552.wav	linajumuisha nguzo za chuma milango yenye marembo 	0
/scratch/skscla001/experiments/datasets/swagen/audio/common_voice_sw_36373770.wav	pia kuweka kizuia mikononi mwake akiwa akipiga kelele 	1
/scratch/skscla001/experiments/datasets/swagen/audio/common_voice_sw_29994962.wav	halmashauri ya bagamoyo inaundwa na tarafa mbili 	1
/scratch/skscla001/experiments/datasets/swagen/audio/common_voice_sw_30323818.wav	yakianguka kupitia msituni na kutua mithili ya mianzo ya ukungu bondeni 	1
/scratch/skscla001/experiments/datasets/swagen/audio/common_voice_sw_30144116.wav	milima ya mbarika na milima ya mbeya 	1
/scratch/skscla001/experiments/datasets/swagen/audio/common_voice_sw_35123640.wav	lakini kwa sababu hakukataa moja kwa moja 	0
/scratch/skscla001/experiments/datasets/swagen/audio/common_voice_sw_30382944.wav	abeid karume aliwaalika kuitembelea zanzibar baadhi ya viongozi wa chama hicho 	0
/scratch/skscla001/experiments/datasets/swagen/audio/common_voice_sw_29982106.wav	milima ya udzungwa na ile milima ya ufa mashariki 	1
/scratch/skscla001/experiments/datasets/swagen/audio/common_voice_sw_30633154.wav	kongamano lililotangulia lilitaja washiriki wa uhifadhi wa magofu 	1
/scratch/skscla001/experiments/datasets/swagen/audio/common_voice_sw_28825451.wav	kuna mbinu mbalimbali kupanga historia hii na kutambua ngazi za maendeleo ndani yake 	1
/scratch/skscla001/experiments/datasets/swagen/audio/common_voice_sw_30262167.wav	wanahistoria na watalii kote duniani hutembelea 	0
/scratch/skscla001/experiments/datasets/swagen/audio/common_voice_sw_30268832.wav	waandishi wa kitabu cha deadly developments stephen na downs reyna 	1
/scratch/skscla001/experiments/datasets/swagen/audio/common_voice_sw_31446483.wav	waswahili wa pwani waliuita huo mlima kilimanjaro 	0
/scratch/skscla001/experiments/datasets/swagen/audio/common_voice_sw_30718226.wav	hakuna mwanasayansi aliejua hawa viumbe wametokana na nini 	0
/scratch/skscla001/experiments/datasets/swagen/audio/common_voice_sw_31405979.wav	mkoa huo una makabila mbalimbali ila kabila kubwa na la asili ni wafipa 	0
/scratch/skscla001/experiments/datasets/swagen/audio/common_voice_sw_28670250.wav	walikuwa wana wawili na mabinti wawili 	1
/scratch/skscla001/experiments/datasets/swagen/audio/common_voice_sw_30075447.wav	marekani ilijiunga na vita dhidi ya wajerumani 	1
/scratch/skscla001/experiments/datasets/swagen/audio/common_voice_sw_36385831.wav	makubwa mno afya ya umma na kwa mazingirauhusiano kati ya 	1
/scratch/skscla001/experiments/datasets/swagen/audio/common_voice_sw_36014039.wav	ya mapenzi lakini sijaingia studio sasa hii naihisi inachukua chati kwa sababu 	1
/scratch/skscla001/experiments/datasets/swagen/audio/common_voice_sw_30376034.wav	makao yake makuu yalikuwa kijiji cha kisumba nje kidogo ya mji wa sumbawanga 	0
/scratch/skscla001/experiments/datasets/swagen/audio/common_voice_sw_30364218.wav	simba yaikaanga yanga yatwaa ubingwa kombe la ngao ya jamii 	0
/scratch/skscla001/experiments/datasets/swagen/audio/common_voice_sw_30369308.wav	unamchukiaje mtu uliyemkabidhi ilani ya uchaguzi na ameitekeleza kwa kiwango cha juu 	0
/scratch/skscla001/experiments/datasets/swagen/audio/common_voice_sw_30319991.wav	ulisimamiwa na aliyekuwa mkuu wa mkoa wa ruvuma daktari christine ishengoma 	1
/scratch/skscla001/experiments/datasets/swagen/audio/common_voice_sw_34942575.wav	dishi wa habari yaani kamwe hawatujali 	0
/scratch/skscla001/experiments/datasets/swagen/audio/common_voice_sw_29797480.wav	yanalaumiwa kwa kuchimba dhahabu na kuitoroshea katika mataifa mengine 	0
/scratch/skscla001/experiments/datasets/swagen/audio/common_voice_sw_30114392.wav	sauti ambazo zilikuwa hazipewi kipaumbele kwa muda mrefu 	1
/scratch/skscla001/experiments/datasets/swagen/audio/common_voice_sw_31406153.wav	ziwa nyasa linasifika kuwa na aina nyingi za samaki 	0
/scratch/skscla001/experiments/datasets/swagen/audio/common_voice_sw_36386040.wav	kikombe kimechafuliwa na mtoto 	1
/scratch/skscla001/experiments/datasets/swagen/audio/common_voice_sw_28830725.wav	dalili za ugonjwa huu ni uvimbe kwenye shingo mabadiliko ya sauti 	1
/scratch/skscla001/experiments/datasets/swagen/audio/common_voice_sw_29961429.wav	waliishi katika hifadhi ya taifa ya serengeti 	1
/scratch/skscla001/experiments/datasets/swagen/audio/common_voice_sw_30257509.wav	majengo ya zamani na magofu bado ni alama ya mji wa bagamoyo 	1
/scratch/skscla001/experiments/datasets/swagen/audio/common_voice_sw_31266550.wav	alishinda tuzo ya mchezaji bora wa dunia mara tano 	0
/scratch/skscla001/experiments/datasets/swagen/audio/common_voice_sw_29295843.wav	wimbo ulikuwa nafasi na 	1
/scratch/skscla001/experiments/datasets/swagen/audio/common_voice_sw_29516943.wav	hayo yote yalisababisha mara moja ghasia 	1
/scratch/skscla001/experiments/datasets/swagen/audio/common_voice_sw_36014180.wav	ikiwa tutamaliza uchafu huu wa plastiki itabidi tuangazie suala zima 	1
/scratch/skscla001/experiments/datasets/swagen/audio/common_voice_sw_35118878.wav	msichana huyo anapendeza sana 	0
/scratch/skscla001/experiments/datasets/swagen/audio/common_voice_sw_28672901.wav	hii ilianzishwa mnamo tarehe moja mwezi wa pili 	0
/scratch/skscla001/experiments/datasets/swagen/audio/common_voice_sw_30567845.wav	urafiki wa nkrumah na nyerere ulisaidia kuzikomboa nchi nyingi 	0
/scratch/skscla001/experiments/datasets/swagen/audio/common_voice_sw_30364480.wav	hawakurudi morogoro wale waliorejea morogoro waliulizwa walikowaacha wenzao 	1
/scratch/skscla001/experiments/datasets/swagen/audio/common_voice_sw_30337923.wav	uwezo wa kutibu kwa ufanisi magonjwa ya wanadamu na mifugo kwa wanadamu magonjwa 	0
/scratch/skscla001/experiments/datasets/swagen/audio/common_voice_sw_30582848.wav	mfano taifa la algeria linauza mapiapa mengi sana 	1
/scratch/skscla001/experiments/datasets/swagen/audio/common_voice_sw_30308124.wav	stanley aliona ziwa hili mara ya kwanza 	0
/scratch/skscla001/experiments/datasets/swagen/audio/common_voice_sw_37229649.wav	vinaonesha kwamba historia ya binadamu ya zanzibar inarejea wakati wa prehistoric 	1
/scratch/skscla001/experiments/datasets/swagen/audio/common_voice_sw_30327302.wav	tausi wanaweza kuishi mpaka miaka ishirini ikiwa watakuwa mahala salama 	1
/scratch/skscla001/experiments/datasets/swagen/audio/common_voice_sw_29795530.wav	zaidi ya elfu thelathini kwa eneo lake zima 	1
/scratch/skscla001/experiments/datasets/swagen/audio/common_voice_sw_30638509.wav	messi kafanikiwa kuchukua tuzo za ballon dâor mara tano 	1
/scratch/skscla001/experiments/datasets/swagen/audio/common_voice_sw_36381186.wav	ametuma salamu zake za rambirambi na kuahidi watakuwa tayari 	1
/scratch/skscla001/experiments/datasets/swagen/audio/common_voice_sw_31322306.wav	ni moja kati ya sehemu zilizoanza kupata ustaarabu wa jamii nyingine kama wahajemi 	1
/scratch/skscla001/experiments/datasets/swagen/audio/common_voice_sw_36644722.wav	wamesema dhamira yao ni kufungua ukurasa mpya wakisiasa 	0
/scratch/skscla001/experiments/datasets/swagen/audio/common_voice_sw_36252706.wav	miswada mbalimbali inayotarajiwa kuingia katika lugha ya 	1
/scratch/skscla001/experiments/datasets/swagen/audio/common_voice_sw_30025127.wav	ronaldo aliondoka united baada ya tevez kuondoka 	0
/scratch/skscla001/experiments/datasets/swagen/audio/common_voice_sw_29685407.wav	je ninyi si wa thamani kuliko hao 	1
/scratch/skscla001/experiments/datasets/swagen/audio/common_voice_sw_36299955.wav	inaelezwa kuwa kima dume huonyonyeshwa zaidi kuliko jike 	1
/scratch/skscla001/experiments/datasets/swagen/audio/common_voice_sw_28670192.wav	ni moja ya vyuo vikuu vingi zaidi nchini marekani 	1
/scratch/skscla001/experiments/datasets/swagen/audio/common_voice_sw_37223035.wav	sayansi na afya unahitajikalicha ya makubaliano mapana ya 	1
/scratch/skscla001/experiments/datasets/swagen/audio/common_voice_sw_35156145.wav	kupambwa katika miji mikubwa kama dongola na soba kwa miaka elfu 	0
/scratch/skscla001/experiments/datasets/swagen/audio/common_voice_sw_36389843.wav	ndoa yake na daniella wamepata watoto watatu abba marcas mayanja akiwa wa kwanza 	1
/scratch/skscla001/experiments/datasets/swagen/audio/common_voice_sw_35103447.wav	jacob alitua kwenye maji ya mto jirani na ukingo sehemu kulipokuwa na kisiki 	0
/scratch/skscla001/experiments/datasets/swagen/audio/common_voice_sw_36381989.wav	nchi za canada na marekani kwa pamoja zimetangaza kuendelea 	1
/scratch/skscla001/experiments/datasets/swagen/audio/common_voice_sw_29924506.wav	wa rais julius nyerere lakin ghafla alipoteza cheo 	0
/scratch/skscla001/experiments/datasets/swagen/audio/common_voice_sw_30024780.wav	watu waliamini pep atabaki nyumbani barcelona 	1
/scratch/skscla001/experiments/datasets/swagen/audio/common_voice_sw_30024620.wav	mbio izo ufanyika katika wilaya mia moja hamsini na moja za kiutawala 	0
/scratch/skscla001/experiments/datasets/swagen/audio/common_voice_sw_30327172.wav	kwa majuma na miezi wakati unaweza kula matunda ya msituni 	0
/scratch/skscla001/experiments/datasets/swagen/audio/common_voice_sw_34837380.wav	mishipa ya damu kwenye ubongo inaweza kusinyaa na kupelekea 	0
/scratch/skscla001/experiments/datasets/swagen/audio/common_voice_sw_29791583.wav	mwalimu julius nyerere alisisitiza kenya ni nchi inayoendelea mbele tu kama tanzania 	0
/scratch/skscla001/experiments/datasets/swagen/audio/common_voice_sw_34743188.wav	hii ni kutokana na ukweli kwamba jiografia ya zanzibar imezungukwa na bahari 	1
/scratch/skscla001/experiments/datasets/swagen/audio/common_voice_sw_28660886.wav	kuna matoleo tofauti ya bunduki hizo 	1
/scratch/skscla001/experiments/datasets/swagen/audio/common_voice_sw_30058691.wav	kama vile hoteli na nyumba za wageni bila kusahau makambi ya mahema 	0
/scratch/skscla001/experiments/datasets/swagen/audio/common_voice_sw_31596966.wav	lumumba na wenzake walikiwakilisha chama chao katika mkutano 	0
/scratch/skscla001/experiments/datasets/swagen/audio/common_voice_sw_28704202.wav	kwa jumla ni vitu vya kudumu miaka mingi 	1
/scratch/skscla001/experiments/datasets/swagen/audio/common_voice_sw_29943269.wav	mandela aliamini katika taifa la kidemokrasia 	1
/scratch/skscla001/experiments/datasets/swagen/audio/common_voice_sw_30379787.wav	tanzania itatwaa hadhi ya uchumi mkubwa zaidi afrika mashariki 	0
/scratch/skscla001/experiments/datasets/swagen/audio/common_voice_sw_28694252.wav	vilabu vya burudani ni pamoja na ala za muziki kwaya na ngoma ya kisasa 	1
/scratch/skscla001/experiments/datasets/swagen/audio/common_voice_sw_30570928.wav	ambao ndio mlima wa kumi kwa urefu tanzania 	0
/scratch/skscla001/experiments/datasets/swagen/audio/common_voice_sw_32323955.wav	twelipofika twenngoja mwalimu 	1
/scratch/skscla001/experiments/datasets/swagen/audio/common_voice_sw_34392047.wav	kulipa dola za kimarekani elfu mbili na mia nne machi mwaka elfu mbili 	1
/scratch/skscla001/experiments/datasets/swagen/audio/common_voice_sw_29789410.wav	hadithi zinasema hiyo michoro ilikuwa sehemu ya matambiko ya uwindaji 	0
/scratch/skscla001/experiments/datasets/swagen/audio/common_voice_sw_35214535.wav	imejitolea kukuza ukuaji wa muda mrefu katika sekta za baharini na usafirishaji 	0
/scratch/skscla001/experiments/datasets/swagen/audio/common_voice_sw_28820746.wav	wengine hutoa maelezo juu ya imani mbalimbali kama sababu ya desturi hiyo 	1
/scratch/skscla001/experiments/datasets/swagen/audio/common_voice_sw_28999147.wav	tangu kale wanaheshimiwa na wakatoliki na waorthodoksi kama watakatifu wafiadini 	1
/scratch/skscla001/experiments/datasets/swagen/audio/common_voice_sw_29871607.wav	idadi ya watu waliouawa uganda chini ya utawala wake imekadiriwa 	1
/scratch/skscla001/experiments/datasets/swagen/audio/common_voice_sw_36642666.wav	ana majuto baada ya kuacha shule 	0
/scratch/skscla001/experiments/datasets/swagen/audio/common_voice_sw_34828594.wav	kamati inapitia usahihi wa sera ya uwekezaji ya benki kuu 	0
/scratch/skscla001/experiments/datasets/swagen/audio/common_voice_sw_36374783.wav	ufaransa emmanuel macron amesema kuwa idadi ya maafa 	1
/scratch/skscla001/experiments/datasets/swagen/audio/common_voice_sw_35106370.wav	nenda ukawasaidie wale kina dada 	0
/scratch/skscla001/experiments/datasets/swagen/audio/common_voice_sw_36389457.wav	nalitakasika kwa damu 	1
/scratch/skscla001/experiments/datasets/swagen/audio/common_voice_sw_30176724.wav	tanzania ilipata uhuru wake kamili kutoka kwa uingereza 	0
/scratch/skscla001/experiments/datasets/swagen/audio/common_voice_sw_35104673.wav	takwimu hazikuonesha ni watu wangapi walizama kwenye titanic 	0
/scratch/skscla001/experiments/datasets/swagen/audio/common_voice_sw_29941447.wav	uwindaji haramu wanyamapori na ukosefu wa moto ambapo yalikuwa matokeo ya shughuli za binadamu 	1
/scratch/skscla001/experiments/datasets/swagen/audio/common_voice_sw_31408401.wav	wengine wakisema madrid ilikuwa imesheheni nyota wa kali 	1
/scratch/skscla001/experiments/datasets/swagen/audio/common_voice_sw_28584766.wav	uwindaji huu ulikuwa muhimu kiuchumi na sababu muhimu kwa uenezaji wa urusi katika siberia 	0
/scratch/skscla001/experiments/datasets/swagen/audio/common_voice_sw_35105123.wav	wa umeme samaki wanaopatikana katika msitu huo 	0
/scratch/skscla001/experiments/datasets/swagen/audio/common_voice_sw_34598796.wav	viama vinavyo pingana kuunda serikali moja 	0
/scratch/skscla001/experiments/datasets/swagen/audio/common_voice_sw_30307578.wav	kitulo kuna aina elfu nne za maua na mimea adimu 	1
/scratch/skscla001/experiments/datasets/swagen/audio/common_voice_sw_30181551.wav	na msitu wa nyumbanitu wenye kuku wa ajabu 	1
/scratch/skscla001/experiments/datasets/swagen/audio/common_voice_sw_30327621.wav	wabantu wenye ujuzi wa kilimo na uhunzi 	1
/scratch/skscla001/experiments/datasets/swagen/audio/common_voice_sw_34748541.wav	ilivyo adhimishwa huko jijini bujumbura 	0
/scratch/skscla001/experiments/datasets/swagen/audio/common_voice_sw_29795499.wav	afrika mashariki ilianzisha umoja wao chini ya nyerere 	1
/scratch/skscla001/experiments/datasets/swagen/audio/common_voice_sw_35176942.wav	kesho asubuhi nina kazi nyingi ya kufanya 	0
/scratch/skscla001/experiments/datasets/swagen/audio/common_voice_sw_35118890.wav	asilimia tisini ya biashara yote duniani hupitia baharini 	0
/scratch/skscla001/experiments/datasets/swagen/audio/common_voice_sw_30364488.wav	wakaingiza kilimo ufugaji na uzalishaji kwa jumla 	0
/scratch/skscla001/experiments/datasets/swagen/audio/common_voice_sw_30419879.wav	msamaha huo ulitolewa muda mfupi kabla ya nchi hiyo kupata uhuru 	1
/scratch/skscla001/experiments/datasets/swagen/audio/common_voice_sw_35418123.wav	na milki ya osmani uajemi na athira ya uingereza katika asia 	1
/scratch/skscla001/experiments/datasets/swagen/audio/common_voice_sw_29898406.wav	akaamua kuukabidhi utawala wake kwa mjukuu ambaye 	1
/scratch/skscla001/experiments/datasets/swagen/audio/common_voice_sw_36389620.wav	ipo umbali wa kilometa thelathini na tano 	1
/scratch/skscla001/experiments/datasets/swagen/audio/common_voice_sw_31284363.wav	na kila walipoenda waliwasema hivyo sifa hiyo ikawaganda 	0
/scratch/skscla001/experiments/datasets/swagen/audio/common_voice_sw_37092033.wav	kumi na tano lakini alishindwa na donald trumpgeorge bush akiwa na watoto wake 	0
/scratch/skscla001/experiments/datasets/swagen/audio/common_voice_sw_29304532.wav	kwa hiyo mara nyingi si lazima kulenga ushindi dhidi ya mpinzani 	0
/scratch/skscla001/experiments/datasets/swagen/audio/common_voice_sw_28681244.wav	pia ni naibu waziri wa wizara ya afya na maendeleo ya jamii 	1
/scratch/skscla001/experiments/datasets/swagen/audio/common_voice_sw_30075193.wav	kazi ya kufundisha soka nchini uingereza ni ngumu 	0
/scratch/skscla001/experiments/datasets/swagen/audio/common_voice_sw_29996948.wav	mwalimu nyerere aliwahamasisha wananchi kudumisha kilimo 	1
/scratch/skscla001/experiments/datasets/swagen/audio/common_voice_sw_30635685.wav	kwa ajili ya kupata kipato cha kukidhi mahitaji yao ya kila siku 	1
/scratch/skscla001/experiments/datasets/swagen/audio/common_voice_sw_30582819.wav	maeneo ambayo sisi tumekuwa tukiyatazama tu pasipo kupata muda wa kwenda kujifunza huko 	1
/scratch/skscla001/experiments/datasets/swagen/audio/common_voice_sw_36373641.wav	tumeshindwa kama umoja afrika kuletee 	1
/scratch/skscla001/experiments/datasets/swagen/audio/common_voice_sw_30470811.wav	tangu ugonjwa wa ukimwi ulipogunduliwa miaka ya elfu moja mia tisa na themanini 	1
/scratch/skscla001/experiments/datasets/swagen/audio/common_voice_sw_29805299.wav	messi alirudi kwenye kiwango cha juu na kuvunja rekodi ya magoli mengi kwa msimu 	1
/scratch/skscla001/experiments/datasets/swagen/audio/common_voice_sw_29797270.wav	kuna baadhi ya watu wanadai kuwa huo ni ugomvi wao binafsi ambao unawaumiza wananchi 	1
/scratch/skscla001/experiments/datasets/swagen/audio/common_voice_sw_30035419.wav	mwimbaji huyu alirekodi zaidi ya nyimbo mia tatu 	0
/scratch/skscla001/experiments/datasets/swagen/audio/common_voice_sw_30315385.wav	mfugale alibuni na kusimamia michoro katika kutelekeza mradi huu 	0
/scratch/skscla001/experiments/datasets/swagen/audio/common_voice_sw_35588537.wav	kwa jumla wakristo wanaishi kati ya wafuasi wa dini nyingine 	0
/scratch/skscla001/experiments/datasets/swagen/audio/common_voice_sw_35250423.wav	watalii wengi kutoka ndani na nje hufika kujionea kobe hao wakubwa 	0
/scratch/skscla001/experiments/datasets/swagen/audio/common_voice_sw_37224246.wav	kwa sababu hakuna mabadiliko yeyote ameleta katika eneo langu 	0
/scratch/skscla001/experiments/datasets/swagen/audio/common_voice_sw_36373493.wav	za mchezaji bora wa soka duniani ballon dor 	1
/scratch/skscla001/experiments/datasets/swagen/audio/common_voice_sw_30034511.wav	alitunukiwa shahada ya ualimu masomo ya kemiana hisabati 	0
/scratch/skscla001/experiments/datasets/swagen/audio/common_voice_sw_29240003.wav	kufunga ni moja ya nguzo tano za uislamu 	1
/scratch/skscla001/experiments/datasets/swagen/audio/common_voice_sw_29717797.wav	jina la sala hiyo linatokana na maneno yake ya kwanza 	0
/scratch/skscla001/experiments/datasets/swagen/audio/common_voice_sw_32243783.wav	pokea zawadi kutoka kwa baba 	1
/scratch/skscla001/experiments/datasets/swagen/audio/common_voice_sw_37225117.wav	kiswahili huwachanganya watu sana 	0
/scratch/skscla001/experiments/datasets/swagen/audio/common_voice_sw_29877984.wav	baadae rais hussein mwinyi akamteua kuwa makamu wa kwanza wa rais 	1
/scratch/skscla001/experiments/datasets/swagen/audio/common_voice_sw_30028589.wav	amin alijibu kwa kubomoa miji ya tanzania na kusafisha jeshi la akoli 	0
/scratch/skscla001/experiments/datasets/swagen/audio/common_voice_sw_36644338.wav	hawajainishwa katika nakala hii tutakuambia sifa 	0
/scratch/skscla001/experiments/datasets/swagen/audio/common_voice_sw_36945013.wav	anamiliki mashamba mengi 	1
/scratch/skscla001/experiments/datasets/swagen/audio/common_voice_sw_34958100.wav	eeh huenda walishauriana na utakumbukwa vizuri alisema kwamba awali walikuwa wameshauriana 	0
/scratch/skscla001/experiments/datasets/swagen/audio/common_voice_sw_30495726.wav	mwaka wa elfu moja mia nane tisini na nane 	0
/scratch/skscla001/experiments/datasets/swagen/audio/common_voice_sw_31284665.wav	kwa kuwapatia mafunzo wanajeshi binafsi wa cuba waliokuwa ukimbizini 	0
/scratch/skscla001/experiments/datasets/swagen/audio/common_voice_sw_35104405.wav	wa mbanza kongo baada ya wafalme kuwa wakristo 	0
/scratch/skscla001/experiments/datasets/swagen/audio/common_voice_sw_35198756.wav	kipindi professa jay anavuma wakati huo sugu na dudubaya nao walikuwa wanavuma 	0
/scratch/skscla001/experiments/datasets/swagen/audio/common_voice_sw_37083992.wav	ethopia inatajwa kama nchi iliyofanya mageuzi makubwa na kuimarisha 	0
/scratch/skscla001/experiments/datasets/swagen/audio/common_voice_sw_36615316.wav	asante sana kwa kuwa nami hapa wakati hu 	0
/scratch/skscla001/experiments/datasets/swagen/audio/common_voice_sw_30709795.wav	walikuwa viongozi waliokwenda kama wajumbe wa biashara ya ngombe 	0
/scratch/skscla001/experiments/datasets/swagen/audio/common_voice_sw_36381972.wav	rhoda alimshika kila mtoto mkono mmoja 	1
/scratch/skscla001/experiments/datasets/swagen/audio/common_voice_sw_32091669.wav	nneno ambalo latumika 	1
/scratch/skscla001/experiments/datasets/swagen/audio/common_voice_sw_30485094.wav	zindiko hilo lilifanyika bagamoyo katika moja ya mashimo 	1
/scratch/skscla001/experiments/datasets/swagen/audio/common_voice_sw_29896937.wav	sehemu kubwa ya mkoa ni yenye milima na vilima vilivyogawanywa na mabonde 	1
/scratch/skscla001/experiments/datasets/swagen/audio/common_voice_sw_29898924.wav	eneo linalofaa kwa kilimo ni hekta laki moja hamsini na tatu mia tano arobaini 	1
/scratch/skscla001/experiments/datasets/swagen/audio/common_voice_sw_36617289.wav	idi amin dada alikuwa mwanajeshi kutoka nchi ya uganda aliyepindua serikali na kujifanya rais 	0
/scratch/skscla001/experiments/datasets/swagen/audio/common_voice_sw_36617293.wav	lakini pia ni wakati wa wadau na mashabiki kubadilika 	0
/scratch/skscla001/experiments/datasets/swagen/audio/common_voice_sw_30035179.wav	kukua kwa zanzibar kulisababisha kupungua kwa mji wa maskat 	0
/scratch/skscla001/experiments/datasets/swagen/audio/common_voice_sw_29903370.wav	marco van basten alikuwa mfungaji bora 	1
/scratch/skscla001/experiments/datasets/swagen/audio/common_voice_sw_30205661.wav	walinyanganya biashara na mali ya wahamiaji kutoka india 	0
/scratch/skscla001/experiments/datasets/swagen/audio/common_voice_sw_34977501.wav	ambayo inahakikisha kuna malisho ya kutosha 	0
/scratch/skscla001/experiments/datasets/swagen/audio/common_voice_sw_28583897.wav	sifa muhimu ya kuni ni uwezo wake wa kutoa joto 	0
/scratch/skscla001/experiments/datasets/swagen/audio/common_voice_sw_29504941.wav	lakini kwenye simu hizi ni lazima kutumia pia namba ya mtandao muda wote 	0
/scratch/skscla001/experiments/datasets/swagen/audio/common_voice_sw_30364231.wav	wapinzani walimhakikishia nyerere kuwa wangeweza kukusanya wapambanaji wa kutosha 	1
/scratch/skscla001/experiments/datasets/swagen/audio/common_voice_sw_30143889.wav	ziwa nyasa limezungukwa na nchi tatu ambazo ni tanzania malawi na msumbiji 	1
/scratch/skscla001/experiments/datasets/swagen/audio/common_voice_sw_31285711.wav	kwasababu gharama za uendeshaji wa vita zilikuwa kubwa 	0
/scratch/skscla001/experiments/datasets/swagen/audio/common_voice_sw_31596910.wav	flamingo wazuri warefu wanapatikana ndani ya bonde la ngorongoro 	0
/scratch/skscla001/experiments/datasets/swagen/audio/common_voice_sw_30342416.wav	ugonjwa huu hauna tiba hivyo yatupasa tujikinge 	1
/scratch/skscla001/experiments/datasets/swagen/audio/common_voice_sw_30241062.wav	katika afrika ya mashariki huko bagamoyo wakiona umuhimu 	0
/scratch/skscla001/experiments/datasets/swagen/audio/common_voice_sw_29612237.wav	hapo inafaa kujenga maarifa kuhusu matumizi yake 	1
/scratch/skscla001/experiments/datasets/swagen/audio/common_voice_sw_34743476.wav	amepanda ndege jana 	0
/scratch/skscla001/experiments/datasets/swagen/audio/common_voice_sw_28670037.wav	mapenzi ya kweli yanadumu milele 	1
/scratch/skscla001/experiments/datasets/swagen/audio/common_voice_sw_30162240.wav	licha ya kuweka utaratibu wa kumuaga hayati magufuli 	1
/scratch/skscla001/experiments/datasets/swagen/audio/common_voice_sw_31370880.wav	wakahukumiwa kwenda jela kifungo cha maisha 	1
/scratch/skscla001/experiments/datasets/swagen/audio/common_voice_sw_31446681.wav	asili ya mto huu ni nyanda za juu za mto kondoa 	0
/scratch/skscla001/experiments/datasets/swagen/audio/common_voice_sw_37093881.wav	nywele refu sana 	0
/scratch/skscla001/experiments/datasets/swagen/audio/common_voice_sw_29796625.wav	kiungo wa kushambulia wa wales gareth bale alikuwa shujaa 	1
/scratch/skscla001/experiments/datasets/swagen/audio/common_voice_sw_30635376.wav	ni aibu sana kwa taifa maana enzi za mwalimu hapakukuwa na hali hii 	1
/scratch/skscla001/experiments/datasets/swagen/audio/common_voice_sw_29637407.wav	kiasili ben ni mtu wa dodoma 	1
/scratch/skscla001/experiments/datasets/swagen/audio/common_voice_sw_29630388.wav	kitabu cha kutoka kina sura arobaini 	1
/scratch/skscla001/experiments/datasets/swagen/audio/common_voice_sw_30629394.wav	mwalimu nyerere alisoma katika chuo cha makerere 	1
/scratch/skscla001/experiments/datasets/swagen/audio/common_voice_sw_36389370.wav	kinachotakiwa ni kuiunga mkono serikali ya awamu ya nane 	1
/scratch/skscla001/experiments/datasets/swagen/audio/common_voice_sw_28695160.wav	ndoa ya wakristo ni sakramenti ya yesu na kanisa lake 	1
/scratch/skscla001/experiments/datasets/swagen/audio/common_voice_sw_30102165.wav	pep guardiola alidhalilika sana siku hiyo 	0
/scratch/skscla001/experiments/datasets/swagen/audio/common_voice_sw_30091464.wav	samia suluhu hassan na rais mteule john magufuli wamedumisha amani na upendo 	1
/scratch/skscla001/experiments/datasets/swagen/audio/common_voice_sw_30380708.wav	wakati mwingine maisha yanahitaji kisingizio tu unapokipata unakitumia kama mzee 	1
/scratch/skscla001/experiments/datasets/swagen/audio/common_voice_sw_31812121.wav	takribani asilimia ishirini ya hewa safi duniani huzalishwa kutoka kwenye msitu huo 	0
/scratch/skscla001/experiments/datasets/swagen/audio/common_voice_sw_36375273.wav	mmoja wa jinsi kiwanda kikubwa kinaweza kutenda ili kupunguza 	1
/scratch/skscla001/experiments/datasets/swagen/audio/common_voice_sw_29937962.wav	wanafunzi wengi waliyomaliza elimu ya msingi walijiunga na sekondari 	1
/scratch/skscla001/experiments/datasets/swagen/audio/common_voice_sw_29787886.wav	kwa hiyo allaah subhaanahu wa taala akawa anawaita kwa jina la bani israaiyl 	1
/scratch/skscla001/experiments/datasets/swagen/audio/common_voice_sw_30631046.wav	anafanya kazi ya mitindo kama ajira yake 	1
/scratch/skscla001/experiments/datasets/swagen/audio/common_voice_sw_28663325.wav	kweli alijitahidi kuleta hali mpya katika kanisa 	1
/scratch/skscla001/experiments/datasets/swagen/audio/common_voice_sw_35104491.wav	alwi amesafiri kwenda dubai 	0
/scratch/skscla001/experiments/datasets/swagen/audio/common_voice_sw_30379346.wav	mawenzi yenye kimo cha mita elfu tano mia moja arobaini na tisa 	0
/scratch/skscla001/experiments/datasets/swagen/audio/common_voice_sw_30181645.wav	wengine wakahama na kadhia za kila namna 	1
/scratch/skscla001/experiments/datasets/swagen/audio/common_voice_sw_29930921.wav	kwa lengo la kusafirisha mizigo ya mazao mbalimbali 	1
/scratch/skscla001/experiments/datasets/swagen/audio/common_voice_sw_29573648.wav	meno ya tembo ni tofauti sana na yale ya mamalia wengine 	1
/scratch/skscla001/experiments/datasets/swagen/audio/common_voice_sw_30377006.wav	takribani kilomita sabini na tano kaskaziini mwa jiji la daressalaam 	0
/scratch/skscla001/experiments/datasets/swagen/audio/common_voice_sw_34924867.wav	jimbo la kwahani ameliongoza kwa miaka kumi na tano 	0
/scratch/skscla001/experiments/datasets/swagen/audio/common_voice_sw_28672908.wav	kwa kawaida mhusika ni mkristo lakini si lazima 	0
/scratch/skscla001/experiments/datasets/swagen/audio/common_voice_sw_29925923.wav	kipindi cha kiangazi au ukame wanyama hujipatia hifadhi ya maji kupitia magome ya mibuyu 	0
/scratch/skscla001/experiments/datasets/swagen/audio/common_voice_sw_30334221.wav	kombe la dunia la mwaka likarudi brazil kwa mara ya tatu kwenye historia yao 	1
/scratch/skscla001/experiments/datasets/swagen/audio/common_voice_sw_30567612.wav	wanawake ni laki moja sabini na mbili mia sita na sita 	0
/scratch/skscla001/experiments/datasets/swagen/audio/common_voice_sw_30020720.wav	maajabu hayo yamelifanya shirika la kimataifa kulijumlisha kwenye orodha yake ya urithi 	1
/scratch/skscla001/experiments/datasets/swagen/audio/common_voice_sw_28682178.wav	baadhi ya nchi kama vile ujerumani uingereza nakadhalika 	1
/scratch/skscla001/experiments/datasets/swagen/audio/common_voice_sw_37229703.wav	usisahau kwamba pele ni mmoja kati ya wachezaji wanne duniani 	1
/scratch/skscla001/experiments/datasets/swagen/audio/common_voice_sw_30038106.wav	messi amecheza jumla ya mechi mia saba sitini na nane 	0
/scratch/skscla001/experiments/datasets/swagen/audio/common_voice_sw_30327319.wav	ilindwe na vikosi vya kiislam aliahidi kutoa 	1
/scratch/skscla001/experiments/datasets/swagen/audio/common_voice_sw_34958947.wav	kama kawaida tunge tunge enda kwa tungeenda mahakamani 	0
/scratch/skscla001/experiments/datasets/swagen/audio/common_voice_sw_29794476.wav	ikiwa mwishoni mwa tafakuri yake binafsi mwandishi wa habari atafikia uamuzi wa kimaadili 	0
/scratch/skscla001/experiments/datasets/swagen/audio/common_voice_sw_29793229.wav	hutajirika na kalsiamu ngumu kama saruji baada ya kunyeshewa 	0
/scratch/skscla001/experiments/datasets/swagen/audio/common_voice_sw_30020390.wav	jomo kenyatta alichaguliwa kama rais wa kwanza 	1
/scratch/skscla001/experiments/datasets/swagen/audio/common_voice_sw_30333936.wav	rais wa zanzibari daktari hussein mwinyi kupitia runinga ya zanzibari alilitangazia taifa 	1
/scratch/skscla001/experiments/datasets/swagen/audio/common_voice_sw_30075143.wav	mikoa mingine itakuwa na miundombinu ya maji ya dhoruba inayofaa zaidi 	0
/scratch/skscla001/experiments/datasets/swagen/audio/common_voice_sw_30007231.wav	wahujumu uchumi walikimbilia nchi za jirani kujificha 	1
/scratch/skscla001/experiments/datasets/swagen/audio/common_voice_sw_35425410.wav	na zamani za roma ya kale wenyeji wa misri na mkoa wa afrikatunisia ya 	0
/scratch/skscla001/experiments/datasets/swagen/audio/common_voice_sw_28735758.wav	mojawapo ni kukutana na watu wa kupendeza kwa wema wao 	1
/scratch/skscla001/experiments/datasets/swagen/audio/common_voice_sw_36944842.wav	hata hivyo ni nchini uingereza ambapo umbo la soka la kisasa lilianza kulipuka 	1
/scratch/skscla001/experiments/datasets/swagen/audio/common_voice_sw_30677313.wav	vivutio vilivyoingia katika shindano la kutafuta maajabu saba ya asili 	1
/scratch/skscla001/experiments/datasets/swagen/audio/common_voice_sw_29660320.wav	ndilo daraja kubwa katika afrika ya mashariki 	1
/scratch/skscla001/experiments/datasets/swagen/audio/common_voice_sw_30495090.wav	osama akabadilika kutoka kuwa malaika hadi 	0
/scratch/skscla001/experiments/datasets/swagen/audio/common_voice_sw_34746354.wav	sehemu kubwa zaidi ya afrika ya mashariki inapeleka maji kwenda mabeseni ya rufiji 	1
/scratch/skscla001/experiments/datasets/swagen/audio/common_voice_sw_37096603.wav	karani wa koti ni yupi 	1
/scratch/skscla001/experiments/datasets/swagen/audio/common_voice_sw_29788177.wav	ni milionea tajika afrika akizaliwa visiwani zanzibar tanzania 	1
/scratch/skscla001/experiments/datasets/swagen/audio/common_voice_sw_30668404.wav	wafadhili walirejelea ufadhili mwezi wa novemba mwaka elfu mbili na tatu 	1
/scratch/skscla001/experiments/datasets/swagen/audio/common_voice_sw_30180213.wav	utawala wetu umekuwa na utaratibu tofauti na zilivyo nchi zingine 	1
/scratch/skscla001/experiments/datasets/swagen/audio/common_voice_sw_29799459.wav	mabadiliko hayo yalimpa raisi uwezo wa kuteua watanzania kumi kuwa wabunge 	0
/scratch/skscla001/experiments/datasets/swagen/audio/common_voice_sw_28672760.wav	yeye ni wa kwanza kuzaliwa kutoka katika familia ya watoto watano 	0
/scratch/skscla001/experiments/datasets/swagen/audio/common_voice_sw_29791609.wav	baadhi ya watemi wa waruri ikiwa ni pamoja na mtwenge 	0
/scratch/skscla001/experiments/datasets/swagen/audio/common_voice_sw_29620744.wav	kuna aina mbalimbali 	0
/scratch/skscla001/experiments/datasets/swagen/audio/common_voice_sw_29796869.wav	kanisa katoliki mara moja lilipoteza nafasi ya upendeleo 	1
/scratch/skscla001/experiments/datasets/swagen/audio/common_voice_sw_35182125.wav	tunaweza kujibu swali hili kwa msaada wao 	0
/scratch/skscla001/experiments/datasets/swagen/audio/common_voice_sw_28583855.wav	wataalamu wanaona asili ya nguruwe kwenye mabara ya afrika asia na ulaya 	0
/scratch/skscla001/experiments/datasets/swagen/audio/common_voice_sw_29936176.wav	mheshimiwa samia suluhu hassan alipata elimu ya msingi katika shule mbalimbali 	1
/scratch/skscla001/experiments/datasets/swagen/audio/common_voice_sw_30054660.wav	kisha mama yake huendelea basi kumdanganya kidogo kidogo 	0
/scratch/skscla001/experiments/datasets/swagen/audio/common_voice_sw_30582739.wav	pia kubakisha umeme wa ziada na kuuza katika nchi jirani 	0
/scratch/skscla001/experiments/datasets/swagen/audio/common_voice_sw_30033848.wav	kabla ya kuanza mikopo wananfunzi wa vyuo vikuu walikuwa wachache 	0
/scratch/skscla001/experiments/datasets/swagen/audio/common_voice_sw_30099248.wav	vikosi vidogo vya jeshi la wajerumani gavana soden alidai kutoendelea na mapigano 	1
/scratch/skscla001/experiments/datasets/swagen/audio/common_voice_sw_34598219.wav	titanic ilizinduliwa baada ya kukamilika kuundwa 	0
/scratch/skscla001/experiments/datasets/swagen/audio/common_voice_sw_29798565.wav	ngorongoro inayotembelewa na watalii wengi zaidi kwa mwaka 	0
/scratch/skscla001/experiments/datasets/swagen/audio/common_voice_sw_34798046.wav	dhidi ya maadui wanaoingia ksiwani hapo 	0
/scratch/skscla001/experiments/datasets/swagen/audio/common_voice_sw_35156580.wav	ni kwamba wananchi vile wanachukulia uchaguzi 	0
/scratch/skscla001/experiments/datasets/swagen/audio/common_voice_sw_29796842.wav	watu wanaamini kuwa mashindano ya urembo hayana maana 	1
/scratch/skscla001/experiments/datasets/swagen/audio/common_voice_sw_29791814.wav	benjamin mkapa ni rais wa awamu ya tatu 	0
/scratch/skscla001/experiments/datasets/swagen/audio/common_voice_sw_37089091.wav	kupitia kaskazini na kumwaga majiyake katika ziwa victoria 	0
/scratch/skscla001/experiments/datasets/swagen/audio/common_voice_sw_32323964.wav	lyunda jahazi 	1
/scratch/skscla001/experiments/datasets/swagen/audio/common_voice_sw_30661154.wav	xavi alipoanza kucheza timu ya taifa alifanya vizuri sana 	1
/scratch/skscla001/experiments/datasets/swagen/audio/common_voice_sw_29847211.wav	wakati mzuri wa kutembelea hifadhi hii ili kuangaliwa wanyama wakubwa ni wakati wa kiangazi 	0
/scratch/skscla001/experiments/datasets/swagen/audio/common_voice_sw_30173554.wav	bahari yenyewe ambayo baadhi wakipenda kuketi fukweni wakielekeza nyuso zao vilindini 	0
/scratch/skscla001/experiments/datasets/swagen/audio/common_voice_sw_31304397.wav	jana tuliona jinsi majeshi ya tanzania yalivyoanza safari 	1
/scratch/skscla001/experiments/datasets/swagen/audio/common_voice_sw_36381093.wav	uchafuzi huu unaweza kupitishwa waathirika wakuu wa uchafuzi huu 	1
/scratch/skscla001/experiments/datasets/swagen/audio/common_voice_sw_30320397.wav	chifu mkwawa alitumia pango hilo kujificha wakati wa vipita kwenye utawa wa kikoloni 	1
/scratch/skscla001/experiments/datasets/swagen/audio/common_voice_sw_37098342.wav	kwenye ufunguzi huo serikali ya mapinduzi ya zanzibar ilibainisha mambo kadhaa 	1
/scratch/skscla001/experiments/datasets/swagen/audio/common_voice_sw_37089325.wav	muziki wake mwingi ulikuwa unazungumzia hadithi za nyumbani 	0
/scratch/skscla001/experiments/datasets/swagen/audio/common_voice_sw_34943093.wav	na kuandika zaidi ukweli wa kuvutia kuhusu uturuki na waturuki 	0
/scratch/skscla001/experiments/datasets/swagen/audio/common_voice_sw_30375713.wav	wanyakyusa moja kwa moja twende mbeya hawa wanawake wengi wao ni weusi 	0
/scratch/skscla001/experiments/datasets/swagen/audio/common_voice_sw_28695355.wav	aliwahi kwenda vitani hispania na kuoa 	1
/scratch/skscla001/experiments/datasets/swagen/audio/common_voice_sw_29924405.wav	mfano mzuri wa mgomo wa wanyaturu katika eneo la wilwana 	0
/scratch/skscla001/experiments/datasets/swagen/audio/common_voice_sw_28584922.wav	matendo ya chuki ni tofauti na matendo ya kibinafsi 	0
/scratch/skscla001/experiments/datasets/swagen/audio/common_voice_sw_29793425.wav	makao makuu ya tanzania ni dodoma 	0
/scratch/skscla001/experiments/datasets/swagen/audio/common_voice_sw_29203699.wav	kufuatana na uainishaji wa lugha kwa ndani zaidi kigbe defi iko katika kundi la kikwa 	1
/scratch/skscla001/experiments/datasets/swagen/audio/common_voice_sw_28699003.wav	tena wako zambia malawi na sehemu nyingine 	0
/scratch/skscla001/experiments/datasets/swagen/audio/common_voice_sw_30585339.wav	miongoni mwa maajabu hayo ni yale ambayo hutokea nyakati za asubuhi 	0
/scratch/skscla001/experiments/datasets/swagen/audio/common_voice_sw_30312846.wav	kabla ya mazishi ya nelson mandela maji na umeme vilikata nyumbani kwa mandela 	0
/scratch/skscla001/experiments/datasets/swagen/audio/common_voice_sw_28993473.wav	pamoja na hayo mwenyewe aliendelea kutunga vitabu mbalimbali 	1
/scratch/skscla001/experiments/datasets/swagen/audio/common_voice_sw_30341808.wav	ujuzi wa mambo unaongezeka kwa kujifunza 	1
/scratch/skscla001/experiments/datasets/swagen/audio/common_voice_sw_36384115.wav	raia wa uingerza wanataka aendelee kutawala 	1
/scratch/skscla001/experiments/datasets/swagen/audio/common_voice_sw_29680454.wav	hawa walikuwa mababu wa wenyeji wa leo 	0
/scratch/skscla001/experiments/datasets/swagen/audio/common_voice_sw_31284874.wav	hadi kufikia mwezi wanane mwaka wa elfu moja amia tisa kumi nasita 	0
/scratch/skscla001/experiments/datasets/swagen/audio/common_voice_sw_30631097.wav	mwezi wa tatu na ule mwezi wa tano na msimu mfupi 	1
/scratch/skscla001/experiments/datasets/swagen/audio/common_voice_sw_30182236.wav	kuelekea mwishoni mwa msimu alipata ofa ya kujiunga na arsenal 	1
/scratch/skscla001/experiments/datasets/swagen/audio/common_voice_sw_34834752.wav	maeneo machache ya msingi kulingana na maslahi yako 	0
/scratch/skscla001/experiments/datasets/swagen/audio/common_voice_sw_37095422.wav	katika lugha adhimu ya kiswahili 	0
/scratch/skscla001/experiments/datasets/swagen/audio/common_voice_sw_29961013.wav	alistaafu baada ya kutawalakwa miaka mitano 	0
/scratch/skscla001/experiments/datasets/swagen/audio/common_voice_sw_31333022.wav	hivyo ni mwiko mkubwa katika siasa za 	0
/scratch/skscla001/experiments/datasets/swagen/audio/common_voice_sw_30327143.wav	mlima kilimanjaro una vilele vitatu vya kivolkeno 	0
/scratch/skscla001/experiments/datasets/swagen/audio/common_voice_sw_29942179.wav	hutoa huduma kwa wageni wanaotembelea hifadhi ya ziwa manyara 	1
/scratch/skscla001/experiments/datasets/swagen/audio/common_voice_sw_35123919.wav	safari yake ya kwanza ilikuwa kusafiri kwa muda mrefu sana 	0
/scratch/skscla001/experiments/datasets/swagen/audio/common_voice_sw_36382383.wav	inaathiri takribani asilimia sitini ya wananchi 	1
/scratch/skscla001/experiments/datasets/swagen/audio/common_voice_sw_29938066.wav	ni kudumisha maneno ya uongo ya wakoloni kutugawa na kujishusha thamani wenyewe kwa wenyewe 	1
/scratch/skscla001/experiments/datasets/swagen/audio/common_voice_sw_30109065.wav	pep guardiola alikuwa anadhirisha ubora wake 	1
/scratch/skscla001/experiments/datasets/swagen/audio/common_voice_sw_28695873.wav	kitabu kilikuwa kama bomu kati ya watu wa sayansi na wa dini 	1
/scratch/skscla001/experiments/datasets/swagen/audio/common_voice_sw_37218917.wav	sababu kama ni makosa umefanya na unaogopa kwamba utaondolewa na 	0
/scratch/skscla001/experiments/datasets/swagen/audio/common_voice_sw_36041255.wav	zidane alimuoa mwana dada mzuri na mrembo veronique fernandez 	1
/scratch/skscla001/experiments/datasets/swagen/audio/common_voice_sw_37225464.wav	nikutakie kila la heri katika siku hii ya leo 	1
/scratch/skscla001/experiments/datasets/swagen/audio/common_voice_sw_35279643.wav	nchi tofauti wacha tumaini kwamba mwishowe waturuki wa 	0
/scratch/skscla001/experiments/datasets/swagen/audio/common_voice_sw_30143697.wav	mfanyabiashara kutoka morocco ibn batuta aliyefika hapo 	0
/scratch/skscla001/experiments/datasets/swagen/audio/common_voice_sw_30354473.wav	mila na desturi za wangoni katika kuposa wanawake 	0
/scratch/skscla001/experiments/datasets/swagen/audio/common_voice_sw_29788330.wav	uingereza walitunga sheria za mchezo wa soka 	0
/scratch/skscla001/experiments/datasets/swagen/audio/common_voice_sw_30375227.wav	walio katika uhusiano na hata kusoma baadhi ya tafiti 	0
/scratch/skscla001/experiments/datasets/swagen/audio/common_voice_sw_30569175.wav	hifadhi ya mikumi jina la hifadhi limetokana na milima hiyo 	0
/scratch/skscla001/experiments/datasets/swagen/audio/common_voice_sw_30194950.wav	cristiano ronaldo aliibuka mfungaji bora 	0
/scratch/skscla001/experiments/datasets/swagen/audio/common_voice_sw_34942636.wav	mipango ya muda mfupi wa kati na mrefu kupambana na hali hiiwatu wengi 	0
/scratch/skscla001/experiments/datasets/swagen/audio/common_voice_sw_28690721.wav	kata hii ina shule tatu za msingi na shule moja ya sekondari 	1
/scratch/skscla001/experiments/datasets/swagen/audio/common_voice_sw_28690032.wav	ni wa kwanza kutoka makabila ya waindio 	1
/scratch/skscla001/experiments/datasets/swagen/audio/common_voice_sw_36746514.wav	majumba mengi ya magofu na misikiti ni alama ya zanzibar 	0
/scratch/skscla001/experiments/datasets/swagen/audio/common_voice_sw_30653595.wav	waliamua kukataa manyanyaso na masumbuko dhidi ya wakoloni 	0
/scratch/skscla001/experiments/datasets/swagen/audio/common_voice_sw_28981428.wav	baadaye huyu mwana wa kwanza alikuwa chifu wa bumbuli kwa kibali cha baba 	1
/scratch/skscla001/experiments/datasets/swagen/audio/common_voice_sw_30257612.wav	watalii wanatoka ulaya na asia kuja msumbiji 	1
/scratch/skscla001/experiments/datasets/swagen/audio/common_voice_sw_34762883.wav	kisha huzaa mtoto mmoja tu twiga ni baadhi ya wanyama wachache wanao zaa wakiwa 	1
/scratch/skscla001/experiments/datasets/swagen/audio/common_voice_sw_30383857.wav	golikipa wa urusi alikuwa bora kuliko magolikipa wengine 	0
/scratch/skscla001/experiments/datasets/swagen/audio/common_voice_sw_34944412.wav	sehemu kubwa ya nchi hasa kaskazini na magharibi hadi mwishoni mwa 	0
/scratch/skscla001/experiments/datasets/swagen/audio/common_voice_sw_30225322.wav	alianza kufanya mikataba na watawala wenyeji katika maeneo ya usagara nguru useguha na ukami 	1
/scratch/skscla001/experiments/datasets/swagen/audio/common_voice_sw_28684932.wav	hata leo anaheshimiwa na kanisa katoliki na waorthodoksi kama mtakatifu 	1
/scratch/skscla001/experiments/datasets/swagen/audio/common_voice_sw_29797603.wav	tanzania pekee imependelewa na mungu kuchimba madini ya tanzanite 	0
/scratch/skscla001/experiments/datasets/swagen/audio/common_voice_sw_29922712.wav	pia sheikh abeid amani karume kwa upande wa zanzibari 	0
/scratch/skscla001/experiments/datasets/swagen/audio/common_voice_sw_31285964.wav	sifa nyingi za pekee za kiumbe hiki zinaletwa na ongezeko kubwa la mafuta 	0
/scratch/skscla001/experiments/datasets/swagen/audio/common_voice_sw_28663203.wav	ushiriki wa ibada ni wa juu sana 	1
/scratch/skscla001/experiments/datasets/swagen/audio/common_voice_sw_30566574.wav	ikifikia upeo katika sherehe ya eunoto yaani ujio wa umri 	0
/scratch/skscla001/experiments/datasets/swagen/audio/common_voice_sw_37092582.wav	kumsaidia wapiganaji pia warundi walitumia ardhi ya buha kupigana na wanyamwez 	0
/scratch/skscla001/experiments/datasets/swagen/audio/common_voice_sw_35199058.wav	chama cha waandishi wa habari nchini humo kimelaani vikali kitendo hicho 	0
/scratch/skscla001/experiments/datasets/swagen/audio/common_voice_sw_29793057.wav	tofauti na wanyaturu hawakuwa utawala wa kichifu 	0
/scratch/skscla001/experiments/datasets/swagen/audio/common_voice_sw_29797769.wav	mapinduzi ya zanzibar yanaadhimishwa kila mwaka kama sikukuu ya taifa zima la tanzania 	0
/scratch/skscla001/experiments/datasets/swagen/audio/common_voice_sw_35408230.wav	moja miaka halafu iendelea kupanda juu ikielekea kabisa 	1
/scratch/skscla001/experiments/datasets/swagen/audio/common_voice_sw_36383812.wav	kwa ujumla zinathibitisha ya kwamba yesu alikuwepo 	1
/scratch/skscla001/experiments/datasets/swagen/audio/common_voice_sw_28994731.wav	ngano ambayo ni mazao makuu asia ya kusini ndiyo inayotumiwa 	1
/scratch/skscla001/experiments/datasets/swagen/audio/common_voice_sw_31584350.wav	kifo mara nyingi kunasababishwa na maudhi au uchovu 	0
/scratch/skscla001/experiments/datasets/swagen/audio/common_voice_sw_29789009.wav	pia walikuwa na lengo la kuweka makazi ya kudumu 	0
/scratch/skscla001/experiments/datasets/swagen/audio/common_voice_sw_31285062.wav	akikagua ofisi mpya za ardhi ya mkoa wa mara 	0
/scratch/skscla001/experiments/datasets/swagen/audio/common_voice_sw_30201412.wav	messi ameshinda tuzo sita za mchezaji bora wa dunia 	1
/scratch/skscla001/experiments/datasets/swagen/audio/common_voice_sw_35221658.wav	nafahamike kuwa asilimia kubwa ya makabila mengi yaliyopo hapa afrika yalipata majina kulingana na 	0
/scratch/skscla001/experiments/datasets/swagen/audio/common_voice_sw_29657692.wav	hasa anajulikana kwa kugundua elektroni 	1
/scratch/skscla001/experiments/datasets/swagen/audio/common_voice_sw_29818344.wav	wengi wanaujua zaidi mlima kilimanjaro kutokana na upekee wake katika bara la afrika 	0
/scratch/skscla001/experiments/datasets/swagen/audio/common_voice_sw_37095918.wav	ya afrika ya magharibi kwenye pwani ya 	0
/scratch/skscla001/experiments/datasets/swagen/audio/common_voice_sw_30110305.wav	mara zote mungu ana uwezo wake wa pekee 	0
/scratch/skscla001/experiments/datasets/swagen/audio/common_voice_sw_30582082.wav	mbalimbali na nguo hata hivyo mtindo uliopendelewa 	0
/scratch/skscla001/experiments/datasets/swagen/audio/common_voice_sw_28684931.wav	nakuru iliundwa na uingereza wakati wa ukoloni na imeendelea kukua tangu 	1
/scratch/skscla001/experiments/datasets/swagen/audio/common_voice_sw_30323933.wav	hadi mia nne sitini na saba katika mwaka elfu moja mia tisa sabini 	1
/scratch/skscla001/experiments/datasets/swagen/audio/common_voice_sw_29944522.wav	hata hivyo wapare wa mwanga wamegawanyika katika jamii mbili wasangi na wagweno 	0
/scratch/skscla001/experiments/datasets/swagen/audio/common_voice_sw_31441372.wav	kila kabila lina sifa zake ambazo ni tofauti 	1
/scratch/skscla001/experiments/datasets/swagen/audio/common_voice_sw_29788026.wav	mifugo midogo mara nyingi pia huwekwa ndani ya enkaji 	1
/scratch/skscla001/experiments/datasets/swagen/audio/common_voice_sw_30006985.wav	sinema ilizawadiwa globu ya dhahabu kwa muigizaji bora wa vivutio 	1
/scratch/skscla001/experiments/datasets/swagen/audio/common_voice_sw_28666426.wav	kuna pia wakristo kama jumuiya ndogo zaidi 	0
/scratch/skscla001/experiments/datasets/swagen/audio/common_voice_sw_28951376.wav	ni bora pia kuthibitisha hakuna uwezekano wa madhara ya madawa au pombe 	0
/scratch/skscla001/experiments/datasets/swagen/audio/common_voice_sw_30320135.wav	magufuli alianza kuchapa kazi usiku na mchana 	1
/scratch/skscla001/experiments/datasets/swagen/audio/common_voice_sw_29906025.wav	ilikuwa ya kwamba hajajikazia kuendeleza taasisi yake 	1
/scratch/skscla001/experiments/datasets/swagen/audio/common_voice_sw_31285717.wav	tanzania haikuwepo hadi aprili ishirini na sita elfu moja mia tisa sitini na nne 	0
/scratch/skscla001/experiments/datasets/swagen/audio/common_voice_sw_30046144.wav	safari za mtubwi katika ziwa eyasi 	1
/scratch/skscla001/experiments/datasets/swagen/audio/common_voice_sw_35690341.wav	ghafla akamkumbuka mzee alberto kito aliyemtembelea afajiri 	1
/scratch/skscla001/experiments/datasets/swagen/audio/common_voice_sw_30024144.wav	wachaga kabila linalojulikana kwa kufanya biashara 	0
/scratch/skscla001/experiments/datasets/swagen/audio/common_voice_sw_37099353.wav	kuishi chini ya waarabu waislamu ilibidi walipe madeni yaliyoachwa nyuma 	0
/scratch/skscla001/experiments/datasets/swagen/audio/common_voice_sw_29848607.wav	akifanya maajabu na klabu yake ya ajax ya uholanzi 	0
/scratch/skscla001/experiments/datasets/swagen/audio/common_voice_sw_28670352.wav	makao makuu yalikuwa mjini mwingi 	1
/scratch/skscla001/experiments/datasets/swagen/audio/common_voice_sw_36252519.wav	taarifa hizi zilithibitishwa na mdogo wake raul castro 	0
/scratch/skscla001/experiments/datasets/swagen/audio/common_voice_sw_29787859.wav	watenga watapeleka mahari kidogo kwa mama na baba wa binti 	1
/scratch/skscla001/experiments/datasets/swagen/audio/common_voice_sw_30567015.wav	dume ana rangi ya bluu na kahawia shingoni 	0
/scratch/skscla001/experiments/datasets/swagen/audio/common_voice_sw_30570146.wav	tanzania imegawanywa kwa mfumo wa mkoa na wilaya 	0
/scratch/skscla001/experiments/datasets/swagen/audio/common_voice_sw_30581586.wav	zelewski aliwadharau wahehe kama washenzi ambao walikuwa na mikuki na pinde tu 	0
/scratch/skscla001/experiments/datasets/swagen/audio/common_voice_sw_30354920.wav	pia wilaya za igunga na sikonge bila kusahau tabora na urambo 	1
/scratch/skscla001/experiments/datasets/swagen/audio/common_voice_sw_30360194.wav	vijiti vinavyohusiana kati ya makundi ya kiumri 	0
/scratch/skscla001/experiments/datasets/swagen/audio/common_voice_sw_30653654.wav	dalili za kawaida za malaria ni pamoja na kutetemeka kwa baridi na homa kali 	0
/scratch/skscla001/experiments/datasets/swagen/audio/common_voice_sw_30327527.wav	mafia ni mahali penye miji ya kale yenye utamaduni wa waswahili 	1
/scratch/skscla001/experiments/datasets/swagen/audio/common_voice_sw_28921843.wav	aliandika pia historia ya wafalme wa norwei 	1
/scratch/skscla001/experiments/datasets/swagen/audio/common_voice_sw_30659098.wav	bilioni thelathini na tisa zimetolewa kwa ajiri ya wanawake 	0
/scratch/skscla001/experiments/datasets/swagen/audio/common_voice_sw_30181694.wav	kasi ya usambazaji hutegemea aina ya kimelea pia mbu msambazaji binadamu anayeumwa na mazingira 	1
/scratch/skscla001/experiments/datasets/swagen/audio/common_voice_sw_30235334.wav	anatazamwa na watu wengi kama gaidi aliyesababisha vifo 	0
/scratch/skscla001/experiments/datasets/swagen/audio/common_voice_sw_28681588.wav	alikuwa pia mwigizaji katika filamu nyingi 	1
/scratch/skscla001/experiments/datasets/swagen/audio/common_voice_sw_37086130.wav	uchanguzi mkuu wa nchini thailand unataraji kufanyika 	1
/scratch/skscla001/experiments/datasets/swagen/audio/common_voice_sw_29895682.wav	sehemu hiyo inadumisha utalii wa kihistoria ndani ya tanzania 	1
/scratch/skscla001/experiments/datasets/swagen/audio/common_voice_sw_30582388.wav	walikutana na mandela kwa ajili kujadili suluhu na hatma 	0
/scratch/skscla001/experiments/datasets/swagen/audio/common_voice_sw_30183455.wav	japokuwa mbatiany alimpa santeu boksi la maajabu ambalo lingemwezesha 	1
/scratch/skscla001/experiments/datasets/swagen/audio/common_voice_sw_35683509.wav	mkubwa kutoka kwa makamu wa rais saulos chilima rais wa zamani joyce banda na 	1
/scratch/skscla001/experiments/datasets/swagen/audio/common_voice_sw_32244646.wav	bendera hufuata mkondo 	1
/scratch/skscla001/experiments/datasets/swagen/audio/common_voice_sw_30193609.wav	ndoa za kisukuma zinaruhusu ndoa za mitaala 	0
/scratch/skscla001/experiments/datasets/swagen/audio/common_voice_sw_30224847.wav	mchakato uliopo hivi sasa ni makumbusho hayo kuchukuliwa kuwa ya kitaifa 	1
/scratch/skscla001/experiments/datasets/swagen/audio/common_voice_sw_34763181.wav	dalili hizo zinapodumu kwa muda mrefu nenda ukapime 	0
/scratch/skscla001/experiments/datasets/swagen/audio/common_voice_sw_30650336.wav	kupunguza panya wanaoishi karibu na nyumba sehemu kazi au maeneo ya michezo 	1
/scratch/skscla001/experiments/datasets/swagen/audio/common_voice_sw_31329286.wav	sababu kubwa ya vita vya majimaji ni ardhi 	1
/scratch/skscla001/experiments/datasets/swagen/audio/common_voice_sw_30314240.wav	amini aliendelea kupokea mafunzo ya kijeshi 	0
/scratch/skscla001/experiments/datasets/swagen/audio/common_voice_sw_29962195.wav	akijifanya kujifurahisha ujuzi wa mpenzi wake 	1
/scratch/skscla001/experiments/datasets/swagen/audio/common_voice_sw_35183724.wav	kuna aina ya chura wanaopatikana jozani na hawapatikani dunia nzima 	0
/scratch/skscla001/experiments/datasets/swagen/audio/common_voice_sw_35102854.wav	mimi sijui chochote kumhusu 	0
/scratch/skscla001/experiments/datasets/swagen/audio/common_voice_sw_30176840.wav	kangaroo wanapenda kuishi katika makundi yanayozidi kangaroo kumi 	0
/scratch/skscla001/experiments/datasets/swagen/audio/common_voice_sw_30149111.wav	zikiendelea kupigwa ili sauti za wanaotahiriwa hasa wanaolia zisisikike 	1
/scratch/skscla001/experiments/datasets/swagen/audio/common_voice_sw_30478653.wav	waha ni kabila la watu wa tanzania wanaoishi katika mkoa wa kigoma 	1
/scratch/skscla001/experiments/datasets/swagen/audio/common_voice_sw_30181998.wav	ufaransa ilikuwa na kikosi cha dhahabu duniani 	1
/scratch/skscla001/experiments/datasets/swagen/audio/common_voice_sw_30179793.wav	ureno ilifungwa mabao mawili kwa moja 	1
/scratch/skscla001/experiments/datasets/swagen/audio/common_voice_sw_30341807.wav	wale wenye mamlaka ya kuleta matokeo chanya katika kuboresha hali ya usafiri majini 	1
/scratch/skscla001/experiments/datasets/swagen/audio/common_voice_sw_30105025.wav	ushindi wetu ni uthibitisho kuwa mikakati ya lengo letu imeanza vizuri 	0
/scratch/skscla001/experiments/datasets/swagen/audio/common_voice_sw_30574907.wav	luteni kanali morrison singano akawa anatuma ripoti za ilani 	0
/scratch/skscla001/experiments/datasets/swagen/audio/common_voice_sw_30194221.wav	milioni moja mbili kumi na sita nukta sifuri 	0
/scratch/skscla001/experiments/datasets/swagen/audio/common_voice_sw_30322645.wav	pwani ya afrika ya masharikii ilitembelewa na mabaharia wengi 	0
/scratch/skscla001/experiments/datasets/swagen/audio/common_voice_sw_36387480.wav	watu wawili waliokuwa mlangoni wakiwa wamefunika nyuso zao 	1
/scratch/skscla001/experiments/datasets/swagen/audio/common_voice_sw_34895982.wav	hakuna uhakika juu ya mwaka na mahali alikozaliwa amin mwenyewe hakuandika kumbukumbu ya maisha 	0
/scratch/skscla001/experiments/datasets/swagen/audio/common_voice_sw_29791040.wav	ilikuwa likiishi katika eneo la serengeti na ngorongoro kwa miaka mingi pamoja na wanyamapori 	0
/scratch/skscla001/experiments/datasets/swagen/audio/common_voice_sw_29988535.wav	hufanya uamuzi wa kutoa elimu kwa vitendo na kuelekeza wananchi namna ya kulima 	1
/scratch/skscla001/experiments/datasets/swagen/audio/common_voice_sw_35107621.wav	aliwakilisha jimbo la morogoro kuanzia mwaka elfu moja mia tisa sitini 	0
/scratch/skscla001/experiments/datasets/swagen/audio/common_voice_sw_28696103.wav	pia ni wawindaji 	1
/scratch/skscla001/experiments/datasets/swagen/audio/common_voice_sw_30210008.wav	warsha ya kuchangia sentensi 	1
/scratch/skscla001/experiments/datasets/swagen/audio/common_voice_sw_35425635.wav	sasa taasisi zimeanza kushughulikia pia masuala ya kuondoa umasikini 	0
/scratch/skscla001/experiments/datasets/swagen/audio/common_voice_sw_30574934.wav	mourinho ameingia kandarasi na klabu ya roma 	1
/scratch/skscla001/experiments/datasets/swagen/audio/common_voice_sw_30628724.wav	timu nyingi za bara la amerika kusini zilifanya vizuri kwenye mashindano 	1
/scratch/skscla001/experiments/datasets/swagen/audio/common_voice_sw_30114895.wav	kaburi lilipambwa kwa kusimamisha ubao mguuni na sanamu ya ubao 	1
/scratch/skscla001/experiments/datasets/swagen/audio/common_voice_sw_30262107.wav	uholanzi alishika nafasi ya tatu kwenye michuano ya kombe la dunia 	0
/scratch/skscla001/experiments/datasets/swagen/audio/common_voice_sw_30574822.wav	kalambo ndio maporomoko marefu zaidi nchini tanzania 	0
/scratch/skscla001/experiments/datasets/swagen/audio/common_voice_sw_35104459.wav	kwa ukanda wa pwani na nchi kavu nyuzi joto ishirini na nne 	0
/scratch/skscla001/experiments/datasets/swagen/audio/common_voice_sw_34944119.wav	kama walihubiri nchi hizo za afrika kaskazini zilikuwa tajiri hali 	0
/scratch/skscla001/experiments/datasets/swagen/audio/common_voice_sw_29906129.wav	tausi jike hukaa na watoto wake kwa karibu miezi sita 	1
/scratch/skscla001/experiments/datasets/swagen/audio/common_voice_sw_28681814.wav	mafundisho yake zinapatikana pia katika aina ya sauti na video 	1
/scratch/skscla001/experiments/datasets/swagen/audio/common_voice_sw_37094913.wav	kiliibuka na kuwa moja ya vikundi vya wapiganaji ambavyo vilikuwa 	0
/scratch/skscla001/experiments/datasets/swagen/audio/common_voice_sw_30574746.wav	hifadhi hii maarufu kwa wanyama jamii ya tumbili wajulikanao kama mbega weusi na weupe 	0
/scratch/skscla001/experiments/datasets/swagen/audio/common_voice_sw_30080507.wav	mbuni anakimbia kuliko viumbe wote wenye miguu miwili 	0
/scratch/skscla001/experiments/datasets/swagen/audio/common_voice_sw_28696377.wav	pia alikuwa mkuu wa utawala wa kikoloni wa eneo hilo 	0
/scratch/skscla001/experiments/datasets/swagen/audio/common_voice_sw_30585412.wav	ili atakapokufa baadae nyumba yake isitoweke huamua kuoa 	0
/scratch/skscla001/experiments/datasets/swagen/audio/common_voice_sw_35438831.wav	aa ambaye pia anawania urais kwa wakati huu stanila 	0
/scratch/skscla001/experiments/datasets/swagen/audio/common_voice_sw_29898411.wav	kabla ya kuhamia klabu ya feberbahce uturuki alikuwa akichezea aston villa timu ya uingereza 	1
/scratch/skscla001/experiments/datasets/swagen/audio/common_voice_sw_30371551.wav	mwezi julai mwaka elfu moja mia tisa hamsini na tatu 	0
/scratch/skscla001/experiments/datasets/swagen/audio/common_voice_sw_28690079.wav	hula matunda na mbegu hasa lakini wadudu pia 	1
/scratch/skscla001/experiments/datasets/swagen/audio/common_voice_sw_36381427.wav	matokeo kamili yanatanzamiwa kutangazwa mwezi ujao na ikiwa hali itasalia kuwa kama ilivyo sasa 	1
/scratch/skscla001/experiments/datasets/swagen/audio/common_voice_sw_28748383.wav	azerbaijan ina historia ndefu kuanzia zama za mawe 	0
/scratch/skscla001/experiments/datasets/swagen/audio/common_voice_sw_30380739.wav	ukifanikiwa kuwa na jeshi imara vita hiyo ni vyepesi kuishinda 	1
/scratch/skscla001/experiments/datasets/swagen/audio/common_voice_sw_30638442.wav	lakini hasa wa jamii ya wakushi wa afrika mashariki 	0
/scratch/skscla001/experiments/datasets/swagen/audio/common_voice_sw_28581513.wav	kwa upande wa kaskazini mwa nyanda za juu iko tambarare ya siberia ya kaskazini 	1
/scratch/skscla001/experiments/datasets/swagen/audio/common_voice_sw_29795599.wav	hivi unafikiri kwanini mandela alikua mtu muhimu 	1
/scratch/skscla001/experiments/datasets/swagen/audio/common_voice_sw_28880831.wav	kaskazini mwa tanzania kuna mlima meru pia 	1
/scratch/skscla001/experiments/datasets/swagen/audio/common_voice_sw_36381660.wav	alitumia mdundo iliyotengenezwa kwa kugandamizia beat ya msanii wa kimarekani vanilla ice 	1
/scratch/skscla001/experiments/datasets/swagen/audio/common_voice_sw_36373533.wav	wakati wa utawala wa ukoloni wa uingereza huko zanzibar kulikuwa bado 	1
/scratch/skscla001/experiments/datasets/swagen/audio/common_voice_sw_30671505.wav	ilijengwa kati ya mwaka elfu moja mia tisa na sabini 	1
/scratch/skscla001/experiments/datasets/swagen/audio/common_voice_sw_36807694.wav	kuogelea kwa wakati huu bado kunawezekana 	1
/scratch/skscla001/experiments/datasets/swagen/audio/common_voice_sw_37226163.wav	mabadiliko hayo mwandishi wetu jijini paris mohamed saleh 	1
/scratch/skscla001/experiments/datasets/swagen/audio/common_voice_sw_35587860.wav	au stesheni za mitaa na mitandao yenye miundo lazima zichukua 	0
/scratch/skscla001/experiments/datasets/swagen/audio/common_voice_sw_29902573.wav	baadae kichwa cha hussein kilionekana wakati wa karamu ya kifahari 	1
/scratch/skscla001/experiments/datasets/swagen/audio/common_voice_sw_29895680.wav	hifadhi ya taifa ya serengeti imetajwa kuwa ni kivutio pekee kilichopigiwa kura nyingi 	1
/scratch/skscla001/experiments/datasets/swagen/audio/common_voice_sw_34763121.wav	rifa ifuatayo inaelezea shughuli ya kuapishwa kwa rais huyo 	0
/scratch/skscla001/experiments/datasets/swagen/audio/common_voice_sw_29797572.wav	kiongozi wa zanzibar alikodisha eneo la pwani 	0
/scratch/skscla001/experiments/datasets/swagen/audio/common_voice_sw_36944792.wav	wanaona tu niupuzi lakini kwa uhakika u 	1
/scratch/skscla001/experiments/datasets/swagen/audio/common_voice_sw_29961837.wav	kuna njiapanda ambako njia ya kati inaunganishwa na njia za kando 	1
/scratch/skscla001/experiments/datasets/swagen/audio/common_voice_sw_29788896.wav	kuna mwendo wa masaa mawili kutoka uwanja wa ndege wa pemba mpaka ngezi 	1
/scratch/skscla001/experiments/datasets/swagen/audio/common_voice_sw_29636711.wav	katika makanisa mengine huwa askofu mkuu ni askofu kiongozi wa nchi fulani 	0
/scratch/skscla001/experiments/datasets/swagen/audio/common_voice_sw_28814488.wav	ualimu huo unaweza kuwa wa kawaida na usio wa kawaida 	1
/scratch/skscla001/experiments/datasets/swagen/audio/common_voice_sw_36013473.wav	katika imani za kimaasai inaaminika kuwa wanaweza kugundua magonjwa na sababu za mikosi 	1
/scratch/skscla001/experiments/datasets/swagen/audio/common_voice_sw_35181987.wav	kwa kuongezea wamesheki wenyewe hujiita waturuki wa akhaltsikhe 	0
/scratch/skscla001/experiments/datasets/swagen/audio/common_voice_sw_36386306.wav	andika sentensi zote kwa kitabu 	1
/scratch/skscla001/experiments/datasets/swagen/audio/common_voice_sw_31823795.wav	wanyaturu ni moja ya makabila yanayojumlishwa katika kundi la nilo hamites 	0
/scratch/skscla001/experiments/datasets/swagen/audio/common_voice_sw_30581763.wav	kuna mmea wa kienyeji uitwao olari ambao unakua ukiwa mrefu na mwingi 	0
/scratch/skscla001/experiments/datasets/swagen/audio/common_voice_sw_28306063.wav	sikukuu yake huadhimishwa na wakatoliki waorthodoksi na waanglikana tarehe ya kifo chake 	1
/scratch/skscla001/experiments/datasets/swagen/audio/common_voice_sw_30421299.wav	kukaa kenya miezi mitatu hivi hurejea tanzania mwezi novemba hadi mwezi disemba 	0
/scratch/skscla001/experiments/datasets/swagen/audio/common_voice_sw_29788356.wav	pili kushirikiana katika kula kunachochea ushirikiano katika mambo mengine 	0
/scratch/skscla001/experiments/datasets/swagen/audio/common_voice_sw_30634570.wav	ni mwezi wa kwanza na mwezi wa nne 	1
/scratch/skscla001/experiments/datasets/swagen/audio/common_voice_sw_30019810.wav	neno lenyewe linaonekana kuwa na nguvu isiyo ya kawaida 	1
/scratch/skscla001/experiments/datasets/swagen/audio/common_voice_sw_36386141.wav	uturuki na ugiriki mnamo mwaka wa elfumoja miatisa hamsini na mbili 	1
/scratch/skscla001/experiments/datasets/swagen/audio/common_voice_sw_35183804.wav	chukua hatua ambazo hazita tuadhiri na wakati huo huo 	0
/scratch/skscla001/experiments/datasets/swagen/audio/common_voice_sw_30378499.wav	sekta ya utalii inategemewa kwa kiasi kikubwa sana 	0
/scratch/skscla001/experiments/datasets/swagen/audio/common_voice_sw_29609982.wav	hasa watu kwenye visiwa vingi vya pasifiki wana utamaduni wa karibu 	1
/scratch/skscla001/experiments/datasets/swagen/audio/common_voice_sw_29798638.wav	kama sehemu ya kutekeleza kawaida yake ya 	0
/scratch/skscla001/experiments/datasets/swagen/audio/common_voice_sw_35154697.wav	heroini ambayo inatokana na dawa ya mofini hutumika 	0
/scratch/skscla001/experiments/datasets/swagen/audio/common_voice_sw_36299567.wav	uweze kupambana vema na maradhi yatakayoharibu kinga za mwili 	1
/scratch/skscla001/experiments/datasets/swagen/audio/common_voice_sw_29356397.wav	hali hiyo inaweza kutokea kiasili katika mazingira maalumu au kwa kutumia mbinu fulani 	0
/scratch/skscla001/experiments/datasets/swagen/audio/common_voice_sw_36383742.wav	hupewa maelekezo na ushauri unaohusiana na majukumu yao mapya 	1
/scratch/skscla001/experiments/datasets/swagen/audio/common_voice_sw_29509818.wav	kutoka morogoro kuna njia nyingine ya lami hadi dodoma 	1
/scratch/skscla001/experiments/datasets/swagen/audio/common_voice_sw_36387489.wav	muziki ambao vijana wengi ndio huvutiwa nao zaidi 	1
/scratch/skscla001/experiments/datasets/swagen/audio/common_voice_sw_28681676.wav	watu wa kwanza waliishi katika afrika penye hali ya hewa ya joto 	1
/scratch/skscla001/experiments/datasets/swagen/audio/common_voice_sw_29979547.wav	brazil iliweka historia ya kushinda kombe la ubingwa wa dunia kwa mara ya nne 	1
/scratch/skscla001/experiments/datasets/swagen/audio/common_voice_sw_31406048.wav	flaviana matata alijitahidi kutimiza ndoto zake 	0
/scratch/skscla001/experiments/datasets/swagen/audio/common_voice_sw_30022226.wav	meno yake ya chini ya mbele hungolewa 	0
/scratch/skscla001/experiments/datasets/swagen/audio/common_voice_sw_30445670.wav	janga la rinderpest na ukame wakati ulisababisha kupungua kwa idadi ya wamasai 	1
/scratch/skscla001/experiments/datasets/swagen/audio/common_voice_sw_35411284.wav	kuenea kwa sababu ni biashara kubwa inayoingiza pesa nyingi 	1
/scratch/skscla001/experiments/datasets/swagen/audio/common_voice_sw_30634776.wav	kila kabila lina washamba na wasio washamba kutegemeana na aina ya ushamba 	1
/scratch/skscla001/experiments/datasets/swagen/audio/common_voice_sw_30471001.wav	miaka hiyo biashara ya watumwa ilishamiri sana 	1
/scratch/skscla001/experiments/datasets/swagen/audio/common_voice_sw_37088968.wav	hospitali hapo hakukuwa na taarifa ambayo kuna mgonjwa aliezimia kutokana na muziki huo shoo 	0
/scratch/skscla001/experiments/datasets/swagen/audio/common_voice_sw_30313837.wav	kibuyu na kuni zilitumika katika ufundi huo 	0
/scratch/skscla001/experiments/datasets/swagen/audio/common_voice_sw_30365219.wav	hata mila na desturi zao hutofautiana 	1
/scratch/skscla001/experiments/datasets/swagen/audio/common_voice_sw_30227390.wav	ripoti za mashirika makubwa zinapotolewa 	0
/scratch/skscla001/experiments/datasets/swagen/audio/common_voice_sw_30634763.wav	hivyo kuwa kivutio kikubwa kwa watalii wa ndani na nje ya nchi 	1
/scratch/skscla001/experiments/datasets/swagen/audio/common_voice_sw_37212180.wav	wimbo huo aliucheza katika moja ya vipindi ambavyo alikuwa akiviendesha 	0
/scratch/skscla001/experiments/datasets/swagen/audio/common_voice_sw_28698895.wav	kutoka asili hizi kuna aina nyingi za jazz zilizoendelea 	0
/scratch/skscla001/experiments/datasets/swagen/audio/common_voice_sw_36390537.wav	moja na kufuatiwa na mwingine wa mwaka elfu moja mia tisa kumi na moja 	1
/scratch/skscla001/experiments/datasets/swagen/audio/common_voice_sw_30177396.wav	kitu cha msingi ni kuangalia na kuzifanyia kazi sifa unazozitaka kutoka kwa mpenzi wako 	0
/scratch/skscla001/experiments/datasets/swagen/audio/common_voice_sw_29470107.wav	watu wengine bilioni moja wanakadiriwa kukosa vitamini na madini 	1
/scratch/skscla001/experiments/datasets/swagen/audio/common_voice_sw_29915693.wav	serikali imeanzisha kampeni kama tanzania isiyo sahaulika ili utalii 	1
/scratch/skscla001/experiments/datasets/swagen/audio/common_voice_sw_29996496.wav	elfu tatu lakini walioongezeka na kufikia elfu ishirini 	1
/scratch/skscla001/experiments/datasets/swagen/audio/common_voice_sw_28581837.wav	mwanzoni palikuwa na nchi chache tu zilizofuata kalenda mpya 	1
/scratch/skscla001/experiments/datasets/swagen/audio/common_voice_sw_30057944.wav	mkwawa alikuwa mtemi na kiongozi mkuu wa kabila la wahehe katika tanganyika 	1
/scratch/skscla001/experiments/datasets/swagen/audio/common_voice_sw_30674941.wav	jamii ya kiarabu wasio wazanzibari iliamriwa kuondoka 	1
/scratch/skscla001/experiments/datasets/swagen/audio/common_voice_sw_34979576.wav	makabila yote yaliyopo nchini tanzania huzungumza lugha moja ya kiswahili 	0
/scratch/skscla001/experiments/datasets/swagen/audio/common_voice_sw_36106461.wav	vililinganishwa na vile vya mataifa tajiri duniani 	0
/scratch/skscla001/experiments/datasets/swagen/audio/common_voice_sw_36643650.wav	pengine hawapati nafasi ya kuielewa lugha lakini bado wana furaha 	0
/scratch/skscla001/experiments/datasets/swagen/audio/common_voice_sw_30635710.wav	unavipata hivyo katika vyakula vingi unavyokula kama mikate na tambi 	1
/scratch/skscla001/experiments/datasets/swagen/audio/common_voice_sw_29150759.wav	baada ya kupigwa kwa imani yao waliuawa wakati wa dhuluma ya kaisari decius 	0
/scratch/skscla001/experiments/datasets/swagen/audio/common_voice_sw_30177781.wav	mkwawa mwenyewe aliamua kukimbia pamoja na askari elfu mbili 	0
/scratch/skscla001/experiments/datasets/swagen/audio/common_voice_sw_34747533.wav	mwaka elfu moja mia tisa hamsini na nane 	0
/scratch/skscla001/experiments/datasets/swagen/audio/common_voice_sw_30181640.wav	unaonekana kuwa na manufaa mengi kwa wanajamii wa kabila hilo 	1
/scratch/skscla001/experiments/datasets/swagen/audio/common_voice_sw_37217752.wav	jinsi inasema serikali za mitaa na makampuni binafsi 	0
/scratch/skscla001/experiments/datasets/swagen/audio/common_voice_sw_28879137.wav	sehemu za kusini za maji huhesabiwa kuwa ndani ya bahari ya antaktiki 	1
/scratch/skscla001/experiments/datasets/swagen/audio/common_voice_sw_29216028.wav	yeye huishi na hufanya mazoezi yake ya mbio ngong karibu na jiji la nairobi 	0
/scratch/skscla001/experiments/datasets/swagen/audio/common_voice_sw_29938141.wav	tangu mapinduzi ya kuwaondoa waarabu visiwa hivyo vimeendelea kutawaliwa na chama cha mapinduzi 	1
/scratch/skscla001/experiments/datasets/swagen/audio/common_voice_sw_29945675.wav	uhamiaji huu umeonyeshwa katika filamu na programu nyingi za televisheni 	1
/scratch/skscla001/experiments/datasets/swagen/audio/common_voice_sw_31823717.wav	kwani ndiyo siku zilishushwa chini bendera zote za utawala wa waingereza 	0
/scratch/skscla001/experiments/datasets/swagen/audio/common_voice_sw_37085096.wav	tiba ya ugonjwa wa kisukari inaendana na muda wa tatizo 	0
/scratch/skscla001/experiments/datasets/swagen/audio/common_voice_sw_29791959.wav	mvua nzito ilichangia ukuaji wa majani 	0
/scratch/skscla001/experiments/datasets/swagen/audio/common_voice_sw_30033962.wav	kuna makadirio ya kwamba jumla ya watu laki moja hadi laki tano waliuawa 	0
/scratch/skscla001/experiments/datasets/swagen/audio/common_voice_sw_34940140.wav	mtoto anaenda shuleni 	0
/scratch/skscla001/experiments/datasets/swagen/audio/common_voice_sw_37098766.wav	michezo ya karata bao la solo huwakutanisha wao pamoja 	0
/scratch/skscla001/experiments/datasets/swagen/audio/common_voice_sw_29856681.wav	wakati hakuna kitu cha kula na mwenzako mmoja amejeruhiwa kumuua na kumla ili kuishi 	1
/scratch/skscla001/experiments/datasets/swagen/audio/common_voice_sw_30176740.wav	akiwa na maslahi binafsi huku wakazidi kumlaumu kwa kufanya hivyo 	0
/scratch/skscla001/experiments/datasets/swagen/audio/common_voice_sw_29791520.wav	wageni hawa walikuja huku afrika kwa kutumia usafiri wa mashua 	0
/scratch/skscla001/experiments/datasets/swagen/audio/common_voice_sw_30357272.wav	wakati wa shughuli za utengenezaji wa barabara 	1
/scratch/skscla001/experiments/datasets/swagen/audio/common_voice_sw_36375244.wav	sheria hiyo haihusiani tu na utegemeaji wa dawa 	1
/scratch/skscla001/experiments/datasets/swagen/audio/common_voice_sw_35438525.wav	kusafirisha watumwa afrika katika ya karne ya kumi na tisa kutoka kitabu cha livingstone 	0
/scratch/skscla001/experiments/datasets/swagen/audio/common_voice_sw_34831575.wav	wanyamwezi ni kabila la tanzania wanaoishi katika mikoa ya tabora na shinyanga 	0
/scratch/skscla001/experiments/datasets/swagen/audio/common_voice_sw_30586093.wav	nywele hizo hupakwa mafuta ya wanyama na mchanga mwekundu 	1
/scratch/skscla001/experiments/datasets/swagen/audio/common_voice_sw_30352567.wav	bila hiana nikajikuta na nyanyuka na kuelekea chumbani kwangu hakika nilikuwa na mawazo sana 	0
/scratch/skscla001/experiments/datasets/swagen/audio/common_voice_sw_29923938.wav	alitafsiri biblia kwa kijerumani ili watu wengi zaidi waweze kuisoma 	0
/scratch/skscla001/experiments/datasets/swagen/audio/common_voice_sw_29211515.wav	kwa hiyo lugha imekaribia kutoweka kabisa 	0
/scratch/skscla001/experiments/datasets/swagen/audio/common_voice_sw_36616242.wav	wamanyema waliwafundisha waha na wote hawa waliipigania tanganyika kutoka mikononi mwa serekali ya kikoloni 	0
/scratch/skscla001/experiments/datasets/swagen/audio/common_voice_sw_36381532.wav	maamuzi haya yalifikiwa baada ya mazungumzo ya siri yaliyofanyika mwaka 	1
/scratch/skscla001/experiments/datasets/swagen/audio/common_voice_sw_30354007.wav	mbuni dume anaishi maisha marefu zaidi 	0
/scratch/skscla001/experiments/datasets/swagen/audio/common_voice_sw_29749169.wav	zina tabia za kufanana 	0
/scratch/skscla001/experiments/datasets/swagen/audio/common_voice_sw_30360103.wav	mamalia kwa kawaida hupatikana katika kanda hii 	0
/scratch/skscla001/experiments/datasets/swagen/audio/common_voice_sw_35105923.wav	ya watoto kwa upande mmoja hapa haiti na kwangu mimi na upande 	0
/scratch/skscla001/experiments/datasets/swagen/audio/common_voice_sw_34958832.wav	alisoma shahada yake ya kwanza katika chuo kikuu cha mamara uturuki 	0
/scratch/skscla001/experiments/datasets/swagen/audio/common_voice_sw_35056459.wav	wakitaka dola itenganishwe na dini muandamanaji wa 	0
/scratch/skscla001/experiments/datasets/swagen/audio/common_voice_sw_30470930.wav	mwili wote wa nyangumi unalingana na maisha ya majini 	1
/scratch/skscla001/experiments/datasets/swagen/audio/common_voice_sw_30653472.wav	moja kwa moja waliingia mpaka ofisini kwa mwalimu mkuu wa shule hiyo na kuingia 	0
/scratch/skscla001/experiments/datasets/swagen/audio/common_voice_sw_30091168.wav	ndivyo hivyo asilimia kubwa ya dunia imezungukwa na maji 	1
/scratch/skscla001/experiments/datasets/swagen/audio/common_voice_sw_34958937.wav	plutarch anasema kuwa alijifanya kufurahia ujuzi wa mpenzi wake 	0
/scratch/skscla001/experiments/datasets/swagen/audio/common_voice_sw_29899099.wav	nyota huyo anayejivunia mabao ishirini na sita kutokana na michuano ya el clasico 	1
/scratch/skscla001/experiments/datasets/swagen/audio/common_voice_sw_28903338.wav	kinshasa ni nyumbani kwa idadi kubwa ya vituo vya redio na televisheni 	0
/scratch/skscla001/experiments/datasets/swagen/audio/common_voice_sw_29791450.wav	vijana wanaweza wakaona ugumu kuwaambia wenzi wao kuwa wameambukizwa magonjwa ya zinaa 	0
/scratch/skscla001/experiments/datasets/swagen/audio/common_voice_sw_30016500.wav	bila kusahau kiteto na simanjiro zinazokamilisha jumla ya wilaya tano za mkoa wa manyara 	1
/scratch/skscla001/experiments/datasets/swagen/audio/common_voice_sw_28922506.wav	mji ni makao makuu ya kaunti ya kilifi 	1
/scratch/skscla001/experiments/datasets/swagen/audio/common_voice_sw_30036212.wav	waziri mkuu wa tanzania kassim majaliwa kassim amesema 	0
/scratch/skscla001/experiments/datasets/swagen/audio/common_voice_sw_30436172.wav	ondoa vichaka miamba uchafu kuni zilizotapakaa na chochote kinachoweza kuwa chakula cha panya 	0
/scratch/skscla001/experiments/datasets/swagen/audio/common_voice_sw_35104248.wav	imeongeza kasi ya kutoa fedha kwa wateja 	0
/scratch/skscla001/experiments/datasets/swagen/audio/common_voice_sw_30351391.wav	hitler alifanya mauaji ya halaiki kabisa 	0
/scratch/skscla001/experiments/datasets/swagen/audio/common_voice_sw_35181988.wav	ni mwambao wa bahari ya kaspi tehran ni mji mkuu pia mji mkubwa 	0
/scratch/skscla001/experiments/datasets/swagen/audio/common_voice_sw_36945554.wav	hivyo kuwa kivutio kikubwa kwa wapanda milima kutoka kila pande za dunia 	1
/scratch/skscla001/experiments/datasets/swagen/audio/common_voice_sw_29793541.wav	idadi kubwa ya wanafunzi kutoka shule mbalimbali nchini tanzania hutembelea hifadhi hii 	0
/scratch/skscla001/experiments/datasets/swagen/audio/common_voice_sw_29941590.wav	kwani tayari walikuwa na deni la kulipa mabao sita kwa sifuri walichopewa 	1
/scratch/skscla001/experiments/datasets/swagen/audio/common_voice_sw_30002197.wav	masuala ya jando na unyago yalikuwa ya kawaida sana 	0
/scratch/skscla001/experiments/datasets/swagen/audio/common_voice_sw_30121954.wav	mwaka nenda mwaka rudi huku mipango yao ikififia kama nyota ya mchana 	1
/scratch/skscla001/experiments/datasets/swagen/audio/common_voice_sw_29796867.wav	flaviana matata alikusudia kuwasaidia watu wenye uhitaji maalum 	1
/scratch/skscla001/experiments/datasets/swagen/audio/common_voice_sw_30320348.wav	mlima mlimu pamoja na ule mlima mlomboza 	1
/scratch/skscla001/experiments/datasets/swagen/audio/common_voice_sw_29796076.wav	alipofika alikaribishwa katika kasri la alhasan ibn sulaiman abulmawahib 	1
/scratch/skscla001/experiments/datasets/swagen/audio/common_voice_sw_28673118.wav	kimsingi mandhari ya hifadhi hii ni nyasi iliyo wazi na mito 	1
/scratch/skscla001/experiments/datasets/swagen/audio/common_voice_sw_29946780.wav	kutokana na suala la utandawazi wapare wametapakaa kote tanzania kwa shughuli mbalimbali 	1
/scratch/skscla001/experiments/datasets/swagen/audio/common_voice_sw_30363011.wav	wapare walikuwa na utamaduni wa shughuli za sanaa kama methali na hadithi 	0
/scratch/skscla001/experiments/datasets/swagen/audio/common_voice_sw_30647798.wav	alikuwa waziri wa afya mambo ya ndani na maliasili 	1
/scratch/skscla001/experiments/datasets/swagen/audio/common_voice_sw_29790829.wav	ugonjwa wa mwinuko ni adui wako 	0
/scratch/skscla001/experiments/datasets/swagen/audio/common_voice_sw_36375356.wav	hapatoshi kwa sababu kelele zake zitakuwa siyo 	1
/scratch/skscla001/experiments/datasets/swagen/audio/common_voice_sw_36616212.wav	mabadiliko haya yamesaidia kuongeza hali ya usikivu na tahadhari 	0
/scratch/skscla001/experiments/datasets/swagen/audio/common_voice_sw_30371527.wav	wakati italia inafikisha mataji matatu ya kombe la dunia brazil ilikuwa na mawili 	0
/scratch/skscla001/experiments/datasets/swagen/audio/common_voice_sw_29995022.wav	umaarufu mwingine wa hifadhi hii ni pamoja ya aina ya chatu 	1
/scratch/skscla001/experiments/datasets/swagen/audio/common_voice_sw_36037731.wav	ukubali huo ulipelekea mwitikio usiyofaa wa janga hili 	1
/scratch/skscla001/experiments/datasets/swagen/audio/common_voice_sw_31304432.wav	hatimaye kujiunga na klabu ya simba mwaka elfu mbili na kumi na saba 	1
/scratch/skscla001/experiments/datasets/swagen/audio/common_voice_sw_29946566.wav	sultani majid bin said kuhamia dar es salaam mwaka huo 	1
/scratch/skscla001/experiments/datasets/swagen/audio/common_voice_sw_35155013.wav	kutokana na maradhi ya kisukari na uvimbe kwenye kongosho bi kidude amekuwa katika fani 	0
/scratch/skscla001/experiments/datasets/swagen/audio/common_voice_sw_34756222.wav	alimuuliza julian paruku kahonja gavana wa kivu kaskazini 	0
/scratch/skscla001/experiments/datasets/swagen/audio/common_voice_sw_34762875.wav	warieri wakine wasweta na waganjo wagire wakiseru wakamageta na waturi 	1
/scratch/skscla001/experiments/datasets/swagen/audio/common_voice_sw_29937805.wav	yalianzishwa na aliyekuwa mkuu wa wilaya hiyo akijulikana kwa jina la msonge 	1
/scratch/skscla001/experiments/datasets/swagen/audio/common_voice_sw_29943190.wav	matembezi ya kiumbe huyo wa ajabu hayatabiriki 	1
/scratch/skscla001/experiments/datasets/swagen/audio/common_voice_sw_29258950.wav	nchini tanzania afisa mtendaji wa kata huitwa katibu kata 	0
/scratch/skscla001/experiments/datasets/swagen/audio/common_voice_sw_29860918.wav	na mikoa mingine hadi rwanda na burundi watu hawa ilikuwa ngumu sana wao kukimbia 	0
/scratch/skscla001/experiments/datasets/swagen/audio/common_voice_sw_31767002.wav	alihakikisha anasoma kwa bidii ili kutimiza ndoto zake 	0
/scratch/skscla001/experiments/datasets/swagen/audio/common_voice_sw_30650345.wav	upo utani unaofanana na ukweli unaosema 	1
/scratch/skscla001/experiments/datasets/swagen/audio/common_voice_sw_37096495.wav	dhiti ya mwimbaji maarufu michele mati 	1
/scratch/skscla001/experiments/datasets/swagen/audio/common_voice_sw_36039686.wav	punk imany david guetta soprano martin solveig kutoka nchini ufransa 	0
/scratch/skscla001/experiments/datasets/swagen/audio/common_voice_sw_29787926.wav	ni bilionea ambaye ametambuliwa kuwa miongoni mwa mabilionea wa umri mdogo zaidi afrika 	1
/scratch/skscla001/experiments/datasets/swagen/audio/common_voice_sw_29638989.wav	taarifa kuhusu masoko zinaweza kupatikana kutoka vyanzo mbalimbali na na mbinu 	1
/scratch/skscla001/experiments/datasets/swagen/audio/common_voice_sw_30667132.wav	wakurugenzi watendaji wanaoteuliwa na rais wa jamhuri ya muungano wa tanzania 	0
/scratch/skscla001/experiments/datasets/swagen/audio/common_voice_sw_30091429.wav	jina la kwanza ni mwita ambalo asili yake ni uguita 	1
/scratch/skscla001/experiments/datasets/swagen/audio/common_voice_sw_29956462.wav	helikopta za black hawk zilisafiri kwenda abbottabad 	1
/scratch/skscla001/experiments/datasets/swagen/audio/common_voice_sw_31446461.wav	milton obote ndiye aliyekuwa raisi wa pili wa uganda 	0
/scratch/skscla001/experiments/datasets/swagen/audio/common_voice_sw_30628284.wav	hufikia mwendokasi wa kilometa hamsini na tano kwa saa 	0
/scratch/skscla001/experiments/datasets/swagen/audio/common_voice_sw_34745860.wav	ilivisa kama hivi visiwahi tokea tena 	0
/scratch/skscla001/experiments/datasets/swagen/audio/common_voice_sw_30629032.wav	samia alijiunga na shule ya sekondari ngambo na lumumba unguja 	1
/scratch/skscla001/experiments/datasets/swagen/audio/common_voice_sw_30624107.wav	pia vipo vyuo viku vingi mpaka sasa hapa tanzania 	0
/scratch/skscla001/experiments/datasets/swagen/audio/common_voice_sw_36385376.wav	sema vizuri nikuskie kwa masikio yangu 	1
/scratch/skscla001/experiments/datasets/swagen/audio/common_voice_sw_29887444.wav	sherehe za tuzo za reggae ya kimataifa na muziki wa ulimwengu 	1
/scratch/skscla001/experiments/datasets/swagen/audio/common_voice_sw_29995820.wav	awali vikosi vya tanzania na washirika wake viliukamata mji huo 	1
/scratch/skscla001/experiments/datasets/swagen/audio/common_voice_sw_31882139.wav	ndhinga ulokuva na mbuvo uliamuliwa asali ndani 	0
/scratch/skscla001/experiments/datasets/swagen/audio/common_voice_sw_29469266.wav	makao makuu yako wote 	1
/scratch/skscla001/experiments/datasets/swagen/audio/common_voice_sw_28581475.wav	rasmi pamoja na nyingine 	1
/scratch/skscla001/experiments/datasets/swagen/audio/common_voice_sw_36375164.wav	alianguka chini 	1
/scratch/skscla001/experiments/datasets/swagen/audio/common_voice_sw_35588661.wav	tumekataa kudhalilishwa kabisa 	0
/scratch/skscla001/experiments/datasets/swagen/audio/common_voice_sw_30205292.wav	mwaka huu mwezi wa tano alishinda kombe la ulaya 	0
/scratch/skscla001/experiments/datasets/swagen/audio/common_voice_sw_29904637.wav	idara ya mambo ya kale nchini tanzania inafanya kazi 	1
/scratch/skscla001/experiments/datasets/swagen/audio/common_voice_sw_29795534.wav	miongoni mwao walikuwemo makuhani na waheshimiwa waaguzi wa arochukwu na jumuiya ya ekpe 	1
/scratch/skscla001/experiments/datasets/swagen/audio/common_voice_sw_30640492.wav	jambo linalowafanya wakazi hao kupata kitoweo na fedha za kujikimu 	0
/scratch/skscla001/experiments/datasets/swagen/audio/common_voice_sw_37085642.wav	benzema alikuwa mchezaji wa timu ya taifa na kuiwakilisha nchi yake 	0
/scratch/skscla001/experiments/datasets/swagen/audio/common_voice_sw_31285564.wav	kwa mtoto tangu anazaliwa hadi anapokua 	0
/scratch/skscla001/experiments/datasets/swagen/audio/common_voice_sw_36319128.wav	iliyobaki duniani inaweza kuwa na miti hii 	1
/scratch/skscla001/experiments/datasets/swagen/audio/common_voice_sw_36255575.wav	kwamba sasa walau hata kuna mjadala kuhusu chato inafaa au haifai kuwa mkoa 	1
/scratch/skscla001/experiments/datasets/swagen/audio/common_voice_sw_29799147.wav	alifuatana na mwalimu nyerere aliyepitia zanzibar 	0
/scratch/skscla001/experiments/datasets/swagen/audio/common_voice_sw_29960798.wav	maporomoko ambayo yamekuwa vivutio sana kwa watalii wa nchi mbalimbali 	1
/scratch/skscla001/experiments/datasets/swagen/audio/common_voice_sw_30021413.wav	watafiti wa masuala ya ekolojia huweka kambi mara kwa mara 	1
/scratch/skscla001/experiments/datasets/swagen/audio/common_voice_sw_35104873.wav	hawa wote walitokea radio tanzania dar es salaam 	0
/scratch/skscla001/experiments/datasets/swagen/audio/common_voice_sw_34958927.wav	kilitabiri kutokea kwa ajali ya meli ya titanic 	0
/scratch/skscla001/experiments/datasets/swagen/audio/common_voice_sw_35222183.wav	kuboreshwa kwa msikiti mkubwa na kujengwa kwa soko la husuni ndogo kulipofanyika anasema mtemi 	0
/scratch/skscla001/experiments/datasets/swagen/audio/common_voice_sw_36310684.wav	na kuweka bayana umoja huo unasaka uungwaji mkono 	1
/scratch/skscla001/experiments/datasets/swagen/audio/common_voice_sw_30030342.wav	akapewa kadi namba kumi na sita na mumewe bwana boi selemani 	0
/scratch/skscla001/experiments/datasets/swagen/audio/common_voice_sw_29942878.wav	akiona mambo yamekaa vibaya anawahi kuondoka kabla ya kuondoshwa 	1
/scratch/skscla001/experiments/datasets/swagen/audio/common_voice_sw_36368206.wav	alijikusanyia asilimia ishirini na tano nukta sitini na sita 	1
/scratch/skscla001/experiments/datasets/swagen/audio/common_voice_sw_30195894.wav	alipata habari ya kwamba hata mdogo wake mpangile alishikamana na wajerumani 	0
/scratch/skscla001/experiments/datasets/swagen/audio/common_voice_sw_37093792.wav	ilipobainika kuwa alikuwa akifadhili mafunzo kwa makundi ya kigaidi ambayo yalikuwa hatari sana kwa 	1
/scratch/skscla001/experiments/datasets/swagen/audio/common_voice_sw_35132630.wav	eza nishati mwilini na hilo huchangia mtu kuwa na uzito 	1
/scratch/skscla001/experiments/datasets/swagen/audio/common_voice_sw_35108087.wav	gera redio ufaransa kwa habari zisioengemea upande wowote huyu ni taib abdala kwambasora 	1
/scratch/skscla001/experiments/datasets/swagen/audio/common_voice_sw_34943126.wav	makundi mbalimbali ya mziki huo yakaanzishwa rasmi 	0
/scratch/skscla001/experiments/datasets/swagen/audio/common_voice_sw_30182908.wav	majangili wanaua simba na chui kupata ngozi zao zenye thamani kubwa 	1
/scratch/skscla001/experiments/datasets/swagen/audio/common_voice_sw_30173555.wav	mashuka hayo yamegawanyika kwa wanaume na wanawake 	0
/scratch/skscla001/experiments/datasets/swagen/audio/common_voice_sw_36383667.wav	katika ya jamii yote ya kimasai ndani kenya na tanzania 	1
/scratch/skscla001/experiments/datasets/swagen/audio/common_voice_sw_29846305.wav	kuliko wanazokumbana nazo katika majukumu yao ya kila siku 	1
/scratch/skscla001/experiments/datasets/swagen/audio/common_voice_sw_29899105.wav	mwalimu nyerere alifariki akiwa kwenye matibabu nchini uingereza 	1
/scratch/skscla001/experiments/datasets/swagen/audio/common_voice_sw_30035911.wav	kutokea daressalaam mpaka mkoani mbeya nyanda za juu kusini 	0
/scratch/skscla001/experiments/datasets/swagen/audio/common_voice_sw_30144485.wav	sehemu ya kwanza ya sherehe hizi ni sherehe ya enoto 	1
/scratch/skscla001/experiments/datasets/swagen/audio/common_voice_sw_36644246.wav	samia suluhu hassan alisoma stashahada ya uzamili ya uchumi katika chuo kikuu cha manchester 	0
/scratch/skscla001/experiments/datasets/swagen/audio/common_voice_sw_36318717.wav	ujeruhi wengine mia moja na thelathini 	1
/scratch/skscla001/experiments/datasets/swagen/audio/common_voice_sw_30647749.wav	majaliwa ni mwenyeji wa mnacho katika wilaya ya ruangwa aliposoma shule ya msingi 	1
/scratch/skscla001/experiments/datasets/swagen/audio/common_voice_sw_31665689.wav	benjamini wiliam mkapa alikuwa raisi wa awamu ya tatu 	1
/scratch/skscla001/experiments/datasets/swagen/audio/common_voice_sw_29947059.wav	mtangazaji wa taarifa ya habari alikuwa mwalimu julius kambarage nyerere 	1
/scratch/skscla001/experiments/datasets/swagen/audio/common_voice_sw_35183989.wav	kustaafu na shule kupewa pension zako za maisha 	0
/scratch/skscla001/experiments/datasets/swagen/audio/common_voice_sw_30079585.wav	sherehe zinapoanza huwa wanatoka ndani na vichwa vyao hunyolewa 	0
/scratch/skscla001/experiments/datasets/swagen/audio/common_voice_sw_28669464.wav	televisheni inaweza kuonyesha picha kutoka sehemu mbalimbali 	1
/scratch/skscla001/experiments/datasets/swagen/audio/common_voice_sw_30020580.wav	dalili za ugonjwa huu zinategemea mgonjwa ameambukizwaje bakteria wanaosababisha tauni 	1
/scratch/skscla001/experiments/datasets/swagen/audio/common_voice_sw_29939348.wav	ari yangu kuu wakati nilitwaa uongozi ilikuwa ni kwa sekta ya elimu 	0
/scratch/skscla001/experiments/datasets/swagen/audio/common_voice_sw_29686062.wav	mwenye taaluma anaitwa mtaalamu 	1
/scratch/skscla001/experiments/datasets/swagen/audio/common_voice_sw_36807661.wav	alianza kusema kuwa tumbo ina shida kila usiku 	1
/scratch/skscla001/experiments/datasets/swagen/audio/common_voice_sw_28582713.wav	jina la nchi uganda ni umbo la kiswahili la neno buganda 	1
/scratch/skscla001/experiments/datasets/swagen/audio/common_voice_sw_30629813.wav	ukiambiwa unapaswa kuwekwa karantini usiogope 	0
/scratch/skscla001/experiments/datasets/swagen/audio/common_voice_sw_28994862.wav	vitongoji duni huwa na vyumba duni 	1
/scratch/skscla001/experiments/datasets/swagen/audio/common_voice_sw_29818070.wav	wengine walipewa majina kulingana na lugha yao au matamshi yao 	0
/scratch/skscla001/experiments/datasets/swagen/audio/common_voice_sw_30327274.wav	kenge hawa wanaiba mayai ya mamba na kula nyoka 	1
/scratch/skscla001/experiments/datasets/swagen/audio/common_voice_sw_30180794.wav	museveni alijibu kwamba amin lazima ajibu dhambi zake 	1
/scratch/skscla001/experiments/datasets/swagen/audio/common_voice_sw_29924608.wav	mwaka elfu mbili alimwachia raisi aliefuatia ambaye ni jakaya kikwete 	0
/scratch/skscla001/experiments/datasets/swagen/audio/common_voice_sw_30075232.wav	bila kusahau barabara na umeme na mengine mengi 	0
/scratch/skscla001/experiments/datasets/swagen/audio/common_voice_sw_28978792.wav	sehemu ndogo zaidi za nchi kavu ndani ya magimba ya maji huitwa kisiwa 	1
/scratch/skscla001/experiments/datasets/swagen/audio/common_voice_sw_29790778.wav	maskini walikuwa wana hali mabaya kiuchumi 	0
/scratch/skscla001/experiments/datasets/swagen/audio/common_voice_sw_30382274.wav	zidane aliweka rekodi ya uhamisho wa dunia alipokubali kuhamia nchini hispania 	0
/scratch/skscla001/experiments/datasets/swagen/audio/common_voice_sw_30081512.wav	ipo umbali wa kilometa mia mbili themanini na tatu magharibi kwa dar es salaam 	1
/scratch/skscla001/experiments/datasets/swagen/audio/common_voice_sw_30074065.wav	hili ni eneo lenye urefu wa kilometa ishirini kina cha mita mia sita 	0
/scratch/skscla001/experiments/datasets/swagen/audio/common_voice_sw_28683132.wav	picha za feri za zamani na za kisasa 	1
/scratch/skscla001/experiments/datasets/swagen/audio/common_voice_sw_29792406.wav	biashara na kuipiga jeki sekta binafsi ya tanzania 	0
/scratch/skscla001/experiments/datasets/swagen/audio/common_voice_sw_30574943.wav	udongo una rutuba kwa wingi na yakiwa juu ya urefu wa udongo kaskazini mashariki 	0
/scratch/skscla001/experiments/datasets/swagen/audio/common_voice_sw_36381667.wav	ninatumaini 	1
/scratch/skscla001/experiments/datasets/swagen/audio/common_voice_sw_35118954.wav	lakini hakuiamini serikali hiyo ya marekani 	0
/scratch/skscla001/experiments/datasets/swagen/audio/common_voice_sw_30574579.wav	ameupindua utawala wakahisi mtwa mkwawa angeweza kuuawa 	0
/scratch/skscla001/experiments/datasets/swagen/audio/common_voice_sw_28662043.wav	dalili zinaweza kujumuisha maumivu na ugumu wa kula chakula 	1
/scratch/skscla001/experiments/datasets/swagen/audio/common_voice_sw_29818125.wav	tatizo lilikua kwanini fedha zimeingia kwenye akaunti yake badala ya akaunti ya shule 	0
/scratch/skscla001/experiments/datasets/swagen/audio/common_voice_sw_28815171.wav	spishi zote zinatokea karibu na maji ama baridi ama ya bahari 	1
/scratch/skscla001/experiments/datasets/swagen/audio/common_voice_sw_30090786.wav	wapare ni kabila kutoka milima ya pare mkoani wa kilimanjaro 	1
/scratch/skscla001/experiments/datasets/swagen/audio/common_voice_sw_30667212.wav	umaarufu wa filamu hiyo ulichangiwa na ushiriki wa mastaa 	0
/scratch/skscla001/experiments/datasets/swagen/audio/common_voice_sw_30527299.wav	tembo hana uwezo mkubwa wa kutambua vitu kwa kuona 	0
/scratch/skscla001/experiments/datasets/swagen/audio/common_voice_sw_36299579.wav	kuibiwa kura na rais wa sasa alibong onimba 	1
/scratch/skscla001/experiments/datasets/swagen/audio/common_voice_sw_30121766.wav	mwaka elfu moja mia tisa hamsini na mbili alihitimu shahada ya uzamili 	1
/scratch/skscla001/experiments/datasets/swagen/audio/common_voice_sw_29938551.wav	kabla ya kujikita na hispania kuanzia mwaka elfu moja mia tisa hamsini na saba 	1
/scratch/skscla001/experiments/datasets/swagen/audio/common_voice_sw_30021117.wav	mjadala wa nani bora kati ya pele na maradona ufungwe kwa wote kupewa heshima 	1
/scratch/skscla001/experiments/datasets/swagen/audio/common_voice_sw_35587895.wav	rukia ananukia 	0
/scratch/skscla001/experiments/datasets/swagen/audio/common_voice_sw_35108064.wav	viongozi wa kituruki walianza kufanya kazi ya kisasa 	0
/scratch/skscla001/experiments/datasets/swagen/audio/common_voice_sw_28820741.wav	anatokea katika jamii ya watu weusi 	1
/scratch/skscla001/experiments/datasets/swagen/audio/common_voice_sw_29964018.wav	barabara ya lami dar es salaam nairobi inavuka eneo lake 	1
/scratch/skscla001/experiments/datasets/swagen/audio/common_voice_sw_36644386.wav	mti wa mabuyu 	0
/scratch/skscla001/experiments/datasets/swagen/audio/common_voice_sw_29924359.wav	virusi husababisha ini kusinyaa na kushindwa kufanya kazi vyema 	0
/scratch/skscla001/experiments/datasets/swagen/audio/common_voice_sw_36386234.wav	sheria mwafaka zipitishwe ili kampuni hizi ziwajibike 	1
/scratch/skscla001/experiments/datasets/swagen/audio/common_voice_sw_34980730.wav	ili kutoa msukumo zaidi kwa korea kaskazini 	0
/scratch/skscla001/experiments/datasets/swagen/audio/common_voice_sw_30435602.wav	kuupinga utawala wa kifalm hadharani osama alivuliwa 	0
/scratch/skscla001/experiments/datasets/swagen/audio/common_voice_sw_34746678.wav	hamsini wakati wanawake wamasai wengi hukusanyika pamoja wao huimba na kucheza kati yao wenyewe 	0
/scratch/skscla001/experiments/datasets/swagen/audio/common_voice_sw_30574587.wav	alipoandaa mkutano mkubwa wa chama chake uliozibadili 	1
/scratch/skscla001/experiments/datasets/swagen/audio/common_voice_sw_29790771.wav	hii ni kwa sababu misitu inatusaidia kwa utalii na tunaweza kupata mvua kwa wingi 	0
/scratch/skscla001/experiments/datasets/swagen/audio/common_voice_sw_30024610.wav	kuanzia ujio wa waarabu hadi utawala wa kikoloni 	0
/scratch/skscla001/experiments/datasets/swagen/audio/common_voice_sw_28582430.wav	na nyumba ilikuwa na wahudumu wengi kupita kiasi 	1
/scratch/skscla001/experiments/datasets/swagen/audio/common_voice_sw_35177057.wav	mifumo ya kutoa makafara na ya upatanisho yaliagizwa ili kuwapatanisha wavunjaji wa amri kumi 	0
/scratch/skscla001/experiments/datasets/swagen/audio/common_voice_sw_34745163.wav	kwa kumuondoa mark voramama wameongeza wameeleza kuwa 	0
/scratch/skscla001/experiments/datasets/swagen/audio/common_voice_sw_30075021.wav	pia mambo kama vile maji safi na hewa huhitajika katika afya ya mwanadam 	0
/scratch/skscla001/experiments/datasets/swagen/audio/common_voice_sw_31285592.wav	ushindi huo ni kieelezo cha dhamira thabiti ya halmashauri 	0
/scratch/skscla001/experiments/datasets/swagen/audio/common_voice_sw_31797683.wav	lakini tunashindwa kutambua ule uwezo uliopo ndani mwetu 	1
/scratch/skscla001/experiments/datasets/swagen/audio/common_voice_sw_37223162.wav	alichukua nafasi ya john mongella ambaye amehamishiwa simiyu 	0
/scratch/skscla001/experiments/datasets/swagen/audio/common_voice_sw_36945265.wav	kukuletea makala haya ni mimi mtayarishaji na mtangazaji wako 	1
/scratch/skscla001/experiments/datasets/swagen/audio/common_voice_sw_29879315.wav	wachezaji wengi wakubwa kutoka barani ulaya walishiriki michuano 	1
/scratch/skscla001/experiments/datasets/swagen/audio/common_voice_sw_30107419.wav	hupelekea wanyama kama nyumbu na pundamilia kutoka na kuenda maeneo mengine kujipatia chakula 	1
/scratch/skscla001/experiments/datasets/swagen/audio/common_voice_sw_30342504.wav	huku watu wengi wakiendelea kuamini kuwa idi amin ndiye mhusika mkuu kwa mauaji 	1
/scratch/skscla001/experiments/datasets/swagen/audio/common_voice_sw_30326787.wav	gwiji wa uholanzi ndiye aliyeanzisha stahili hii 	0
/scratch/skscla001/experiments/datasets/swagen/audio/common_voice_sw_37224092.wav	muswada huo kwamba ni unalingana na 	0
/scratch/skscla001/experiments/datasets/swagen/audio/common_voice_sw_29797711.wav	mataifa mengi ulimwenguni hayana amani kama tanzania 	0
/scratch/skscla001/experiments/datasets/swagen/audio/common_voice_sw_29923675.wav	watu wenye uhitaji ndio wanaofanya mambo ya kushangaza katika jamii 	0
/scratch/skscla001/experiments/datasets/swagen/audio/common_voice_sw_34991421.wav	mbaya zaidi ni kule kuamini kwao kwamba hilo linawezekana tu 	0
/scratch/skscla001/experiments/datasets/swagen/audio/common_voice_sw_36644619.wav	wanaomchukulia kuwa bora zaidi akilinganishwa na mchezaji pele wa brazil 	0
/scratch/skscla001/experiments/datasets/swagen/audio/common_voice_sw_28927238.wav	alipata digrii ya mawasiliano kutoka chuo kikuu cha florida university of south florida 	0
/scratch/skscla001/experiments/datasets/swagen/audio/common_voice_sw_34834482.wav	aina ya kuchukua hatamu kwa samia kumekuja kwa mara ya kwanza nchini tanzania 	0
/scratch/skscla001/experiments/datasets/swagen/audio/common_voice_sw_29115705.wav	kipaji kinaweza kuwa cha kimwili au cha kiakili 	1
/scratch/skscla001/experiments/datasets/swagen/audio/common_voice_sw_29796075.wav	ukeketaji nchini kenya unatekelezwa kwa asilimia thelathini na nane 	1
/scratch/skscla001/experiments/datasets/swagen/audio/common_voice_sw_29945757.wav	kesi za jinai ni kesi za jamhuri ya muungano wa tanzania 	1
/scratch/skscla001/experiments/datasets/swagen/audio/common_voice_sw_37089142.wav	na uholanzi baadaye mnamo mwaka mia mbili na tatu b k aliishi mama 	0
/scratch/skscla001/experiments/datasets/swagen/audio/common_voice_sw_30570110.wav	tukio hili huwavutia sana wapigaji picha za sinema 	0
/scratch/skscla001/experiments/datasets/swagen/audio/common_voice_sw_35155083.wav	kufuatana na afisa wa mtandao huo misukosuko inaendelea kuwakumba watetezi wa haki za binadamu 	0
/scratch/skscla001/experiments/datasets/swagen/audio/common_voice_sw_36013838.wav	akaniambia ni pige zain kwenye website ya tume 	1
/scratch/skscla001/experiments/datasets/swagen/audio/common_voice_sw_30421123.wav	nahodha wa ghana asamoah gyan alikosa mkwaju wa penati 	0
/scratch/skscla001/experiments/datasets/swagen/audio/common_voice_sw_37088387.wav	huenda kutembelea kuogelea na kutazama jua likizama kwenye fukwe ya bahari ya hindi 	1
/scratch/skscla001/experiments/datasets/swagen/audio/common_voice_sw_36013936.wav	kesi ya kwanza ilimhusisha jean paul akayesu 	1
/scratch/skscla001/experiments/datasets/swagen/audio/common_voice_sw_28725324.wav	katika taifa hilo watu wote wanapaswa kuingia bila ya ubaguzi ili wawe kitu kimoja 	1
/scratch/skscla001/experiments/datasets/swagen/audio/common_voice_sw_30004884.wav	muelekeo wa kukomesha utumwa ambao ulikuwa ukiendeshwa 	0
/scratch/skscla001/experiments/datasets/swagen/audio/common_voice_sw_30114433.wav	mandela alizaliwa katika mji mdogo wa transkei 	1
/scratch/skscla001/experiments/datasets/swagen/audio/common_voice_sw_30193884.wav	huku kilio miongoni mwa wananchi wadau na wanasiasa ndani na nje ya bunge 	0
/scratch/skscla001/experiments/datasets/swagen/audio/common_voice_sw_36381301.wav	wasimulizi na waandishi wa fasihi huhitaji kuwa na ukwasi wa lugha 	1
/scratch/skscla001/experiments/datasets/swagen/audio/common_voice_sw_31787697.wav	kila nchi ilyopo katika bara la afrika ina dhahabu katika ardhi yake 	0
/scratch/skscla001/experiments/datasets/swagen/audio/common_voice_sw_35106211.wav	sipendi mtu mfupi 	0
/scratch/skscla001/experiments/datasets/swagen/audio/common_voice_sw_28704588.wav	aliwahi kucheza timu ya taifa ya uswisi 	0
/scratch/skscla001/experiments/datasets/swagen/audio/common_voice_sw_29796560.wav	vadongwe wao waliishi kando ya milima ya uhambingeto 	1
/scratch/skscla001/experiments/datasets/swagen/audio/common_voice_sw_29789084.wav	mbuni ana shingo yenye urefu wa mita moja nukta nane 	1
/scratch/skscla001/experiments/datasets/swagen/audio/common_voice_sw_30026484.wav	msimu uliopita jose mourinho alifukuzwa tottenham 	1
/scratch/skscla001/experiments/datasets/swagen/audio/common_voice_sw_29789310.wav	tunaona kwamba mtemi huyu wa kabila la wangindo aliamini 	0
/scratch/skscla001/experiments/datasets/swagen/audio/common_voice_sw_28584677.wav	tangu kale anaheshimiwa na kanisa katoliki kama mtakatifu 	0
/scratch/skscla001/experiments/datasets/swagen/audio/common_voice_sw_30385728.wav	mkwavinyika munyigumba alikuwa chifu na kiongozi mkuu wa wahehe 	1
/scratch/skscla001/experiments/datasets/swagen/audio/common_voice_sw_34924727.wav	mto hufuata mwendo wake kwa mtelemko 	0
/scratch/skscla001/experiments/datasets/swagen/audio/common_voice_sw_30005215.wav	umoja ni nguvu utengano ni udhaifu 	0
/scratch/skscla001/experiments/datasets/swagen/audio/common_voice_sw_36367329.wav	kuondoa nje ya nchi hiyo raia wa uingereza 	1
/scratch/skscla001/experiments/datasets/swagen/audio/common_voice_sw_36330702.wav	ubarikiwe baba 	1
/scratch/skscla001/experiments/datasets/swagen/audio/common_voice_sw_36381530.wav	wa mkoa wa kilimanjaro huongoza kwa utapiamlo sababu kubwa ni wazazi kujali kazi kuliko 	1
/scratch/skscla001/experiments/datasets/swagen/audio/common_voice_sw_30036040.wav	mataifa mengi ya afrika yanapambana kwa nguvu zote kulinda hifadhi hizo 	0
/scratch/skscla001/experiments/datasets/swagen/audio/common_voice_sw_29595853.wav	maambukizi ya kibofu ni ya kawaida sana katika familia nyingine 	0
/scratch/skscla001/experiments/datasets/swagen/audio/common_voice_sw_29291954.wav	ni kundi kubwa la burudani studio ya filamu na studio ya rekodi 	1
/scratch/skscla001/experiments/datasets/swagen/audio/common_voice_sw_29937892.wav	wachezaji wote wawili ni bora sana duniani 	1
/scratch/skscla001/experiments/datasets/swagen/audio/common_voice_sw_30327191.wav	kutokana na sheria ya mambo ya kale ya mwaka huo 	1
/scratch/skscla001/experiments/datasets/swagen/audio/common_voice_sw_37089612.wav	hiyo ilitokana na wajerumani walioingia kama marafikina kubadilika kuwa makatiili 	1
/scratch/skscla001/experiments/datasets/swagen/audio/common_voice_sw_31446685.wav	vyombo rasmi vya habari vya uganda vilitangaza kutwaliwa kwa eneo la kagera 	0
/scratch/skscla001/experiments/datasets/swagen/audio/common_voice_sw_29925027.wav	alishinda kwa tiketi ya chama cha mapinduzi 	0
/scratch/skscla001/experiments/datasets/swagen/audio/common_voice_sw_30515380.wav	nimeamua kuandika makala hii ili wengi waweze kutambua 	1
/scratch/skscla001/experiments/datasets/swagen/audio/common_voice_sw_29747840.wav	shabaha ya safari hizi ni upelelezi na utafiti wa kisayansi 	0
/scratch/skscla001/experiments/datasets/swagen/audio/common_voice_sw_30522815.wav	angel di maria ni nyota hatari kutoka nchini argentina 	0
/scratch/skscla001/experiments/datasets/swagen/audio/common_voice_sw_29725186.wav	hasa anajulikana kwa kugundua penisilini 	1
/scratch/skscla001/experiments/datasets/swagen/audio/common_voice_sw_30007254.wav	tena wanasikitikia jinsi alivyohamasisha watawala kukomesha wakulima 	1
/scratch/skscla001/experiments/datasets/swagen/audio/common_voice_sw_36042880.wav	husababisha mtu kupata ugumu kupata haja ndogo 	1
/scratch/skscla001/experiments/datasets/swagen/audio/common_voice_sw_36382059.wav	hakujua kama baba yake jabir alikuwa ni mwanajeshi na picha nyingine alikuwa jabir 	1
/scratch/skscla001/experiments/datasets/swagen/audio/common_voice_sw_35099289.wav	ghana na mmoja wa viongozi wenye nia ya kujenga muungano wa afrika tena mchochezi 	0
/scratch/skscla001/experiments/datasets/swagen/audio/common_voice_sw_28583181.wav	uhusiano huo unaweza kuwa katika tabia hali au mazingira fulani 	1
/scratch/skscla001/experiments/datasets/swagen/audio/common_voice_sw_34942119.wav	mpito wa ubora wa hewa inayotumika sana katika miji mingi ya nchi 	0
/scratch/skscla001/experiments/datasets/swagen/audio/common_voice_sw_30671089.wav	iko tanzania katika mkoa wa katavi zamani rukwa 	1
/scratch/skscla001/experiments/datasets/swagen/audio/common_voice_sw_34598249.wav	watu wenye mamlaka walikusudia kuangamiza kundi 	0
/scratch/skscla001/experiments/datasets/swagen/audio/common_voice_sw_37086968.wav	unafikiri hilo la kuongeza thamani china itakubali ama 	0
/scratch/skscla001/experiments/datasets/swagen/audio/common_voice_sw_30052772.wav	iliungana na tanganyika na kuunda jamhuri ya muungano wa tanzania 	0
/scratch/skscla001/experiments/datasets/swagen/audio/common_voice_sw_35683126.wav	wao ni wengi mno 	1
/scratch/skscla001/experiments/datasets/swagen/audio/common_voice_sw_29943373.wav	kwa sababu vinatumia mafuta mengi ya kutoka viwandani 	1
/scratch/skscla001/experiments/datasets/swagen/audio/common_voice_sw_30070909.wav	hakika ni maajabu ya kujifunza na kufurahia kwa watalii 	0
/scratch/skscla001/experiments/datasets/swagen/audio/common_voice_sw_28802772.wav	macho yako wazi kiasi kwa kuangalia chini lakini bila kutazama kitu 	0
/scratch/skscla001/experiments/datasets/swagen/audio/common_voice_sw_37097304.wav	walihitimisha kwamba blob licha ya kukosa neva anaweza kujifunza kutokana na uzoefu na kubadilisha 	1
/scratch/skscla001/experiments/datasets/swagen/audio/common_voice_sw_35106049.wav	katika hotuba yake aliyoitowa jumapili baada ya kuapishwa chakwera aliahidi kwamba serikali yake itakuwa 	0
/scratch/skscla001/experiments/datasets/swagen/audio/common_voice_sw_29268771.wav	alikuwa nabii kuliko mwandishi wa historia 	0
/scratch/skscla001/experiments/datasets/swagen/audio/common_voice_sw_30638486.wav	inasemekana walikuwa huko taveta kaskazini nchini kenya 	1
/scratch/skscla001/experiments/datasets/swagen/audio/common_voice_sw_29799471.wav	vita hivyo vilitanguliwa na kuzorota kwa uhusiano kati ya uganda na tanzania 	0
/scratch/skscla001/experiments/datasets/swagen/audio/common_voice_sw_30189203.wav	na kupandishwa kwa bendera bendera ya utawala wa tanganyika wakati huo 	0
/scratch/skscla001/experiments/datasets/swagen/audio/common_voice_sw_30017664.wav	ni muhimu kuongeza ujazo wa fedha katika mzunguko kiuchumi 	0
/scratch/skscla001/experiments/datasets/swagen/audio/common_voice_sw_29936928.wav	wasichana husimama mbele ya wanaume na kusokota miili huku wakiimba 	1
/scratch/skscla001/experiments/datasets/swagen/audio/common_voice_sw_32097720.wav	mpewa sumu hakufa ufie mwenye kupika 	0
/scratch/skscla001/experiments/datasets/swagen/audio/common_voice_sw_35103652.wav	alipofikisha umri wa kwenda shule seif aliandikishwa katika shule ya uondwe 	0
/scratch/skscla001/experiments/datasets/swagen/audio/common_voice_sw_29790101.wav	wanaripotiwa kurejea tanzania mapema kuliko ilivyo kawaida yao 	0
/scratch/skscla001/experiments/datasets/swagen/audio/common_voice_sw_35180778.wav	mtoto wake ameng ara sana 	0
/scratch/skscla001/experiments/datasets/swagen/audio/common_voice_sw_29623344.wav	jina hilo linatokana na neno la kwanza la wimbo huo katika tafsiri ya kilatini 	1
/scratch/skscla001/experiments/datasets/swagen/audio/common_voice_sw_29898089.wav	ghana ilifungwa bao moja kwa sifuri kwenye fainali 	1
/scratch/skscla001/experiments/datasets/swagen/audio/common_voice_sw_30659531.wav	mtoto hatuwezi kuacha kuzungumzia afya ya mama 	0
/scratch/skscla001/experiments/datasets/swagen/audio/common_voice_sw_30144247.wav	ununuzi wa rada kwa ajili ya matumizi ya kijeshi kwa kiasi cha mamilioni 	1
/scratch/skscla001/experiments/datasets/swagen/audio/common_voice_sw_30307682.wav	halmashauri ya jiji inaundwa na baraza la madiwani 	0
/scratch/skscla001/experiments/datasets/swagen/audio/common_voice_sw_34763466.wav	ka la ndege la kuntas la australia limeahirisha safari za ndege 	1
/scratch/skscla001/experiments/datasets/swagen/audio/common_voice_sw_29937796.wav	nyumba inajengwa ambayo wavulana wataenda kucheza na kufanya mila kadhaa 	1
/scratch/skscla001/experiments/datasets/swagen/audio/common_voice_sw_30107795.wav	kabla ya kuingia tanganyika na kujikuta yupo usagara 	1
/scratch/skscla001/experiments/datasets/swagen/audio/common_voice_sw_29795834.wav	amin aliamini kuwa yeye ndiye mkuu wa majeshi yote ya uganda 	1
/scratch/skscla001/experiments/datasets/swagen/audio/common_voice_sw_30514862.wav	wajita wengi wanaozungumza lahaja ya kikwaya ni wakatoliki 	1
/scratch/skscla001/experiments/datasets/swagen/audio/common_voice_sw_37226242.wav	walanguzi kuhatarisha maisha ya watoto walemavu 	1
/scratch/skscla001/experiments/datasets/swagen/audio/common_voice_sw_29642753.wav	kila aina ina faida na hasara yake 	0
/scratch/skscla001/experiments/datasets/swagen/audio/common_voice_sw_29924751.wav	ingawa hakuna idadi kamili ya watu waliouliwa wakati wa utawala wa idi amin 	0
/scratch/skscla001/experiments/datasets/swagen/audio/common_voice_sw_28962051.wav	kuna shule za msingi tano moja kwa kila kijiji 	0
/scratch/skscla001/experiments/datasets/swagen/audio/common_voice_sw_28663338.wav	miaka hii ya mwanzoni alikuwa na washirika wenzake katika kazi 	1
/scratch/skscla001/experiments/datasets/swagen/audio/common_voice_sw_35102793.wav	kujitangaza emir wa najd hapo alivamia ufalme wa hijaz 	0
/scratch/skscla001/experiments/datasets/swagen/audio/common_voice_sw_30197488.wav	milima mitatu inaonekana kama vilele vitatu vya mlima mmoja 	0
/scratch/skscla001/experiments/datasets/swagen/audio/common_voice_sw_29791513.wav	mtu mwingine akivuta hewa yenye matone haya anaweza kuambukizwa tauni inayosababisha nyumonia 	0
/scratch/skscla001/experiments/datasets/swagen/audio/common_voice_sw_35222494.wav	wachambuzi wa siasa wanasema mzozo huo ni ishara 	0
/scratch/skscla001/experiments/datasets/swagen/audio/common_voice_sw_30647801.wav	pia zipo karanga na alizeti bila kusahau ndizi na korosho 	1
/scratch/skscla001/experiments/datasets/swagen/audio/common_voice_sw_30024379.wav	wadigo na wadoe wapo pia wafipa na wagogo 	1
/scratch/skscla001/experiments/datasets/swagen/audio/common_voice_sw_29977796.wav	hata hivyo wanauchumi maarufu wa uchumi uliotanda kama vile keynes na joskow 	1
/scratch/skscla001/experiments/datasets/swagen/audio/common_voice_sw_29811527.wav	uchaguzi wa vyama vingi vya kisiasa desemba mwaka elfumoja miatisa tisini na mbili 	0
/scratch/skscla001/experiments/datasets/swagen/audio/common_voice_sw_28584582.wav	anaheshimiwa kama mtakatifu na wakristo waorthodoksi wa mashariki waorthodoksi na wakatoliki 	0
/scratch/skscla001/experiments/datasets/swagen/audio/common_voice_sw_34597081.wav	rais wa tanzania ana wizara tatu ambazo zinajulikana 	0
/scratch/skscla001/experiments/datasets/swagen/audio/common_voice_sw_30141612.wav	waandamanaji walimuua askari mmoja na kuchoma moto kituo cha polisi 	1
/scratch/skscla001/experiments/datasets/swagen/audio/common_voice_sw_35181902.wav	sana kwa sababu kilimo chao ni cha mazao ya kudumu kama kahawa na ndizi 	0
/scratch/skscla001/experiments/datasets/swagen/audio/common_voice_sw_34765597.wav	juu ya kile ambacho kimechangia kukamatwa 	1
