sentence	gender	duration	audio
mvua kubwa ilichangia ukuaji mkubwa wa majani 	female_feminine	5.1555	common_voice_sw_30182312.wav
nchi ilikuwa inaongozwa na gavana ambaye alikuwa mwakilishi wa malkia 	male_masculine	5.4075	common_voice_sw_30450714.wav
ilijengwa kati ya mwaka elfu moja mia tisa na sabini 	male_masculine	4.9035	common_voice_sw_30671505.wav
mwaka elfu mbili na tano kitulo likatangazwa kuwa hifadhi ya taifa 	male_masculine	7.3155	common_voice_sw_30577568.wav
fursa nyingine ni uvuvi wa bahari kuu ufugaji samaki na mazao ya bahari 	male_masculine	7.4955	common_voice_sw_34750536.wav
operesheni hiyo ilipewa jina operation neptune spear 	female_feminine	4.0755	common_voice_sw_31285078.wav
kutoka morogoro kuna njia nyingine ya lami hadi dodoma 	male_masculine	5.6595	common_voice_sw_29509818.wav
kitu kipya leo imba kwa shangwe wewe uliye tasa 	male_masculine	5.0475	common_voice_sw_37084330.wav
wamekuwa wakidhani kwamba mkoa huo una kabila moja tu wakurya 	male_masculine	7.2075	common_voice_sw_36944892.wav
imeshavutia mamia kwa maelfu ya wageni kuitembelea huku ikisubiri kufunguliwa rasmi 	male_masculine	5.6235	common_voice_sw_30019852.wav
na kuchapa kazi na pia kusimamia vyema nyumba yake 	male_masculine	5.2635	common_voice_sw_29902475.wav
inaendelea kupokea ruaha mdogo na mto kisigo 	male_masculine	4.3995	common_voice_sw_30233705.wav
party walipewa nafasi serikalini kufikia machi okello 	male_masculine	5.2275	common_voice_sw_30635647.wav
hatuwezi kusema tuna usawa wakati haki zetu hazizingztiwi 	female_feminine	8.1075	common_voice_sw_29789644.wav
mzee ferguson alikaa miaka ishirini na sita manchester united 	male_masculine	6.3075	common_voice_sw_29796289.wav
hapo wanawake huwa hawaruhusiwi kuingia kuona ila wanaume tu 	female_feminine	6.4875	common_voice_sw_30526919.wav
ni tasnia inayoonekana kusaidia ukuaji wa uchumi kupitia sekta ya utalii 	male_masculine	6.7755	common_voice_sw_37091804.wav
williams anaishi texas akiwa na mkewe pamoja na binti yao 	male_masculine	4.6155	common_voice_sw_29001945.wav
vilevile malengo mengine yalikuwa ni katika kulinda 	female_feminine	4.2555	common_voice_sw_30364097.wav
kiasi cha barafu juu ya mlima ni kidogo sana kuliko kiasi cha maji 	male_masculine	5.6235	common_voice_sw_29936854.wav
kama walimwona msichana mrembo watamtafuta ndugu yao ambaye watamtaka 	male_masculine	6.7755	common_voice_sw_29789388.wav
karibu sana kijana wangu alisema mzee makame kwa uchangamfu 	female_feminine	5.0475	common_voice_sw_37215908.wav
tangu wakati huo mji umendelea kupata umaarufu hadi sasa 	male_masculine	5.6235	common_voice_sw_30180281.wav
kutokana na ukuaji wa sayansi na technolojia katika nchi yetu ya tanzania 	female_feminine	5.8035	common_voice_sw_30220047.wav
nikutakie kila la heri katika siku hii ya leo 	male_masculine	1.9875	common_voice_sw_37225464.wav
wiki ni nyanja za utafiti mwingi 	male_masculine	4.8675	common_voice_sw_29728304.wav
inatakiwa kujiamini kwamba ulemavu sio kikwazo cha kufanya kitu ambacho unakipenda 	male_masculine	7.6395	common_voice_sw_30574832.wav
wa kawaida naweza kufikisha ujumbe kwa jamii kupitia wimbo nikawaelezea hali yangu 	male_masculine	7.4235	common_voice_sw_36299930.wav
nairobi nchini kenya karibu na mpaka wa uganda 	male_masculine	3.8235	common_voice_sw_29795364.wav
mnamo elfu mbili na nne migahawa miwili ya kwanza ya mtandao ilifunguliwa 	male_masculine	5.3355	common_voice_sw_30025433.wav
kutumia mawasiliano hayo yaliyokuwepo tayari watu wa mediteraneo 	male_masculine	5.1555	common_voice_sw_36382163.wav
gera redio ufaransa kwa habari zisioengemea upande wowote huyu ni taib abdala kwambasora 	male_masculine	7.3155	common_voice_sw_35108087.wav
wakati naanza nilikuwa upande wa habari pekee 	male_masculine	4.3275	common_voice_sw_29942124.wav
lupembe alieleza ndege hupendelea kuogelea pamoja 	female_feminine	5.02765625	common_voice_sw_31808930.wav
mchezo wa soka unafuatiliwa sana na watu wengi ulimwenguni 	female_feminine	4.7235	common_voice_sw_30381662.wav
zugu alijitahidi kukabiliana na maji ili amtoe jacob 	male_masculine	6.1995	common_voice_sw_37092628.wav
ambavyo watu wanaweza kuweka nyumbani mwao 	female_feminine	3.8955	common_voice_sw_34835986.wav
adolf hilter aliweza kuwa mwanajeshi wa kawaida 	male_masculine	4.6155	common_voice_sw_30145858.wav
sheria hizi za muungano zilithibitisha hati za muungano 	male_masculine	4.2555	common_voice_sw_29995193.wav
walijadiliana kuhusu ushirikiano wa kimkakati kati ya marekani na kenya kuhamasisha amani na usalama 	female_feminine	7.7835	common_voice_sw_37329863.wav
chanzo cha madrid ni katika zamani za waroma katika hispania 	male_masculine	5.5155	common_voice_sw_29023214.wav
huku watu wengi wakiendelea kuamini kuwa idi amin ndiye mhusika mkuu kwa mauaji 	male_masculine	7.3875	common_voice_sw_30342504.wav
arat ni mwezi wa uhaba ambapo mvua zinanyesha kidogo husababisha mabwawa kukauka 	female_feminine	6.7755	common_voice_sw_36617544.wav
twelipofika twenngoja mwalimu 	male_masculine	3.2475	common_voice_sw_32323955.wav
watu wa sudani ya kusini walihamia uganda 	female_feminine	3.6435	common_voice_sw_30653970.wav
mji wa mto wa mbu ni maarufu kwa shughuli za kiutalii 	female_feminine	5.8755	common_voice_sw_30176377.wav
wengi wanamkata blob vipande waweze kumbeba 	male_masculine	4.3635	common_voice_sw_30025864.wav
baadhi ni ngumu kama almasi 	male_masculine	2.7435	common_voice_sw_29001963.wav
dhoruba ilikuwa kimbunga ya kaskazini ya kitropiki 	male_masculine	4.1475	common_voice_sw_30182446.wav
ndege nyeupe huonekana vizuri zikiwa angani hivyo kuongeza usalama wa ndege 	male_masculine	9.2955	common_voice_sw_31409809.wav
kama unataka kukariri shairi njoo 	female_feminine	3.5355	common_voice_sw_37089141.wav
kinaeleza kisa cha wadigo vizuri tu kutoka huko walipotoka mpaka kuwapo kenya na tanzania 	female_feminine	6.5235	common_voice_sw_30653764.wav
na kuteketeza nyumba hamsini tisa kwa siku ya pili sasa 	male_masculine	3.7155	common_voice_sw_36390353.wav
matumizi ya vidonge vya uzazi wa majira lilikuwa kosa kubwa 	female_feminine	4.9755	common_voice_sw_30035202.wav
wananchi watapata huduma ya umeme kwa wingi majumbani mwao 	female_feminine	5.9475	common_voice_sw_30220481.wav
alianza kufanya mikataba na watawala wenyeji katika maeneo ya usagara nguru useguha na ukami 	male_masculine	7.6755	common_voice_sw_30225322.wav
soka la china linahitaji mwalimu kama pep guardiola 	male_masculine	4.3275	common_voice_sw_29898552.wav
jiji la dar es salaam lilikua haraka na kumeza vijiji vingi vya wazaramo 	male_masculine	6.4875	common_voice_sw_29915168.wav
mjadala wa nani bora kati ya pele na maradona ufungwe kwa wote kupewa heshima 	male_masculine	6.3075	common_voice_sw_30021117.wav
likiwa kilomita za mraba laki tisa arobaini na tano elfu na themanini na saba 	male_masculine	7.2075	common_voice_sw_30182176.wav
baadhi ya mbuni wana rangi tofauti 	female_feminine	4.9035	common_voice_sw_30566728.wav
viongozi wa mataifa mia moja tisini na nne wanakutana jijini kangkon 	male_masculine	8.6475	common_voice_sw_35756762.wav
karagwe kwenye njia kuu ya biashara ya kimataifa na kupunguza umaarufu wake 	male_masculine	6.9555	common_voice_sw_36617434.wav
mabaharia wa mali walikanyaga aridhi miaka ya mia moja na themanini na moja 	male_masculine	7.3155	common_voice_sw_29978863.wav
kama silaha imetoka kwa nani kwa hivyo ni zoezi muhimu sana 	female_feminine	5.6955	common_voice_sw_34979551.wav
hivyo habari hizi bado zinafanyiwa utafiti kuangalia muingiliano wa lugha 	male_masculine	5.6955	common_voice_sw_29997770.wav
real madrid ilishinda mabao manne kwa moja dhidi ya atletico madrid 	male_masculine	5.9835	common_voice_sw_29787801.wav
kwa hiyo ni shughuli ya vizazi na vizazi mpaka leo hii 	male_masculine	3.6075	common_voice_sw_30026681.wav
maboga hushikilia maziwa ambayo hutolewa kwa wageni 	male_masculine	4.5435	common_voice_sw_29996657.wav
imani inaweza kukua kwa upana na kwa dhati au nguvu 	female_feminine	7.1355	common_voice_sw_29702320.wav
hii inafanya kilele chake kuwa mita elfu tano mia nane tisini na tano 	male_masculine	5.0835	common_voice_sw_29963961.wav
mheshimiwa samia suluhu hassan alipata elimu ya msingi katika shule mbalimbali 	male_masculine	7.2435	common_voice_sw_29936176.wav
kwa maana ya watu wanaotoka katika kijiji cha 	male_masculine	3.7155	common_voice_sw_30025689.wav
awali vikosi vya tanzania na washirika wake viliukamata mji huo 	male_masculine	6.0555	common_voice_sw_29995820.wav
ili kuifanya bandari hii kuwa moja ya bandari muhimu barani afrika 	male_masculine	6.0195	common_voice_sw_30364201.wav
mitindo ya kucheza lugha makazi umoja na mshikamano ni vivutio kwa watalii kutoka nje 	female_feminine	6.9555	common_voice_sw_30623563.wav
kitabu cha mwanzo kina sura hamsini 	female_feminine	3.4635	common_voice_sw_28874841.wav
ambayo imepokea fedha za kigeni shirika la utalii 	female_feminine	5.2275	common_voice_sw_30034495.wav
kuna baadhi ya koo katika wajita zinaheshimu sana chura 	female_feminine	6.1635	common_voice_sw_29811313.wav
shirika kama royal niger company zilipata maeneo 	male_masculine	2.8875	common_voice_sw_37223773.wav
ningependa kuelezea masikitiko yangu kwa kumpoteza kijana wa afrika 	female_feminine	6.89965625	common_voice_sw_30003841.wav
hatuhesabiwi haki tukiacha mabaya na kujaribu kutenda mema 	female_feminine	6.79165625	common_voice_sw_30122078.wav
ya kutembelea hifadhi kubwa kama tatu nakupewa 	male_masculine	3.9675	common_voice_sw_30021420.wav
katika bara la afrika ipo kenya na ethipia pamoja na zimbabwe 	female_feminine	6.1275	common_voice_sw_29923866.wav
kwa kiasi cha asilimia ishirini aliweza kugundua aina nadra sana ya bakteria 	male_masculine	6.7035	common_voice_sw_30021362.wav
hata wakati wa vita vyake dhidi ya wajerumani mkwawa aliwaheshimu wageni wake hawa 	male_masculine	7.4955	common_voice_sw_30144395.wav
sehemu hiyo inadumisha utalii wa kihistoria ndani ya tanzania 	male_masculine	5.9835	common_voice_sw_29895682.wav
kaka yangu amesafiri 	female_feminine	2.0235	common_voice_sw_35279241.wav
ya chakula cha jioni bila mapema kuliko 	male_masculine	3.7155	common_voice_sw_36375144.wav
bora zaidi kwa mgonjwa wa kisukari aina ya kwanza kuliko vile vyenye nyuzinyuzi chache 	male_masculine	8.1435	common_voice_sw_30090717.wav
ambapo kwa wakati huo alizaliwa katika eneo hilo 	male_masculine	4.2555	common_voice_sw_37097102.wav
wake mwenye fadhila ambaye atamtunuku haki yake naye mnyenyekevu 	male_masculine	4.5435	common_voice_sw_37101778.wav
ukiachana na changamoto ya vumbi bado hakukuwa na madaraja 	male_masculine	5.0835	common_voice_sw_30582863.wav
liemba itakuwa inatimiza miaka mia moja kamili tangu ianze kuelea kwenye ziwa tanganyika 	male_masculine	8.6475	common_voice_sw_30631315.wav
mume kutokuja hospitalini siku mbili 	female_feminine	4.4355	common_voice_sw_35183427.wav
hivyo kondomu huwa haifuniki sehemu yote ya siri ambayo hukutana wakati wa kufanya ngono 	male_masculine	8.4675	common_voice_sw_30180215.wav
milima ya mbarika na milima ya mbeya 	male_masculine	5.1555	common_voice_sw_30144116.wav
mwezi wa tatu na ule mwezi wa tano na msimu mfupi 	male_masculine	4.9755	common_voice_sw_30631097.wav
kitabu kilikuwa kama bomu kati ya watu wa sayansi na wa dini 	male_masculine	6.1275	common_voice_sw_28695873.wav
mbuni dume anatumia mbawa zake kumvutia jike 	male_masculine	7.0275	common_voice_sw_31472857.wav
ameonekana katika filamu nyingi za marekani 	female_feminine	3.6435	common_voice_sw_29476762.wav
ipo mipaka ya ardhini kwa maana ya nchi kavu 	male_masculine	5.0835	common_voice_sw_29887539.wav
wanafunzi wa kwanza walianza kozi zao januari ya mwaka ya mwaka huo 	female_feminine	6.3075	common_voice_sw_29677966.wav
watangazaji wawili redioni wanaweza kujadili mada nzuri 	male_masculine	4.5075	common_voice_sw_37229933.wav
lakini mufwimi akaogopa kwa kuona amefanya kosa kubwa 	male_masculine	7.0275	common_voice_sw_29788893.wav
majeshi ya baba yake hayatoshindwa 	male_masculine	6.3075	common_voice_sw_36040547.wav
simba kupanda miti siyo jambo la kawaida lakini manyara ni kama jadi 	male_masculine	5.1555	common_voice_sw_29981325.wav
baadhi ya wadau hao ni kilimo cha biashara karagwe 	male_masculine	5.3355	common_voice_sw_30365311.wav
akiptwa na mpinzani wake daktari salmin akipata asilimia hamsini nukta mbili nne 	male_masculine	7.7475	common_voice_sw_37094972.wav
hizi ni rangi za bendera ya ethiopia au rangi za umoja wa afrika 	female_feminine	5.9475	common_voice_sw_29589314.wav
nadharia zinaweza kutegemea utafiti wa aina tofautitofauti 	male_masculine	5.8755	common_voice_sw_29696820.wav
meyer alikuwa mtu wa kwanza kufika kwenye kilele cha mlima kilimanjaro 	male_masculine	4.9755	common_voice_sw_29995793.wav
licha ya kuiingizia nchi mapato makubwa pia ni maeneo yenye fursa kubwa 	female_feminine	7.3875	common_voice_sw_30299581.wav
uhusiano kati ya gluteni na viwango mbalimbali vya hisi ni tata 	female_feminine	5.3355	common_voice_sw_29611229.wav
ajira yake ilipatikana katika utawala wa bunge la senati ya ufaransa 	female_feminine	5.3355	common_voice_sw_29235084.wav
la misheni hizo lilikuwa kwamba liliambatana na uenezaji wa kijeshi wa 	male_masculine	6.8475	common_voice_sw_34746480.wav
ya ushirikiano na taasisi hiyo ya umoja 	female_feminine	3.7155	common_voice_sw_34764836.wav
malezi ya jones ilikuwa ngumu 	male_masculine	3.4635	common_voice_sw_28863635.wav
kati ya hao kuna wanaocheza timu za ligi kuu ulaya 	male_masculine	5.9475	common_voice_sw_30180459.wav
waliombukizwa virusi vya homa ya ini wakiwa watoto 	male_masculine	5.5875	common_voice_sw_29789083.wav
alipelekwa masomoni kwenye chuo cha kijeshi huko uchina wakati wa kurudi alipewa cheo cha 	male_masculine	7.3515	common_voice_sw_36385914.wav
mwaka elfu mbili kumi na mbili baada ya kufungua kampuni yake ya kidoti 	male_masculine	6.8835	common_voice_sw_29977790.wav
kufuatia ukosefu wa rasilimali watu yani nguvu kazi ya kibinadamu 	female_feminine	6.8475	common_voice_sw_29924843.wav
wahindi waarabu na wa persia walipagundua zanzibar kwa kupitia upepo mkali wa monsoon 	male_masculine	7.9995	common_voice_sw_36386017.wav
ni wa kwanza kutoka makabila ya waindio 	male_masculine	5.3355	common_voice_sw_28690032.wav
ivory coast ilikuwana kikosi cha dhahabu 	male_masculine	4.6155	common_voice_sw_30634755.wav
sayansi na afya unahitajikalicha ya makubaliano mapana ya 	male_masculine	4.3275	common_voice_sw_37223035.wav
kuvuka kwenda upande mwingine wa barabara kugonga kuni mara tatu 	female_feminine	4.6155	common_voice_sw_36732160.wav
benjamin mkapa alikuwa ni mwanadiplomasia na mwandishi wa habari aliyebobea 	male_masculine	4.8675	common_voice_sw_29943402.wav
dalili hasi ni pamoja na hisia bapa au hafifu 	male_masculine	5.8035	common_voice_sw_28691064.wav
katika wilaya ya mwanga kuna idadi kubwa ya waluteri na waislamu 	male_masculine	5.6955	common_voice_sw_29878166.wav
bairu walikuwa na koo kama mia moja thelathini 	male_masculine	4.4715	common_voice_sw_36386334.wav
wahenga walisema kizuri huwa hakidumu mwenyezi mungu ampumzishe kwa amani maalim self 	female_feminine	7.9635	common_voice_sw_29818047.wav
mji huo ulijipatia umaarufu sana mnamo karne ya kumi na tano 	male_masculine	5.8035	common_voice_sw_34890800.wav
alipata shahada ya uzamili ya maendeleo ya jamii kupitia programu ya pamoja 	male_masculine	5.5155	common_voice_sw_29988403.wav
ardhi ya afrika ina mafuta mengi na ya kutosha kila mahali 	female_feminine	5.2275	common_voice_sw_30053839.wav
maonyesho ya kubainisha fikira za kiuchumi mara nyingi hutumia michoro 	male_masculine	7.1355	common_voice_sw_30256961.wav
majaliwa aliteuliwa kuwa mkuu wa wilaya na kisha akajitosa kwenye siasa za ushindani mwaka 	male_masculine	6.5955	common_voice_sw_36375081.wav
hivi sasa bunge la ubeligiji limeruhusu uchunguzi maalumu kuhusu kifo cha lumumba miaka kadhaa 	female_feminine	5.9835	common_voice_sw_34946669.wav
ulileta matatizo makubwa kwa uchumi na hata njaa kwa 	male_masculine	3.6075	common_voice_sw_36319261.wav
televisheni inaweza kuonyesha picha kutoka sehemu mbalimbali 	male_masculine	5.2635	common_voice_sw_28669464.wav
mahitaji mengine hayahusiana na uagizaji wa bidhaa 	male_masculine	4.2555	common_voice_sw_37229822.wav
ulinzi zaidi uongezwe kuvilinda vivutio vyetu vidumu milele 	male_masculine	5.2275	common_voice_sw_30071738.wav
njiani aliangamiza vijiji alivyokutana navyo 	male_masculine	4.5075	common_voice_sw_30180898.wav
kabila la pili limemezwa na makabila mengine 	female_feminine	3.6075	common_voice_sw_30220643.wav
nasikia kwanuka harufu mbovu sana 	male_masculine	3.6435	common_voice_sw_32211940.wav
kati ya nchi hizo nyingi zilikuwa ni zile zizokuwa magharibi mwa bara la ulaya 	male_masculine	9.2235	common_voice_sw_31321201.wav
manchester united ilitwaa ubingwa wa ulaya kwa kuifunga benfica ya ureno 	male_masculine	5.9475	common_voice_sw_30450852.wav
alipenda viumbe wengine wa porini 	male_masculine	4.3635	common_voice_sw_36067295.wav
alisomea ualimu huko makerere kampala uganda 	male_masculine	3.4635	common_voice_sw_30026005.wav
majuto ni mjukuu gharama ya kutokufanya chochote ili kubadili hali ya watoto 	male_masculine	7.2075	common_voice_sw_30183103.wav
kusitishwa huku haya wakiarifiwa na matamshi kuzidi kushuhudiwa kutokana suala hilo 	male_masculine	7.9635	common_voice_sw_35132607.wav
kati ya miji yao ulikuwa karthago uliopanua utawala wake 	male_masculine	5.8035	common_voice_sw_36375308.wav
ujio wa pep ulizima moto wa borusia dortmund 	male_masculine	4.2555	common_voice_sw_29805618.wav
vile vile mkoa wa kagera upo kusini mwa ikweta 	female_feminine	4.1475	common_voice_sw_30325702.wav
wapo baadhi ya wanafamilia waliomwomba msamaha mama yao 	female_feminine	5.3355	common_voice_sw_30015708.wav
ameweza kujilipia ada 	male_masculine	2.7435	common_voice_sw_32295878.wav
liwasheni taa zenu ili ziwake zote 	female_feminine	3.6435	common_voice_sw_35103839.wav
pengine mabawa ni meusi takriban kabisa 	male_masculine	5.6955	common_voice_sw_28669835.wav
ilikuwa sifuri unaitwa dokta nani naitwa dokta rukia wizara ya afya kitengo cha tiba 	female_feminine	7.7475	common_voice_sw_37092077.wav
kitu kikubwa kinacholeta heshima zaidi katika nchi zote duniani ni uchumi 	male_masculine	6.8835	common_voice_sw_30342720.wav
ni mchezaji wa pili katika historia ya kupiga fainali mbili za kombe la mabingwa 	male_masculine	7.2435	common_voice_sw_29944859.wav
mwili wa nkrumah ukasafirishwa kutoka bucharest romania kuja mjini conakry 	male_masculine	9.1875	common_voice_sw_30323794.wav
uchumi wa kenya utakuwa dola bilioni mia moja kumi na tatu 	male_masculine	4.6875	common_voice_sw_30574763.wav
umarufu huo unatokana na vitu mbalimbali vilivyomo wilayani humo ikiwemo mapango ya kale 	male_masculine	8.3955	common_voice_sw_30577589.wav
maporomoko ya maji milima na mabonde vianpatikana ndani ya kitulo 	male_masculine	6.2355	common_voice_sw_29974204.wav
ameweka alama akiwa na vilabu vya argentinos juniours boca juniours barcelona napoli sevilla 	male_masculine	6.4875	common_voice_sw_36382231.wav
yeye ni mwanamuziki mkongwe zaidi katika kundi la westlife la huko nchini ireland 	male_masculine	6.7755	common_voice_sw_28877904.wav
mfano mfumo maarufu wa nne tano moja unakuwa na mabeki wanne 	male_masculine	7.51165625	common_voice_sw_30633152.wav
kwa sasa wamasai wengi wamekuwa wakristu na kiwango kidogo waislamu 	male_masculine	6.2355	common_voice_sw_29866873.wav
kocha wa timu ya taifa alikuwa mbrazil 	male_masculine	3.87565625	common_voice_sw_30633153.wav
matibabu haya ni ya bei ghali 	male_masculine	2.9955	common_voice_sw_37092364.wav
papa akiwa mgonjwa sana aliendelea na utume wake 	male_masculine	4.0755	common_voice_sw_30379704.wav
benki kuu inatoa ushauri na kuunda sera katika kuhakikisha usalama wa malipo 	female_feminine	6.8835	common_voice_sw_36746519.wav
kutokea dar es salaam hadi mkoani lindi kusini mwa tanzania 	male_masculine	5.6235	common_voice_sw_30201519.wav
wilaya ya same ni moja kati ya wilaya sita za mkoa wa kilimanjaro 	male_masculine	5.0835	common_voice_sw_29936773.wav
majengo mbalimbali ya kale ni ishara ya historia ndefu ya mji huu 	male_masculine	6.9555	common_voice_sw_28681010.wav
wakati huo baba yake alikuwa askari polisi visiwani zanzibar 	male_masculine	6.1635	common_voice_sw_29295841.wav
alikuwa waziri wa afya mambo ya ndani na maliasili 	male_masculine	4.0755	common_voice_sw_30647798.wav
ni hifadhi kubwa inayochukua ukubwa wa kilomita kadhaa 	male_masculine	3.6435	common_voice_sw_29961341.wav
wajerumani wakaanza kumpigia pep kelele 	female_feminine	4.3635	common_voice_sw_30176945.wav
au mabadiliko ya utandawazi yanachangia katika tabia 	male_masculine	5.1555	common_voice_sw_29914941.wav
hilo halina uzito tunachoamini karume alikuwa ni mzalendo 	male_masculine	3.8955	common_voice_sw_29996765.wav
ndiyo maana mzee makame alikufa akiuangalia mlango wa chumbani 	male_masculine	5.3715	common_voice_sw_36385141.wav
mkazi mwengine wa mtaa huo 	male_masculine	3.6075	common_voice_sw_36385707.wav
silaha zote pamoja na ramia ndogo zilizotekwa zilipelekwa iringa kalenga na kuhifadhiwa ghalani 	female_feminine	8.0355	common_voice_sw_34597432.wav
mkwavinyika munyigumba alikuwa chifu na kiongozi mkuu wa wahehe 	male_masculine	8.3235	common_voice_sw_30385728.wav
pia waha ni wavuvi wa samaki katika ziwa tanganyika mto malagarasi na mto rwiche 	male_masculine	6.9555	common_voice_sw_30181644.wav
inayokamilisha jumla ya halamashauri nane za mkoa wa dodoma 	male_masculine	5.2275	common_voice_sw_30671226.wav
wapangwa ni kabila la watu kutoka milima livingstone 	male_masculine	5.0475	common_voice_sw_30635693.wav
baada ya kuondoka kwa wajerumani mkwawa aliweza kurudi na kujenga tena nyumba mahali kalenga 	female_feminine	8.2875	common_voice_sw_35154975.wav
muogeleaji pia alicheza rugby kwa uwezo wa hali ya juu 	male_masculine	7.5675	common_voice_sw_31304381.wav
unga ulioshikamana unajulikana kama ugali na huliwa na maziwa 	male_masculine	5.3355	common_voice_sw_30179978.wav
baadhi ya kabila la wazigula wanapatikana kusini mwa somalia 	male_masculine	6.4875	common_voice_sw_30180376.wav
na aliefanya vile alikuwa na nia ya kuikausha maji 	female_feminine	4.5435	common_voice_sw_34812575.wav
moja miaka halafu iendelea kupanda juu ikielekea kabisa 	male_masculine	8.5035	common_voice_sw_35408230.wav
mfalme wa buganda anatumia cheo cha kabaka 	female_feminine	3.6075	common_voice_sw_29708313.wav
mchanganyiko wa tiba unatumika kupunguza athari za virusi vya corona 	male_masculine	6.1635	common_voice_sw_30180282.wav
kwanza ni ule wa buzwagi mkoani shinyanga nchini tanzania 	female_feminine	8.1435	common_voice_sw_30561810.wav
kisha ukasafirishwa tena mpaka katika uwanja wa gombani pemba na baadae kupelekwa kijijini kwaoa 	female_feminine	6.5955	common_voice_sw_30582592.wav
si hivyo tu wazanzibari watano walipewa uwaziri kamili 	female_feminine	4.3635	common_voice_sw_34943706.wav
uchanguzi mkuu wa nchini thailand unataraji kufanyika 	male_masculine	5.6235	common_voice_sw_37086130.wav
huku wao wakipata njaa kwa sababu ya kutolima mazao ya chakula 	male_masculine	5.9475	common_voice_sw_30148561.wav
pia wilaya za igunga na sikonge bila kusahau tabora na urambo 	male_masculine	6.3435	common_voice_sw_30354920.wav
milioni nane na nne mia tatu hamsini na nane nukta sifuri sifuri 	female_feminine	5.6955	common_voice_sw_35272665.wav
baadhi ya nchi kama vile ujerumani uingereza nakadhalika 	male_masculine	6.3435	common_voice_sw_28682178.wav
halmashauri ya bagamoyo inaundwa na tarafa mbili 	male_masculine	3.1755	common_voice_sw_29994962.wav
hatimae waingereza waliijenga reli hii 	male_masculine	3.8955	common_voice_sw_29796563.wav
pep guardiola alivyoenda ujerumani alianza kubadili mfumo 	male_masculine	5.0475	common_voice_sw_29884798.wav
chemchemi hizo huwa kaskazini magharibi na kusini mwa ziwa hili 	male_masculine	6.4875	common_voice_sw_29144900.wav
ilipangwa ili apate mafunzo zaidi ya kijeshi nchini uingereza 	male_masculine	4.4355	common_voice_sw_29963761.wav
kwa sababu ya kazi ya baba yake al badawi aliishi katika miji kadhaa tofauti 	female_feminine	6.7755	common_voice_sw_29463079.wav
je ni kampuni zipi nyinginezo hutumika kutotoa huduma hiyo hifadhini 	male_masculine	6.8475	common_voice_sw_30635653.wav
ya wimbo nikaona kidogo hapa kuna maslahi japo nilikuwa napigwa buku kwa 	male_masculine	5.7675	common_voice_sw_36373763.wav
flaviana matata alikusudia kuwasaidia watu wenye uhitaji maalum 	male_masculine	5.0475	common_voice_sw_29796867.wav
eneo linalofaa kwa kilimo ni hekta laki moja hamsini na tatu mia tano arobaini 	male_masculine	6.5235	common_voice_sw_29898924.wav
alisuluhisha migogoro mingi ya bara la afrika 	female_feminine	4.3275	common_voice_sw_29798731.wav
uliofuata ni mkataba wa sant germain na austria uliosainiwa tarehe kumi 	male_masculine	7.47565625	common_voice_sw_30629509.wav
mara moja kazi kwenye albamu yake ya kwanza ilianza 	male_masculine	5.2275	common_voice_sw_29593075.wav
hata hivyo ni nchini uingereza ambapo umbo la soka la kisasa lilianza kulipuka 	male_masculine	10.3035	common_voice_sw_36944842.wav
katika klabu ya manchester unitedi na timu yake ya taifa 	female_feminine	4.9755	common_voice_sw_37094043.wav
tunangoja tamasha la mashahiri 	male_masculine	4.0395	common_voice_sw_37099092.wav
viongozi wa shirazi association ni thabit kombo na jecha muhidini 	female_feminine	5.2275	common_voice_sw_31271655.wav
harakati na wapinzani wa kisosialisti 	male_masculine	4.6155	common_voice_sw_34765591.wav
na milki ya osmani uajemi na athira ya uingereza katika asia 	male_masculine	8.5035	common_voice_sw_35418123.wav
mji uko kando la atlantiki 	male_masculine	4.7235	common_voice_sw_29782442.wav
kwa mujibu wa katiba ya jamhuri ya muungano wa tanzania 	male_masculine	5.4435	common_voice_sw_30574937.wav
lilikuwa ndio jengo la kwanza kuwa na umeme pamoja na lifti 	male_masculine	6.10765625	common_voice_sw_37225531.wav
inasimamia utoaji wa huduma za malipo kwa njia ya kadi 	male_masculine	5.0475	common_voice_sw_36067398.wav
vyakula wanavyopendelea kula na wakati mwingine hata tamaduni zao utofautiana 	female_feminine	7.3155	common_voice_sw_30176727.wav
takriban spishi zote zina rangi ya majani 	male_masculine	4.7955	common_voice_sw_28670568.wav
huyu alifahamika kwa jina la benito musolini 	female_feminine	4.8675	common_voice_sw_30364445.wav
aliunda taasisi ya utafiti wa kiafrika 	female_feminine	4.5075	common_voice_sw_28748539.wav
vijana wa kiume ni walilishwa kwa kupigwa mijeledi wakiwa uchi 	male_masculine	6.8475	common_voice_sw_29898595.wav
gadaffi alipigana kulinda maslahi ya libya 	male_masculine	3.1035	common_voice_sw_29995901.wav
walisema hao walikuwa ni washauri wa kijeshi na si wapiganaji wa mstari wa mbele 	male_masculine	6.4155	common_voice_sw_30179631.wav
spishi za palsmodium zinazoambukiza binadamu ni falciparum 	male_masculine	7.4235	common_voice_sw_34890775.wav
mwalimu nyerere alifariki akiwa kwenye matibabu nchini uingereza 	male_masculine	4.8675	common_voice_sw_29899105.wav
unapoona ndege tausi kainua mkia basi hapo ni kipindi cha dume huyo kuhitaji jike 	male_masculine	9.0075	common_voice_sw_29906405.wav
osama alitumia pesa zake kununua silaha nzito 	female_feminine	3.8955	common_voice_sw_30654050.wav
auti yake waziri mkuu wa israel benjamin netanyahu 	female_feminine	7.3875	common_voice_sw_35104288.wav
kwa kifupi hataweza kutofautisha kama ni kitu cha kawaida au ni hatari 	male_masculine	9.0075	common_voice_sw_31306456.wav
mgogoro ulipozidi kukua mashambulizi yakahama sasa 	male_masculine	5.8755	common_voice_sw_30201437.wav
utalii vilivyoko katika nchi yetu mfano katika 	male_masculine	5.0835	common_voice_sw_30364100.wav
kutokana na utunzaji wa mila na desturi 	male_masculine	3.8235	common_voice_sw_29872964.wav
mara nyingi huwa na utamaduni na lugha moja 	male_masculine	3.7875	common_voice_sw_28670217.wav
ziwa victoria ni kivutio cha watalii 	male_masculine	3.6435	common_voice_sw_30354921.wav
utatembea sana kliko vitu vyote ukipanda mlima huu 	male_masculine	5.6235	common_voice_sw_30024375.wav
wale wenye mamlaka ya kuleta matokeo chanya katika kuboresha hali ya usafiri majini 	male_masculine	7.9635	common_voice_sw_30341807.wav
orodha ya wachezaji bora ikamtaja karlheinze kuwa bora 	male_masculine	6.3435	common_voice_sw_30381123.wav
mmoja hadi madai yao ya kupunguza kodi 	female_feminine	3.7155	common_voice_sw_35774660.wav
ili mwanaume pia apendezewe na mke wake ndani ya nyumba 	male_masculine	3.8235	common_voice_sw_36387321.wav
walielekea kenya walifika kwanza mombasa hawakupokelewa vema wakaendelea hadi malindi 	male_masculine	8.3955	common_voice_sw_36386487.wav
karol alipiga hodi kwenye nyumba ya askofu mkuu wa krakow 	male_masculine	7.9275	common_voice_sw_30233548.wav
adolf anasema hilo sio tatizo kubwa kwa sababu hakuna anayemdhuru mgeni 	male_masculine	7.5675	common_voice_sw_29936976.wav
ameachiliwa baada ya chama tawala nchini humo 	male_masculine	3.6075	common_voice_sw_36331632.wav
alifuatilia kisa hicho akiwa jijini bujumbura 	male_masculine	3.8955	common_voice_sw_36382167.wav
tunaweza kuya kuya kuyazuia kabla hayajatokea 	male_masculine	8.2875	common_voice_sw_36945650.wav
miongoni mwa mataifa ambayo yanaendelea kuikumbuka tanzania kwa mchango wake ni afrika kusini 	female_feminine	7.0635	common_voice_sw_30017127.wav
kisha bekteria hao huingia kwenye mfumo wa kusaga au kumengenya chakula 	male_masculine	5.6235	common_voice_sw_38106566.wav
kenya imepiga marufuku ya matumizi ya baadhi ya mifuko ya plastiki 	male_masculine	6.4875	common_voice_sw_37096739.wav
hadi wa mita elfu mbili juu ya pwani ya magharibi ya ziwa hili 	male_masculine	5.4435	common_voice_sw_30641386.wav
hiyo ilikuwa taswira yake ya hadharani 	male_masculine	3.1755	common_voice_sw_37224321.wav
wasangu walirudishwa katika eneo lao la awali wakarudi kutoka usafwa 	male_masculine	6.4875	common_voice_sw_30182030.wav
ninatumaini 	male_masculine	1.5555	common_voice_sw_36381667.wav
tunapokea taarifa za kifo cha ruge kutokea afrika kusini huku rais dokta jombe pombe 	male_masculine	7.7835	common_voice_sw_37087453.wav
kuna nafasi kwa ajili ya kuhifadhi vifaa vya kawaida vya upasuaji 	male_masculine	4.5435	common_voice_sw_28670379.wav
mashujaa kutoka katika mji wa songea waliendeleza mapambano dhidi ya ukoloni wa kijerumani 	male_masculine	8.3235	common_voice_sw_30341810.wav
walipewa maelekezo ya kila mtu kutunga nyimbo moja ya mazingira 	male_masculine	7.6755	common_voice_sw_28583492.wav
jina hilo lilibadilishwa na kuwa kagera 	female_feminine	5.2275	common_voice_sw_30176728.wav
kipande cha kutoka mwanza mpaka isaka 	male_masculine	3.2115	common_voice_sw_30379922.wav
kundi hili lipo afrika ya kusini 	male_masculine	4.4355	common_voice_sw_28690971.wav
ushanga huwa sehemu muhimu ya urembesho wa miili yao 	male_masculine	6.1275	common_voice_sw_30210006.wav
miji hiyo ni mikubwa sana 	male_masculine	2.5275	common_voice_sw_37091392.wav
mazungumzo kati ya vikosi vya ukombozi na serikali ya wachache ya ian smith 	male_masculine	9.6555	common_voice_sw_31467495.wav
nadharia hii hutumia kigezo cha msamiati wa kiswahili kuonesha uhusiano uliopo kati ya kiswahili 	female_feminine	7.9275	common_voice_sw_35214456.wav
mnara wa eifel mjini paris ni mmoja ya kivutio kinachotembelewa zaidi duniani 	male_masculine	7.2435	common_voice_sw_29795418.wav
mwaka elfu moja mia tisa hamsini na mbili alihitimu shahada ya uzamili 	male_masculine	5.9835	common_voice_sw_30121766.wav
kuweka kizuia mikononi mwake akiwa akipiga kelele ili 	male_masculine	4.7955	common_voice_sw_29988513.wav
kila mmoja alizaa nae mtoto mmoja wa kike 	male_masculine	4.6155	common_voice_sw_31304599.wav
karume aliongoza kuanzia mwaka elfu moja mia tisa sitini na nne 	male_masculine	6.5235	common_voice_sw_29977881.wav
idadi ya wasemaji nchini cote d ivoire haijulikani 	male_masculine	4.2555	common_voice_sw_28745236.wav
sunday simba shomari alishirikiana na karibu kila kipindi kuleta mchangayiko 	female_feminine	5.9835	common_voice_sw_35272705.wav
hadi wakaingia kurudi kusini mwa wilaya ya mpwapwa mkoani dodoma 	male_masculine	4.6875	common_voice_sw_29943342.wav
bendi hii iliweza kuwaibua na kuwapa nafasi 	female_feminine	3.2835	common_voice_sw_31406045.wav
kusini wapo wadakama hawa wanaweza kuwa shinyanga ama tabora 	female_feminine	7.2435	common_voice_sw_29789366.wav
furahi kupanda kilimanjaro ni kitu cha kukumbuka maisha yako yote 	male_masculine	1.9875	common_voice_sw_29961381.wav
soka lilijikita kwenye ushindi zaidi kuliko burudani 	female_feminine	6.1635	common_voice_sw_29793701.wav
wanafunzi wengi nchini walinufaika kupitia bodi ya mikopo 	female_feminine	4.9755	common_voice_sw_31583305.wav
tangu vita kati ya ufaransa na ujerumani mika mingi iliyopita 	male_masculine	6.1275	common_voice_sw_30179981.wav
chato ni wilaya ya mkoa wa geita 	male_masculine	2.9235	common_voice_sw_30099427.wav
kanisa la mtakatifu george lalibela na ethiopia lilichongwa lote katika mwamba 	male_masculine	6.5235	common_voice_sw_36067364.wav
mto umeanza kukauka wakati wa ukame umesababishwa na matumizi mabaya ya maji 	male_masculine	6.3795	common_voice_sw_30363975.wav
makundi ya kikoo kuwa yana nguvu kila mmoja kwa nafasi yake 	male_masculine	6.9555	common_voice_sw_29915391.wav
lugha muziki michezo au sanaa 	male_masculine	4.0035	common_voice_sw_28817377.wav
jengo hili pia lilitumiwa na waingereza enzi za ukoloni 	male_masculine	6.1635	common_voice_sw_30321954.wav
mji mkuu ni bururi 	female_feminine	3.7155	common_voice_sw_29640654.wav
china ina eneo la kilomita za mraba 	male_masculine	2.9955	common_voice_sw_36389899.wav
ya vyungu vya zanzibar 	male_masculine	2.8155	common_voice_sw_29982089.wav
tangu kale wanaheshimiwa na wakatoliki na waorthodoksi kama watakatifu wafiadini 	male_masculine	5.0835	common_voice_sw_28999147.wav
atawasili kwa ajili ya kuwasalimia na kuzungumza na wananchi wa gairo 	female_feminine	7.3875	common_voice_sw_35176751.wav
kuogelea kwa wakati huu bado kunawezekana 	male_masculine	4.4355	common_voice_sw_36807694.wav
ilivyoongezeka na moto aidha kuwashwa kwa makusudi 	male_masculine	4.5075	common_voice_sw_30146375.wav
kuliko wanazokumbana nazo katika majukumu yao ya kila siku 	male_masculine	4.4355	common_voice_sw_29846305.wav
mlima klute una urefu wa mita elfu tatu mia sita na arobaini na nane 	male_masculine	5.6955	common_voice_sw_30379933.wav
limetoa fursa kwa wawekezaji wa usafirishaji kwa njia ya maji kwa kutumia boti 	male_masculine	7.0635	common_voice_sw_30478612.wav
anaeleza kuwa baadhi ya mada zinazozingatiwa na wanauchumi wa kiheterodoksi 	female_feminine	8.6475	common_voice_sw_30653646.wav
pia hifadhi hizo zinashika nafasi za juu afrika na duniani 	male_masculine	3.5355	common_voice_sw_30024874.wav
paka alikunywa maziwa yote 	male_masculine	3.8235	common_voice_sw_36388886.wav
vanavake vamechangadhiwa kuwa mwaka huu hakuna harusi 	male_masculine	6.2355	common_voice_sw_32090802.wav
kwa sababu ya upungufu wa maji kutoka mto galana 	female_feminine	3.3555	common_voice_sw_31285932.wav
zamani vijana walikuwa wanaoa na kuolewa wakiwa wadogo sana 	female_feminine	5.8035	common_voice_sw_29798469.wav
idadi ya wasemaji nchini myanmar haijulikani 	male_masculine	5.8035	common_voice_sw_28582159.wav
kuliongeza umuhimu wa mwambao wa mlima karibu na unguja 	female_feminine	5.8035	common_voice_sw_30378326.wav
raia wa msumbiji hasa mshauri wa machel alifundishwa na uingereza 	male_masculine	7.4955	common_voice_sw_30180017.wav
tofauti na matarajio ya karume hatua hiyo iliwaleta karibu zaidi 	male_masculine	6.3075	common_voice_sw_30143976.wav
nibadilishe unibariki 	female_feminine	3.2835	common_voice_sw_35123740.wav
uwanja huu unapatikana huko cape town nchini afrika kusini 	male_masculine	4.6155	common_voice_sw_28681622.wav
ni salum alfan baruan 	female_feminine	3.1755	common_voice_sw_34597078.wav
ili waweze kuondokana na utumiaji wa madawa na hawa wanaouza madawa ya kulevya 	female_feminine	6.1635	common_voice_sw_35107820.wav
pia ni moja ya maeneo muhimu ya mazalia ya ndege wahamao pamoja 	male_masculine	8.2875	common_voice_sw_31306391.wav
mwaka elfu mbili na kumi na tisa chama aliongeza mkataba wa miaka miwili 	male_masculine	8.2515	common_voice_sw_30362325.wav
wilaya inashirikiana na wadau mbalimbali waliopo wilayani katika kuendeleza sekta ya kilimo 	male_masculine	8.1075	common_voice_sw_30202106.wav
kwa njia hii ukingo wa maporomoko unarudi nyuma na kurudisha njia ya korongo nyuma 	male_masculine	7.3875	common_voice_sw_30116111.wav
kabla ya kuhamia klabu ya feberbahce uturuki alikuwa akichezea aston villa timu ya uingereza 	male_masculine	8.7555	common_voice_sw_29898411.wav
pamoja na msukumo wa miili yao na staili mbalimbali 	female_feminine	4.5435	common_voice_sw_31406179.wav
ugonjwa hu wa malaria unazuilika na unatibika 	male_masculine	5.3355	common_voice_sw_29844223.wav
mji mkuu ni cankuzo 	male_masculine	3.1755	common_voice_sw_28991869.wav
wana miguu mirefu na shingo refu na wanapenda kuwa pamoja 	male_masculine	5.5155	common_voice_sw_29424452.wav
kupitia asilimia kumi ya fedha za ndani za halmashauri 	female_feminine	7.6035	common_voice_sw_30572086.wav
mlima yamba na milima ya yaruvano mwisho kabia ni mlima zumbu 	male_masculine	8.1075	common_voice_sw_30657071.wav
hewa hii huitwa pumzi 	male_masculine	3.5355	common_voice_sw_28581931.wav
wakati huo ilikuwa ikifanya kampeni kwa ajili ya uhuru pamoja na utawala wa wengi 	male_masculine	5.0475	common_voice_sw_30024919.wav
kama kunahafadhali zozote ambazo zimefanyika kwa hiyo zianze kurekebishwa kabla hazijaenda mbali 	female_feminine	8.7555	common_voice_sw_35155150.wav
hilo lilikuwa tangazo rasmi la vita 	male_masculine	4.1835	common_voice_sw_29796634.wav
kuna lugha kadha ambako kidole hiki huitwa kwa majina kama kidole cha daktari 	male_masculine	7.7835	common_voice_sw_29032191.wav
kuwa ya aibu na ikiwa mtu atarudi baada 	female_feminine	7.3875	common_voice_sw_36615852.wav
akaanzisha mashamba ya mikarafuu kwa kutumia kazi ya watumwa 	female_feminine	4.7235	common_voice_sw_29792457.wav
ndege hawa wanatokea afrika kusini mwa sahara 	male_masculine	4.2555	common_voice_sw_29696866.wav
wa kisiasa wa negus negesti mfalme wa ethiopia tangu mwaka 	male_masculine	6.4875	common_voice_sw_36311018.wav
na kusema kwamba sio urembo wa asilia 	male_masculine	3.7875	common_voice_sw_37229823.wav
mendi alizaa mtoto mmoja tu munchari na watu hawa hujiitia emendi 	female_feminine	6.1635	common_voice_sw_30585207.wav
nchi za canada na marekani kwa pamoja zimetangaza kuendelea 	male_masculine	3.8955	common_voice_sw_36381989.wav
utu wake na mtizamo wake ulipenya nje ya kuta za gereza 	male_masculine	5.5875	common_voice_sw_30128611.wav
chui ana kasi kubwa sana nyikani 	male_masculine	2.8155	common_voice_sw_29898555.wav
hapo akafanikiwa kuwa balozi wa nembo ya kampuni ya puma 	male_masculine	5.6235	common_voice_sw_30114532.wav
kabisa na hatua za kiuchumi katika jamii ya kisasa kwa hiyo ni vigumu 	male_masculine	5.9475	common_voice_sw_37095510.wav
akaniambia ni pige zain kwenye website ya tume 	male_masculine	3.8955	common_voice_sw_36013838.wav
kenya ni nchi yangu 	male_masculine	3.0675	common_voice_sw_32210669.wav
inashughulikia kanuni za fedha na sheria ndogo ndogo za wafanyakazi 	male_masculine	4.4355	common_voice_sw_37099200.wav
pia ni mwanachama hai wa chama cha wahandisi tanzania 	female_feminine	5.6235	common_voice_sw_30667148.wav
wananchi wa tanzania hawatabuli sokoine aguswe 	female_feminine	4.1835	common_voice_sw_30438994.wav
rangi yao ni nyeupe 	male_masculine	2.3475	common_voice_sw_28716466.wav
mtawala wa mwisho wa kabila la wanyambo aliitwa itogo ruhinda 	male_masculine	5.2635	common_voice_sw_30419850.wav
hili lilipelekea kuongezeka kwa wanafunzi waliojiunga na shule za msingi kwa asilimia sabini 	male_masculine	6.4155	common_voice_sw_30450863.wav
katika hali ya kawaida kila mzunguko huchukua wastani wa sekunde mbili 	male_masculine	5.6235	common_voice_sw_28690184.wav
eza nishati mwilini na hilo huchangia mtu kuwa na uzito 	male_masculine	4.8675	common_voice_sw_35132630.wav
wanawake hawa walisema hayo mwaka elfu mbili na sita 	male_masculine	4.2555	common_voice_sw_36066115.wav
wa upanuzi wa ukoloni wa ujerumani mwishoni mwa karne ya kumi na tisawahehe 	female_feminine	7.2075	common_voice_sw_35409294.wav
kuambukizwa mwanzoni mwa ujauzito kunaweza kusababisha mtoto kuzaliwa na ugonjwa huu au kuharibika mimba 	male_masculine	9.2235	common_voice_sw_29502381.wav
mwalimu nyerere aliwahamasisha wananchi kudumisha kilimo 	male_masculine	5.2635	common_voice_sw_29996948.wav
chama cha ukombozi palestina kilituma wapiganaji kadhaa kumsaidia amin 	female_feminine	6.5595	common_voice_sw_30363954.wav
jacob matata alichungulia nje 	female_feminine	3.0675	common_voice_sw_35155545.wav
lakini wakatengana kwa kuhamia sehemu za mbali 	female_feminine	4.7235	common_voice_sw_30338461.wav
jimbo linapatikana katika kaunti ya marsabit mashariki mwa nchi 	male_masculine	6.2715	common_voice_sw_29468540.wav
uwanja huo ni sehemu ya makazi magumu zaidi ya vifaa vingine vya riadha 	male_masculine	5.4075	common_voice_sw_28716339.wav
tumia bidhaa za nywele ambazo zinaendana na nywele zako na hakikisha unazingatia mambo muhimu 	male_masculine	7.9275	common_voice_sw_30224079.wav
hapo wageni hao walikariri kuwa waha kwa kuchukua neno ha 	male_masculine	7.7475	common_voice_sw_30182789.wav
nyimbo za kupinga ubaguzi wa rangi zilisikika afrika kusini 	male_masculine	4.6155	common_voice_sw_29805649.wav
iko ndani ya jiji la dar es salaam 	male_masculine	4.3635	common_voice_sw_28691422.wav
pinda alikuwa ni mmoja wa vigogo walioondolewa kwenye mchakato katika hatua za awali 	female_feminine	6.7755	common_voice_sw_30640478.wav
timu nyingi dar es salaam zilitegemea matawi ya simba 	male_masculine	4.8675	common_voice_sw_31304600.wav
watu wenye virusi vya ukimwi wana upungufu wa kinga mwilini 	male_masculine	4.2555	common_voice_sw_36013747.wav
ivory coast walikuwa wenyeji wa michuano ya mwaka huo 	male_masculine	3.83965625	common_voice_sw_30149813.wav
ujerumani yenyewe ilivamiwa kutoka magharibi na mashariki 	male_masculine	5.9835	common_voice_sw_30201039.wav
tisini na nne chini ya utawala wa chama kimoja wa dikteta hastings kamuzu banda 	male_masculine	7.1355	common_voice_sw_37089503.wav
katika mapokezi ya baraza la uingereza 	male_masculine	2.1675	common_voice_sw_30025027.wav
baada ya kumegwa kutoka sehemu ya pori la akiba la selous 	male_masculine	6.7035	common_voice_sw_31409775.wav
upo ushahidi wa kwamba ruvuma si miongoni mwa mikoa yenye kiwango kikubwa cha maambukizi 	male_masculine	9.4755	common_voice_sw_30438078.wav
maendeleo ya kijamiikiuchumikwa muda mrefu imethibitishwa kuwa 	male_masculine	8.1075	common_voice_sw_36299978.wav
maelezo ya historia yanaonyesha kuwa utawala wa wareno kilwa kisiwani 	female_feminine	5.6235	common_voice_sw_35181719.wav
mwalimu mkuu alinunua vitumbua akampa malatwe 	female_feminine	4.8675	common_voice_sw_29924748.wav
leo hii wakazi wengi kabisa ni warusi 	female_feminine	3.3555	common_voice_sw_29586047.wav
karne ya kumi na tatu umoja wa kikabila wa 	male_masculine	5.4435	common_voice_sw_35757151.wav
zote zikiwa ni hifadhi zinazopatikana ndani ya taifa la tanzania 	male_masculine	6.4875	common_voice_sw_29795819.wav
kitabu cha kutoka kina sura arobaini 	male_masculine	2.8875	common_voice_sw_29630388.wav
makamba alifanya kazi kwa karibu na mama samia 	female_feminine	5.6955	common_voice_sw_35156889.wav
matumizi ya pombe huhusishwa na upungufu wa hatari ya maumivu ya viungo 	male_masculine	7.7835	common_voice_sw_28260554.wav
kwa hivyo kama watu watashauriwa vizuri vyakula hasa vyakula na watu wawe active 	female_feminine	6.7755	common_voice_sw_35099331.wav
makamanda wa uganda walihofu kwamba daraja la kyaka lingeweza kutumika katika kurahisisha mashamulizi 	male_masculine	8.7555	common_voice_sw_30116109.wav
mkataba wa kuzuia ualifu wa mauaji ya kimbari ulikamilika 	male_masculine	5.9835	common_voice_sw_35108101.wav
vilifikia laki nne na elfu arobaini na tano 	female_feminine	5.4435	common_voice_sw_29793361.wav
hali ya hewa inategemea mahali na kimo 	male_masculine	2.8875	common_voice_sw_29141702.wav
nataka kuuliza swali 	female_feminine	2.3475	common_voice_sw_37211831.wav
amin aliamini kuwa yeye ndiye mkuu wa majeshi yote ya uganda 	male_masculine	5.0475	common_voice_sw_29795834.wav
upande wa ulinzi kuna kituo kimoja kidogo cha polisi 	male_masculine	4.7235	common_voice_sw_28695895.wav
hula matunda na mbegu hasa lakini wadudu pia 	male_masculine	4.1835	common_voice_sw_28690079.wav
xavi alipoanza kucheza timu ya taifa alifanya vizuri sana 	male_masculine	5.2275	common_voice_sw_30661154.wav
edward lowasa alikuwa akitamani sana kuwa raisi wa tanzania 	female_feminine	5.9835	common_voice_sw_30188896.wav
asilimia kubwa ya bajeti ya tanzania huishia kwenye ujenzi 	male_masculine	5.3355	common_voice_sw_30299926.wav
alikuja kumfukuza badae lakini pia aliwateua wazungu 	female_feminine	6.4155	common_voice_sw_30224588.wav
jike ni mkubwa kidogo kuliko dume lakini dume ana pembe fupi na nyembamba 	male_masculine	6.0555	common_voice_sw_28670315.wav
kwazulu natal iko upande wa mashariki wa afrika kusini ina pwani ndefu la bahari hindi 	male_masculine	7.3875	common_voice_sw_28581880.wav
sikuja kutafuta mchumba bali nimekuja kufanya kazi za watanzania 	male_masculine	6.1635	common_voice_sw_29926924.wav
uchafuzi huu unaweza kupitishwa waathirika wakuu wa uchafuzi huu 	male_masculine	5.4075	common_voice_sw_36381093.wav
naam ni bingu mutharika rais wa malawi 	male_masculine	3.1755	common_voice_sw_37086721.wav
majukumu hutofautiana kulingana na kazi na ukubwa wa shirika 	male_masculine	6.3075	common_voice_sw_28819457.wav
kenyata alihusishwa na harakati za vita vya msituni 	male_masculine	4.9035	common_voice_sw_29850308.wav
ureno ilifungwa mabao mawili kwa moja 	male_masculine	2.9955	common_voice_sw_30179793.wav
tanzania ni nchi iliyobarikiwa kuwa na wanyama mbalimbali 	male_masculine	5.9475	common_voice_sw_30654267.wav
yasiyopungua laki mbili na nusu kwa siku moja 	male_masculine	4.1835	common_voice_sw_30419851.wav
tena wanasikitikia jinsi alivyohamasisha watawala kukomesha wakulima 	male_masculine	9.2235	common_voice_sw_30007254.wav
na nne wamasai wengi huko tanzania huvaa makubadhi ambayo walikuwa mpaka hivi majuzi wakizitengeneza 	female_feminine	8.2875	common_voice_sw_37225849.wav
pochi hii alapsechi echu ikikamilika asari takuva ningii kichoveo cha papaa itakuva ni mwanadamu 	male_masculine	7.4235	common_voice_sw_31911993.wav
algeria waliandaa michuano ya mataifa ya afrika 	male_masculine	3.9675	common_voice_sw_30058639.wav
kila timu ikiwa na wachezaji kumi na mmoja 	female_feminine	4.5075	common_voice_sw_34833575.wav
hifadhi ya arusha inapambwa na maziwa ya momella 	male_masculine	4.6155	common_voice_sw_30007157.wav
hifadhi ya kilimanjaro hiyo inajumuisha mlima kilimanjaro 	male_masculine	5.0835	common_voice_sw_30582821.wav
umaarufu wake ni kutokana na mandhari mazuri ya mlima kilimanjaro 	female_feminine	4.8675	common_voice_sw_30653501.wav
tunatumia siku ya maadhimisho ya mtoto wa afrika kuwakumbusha viongozi 	male_masculine	6.5235	common_voice_sw_29948456.wav
kuna hatari kubwa ya kuishi wagonjwa korona 	male_masculine	4.05565625	common_voice_sw_30092047.wav
kwani mataifa haya yanasafirisha dhahabu na vitu vingine kwenda nje 	female_feminine	5.8755	common_voice_sw_30198740.wav
vadongwe wao waliishi kando ya milima ya uhambingeto 	male_masculine	6.1635	common_voice_sw_29796560.wav
mwaka huu ngega amewambia maseneta kuwa siku saba zaidi zitatosha 	male_masculine	5.9835	common_voice_sw_36383706.wav
ni kudumisha maneno ya uongo ya wakoloni kutugawa na kujishusha thamani wenyewe kwa wenyewe 	male_masculine	6.1635	common_voice_sw_29938066.wav
setilaiti ya kwanza ilionekana katika sehemu nyingine za umma 	female_feminine	4.9035	common_voice_sw_29792465.wav
messi ameenda kwa ufaransa kwa uhamisho huru 	male_masculine	4.9035	common_voice_sw_30470862.wav
dalili kuu na ishara tofauti pamoja na hatua za kifua kikuu zinajulikana saba 	male_masculine	6.8835	common_voice_sw_30327634.wav
krafuu ina nguvu katika kupambana na maambukizo ya virusi na bakteria 	male_masculine	5.8755	common_voice_sw_36375170.wav
chuo cha ualimu wamewapa heshima ya kipekee chuo cha uandishi wa habari 	male_masculine	7.7835	common_voice_sw_30162193.wav
ya dawa unaofanywa na wataalamu wa kimatabibu zimezidisha 	male_masculine	5.8035	common_voice_sw_36310862.wav
mara nyingi mishipa hiyo ya damu hupasuka na damu huganda 	male_masculine	5.1555	common_voice_sw_30142849.wav
kwenye eneo hilo huakikisha kwamba kila mtu anachukua tahadhari husika 	male_masculine	5.8755	common_voice_sw_36382619.wav
umoja huo ulianzishwa na mataifa washindi wa vita kuu ya kwanza ya dunia 	female_feminine	6.5235	common_voice_sw_28584468.wav
ukilinganisha na nchi zinazozalisha mafuta duniani kote 	female_feminine	4.1475	common_voice_sw_30194522.wav
dhiti ya mwimbaji maarufu michele mati 	male_masculine	4.1475	common_voice_sw_37096495.wav
mziki wa taarabu kutoka zanzibar huwa na ujumbe wa aina mbalimbali 	male_masculine	5.99965625	common_voice_sw_37225289.wav
huyo ndio mnyama simba kwa ufupi kuanzia miaka kadhaa nyuma 	male_masculine	6.6675	common_voice_sw_30143873.wav
ziwa nyasa linapatikana kati ya nchi za malawi msumbiji na tanzania 	male_masculine	6.0555	common_voice_sw_28725285.wav
kweli alijitahidi kuleta hali mpya katika kanisa 	male_masculine	4.1475	common_voice_sw_28663325.wav
amesema hata yeye alinyimwa ruhusa ya kuwaona 	male_masculine	3.4275	common_voice_sw_37221393.wav
zikiendelea kupigwa ili sauti za wanaotahiriwa hasa wanaolia zisisikike 	male_masculine	7.0275	common_voice_sw_30149111.wav
hao wangoni bwana wape hela watafikisha lakini mwanamke hafiki aisee 	male_masculine	8.5755	common_voice_sw_30180045.wav
kwa sababu waliiishi katika nchi zilizotunga sheria za kuwabana wakimbizi 	male_masculine	6.1275	common_voice_sw_30182950.wav
watu wanaoishi jirani mno huwa na tabia ya kula chakula 	female_feminine	7.1355	common_voice_sw_30382276.wav
milima ya samya na ile milima ya sangaiwe 	female_feminine	4.7955	common_voice_sw_30108209.wav
dalili zinaweza kujumuisha maumivu na ugumu wa kula chakula 	male_masculine	6.3075	common_voice_sw_28662043.wav
hati inaweza kuwahusisha watazamaji na hadhira 	male_masculine	4.0755	common_voice_sw_36375123.wav
kama mtetezi wa masuala ya uongozi bora rais huyo mpya wa malawi anayezungumza kiingezera 	male_masculine	7.0275	common_voice_sw_35964218.wav
upande wa kulia ukifuatwa na upande wa kushoto 	female_feminine	5.2635	common_voice_sw_30623906.wav
iliendelea kuwa kitovu cha utamaduni wa kigiriki katika misri 	male_masculine	5.0835	common_voice_sw_28663139.wav
huku wanajeshi wengine wakiachishwa kazi na wengine wakishtakiwa 	male_masculine	5.4435	common_voice_sw_36380995.wav
kuchaguliwa mchezaji bora wa dunia mwaka elfu mbili na nane 	male_masculine	7.6035	common_voice_sw_31329052.wav
jina la kwanza ni mwita ambalo asili yake ni uguita 	male_masculine	6.1275	common_voice_sw_30091429.wav
vinaonesha kwamba historia ya binadamu ya zanzibar inarejea wakati wa prehistoric 	male_masculine	5.9475	common_voice_sw_37229649.wav
mahitaji yao yote kama vile kuni na kilimo 	male_masculine	4.6155	common_voice_sw_30334178.wav
iliyojulikana kwa jina la boshazi maana yake bondei zigua sambaa 	male_masculine	5.8035	common_voice_sw_30148699.wav
kujiri ama zitajiri hapo baadaye 	male_masculine	3.8235	common_voice_sw_37084711.wav
uchumi hutegemea misaada kutoka ufaransa 	female_feminine	4.1475	common_voice_sw_29684576.wav
los angeles na chicago marekani ni nchi iliyoendelea na yenye 	male_masculine	4.7955	common_voice_sw_36386568.wav
inasemekana walikuwa huko taveta kaskazini nchini kenya 	male_masculine	4.9035	common_voice_sw_30638486.wav
figo alijunga na mahasimu wa barcelona 	male_masculine	5.4435	common_voice_sw_30108241.wav
kwenye mataifa ishirini na nane ulimwenguni 	male_masculine	3.8955	common_voice_sw_36616941.wav
mheshimiwa samia aliteuliwa na aliyekuwa katibu mkuu wa umoja wa mataifa 	male_masculine	6.7755	common_voice_sw_35132538.wav
katika miji mikubwa kigiriki kilikuwa lugha kuu 	male_masculine	4.0035	common_voice_sw_29023169.wav
hakuwa na mamlaka juu ya mkuu mpya wa jeshi emil von zelewski 	male_masculine	6.4875	common_voice_sw_29945596.wav
nchi hiyo ilianza kupelekea mataifa mengine msaada 	female_feminine	4.0755	common_voice_sw_35172737.wav
nchi mbalimbali zilijitenga na kupata uhuru kama vile ugiriki 	male_masculine	5.4075	common_voice_sw_30470916.wav
yeye alikuwa ndiye mkubwa kwa kuzaliwa 	male_masculine	5.0475	common_voice_sw_30635691.wav
akizungumza wakati wa uzinduzi huo ametoa wito kwa wananchi kuacha mara moja 	female_feminine	6.1275	common_voice_sw_37214399.wav
msikizaji katika simu hii leo nina watu kama wanne hivi 	male_masculine	6.3435	common_voice_sw_36310632.wav
ya kumi na tisa wahamiaji walifika pia kutoka 	male_masculine	6.7035	common_voice_sw_34391032.wav
seleman matola alicheza na kaseja katika kikosi cha simba kuanzia mwaka 	female_feminine	4.9035	common_voice_sw_30338247.wav
nyerere anakumbukwa na watanzania kutokana na sera zake 	male_masculine	4.5435	common_voice_sw_29994707.wav
aina ya ganda inasababisha tabia tofauti tofauti za risasi 	male_masculine	5.8755	common_voice_sw_29636878.wav
nadharia ya bahati hujumuishwa mielekeo ya kuongeza yaliyobuniwa 	female_feminine	6.3435	common_voice_sw_30047624.wav
uchunguzi wao ulilenga zaidi kuandika mambo mengi kuhusu karne ya ishirini 	male_masculine	5.8755	common_voice_sw_36311034.wav
siwezi kukuambia siri yangu 	male_masculine	2.3835	common_voice_sw_36350615.wav
kitabu hicho kilikuwa na uchambuzi wa kina wa kisheria 	male_masculine	4.7235	common_voice_sw_35280735.wav
ukifanikiwa kuwa na jeshi imara vita hiyo ni vyepesi kuishinda 	male_masculine	5.1195	common_voice_sw_30380739.wav
wakikaa bila kushinda mashabiki wanachukia timu 	female_feminine	6.8475	common_voice_sw_30563432.wav
thelathini na mbili ingawa hali halisi ilikuwa nchi lindwa chini ya 	male_masculine	5.5155	common_voice_sw_36382479.wav
adolf hilter alikuwa mkurugezi wa jeshi la ujerumani 	male_masculine	4.7235	common_voice_sw_29898977.wav
ambapo wanatuhumiwa kutenga eneo la uzazi kwa ajili ya watu wasioridhika 	female_feminine	6.7035	common_voice_sw_34991055.wav
kiwango chake cha mchezo hakipungui na badala yake kinaongezeka kila uchao 	male_masculine	8.8635	common_voice_sw_31356607.wav
mwokozi atanitosha 	female_feminine	2.2035	common_voice_sw_35181722.wav
baadhi ya nchi zinazopatikana pembeni mwa bahari hii ni 	male_masculine	4.6875	common_voice_sw_29938771.wav
nahisi ni vyema kwenda mapema skuli 	female_feminine	3.1755	common_voice_sw_31909496.wav
tulivyo katika ligi ya hapa uganda 	female_feminine	3.2475	common_voice_sw_37093117.wav
nusu yao waliishi mjini 	female_feminine	3.0675	common_voice_sw_28926597.wav
wakati ni kama upanga 	female_feminine	3.0675	common_voice_sw_31996485.wav
inaaminika pia kuwa kurudi kwao wakati wa krismasi ni pamoja na kutembelea ndugu zao 	male_masculine	5.9475	common_voice_sw_29993786.wav
uchumi unategemea uvuvi pamoja na biashara ya mpakani 	female_feminine	5.1555	common_voice_sw_29240059.wav
abedi ayew pele alikuwa mchezaji bora wa afrika 	male_masculine	4.5075	common_voice_sw_30180841.wav
hatimae lumumba na chama chake walipata ushindi uliowawezesha kuunda serikali 	male_masculine	6.3075	common_voice_sw_30067512.wav
masuala ya usawa wa kijinsia yatabaki kuwa ndotoni 	female_feminine	4.5075	common_voice_sw_29790890.wav
alipokelewa kwa ukarimu mkubwa mno na kawinila hyera pamoja na lihuhu kinunda 	male_masculine	7.3155	common_voice_sw_30671301.wav
kutegemea kama alipoteza mvulana au msichana alipokuwa akijifungua 	female_feminine	9.1875	common_voice_sw_31581314.wav
rais wa kwanza wa kenya alikuwa rafiki mkubwa wa nyerere 	female_feminine	4.7955	common_voice_sw_30325806.wav
taifa la ujerumani lilishinda taji la tatu la dunia 	male_masculine	3.6075	common_voice_sw_29963477.wav
wapagazi wengi walikuwa watu wa maeneo ya magharibi 	male_masculine	4.2555	common_voice_sw_29797220.wav
kuna dawa ambazo zinatoka katika nchi ya china 	female_feminine	3.8235	common_voice_sw_35183903.wav
hasa mlimani na penye matope si mahali pake 	male_masculine	3.6075	common_voice_sw_28999522.wav
ametaka wanawake kujiamini nchini kuacha woga wakati wa mapambano ya kutafuta fursa 	female_feminine	8.2875	common_voice_sw_30640490.wav
k wizi uliouwazi kabisa 	male_masculine	3.3555	common_voice_sw_36386619.wav
nikitazama matendo yako na nguvu zako wewe 	male_masculine	4.0035	common_voice_sw_36616893.wav
kutokana na ukame na shida za hapa na pale ikabidi wasitishe kukaa huko 	male_masculine	6.1635	common_voice_sw_30574555.wav
kwani yeye alihamasika kuona ishara zile kutoka kwa mungu yesu akamjibu 	female_feminine	6.0555	common_voice_sw_34834307.wav
ujenzi wa nyumba hufanyika kwa ushirikiano mkubwa sana 	female_feminine	4.6155	common_voice_sw_30357297.wav
matawi maarufu wakati huo kama nyota ya asubuhi 	male_masculine	4.8675	common_voice_sw_29936833.wav
kabla ya miss tanzania alishindana katika miss kurasini elfu mbili na sita 	male_masculine	5.6955	common_voice_sw_29897031.wav
tofauti na jabir ambaye alijulikana na wafanyakazi wenzie wa ofisi hiyo 	female_feminine	5.9475	common_voice_sw_35181653.wav
spishi hizi zinatokea afrika na kadhaa zinatokea asia ya magharibi mpaka uhindi 	female_feminine	6.9555	common_voice_sw_29257231.wav
nywele hizo hupakwa mafuta ya wanyama na mchanga mwekundu 	male_masculine	5.8755	common_voice_sw_30586093.wav
badala ya kuingia kwenye nafasi yake mwenyewe 	female_feminine	3.6435	common_voice_sw_30628192.wav
anaeleza pia viumbe vinavyoishi kwenye maji chumvi ni papa pweza nyangumi tasi na changu 	female_feminine	7.9275	common_voice_sw_30189552.wav
alipojiunga na wapiganaji wa mujahideen kupigana na 	female_feminine	4.1835	common_voice_sw_30437856.wav
idara ya mambo ya kale nchini tanzania inafanya kazi 	male_masculine	6.1635	common_voice_sw_29904637.wav
majina yanayofanana ya yale ya koo za kipare ni kama wasuya na wavungi 	male_masculine	6.1995	common_voice_sw_30233552.wav
wa mvua na hazina inayojulikana na isiyojulikana 	male_masculine	7.1355	common_voice_sw_36945048.wav
mbogwe mbunge ni augustino masele kupitia chama cha mapinduzi 	male_masculine	5.5155	common_voice_sw_36387977.wav
ndiyo asili ya jina 	female_feminine	2.3835	common_voice_sw_28583294.wav
nchi nyingi hujivunia utawala wa serikali ya nchi ya tanzania 	male_masculine	7.3155	common_voice_sw_30586136.wav
benki hiyo ilipewa kibali na serikali ya ujerumani kuchapisha noti 	female_feminine	4.7955	common_voice_sw_30193312.wav
ndani ya misimu mitatu mfululizo mkude amekuwa kati ya wachezaji muhimu ambao wameifanikisha timu 	male_masculine	9.0435	common_voice_sw_31433728.wav
neno ndala kwa kipare humaanisha utaratibu wa familia 	female_feminine	5.4075	common_voice_sw_31581400.wav
hata hivyo jacob matata aliweza kumtambua mzee makame akiwa kwenye hiyo picha 	male_masculine	8.8635	common_voice_sw_34763358.wav
kwa kweli utaratibu wa uchunguzi unaweza kuhusisha vipengele vya mbinu nyingi 	male_masculine	8.3955	common_voice_sw_28670013.wav
iwapo kutatokea majeraha basi atakuwa anajitosa katika shughuli hizo za ununuzi wa wachezaji 	male_masculine	8.3595	common_voice_sw_36385716.wav
sir alex ferguson anaenda uwanjani kutazama mechi 	male_masculine	4.3635	common_voice_sw_30631226.wav
usiguse sehemu hii 	female_feminine	3.7875	common_voice_sw_31996893.wav
mataifa yanavutiwa na maonyesho ya blob yanayofanyika kila mwaka 	male_masculine	5.8755	common_voice_sw_30180978.wav
wakati ambapo matukio ya maendeleo yanastahili kutokea katika maisha ya mtu 	male_masculine	6.1275	common_voice_sw_36375122.wav
janga la rinderpest na ukame wakati ulisababisha kupungua kwa idadi ya wamasai 	male_masculine	5.9475	common_voice_sw_30445670.wav
nyota za meza ni chache na dhaifu sana 	male_masculine	3.9675	common_voice_sw_28987652.wav
haki yako na mpaka hapa tunatamatisha makala yetu ya jua haki zako 	male_masculine	8.8275	common_voice_sw_35683904.wav
david zacharia kafulila anakuwa mkuu mpya wa mkoa wa arusha 	male_masculine	5.0475	common_voice_sw_36319593.wav
mikumi na iringa pia arusha kupitia dodoma 	male_masculine	3.9675	common_voice_sw_30020238.wav
chumbe ni kisiwa kinachotumika kwa utalii na uvuvi pekee 	male_masculine	5.8755	common_voice_sw_30334159.wav
kutokana na sheria ya mambo ya kale ya mwaka huo 	male_masculine	3.9675	common_voice_sw_30327191.wav
utamaduni huo haukuweza kutibu magonjwa hayo 	male_masculine	5.0475	common_voice_sw_36385840.wav
kunakuwepo na sherehe kadhaa zinazofuatana pale mashujaa wanapoingia 	male_masculine	5.63965625	common_voice_sw_30146041.wav
shughuli hizi za ufugaji wa vipepeo zimeanzishwa zikiwa na viwango mbalimbali 	male_masculine	8.3955	common_voice_sw_30321898.wav
na akiwa wa kiume amwite muyinga mufwimi 	male_masculine	4.3275	common_voice_sw_29980433.wav
ngoma za jadi zilipigwa kwa matukio maalum kama kwenye jando au unyago 	male_masculine	5.8035	common_voice_sw_29937758.wav
hatua gani ambazo tunaweza kupiga 	male_masculine	3.2475	common_voice_sw_36037452.wav
sehemu kubwa zaidi ya afrika ya mashariki inapeleka maji kwenda mabeseni ya rufiji 	male_masculine	7.2075	common_voice_sw_34746354.wav
sehemu kubwa ya maandishi duniani inatumia alfabeti mbalimbali 	male_masculine	4.7955	common_voice_sw_28690261.wav
hii inaweza kusababisha kila aina ya shida 	male_masculine	4.7955	common_voice_sw_28695293.wav
kwa wenye matatizo ya moyo tende zitawasaidia kuupa moyo nguvu 	male_masculine	5.9475	common_voice_sw_30021035.wav
mwalimu aligawanya vitabu kwa wanafunzi 	female_feminine	5.0475	common_voice_sw_36640863.wav
pia uingereza iliamua kutafuta utawala wa visiwa 	male_masculine	5.6235	common_voice_sw_30006845.wav
kuna njiapanda ambako njia ya kati inaunganishwa na njia za kando 	male_masculine	5.8755	common_voice_sw_29961837.wav
tembo ana ukubwa wa tani saba 	male_masculine	4.30765625	common_voice_sw_30629947.wav
wateka nyara hao waliingia ofisini humo taratibu kabla ya kupaza sauti 	male_masculine	7.1355	common_voice_sw_30485802.wav
ya chama cha mapinduzi wanaokifahamu chama hicho kwa undani uzoefu wa namna hiyo ni 	male_masculine	10.1235	common_voice_sw_35408991.wav
amarula imekuwa kivutio kikubwa kwa watalii hasa wa nje 	female_feminine	4.9755	common_voice_sw_30342000.wav
wengine waliona nafasi ya kujichukulia mali ya kanisa 	male_masculine	5.0835	common_voice_sw_30181459.wav
sawa na suala la ugonjwa hakuna elezo kamili kuhusu hali ya afya 	female_feminine	5.6955	common_voice_sw_28962066.wav
pengine jina wanyaturu linapoteza historia yao 	female_feminine	3.7875	common_voice_sw_30659258.wav
mabadiliko hayo mwandishi wetu jijini paris mohamed saleh 	male_masculine	4.3635	common_voice_sw_37226163.wav
katika maisha lazima watu wawe wanafanya mazoezi kwa bidii 	male_masculine	5.9835	common_voice_sw_34762937.wav
makubwa mno afya ya umma na kwa mazingirauhusiano kati ya 	male_masculine	5.2995	common_voice_sw_36385831.wav
hiki ni chombo kikuu kabisa cha utawala wa kijiji 	male_masculine	5.1555	common_voice_sw_28259031.wav
majaribio yalionyesha kulikuwa na sababu nyingine muhimu zaidi 	female_feminine	5.0475	common_voice_sw_30327355.wav
mila za kingoni ndoa za koo moja huwa zinapitia katika matukio kadhaa 	male_masculine	5.8035	common_voice_sw_30354900.wav
kuibiwa kura na rais wa sasa alibong onimba 	male_masculine	7.2435	common_voice_sw_36299579.wav
kipindi hiki kilikuwa na athira kuu katika maisha ya mtaalamu 	male_masculine	5.6955	common_voice_sw_28877841.wav
matumizi ya vielezi vivumishi na vitu vinavyoonekana na kusikika hufanya matukio kuwa halisi 	male_masculine	8.8275	common_voice_sw_30114710.wav
mkutano mkuu ulipiga kura na kumchagua magufuli kuwa mgombea urais wa chama cha mapinduzi 	female_feminine	8.8635	common_voice_sw_29793050.wav
kuna ulazima wa kuwepo mawasiliano kuweza kufahamu kama huduma hiyo ipo au haipo 	male_masculine	6.6675	common_voice_sw_29996953.wav
kwenye mkutano wa viongozi barani afrika kwa kutumia nafasi yake 	female_feminine	5.2275	common_voice_sw_34745842.wav
mwaka elfu moja mia tisa na arobaini na sita alitumwa kaskazini kwa kupigania wasomalia 	male_masculine	6.4875	common_voice_sw_29898189.wav
hii ni kutokana na sifa za pekee zinazopatikana mji huu 	male_masculine	5.0835	common_voice_sw_30341023.wav
kwa ujumla zinathibitisha ya kwamba yesu alikuwepo 	male_masculine	4.3275	common_voice_sw_36383812.wav
wakati wastani wa wenzi wa kimapenzi 	male_masculine	6.3075	common_voice_sw_29956171.wav
hakika wapare ni mfano wa kuigwa hapa nchini 	male_masculine	5.6235	common_voice_sw_30583030.wav
watoto wote wanahesabiwa kuwa wa ukoo huo 	female_feminine	6.3435	common_voice_sw_30567804.wav
castro alikamatwa na kufungwa baada ya uvamizi wake dhidi ya moncada 	female_feminine	6.4875	common_voice_sw_30034719.wav
waweza kutoka nje nizungumze na ali 	female_feminine	3.7155	common_voice_sw_35156054.wav
katika nchi ya tanzania sehemu hizo ni kama vile dodoma tabora iringa shinyanga 	male_masculine	7.8555	common_voice_sw_28582083.wav
hii inashangaza kwani tukio la kuhama kwao kuingia kenya huwa mara moja pekee 	male_masculine	8.1075	common_voice_sw_30438306.wav
jina hilo lilitolewa na serikali ya tanganyika 	male_masculine	3.7875	common_voice_sw_29899494.wav
wetu aligonga mwamba uliowekwa chini ya maji na 	male_masculine	7.2075	common_voice_sw_36067507.wav
hapa mimi niko msaka kwenye jengo linaloitwa idigo house sasa njoo 	male_masculine	6.7035	common_voice_sw_36383714.wav
ziwa victoria lililopo mwanza ni chanzo pato la nchi 	male_masculine	5.1195	common_voice_sw_30341868.wav
tangu walipofika katika ardhi hiyo na pia ni kabila lenye umaarufu mkubwa nchini 	female_feminine	5.7675	common_voice_sw_30375134.wav
wabantu waliwaua kikatili wamasai kipindi chakula chao kikuu mifugo 	male_masculine	5.6955	common_voice_sw_36381519.wav
kama ilivyo kawaida ya maisha kwa kiumbe yeyote aliye hai 	female_feminine	5.8035	common_voice_sw_30624075.wav
mwanamke huyo ambaye ametajwa kuwa mwanamke tajiri zaidi barani afrika 	male_masculine	8.6475	common_voice_sw_30402901.wav
ripoti hiyo haikutoa sababu ya iran kusitisha kwa muda mazungumzo 	female_feminine	5.5875	common_voice_sw_37331990.wav
swali litabaki kwa upande wa neymar ataboresha kiwango chake au atapotezwa 	male_masculine	6.4155	common_voice_sw_30327284.wav
uko kwenye mdomo mpana wa mto saint john 	female_feminine	4.0755	common_voice_sw_29515722.wav
mpaka wa holili mkoani kilimanjaro kaskazizini mwa nchi 	male_masculine	4.5435	common_voice_sw_29787578.wav
ngoma hizo huchezwa watu wakiwa wamevaa nguo za asili 	male_masculine	4.6155	common_voice_sw_35132512.wav
iko katika mashariki ya nchi 	male_masculine	4.4355	common_voice_sw_29572641.wav
mfano mzuri ni kile ambacho kinatokea 	male_masculine	3.1755	common_voice_sw_36367892.wav
katika nchi zinazoendelea zenye mapato ya chini au ya kati 	male_masculine	5.6235	common_voice_sw_36807763.wav
ilikuwa ya kwamba hajajikazia kuendeleza taasisi yake 	male_masculine	5.3355	common_voice_sw_29906025.wav
akapata upadre haraka mwaka wa elfu moja mia tano na saba 	male_masculine	3.6075	common_voice_sw_30026562.wav
katika lugha za kigermanik siku hii ina jina la jua 	male_masculine	6.0555	common_voice_sw_28669505.wav
alikuwa nje ya ukumbi wa mikutano wa umoja wa mataifa 	female_feminine	5.1555	common_voice_sw_34812488.wav
taifa la liberia liliwahi kutoa mwanasoka bora wa dunia 	male_masculine	7.6755	common_voice_sw_31304496.wav
vyakula vya asili ni magimbi na matuwi pia mahindi pamoja na mihogo 	female_feminine	5.1555	common_voice_sw_29793646.wav
wakati huo inasemekana kwa afrika watu walikua tayari wameanza kupata ugonjwa huu 	male_masculine	6.7035	common_voice_sw_29892402.wav
sahihi iyo ilihusisha makubaliano ya kukomesha utumwa kwa pamoja ikiihusisha uingereza 	male_masculine	7.2435	common_voice_sw_30450840.wav
mume wake alichukua nafasi kubwa katika kumsaidia juu ya sanaa yake 	male_masculine	6.3435	common_voice_sw_29434826.wav
unatumika kwenye nchi ambazo ni wanachama wa umoja wa mataifa 	male_masculine	6.7035	common_voice_sw_35408174.wav
kwa ufanisi rasilimali za usafiri waendeshaji wa 	male_masculine	4.1835	common_voice_sw_36381714.wav
hii inahusisha wavulana wengi kati ya umri wa miaka kumi na mbili 	male_masculine	7.1355	common_voice_sw_31306516.wav
ni zoezi ambalo limetiwa kumbukumbu katika wamasai wa kenya na tanzania 	male_masculine	5.1555	common_voice_sw_30021600.wav
hadi mwaka elfu mbili na kumi na nane 	male_masculine	3.2835	common_voice_sw_36386452.wav
inajipanga kutengeneza silaha zenye nguvu 	male_masculine	3.4275	common_voice_sw_36617364.wav
nasi tuseme kuwa mtoto ni mtu mzima wa kesho 	male_masculine	3.7875	common_voice_sw_29939047.wav
mtu huwa na halijoto tofauti na mazingira yake hivyo anaonekana pia katika giza 	male_masculine	6.8835	common_voice_sw_28879135.wav
hali ya kushuka kwa theluji bado imeendelea kutikisa nchi mbalimbali na wakati huu marekani 	male_masculine	9.2955	common_voice_sw_36013923.wav
waziri mkuu ndilo jina la kawaida la cheo cha mkuu wa serikali 	male_masculine	6.1635	common_voice_sw_29637086.wav
mto ruaha ndiyo chanzo kikubwa cha maji ndani ya hifadhi 	male_masculine	5.8035	common_voice_sw_29795909.wav
watu waliopinga zaidi vita dhidi ya taifa la iraq 	male_masculine	5.5155	common_voice_sw_29934945.wav
walihitimisha kwamba blob licha ya kukosa neva anaweza kujifunza kutokana na uzoefu na kubadilisha 	male_masculine	9.5475	common_voice_sw_37097304.wav
pia alikuwa na kipaji cha kuandika 	male_masculine	3.7875	common_voice_sw_28690254.wav
lakini kwa sababu sasa sarafu ni moja 	male_masculine	4.0035	common_voice_sw_35132561.wav
wakati huo kamanda mpya mjerumani tom von prince alijenga boma jipya la wajerumani 	male_masculine	6.5955	common_voice_sw_29936484.wav
nyota huyo anayejivunia mabao ishirini na sita kutokana na michuano ya el clasico 	male_masculine	6.8475	common_voice_sw_29899099.wav
sasa wafuasi wake aliowatuma wakamchukue huyo mama wakaenda 	male_masculine	6.64765625	common_voice_sw_30629127.wav
hali hiyo ilimfanya karume azidi hamu na kutafuta kazi ya ubaharia 	male_masculine	7.4955	common_voice_sw_30180373.wav
wanaona tu niupuzi lakini kwa uhakika u 	male_masculine	5.2275	common_voice_sw_36944792.wav
vikosi vya tanzania vilitakiwa kushinda mpambano huo ili viuteke mji mkuu wa uganda 	male_masculine	8.8275	common_voice_sw_29935100.wav
kwa pamoja mienendo hii huongeza hatari ya kupata magonjwa ya zinaa 	male_masculine	6.4155	common_voice_sw_30342744.wav
mafuta mengi duniani kuna idadi ambazo 	female_feminine	4.0755	common_voice_sw_34924624.wav
hadi akafika maeneo ya kabale huko suma tukuyu wilayani rungwe 	male_masculine	7.9635	common_voice_sw_30333957.wav
manchester united ilijitutumua wakatoaka 	female_feminine	4.3635	common_voice_sw_30574979.wav
sikukuu yake huadhimishwa kila mwaka kwenye tarehe ya kifo chake 	male_masculine	6.7035	common_voice_sw_28690022.wav
mara nyingi kuna wabunge wa kuchaguliwa na wale wa kuteuliwa 	male_masculine	4.6155	common_voice_sw_29725993.wav
bila kusahau halmashauri ya wilaya ya kilosa na halmashauri ya wilaya ya ulanga 	male_masculine	7.7475	common_voice_sw_30579097.wav
na gberi bana karibu kabisa na mto maarufu wa rokel 	female_feminine	5.0835	common_voice_sw_35099697.wav
ina malengo ya kujipanua zaidi katika maeneo zaidi 	male_masculine	4.3635	common_voice_sw_29850094.wav
yetu wa wakati huu anayesema nasi kwa imani isiyozeeka kazi yake 	male_masculine	5.7675	common_voice_sw_36390743.wav
mnyama alipotea msituni kwa miaka mingi 	male_masculine	3.0675	common_voice_sw_30022010.wav
wangapi kati ya watawala maalum wa kiafrika ambao tayari tumekuwa nao 	female_feminine	6.9555	common_voice_sw_30397774.wav
wananchi ni rahisi kujua vita wanayopigana 	male_masculine	5.1555	common_voice_sw_29946563.wav
kaskazini yaliwahi kupiga utumwa marufuku lakini majimbo 	male_masculine	5.2635	common_voice_sw_37091760.wav
vivutio vilivyoingia katika shindano la kutafuta maajabu saba ya asili 	male_masculine	5.0475	common_voice_sw_30677313.wav
siasa rais mpya wa malawi lazarus chakwera alikuwa muhubiri wa kanisa la kiinjili ambaye 	male_masculine	8.1435	common_voice_sw_36257005.wav
aliandika mwandishi na mchambuzi huyo wa siasa maggid mjengwa 	male_masculine	8.2875	common_voice_sw_30118074.wav
zindiko hilo lilifanyika bagamoyo katika moja ya mashimo 	male_masculine	5.6955	common_voice_sw_30485094.wav
iko katika siberia ya kusini kwenye kitovu cha kijiografia cha asia 	female_feminine	6.4155	common_voice_sw_28961660.wav
kwa ujumla chaguzi hizi za viongozi wa mitaa hazina msisimko mkubwa 	female_feminine	5.4435	common_voice_sw_37088342.wav
tundu antiphas mughwai lissu ni mwanasiasa wa chama cha demokrasia na maendeleo nchini tanzania 	female_feminine	7.8555	common_voice_sw_30623789.wav
ifika katika ofisi ya gazeti hilo hapo jana nakumkamata bwana 	male_masculine	5.1555	common_voice_sw_36373756.wav
mlango uliokuwa kwenye gereza lililojengwa na wareno walilazimika kuuondoa 	male_masculine	6.39565625	common_voice_sw_30735720.wav
ni yeye aliyepandisha mwenge wa uhuru na bendera katika mlima mrefu kuliko yote afrika 	female_feminine	7.3875	common_voice_sw_30060840.wav
mafunzo juu ya mabadiliko ya kibayolojia kwa vijana 	female_feminine	4.0755	common_voice_sw_30023730.wav
kutokana na mapigano hayo ya wenyewe kwa wenyewe 	female_feminine	3.5355	common_voice_sw_31446590.wav
ni maarufu kwa hisia za kuhama 	male_masculine	4.9755	common_voice_sw_29612298.wav
umeamka vipi 	male_masculine	2.0235	common_voice_sw_36381119.wav
ndani ya kisiwa cha chumbe kuna majengo ya msikiti yalijengwa karne ya ishirini 	male_masculine	7.7835	common_voice_sw_30317551.wav
watumwa walifungwa kwenye mkunazi uliokuwa ukipatikana hapo kwa ajili ya kunadiwa na kuuzwa 	male_masculine	6.5955	common_voice_sw_36381025.wav
sheria inayatambua majengo yote yaliyojengwa kabla ya uhuru 	male_masculine	4.0035	common_voice_sw_29796840.wav
serikali za kwanza zilikuwa na matatizo ya kisiasa 	male_masculine	5.9835	common_voice_sw_29434675.wav
kwani dini na elimu kipindi hicho vilienda pamoja sana 	male_masculine	4.6155	common_voice_sw_29787970.wav
basi utakuwa mkosefu wa fadhila bila kujumuisha majina kama patrick balisidya 	male_masculine	5.5875	common_voice_sw_37090988.wav
ni vema pia kusema kuwa shule hizo huvutia wanafunzi kutoka tanzania nzima 	male_masculine	5.1555	common_voice_sw_30020071.wav
ambayo ni msimu wa vuli unaoanzia mwezi oktoba desemba 	male_masculine	7.2435	common_voice_sw_29907118.wav
timu zinazoingia fainali mara mbili mfululizo zipewe sifa 	male_masculine	4.7235	common_voice_sw_30025954.wav
lugha za makabila hayo kufanana kwa takribani asilimia tisini 	female_feminine	5.8755	common_voice_sw_35586678.wav
biashara hiyo iliendelea kwa siri katika maeneo mengine 	male_masculine	3.3555	common_voice_sw_37086886.wav
hata hivyo aliweza kushiriki na kushinda 	male_masculine	3.8235	common_voice_sw_28716306.wav
wakati hakuna kitu cha kula na mwenzako mmoja amejeruhiwa kumuua na kumla ili kuishi 	male_masculine	7.8555	common_voice_sw_29856681.wav
lazima kuna kitu labda unaona siyo muda muafaka kunambia alisema mtaalamu huku akisimama 	male_masculine	6.8835	common_voice_sw_36311000.wav
utawala wa kiroma lakini waliheshimiwa sana na wananchi wa kawaida 	male_masculine	5.9475	common_voice_sw_37097991.wav
bado utupu ndani yao pamoja na kutotosheka 	male_masculine	4.5075	common_voice_sw_29937764.wav
na zaidi ya mia moja kujeruhiwa vibaya 	female_feminine	4.1475	common_voice_sw_34761517.wav
rais samia suluhu hassan kabla alihutubia bunge la kenya 	male_masculine	6.0915	common_voice_sw_36385588.wav
tausi jike hukaa na watoto wake kwa karibu miezi sita 	male_masculine	6.1275	common_voice_sw_29906129.wav
mabadiliko haya yalikuja kama sehemu ya kujaribu kushughulikia kero mbalimbali za muungano 	female_feminine	8.0355	common_voice_sw_30146130.wav
nono alikuwa mtawala wa mwisho wa wenyeji asilia 	male_masculine	5.5155	common_voice_sw_29935937.wav
debby naye alimwambia kaka yake na siku iliyofuata kaka yake aliuawa kwa risasi 	female_feminine	5.5515	common_voice_sw_37096728.wav
wakilisha bara hili katika mashindano ya kombe la dunia 	male_masculine	3.1035	common_voice_sw_36389714.wav
messi kuondoka barcelona jambo la kushangaza 	male_masculine	4.3275	common_voice_sw_29877498.wav
alipofanya kazi ya uuzaji wa bia kwa wasafiri 	female_feminine	7.1355	common_voice_sw_30561988.wav
pia wanapewa ajira kwenye viwanda vya uvuvi vilivyojengwa kwenye maeneo hayo 	male_masculine	7.4955	common_voice_sw_30342860.wav
kwa mujibu wa katiba ya jamhuri ya muungano wa tanzania ya mwaka elfu moja 	female_feminine	6.3435	common_voice_sw_34920363.wav
shinikizo la seljuks na mongols baadhi ya waturuki 	male_masculine	7.7835	common_voice_sw_35410987.wav
timu ya taifa ya ureno ilitolewa na hispania kwa penati 	male_masculine	3.7875	common_voice_sw_29962343.wav
katika hisabati umbali kazi au tani ni dhana ya umbali wa kimwili 	male_masculine	4.8675	common_voice_sw_29000846.wav
katika utawala wake alitumia msemo useamao 	male_masculine	5.17165625	common_voice_sw_30628988.wav
wamisionari wakatoliki wa karne zile walifanya mara nyingi kosa la kutofundisha kiasi cha kutosha 	male_masculine	8.0355	common_voice_sw_36251191.wav
kufuatana na uainishaji wa lugha kwa ndani zaidi kigbe defi iko katika kundi la kikwa 	male_masculine	7.1355	common_voice_sw_29203699.wav
ufaransa emmanuel macron amesema kuwa idadi ya maafa 	male_masculine	3.9675	common_voice_sw_36374783.wav
mjukuu wake aitwaye mandla akaibua ya kuibua 	female_feminine	4.6875	common_voice_sw_30261756.wav
mipango kuwahimiza wamasai kuachana na jadi ya uhamaji ili kuishi maisha ya kisasa bado 	male_masculine	6.3075	common_voice_sw_36318657.wav
baadhi ya miamba imekaa kama shimo na mingine ikitengeneza vilima 	female_feminine	5.5155	common_voice_sw_30197739.wav
serikali inafanya jitihada za dhati za kuendeleza uvuvi wa bahari kuu 	male_masculine	6.1275	common_voice_sw_36319355.wav
wanajituma kwenye kazi hasa za kilimo 	male_masculine	2.5635	common_voice_sw_30024456.wav
ni bandari ya kilwa masoko katika eneo la tanganyika pia 	female_feminine	5.2275	common_voice_sw_30054580.wav
sehemu za kusini za maji huhesabiwa kuwa ndani ya bahari ya antaktiki 	male_masculine	6.7755	common_voice_sw_28879137.wav
hapakuwa na kitu zaidi ya kusafirisha watu waliobaki 	male_masculine	4.4355	common_voice_sw_37099498.wav
kiungo wa kushambulia wa wales gareth bale alikuwa shujaa 	male_masculine	5.3355	common_voice_sw_29796625.wav
maana asili ya jina ni koloni 	male_masculine	4.0755	common_voice_sw_28690055.wav
anarudia ulinganifu kati ya makundi ya wakaazi mbalimbali 	male_masculine	5.6235	common_voice_sw_30634525.wav
mohammed anaunda safu ya ulinzi ya azam ambayo ndio timu pekee mpaka sasa 	male_masculine	7.7835	common_voice_sw_30334762.wav
jina la serengeti limetokana na neno la kimasai linaloitwa serengiti 	male_masculine	8.2515	common_voice_sw_29968292.wav
yohane wa mungu 	male_masculine	2.7435	common_voice_sw_28970094.wav
pia miundombinu kwa kiasi chake imeboreshwa 	male_masculine	5.1555	common_voice_sw_29788594.wav
ais samia suluhu anakabiliwa na kibarua kigumu cha kuinua hali ya uchumi 	male_masculine	5.8035	common_voice_sw_30007308.wav
usultani wa zanzibar ulikuwa umepewa na uingereza uhuru wake 	female_feminine	6.0555	common_voice_sw_29848812.wav
wamekuwa wakinipa ushirikiano katika kila hatua ninayopitia 	male_masculine	5.9475	common_voice_sw_29935770.wav
kiasili ben ni mtu wa dodoma 	male_masculine	3.7155	common_voice_sw_29637407.wav
kulingana na kifungu cha ishirini na mbili cha mkataba wa versailles 	male_masculine	6.1275	common_voice_sw_30635725.wav
muziki nimepata na siishi hamu 	male_masculine	5.1555	common_voice_sw_34391094.wav
kwa mfano kuna ukoo uliokaa sehemu zenye udongo bayungu walijiita wayungu 	female_feminine	7.2435	common_voice_sw_30052077.wav
lakini kila jamii inajitofautisha kwa lahaja yake 	male_masculine	6.8835	common_voice_sw_36299500.wav
ilikuwa shule ya kwanza ya biashara ya kijani nchini afrika 	male_masculine	5.9835	common_voice_sw_28830745.wav
baadae alidai mwenyewe kuwa alilazimishwa kuingia jeshini 	male_masculine	6.5235	common_voice_sw_31326720.wav
subiri nitafika ijumaa 	female_feminine	2.8875	common_voice_sw_35183969.wav
alisema maneno ambayo hakujua kama yataishi 	male_masculine	3.8235	common_voice_sw_30220815.wav
wajita wengi wanaozungumza lahaja ya kikwaya ni wakatoliki 	male_masculine	6.8475	common_voice_sw_30514862.wav
alama hizo ziliripoti kwa hivyo tulianza safari 	female_feminine	4.9755	common_voice_sw_35106732.wav
warundi walisema kwamba polisi wa tanzania waliwashikiria 	female_feminine	5.1555	common_voice_sw_30324897.wav
ubarikiwe baba 	male_masculine	2.6355	common_voice_sw_36330702.wav
konokono wengine wengi kiasi pia hupatikana kwenye maji baridi 	male_masculine	5.7675	common_voice_sw_28682820.wav
kwa ajili ya kuhamasisha watu nchini uingereza kuhusiana na suala hilo 	male_masculine	4.8675	common_voice_sw_29936412.wav
warsha ya kuchangia sentensi 	male_masculine	3.6075	common_voice_sw_30210008.wav
walikusanywa sehemu moja ili kumrahisishia ngariba 	male_masculine	7.0275	common_voice_sw_31720726.wav
mojawapo ni kukutana na watu wa kupendeza kwa wema wao 	male_masculine	5.2275	common_voice_sw_28735758.wav
ee hiki ni kibanda huu mchezo unakwenda wapi 	male_masculine	4.1475	common_voice_sw_37098222.wav
msema kweli mwadilifu mcha mungu na mtu ambaye anaamini katika vitendo kuliko manenosababu 	male_masculine	6.8835	common_voice_sw_37229917.wav
henrik larson wa sweden alifunga mabao matatu 	male_masculine	4.1475	common_voice_sw_29936393.wav
hutumika kutibu magonjwa katika mfumo wa mkojo na koo 	male_masculine	4.3635	common_voice_sw_28681566.wav
mimi ni mswahili sina kabila au kutaja kabila analojua halitadharaulika 	male_masculine	7.7835	common_voice_sw_30182304.wav
wanawake wapatao thelathini wanalima mwani pembezoni mwa bahari 	male_masculine	5.7675	common_voice_sw_37088747.wav
mbuni ana shingo yenye urefu wa mita moja nukta nane 	male_masculine	5.9475	common_voice_sw_29789084.wav
uliwekwa utaratibu wa kuandaa katiba ya kudumu ya muungano 	male_masculine	3.69565625	common_voice_sw_30146062.wav
ili apate mafunzo zaidi ya kijeshi nchini uingereza 	male_masculine	5.8035	common_voice_sw_31409713.wav
tanga ni mkoa unaopatikana kaskazini mwa tanzania 	male_masculine	5.8035	common_voice_sw_30388966.wav
baada ya kujivua nafasi zote za uongozi ndani ya serikali ya cuba 	male_masculine	5.2635	common_voice_sw_36040753.wav
iko tanzania katika mkoa wa katavi zamani rukwa 	male_masculine	5.5875	common_voice_sw_30671089.wav
babeli uliendelea kuwa mji muhimu katika dola la uajemi 	male_masculine	9.3675	common_voice_sw_29698018.wav
ulifanya kazi gani 	male_masculine	2.3835	common_voice_sw_36386002.wav
kwa kukua huko alijifunza mengi juu ya meli na bahari 	female_feminine	5.4075	common_voice_sw_29655266.wav
mapenzi ya kweli yanadumu milele 	male_masculine	5.1555	common_voice_sw_28670037.wav
lengo la kuhakikisha usalama na uimara katika mfumo wa shughuli za kibenki 	male_masculine	6.5235	common_voice_sw_30181548.wav
linapatikana katika mkoa wa singida 	male_masculine	4.9035	common_voice_sw_28691285.wav
mimi ni mtu mstaarabu sana 	male_masculine	3.1035	common_voice_sw_37092666.wav
akiwa na shahada ya kwanza katika biashara ya kimataifa na fedha 	male_masculine	6.3075	common_voice_sw_29936711.wav
argentina imetwaa kombe la dunia mara mbili 	female_feminine	4.3275	common_voice_sw_30495688.wav
mtoto wa kiume hutahiriwa akiwa na umri wa miaka saba 	male_masculine	4.7235	common_voice_sw_30181096.wav
taarifa ya hospitali ya wilaya ya serengeti 	male_masculine	3.5355	common_voice_sw_36067419.wav
nyerere alitawala nchi ya tanzania kwa muda mrefu 	female_feminine	4.4355	common_voice_sw_30052684.wav
kuchota maji kuokota kuni kukamua ngombe na kupikia familia thelathini na nnengoma ya 	male_masculine	6.8835	common_voice_sw_37085063.wav
nikule na wewe kila wakati 	male_masculine	3.1755	common_voice_sw_36037564.wav
akachukua shahada na kuwa daktari wa fani hiyo akawa mwalimu 	male_masculine	4.6875	common_voice_sw_30313798.wav
sana yesu alipokamatwa petro alitaka kutumia upanga wake ili amtetee 	male_masculine	9.1155	common_voice_sw_36945353.wav
kumekuwa na upotovu wa mila na tamaduni za baadhi ya makabila 	female_feminine	4.5075	common_voice_sw_29793886.wav
wakati wa uhai wake majolle alipata sifa kama mchoraji mashuhuri wa mashariki 	male_masculine	9.2235	common_voice_sw_28583632.wav
hilo refu na kuwapiga risasi watu takribani watano 	male_masculine	4.3635	common_voice_sw_29963203.wav
waandamanaji walimuua askari mmoja na kuchoma moto kituo cha polisi 	male_masculine	6.4155	common_voice_sw_30141612.wav
wengine wakisema madrid ilikuwa imesheheni nyota wa kali 	male_masculine	6.0555	common_voice_sw_31408401.wav
kuhara kutapika na magonjwa mengine yanayowaathiri watoto 	female_feminine	4.5075	common_voice_sw_29793720.wav
amani tele sote ni wakenya laleni salama 	male_masculine	4.0035	common_voice_sw_37090129.wav
kimsingi kuna sekta kumi na mbili za kabila la wamasai 	male_masculine	4.5435	common_voice_sw_30630892.wav
hakuna vile ningeficha 	female_feminine	3.2835	common_voice_sw_34833767.wav
elfu tatu lakini walioongezeka na kufikia elfu ishirini 	male_masculine	5.6235	common_voice_sw_29996496.wav
na moja mikononi mwa vikosi vya baraza la mpito na ni baada ya kuondolewa 	male_masculine	7.3875	common_voice_sw_37229626.wav
ambayo ilibainisha zifuatazo masharti yafuatayo 	female_feminine	4.8675	common_voice_sw_36644618.wav
ngano ambayo ni mazao makuu asia ya kusini ndiyo inayotumiwa 	male_masculine	5.5155	common_voice_sw_28994731.wav
vikosi vidogo vya jeshi la wajerumani gavana soden alidai kutoendelea na mapigano 	male_masculine	7.2435	common_voice_sw_30099248.wav
alihitimu na digrii ya shahada ya sanaa katika sayansi ya jamii 	male_masculine	5.9835	common_voice_sw_29685865.wav
na waturuki na hata zaidi kuwaonyesha hasira yako 	female_feminine	4.3635	common_voice_sw_36038675.wav
ni mmoja wa wazee niliofanya nao mazungumzo anasema kuwa shujaa huyo alizaliwa hapa 	female_feminine	5.2275	common_voice_sw_37094149.wav
ge linawezakawa ni bunge nzuri sana ambalo hatujapata kwa 	male_masculine	6.7755	common_voice_sw_37098350.wav
vilabu vya burudani ni pamoja na ala za muziki kwaya na ngoma ya kisasa 	male_masculine	8.2155	common_voice_sw_28694252.wav
nkrumah alitaka kurudi afrika baada ya vita ya pili ya dunia 	female_feminine	6.3435	common_voice_sw_30395017.wav
kanuni za kikatiba na mamlaka ya bodi ya sarafu zilieleza 	male_masculine	4.9035	common_voice_sw_29937919.wav
moja ya hifadhi yenye makundi makubwa na mengi ya tembo kuliko hifadhi nyingine tanzania 	female_feminine	7.6035	common_voice_sw_29789912.wav
kaunda alitangazwa kuwa raia wa nchi ya kigeni yaani msumbiji 	male_masculine	5.9475	common_voice_sw_29795595.wav
wapo waliodai kuwa asili ya neno waha au ha 	male_masculine	5.9475	common_voice_sw_29796038.wav
asante sana emanuel makundi nakushukuru 	male_masculine	3.6435	common_voice_sw_36385110.wav
kenge hawa wanaiba mayai ya mamba na kula nyoka 	male_masculine	4.3275	common_voice_sw_30327274.wav
iko umbali wa kilomita sitini na mbili 	female_feminine	4.0755	common_voice_sw_29792645.wav
aina kumi na sita tofauti ya acacia zipo katika msitu huu 	female_feminine	6.0555	common_voice_sw_31445765.wav
maji hayo yanayobubujika kutoka ardhini huonekana yakitoa moshi kama vile maji yanayochemka jikoni 	male_masculine	9.0435	common_voice_sw_30181019.wav
naam imetimia saa mbili na dakika thelathini na tatu kwa saa za afrika mashariki 	male_masculine	4.5435	common_voice_sw_36389396.wav
inaonyesha uwezekano wa jinsi vile mtu ana maambukizi katika koo 	male_masculine	5.2635	common_voice_sw_28683328.wav
tunakokwenda najua kabisa akina mama watakuwa na nguvu kuliko akina baba 	male_masculine	6.7035	common_voice_sw_29896178.wav
timu za hispania nyingi zilikuwa bora 	male_masculine	4.6875	common_voice_sw_30661049.wav
askari wa cheo cha chini bwana hezekiah ochuka 	female_feminine	4.3275	common_voice_sw_37086705.wav
watafiti mbalimbali wanahisi limetokana na kazi ya kuvuna ulezi 	male_masculine	5.6235	common_voice_sw_30671383.wav
na rafiki zao wamerekani walihakikisha wanammaliza mkombozi huyu leo ndio siku ambayo lumumba aliuwawa 	male_masculine	9.0075	common_voice_sw_36381277.wav
wazazi wake wanatakiwa wawe hai na wenye kuheshimika 	male_masculine	6.1635	common_voice_sw_30515566.wav
mwalimu vincent kamoto ni mkuu wa shule hii ya udenye iliyoko wilayani songwe 	male_masculine	9.0435	common_voice_sw_30122288.wav
mwaka elfu mbili na tano aliteuliwa kuwa waziri hadi mwaka elfu mbili na kumi 	male_masculine	5.6955	common_voice_sw_29936803.wav
walihusishwa na matukio ya uhaini mahakamani wakakutwa na hatia 	male_masculine	5.56765625	common_voice_sw_30631117.wav
ziwa nyasa limezungukwa na nchi tatu ambazo ni tanzania malawi na msumbiji 	male_masculine	6.5955	common_voice_sw_30143889.wav
kutoka arusha mjini na wakati mzuri wa kutembelea hifadhi hii ni 	male_masculine	4.5075	common_voice_sw_29796792.wav
ni ziara iliyokuwa na mafanikio makubwa kwa 	male_masculine	4.7235	common_voice_sw_35224115.wav
forodhani ni eneo zuri kwa watalii kujifunza vyakula vya asili ya zanzibar 	female_feminine	5.9475	common_voice_sw_30539497.wav
za kisheria mtu asiye mwislamu hakuruhusiwa kushiriki katika 	female_feminine	6.3435	common_voice_sw_34749726.wav
kipindi cha nyuma wenzetu waarabu walianza kumpeleka 	male_masculine	3.9675	common_voice_sw_29994825.wav
spishi zote ni nene zenye mkia mfupi na manyoya mazito 	male_masculine	6.1995	common_voice_sw_29574548.wav
linachukua waumini mia moja hamsini mpaka mia mbili kwa wakati mmoja 	male_masculine	5.6955	common_voice_sw_37090151.wav
funguliwa mashtaka mwaka elfu mbili na sita 	male_masculine	3.8955	common_voice_sw_36389900.wav
kila swali kwenye mtihani wangu lilikuwa gumu 	female_feminine	4.95565625	common_voice_sw_30079931.wav
meli hiyo ilikuta watu wengi wameshakufa 	male_masculine	2.7435	common_voice_sw_36389447.wav
mwelekeo wa ujamaa wa baadhi katika serikali mpya 	male_masculine	5.8035	common_voice_sw_29862545.wav
siku mbili kabla ya wavulana kutahiriwa vichwa vyao hunyolewa themanini na moja kisha vijana 	female_feminine	7.6755	common_voice_sw_35160859.wav
ni mchezaji wa zamani wa timu ya taifa ya ureno na klabu za barcelona 	female_feminine	6.6675	common_voice_sw_29790075.wav
vitatoa mawasiliano ya pande mbili baina ya serikali na watu 	female_feminine	5.6955	common_voice_sw_34598097.wav
afrika mashariki ilianzisha umoja wao chini ya nyerere 	male_masculine	5.8035	common_voice_sw_29795499.wav
ni ukamilifu kwa kila mtu 	male_masculine	3.2475	common_voice_sw_35756839.wav
wakivutiwa kupanda na kufika vileleni mwa milima hii 	male_masculine	4.1475	common_voice_sw_30025528.wav
hii ni kutokana na ukweli kwamba jiografia ya zanzibar imezungukwa na bahari 	male_masculine	9.0075	common_voice_sw_34743188.wav
wakahukumiwa kwenda jela kifungo cha maisha 	male_masculine	5.4075	common_voice_sw_31370880.wav
wasimulizi na waandishi wa fasihi huhitaji kuwa na ukwasi wa lugha 	male_masculine	7.0635	common_voice_sw_36381301.wav
matokeo rasmi ya uchaguzi wa chama tawala cha pdb yaonyesha kuwa rais jonathan 	male_masculine	6.1635	common_voice_sw_36373754.wav
kufuatana na uainishaji wa lugha kitai ya iko katika kundi la kitai ya kusini magharibi 	male_masculine	7.2435	common_voice_sw_29007036.wav
tanganyika na zanzibar ziliunda jamhuri ya muungano wa tanzania 	male_masculine	5.1555	common_voice_sw_31329059.wav
jana tuliona jinsi majeshi ya tanzania yalivyoanza safari 	male_masculine	5.1555	common_voice_sw_31304397.wav
yamejaa kwani wapo wengi ambao wameshindwa kumaliza 	male_masculine	4.8675	common_voice_sw_29926923.wav
hasa anajulikana kwa kugundua elektroni 	male_masculine	5.3355	common_voice_sw_29657692.wav
hivyo mzizi wa asili ni mzizi ambao hutokana na kitenzi halisi 	male_masculine	7.0635	common_voice_sw_28660697.wav
kimsingi kuna jamii kumi na mbili za kabila la wamasai 	male_masculine	8.2155	common_voice_sw_31304349.wav
kanisa kuu liko jijini tabora na linaitwa la mt 	male_masculine	6.1635	common_voice_sw_29786418.wav
watu wote waliompinga iddi amini waliuliwa hadharani 	female_feminine	4.5435	common_voice_sw_29797708.wav
wachagga wana historia ndefu ya asili yao na ya maingiliano yao na makabila mengine 	male_masculine	7.9635	common_voice_sw_30661095.wav
messi akawa sehemu muhimu ya timu ya mtoto wa ndoto timu ya vijana barcelona 	male_masculine	6.4155	common_voice_sw_29962396.wav
maasai land iligawanywa kwenye wilaya ya kiteto elfu moja mia tisa sabini na nne 	male_masculine	6.1275	common_voice_sw_29962268.wav
milima ya usambara na milima ya uvidunda 	male_masculine	5.4435	common_voice_sw_30586116.wav
mwanamke ni pambo la nyumba ndani 	female_feminine	3.1755	common_voice_sw_35105016.wav
wake wengine ambao waliolewa na bwana karume ni bibi nasra helemu 	male_masculine	6.1635	common_voice_sw_30090847.wav
wanafunzi wamemaliza mtihani 	male_masculine	4.1475	common_voice_sw_32210868.wav
zilikuwa zimetokana na utu au nafsi yake si cheo chake 	male_masculine	4.6875	common_voice_sw_29961287.wav
hakuna mwalimu asiyetaka kuinoa barcelona 	male_masculine	5.5875	common_voice_sw_31415663.wav
ushiriki wa ibada ni wa juu sana 	male_masculine	3.8955	common_voice_sw_28663203.wav
wabantu wenye ujuzi wa kilimo na uhunzi 	male_masculine	3.2835	common_voice_sw_30327621.wav
tarakilishi ni nzuri kwa kufuata amri na kuhifadhi vitu muhimu 	male_masculine	5.7675	common_voice_sw_28662091.wav
mkwawa alikuwa mtemi na kiongozi mkuu wa kabila la wahehe katika tanganyika 	male_masculine	6.1635	common_voice_sw_30057944.wav
italia kwa papa akajaribu kujenga umoja wa kanisa ila haukutekelezwa 	male_masculine	5.1555	common_voice_sw_37223396.wav
ametuma salamu zake za rambirambi na kuahidi watakuwa tayari 	male_masculine	5.2635	common_voice_sw_36381186.wav
ameomba kampuni hiyo kubadili utaratibu wa kubadili wafanyakazi mara kwa mara kunakosababisha kudaiwa ada 	male_masculine	10.3035	common_voice_sw_36381344.wav
akipokea hundi hiyo mtendaji mkuu wa simba barbara gonzalez 	female_feminine	6.5955	common_voice_sw_30034026.wav
kina cha ziwa hilo ni karibu meta mia saba na hamsini 	male_masculine	4.1835	common_voice_sw_30674908.wav
wakazi wa kwanza wa eneo linaloitwa kenya walikuwa wa jamii ya wakhoisan 	male_masculine	10.1235	common_voice_sw_31433285.wav
taifa la nigeria linachimba mafuta na kuyasafirisha katika masoko ya dunia 	male_masculine	6.5955	common_voice_sw_29787857.wav
kwa vipindi vijavyo kutoka hapa idhaa ya kiswahili 	female_feminine	3.8235	common_voice_sw_35104547.wav
ndio mwanzo wa dola takatifu la roma 	male_masculine	3.7155	common_voice_sw_29585113.wav
maonyesho ya nane nane kitaifa mwaka huu tatafanyika katika kanda nane 	male_masculine	5.2275	common_voice_sw_29937730.wav
ndiyo mbuga ya wanyama kwenye ardhi iliyo kubwa na ndefu zaidi duniani 	male_masculine	6.3795	common_voice_sw_30299641.wav
watu wa brazil waliokuwa wanakusanya njugu katika 	female_feminine	5.1555	common_voice_sw_34831425.wav
taifa la misri limetwaa mataji saba ya michuano hiyo ya afrika 	male_masculine	5.6955	common_voice_sw_30628769.wav
wafadhili walirejelea ufadhili mwezi wa novemba mwaka elfu mbili na tatu 	male_masculine	6.4155	common_voice_sw_30668404.wav
kangaroo ana maadui wawili yaani simba na ndege tai 	male_masculine	4.5075	common_voice_sw_30327100.wav
wamasai kijadi ni watu wachungaji ishara nyingi za rangi zinahusiana na ngombe 	male_masculine	5.8395	common_voice_sw_30382030.wav
bernard ndiye mmiliki wa kampuni ya mitindo ya louis vuitton na sephora 	male_masculine	6.9555	common_voice_sw_30363996.wav
hispania na ureno zilikubali kuizima biashara kwa fidia kutoka uingereza 	female_feminine	7.04365625	common_voice_sw_30004942.wav
atafta kazi kwa udi na uvumba 	female_feminine	2.9235	common_voice_sw_31997205.wav
wananchi wa manispaa ya mtwara mikindani wanajishughulisha na biashara 	male_masculine	8.4675	common_voice_sw_31304595.wav
ganda la mua la jana chungu kaona kivuno 	male_masculine	5.6235	common_voice_sw_31306395.wav
urembo ni hali ya kuwa na afya bora 	male_masculine	2.8155	common_voice_sw_30385738.wav
ana uzoefu kwa kusema uongo 	male_masculine	3.2835	common_voice_sw_37083310.wav
rais mstaafu benjamin mkapa ni kiongozi aliyesimama imara kupambana na rushwa 	male_masculine	6.0555	common_voice_sw_29845734.wav
wachezaji wengi wakubwa kutoka barani ulaya walishiriki michuano 	male_masculine	3.5355	common_voice_sw_29879315.wav
unaopikwa kutokana na unga wa mahindi yaliyokobolewa na kuvundikwa kwa muda mrefu 	male_masculine	10.4835	common_voice_sw_31304418.wav
alifungwa jela kwa kosa la kuunda kikosi cha kijeshi 	male_masculine	5.2635	common_voice_sw_31326736.wav
albamu ilipata kushika nafasi ya kwanza kwenye cha za bora 	male_masculine	5.4075	common_voice_sw_28582365.wav
mmliki wa kampuni hiyo aliruhusu titanic kuundwa 	male_masculine	4.0755	common_voice_sw_36308601.wav
hapana mkuu sijamuona mimi nilikuwa chooni 	male_masculine	4.1835	common_voice_sw_30179632.wav
kuna pia uwanja mdogo wa ndege 	male_masculine	4.8675	common_voice_sw_29455881.wav
hakujua kama baba yake jabir alikuwa ni mwanajeshi na picha nyingine alikuwa jabir 	male_masculine	6.7035	common_voice_sw_36382059.wav
tunayo milima kama kilimanjaro milima ya usambara uluguru na udzungwa 	male_masculine	7.0275	common_voice_sw_29796429.wav
au maamuzi yanayotolewa kwa jina la cote de voire 	male_masculine	3.7875	common_voice_sw_37224114.wav
ronaldo alitwaa kiatu cha dhahabu cha ulaya alipokuwa real madrid 	male_masculine	6.3075	common_voice_sw_30147033.wav
njia nyingine ya kupandia mlima ipo tarakea 	female_feminine	4.6875	common_voice_sw_30056609.wav
katika kulaani nchi za magharibi kwa kuingilia siasa za afrika 	female_feminine	5.6235	common_voice_sw_36732171.wav
mabadiliko kwenda kwenye utu uzima huhusisha mageuzi ya kijana 	female_feminine	5.2635	common_voice_sw_30198098.wav
kufuatana na uainishaji wa lugha kitai pao iko katika kundi la kitai ya kusini magharibi 	male_masculine	8.9355	common_voice_sw_29184756.wav
mwaka elfu moja mia tisa thelathini na nne uliundwa umoja wa waafrika 	male_masculine	5.9835	common_voice_sw_29873164.wav
lakini raslimali hizi zimeshindwa 	male_masculine	2.8875	common_voice_sw_36381974.wav
uweze kupambana vema na maradhi yatakayoharibu kinga za mwili 	male_masculine	7.6035	common_voice_sw_36299567.wav
messi alikuwa kwenye kikosi cha argentina kilichokuwa na mastaa kibao 	male_masculine	6.5955	common_voice_sw_29895838.wav
aliwahi kucheza timu ya taifa ya burkina faso 	male_masculine	4.0755	common_voice_sw_28745413.wav
alishinda ubingwa wa ulaya alipokuwa porto 	male_masculine	3.2475	common_voice_sw_29787924.wav
kwanza ziwa hili ni chanzo cha mito kadhaa barani afrika 	male_masculine	3.7875	common_voice_sw_30002551.wav
hii ndiyo wilaya yenye makabila mengi zaidi nchini tanzania 	female_feminine	4.9755	common_voice_sw_28708406.wav
nchini uganda ikawa ndiyo mwanzo wa vita vya wenyewe kwa wenyewe 	male_masculine	6.4155	common_voice_sw_28258975.wav
baadhi ya visiwa hivyo ni goziba na nansio pamoja na ukerewe 	male_masculine	4.6155	common_voice_sw_30306490.wav
bomoa iyo nyumba 	male_masculine	3.1755	common_voice_sw_31949900.wav
walimlazimisha awaongoze kuwapeleka sehemu alipo ili wamkamate 	male_masculine	7.7835	common_voice_sw_30582911.wav
kwa sasa imekuwa sehemu ya kaunti ya elgeyo marakwet 	male_masculine	4.3635	common_voice_sw_28690135.wav
katika ardhi ya tanzanai katika miaka hiyo ya ukombozi wa bara la afrika 	male_masculine	6.3075	common_voice_sw_30668394.wav
kanisa katoliki pamoja na mfalme mkuu wa ujerumani walijaribu kugandamiza wafuasi wa luther 	female_feminine	8.1075	common_voice_sw_30074703.wav
vyuo vingi nchini tanzania wamekuwa wakiwataaa watu wenye ulemavu 	male_masculine	5.9475	common_voice_sw_30118044.wav
wamasai hunywa supu yenye gome na mizizi inayopunguza mafuta moyoni wamasai wanaoishi mijini ambao 	female_feminine	7.6755	common_voice_sw_35103008.wav
kufuatana na uainishaji wa lugha kwa ndani zaidi kikulango bondoukou iko katika kundi la kigur 	male_masculine	9.7275	common_voice_sw_28669679.wav
kila mtu alijua bayern itashinda mechi hiyo 	male_masculine	4.9035	common_voice_sw_30122843.wav
sugu alitoa nyimbo ambazo zilikuwa gumzo na zenye ujumbe wa moja kwa moja 	male_masculine	4.8675	common_voice_sw_36374792.wav
hakuna mwaka rasmi aliozaliwa vasco da gama 	female_feminine	3.0675	common_voice_sw_37090716.wav
hapo inafaa kujenga maarifa kuhusu matumizi yake 	male_masculine	6.4155	common_voice_sw_29612237.wav
hasa mataifa yale yanayozungumza lugha ya kifaransa 	male_masculine	5.5515	common_voice_sw_30342576.wav
kwa kuzingatia mabadiliko ya hali ya hewa 	female_feminine	4.8675	common_voice_sw_34828982.wav
grace alikuwa mwanawake mrembo sana msumbiji nyakati zile 	female_feminine	7.1355	common_voice_sw_30566632.wav
jiji linapakana na mkoa wa pwani upande wa mashariki linapakana na bahari ya hindi 	female_feminine	7.0635	common_voice_sw_29790633.wav
maladona alifungwa bao la mkono wakicheza dhidi ya uingereza 	male_masculine	6.5955	common_voice_sw_29796392.wav
hasa anajulikana kwa kugundua penisilini 	male_masculine	4.8675	common_voice_sw_29725186.wav
tabia kuu ya maeneo ya aktiki ni baridi yake 	male_masculine	5.2275	common_voice_sw_28690036.wav
ukanda wa eneo hili milimita za mvua kwa mwaka ni milimita mia tatu 	male_masculine	6.5955	common_voice_sw_29898030.wav
kenya ilikuwa karibu na peninsula ya arabia 	female_feminine	5.3355	common_voice_sw_29811006.wav
amesema wadau wanapaswa kuunga mkono uandishi wa kitabu hicho ili kusaidia jamii ya kitanzania 	female_feminine	7.1355	common_voice_sw_35104184.wav
kosa dogo katika kuandika linaweza kusababisha madhara makubwa 	male_masculine	6.8835	common_voice_sw_28669846.wav
kuishirikisha kikamilifu jamii ya wakazi wa bagamoyo katika kupanga na kuamua mikakati madhubuti 	male_masculine	6.5235	common_voice_sw_29797217.wav
ndio mwanzo wa utalii wa malindi 	female_feminine	3.9675	common_voice_sw_29058406.wav
namna ya kawaida ni kufanya tohara 	male_masculine	3.2475	common_voice_sw_36319937.wav
ni tawi kubwa la kundi la lugha za kichina kitibet 	male_masculine	5.9835	common_voice_sw_28681348.wav
mizizi ya meno ambayo hufikiriwa kuwa na minyoo au ni meno ya karatasi au 	male_masculine	6.5955	common_voice_sw_36331501.wav
alitafuta majibu ya harakaharaka labda sehemu ya matatizo yake 	female_feminine	4.8675	common_voice_sw_30581618.wav
nkrumah alishindwa kurudi katika taifa lake la ghana 	male_masculine	4.4355	common_voice_sw_29796691.wav
kabla ya kujikita na hispania kuanzia mwaka elfu moja mia tisa hamsini na saba 	male_masculine	5.5875	common_voice_sw_29938551.wav
kuigwa zinajulikana kama buprenofini zote hutumika kama dawa 	female_feminine	5.9475	common_voice_sw_35099489.wav
mabadiliko hayo ni katika mlo wa kimasai kuelekea bidhaa zisizo za mifugo 	male_masculine	6.7035	common_voice_sw_30380153.wav
budya ni kisiwa kinachopatikana tanzania katika bahari ya hindi 	female_feminine	5.3355	common_voice_sw_30054973.wav
karanga pia hupunguza mafuta mabaya mwilini na kuongeza mafuta mazuri yaliyomo kwenye karanga 	female_feminine	6.6675	common_voice_sw_30585201.wav
iko upande wa kusini wa kisiwa 	male_masculine	4.6155	common_voice_sw_29591999.wav
waingereza nao kulitumia kama gereza kuanzia mwaka elfu moja mia tisa kumi na sita 	male_masculine	8.5755	common_voice_sw_31415702.wav
hata hivyo mengi ya mabadiliko hayo yamewakwepa wananchi isipokuwa yale ya zamani 	male_masculine	7.7475	common_voice_sw_29994717.wav
ameenda mjini tangu juzi 	male_masculine	2.5635	common_voice_sw_36382565.wav
chake lakini vyombo vyake viko safi kabisa 	female_feminine	5.6235	common_voice_sw_30567824.wav
jacob alimtoa hofu na kumwambia yupo mahali salama na yeye ndio aliagizwa aletwe 	male_masculine	6.0555	common_voice_sw_36310805.wav
mwishowe alisalimu amri na akajisalimisha nchini zambia 	female_feminine	5.5155	common_voice_sw_30181932.wav
sehemu ya kwanza ya sherehe hizi ni sherehe ya enoto 	male_masculine	4.27165625	common_voice_sw_30144485.wav
sasa ifahamu historia ya wamasai kutoka israel hadi afrika mashariki 	female_feminine	6.7035	common_voice_sw_35099359.wav
tembo ndiye mnyama mkubwa zaidi mwituni na ardini kwa ujumla 	female_feminine	6.1635	common_voice_sw_29847635.wav
ni aibu sana kwa taifa maana enzi za mwalimu hapakukuwa na hali hii 	male_masculine	6.3075	common_voice_sw_30635376.wav
ukubwa wa baraza lake la mawaziri kukosolewa na wataalam 	male_masculine	3.7155	common_voice_sw_36389439.wav
goli ziko kwenye pande fupi zaidi 	male_masculine	3.2835	common_voice_sw_28725615.wav
ajali hiyo inaonyesha upendo na uaminifu kwa mwanaume 	male_masculine	4.1835	common_voice_sw_37094554.wav
unga ambapo mitaani hujulikana kama coke 	female_feminine	4.7235	common_voice_sw_35155474.wav
hapatoshi kwa sababu kelele zake zitakuwa siyo 	male_masculine	3.5355	common_voice_sw_36375356.wav
karume alikwenda kwa punja kara haji ambaye alimweleza karume 	female_feminine	6.4875	common_voice_sw_30054236.wav
lakini siku hizi kuna uwezekano baadhi ya wapare wakawa hawana sifa hii tena 	male_masculine	6.5235	common_voice_sw_30577883.wav
hali hii ilitambuliwa na uholanzi mwaka elfumoja mia nane kumi na tano 	male_masculine	6.5955	common_voice_sw_30091171.wav
mlima magamba na mlima maguge inaongezeka pia milima ya mahale 	male_masculine	5.2635	common_voice_sw_29822434.wav
dalili nyingine zinaweza kujumuisha maumivu na matatizo wakati wa kumeza 	male_masculine	5.6235	common_voice_sw_28716372.wav
kuwait na marekani vita vya pili vya ghuba ya elfu mbili na tatu 	male_masculine	7.2435	common_voice_sw_36807760.wav
kila kabila lina washamba na wasio washamba kutegemeana na aina ya ushamba 	male_masculine	5.8755	common_voice_sw_30634776.wav
sheikh abeid amani karume anasalia kukumbukwa kuwa rais wa kwanza wa nchi hiyo 	male_masculine	7.3875	common_voice_sw_30634573.wav
wajerumani walikataa habari za fuvu hili na waingereza waliamua ya kwamba ilishindikana kulipata 	male_masculine	9.1155	common_voice_sw_30182305.wav
ikilinganishwa na kilwa pamoja na pangani au zanzibar 	male_masculine	4.5075	common_voice_sw_30341259.wav
victor robert willi amezungumza na shaq mumbere ambae 	male_masculine	4.9035	common_voice_sw_35132360.wav
ni shirika huru kama jinsi ilivyo likijitegemea 	female_feminine	5.2275	common_voice_sw_29789545.wav
pia alidai kuwa rais kibaki alikuwa makosa katika jambo hilo 	male_masculine	8.3955	common_voice_sw_28682803.wav
sehemu nyingine za bara la afrika na nje ya 	male_masculine	4.5435	common_voice_sw_37093593.wav
ukataji wa miti ni uharibifu wa mazingira 	male_masculine	2.3835	common_voice_sw_30025734.wav
iliachana na ushiriki wa vita hivyo vya mataifa 	male_masculine	4.9755	common_voice_sw_29938346.wav
kuna usemi kuwa alichaguliwa kama mchezaji wa ziada kaitka michezo ya afrika mashariki 	male_masculine	7.9635	common_voice_sw_30201228.wav
huishi baharini hasa lakini spishi kadhaa hukaa katika mito na milango yao 	male_masculine	8.9355	common_voice_sw_28681042.wav
za mchezaji bora wa soka duniani ballon dor 	male_masculine	4.3275	common_voice_sw_36373493.wav
kufuatana na fred guweddeko wa chuo kikuu cha makerere 	female_feminine	7.94365625	common_voice_sw_30143345.wav
mkoa huu una sehemu mbili una upande wa ulaya na upande ni asia 	male_masculine	4.7235	common_voice_sw_29627349.wav
mtetezi wa uchumi tata amezungumzia vilevile kwa kukosoa mbinu za kihisabati 	male_masculine	6.0915	common_voice_sw_30380881.wav
lugha na matumizi yake ni chombo cha kujieleleza thamani yake 	female_feminine	4.6155	common_voice_sw_35438524.wav
licha ya kuweka utaratibu wa kumuaga hayati magufuli 	male_masculine	6.5955	common_voice_sw_30162240.wav
kiharusi ni ugonjwa wa dharura na hatari 	male_masculine	2.8155	common_voice_sw_30079786.wav
kuweza kumaliza mtafaruku uliojitokeza 	male_masculine	4.4355	common_voice_sw_35108006.wav
bila kusahau halmashauri ya wilaya ya kilwa na halmashauri ya wilaya ya lindi 	male_masculine	7.9635	common_voice_sw_31321497.wav
ngorongoro ndiyo huwavutia zaidi watu na kuwafanya kufunga safari kuja tanzania 	male_masculine	9.1155	common_voice_sw_29861615.wav
vitu vingi katika maisha vinaweza kujaribu kukuondoa kwenye malengo yako 	male_masculine	5.0475	common_voice_sw_30131782.wav
katika nchi nyingi tendo la kubadilishana pesa bidhaa nakadhalika 	male_masculine	7.0995	common_voice_sw_29660533.wav
mtoto atakuwa akitambulishwa kwa kutumia jina la embolet 	male_masculine	6.0555	common_voice_sw_31409526.wav
adolf hitler aliibuka kupitia chama cha jumuiya ya mataifa 	male_masculine	5.2275	common_voice_sw_30629884.wav
timu nyingi za afrika zinajivunia kucheza kwenye uwanja wa mkapa 	male_masculine	5.6955	common_voice_sw_30340741.wav
tanzania ilishinda vita hivyo kwa kumpiga amini 	female_feminine	4.0755	common_voice_sw_30653549.wav
ya kutengana na julius nyerere ikawa vigumu kupata 	male_masculine	5.7675	common_voice_sw_29904875.wav
ghana ilifungwa bao moja kwa sifuri kwenye fainali 	male_masculine	3.9675	common_voice_sw_29898089.wav
hicho baada ya kutokukubaliana na itikadi za ujamaa za nyerere 	male_masculine	4.7955	common_voice_sw_30021970.wav
hivyo kufanya makazi katika eneo hili la kijiji cha wapimbwe 	male_masculine	6.3435	common_voice_sw_30200829.wav
bado tupo kwenye mpango wa kuongeza vivutio zaidi vya aina fulani za masaji 	male_masculine	5.3355	common_voice_sw_30020895.wav
leo uzalishaji ni mkubwa hasa hispania halafu italia ugiriki uturuki nakadhalika 	male_masculine	8.8635	common_voice_sw_28673091.wav
yusuf macho alicheza simba kwa miaka miwili na msimu wake wa mwisho 	female_feminine	5.8755	common_voice_sw_29925362.wav
kwa hiyo kama watalii hao walitoka nje ya nchi huenda wakaendelea kuutangaza utamaduni wetu 	female_feminine	7.8555	common_voice_sw_30351255.wav
wasukuma ni miongoni mwa kabila mojawapo kati ya yale mia moja ishirini na moja 	male_masculine	5.9835	common_voice_sw_30032406.wav
reli hii ambayo pia huitwa reli ya uhuru 	female_feminine	4.2555	common_voice_sw_29818577.wav
mara baada ya maneno hayo alipanda ndege kwenda beira msumbiji 	male_masculine	4.9755	common_voice_sw_30574588.wav
miaka ya nyuma wazigua waliabudu miungu mbalimbali kama mawe moto na miti mikubwa 	male_masculine	7.7475	common_voice_sw_29899302.wav
ronaldo alianza vizuri michuano ya kombe la dunia 	male_masculine	4.6155	common_voice_sw_30091176.wav
mchezo wa mpira wa miguu unavutia sana kutazama 	female_feminine	5.0475	common_voice_sw_30196710.wav
hapo ukawa mwanzo wa mwilwana huku masanja akienda upande wa mashariki eneo la kisaki 	male_masculine	9.6555	common_voice_sw_29815851.wav
tisini na moja kibaki alikuwa wa tatu na mwaka elfu moja mia tisa tisini 	male_masculine	7.5675	common_voice_sw_34392888.wav
ashitakiwe na kwa vile hawezi kushatiwa hapa washitakiwe huko na hapa 	female_feminine	9.9075	common_voice_sw_34598136.wav
biashara ya watumwa ilianza kuonekana kama biashara ovu ambayo ilisababisha vifo 	male_masculine	7.0635	common_voice_sw_30116004.wav
alisoma katika chuo kikuu cha dayatar nairobi kenya 	male_masculine	4.6875	common_voice_sw_29993436.wav
uro milioni mia moja thelathini 	male_masculine	3.2475	common_voice_sw_30026208.wav
kwa sababu hiyo hutumiwa kuzalisha sumaku zenye nguvu kuu 	male_masculine	7.3155	common_voice_sw_29457317.wav
alihamasisha harakati za ukombozi pamoja na kuunganisha bara la afrika 	female_feminine	6.8475	common_voice_sw_29924874.wav
wa uendeshaji wa serikali kwa sababu 	male_masculine	4.9035	common_voice_sw_37084903.wav
rais wa zanzibari daktari hussein mwinyi kupitia runinga ya zanzibari alilitangazia taifa 	male_masculine	9.2955	common_voice_sw_30333936.wav
mwanawe amin hussein alisema babake alizaliwa kampala 	male_masculine	5.4435	common_voice_sw_29869255.wav
yenye idadi kubwa ya watu weusi katika taifa la afrika kusini 	male_masculine	5.6955	common_voice_sw_37095297.wav
ukuaji wa mtandao umeongeza usikilizaji wa redio 	female_feminine	4.1475	common_voice_sw_35587983.wav
ugonjwa huu hauna tiba hivyo yatupasa tujikinge 	male_masculine	5.9835	common_voice_sw_30342416.wav
pia ni mmoja ya waanzilishi wa chama cha wasanii tanzania 	male_masculine	5.3355	common_voice_sw_29583190.wav
biashara upande wa dini wananchi karibu wote ni waislamu hasa 	male_masculine	4.0035	common_voice_sw_37095984.wav
msimu huu mashabiki wameanza kurudi uwanjani 	female_feminine	6.3075	common_voice_sw_30223538.wav
huenda pia mtu akawa na shida za kufikiria 	male_masculine	4.3275	common_voice_sw_28670218.wav
hawa wakijulikana wanyantuzu na wasukuma wa mwanza wakiitwa bhasuku 	male_masculine	8.1435	common_voice_sw_30327496.wav
majengo ya zamani na magofu bado ni alama ya mji wa bagamoyo 	male_masculine	6.8475	common_voice_sw_30257509.wav
congo iliichapa mali mabao matatu kwa mawili 	male_masculine	4.7235	common_voice_sw_30671855.wav
yalianzishwa na aliyekuwa mkuu wa wilaya hiyo akijulikana kwa jina la msonge 	male_masculine	6.0555	common_voice_sw_29937805.wav
jambo la kwanza waziri wa sheria masuala ya katiba 	female_feminine	4.0755	common_voice_sw_37217559.wav
sehemu ndogo ya miti ambayo data ya skanning 	female_feminine	4.2555	common_voice_sw_35105525.wav
tulikuwa na mazigaziga 	male_masculine	1.9875	common_voice_sw_36387521.wav
kutokana na suala la utandawazi wapare wametapakaa kote tanzania kwa shughuli mbalimbali 	male_masculine	7.6035	common_voice_sw_29946780.wav
ziwa vitoria lina upana wa kilomita za mraba elfu sita 	male_masculine	8.4675	common_voice_sw_31415661.wav
nyerere alikuwa hapendi ushauri wa mtu yeyote 	male_masculine	3.9675	common_voice_sw_29936414.wav
kama hujawahi kutembelea ni vyema ukajitahidi kutafuta 	female_feminine	6.4875	common_voice_sw_30709785.wav
alishiriki katika tamthilia tofauti za televisheni nchini kenya 	male_masculine	5.2635	common_voice_sw_28660773.wav
kipato chake kikitokana na kazi ya utumishi wa ndani ambacho hakikutosha 	male_masculine	8.2155	common_voice_sw_31441303.wav
jambo ambao liliamsha hisia za wengi kuhusu uchumi wa muda mfupi 	male_masculine	4.8675	common_voice_sw_30019834.wav
sauti 	male_masculine	3.6435	common_voice_sw_32210947.wav
mkurugenzi wa taasisi ya uchunguzi dzhona edgara hooveralipochukua madaraka shirika inaajiri wafanyakazi kuhusu 	male_masculine	9.3675	common_voice_sw_37229624.wav
mara nyingi wanatumia bandari ya kigoma ndani ya ziwa tanganyika 	male_masculine	5.2635	common_voice_sw_31326737.wav
wala hakuwahi kumruhusu mwandishi yeyote kuandika habari ya maisha yake 	male_masculine	5.8755	common_voice_sw_30008645.wav
lakini umiliki wa nyumba binafsi haukupigwa marufuku 	female_feminine	3.9675	common_voice_sw_29792996.wav
jim thompson aliandika mnamo mwaka elfu moja mia tisa sabini 	male_masculine	5.8755	common_voice_sw_29847012.wav
hii haibadilishi ukweli kwamba alikuwa mwanamke wa pekee 	female_feminine	4.9035	common_voice_sw_37220027.wav
hizi kwa kawaida huwa nyekundu ingawa kuna rangi nyingine kama vile bluu 	male_masculine	5.1555	common_voice_sw_37224751.wav
nchi iko kwenye sehemu nyembamba kabisa ya amerika ya kati 	male_masculine	5.0835	common_voice_sw_28581557.wav
uhamiaji huo ni moja ya maajabu kumi ya asili duniani 	female_feminine	5.0835	common_voice_sw_30031213.wav
athira ya mfano wa umoja wa kisovyeti na china ilikuwa muhimu pia 	male_masculine	6.0555	common_voice_sw_28681191.wav
lakini wageni waliweza kupata baadhi ya maeneo 	male_masculine	3.2475	common_voice_sw_30001997.wav
kabila ambalo hauwezi kukosa kutaja ni kabila la wamasai 	male_masculine	3.8955	common_voice_sw_30025437.wav
kukuletea makala haya ni mimi mtayarishaji na mtangazaji wako 	male_masculine	5.8755	common_voice_sw_36945265.wav
shirika la kitaifa lilodai kuingia katika nchi iliyomilikwa na walowezi 	male_masculine	7.2795	common_voice_sw_30342411.wav
jamhuri ya kiarabu waingereza waliacha nchi mikononi mwa mfalme 	female_feminine	5.3355	common_voice_sw_35123718.wav
wakili wao mtetezi john dodie mhusenge 	male_masculine	4.4355	common_voice_sw_37084049.wav
wakati hali ikiwa hivyo mjumbe wa umoja wamataifa ambaye anashughulikia masuala ya somalia 	female_feminine	6.1275	common_voice_sw_35206719.wav
sababu kubwa ya vita vya majimaji ni ardhi 	male_masculine	4.3635	common_voice_sw_31329286.wav
sawa na asilimia ishirini na saba 	female_feminine	3.2475	common_voice_sw_36105817.wav
kuhamasisha utali wa ndani kwa kuhamasisha wanafunzi 	male_masculine	3.8955	common_voice_sw_30223139.wav
hivyo ni kata kubwa zaidi katika wilaya hiyo yote 	male_masculine	4.4355	common_voice_sw_29000597.wav
nze na mashindano ya soka ya cekafa na draw ya mashindano hayo ambayo yataandaliwa 	male_masculine	6.1635	common_voice_sw_36387947.wav
twiga hupendelea zaidi kula majani na matunda kutoka kwenye miti marefu 	male_masculine	6.4155	common_voice_sw_30008246.wav
mombasa tarehe kumi na nane mwezi wa nane mwaka elfu moja mia tisa sabini 	male_masculine	5.2635	common_voice_sw_36385454.wav
mtazamo wa mahakama haukuwa kwenye mauaji ya kimbari 	male_masculine	5.0475	common_voice_sw_36067467.wav
awali januari thelasini na moja mwaka elfu mbili na tano ilikuwa ya baraka 	male_masculine	7.7835	common_voice_sw_29795456.wav
wengine wakichambua mchanga na kujipatia pesa kwa ajili ya kununua mahitaji mbalimbali 	female_feminine	5.2635	common_voice_sw_30071480.wav
hata hivyo wanauchumi maarufu wa uchumi uliotanda kama vile keynes na joskow 	male_masculine	7.7475	common_voice_sw_29977796.wav
tausi jike hukaa na watoto wake kwa karibu miezi sita baada ya hapo hujitegemea 	male_masculine	6.4155	common_voice_sw_29822778.wav
engai narok ni mungu mweusi ana huruma 	male_masculine	5.0835	common_voice_sw_30104777.wav
namna wachambuzi wa maswala ya kisiasa wanavyosema 	male_masculine	5.9835	common_voice_sw_36944957.wav
wangoni ni maarufu sana katika kuimba misibani 	female_feminine	5.0475	common_voice_sw_29791705.wav
malaika alipogeuka na kufanya matendo ya kigaidi 	male_masculine	6.4515	common_voice_sw_30117840.wav
chaji hizi mbili ni kinyume zinaitwa chaji hasi na chaji chanya 	male_masculine	9.3675	common_voice_sw_28971638.wav
hutokea kwa jozi maana yake kuna mapafu mawili si moja tu kama moyo 	male_masculine	5.8755	common_voice_sw_28819817.wav
shukran za dhati zimwendee nurdin sulemani pamoja na victor 	female_feminine	5.9835	common_voice_sw_35105141.wav
video inaendelea na mwishoni 	male_masculine	3.8235	common_voice_sw_29754846.wav
katika ukristo simba wa yuda alikuwa yesu 	male_masculine	3.8955	common_voice_sw_29762751.wav
bakhresa alianza kuuza mabaki ya mazao ya baharini tu 	male_masculine	5.5155	common_voice_sw_29946215.wav
vijana watu ni wengi kushinda wao 	male_masculine	3.7515	common_voice_sw_36385984.wav
ikiwa watu wengi wanapenda jina lake la muda mfupi 	male_masculine	4.5075	common_voice_sw_30577778.wav
sheria mwafaka zipitishwe ili kampuni hizi ziwajibike 	male_masculine	4.4715	common_voice_sw_36386234.wav
ukandamizaji dhidi ya tabaka la watu walio na elimu zaidi 	male_masculine	5.6955	common_voice_sw_29796362.wav
umeinua kutoka katika hali ya kawaida hadi katika hali ya kisasa zaidi 	male_masculine	6.3075	common_voice_sw_36374766.wav
mradi unaokusudia kuifanyia matengenezo meli hiyo 	female_feminine	5.3355	common_voice_sw_30176630.wav
watalii wengi wanapenda mno kufika eneo hili kujionea 	female_feminine	4.6155	common_voice_sw_35588826.wav
jamii zinazosahaulika huunganishwa katika kundi la suba 	male_masculine	5.0835	common_voice_sw_31409500.wav
hifadhi ya mikumi ni moja kati ya hifadhi za taifa na mashuhuri 	male_masculine	5.0475	common_voice_sw_30020633.wav
kilele kikabadilishiwa jina na kuwa uhuru likiwa na maana ya kilele cha uhuru 	female_feminine	6.8475	common_voice_sw_29791962.wav
ya nchini hispania 	male_masculine	2.4555	common_voice_sw_29145978.wav
safari za mtubwi katika ziwa eyasi 	male_masculine	2.6355	common_voice_sw_30046144.wav
dalili za ugonjwa huu ni uvimbe kwenye shingo mabadiliko ya sauti 	male_masculine	7.1355	common_voice_sw_28830725.wav
bayern wakashinda makombe yote msimu huo 	female_feminine	3.80365625	common_voice_sw_31461746.wav
hata hivyo mbinu hii ina matatizo mengi na mafanikio yako mbali mno 	male_masculine	8.5035	common_voice_sw_28811702.wav
barabara ya lami dar es salaam nairobi inavuka eneo lake 	male_masculine	4.9035	common_voice_sw_29964018.wav
ufaransa na urusi pia mataifa ya uingereza na italia bila kuisahau marekani 	female_feminine	6.1275	common_voice_sw_29792594.wav
kwani tayari walikuwa na deni la kulipa mabao sita kwa sifuri walichopewa 	male_masculine	5.3355	common_voice_sw_29941590.wav
baada ya kurejea nchini cuba akitokea mexico aliongoza mapinduzi ya kijeshi 	female_feminine	6.4875	common_voice_sw_35123943.wav
shughuli za kufanya hifadhini saanane ni pamoja na kuangalia wanyama 	male_masculine	5.1555	common_voice_sw_30650337.wav
mbuni dume anakuwa na jike moja linalompendeza zaidi 	male_masculine	6.0555	common_voice_sw_29902324.wav
umaarufu mwingine wa hifadhi hii ni pamoja ya aina ya chatu 	male_masculine	3.8235	common_voice_sw_29995022.wav
kukosa nguvu maumivu ya misuli degedege kuuma na kuvimba kwa tezi za limfu 	male_masculine	6.5235	common_voice_sw_30671889.wav
hata hivyo mila na desturi nyingi za wagweno zinafanana zaidi na zile za wapare 	male_masculine	7.3875	common_voice_sw_30341829.wav
alishinda mosul syria palestina na misri halafu hungary na algeria 	female_feminine	5.7675	common_voice_sw_36039697.wav
hatari hii huweza kudumu kwa takriban miezi miwili 	female_feminine	4.9035	common_voice_sw_28584681.wav
anakumbukwa kwa uchunguzi wake wa hadubini wa ubongo na uti wa mgongo 	male_masculine	6.3435	common_voice_sw_28681405.wav
timu kupata ushindi kwao ndio burudani 	male_masculine	5.6235	common_voice_sw_31304441.wav
ni hewa 	male_masculine	2.8875	common_voice_sw_32212298.wav
mto huu unasaidia kwa kiwango kikubwa kukuza uzalishaji wa sukari 	female_feminine	6.6675	common_voice_sw_30495711.wav
adolf hitler alipata zawadi ya mkimbiaji bora 	male_masculine	5.5875	common_voice_sw_31326462.wav
nyumba inajengwa ambayo wavulana wataenda kucheza na kufanya mila kadhaa 	male_masculine	5.0475	common_voice_sw_29937796.wav
rais wa kwanza wa uganda milton obotte ni rafiki mkubwa wa nyerere 	male_masculine	6.1275	common_voice_sw_30635645.wav
taifa la uruguay lilikuwa linazalisha nyota wengi 	female_feminine	6.3435	common_voice_sw_30405656.wav
ishwa rasmi kwenye sherehe zilizofanyika katika uwaja wa amani 	male_masculine	5.5875	common_voice_sw_36386162.wav
iko katika kusini mashariki ya marekani bara 	male_masculine	4.8675	common_voice_sw_28815559.wav
tausi ni ndege mwenye rangi ya bluu na kijani 	female_feminine	3.6435	common_voice_sw_29792077.wav
mwenendo wa nyumbu kati ya serengeti na maasai mara unashangaza 	female_feminine	3.6075	common_voice_sw_34959550.wav
kwa mujibu wa ushuhuda wake kuna sauti ilimwambia ni dhahiri kuwa mungu alimtendea makuu 	male_masculine	6.9555	common_voice_sw_29937602.wav
twiga hawa kwa sasa ni wanyama ambao wapo katika uangalizi mkubwa sana hususani hapa 	female_feminine	6.5955	common_voice_sw_35146312.wav
alipelekwa uhamishoni na kaisari leo v kwa sababu ya kutetea matumizi ya picha takatifu 	male_masculine	7.5675	common_voice_sw_28581706.wav
katika nchi nyingi huwa na kawaida ya kutembelea pia makaburi ya marehemu 	male_masculine	10.5555	common_voice_sw_29624515.wav
anaheshimiwa kama mtakatifu bikira hasa tarehe ya kifo chake 	female_feminine	4.9035	common_voice_sw_29240591.wav
mwaka elfumoja miasaba sabini na nane ufaransa 	male_masculine	5.0475	common_voice_sw_36013833.wav
mandela yuko huru sasa anaamua kusaka uungwaji mkono 	male_masculine	5.2275	common_voice_sw_30180734.wav
neno lenyewe linaonekana kuwa na nguvu isiyo ya kawaida 	male_masculine	3.9675	common_voice_sw_30019810.wav
taja vitu vilivyopo kwenye sekta ya utalii 	male_masculine	3.4635	common_voice_sw_32243113.wav
katika miaka ya elfu moja mia moja na tisa 	female_feminine	4.4355	common_voice_sw_30075106.wav
wimbo ulikuwa nafasi na 	male_masculine	4.3275	common_voice_sw_29295843.wav
alitaka kuidhoofisha nchi kwa kutaka muungano ufanyiwe marekebisho 	male_masculine	5.1555	common_voice_sw_29937905.wav
makao makuu yalikuwa mjini mwingi 	male_masculine	3.5355	common_voice_sw_28670352.wav
biashara ya mafuta ni biashara yenye thamani kubwa duniani kote 	male_masculine	5.6955	common_voice_sw_30216176.wav
hata hivyo hakuvunjika moyo na hakurudi mwera kwa mama yake 	male_masculine	6.9915	common_voice_sw_30117363.wav
jamii ya kabila la maasai ilikuwa ikiishi katika maeneo yote ya serengeti na ngorongoro 	male_masculine	6.5235	common_voice_sw_29796556.wav
ni lugha ya taifa nchini botswana 	male_masculine	4.3635	common_voice_sw_28690876.wav
kuanzia umri mdogo davis alikuwa mwanafunzi wa sanaa haswa kaimu 	male_masculine	6.9555	common_voice_sw_28735767.wav
misafara ya wafanyabiashara ambao walikuwa wanaeneza 	female_feminine	4.3635	common_voice_sw_35106095.wav
hadithi zinaweza kuelimisha na kuhamasisha watazamaji 	male_masculine	7.1355	common_voice_sw_35411156.wav
kufanana na soda pia tabaka zito la majivu linaweza kugeuka 	male_masculine	6.1275	common_voice_sw_30017652.wav
barcelona ilitwaa ubingwa kwa kuifunga arsenal 	male_masculine	4.0755	common_voice_sw_30075450.wav
messi alikuwa anafanya anachotaka uwanjani 	male_masculine	4.9755	common_voice_sw_31306585.wav
inategemewa kwamba sasa hivi 	female_feminine	2.8155	common_voice_sw_35103200.wav
msamaha huo ulitolewa muda mfupi kabla ya nchi hiyo kupata uhuru 	male_masculine	4.6875	common_voice_sw_30419879.wav
serikali itaendelea kutoa ushirikiano katika utoaji huduma hizo za jamii 	female_feminine	6.4875	common_voice_sw_34896064.wav
amazon ni hatari kupita maelezo lakini ghafla 	male_masculine	3.9675	common_voice_sw_36310716.wav
kama nilivyosema awali unaweza kuwa unaishi katikati 	male_masculine	5.0475	common_voice_sw_29877377.wav
ni jina ambalo wekundu hawa wa msimbazi wana kumbukumbu nalo sana 	male_masculine	4.2555	common_voice_sw_30020140.wav
kipaji kinaweza kuwa cha kimwili au cha kiakili 	male_masculine	4.7955	common_voice_sw_29115705.wav
mpira wa uingereza ulikuwa wa pasi tatu kisha goli 	male_masculine	5.4075	common_voice_sw_30209929.wav
pele ameshinda mataji mengi ya kombe la dunia kuliko maradona 	male_masculine	5.5155	common_voice_sw_29795818.wav
mitume na la mababu utitiri wa madhehebu ya waprotestanti ndio wenye 	male_masculine	6.0555	common_voice_sw_36373473.wav
ambayo ndio msingi mkuu wa uchumi wa buluu 	male_masculine	6.7755	common_voice_sw_36389216.wav
wametawaliwa na viongozi walioitwa omukama na walio maarufu sana 	male_masculine	5.9835	common_voice_sw_29978272.wav
pamoja na kumthibitisha jumbe kuanzia aprili saba mwaka huo huo 	male_masculine	5.0835	common_voice_sw_29942071.wav
lugha yake hasa ni kiaramu 	male_masculine	3.1395	common_voice_sw_29323916.wav
anasema zuhura ambaye ni mwanamke wa kwanza kutangaza kipindi cha televisheni 	male_masculine	6.64765625	common_voice_sw_30631065.wav
mwenye taaluma anaitwa mtaalamu 	male_masculine	4.1475	common_voice_sw_29686062.wav
aliandika pia historia ya wafalme wa norwei 	male_masculine	4.3275	common_voice_sw_28921843.wav
theluji inayokaa kwenye ganda nene itakuwa barafu 	female_feminine	3.6075	common_voice_sw_31405997.wav
kutetemeka vipindi vikali vya kutetemeka kwa dakika kadhaa na hudumu hadi saa moja 	male_masculine	8.5035	common_voice_sw_30341979.wav
kilimo cha pwani ni hasa ya miwa lakini pia ya matunda 	male_masculine	6.1635	common_voice_sw_28817362.wav
chifu mkwawa alitumia pango hilo kujificha wakati wa vipita kwenye utawa wa kikoloni 	male_masculine	9.2955	common_voice_sw_30320397.wav
akikanusha taarifa kwamba nyumbu wengi bado wako kenya 	male_masculine	3.9675	common_voice_sw_36320105.wav
askofu mkuu wake ni mario delpini 	male_masculine	4.4355	common_voice_sw_28745250.wav
ufaransa ilikuwa na kikosi cha dhahabu duniani 	male_masculine	4.6875	common_voice_sw_30181998.wav
kama mifano inavyoonyesha kupunguza uchafuzi wa hewa kutakuwa 	male_masculine	4.6155	common_voice_sw_37092936.wav
ruvuma ruaha mkuu au mto tana ambayo yote inaishia katika bahari hindi 	male_masculine	8.9355	common_voice_sw_34750298.wav
mfumo wa upumuaji unasababisha matatizo kwa mgonjwa 	male_masculine	7.3155	common_voice_sw_36945318.wav
simba ilianza kupata ufadhili unaoeleweka sasa hivi 	male_masculine	4.63165625	common_voice_sw_30631272.wav
imepakana na libya sudan jamhuri ya afrika ya kati kamerun nigeria na niger 	male_masculine	8.8275	common_voice_sw_28735615.wav
viongozi wa dini wametangaza hadharani kwamba wanapinga utumiaji kondomu 	female_feminine	4.8675	common_voice_sw_34941855.wav
mchezo wa mpira wa miguu umeathirika kwa kiasi kikubwa 	male_masculine	5.6235	common_voice_sw_30582893.wav
utawala wa wazungu uliwapa mateso makubwa 	male_masculine	4.6155	common_voice_sw_30671243.wav
haruhusiwi kutumia vyakula vya mafuta ya wanyama 	male_masculine	6.1635	common_voice_sw_37095311.wav
nakumbuka ilifikia hatua majangili yalianza kutumia sumu kuua wanyama 	male_masculine	4.5075	common_voice_sw_29956177.wav
tanzania ilianza kutumia bendera yake baada ya uhuru 	male_masculine	4.5075	common_voice_sw_29955149.wav
familia yake na watu wake wa karibu wanamfahamu vizuri 	female_feminine	6.0555	common_voice_sw_36644205.wav
wavulana wanakamata wanamshikilia na kumwangusha ngombe mwenye nguvu kwa pembe zake 	male_masculine	9.0075	common_voice_sw_30201949.wav
mlo kamili ni chakula chenye virutubishi vyote 	female_feminine	4.0035	common_voice_sw_30022618.wav
mbege hutengenezwa kwa kutumia ndizi mbivu maji na ulezi 	male_masculine	6.1275	common_voice_sw_30323833.wav
kwa amani utulivu na furaha maana waliamini mfumo huo ungewa panulia zaidi wigo 	male_masculine	6.9555	common_voice_sw_29898969.wav
kuna mambo mengi yaliyotokea wakati wa karne hii kama haya yafuatayo 	male_masculine	6.7755	common_voice_sw_28661930.wav
wenyeji pia wana zao la miti ya ulanzi 	male_masculine	3.8955	common_voice_sw_29898550.wav
pia ni rais wa kwanza mwanamke kushika nafasi ya cheo hicho 	female_feminine	5.0835	common_voice_sw_30353917.wav
alisoma pia chuo kikuu cha pennsylvania 	male_masculine	4.6875	common_voice_sw_29926830.wav
gharama kubwa ni za mtalii kutoka alipo mpaka kwenye vivutio 	female_feminine	5.2275	common_voice_sw_30574790.wav
wengi wana asili ya uskoti 	male_masculine	3.4275	common_voice_sw_28681111.wav
mwalimu mzuri 	male_masculine	2.7075	common_voice_sw_34763269.wav
ulikuwa mwaka wa mafanikio makubwa sana kwa ronaldo 	male_masculine	4.8315	common_voice_sw_30343227.wav
na hutumika kwa kuvutwa puani kama unga 	female_feminine	4.1835	common_voice_sw_36746465.wav
mazao ya chakula na biashara kama mpunga katani na mahindi zimeinua maendeleo kiuchumi 	male_masculine	6.6675	common_voice_sw_30677312.wav
ulikuwa na kanuni za kuchukua makoloni yote ya ujerumani 	female_feminine	5.0475	common_voice_sw_30314082.wav
pep guardiola alikuwa anadhirisha ubora wake 	male_masculine	4.9035	common_voice_sw_30109065.wav
imepoteza fainali ya ulaya kwa chelsea 	male_masculine	6.5235	common_voice_sw_31440768.wav
duniani alikuwa myahudi farisayo mzaliwa wa tarso mji wa kilikia 	male_masculine	9.5835	common_voice_sw_34392354.wav
yenye uraibu miongoni mwa vijanahii leo ikiwa ni siku ya kupiga vita matumizi 	male_masculine	6.9555	common_voice_sw_35224165.wav
kuhusu udhamini wa jezi uligusa pia mambo mbalimbali ya maendeleo 	male_masculine	6.6675	common_voice_sw_30201482.wav
pande wa mashariki imepakana na bahari ya hindi na visiwa vya komoro 	male_masculine	6.3435	common_voice_sw_29946211.wav
baada ya wiki kadhaa alitembelea wazazi wake pale mansfeld 	male_masculine	4.7235	common_voice_sw_29796658.wav
bila kulitaja jina la patrice lumumba ambaye alijitoa maisha yake 	female_feminine	7.0635	common_voice_sw_30034498.wav
ukubali huo ulipelekea mwitikio usiyofaa wa janga hili 	male_masculine	7.2435	common_voice_sw_36037731.wav
wakulima wepanda mpunga mapema 	male_masculine	3.7155	common_voice_sw_32211829.wav
alipenda kucheza pamoja na watoto kwani alipenda awape furaha kila siku 	female_feminine	5.8035	common_voice_sw_30640504.wav
mlima rungwe ambao huaminika kuwa kilele cha nyanda za juu kusini 	male_masculine	6.8835	common_voice_sw_29936771.wav
nywele hizi huhasimiwa juu ya kichwa kwa kipimo cha masikio 	male_masculine	7.8555	common_voice_sw_37097731.wav
kasulu ni makao makuu ya dayosisi ya magharibi ya kanisa anglikana tanzania 	male_masculine	6.8475	common_voice_sw_28258554.wav
pep guardiola alipokwenda aliongeza utawala wa bayern kwa timu zingine 	male_masculine	6.7755	common_voice_sw_30485657.wav
japokuwa mbatiany alimpa santeu boksi la maajabu ambalo lingemwezesha 	male_masculine	8.3235	common_voice_sw_30183455.wav
sasa wanaamua kuonyesha sanaa yao 	male_masculine	3.1035	common_voice_sw_36319530.wav
aliweza kuendelea na shule mbalimbali ikiwemo shule ya sekondari jangwani 	male_masculine	7.7475	common_voice_sw_28801756.wav
alikuwa waziri wa mambo ya nje katika vipindi viwili tofauti 	female_feminine	5.6955	common_voice_sw_29953039.wav
gusa karatasi yako 	male_masculine	2.9955	common_voice_sw_32244229.wav
sawa na wanaume vijana pia wanawake ambao wamekeketewa huvaa nguo nyeusi 	male_masculine	7.4955	common_voice_sw_29904880.wav
dutu za sehemu za siri zinaweza kutibiwa na kuondolewa kwa upasuaji mdogo 	female_feminine	6.4875	common_voice_sw_28662826.wav
kuzama kwa kisiwa cha maziwe ambacho kilikuwa mazalia ya kasa na samaki katika pwani 	male_masculine	6.8115	common_voice_sw_37099514.wav
ina umaarufu mkubwa unaotokana na kuwa na wanyama aina ya sokwe 	male_masculine	5.0475	common_voice_sw_29864730.wav
hali hatari zinazochangia ugonjwa huu 	female_feminine	4.4355	common_voice_sw_37802415.wav
alikuwa muhimu kwa harakati za haki za kiraia 	female_feminine	3.9675	common_voice_sw_28583616.wav
watu kutoka maeneo ya kongo walihamia pwani ya afrika ya mashariki 	female_feminine	4.3275	common_voice_sw_31285837.wav
alipata bahati ya kujiendeleza kielimu wakati anafanya kazi yake 	female_feminine	4.1835	common_voice_sw_30025427.wav
mavazi na bangili za mikononi bila kusahau hereni za kuvaa masikioni 	male_masculine	6.9555	common_voice_sw_29945668.wav
ametumia kifaa 	male_masculine	1.7355	common_voice_sw_36388149.wav
ndivyo ninavyo kualika kwenye makala ya wimbi la siasa 	female_feminine	4.5075	common_voice_sw_35221863.wav
m asante sana zuhra mwera mchezaji wa zamani wa mchezo wa 	male_masculine	3.6075	common_voice_sw_36390635.wav
uwanja huo uko umbali wa kilomita mbili kutoka hifadhi ya taifa ya ziwa nakuru 	male_masculine	7.1355	common_voice_sw_28669452.wav
hata hivyo serikali kadhaa huweka baadhi ya vikwazo au huchunguza 	male_masculine	6.1275	common_voice_sw_37084726.wav
niko pekee yangu na sijijui 	male_masculine	3.8955	common_voice_sw_37095028.wav
rai hiyo imetolewa jijini 	male_masculine	2.3475	common_voice_sw_36387493.wav
tabia muhimu za manowari ni kasi na kinga pamoja na uwezo wa kubeba silaha 	female_feminine	6.1275	common_voice_sw_29610082.wav
amani haiwezi kuja kwa upanga ila 	male_masculine	3.1755	common_voice_sw_37093688.wav
lakini upande wa barabara na shule kwa ajili ya elimu 	female_feminine	3.7155	common_voice_sw_29923250.wav
mtu si uzuri kwake kuitwa nyama wa mwitu 	male_masculine	4.9035	common_voice_sw_36381022.wav
kiswahili si dhaifu wa nadharia hii ni kwamba 	female_feminine	4.6155	common_voice_sw_36746492.wav
maeneo ya pwani ya afrika mashariki baadaye 	male_masculine	4.7235	common_voice_sw_34762718.wav
staftahi ni chakula cha asubuhi 	male_masculine	3.2475	common_voice_sw_30577739.wav
itokanayo na uhifadhi wa wanyamapori ama kwa kuwajengea shule zahanati au kuanzisha miradi mbalimbali 	female_feminine	7.6755	common_voice_sw_37083314.wav
kuzuia ongezeko la watu katika eneo dogo ni njia mojawapo ya utunzaji wa mazingira 	male_masculine	5.8035	common_voice_sw_30379785.wav
wanaume hunyoa nywele wanapopita hatua moja ya maisha hadi nyingine 	male_masculine	7.1355	common_voice_sw_34393005.wav
ya mataifa kutaka kuifungia anga ya libya isitumike ili kudhibiti vifo zaidi 	female_feminine	6.5235	common_voice_sw_34924782.wav
katika kipindi hiki wapiganaji wa kizazi kipya huuacha ujana na mambo yake 	male_masculine	5.8755	common_voice_sw_29996713.wav
pia wakaanza kufanya mazoezi ya wanamgambo bila usimamizi wa waingereza 	male_masculine	8.1435	common_voice_sw_28669880.wav
baada ya uhuru mwaka elfu moja mia tisa sitini na moja 	male_masculine	7.0275	common_voice_sw_31304522.wav
vigezo vilivyotumiwa kuainisha majengo ya kihstoria ni kutokana na sheria ya mambo ya kale 	male_masculine	8.0355	common_voice_sw_29864565.wav
kuna tofauti kati ya wakazi wa pemba na unguja 	female_feminine	4.7955	common_voice_sw_34895895.wav
wachambuzi wa kuheshimika walichambua mkataba wa mauaji ya kimbari 	female_feminine	4.9755	common_voice_sw_35284786.wav
waha ni kabila la watu wa tanzania wanaoishi katika mkoa wa kigoma 	male_masculine	4.6875	common_voice_sw_30478653.wav
hata hivyo ukeketaji unabakia kuwa ni kielelezo cha utamaduni 	male_masculine	6.68365625	common_voice_sw_37223909.wav
vile kinyume kabisa ni kweli katika miezi 	male_masculine	3.1755	common_voice_sw_36350476.wav
iko kando ya mto rhine 	male_masculine	3.2475	common_voice_sw_29762596.wav
utalii wa kidini ni utalii mzuri ambapo watu 	male_masculine	4.3275	common_voice_sw_30365218.wav
baadhi ya watemi waliotawala himaya hizo ni pamoja na 	male_masculine	4.9035	common_voice_sw_37084270.wav
rais julius nyerere wa tanzania aliamua kumuondoa amin kabisa na jeshi la tanzania 	male_masculine	6.9555	common_voice_sw_30179698.wav
wazazi wake walikuwa kaka na dada 	female_feminine	4.3635	common_voice_sw_28703646.wav
huu ni uwanja wa kwanza wa libya 	male_masculine	4.0755	common_voice_sw_29572531.wav
alipenda kusafiri penye maonyesho makubwa kama madrid au paris 	male_masculine	5.6955	common_voice_sw_28695721.wav
kwa hiyo wameboresha zaidi wasiwe na wasiwasi wanovyokwenda kutengeneza nywele 	male_masculine	5.5875	common_voice_sw_35224223.wav
linafuata mapokeo ya antiokia na kutumia liturujia ya antiokia 	male_masculine	6.1635	common_voice_sw_28682619.wav
kiatu cha dhahabu na kombe vilieenda mjini benus aires 	male_masculine	6.2355	common_voice_sw_30657051.wav
amecheza timu tatu za taifa 	male_masculine	2.3475	common_voice_sw_29997670.wav
alisomea shahada ya ualimu katika chuo kikuu cha makerere uganda 	female_feminine	4.5075	common_voice_sw_30072475.wav
lengo kubwa ni kuongeza ubora wa ligi yao 	male_masculine	4.8675	common_voice_sw_30020733.wav
kuna vidole vitano kwa miguu ya nyuma lakini vidole vinne kwa miguu ya mbele 	female_feminine	5.6955	common_voice_sw_28666689.wav
wapinzani walimhakikishia nyerere kuwa wangeweza kukusanya wapambanaji wa kutosha 	male_masculine	6.4515	common_voice_sw_30364231.wav
magofu mengi yapo katika hifadhi ya mji mkongwe wa bagamoyo 	male_masculine	4.7955	common_voice_sw_29797047.wav
kwenye maeneo jirani na syria wako pia waarabu 	male_masculine	4.9755	common_voice_sw_28661946.wav
sisi ni watoto wa baba noah 	male_masculine	2.0235	common_voice_sw_36381643.wav
mama mjamzito anataki kupata matibabu ya malaria kwa haraka 	male_masculine	7.6755	common_voice_sw_36944823.wav
wale vijana wenye nguvu walifanyishwa kazi ngumu 	female_feminine	4.7955	common_voice_sw_29925771.wav
maandishi mengi kuhusu amini yanaeleza alizaliwa koboko au kampala 	male_masculine	6.3435	common_voice_sw_30057846.wav
mashirikisho ya soka ya mabara nayo yakaiga kutoka kwa wasimamizi wa soka duniani 	male_masculine	7.4955	common_voice_sw_30364120.wav
kwenye msitu wa amani utaweza kuona nyani weupe na bluu 	male_masculine	5.2635	common_voice_sw_29961765.wav
mwaka huohuo halmashauri mpya ilitangaza katiba mpya na kuondoa urais wa maisha 	female_feminine	7.2435	common_voice_sw_28666615.wav
wakati ilionekana kwake kuwa wanataka kujua mengi aliwasiliana na amin 	male_masculine	6.8475	common_voice_sw_29796580.wav
vito huundwa zaidi kwa uzuri wake 	female_feminine	3.5355	common_voice_sw_30591035.wav
mchanga unaohama bila upepo huko ngorongoro 	male_masculine	3.2475	common_voice_sw_29997368.wav
tutatangaza matokeo yetu na ikiwa uchaguzi utaibiwa sitarudi tena mahakamani 	male_masculine	7.0275	common_voice_sw_37095295.wav
mtakatifu huyo aliishi katika kipindi cha mageuzi cha karne za kati 	male_masculine	5.4075	common_voice_sw_28683273.wav
mtoto mchanga tangu anapozaliwa mpaka afikapo miezi 	male_masculine	4.1835	common_voice_sw_30024690.wav
ipo umbali wa kilometa thelathini na tano 	male_masculine	3.1035	common_voice_sw_36389620.wav
zamadamu alikaribiana na binadamu kwa umbile 	female_feminine	4.9035	common_voice_sw_30233660.wav
sehemu ndogo zaidi za nchi kavu ndani ya magimba ya maji huitwa kisiwa 	male_masculine	4.9755	common_voice_sw_28978792.wav
hakuna habari nyingi za hakika kuhusu maisha yake 	female_feminine	4.1475	common_voice_sw_29634532.wav
marekani ilijiunga na vita dhidi ya wajerumani 	male_masculine	5.4435	common_voice_sw_30075447.wav
ilivyo na wanyama wengi katika orodha hii bonde 	male_masculine	4.4355	common_voice_sw_37095278.wav
quran yatufahamisha kuwa ismail alikua mpole na mnyenyekevu kwa mola wake 	male_masculine	7.6035	common_voice_sw_29978475.wav
warieri wakine wasweta na waganjo wagire wakiseru wakamageta na waturi 	male_masculine	8.3235	common_voice_sw_34762875.wav
isimamia ya afghanistan marekani nao kama 	male_masculine	4.3275	common_voice_sw_29841705.wav
magufuli alijipatia shahada yake ya uzamili 	male_masculine	3.7155	common_voice_sw_30380775.wav
kombe la dunia lilifanyika nchini itali 	male_masculine	3.6075	common_voice_sw_29805621.wav
sekta hii huchangia kwa zaidi ya asilimia kumi katika ajira 	female_feminine	5.0475	common_voice_sw_29923877.wav
kesi za jinai ni kesi za jamhuri ya muungano wa tanzania 	male_masculine	5.7675	common_voice_sw_29945757.wav
aliacha kazi hiyo kutokana na sababu mbalimbali karume 	male_masculine	6.0555	common_voice_sw_29795830.wav
lakini pia ni muhimu kuakikisha usalama wa wafanyakazi wa shirika hilo 	male_masculine	5.4435	common_voice_sw_36039124.wav
lakini misitu ya acacia imebadilishwa na misitu yenye majani mapana 	male_masculine	5.9475	common_voice_sw_29995155.wav
juu ya kile ambacho kimechangia kukamatwa 	male_masculine	4.5435	common_voice_sw_34765597.wav
katika makundi mawili kundi la kwanza lilikuwa 	male_masculine	5.4075	common_voice_sw_36945203.wav
pia alishirikishwa kama atalaku kama mtu wa kutumbuiza 	female_feminine	8.2155	common_voice_sw_30307738.wav
wagonjwa wameambiwa kuboresha afya zao 	male_masculine	3.5355	common_voice_sw_32244815.wav
watu wanaopenda kufanya mazoezi coco ni nzuri kwani ina fukwe ndefu zaidi 	male_masculine	5.9475	common_voice_sw_30450898.wav
mjerumani overall aliingia kwenye orodha ya wachezaji bora 	male_masculine	4.5075	common_voice_sw_30327290.wav
utumiaji wa mbinu zinazokubalika kwa kawaida hauna haja ya kutoa hitimisho 	male_masculine	7.4955	common_voice_sw_29789445.wav
nchi nyingi za afrika na duniani zilipata uhuru wake kwa silaha 	male_masculine	5.6955	common_voice_sw_30200641.wav
unachangia pato la taifa hilo kupitia sekta mbalimbali 	male_masculine	5.78365625	common_voice_sw_30631243.wav
kwa sababu vinatumia mafuta mengi ya kutoka viwandani 	male_masculine	4.0755	common_voice_sw_29943373.wav
bonde la oldupai sehemu ambayo ndio chimbuko la historia yetu 	female_feminine	7.0635	common_voice_sw_29799454.wav
wa simbamweni na kisha sehemu fulani ya mji wa sasa wa morogoro na eneo 	male_masculine	8.2155	common_voice_sw_36331709.wav
corona imechangia lionel messi kuondoka barcelona 	female_feminine	4.2555	common_voice_sw_30653818.wav
changamoto nyingine ni ukosefu wa mapato ya serikali 	female_feminine	4.0035	common_voice_sw_35214150.wav
kufunga ni moja ya nguzo tano za uislamu 	male_masculine	3.4275	common_voice_sw_29240003.wav
na zinapuuza hata shinikizo ya la kimataifa 	male_masculine	4.1475	common_voice_sw_36375247.wav
mia moja na ishirini kutoka iringa mjini 	female_feminine	4.2555	common_voice_sw_30177380.wav
na nyumba ilikuwa na wahudumu wengi kupita kiasi 	male_masculine	3.8235	common_voice_sw_28582430.wav
juliana alimuuliza daisy maswali ya mfululizo na kumfanya akose hata nguvu za kumuangalia usoni 	male_masculine	9.6555	common_voice_sw_35108150.wav
kongamano lililotangulia lilitaja washiriki wa uhifadhi wa magofu 	male_masculine	6.46765625	common_voice_sw_30633154.wav
elimu na mafunzo katika uchumi bluu inapaswa kuratibiwa vizuri na vyema zaidi 	male_masculine	6.7755	common_voice_sw_36310858.wav
shuleni leo hii ni kiswahili rasmi kinachofunzwa na 	male_masculine	4.1835	common_voice_sw_37222731.wav
maumivu au usumbufu katika njia ya haja kubwa 	female_feminine	3.8955	common_voice_sw_29790839.wav
ni julius kambarage nyerere na robert gabriel mugabe 	male_masculine	3.9675	common_voice_sw_29958418.wav
alikuwa na futi sita kwa umri wa miaka sita 	male_masculine	4.5435	common_voice_sw_28879282.wav
kaburi lilipambwa kwa kusimamisha ubao mguuni na sanamu ya ubao 	male_masculine	6.8475	common_voice_sw_30114895.wav
aliwahi kucheza timu ya taifa ya tunisia 	male_masculine	4.9755	common_voice_sw_29615435.wav
hatimaye kujiunga na klabu ya simba mwaka elfu mbili na kumi na saba 	male_masculine	5.6955	common_voice_sw_31304432.wav
upana wake ni kilomita kumi na tatu 	male_masculine	3.1755	common_voice_sw_29822737.wav
sahara lilikuwa kizuizi kikuu cha mawasiliano na usafiri kati ya 	female_feminine	5.5875	common_voice_sw_34940055.wav
wakazi wa jiji ni mchanganyiko wa watu kutoka zote za dunia 	male_masculine	4.5435	common_voice_sw_28670327.wav
uchumi halisi kama sayansi ya kijamii huwa huru kutoka kwa vitendo 	female_feminine	6.5955	common_voice_sw_30030636.wav
ni mataifa ya ghana na ethiopia ambayo hayakutawaliwa na wakoloni 	male_masculine	6.6675	common_voice_sw_29947062.wav
fanya mazoezi kwenye sehemu zenye milima na uongeze uzito 	male_masculine	6.3075	common_voice_sw_30183202.wav
ndio wenye ushawishi mkubwa wa kisiasa katika jamii za pwani ya kenya 	male_masculine	5.1195	common_voice_sw_30380660.wav
la kiongozi wa ufalme wa kwimbundo karne ya kumi 	male_masculine	5.4435	common_voice_sw_34750859.wav
siku moja alisema muungano ni kama koti tu likikubana unalivua 	female_feminine	7.2075	common_voice_sw_29791758.wav
cristiano ronaldo wa madrid yake hawakufua dafu 	male_masculine	5.2635	common_voice_sw_30114387.wav
bado kwenye uwanja wa ndege wa accra ilikuwepo sanamu 	male_masculine	4.5435	common_voice_sw_30006740.wav
baada ya kuvuna unaweza kuuhifadhi uyoga kwa njia mbalimbali 	female_feminine	5.2635	common_voice_sw_30190806.wav
kuwa mikavumisuli kuishiwa nguvu 	female_feminine	4.0035	common_voice_sw_37223725.wav
mimi ni mtoto mdogo sana 	male_masculine	2.5275	common_voice_sw_31325204.wav
magufuli alisema ataendelea kumkumbuka mzee mkapa 	male_masculine	5.2275	common_voice_sw_30582798.wav
tauni inayosababisha mtoki dalili huanza kuonekana ghafla 	male_masculine	6.5955	common_voice_sw_29936717.wav
alifanya masomo ya falsafa katika seminari kuu ya peremiho songea 	male_masculine	4.0035	common_voice_sw_29994875.wav
wakereketwa wa haki za binadamu duniani wanasema kutuzwa kwa siambo 	male_masculine	6.5235	common_voice_sw_36373409.wav
wengi walitokea kumchukia idd amin katika kipindi chote cha utawala wake 	male_masculine	6.1275	common_voice_sw_30671176.wav
wa amazon toucan ya keel billed inajulikana 	female_feminine	4.7955	common_voice_sw_36038523.wav
ulianzishwa tarerhe moja mwezi wa tano 	female_feminine	3.8955	common_voice_sw_37088808.wav
kangaroo anafanana na sungura kwa mbali 	male_masculine	2.9235	common_voice_sw_30025585.wav
kinaweza kulenga wadudu wenyewe mayai au lava 	female_feminine	5.9835	common_voice_sw_28809172.wav
makabila hayo ni ya wabantu wa ziwa na yanafanana mila na desturi 	male_masculine	6.8475	common_voice_sw_30183493.wav
mwaka uliofuata vikundi vya watutsi kutoka nchi hizi za jirani walijaribu kushambulia utaratibu mpya 	male_masculine	9.3675	common_voice_sw_28661856.wav
kwa sasa anaishi jijini dar es salaam tanzania 	female_feminine	4.9035	common_voice_sw_28667898.wav
alisisitiza kwamba sehemu ya matamshi huwa na umuhimu wa kuonyesha hali kati ka tamthilia 	male_masculine	7.4955	common_voice_sw_29937520.wav
jacob alijibu kwa kumwambia watafute mahali waongee na huku wakilegeza makoo yao 	male_masculine	8.9355	common_voice_sw_36945700.wav
kiasi kwamba hakuwa na himaya maalumu ya kuishi 	male_masculine	3.7155	common_voice_sw_36374880.wav
a hivi watu hivi wanaanza kupima kurudia kwao kwenye walitoka 	male_masculine	4.3275	common_voice_sw_36331336.wav
safisha kile kiti 	male_masculine	2.8155	common_voice_sw_32243841.wav
duka lake lina wateja wengi 	male_masculine	2.0955	common_voice_sw_36388647.wav
leeds united inacheza soka safi nchini uingereza 	female_feminine	5.1555	common_voice_sw_30327406.wav
kuna mabadiliko katika matarajio ya urefu wa maisha 	male_masculine	4.3275	common_voice_sw_31326729.wav
hata hivyo wadau wa utalii mbuga ya maasai mara wanasema 	male_masculine	4.6155	common_voice_sw_36375006.wav
makao makuu yapo mbeya mjini 	female_feminine	3.1035	common_voice_sw_29393175.wav
kaa nami yesu 	male_masculine	2.2035	common_voice_sw_37089359.wav
wengine ambao hawakutakiwa ni pamoja na babu mwenyewe 	female_feminine	4.3275	common_voice_sw_30329044.wav
kama vile p squire wenzake wanamzungumziaje mbali na tathmini hiyo mwanamuziki wa kike kutoka 	female_feminine	6.5955	common_voice_sw_35108229.wav
anamiliki mashamba mengi 	male_masculine	4.3275	common_voice_sw_36945013.wav
maji kwenye mito inapungua kutokana na mvukizo 	male_masculine	4.2915	common_voice_sw_30364428.wav
uchafuzi vilivyokadiriwa na programu za ulimwenguni kote km 	female_feminine	5.2275	common_voice_sw_35588056.wav
morocco na tunisia bila kuisahau sudan na sudani kusini 	female_feminine	6.1635	common_voice_sw_29925829.wav
pia alikuwa wa kabila la wakakwa ambaye alikuwa mkatoliki 	male_masculine	4.3635	common_voice_sw_30327369.wav
ndiyo makabila ya asili ya inayoitwa leo hii musoma mjini 	male_masculine	7.6755	common_voice_sw_36299617.wav
matukio ya kwanza yalikuwa katika kikundi kidogo cha waraibu wa dawa za kulevya 	male_masculine	6.3435	common_voice_sw_29897878.wav
muundo wa bunge la muungano ulibadilika na kuanzisha viti malumu vya wanawake 	male_masculine	4.3635	common_voice_sw_30024109.wav
uchumi unaonekana kunawiri kwa kasi mno 	male_masculine	4.1475	common_voice_sw_29822904.wav
kutoka mwaka elfu moja mia tisa sitini na moja 	male_masculine	2.9955	common_voice_sw_36382212.wav
baadhi ya alama zinazopatikana katika nembo ya taifa ni 	male_masculine	3.9675	common_voice_sw_29943421.wav
vilivyoitwa jihadi vilileta mateso mengi kwa wakristo katika nchi 	female_feminine	5.1555	common_voice_sw_35099626.wav
iliwafanya wakoloni kumlazimisha nyerere kuchagua kati ya siasa na kazi ya ualimu 	male_masculine	8.8635	common_voice_sw_31306591.wav
ka la ndege la kuntas la australia limeahirisha safari za ndege 	male_masculine	6.9555	common_voice_sw_34763466.wav
maji mengi duniani maziwa mengine ni pamoja 	male_masculine	4.6155	common_voice_sw_34764296.wav
rasilimali madini ya aina mbalimbali kutoka pembezoni mwa bahari 	male_masculine	6.5235	common_voice_sw_30582880.wav
mfano taifa la algeria linauza mapiapa mengi sana 	male_masculine	5.8035	common_voice_sw_30582848.wav
sasa limezaa matunda na kumuweka rais samia katika mstari wa mbele barani afrika 	male_masculine	6.9555	common_voice_sw_30342397.wav
sehemu hizi pia huitwa rasi 	female_feminine	2.9955	common_voice_sw_29615602.wav
vijana wa kiume huvaa nguo nyeusi kwa miezi 	male_masculine	4.7955	common_voice_sw_30380126.wav
masomo ya sekondari ya awali katika seminari ya katoke biharamulo 	male_masculine	4.9755	common_voice_sw_30043856.wav
kusema lolote alilohisi ni haki yake kulitamka gaddafi alikuwa mtu aliyejivunia kuwa yeye na 	male_masculine	6.8475	common_voice_sw_36382131.wav
mambo ya ziada ya mahitaji yanayojitokeza na hupatikana katika sehemu husika 	female_feminine	6.7755	common_voice_sw_30177117.wav
wanaume wa kichagga hupendelea kufanya kazi mbali na kwao 	female_feminine	5.2275	common_voice_sw_29799296.wav
taarifa hiyo inaweza kuwa kamili au la 	male_masculine	4.7955	common_voice_sw_28660883.wav
baada ya hapo likaendesha operesheni ya kupora mali za watu 	male_masculine	5.9475	common_voice_sw_29796007.wav
uhusiano huo unaweza kuwa katika tabia hali au mazingira fulani 	male_masculine	4.9035	common_voice_sw_28583181.wav
ni heshima kubwa pindi mpiganaji anapochaguliwa 	male_masculine	5.5155	common_voice_sw_29904642.wav
hii ni kutokana na kukosa chakula wakiwa njiani 	female_feminine	4.4355	common_voice_sw_30025846.wav
muda mwingi wakisuka nywele hizo kwa stairi ya aina yake 	female_feminine	5.3355	common_voice_sw_29847496.wav
tangu mwaka huo hadi kifo chake alikuwa askofu wa jimbo la tanga 	female_feminine	5.3355	common_voice_sw_28583743.wav
huleta mabadiliko ya katiba ya kuongeza sauti ya waafrika kwa ajili ya jumuiya ndogondogo 	female_feminine	7.22365625	common_voice_sw_30004893.wav
la chifu huyo wa kabila la wahehe 	male_masculine	4.0035	common_voice_sw_31441017.wav
enkephalini hushikamana nayo ina athari katika mfumo wa 	male_masculine	5.0475	common_voice_sw_36374797.wav
jicho la bi kijicho limetoboka 	male_masculine	2.5635	common_voice_sw_36389641.wav
kuna makadirio ya kwamba jumla ya watu laki moja hadi laki tano waliuawa 	male_masculine	5.7675	common_voice_sw_29805176.wav
waziri mkuu ameongeza kuwa katika kipindi cha siku mia moja 	male_masculine	5.8755	common_voice_sw_29789358.wav
inter ilishinda makombe matatu ya ligi 	male_masculine	2.9955	common_voice_sw_30020011.wav
walanguzi kuhatarisha maisha ya watoto walemavu 	male_masculine	4.3635	common_voice_sw_37226242.wav
teknolojia yake ni karibu sawa na ya bunduki isipokuwa ni ndogo 	male_masculine	5.2275	common_voice_sw_28246343.wav
mbali na filamu hiyo kuna filamu takribani kumi na moja 	male_masculine	4.1475	common_voice_sw_30021461.wav
ujasiri wao wa vita katika kupigana na wamachame uliwapa umaarufu 	male_masculine	5.3355	common_voice_sw_29938543.wav
kulikuwa na viti kwa ajili ya wazungu wahindi na waafrika 	male_masculine	7.5675	common_voice_sw_29608071.wav
abelset alikuwa na uzoefu wa miaka sita ya kusafiri 	male_masculine	7.9635	common_voice_sw_34390861.wav
uhuru alipinga uamuzi huo na hatimaye mahakama kuu ikabatilisha kura ya mombasa 	male_masculine	5.9475	common_voice_sw_29897126.wav
wamasai walio wengi bado wameendelea na desturi hiyo 	male_masculine	4.3635	common_voice_sw_35964212.wav
kumi akigombea kwa chama cha mapinduzitarehe kumi na tisa mwezi wa kumi na 	male_masculine	10.4475	common_voice_sw_34391813.wav
pengine kusiwe na kinyongo ame amenifurahisha sana profesa 	female_feminine	5.2635	common_voice_sw_35104628.wav
aa hapa idhaa ya kiswahili ya redio france international 	male_masculine	3.2475	common_voice_sw_36383737.wav
wao ni wengi mno 	male_masculine	3.8235	common_voice_sw_35683126.wav
hifadhi inajumuisha misitu ya mvua na ardhi ya nyasi n 	female_feminine	5.6955	common_voice_sw_29970007.wav
wasanii wengi walitumia warsha hizi na kuanzisha blogi zao na kuandika makala 	male_masculine	8.2875	common_voice_sw_31304405.wav
hadi kufikia mwaka wa elfu mbili na kumi 	male_masculine	3.9675	common_voice_sw_30671442.wav
ujeruhi wengine mia moja na thelathini 	male_masculine	3.1755	common_voice_sw_36318717.wav
asili yake ni kutoka kwa wanawake wa zanzibar katika karne ya kumi na tisa 	male_masculine	6.0555	common_voice_sw_31304575.wav
nasaba ya watawala wa japani ni nasaba ya kale zaidi duniani 	male_masculine	7.0275	common_voice_sw_28694298.wav
hapo awali milo ilipatikana katika ureno na brazili 	male_masculine	3.9675	common_voice_sw_28966130.wav
ngao ya barafu ilikuwa na kilomita za mraba kumi na mbili 	male_masculine	6.5955	common_voice_sw_29902798.wav
zikitimia jumla ya halmashauri nane za mkoa wa ruvuma 	male_masculine	3.9675	common_voice_sw_29897686.wav
huwezi kuwataja wapigania uhuru wa bara la afrika 	male_masculine	3.7875	common_voice_sw_29995584.wav
msisitizo katika ukombozi wa barani afrika na mapambano dhidi ya ubeberu na vibaraka wao 	male_masculine	9.7275	common_voice_sw_31304499.wav
argentina waliwafunga brazil kwenye fainali za kopa amerika 	male_masculine	5.9835	common_voice_sw_31409225.wav
wazazi au walezi wengine wajadiliane na watoto wao kuhusu mahusiano na ngono 	male_masculine	7.0635	common_voice_sw_29927211.wav
pia kuweka kizuia mikononi mwake akiwa akipiga kelele 	male_masculine	5.5875	common_voice_sw_36373770.wav
vilele vya juu ni mlima mtingire na mlima kimhandu 	male_masculine	5.6955	common_voice_sw_29896063.wav
matokeo kamili yanatanzamiwa kutangazwa mwezi ujao na ikiwa hali itasalia kuwa kama ilivyo sasa 	male_masculine	6.5955	common_voice_sw_36381427.wav
katika jaribio la mapinduzi ambalo lilishindwa na jaribio hilo 	female_feminine	5.4435	common_voice_sw_30368543.wav
luther alianza kuelewa kwamba haki ya mungu si sheria yake 	female_feminine	4.7235	common_voice_sw_30364060.wav
hayati daktari magufuli alichaguliwa kuwa waziri wa kilimo 	male_masculine	5.3355	common_voice_sw_31304437.wav
japo pia neno hili shahi linamaanisha kabila la wakurya 	female_feminine	5.5875	common_voice_sw_30243287.wav
wageni wakatuhadaa na kutulaghai kwamba ya kwetu yote yalikuwa si mema 	female_feminine	6.1275	common_voice_sw_30653699.wav
lakini watu walishikwa kama watumwa mpaka mwanzo wa karne ya ishirini 	male_masculine	4.5075	common_voice_sw_29988510.wav
yule kwa kuunda kiti kwa kuunda jahazi ni namba moja 	female_feminine	5.1555	common_voice_sw_31997620.wav
jumanne lume mwiru ambaye alifunguliwa kesi na wenzake kwa kosa la uzembe 	male_masculine	7.1355	common_voice_sw_30579126.wav
kuna pia viwanda vya nguo 	male_masculine	3.6435	common_voice_sw_29516703.wav
katika somo hili 	male_masculine	2.0955	common_voice_sw_31304420.wav
watalii wa ndani wakitembelea kisiwa hicho hulipa shilingi elfu tatu 	female_feminine	4.6875	common_voice_sw_30021184.wav
wengi wakikutana nae sehemu hiyo siyo rahisi kumtambua 	male_masculine	4.1835	common_voice_sw_30025208.wav
kifo cha sultani kilisababisha kudidimia kwa maendeleo ya mzizima 	female_feminine	8.5755	common_voice_sw_30566817.wav
serikali za china na wakati wa vita pia japan walifanya mipango ya ujenzi 	male_masculine	6.3075	common_voice_sw_28811327.wav
watu waliopo katika eneo la kivuli chake wanaona kupatwa kwa jua 	male_masculine	7.9635	common_voice_sw_28681014.wav
lakini je hiari yetu ni kamili 	male_masculine	3.2475	common_voice_sw_29593678.wav
benki itawezesha mfumo thabiti wa kufanya malipo 	male_masculine	4.3635	common_voice_sw_36382631.wav
ulinifia mwokozi wangu 	male_masculine	2.7435	common_voice_sw_36310767.wav
watu waliamini pep atabaki nyumbani barcelona 	male_masculine	2.9955	common_voice_sw_30024780.wav
chini yake kuna majimbo mawili katika nchi hiyohiyo 	male_masculine	5.0835	common_voice_sw_28863466.wav
machozi na vilio vilitanda nchi mzima 	male_masculine	4.8675	common_voice_sw_29904643.wav
kanisa katoliki mara moja lilipoteza nafasi ya upendeleo 	male_masculine	4.5435	common_voice_sw_29796869.wav
carla alikuwa aina tofauti 	male_masculine	2.4555	common_voice_sw_37091627.wav
alikuwa anaongoza kwenye orodha ya makocha wanaolipwa vizuri 	female_feminine	5.9475	common_voice_sw_29799382.wav
sikukuu yake huadhimishwa na wakatoliki waorthodoksi na waanglikana tarehe ya kifo chake 	male_masculine	7.0635	common_voice_sw_28306063.wav
inahusu eneo la afrika mashariki ambalo wakazi wake leo wanaunda jamhuri ya kenya 	female_feminine	8.1075	common_voice_sw_30026647.wav
dokta living stone alikuja katika mwambao wa afrika ya mashariki 	male_masculine	6.7755	common_voice_sw_36013453.wav
hoteli na maeneo ya kufanyia mazoezi 	female_feminine	3.4275	common_voice_sw_29798627.wav
alipenda sana kuwapa watoto furaha katika maisha yake 	female_feminine	3.6075	common_voice_sw_31285516.wav
lakini huko geita katika mkoa wa geita 	male_masculine	4.0035	common_voice_sw_31321717.wav
eneo hili liko katikati ya hawaii na australia 	male_masculine	4.9035	common_voice_sw_28877985.wav
uchimbaji wa madini ya kobalti unatoa fursa nyingi sana kwa taifa hilo 	male_masculine	5.8035	common_voice_sw_29822618.wav
wengi wao hawaamini kuwa blob anaweza kutatua migogoro 	male_masculine	5.8755	common_voice_sw_30143802.wav
kutokana na vurugu hizo zilizokuwa zikifanywa na wakamba 	male_masculine	5.0475	common_voice_sw_29865105.wav
akiwatolea huduma zake panteno wa chuo cha aleksandria alikwenda india 	male_masculine	9.7275	common_voice_sw_35409068.wav
abooud jumbe alichaguliwa kuwa rais wa zanzibar 	male_masculine	3.1755	common_voice_sw_30307688.wav
sasa ukimzungumzia oprah winfrey unamzungumzia mwanamke tajiri duniani 	male_masculine	4.8675	common_voice_sw_29941493.wav
mkoa huu ulikuwa na majimbo ya uchaguzi ambayo ni geita mjini 	female_feminine	6.1635	common_voice_sw_34835479.wav
lulu humilikiwa na vachu matajiri nno na ina thamani sana 	male_masculine	5.3355	common_voice_sw_32323898.wav
takriban laki saba na elfu hamsini upande wa tanzania 	male_masculine	4.5435	common_voice_sw_29988192.wav
mourinho hajali wala hana habari na mtu 	male_masculine	4.0035	common_voice_sw_30090747.wav
kwa miaka kadhaa alikaa guinea na baadae akapelekwa huko romania 	female_feminine	6.7755	common_voice_sw_30176823.wav
hifadhi ya taifa ya ziwa manyara ilianzishwa elfu moja mia tisa na sitini 	male_masculine	7.2075	common_voice_sw_29963078.wav
ikiwa ni pamoja na wasiwasi wa kusambaa kwa ugonjwa cholera 	female_feminine	4.0755	common_voice_sw_35279576.wav
kupunguza idadi ya washambuliaji na kuongeza beki au viungo wakabaji 	male_masculine	5.6235	common_voice_sw_30470966.wav
yenyewe bila kupandwa na binadamu na pia 	female_feminine	4.9035	common_voice_sw_37223159.wav
kwa hiyo ni sehemu au sekta inayotoa mchango mkubwa kwa jamii 	male_masculine	4.8675	common_voice_sw_30182996.wav
wananchi wanashauriwa kutoshirikiana na wahalifu wa ujangili 	male_masculine	6.4155	common_voice_sw_30520125.wav
mahindi ni asilimia kumi na mbili hadi asilimia thelathini na tisa 	female_feminine	4.9035	common_voice_sw_34597670.wav
unaweza pia tumia kiungo hiki kutumia amazon wakati wowote 	male_masculine	6.2355	common_voice_sw_29905234.wav
ni milionea tajika afrika akizaliwa visiwani zanzibar tanzania 	male_masculine	5.6235	common_voice_sw_29788177.wav
sir alex ferguson aliwahi kusema barcelona inatisha 	male_masculine	5.4075	common_voice_sw_30668389.wav
kisha huzaa mtoto mmoja tu twiga ni baadhi ya wanyama wachache wanao zaa wakiwa 	male_masculine	6.8835	common_voice_sw_34762883.wav
tarehe kumi mwezi wa kumi na mbili 	male_masculine	3.3555	common_voice_sw_30203825.wav
blia kusahau halmashauri ya wilaya ya chato na halmasahauri ya mji wa geita 	male_masculine	6.7035	common_voice_sw_29948454.wav
hiyo ndiyo ilikuwa sababu ya jacob kutaka kujua hilo 	female_feminine	4.0035	common_voice_sw_34977502.wav
hivyo kuwa kivutio kikubwa kwa watalii wa ndani na nje ya nchi 	male_masculine	5.1555	common_voice_sw_30634763.wav
mara nyingi watu walimwita mwalimu nyerere 	male_masculine	3.7155	common_voice_sw_29938778.wav
bonde la mto naili ni maarufu kwa kilimo cha matikiti na mimea aina mbalimbali 	male_masculine	7.2075	common_voice_sw_29796182.wav
nitaona kama itawezekana 	female_feminine	3.0675	common_voice_sw_36616109.wav
utapata kwamba moyo wako wadunda haraka kuliko kawaida 	female_feminine	4.7235	common_voice_sw_36640749.wav
ni muhimu katika kusimamia utoaji haki nchini 	female_feminine	4.3275	common_voice_sw_36616509.wav
walinyamaza hadi wajerumani walipotembea kwa umbo la safu ndefu 	male_masculine	5.8035	common_voice_sw_30661050.wav
ulikuwa asilimia hamsini za wastani wa wamarekani 	male_masculine	5.8755	common_voice_sw_29937102.wav
jina hilo linatokana na neno la kwanza la wimbo huo katika tafsiri ya kilatini 	male_masculine	7.5675	common_voice_sw_29623344.wav
baada ya kuishi muda mfupi kama mkaapweke alianzisha shirika la masista wa familia takatifu 	female_feminine	6.8475	common_voice_sw_29488570.wav
wote wadhima 	male_masculine	3.4635	common_voice_sw_31858725.wav
mkwawa alisikia habari za wajerumani akajaribu kuwasiliana nao lakini hawakuelewana 	male_masculine	6.8475	common_voice_sw_30091394.wav
ndipo hupelekwa kusoma elimu dunia siyo kwamba wao 	male_masculine	4.2555	common_voice_sw_30326798.wav
kati ya makundi katika jamii mapinduzi ya kiteknolojia ya 	male_masculine	4.7235	common_voice_sw_37090665.wav
serikali za mitaa ziliondolewa na kuanza utawala mijini 	male_masculine	4.9755	common_voice_sw_29936890.wav
siku ya furaha 	female_feminine	3.0675	common_voice_sw_34745158.wav
ukeketaji ni haramu nchini kenya na tanzania na huleta ukosoaji 	male_masculine	7.2435	common_voice_sw_31356166.wav
ambayo inahusisha kuomba msamaha wa dhatiwamasai humwabudu mungu pekee nao humwita enkai au 	female_feminine	7.4235	common_voice_sw_34746051.wav
maamuzi aliyefanya kiongozi huyo aliwashangaza watu wengi 	male_masculine	5.1555	common_voice_sw_30017187.wav
kumbukumbu ya wenyeji ina habari ya mlipuko mnamo mwaka elfu moja mia saba thelathini 	male_masculine	9.6555	common_voice_sw_31433454.wav
mkate ulinunuliwa jana 	male_masculine	2.5275	common_voice_sw_36013775.wav
pia kuna mazao ya biashara ya kahawa chai na tumbaku 	male_masculine	9.4035	common_voice_sw_35376522.wav
kuanzia mwaka elfu moja mia saba themanini na nne 	male_masculine	4.5435	common_voice_sw_37097520.wav
aina nyingine ya unyanyapaaji ni unyanyapaaji wa kihisani 	male_masculine	4.9755	common_voice_sw_36385925.wav
wao kama watawala wadogo mahali pa mamabaadaye mzee mbegha alikaa pamoja na wazee 	male_masculine	7.9995	common_voice_sw_36385645.wav
mama waja wazito wote wanaodhani kuwa wameambukizwa 	male_masculine	8.8635	common_voice_sw_31304413.wav
wamasai wana makazi yao sehemu za kusini mwa kenya 	male_masculine	4.7595	common_voice_sw_30209891.wav
makampuni haya yalikuwa na athira kubwa 	female_feminine	4.1835	common_voice_sw_29351599.wav
morocco walifungwa na tunisia kwenye hatua ya fainali 	male_masculine	6.0555	common_voice_sw_30257064.wav
kilikuwa kitovu cha utawala hadi utawala wa kiroma juu ya misri 	male_masculine	6.1635	common_voice_sw_28690554.wav
kidato cha sita alimalizia katika sekondari ya mkwawa mkoani iringa 	female_feminine	6.75565625	common_voice_sw_30033820.wav
hawakurudi morogoro wale waliorejea morogoro waliulizwa walikowaacha wenzao 	male_masculine	6.6315	common_voice_sw_30364480.wav
vijana wa taifa hilo wanafanya kazi katika migodi hiyo 	female_feminine	4.0035	common_voice_sw_31406007.wav
mji mkongwe wa bagamoyo unakadiriwa kuanza kutukuka 	male_masculine	5.8035	common_voice_sw_29796576.wav
vita ya ukombozi ilileta uharibifu mwingi 	male_masculine	3.1755	common_voice_sw_29293157.wav
usisahau kwamba pele ni mmoja kati ya wachezaji wanne duniani 	male_masculine	4.4355	common_voice_sw_37229703.wav
kama ilivyo kwa makabila mengine wapare wamepiga hatua kwenye maendeleo kielimu kisiasa na kichumi 	male_masculine	8.98765625	common_voice_sw_30630934.wav
mshambuliaji wa kimataifa wa uganda emmanuel okwi ameweka historia kubwa uwanja wa taifa 	male_masculine	8.4675	common_voice_sw_30180409.wav
wanaogopa kushusha heshima zao walizozitengeneza 	male_masculine	5.0475	common_voice_sw_30090789.wav
imechukua hatua kali ili kupunguza uchafuzi wa hewa na ubora wake wa 	female_feminine	4.7955	common_voice_sw_36617476.wav
mandela alizaliwa katika mji mdogo wa transkei 	male_masculine	5.1555	common_voice_sw_30114433.wav
songoa jiwe likaitwa mkumba vana pia na mfinga ya kikweni 	male_masculine	6.3435	common_voice_sw_30021556.wav
kitendo hicho hakikumfurahisha raisi wa kwanza wa tanzania 	male_masculine	7.3155	common_voice_sw_30321999.wav
bobby charlton na bobby moore walikuwa bora sana 	female_feminine	5.6955	common_voice_sw_29791451.wav
makala yetu ya siha njema juma hili 	female_feminine	2.8155	common_voice_sw_36644643.wav
kwani kufanya mambo mema ni bora zaidi kuliko kufanya dhambi za dunia 	female_feminine	4.8675	common_voice_sw_35109643.wav
kupiti ziwa nyasa mkoani ruvuma kusini mwa nchi 	male_masculine	4.4355	common_voice_sw_30327063.wav
wajerumani walishambulia ufaransa kwa kutumia mbinu ya kupitia uholanzi 	male_masculine	5.2635	common_voice_sw_29943272.wav
wasambaa wamegawanyika katika koo mbalimbali ndani ya jamii zao 	male_masculine	5.4075	common_voice_sw_30121725.wav
utaalamu wake ulikuwa hasa upande wa fizikia na kemia 	male_masculine	5.4435	common_voice_sw_29573132.wav
na wazo lingine linalodai kwamba katika vipindi kongwe vilivyopata kuwako sehemu za pwani ya 	male_masculine	7.4955	common_voice_sw_36386423.wav
si mataifa yote yalikubaliana na matakwa ya uingereza ya kukomesha biashara ya utumwa 	male_masculine	7.3875	common_voice_sw_29795930.wav
wakaibatiza siku hiyo kuwa ni siku ya fukuto la kukata kiu 	male_masculine	4.5435	common_voice_sw_36383647.wav
wenyeji wanaiita deutschland tamka na jina hilo limeingia 	male_masculine	6.2715	common_voice_sw_36386215.wav
mgogoro mwingine baada ya mazishi ya madiba unahusu suala la jina 	female_feminine	6.5235	common_voice_sw_29959736.wav
zilikuwa na maandishi ya kiarabu upande mmoja na maandishi ya kijerumani nyuma yake 	male_masculine	6.5235	common_voice_sw_29183090.wav
hata hivyo watu wa liberia huongea kiingereza sana 	female_feminine	4.0755	common_voice_sw_29603244.wav
hadhi ya mji wa dar es salaam ilipandishwa kuwa ya manispaa 	male_masculine	5.7675	common_voice_sw_29787911.wav
mahojiano yaliyorekodiwa yanaweza kuhusisha maswali magumu 	male_masculine	6.1635	common_voice_sw_34764203.wav
ni pamoja na mers yaliyozuka mwanzoni mwa miaka ya elfu mbili 	male_masculine	5.4435	common_voice_sw_30650332.wav
hii ya mwisho inaweza ikahitaji mjadala kidogo 	male_masculine	4.6875	common_voice_sw_30579044.wav
sabato haikufanyika kwa ajili ya wana wa israeli pekee bali kwa ajili ya adam 	male_masculine	6.1275	common_voice_sw_37094143.wav
wakati wa vita kuu ya kwanza ya duniaa hakushiriki katika vita ya 	female_feminine	5.8755	common_voice_sw_37096308.wav
babu alinihadhithia hadithi 	female_feminine	3.5355	common_voice_sw_34917864.wav
na wamarekani nimejifunza kuwa 	male_masculine	5.1555	common_voice_sw_36299737.wav
lakini ulisogezwa mbele kwa juma moja ili kukamilisha 	female_feminine	4.5075	common_voice_sw_37094199.wav
katika utu wa ndani na ukiona umbile lako ni geugeu panda juu yako lakini 	female_feminine	6.1635	common_voice_sw_35123752.wav
heshima ya ferguson duniani ni kubwa 	female_feminine	3.7875	common_voice_sw_30247306.wav
yaliyotegemea uelekeo wa kuvuma kwa upepo ili wasafirishe malighafi hizo zilizovunwa afrika 	male_masculine	9.1875	common_voice_sw_30215536.wav
sema vizuri nikuskie kwa masikio yangu 	male_masculine	3.8235	common_voice_sw_36385376.wav
anatajwa kuwa ndiye chachu ya timu hiyo kuitwa jina la simba 	male_masculine	8.1435	common_voice_sw_30334849.wav
baba yake alifariki kwa mpasuko wa moyo 	male_masculine	4.9755	common_voice_sw_30162346.wav
alianza kufanya muziki kwa kuimba kisha alianza kuandika nyimbo kutoka shuleni 	female_feminine	6.2355	common_voice_sw_29612883.wav
wanyambo wanasema tulitokana na kizazi cha kanyambo mtoto wa ruhanga 	male_masculine	5.0835	common_voice_sw_36383734.wav
ilipobainika kuwa alikuwa akifadhili mafunzo kwa makundi ya kigaidi ambayo yalikuwa hatari sana kwa 	male_masculine	6.4875	common_voice_sw_37093792.wav
hutoa ufahamu wenye kusisimua katika mvuto wa mji wa asia 	female_feminine	5.0835	common_voice_sw_37223969.wav
hakuna vipimo vya umbali zaidi ya kutaja muda wa mwendo 	male_masculine	5.7675	common_voice_sw_28682899.wav
ushirikiano wa richard turnbull ulisaidia kupata uhuru 	male_masculine	6.0555	common_voice_sw_29795405.wav
tangu ugonjwa wa ukimwi ulipogunduliwa miaka ya elfu moja mia tisa na themanini 	male_masculine	5.5875	common_voice_sw_30470811.wav
tanzania ilihitaji wasimamizi bora wa mali ghafi 	female_feminine	4.7955	common_voice_sw_29791294.wav
mwinyi alikuwa kiongozi mpenda amani sana 	male_masculine	4.1475	common_voice_sw_30582812.wav
mkubwa kutoka kwa makamu wa rais saulos chilima rais wa zamani joyce banda na 	male_masculine	9.5475	common_voice_sw_35683509.wav
babake alikuwa mwanamuziki katika bendi la jeshi la mtemi 	male_masculine	5.8755	common_voice_sw_28682875.wav
sauti ambazo zilikuwa hazipewi kipaumbele kwa muda mrefu 	male_masculine	5.2275	common_voice_sw_30114392.wav
kwa muda mrefu wa historia yake austria ilihesabiwa kama sehemu ya ujerumani 	female_feminine	6.7035	common_voice_sw_28714514.wav
zaidi ya elfu thelathini kwa eneo lake zima 	male_masculine	3.7875	common_voice_sw_29795530.wav
mji wa bagamoyo ulihusishwa na biashara ya masafa marefu 	male_masculine	6.3435	common_voice_sw_30334820.wav
matamu yote duniani yasiyo barafu ziwa kubwa 	female_feminine	3.4275	common_voice_sw_34941788.wav
alijitolea maisha yake na ujana wake wote katika kupigania haki 	female_feminine	5.3355	common_voice_sw_30364992.wav
na mara hii kuna taarifa kuhusiana na suala la wachezaji 	female_feminine	4.7955	common_voice_sw_35107949.wav
huo ulikuwa ni mfano wa imani yake katika masuala ya diplomasia 	female_feminine	5.0475	common_voice_sw_34924488.wav
maishani wakifuata dini ya watawala masharti ya kujiunga na 	male_masculine	4.8675	common_voice_sw_36368149.wav
maelezo ya chini 	male_masculine	3.9675	common_voice_sw_28670014.wav
ufundi na usanifu majengo katika mji huu mkongwe ulitokana na pande hizo nne zilizo 	male_masculine	7.0275	common_voice_sw_29898553.wav
kasi ya usambazaji hutegemea aina ya kimelea pia mbu msambazaji binadamu anayeumwa na mazingira 	male_masculine	9.0075	common_voice_sw_30181694.wav
pwani hizo zilikuwa mapema sehemu ya biashara ya kimataifa katika bahari hindi 	male_masculine	7.0635	common_voice_sw_28582717.wav
kutoka nje yanaweza kupata leseni ya biashara 	female_feminine	4.5435	common_voice_sw_37215426.wav
mila na desturi zake ambazo ndizo miongozo na dira 	male_masculine	6.1635	common_voice_sw_29903376.wav
kwani palihatarisha uwepo wa kabila kwa siku za baadae 	male_masculine	5.6235	common_voice_sw_29897730.wav
asi ya jumuiya ya kimatifa kwenye masuala kama haya inapotokea 	female_feminine	4.9035	common_voice_sw_35104587.wav
historia yake inawavutia watu wengi kufanya utafiti 	female_feminine	4.9755	common_voice_sw_30624118.wav
lucky dube alirekodi albamu ishirini na mbili katika lugha ya kizulu 	male_masculine	4.6875	common_voice_sw_36310672.wav
walitumia ngamia farasi punda au wanyama wengine katika kuendeleza biashara ya misafara 	female_feminine	7.3155	common_voice_sw_28696300.wav
karol alikuwa golikipa wakati alipokuwa anacheza mpira 	male_masculine	3.7875	common_voice_sw_29996075.wav
kuna vijiji viwili tu kisiwani 	male_masculine	3.9675	common_voice_sw_28670570.wav
pia wana ofisi katika mabara mengine 	male_masculine	4.9755	common_voice_sw_28670618.wav
hapo munyigumba akakasirika na kuamua kumfukuza sekinyaga na mwanawe 	male_masculine	7.7835	common_voice_sw_29896836.wav
mojawapo ya changamoto tunayokabiliana nayo katika mpango huu ni kupata tafsiri mwafaka ya maneno 	male_masculine	8.8635	common_voice_sw_28855832.wav
kila mtu aliguswa kwa namna yake kwa sababu midomo ilibaki wazi 	female_feminine	5.0475	common_voice_sw_29798536.wav
kiko upande wa kusini magharibi wa kisiwa cha hao 	male_masculine	5.8035	common_voice_sw_29752935.wav
karibu na ziwa viktoria kuna tambarare yenye mafuriko yaliyotokana na matandiko ya ziwa 	male_masculine	7.9275	common_voice_sw_29904775.wav
vyanzo vya kisasa vya ugiriki na vya kirumi viliichukulia vibaya kama jina 	male_masculine	7.0275	common_voice_sw_28670228.wav
pamoja na hayo mwenyewe aliendelea kutunga vitabu mbalimbali 	male_masculine	5.4075	common_voice_sw_28993473.wav
alifunga pingu ya maisha na bwana hafidh ameir 	male_masculine	3.3555	common_voice_sw_36383634.wav
imani ya kuwapo mizimu iliondoka kwa asilimia kubwa 	male_masculine	5.3715	common_voice_sw_30233707.wav
pneumonia ni maambukizi yanayojitokeza kwenye mapafu 	male_masculine	3.8235	common_voice_sw_36374942.wav
na hawakuambiwa kuwa wanakwenda kulima mkonge walikubali na hatimaye hawakukuta hata kimoja 	female_feminine	7.7835	common_voice_sw_29796948.wav
bila kusahau kiteto na simanjiro zinazokamilisha jumla ya wilaya tano za mkoa wa manyara 	male_masculine	6.7755	common_voice_sw_30016500.wav
kanali seif bakari alikuwa mkuu wa usalama wa taifa zanzibar 	female_feminine	4.9755	common_voice_sw_37087186.wav
alizikwa kijiji cha butiama huko musoma 	female_feminine	4.0755	common_voice_sw_30353484.wav
ndipo kipaji chake cha utangazaji kilipojulikana 	male_masculine	4.4355	common_voice_sw_30654199.wav
barcelona walifunga chelsea mabao mawili 	male_masculine	5.9835	common_voice_sw_29815916.wav
yapo magonjwa mengi ya ini 	male_masculine	3.2835	common_voice_sw_28681259.wav
mkutano huo ulifanyika kuanzia mwaka elfu moja mia nane themanini na nne 	female_feminine	6.4155	common_voice_sw_29788369.wav
jamii nyingi za kipare zina utaratibu wa kushirikiana 	male_masculine	3.8955	common_voice_sw_30327257.wav
nyumbu huzaliana sana na kufikia nyumbu laki tano wanaozaliwa kwa mwaka 	male_masculine	6.8475	common_voice_sw_31304305.wav
hukumu ilibainisha umahiri wa ahakama ya kimataifa 	male_masculine	4.5435	common_voice_sw_36382015.wav
mifumo ya ikolojia iliyo na virutubishi vichache kama vile maeneo ya joto 	male_masculine	6.1995	common_voice_sw_36385165.wav
ni hatua ya kimkakati ambayo kufanya biashara na bara la kiswahili 	male_masculine	4.3275	common_voice_sw_36375124.wav
kuwa na hidarati ni lazima kama una matumaini ya kufika mbali 	male_masculine	5.4435	common_voice_sw_30020162.wav
historia ya wamasai inaonyesha kwamba wao ni jamii ya wafugaji 	male_masculine	4.6875	common_voice_sw_29943862.wav
wakati wa shughuli za utengenezaji wa barabara 	male_masculine	5.6595	common_voice_sw_30357272.wav
tukio la nahodha wa ufaransa zidane kumpiga kichwa materazi litabaki milele 	female_feminine	7.0275	common_voice_sw_30053025.wav
kwa kutumia madawa ya yanayopambana na virusi 	male_masculine	4.9035	common_voice_sw_31304430.wav
mwaka wa elfu moja mia nane sitini na tatu 	female_feminine	5.1555	common_voice_sw_30495283.wav
daktari wako atakupima ili kugundua tatizo 	female_feminine	4.6875	common_voice_sw_30024376.wav
ndiko kulikogunduliwa masalia ya viumbe wa jamii ya watu wa kale 	male_masculine	5.5875	common_voice_sw_30091655.wav
tausi jike anakaa na watoto wake karibu kwa miezi sita 	male_masculine	5.8035	common_voice_sw_30515322.wav
kiwi anatoka familia moja na mbuni 	male_masculine	3.8235	common_voice_sw_30579043.wav
takriban watu milioni sitini walikufa kutokana na vita hivi 	male_masculine	5.3355	common_voice_sw_30017348.wav
waliokataa kuwapa ardhi wazungu ili wafanye kazi zao 	female_feminine	4.9035	common_voice_sw_30305638.wav
kwa waingereza na katika makoloni ya uingereza lakini watumwa waliokuwepo walibaki hivohivo 	female_feminine	10.0875	common_voice_sw_37224384.wav
mzaliwa wa familia ya bustill 	male_masculine	3.9675	common_voice_sw_28663125.wav
hutoweka maeneo hayo na hata mtoto pia hujihami kwa kuingia katika mfuko 	male_masculine	6.5955	common_voice_sw_30671690.wav
nalitakasika kwa damu 	male_masculine	2.0955	common_voice_sw_36389457.wav
watu wanakimbilia ufukweni kwa ajili ya kupunga upepo 	female_feminine	3.6435	common_voice_sw_31406140.wav
iliyobaki duniani inaweza kuwa na miti hii 	male_masculine	2.9235	common_voice_sw_36319128.wav
hapo alijiunga na umonaki kwenye mlima sinai 	female_feminine	5.6235	common_voice_sw_29406911.wav
cameroon waliibuka washindi wa kombe nchini morocco 	male_masculine	4.5075	common_voice_sw_29926922.wav
mnyama aliyewahi kuwa kwenye hatari ya kupotea kutokana na ujangili 	male_masculine	4.8675	common_voice_sw_29939137.wav
sheria hiyo haihusiani tu na utegemeaji wa dawa 	male_masculine	3.5355	common_voice_sw_36375244.wav
ndege hawa wana rangi za kijivu kahawa na nyeupe pengine njano pia 	male_masculine	6.4875	common_voice_sw_29147195.wav
sun alijifunza kiingereza hisabati na sayansi 	male_masculine	6.1635	common_voice_sw_28690924.wav
hao waliokua 	male_masculine	3.7155	common_voice_sw_37093044.wav
hii inaleta picha gani kwa siasa ya tanzania picha hiyo ni mbaya zaidi 	female_feminine	5.5875	common_voice_sw_36641877.wav
dawa hizo zinaitwa dawa za kurefusha maisha 	male_masculine	3.7155	common_voice_sw_37094903.wav
kuenea katika afrika baada ya mkutano wa berlin 	male_masculine	4.4355	common_voice_sw_30579093.wav
mifugo midogo mara nyingi pia huwekwa ndani ya enkaji 	male_masculine	5.7675	common_voice_sw_29788026.wav
ni miongoni mwa makabila yanayojulikana zaidi hata nje ya afrika 	male_masculine	4.5075	common_voice_sw_30419818.wav
wengine wakahama na kadhia za kila namna 	male_masculine	3.8235	common_voice_sw_30181645.wav
twendeni kwetu ama kwao 	female_feminine	2.5275	common_voice_sw_35181604.wav
katika muhula wake wa pili ambapo mfumo wa vyama vingi ulianzishwa 	female_feminine	6.4155	common_voice_sw_30709973.wav
hawakuchoka kujitafutia ridhiki kwa namna yoyote 	female_feminine	4.0755	common_voice_sw_30582813.wav
nyerere alipiga vita ukabila ndani ya nchi ya tanzania 	female_feminine	4.9755	common_voice_sw_29960748.wav
mji huo ukijulikana kama maputo ambao ni mji mkuu wa taifa la msumbiji 	female_feminine	5.5875	common_voice_sw_31283748.wav
iko katika kaskazini mashariki ya nchi 	female_feminine	4.4355	common_voice_sw_29465797.wav
za viungo kama ngozi zilikuwa zikiiuzwa kongo kwa ajili ya matumizi ya dawa za 	male_masculine	10.0875	common_voice_sw_34390951.wav
na haya yote ni katika kuongeza mzunguko wa fedha kwa watanzania 	male_masculine	5.1555	common_voice_sw_30671688.wav
ni katibu mwenezi taifa tanzania labour party 	male_masculine	4.6875	common_voice_sw_36389720.wav
hadi msimu ulipokwisha akajiweka kando na soka 	female_feminine	4.1475	common_voice_sw_30653693.wav
huwa kama kizuizi kwa vijidudu vinavyosababisha magonjwa ya zinaa 	male_masculine	5.7675	common_voice_sw_30577737.wav
michuano yote ya soka inapofanyika waandaaji wanatoa tuzo 	male_masculine	4.9035	common_voice_sw_29787880.wav
ununuzi wa rada kwa ajili ya matumizi ya kijeshi kwa kiasi cha mamilioni 	male_masculine	6.6675	common_voice_sw_30144247.wav
lakini aliona hawakuwa peke yao ambao hawatii amri yake 	male_masculine	5.3355	common_voice_sw_36067178.wav
dume mmoja anapanda majike kati ya mawili hadi saba 	male_masculine	4.3635	common_voice_sw_29996189.wav
balozi salim ahmed salim wakati huo akawa balozi wa zanzibar nchini misri 	male_masculine	8.6835	common_voice_sw_37085539.wav
ndani ya meli ya titanic kulikuwa na wanyama wengi 	male_masculine	4.9035	common_voice_sw_30201314.wav
iko kati ya milima ya alpi na bahari ya mediteranea 	male_masculine	5.6235	common_voice_sw_28973467.wav
ya waridi hata yenye maua haidharauliwi na 	female_feminine	4.9395	common_voice_sw_30188437.wav
alishtaki kikundi cha chrestiani ya kuwa wamechoma moto mji wa roma 	male_masculine	6.1275	common_voice_sw_35990863.wav
hii hutokea katika mwezi wa tatu wa kipindi cha ujauzito 	male_masculine	8.1075	common_voice_sw_29590438.wav
wapiganaji wana jukumu la usalama katika jamii 	male_masculine	4.3995	common_voice_sw_36386251.wav
huu unatumika kuzuia waumini wa dini nyingine zote 	female_feminine	4.7235	common_voice_sw_37215064.wav
alifuatana na wazee wengine kwenda kwenye zindiko bagamoyo 	male_masculine	5.5875	common_voice_sw_29796218.wav
alitunga shairi juu ya miungu na mapenzi 	male_masculine	3.7875	common_voice_sw_29516295.wav
mwite aje veye 	male_masculine	2.9235	common_voice_sw_32101606.wav
jina linatokana na lile la mto mara 	male_masculine	3.1755	common_voice_sw_29797029.wav
zao na desturi zao lakini baada ya muda wamisri waliona 	female_feminine	5.3355	common_voice_sw_36039511.wav
hispania ilitwaa kombe la ulaya 	male_masculine	3.0675	common_voice_sw_29797094.wav
nakuru iliundwa na uingereza wakati wa ukoloni na imeendelea kukua tangu 	male_masculine	9.1155	common_voice_sw_28684931.wav
hatua iliyomfanya kupewa jina la utani jaffa 	male_masculine	3.6435	common_voice_sw_30327387.wav
yana yanakua yanapewa umuhimu 	male_masculine	2.9235	common_voice_sw_37223701.wav
athira ya kiarabu huonekana katika majengo ya kihistoria hadi leo hii 	male_masculine	5.4075	common_voice_sw_28663292.wav
upepo mkali huitwa dhoruba 	female_feminine	3.1755	common_voice_sw_28718824.wav
ripoti hiyo ilisema pato limeongezeka kidogo tu 	female_feminine	4.0755	common_voice_sw_37331992.wav
wafadhili wana mitazamo na malengo yao 	male_masculine	3.3555	common_voice_sw_37222631.wav
hawa huwa na vitu fulani kwenye vichwa vyao 	male_masculine	4.19965625	common_voice_sw_30630203.wav
ukubwa wa darfur ni kama ule wa ufaransa 	male_masculine	3.7155	common_voice_sw_28681176.wav
sera ya serikali ya awamu ya nane ya kukuza uchumi kupitia bahari 	female_feminine	5.3355	common_voice_sw_35867568.wav
milima inatengeneza mazingira mazuri kwa vijiji vinavyozunguka maeneo hayo 	male_masculine	6.0555	common_voice_sw_30180188.wav
bila ya kukutana kimwili hakuna uwezekano wa kupata maambukizi ya zinaa 	male_masculine	6.9555	common_voice_sw_29906694.wav
watenga watapeleka mahari kidogo kwa mama na baba wa binti 	male_masculine	5.6955	common_voice_sw_29787859.wav
miezi kadhaa inayofuata tohara hata hivyo nyekundu ni rangi iliyopendelewa 	male_masculine	7.6035	common_voice_sw_30007107.wav
kuruhusu magari ya kivita vifaru na wanajeshi kuvuka mto kagera 	male_masculine	6.0555	common_voice_sw_30582919.wav
katika sehemu za kaskazini kuna gesi na mafuta 	male_masculine	5.3355	common_voice_sw_28582669.wav
alianguka chini 	male_masculine	2.0235	common_voice_sw_36375164.wav
waziri rashid kawawa alihujumu fedha za serikali shilingi milioni sitini 	male_masculine	9.2235	common_voice_sw_31440728.wav
tanzania imejengwa katika misingi ya ushirikiano 	male_masculine	5.0475	common_voice_sw_29864520.wav
mfano mzuri ni mabadiliko kutoka nne nne mbili kwenda tano tatu mbili 	male_masculine	6.8475	common_voice_sw_29996933.wav
hizi zilizo ndogo na kuwafundisha watu hivyo ataitwa mdogo kabisa katika ufalme wa mbinguni 	male_masculine	5.8035	common_voice_sw_37225491.wav
mbuni anaweza kuwaona adui zake wakiwa mbali sana 	male_masculine	4.7955	common_voice_sw_30650346.wav
yeye pia ni mwanachama wa taasisi ya usimamizi ya kenya 	male_masculine	6.5235	common_voice_sw_28690178.wav
mji wa bagamoyo upo pembezoni mwa bahari ya hindi kaskazini mwa bahari ya hindi 	male_masculine	7.1715	common_voice_sw_30342842.wav
kufikia mwisho wa hali ya hatari askari hao walikuwa wamewaua 	male_masculine	4.9035	common_voice_sw_37090532.wav
ukubwa wake unakomea hapo katika utambulisho 	female_feminine	4.7235	common_voice_sw_29794180.wav
aliyehamia uislamu mnamo elfu moja mia tisa na kumi 	male_masculine	4.5435	common_voice_sw_30450767.wav
ndipo huyo mganga akamtunuku jina lake la mwigulu na ndivyo jina lilivyozaliwa 	female_feminine	7.6035	common_voice_sw_30327027.wav
dhambi zangu zote wala si nusu 	male_masculine	2.3475	common_voice_sw_36390421.wav
wadudu barafu wanatokea amerika ya kaskazini na asia ya mashariki juu ya milima 	male_masculine	9.1155	common_voice_sw_28814453.wav
kitafuata imani ya ujamaa ikiwa na maana kwamba watu wote ni sawa 	female_feminine	5.6955	common_voice_sw_29981817.wav
obito alidhani kuwa rafiki yake sarah alikufa 	female_feminine	4.5075	common_voice_sw_36040193.wav
ya vitalo kutawazwa kwa mabingwa 	female_feminine	3.2835	common_voice_sw_34917803.wav
kwanza kuna joto halafu ukame 	female_feminine	3.2475	common_voice_sw_29564841.wav
sehemu yenye michoro ya kale ya mapangoni 	male_masculine	4.6155	common_voice_sw_30671384.wav
mchezaji bora wa michuano ya kombe la dunia alikuwa varela wa uruguay 	female_feminine	6.3075	common_voice_sw_29791870.wav
lilikuwa jaribio la mapinduzi lililoshindwa kwa serikali ya mapinduzi 	male_masculine	7.9635	common_voice_sw_30384776.wav
karibu na ncha za dunia ziko pia ncha sumaku za kaskazini na kusini 	male_masculine	6.1635	common_voice_sw_28875824.wav
hifadhi ya ngorongoro ya leo ilianzishwa kwa ajili ya kulinda utamaduni wa wamaasai 	female_feminine	6.4155	common_voice_sw_30069181.wav
na kujaribu na kujaribu kuharibu mali ya umma 	female_feminine	4.5435	common_voice_sw_35104363.wav
anasema akiwa redio muda alitangaza kipindi cha asubuhi cha kuchomoza jua 	male_masculine	6.9195	common_voice_sw_30363995.wav
huu wimbo ni wangu peke yangu 	male_masculine	2.4555	common_voice_sw_36945667.wav
watafiti wa masuala ya ekolojia huweka kambi mara kwa mara 	male_masculine	3.9675	common_voice_sw_30021413.wav
na kuwaondolea shida ya maji ambayo imekuwa ni tatizo kubwa kwa jamii za kiafrika 	male_masculine	7.7475	common_voice_sw_30342562.wav
mbegu zake ndogo hutoa mafuta 	male_masculine	3.8235	common_voice_sw_28690679.wav
k mkutano wa jumuiya ya madola chogum ambao ulikuwa pamoja 	female_feminine	6.0555	common_voice_sw_34958908.wav
wengi wao wanaishi kwa kushirikiana na wamasai kama tabaka la chini 	female_feminine	6.5235	common_voice_sw_29350718.wav
sasa wilaya ya chato iko katika mkoa wa geita 	male_masculine	3.6435	common_voice_sw_30434421.wav
aliapishwa kama waziri mkuu wa kenya baada ya miaka zaidi ya arobaini ya kukoma 	male_masculine	7.7835	common_voice_sw_29895541.wav
a yataingizwaje katika mfumo wa muungano 	male_masculine	3.2835	common_voice_sw_36381642.wav
watu wa misri walikua wakiishi kando ya mto naili 	female_feminine	4.8675	common_voice_sw_29788597.wav
kwa miaka kadhaa alikaa guinea 	male_masculine	3.7875	common_voice_sw_29696942.wav
lakini sio eneo la feli tu linalouza samaki 	male_masculine	4.3635	common_voice_sw_30081414.wav
ni moja ya vyuo vikuu vingi zaidi nchini marekani 	male_masculine	4.3275	common_voice_sw_28670192.wav
katika taifa hilo watu wote wanapaswa kuingia bila ya ubaguzi ili wawe kitu kimoja 	male_masculine	6.2355	common_voice_sw_28725324.wav
kuna aina mbili za bawasiri moja ni bawasiri ya nje ya puru 	male_masculine	5.1915	common_voice_sw_30381097.wav
ilimfanya awe mmoja wa wanamuziki wa kizazi kipya wanaoheshimika 	male_masculine	5.17165625	common_voice_sw_30735714.wav
sehemu hii mara nyingi wamwera huiita likuta 	male_masculine	8.1435	common_voice_sw_31304383.wav
katibu mkuu wa nato andes forgrasmel 	male_masculine	3.8955	common_voice_sw_36375012.wav
kwa ajili ya kupata kipato cha kukidhi mahitaji yao ya kila siku 	male_masculine	6.1635	common_voice_sw_30635685.wav
wakati meli ikizama bendi hiyo iliendelea kuimba 	male_masculine	4.3275	common_voice_sw_30338777.wav
wapare wa same hutumia majina kama kakore na mengineyo 	male_masculine	6.0555	common_voice_sw_29796584.wav
wasukuma limetokana na neno sukuma kutoka kaskazini 	male_masculine	5.6235	common_voice_sw_31369759.wav
hufuga punda ndogowe kwa ajili ya ubebaji mizigo na 	male_masculine	5.1555	common_voice_sw_30057881.wav
uingereza mara nyingi wanakosa timu bora yenyewe uwezo wa kushindana na mataifa mengine 	male_masculine	7.1355	common_voice_sw_30327081.wav
njia hii inaweza kutunza kumbukumbu ya kudumu 	male_masculine	5.1555	common_voice_sw_28878120.wav
majani yake hutumika pia kusafisha meno 	female_feminine	5.2275	common_voice_sw_29262391.wav
ziwa lina ukubwa wa kilomita za mraba elfu nne mia moja 	male_masculine	5.4435	common_voice_sw_29997369.wav
walitangaza marufuku kwa watu weusi kwenda shule 	male_masculine	3.7155	common_voice_sw_30326928.wav
hii leo katika ligi ya kombe la ligi nchini humo kopa italia 	male_masculine	5.5875	common_voice_sw_35107988.wav
mwaka huu tarehe thelathini na moja mwezi wa kumi 	male_masculine	3.7875	common_voice_sw_36382162.wav
katika imani za kimaasai inaaminika kuwa wanaweza kugundua magonjwa na sababu za mikosi 	male_masculine	8.6475	common_voice_sw_36013473.wav
kuna aina nyingi tofauti za nyumba za wageni 	male_masculine	4.5075	common_voice_sw_29418685.wav
beckham alikuwa mshiriki katika ballon dor aliyekimbia mara mbili ya mchezaji wa dunia 	male_masculine	9.6555	common_voice_sw_30201655.wav
kuna mwendo wa masaa mawili kutoka uwanja wa ndege wa pemba mpaka ngezi 	male_masculine	5.6235	common_voice_sw_29788896.wav
mambo yote hayo hayaondoi ubora na thamani ya kocha pep 	male_masculine	5.1555	common_voice_sw_30091060.wav
mabaki yaliyopatikana katika mabonde ya tugen yaliyokuwa na takriban miaka milioni sita 	male_masculine	9.1875	common_voice_sw_29795508.wav
u baadhi ya vigogo wakiambulia patupu mwandishi wetu tony singoro 	female_feminine	4.5075	common_voice_sw_35284788.wav
ushiriki katika tume maalum ya kupitia katiba 	male_masculine	4.2915	common_voice_sw_36386478.wav
miongoni mwao walikuwemo makuhani na waheshimiwa waaguzi wa arochukwu na jumuiya ya ekpe 	male_masculine	7.9635	common_voice_sw_29795534.wav
ikiwa hili litafanyika kwa umakini ni wazi kuwa matatizo ya kuwa na chunusi 	female_feminine	7.6035	common_voice_sw_30176804.wav
hifadhi hiyo ilipingwa na wabunge kabla ya hayati magufuli kuiidhinisha 	male_masculine	5.9475	common_voice_sw_30182125.wav
na kupunguza urasimu katika kusaidia ukuaji wa kiuchumi 	male_masculine	5.4435	common_voice_sw_30661152.wav
mwizi baiskili anshikwa 	male_masculine	3.7875	common_voice_sw_31950706.wav
zilitumia pesa mara mbili zaidi ya familia nyingine 	male_masculine	5.6235	common_voice_sw_30320505.wav
kwa hiyo hii ni sekta inayochangia mapato makubwa kwa serikali na jamii nzima 	female_feminine	7.0635	common_voice_sw_30233608.wav
sultani majid bin said kuhamia dar es salaam mwaka huo 	male_masculine	5.5875	common_voice_sw_29946566.wav
lake la heshima likimaanisha kiongozi aliyetwaa nchi nyingimkwawa alizaliwa mnamo mwaka elfu moja 	male_masculine	9.6555	common_voice_sw_36389582.wav
mfano mapango ya amboni pangani na sehemu nyingine nyingi 	male_masculine	5.1555	common_voice_sw_30323504.wav
walienda baharini 	male_masculine	2.5635	common_voice_sw_35132532.wav
unaendelea kuitegea sikio idhaa ya kiswahili ya redio france internationale 	female_feminine	5.0835	common_voice_sw_37223869.wav
chimbuko la utamaduni huo linaaminiwa kuwa barani ulaya katika karne ya kumi na sita 	male_masculine	9.0075	common_voice_sw_31326459.wav
hasa alichunguza maswali ya umeme 	male_masculine	3.1755	common_voice_sw_28716317.wav
kuna matoleo mengi tofauti ya hadithi 	male_masculine	4.0755	common_voice_sw_28663183.wav
ukipata muda funga safari za kwenda kilimanjaro kutoka dar es salaam 	female_feminine	4.6875	common_voice_sw_30718033.wav
pombe za kienyeji kama ulanzi ili mtoto asisumbue 	male_masculine	5.4075	common_voice_sw_30634784.wav
wa miamba waligundua mlundikano mkubwa wa gesi 	female_feminine	4.8675	common_voice_sw_37094324.wav
makundi makubwa ya viboko pundamilia na nyumbu huonekana katika eneo hili 	male_masculine	4.5075	common_voice_sw_30020916.wav
kilimo cha mkonge na korosho katika maeneo mbalimbali ya afrika 	female_feminine	5.0835	common_voice_sw_29811946.wav
mwaka elfu moja mia tisa sitini na moja tanganyika ilipata uhuru wake 	male_masculine	6.0555	common_voice_sw_30146876.wav
waitalia walianza kushambulia ugiriki na jeshi la waingereza 	male_masculine	4.77565625	common_voice_sw_30143813.wav
chakula chao ni ugali wa mahindi ulezi na mtama kidogo 	male_masculine	4.9755	common_voice_sw_29993109.wav
anasonga ugali 	male_masculine	1.8075	common_voice_sw_36388888.wav
walioishi nyakahanga karibu na kiongozi huyo wa jadi 	female_feminine	5.9475	common_voice_sw_30667172.wav
nyumbu akikamatwa tu basi hutulia na kuliwa bila shida 	male_masculine	4.1835	common_voice_sw_29963715.wav
asili ya jina ethiopia haijulikani 	male_masculine	3.7155	common_voice_sw_28305859.wav
ama umoja wa wachezaji wa kimataifa 	male_masculine	3.0675	common_voice_sw_36350015.wav
wagonjwa nane hadi kumi hufa hata baada ya matibabu kwa kutumia antibiotiki 	male_masculine	5.1555	common_voice_sw_29950332.wav
ufaransa ilimenyana na croatia kwenye fainali 	male_masculine	6.2355	common_voice_sw_30122818.wav
kwa hiyo allaah subhaanahu wa taala akawa anawaita kwa jina la bani israaiyl 	male_masculine	9.1155	common_voice_sw_29787886.wav
agosti ya themanini na tatu na januari wastani 	female_feminine	3.8235	common_voice_sw_35409338.wav
ashe alikuwa akifanyiwa upasuaji wa moyo 	female_feminine	3.8955	common_voice_sw_35155190.wav
hivyo basi atatafutwa mwanamke ambaye hajabahatika kuzaa na atapewa mmoja 	male_masculine	8.3235	common_voice_sw_29796539.wav
huku watu milioni moja nukta nane wakiambukizwa umpya mwaka elfu mbili kumi na saba 	male_masculine	7.7475	common_voice_sw_29945759.wav
jose mourinho na makocha wengine wakawa waasisi wa soka la kujihami 	male_masculine	6.9555	common_voice_sw_29897831.wav
yenye urefu wa zaidi ya mita hamsini na inakadiriwa kuwa mirefu kuliko yote duniani 	male_masculine	8.2155	common_voice_sw_30654125.wav
katika nchi kavu ya kusini kuna ufugaji wa kondoo 	male_masculine	5.0835	common_voice_sw_29623414.wav
abeid amani karume alipeleka barua ya kuomba kazi melini 	male_masculine	5.6955	common_voice_sw_29795256.wav
virusi hivi vilipewa jina la ukimwi vilipogunduliwa nchini marekani 	male_masculine	6.5955	common_voice_sw_30181691.wav
wakati huohuo aliandika pia masimulizi na vitabu 	male_masculine	5.4075	common_voice_sw_28877823.wav
kutoka mji wa kilwa masoko hadi kufika kilwa kisiwani 	male_masculine	4.2555	common_voice_sw_29982111.wav
kuna tofauti kati ya michezo ya kiangazi na michezo ya majira ya baridi 	female_feminine	5.0475	common_voice_sw_29620658.wav
jumuiya hiyo ilikuwa na lengo la kuwaunganisha pamoja vijana wa african association 	male_masculine	7.4955	common_voice_sw_30221738.wav
aliendelea kubuni njia ya kubadilisha tabia za mpira kuwa mgumu kabisa 	male_masculine	6.8835	common_voice_sw_28691419.wav
lakini wakati huo ilijulikana kwa jina la tanganyika upande wa mashariki mwa afrika 	male_masculine	8.7915	common_voice_sw_30342895.wav
yohane paulo wa pili alitangazwa mwenye kheri na papa benedikto wa kumi na sita 	male_masculine	6.4155	common_voice_sw_30647704.wav
alitembea haraka kupanda ngazi kuelekea chumbani kwake 	male_masculine	3.2475	common_voice_sw_36389451.wav
marais wengi duniani hawapendi kuwanyonga raia wake 	male_masculine	6.4155	common_voice_sw_29950643.wav
kiumbe huyo alijulikana kwa jina la blob 	male_masculine	4.3275	common_voice_sw_29795901.wav
watoto hawa walitawanyika ikiwa ni suluhu ya ugomvi wao 	female_feminine	6.4155	common_voice_sw_30176501.wav
hizo fensi za nyumba kwa kangaroo sio kizuizi huweza kuruka pasi na kugusa ukuta 	male_masculine	6.2355	common_voice_sw_29899376.wav
wakati tukio hilo linatokea mkapa alikuwa ughaibuni akishiriki mkutano wa kiuchumi 	female_feminine	6.4155	common_voice_sw_30028949.wav
kwa sasa ni mtayarishaji wa nyimbo kutoka tanzania 	male_masculine	4.7955	common_voice_sw_29419996.wav
a mtaalam unafikiria atatoa hunduma kwa usahihi kweli 	female_feminine	5.5875	common_voice_sw_35107769.wav
uasherati na uzinzi amri ya sita isemayo usiue ilivunjwa na mauaji yakawa ni matokeo 	female_feminine	9.7635	common_voice_sw_34917733.wav
alizaliwa jamaika lakini alihamia nchini kanada akiwa na umri wa miaka saba 	male_masculine	5.5155	common_voice_sw_29141381.wav
kuta za mawe zinaonekana kati ya miti 	male_masculine	4.7955	common_voice_sw_28670633.wav
mfugaji katika kukabili adui huyu wa haki wa mazingira 	male_masculine	5.1195	common_voice_sw_36386392.wav
alichaguliwa na raia wa zanzibar si wajumbe wa baraza la mapinduzi 	male_masculine	6.1275	common_voice_sw_30381618.wav
raia wa uingereza na mwenyekiti wa kampuni ya ndege aliyeitwa bwana herri william 	male_masculine	7.2075	common_voice_sw_31286345.wav
lakini imani iliendelea kwa siri 	male_masculine	4.5435	common_voice_sw_28681834.wav
pep guardiola aliweka rekodi za kuvutia 	female_feminine	3.1755	common_voice_sw_30642126.wav
idadi ya watu waliouawa uganda chini ya utawala wake imekadiriwa 	male_masculine	6.5595	common_voice_sw_29871607.wav
ni tisho jipwa kwa mji mkuu nchini haiti kwani tayari 	male_masculine	5.5515	common_voice_sw_36386104.wav
kumekuwa na nadharia mbalimbali na uelewa tofauti tofauti kuhusu chimbuko au chanzo cha ukimwi 	male_masculine	5.9835	common_voice_sw_29797015.wav
chakula hiki huandaliwa siku ya ijumaa jioni hadi jumapili jioni 	male_masculine	4.2555	common_voice_sw_30675003.wav
akiwa na idadi ya mabao thelathini na sita katika michezo thelathini ya kadet a 	male_masculine	7.2435	common_voice_sw_30148780.wav
ila wazee hukaa nje kidogo ya nyumba na kukoka moto 	female_feminine	4.4355	common_voice_sw_30653653.wav
maalim seif aliwania nafasi ya urais wa zanzibari kwa tiketi ya chama cha wananchi 	male_masculine	6.9555	common_voice_sw_30574590.wav
hewa ikiwa ni pamoja na chembechembe za vumbi la mchanga na 	male_masculine	6.9555	common_voice_sw_34391169.wav
hizo ni tabia tu lakini pia kuna baadhi ya sifa 	female_feminine	4.1475	common_voice_sw_30048139.wav
tanzania kuna mikoa ambayo imeweka historia kubwa ndani na nje ya mipaka ya tanzania 	male_masculine	8.2155	common_voice_sw_30342898.wav
haruhusiwi kuweka mapambo katika masikio yake yaliyotobolewa 	male_masculine	5.7675	common_voice_sw_30143673.wav
rose muhando alizawadiwa tuzo ya mtunzi mzuri wa nyimbo 	female_feminine	9.5475	common_voice_sw_30566941.wav
jimbo hili lina mchanganyiko wa makabila yote 	male_masculine	4.3275	common_voice_sw_29231041.wav
na ni wakatoliki suala la sharia au sheria za kiislamu 	male_masculine	8.7555	common_voice_sw_36299528.wav
nahodha wa meli ya bukoba alikuwa anaitwa jumanne mwiru 	female_feminine	5.6955	common_voice_sw_30080332.wav
na roma ya kale waberber walisimama upande wa 	male_masculine	4.3275	common_voice_sw_36331603.wav
helikopta za black hawk zilisafiri kwenda abbottabad 	male_masculine	5.0835	common_voice_sw_29956462.wav
wanajua uchafuzi wa hewa unatokea wapi ukubwa wa vyanzo 	male_masculine	7.7835	common_voice_sw_35684147.wav
shirikisho la soka la ulaya likaanzisha michuano ya mataifa ya ulaya 	female_feminine	6.7035	common_voice_sw_30546177.wav
ee wamejitokeza kupiga kura 	female_feminine	3.3555	common_voice_sw_35108276.wav
ni kitoweo kitamu sana kwa mujibu wa wenyeji na watalii pia 	female_feminine	7.2435	common_voice_sw_30495093.wav
kwa matumizi kwenye ndege kuna vipimo sanifu vidogo zaidi 	male_masculine	4.9755	common_voice_sw_28670603.wav
watu wengine bilioni moja wanakadiriwa kukosa vitamini na madini 	male_masculine	5.5515	common_voice_sw_29470107.wav
vilevile hakuna tiba bora kwa aina endelevu za ugonjwa huu 	male_masculine	5.5155	common_voice_sw_29321994.wav
kuendelea chinichini pia wakati wa bargash 	male_masculine	7.7835	common_voice_sw_31306374.wav
wasichana husimama mbele ya wanaume na kusokota miili huku wakiimba 	male_masculine	5.5875	common_voice_sw_29936928.wav
miamba hii iko hatarini kupotea 	male_masculine	4.5435	common_voice_sw_28258454.wav
alipohitimu kidato cha nne samia alijiunga na chuo cha usimamizi wa fedha zanzibari 	male_masculine	8.1435	common_voice_sw_30342575.wav
hupelekea wanyama kama nyumbu na pundamilia kutoka na kuenda maeneo mengine kujipatia chakula 	male_masculine	6.3435	common_voice_sw_30107419.wav
punde tu ikaanzisha mapambano ya kulikomboa eneo lake 	female_feminine	4.7955	common_voice_sw_29791918.wav
alisisitiza umuhimu wa kujua ukweli ili kufikia uhuru 	male_masculine	6.1635	common_voice_sw_29935814.wav
lugomola bukara rutinwa kiziba kayo za bugabo kahigi kihanja na nyarubamba ihangiro 	male_masculine	10.6275	common_voice_sw_37084600.wav
baba yake alihamia zambia kama mchungaji wa kanisa la kilutheri 	male_masculine	5.3355	common_voice_sw_29865349.wav
profesa joseph semboja ambaye ni mchumi na mkuu wa taasisi ya uongozi 	male_masculine	7.0995	common_voice_sw_30365224.wav
hata hivyo baba wa sinsan amesikitishwa na hukumu hiyo akidai wapinzani wake wa 	female_feminine	7.2075	common_voice_sw_35437973.wav
wahujumu uchumi walikimbilia nchi za jirani kujificha 	male_masculine	5.7675	common_voice_sw_30007231.wav
hali ambayo inatokea kila siku katika jamii yetu 	male_masculine	4.0755	common_voice_sw_28663195.wav
ulisimamiwa na aliyekuwa mkuu wa mkoa wa ruvuma daktari christine ishengoma 	male_masculine	8.8275	common_voice_sw_30319991.wav
ni pamoja na wahaya ambao wanapatikana zaidi 	male_masculine	3.1035	common_voice_sw_36389502.wav
walijiona wamedanganywa kwa kutotimiziwa ahadi walizopewa ili wasaliti ujerumani na hungaria 	female_feminine	8.66365625	common_voice_sw_30003771.wav
uturuki na ugiriki mnamo mwaka wa elfumoja miatisa hamsini na mbili 	male_masculine	6.4515	common_voice_sw_36386141.wav
taarifa kuhusu masoko zinaweza kupatikana kutoka vyanzo mbalimbali na na mbinu 	male_masculine	10.3755	common_voice_sw_29638989.wav
namna gani kufanya kazi ya kisasa kwa siri kama ni lazimakumi na tano 	male_masculine	9.3675	common_voice_sw_36945355.wav
mwalimu nyerere alichanganya udongo wa tanzania na zanzibar 	female_feminine	3.3555	common_voice_sw_30585466.wav
ronaldo ndiye mchezaji aliyecheza mechi nyingi zaidi 	male_masculine	4.9035	common_voice_sw_29946393.wav
messi alipoteza nafasi adimu ya kuvaa taji la ubingwa wa kombe la dunia 	male_masculine	7.3875	common_voice_sw_31467055.wav
diego maradona wa argentina alikuwashikika hashikiki 	female_feminine	9.0435	common_voice_sw_31271283.wav
kutegemea na sekta husika unayotaka kujifunza wewe mwenyewe 	male_masculine	6.0555	common_voice_sw_29868978.wav
kwenyu hakufungwi nlango usiku 	female_feminine	5.0475	common_voice_sw_31909821.wav
kanasaka mkoba wake 	male_masculine	4.0755	common_voice_sw_32243054.wav
mkubwa mkali alimtaja chameleon pale alipoambiwa amtaje msanii mmoja anayetumia nguvu za 	male_masculine	8.1435	common_voice_sw_36385477.wav
kiasili sinodi ilikuwa mkutano wa maaskofu wa eneo fulani 	male_masculine	7.9635	common_voice_sw_28592246.wav
wajawazito waliyofuata taratibu za kujikinga hawana maambukizi ya korona 	male_masculine	5.0475	common_voice_sw_30026262.wav
pande zote mbili ziliunda majeshi makubwa na kuwa na silaha nyingi 	female_feminine	5.8755	common_voice_sw_29789500.wav
anaendelea kuhamasisha na kufundisha wasanii nchini afrika kusini 	male_masculine	5.2275	common_voice_sw_28681130.wav
ajibola alizaliwa mjini mazamaza jimbo la lagos 	male_masculine	5.6235	common_voice_sw_28660710.wav
mwanamke kutoka kwa bwana yake na kwenda kwa bwana mwingine ilikuwa shida 	male_masculine	6.1275	common_voice_sw_28922814.wav
ni nchi yenye waislamu wengi kuliko nyingine zote duniani 	male_masculine	5.4075	common_voice_sw_28662061.wav
hawa wakienda tabora wanaambiwa ni wasukuma 	female_feminine	4.4355	common_voice_sw_30313785.wav
watalii wanatoka ulaya na asia kuja msumbiji 	male_masculine	5.2635	common_voice_sw_30257612.wav
raia wa uingerza wanataka aendelee kutawala 	male_masculine	3.6435	common_voice_sw_36384115.wav
timu nyingi za bara la amerika kusini zilifanya vizuri kwenye mashindano 	male_masculine	6.28765625	common_voice_sw_30628724.wav
ya mapenzi lakini sijaingia studio sasa hii naihisi inachukua chati kwa sababu 	male_masculine	8.8635	common_voice_sw_36014039.wav
hutoa huduma kwa wageni wanaotembelea hifadhi ya ziwa manyara 	male_masculine	4.3635	common_voice_sw_29942179.wav
ni mara ya kwanza kwa mwanamieleka huyo kuchukua nafasi ya kwanza 	female_feminine	9.2955	common_voice_sw_30371611.wav
uharibifu huu unatokana na sababu mbalimbali kama vile kutokana na wakati 	female_feminine	6.1275	common_voice_sw_30378622.wav
jumuiya ya uchumi ya nchi za magharibi mwa afrika 	male_masculine	6.3795	common_voice_sw_30365263.wav
kuondoa nje ya nchi hiyo raia wa uingereza 	male_masculine	5.5155	common_voice_sw_36367329.wav
wengine wengi hawana dini yoyote 	male_masculine	3.4635	common_voice_sw_28663274.wav
makao makuu ya mkoa yako songea mjini 	male_masculine	5.8035	common_voice_sw_28670630.wav
hata ukipenda kweli huwezi jua sababu ni siri ya moyo wako 	male_masculine	5.4075	common_voice_sw_35132373.wav
miamba inaweza kutunza maji ndani yake na hivyo kuwezesha uoto zaidi kuliko jangwani 	female_feminine	7.1355	common_voice_sw_28666762.wav
vazi la kujifunga kiunoni na mabegani ambayo husukwa kwa pamba 	male_masculine	5.2635	common_voice_sw_29993169.wav
mfumo wa elimu hauko sawa kwa wote 	male_masculine	3.1035	common_voice_sw_36381226.wav
mkuu sijamuona mimi nilikuwa kule chooni 	male_masculine	4.3635	common_voice_sw_30365466.wav
kwa jumla ni vitu vya kudumu miaka mingi 	male_masculine	5.0835	common_voice_sw_28704202.wav
anasema mafanikio ya kisiwa hicho yaliendelea hadi karne ya kumi na nne 	male_masculine	5.7675	common_voice_sw_30181515.wav
kwenye mji wa yorktown ikalazimika kujisalimisha tangu 	male_masculine	4.8675	common_voice_sw_36308935.wav
mwaka elfu moja mia tisa tisini na nne 	female_feminine	4.4355	common_voice_sw_30376731.wav
meli za serikali mia moja na tatu tu 	male_masculine	3.9675	common_voice_sw_30327202.wav
mapinga magomeni makurunge kiromo yombo na kitame lilipokuwa soko la watumwa 	male_masculine	5.5155	common_voice_sw_30098687.wav
ujumbe wa kusikiliza ni kama nyimbo 	male_masculine	4.3635	common_voice_sw_28877810.wav
wanahistoria wanasimulia historia nyingi za viongozi mbalimbali 	male_masculine	6.4515	common_voice_sw_30187471.wav
ukubwa wa madume ni nusu ya ule wa majike 	male_masculine	6.2355	common_voice_sw_28735555.wav
lakini pia watoto wanaokuzwa katika mfumo huo wanajengwa katika maadili mazuri 	male_masculine	7.1715	common_voice_sw_30363856.wav
alisajiliwa na klabu ya mpira wa miguu ya simba mwaka elfu mbili na kumi 	male_masculine	7.3875	common_voice_sw_29902987.wav
aliuwawa pia kwa kutetea swala hili imeandikwa kwa kidefu habari hii katika 	male_masculine	7.8915	common_voice_sw_36385828.wav
kumealifu harusi yako 	male_masculine	2.9955	common_voice_sw_32244311.wav
kutokana na maisha anayoishi yeye na mdogo wake kaisi 	female_feminine	4.9035	common_voice_sw_30036646.wav
historia ya tanzania ina mambo mengi 	male_masculine	4.5435	common_voice_sw_29935032.wav
wakati wa sherehe au matatizo aidha hata pombe ya mbege utaweza kuikuta kwenye makusanyiko 	female_feminine	6.8835	common_voice_sw_35106328.wav
ghana waliibuka washindi wa kombe kwenye fainali zilizochezwa nchini kwao 	male_masculine	7.7475	common_voice_sw_30342849.wav
wabena walikuwa wakifua vyuma katika kipindi cha karne ya tano 	female_feminine	5.3355	common_voice_sw_30326145.wav
ujumbe unaweza kupelekwa ndani ya barua pepe yenyewe au kama nyongeza ya barua pepe 	female_feminine	5.2635	common_voice_sw_29663343.wav
hayo yote yalisababisha mara moja ghasia 	male_masculine	4.5435	common_voice_sw_29516943.wav
mo dewji alisomea marekani na mpango wake ulikuwa kusalia na kufanya kazi huko 	female_feminine	7.72765625	common_voice_sw_30121917.wav
kuna mbinu mbalimbali kupanga historia hii na kutambua ngazi za maendeleo ndani yake 	male_masculine	8.5755	common_voice_sw_28825451.wav
kaskazini kawaida huwa juu zaidi kwenye ramani 	male_masculine	4.7235	common_voice_sw_28877926.wav
rasmi pamoja na nyingine 	male_masculine	3.3555	common_voice_sw_28581475.wav
bila hivyo 	male_masculine	2.9955	common_voice_sw_36945652.wav
mji ni makao makuu ya kaunti ya kilifi 	male_masculine	4.1475	common_voice_sw_28922506.wav
bahati na mkasa 	male_masculine	2.7075	common_voice_sw_31304335.wav
jim thompson aliandika mnamo mwaka elfu moja mia nane themanini na tano 	male_masculine	4.7235	common_voice_sw_30025168.wav
bunge limeidhinisha shilingi bilioni mia moja kumi na tano nukta saba tisa nne 	male_masculine	7.5675	common_voice_sw_30183203.wav
inapatikana sana katika maeneo ya tropiki amerika kusini na afrika lakini si asia 	male_masculine	9.4755	common_voice_sw_28817637.wav
mbu wanaweza kusambaza virusi vya ukimwi 	male_masculine	4.2555	common_voice_sw_37091755.wav
ambao hawalimi wala kufanya aina yeyote ya kilimo 	male_masculine	4.4355	common_voice_sw_31305366.wav
ghafla akamkumbuka mzee alberto kito aliyemtembelea afajiri 	male_masculine	8.7555	common_voice_sw_35690341.wav
inatoa wito wa kuzingatia jukumu muhimu la waandishi wa habari 	male_masculine	5.3355	common_voice_sw_36945694.wav
unavipata hivyo katika vyakula vingi unavyokula kama mikate na tambi 	male_masculine	6.3435	common_voice_sw_30635710.wav
marco van basten alikuwa mfungaji bora 	male_masculine	5.0475	common_voice_sw_29903370.wav
pato la taifa lilikua kwa asilimia sita nukta sita 	female_feminine	4.5435	common_voice_sw_30372095.wav
ya maji na kutupwa akituacha bila nguvu 	female_feminine	5.0835	common_voice_sw_34745976.wav
sisi tuko hapa mpaka saa nane 	male_masculine	3.1755	common_voice_sw_37097771.wav
blob hawezi kutatua migogoro yoyote hile 	male_masculine	3.2475	common_voice_sw_29963731.wav
kinachoendelea kutibu mifupa katika kijiji cha image cha mpaka sasa 	female_feminine	6.1275	common_voice_sw_29794181.wav
zaidi ya hapo mitindo ya vitenge imeanze kuonekana kwenye dunia ya mitindo 	male_masculine	6.4155	common_voice_sw_29788493.wav
pia yeye ni mwanachama wa shirika la kifalme la fasihi 	male_masculine	4.6155	common_voice_sw_28306010.wav
kipimo kilikuwa mita elfu tano mia tisa tisini na mbili 	male_masculine	5.4435	common_voice_sw_29976357.wav
asilimia ipatayo arobaini na tatu ya idadi ya watu wote mkoani ni wahehe 	male_masculine	4.7955	common_voice_sw_29897186.wav
mamlaka haya yapo mjini dar es salaam 	male_masculine	3.8235	common_voice_sw_28683159.wav
mourinho ameingia kandarasi na klabu ya roma 	male_masculine	4.7235	common_voice_sw_30574934.wav
serikali za kikoloni zilikuwa zinaruhusu vyama vya kijamii 	female_feminine	6.7035	common_voice_sw_29792830.wav
madawa ya kulevya baada ya kuwa yametumiwa na mtu yeyote hupunguza 	male_masculine	4.6875	common_voice_sw_36383743.wav
inayoitwa tepui katika lugha ya wakazi asilia 	male_masculine	5.9475	common_voice_sw_36255328.wav
waliokufa katika mapigano wamekadiriwa kuwa themanini hivi 	male_masculine	5.0835	common_voice_sw_29841626.wav
manyoya yao ni magumu lakini siyo kama yale ya vipanya miiba 	male_masculine	7.7835	common_voice_sw_28814609.wav
mourinho alipeleka soka la kujihami chelsea 	male_masculine	5.3715	common_voice_sw_30364125.wav
je ninyi si wa thamani kuliko hao 	male_masculine	5.4075	common_voice_sw_29685407.wav
hakiwezi kuwa dini ya uislamu wala kiarabu nacho si uislamu tunachoweza kuifanya hiyo 	male_masculine	7.3155	common_voice_sw_36387505.wav
wapare ni kabila kutoka milima ya pare mkoani wa kilimanjaro 	male_masculine	6.5955	common_voice_sw_30090786.wav
yalipata majina kulingana na wageni walivyoelewa 	male_masculine	6.03565625	common_voice_sw_30629024.wav
kuelekea mwishoni mwa msimu alipata ofa ya kujiunga na arsenal 	male_masculine	4.8675	common_voice_sw_30182236.wav
huduma za kijamii kama vile hospitali na elimu 	female_feminine	4.7955	common_voice_sw_30591040.wav
wapagazi wao walibeba bidhaa kutoka zanzibar zilizobadilishwa kwa pembe za ndovu 	female_feminine	5.6955	common_voice_sw_35214571.wav
osama alikua tajiri mkubwa saudi arabia alianza kusimamia 	female_feminine	6.0555	common_voice_sw_29798597.wav
pia aliteuliwa kama waziri msaidizi wa kazi za umma 	female_feminine	4.0755	common_voice_sw_28583381.wav
kuna matoleo tofauti ya bunduki hizo 	male_masculine	4.5075	common_voice_sw_28660886.wav
na hiyo ni baadhi ya milima mirefu katika bara la afrika 	female_feminine	5.0475	common_voice_sw_29790838.wav
licha ya mafanikio hayo lakini pia mashirika haya yamekuwa yakikumbwa na vikwazo vingi 	male_masculine	6.7755	common_voice_sw_35963972.wav
siku hizi mfereji uko chini ya serikali ya panama 	male_masculine	5.2635	common_voice_sw_28716395.wav
mafundisho yake zinapatikana pia katika aina ya sauti na video 	male_masculine	5.9475	common_voice_sw_28681814.wav
nyumba moja ya kupanga imependekezwa kujengwa mahondo 	female_feminine	5.4075	common_voice_sw_30196411.wav
hifadhi ya mikumi ina ardhi ya mfinyanzi 	female_feminine	5.4075	common_voice_sw_30173517.wav
huitwa mara nyingi mji wa milele 	male_masculine	4.9035	common_voice_sw_28825524.wav
msimu uliopita jose mourinho alifukuzwa tottenham 	male_masculine	3.4635	common_voice_sw_30026484.wav
kufuatana na uainishaji wa lugha kitai daeng iko katika kundi la kitai ya kusini magharibi 	male_masculine	8.6475	common_voice_sw_29226964.wav
wanasheria waliruhusiwa kufanya kazi zanzibar watu hawakugongewa tena milango usiku 	male_masculine	8.8635	common_voice_sw_29805801.wav
sera zimefanya vigumu kudumisha maisha ya wamasai 	male_masculine	5.2275	common_voice_sw_30485818.wav
mazao mengi ni vyakula kama nafaka mboga au matunda 	male_masculine	4.3635	common_voice_sw_28246354.wav
alicheza kama mshambuliaji wa kati 	male_masculine	3.9675	common_voice_sw_28989758.wav
mawasiliano kuhusu mchakato unaotumika na utaratibu wa maamuzi 	female_feminine	5.2635	common_voice_sw_34942373.wav
vita hivyo vilishirikisha baadhi ya makabila ya kusini mwa tanganyika 	male_masculine	6.2355	common_voice_sw_29845522.wav
mwanamke anayetokea katika kabila la warangi wanaotokea kondoa mkoani dodoma 	male_masculine	9.2955	common_voice_sw_29796521.wav
kiongozi jasiri wa vita hivyo aliitwa kinjekitile ngwale katika eneo la kusini mwa afrika 	male_masculine	7.6035	common_voice_sw_29936490.wav
mifano ni chuo cha ufundi chuo cha kilimo au chuo cha ualimu 	male_masculine	7.2435	common_voice_sw_29637470.wav
wengine ni hasa wakristo wakopti 	male_masculine	5.5875	common_voice_sw_29697852.wav
hatimae watawala wa omani waliingilia kati na kuwafukuza mabaki ya wareno 	male_masculine	5.0835	common_voice_sw_29936696.wav
kongamano lilifanyika katika ukumbi wa hoteli ya verde mtoni jijini zanzibar 	male_masculine	6.2355	common_voice_sw_37226166.wav
na tano baadaye abrahamu babu wa taifa la israeli kwa imani na 	male_masculine	5.7675	common_voice_sw_36252473.wav
lango la marangu ndiyo makao makuu ya hifadhi 	male_masculine	4.7235	common_voice_sw_30641382.wav
wakati huo makao yao makuu yalikuwa mjini elmhurst katika eneo la illinois 	male_masculine	8.0355	common_voice_sw_29507950.wav
hata hivyo wanawake wa kimasai wengi hawana nywele 	male_masculine	4.3635	common_voice_sw_30376177.wav
nafasi ya wachezaji hubadilika baada ya kila mchezo 	male_masculine	3.7875	common_voice_sw_28673146.wav
watu wenye pesa wameanza kujenga nyumba hapa pia 	male_masculine	5.8755	common_voice_sw_28691214.wav
wakamchagua mandela kuwa kiongozi wa kisiasa gerezani kama alivyokuwa nje ya gereza 	male_masculine	10.0875	common_voice_sw_31662592.wav
ni mwanaharakati wa maswala ya uhuru wa vyombo vya habari 	female_feminine	4.6155	common_voice_sw_34917789.wav
pamoja na kuunda kanuni mpya za kusimamia vizuri sekta hizo 	female_feminine	5.1555	common_voice_sw_30640451.wav
alikuwa pia mwigizaji katika filamu nyingi 	male_masculine	3.7155	common_voice_sw_28681588.wav
tuko tofauti kabisa 	female_feminine	2.5275	common_voice_sw_31996850.wav
milton obote ndiye alikuwa mpinzani maarufu zaidi na alikuwa amehifadhiwa tanzania 	female_feminine	7.2435	common_voice_sw_30338094.wav
unaweza jehovah rapha 	male_masculine	3.6075	common_voice_sw_37230033.wav
kati yao wanawake ni elfu ishirini na tano mia saba na nne 	male_masculine	4.3275	common_voice_sw_30380907.wav
aina ya tano hupatikana katika sehemu ya bara hindi na arabia 	male_masculine	4.9755	common_voice_sw_28581479.wav
fimbo lake lilimtega akaanguka 	male_masculine	4.6155	common_voice_sw_36067440.wav
waluo ni mkusanyiko wa kabila la waniloti ambalo lilisafiri kutoka afrika ya kaskazini 	female_feminine	5.9475	common_voice_sw_29794644.wav
timu ya taifa ya ureno haikuwahi kutwaa kombe lolote kabla ya ujio wa ronaldo 	male_masculine	6.6675	common_voice_sw_29796187.wav
lakini mamlaka husika imeweza kuhakikisha kuwa dawa zitumikazo nchini humo 	male_masculine	6.1635	common_voice_sw_37098616.wav
ilindwe na vikosi vya kiislam aliahidi kutoa 	male_masculine	5.4075	common_voice_sw_30327319.wav
watakambiliana na westbromich naambiwa wigan na liverpool 	female_feminine	6.4875	common_voice_sw_35104393.wav
ofisi hufanya kazi yake chini ya kamati ya kimataifa ya vipimo 	male_masculine	6.5955	common_voice_sw_29638765.wav
washirazi walijigamba kwamba ndio walinunua eneo hilo kutokana na migogoro iliyokuwapo ushirazi 	male_masculine	8.0355	common_voice_sw_30116108.wav
kila mtu ana ndoto zake kwenye maisha 	male_masculine	3.7875	common_voice_sw_29957526.wav
maana yake ni upande wa kusini kama wanavyoita wao 	female_feminine	4.9755	common_voice_sw_29925964.wav
tuhangaikie malazi mavazi na chakula 	male_masculine	2.8155	common_voice_sw_29996312.wav
asili yake ni katika uchina 	male_masculine	3.7155	common_voice_sw_28691420.wav
ingawa ardhi ni msingi wa maendeleo kwa watu wote 	male_masculine	4.5075	common_voice_sw_30671922.wav
results ama matokeo ya uchaguzi 	male_masculine	4.0035	common_voice_sw_35108002.wav
wakati mwingine maisha yanahitaji kisingizio tu unapokipata unakitumia kama mzee 	male_masculine	7.6035	common_voice_sw_30380708.wav
tuko kwenye hali isiyo ya kawaida yaani tumejaribu 	female_feminine	4.6155	common_voice_sw_36643737.wav
katika kiingereza cha uingereza inaendelea kushikilia maana hii 	female_feminine	5.4075	common_voice_sw_28584420.wav
jimbo ambalo linashiriki mpaka na uganda 	male_masculine	3.5355	common_voice_sw_30180212.wav
mwinuko wa ardhi kutoka usawa wa bahari ni mita elfu moja mia tano 	female_feminine	4.4355	common_voice_sw_31285430.wav
huo na mito yake yote mito hutaja 	male_masculine	4.5435	common_voice_sw_34746459.wav
mame kankana mwanawe 	male_masculine	3.6435	common_voice_sw_31950197.wav
kazi ya ualimu ndiyo iliyompatia jina ambalo lilimkaa maisha yake yote 	male_masculine	5.8755	common_voice_sw_30130807.wav
hata mila na desturi zao hutofautiana 	male_masculine	4.0395	common_voice_sw_30365219.wav
wewe ni daktari wa nini 	female_feminine	2.2035	common_voice_sw_35105465.wav
fikra zake za kisiasa alizipata nchini kenya 	male_masculine	5.0835	common_voice_sw_29960192.wav
na kuweka bayana umoja huo unasaka uungwaji mkono 	male_masculine	4.2555	common_voice_sw_36310684.wav
namwalika edwin david ndegetela katika uchaguzi 	male_masculine	6.0195	common_voice_sw_36385941.wav
pedro alishinda tuzo ya mchezaji bora kijana akiwa miaka kumi na minane 	female_feminine	4.6875	common_voice_sw_31286002.wav
wa mkoa wa kilimanjaro huongoza kwa utapiamlo sababu kubwa ni wazazi kujali kazi kuliko 	male_masculine	6.5955	common_voice_sw_36381530.wav
moja yake ni ukumbi wa zamani wa upasuaji katika london 	male_masculine	6.8475	common_voice_sw_28681021.wav
idizina bya ngasu netangwa samachau ni jina apewalo mtu mzima aliyepata mchumba na kuoa 	male_masculine	8.7555	common_voice_sw_30147401.wav
kuna nyota nyingi katika eneo la kundinyota hii 	male_masculine	4.7235	common_voice_sw_28819833.wav
prescott pia hivi majuzi alitangaza uwekezaji katika maeneo manne ya mkahawa wa walkons 	male_masculine	8.6475	common_voice_sw_30180570.wav
ilikuwa siku ya ijumaa kuu 	male_masculine	3.6435	common_voice_sw_29726190.wav
huwezi kuzungumzia hifadhi ya taifa ya arusha bila ya kuugusia mlima meru 	male_masculine	6.2355	common_voice_sw_29915122.wav
raisi huyo aliipambana na ubaguzi wa rangi 	male_masculine	3.9675	common_voice_sw_30109258.wav
ripoti hizo awali hazikuushtua uongozi wa jeshi la tanzania 	male_masculine	6.3075	common_voice_sw_30181636.wav
kama mwaka mmoja au mara chache hadi miaka thelathini 	male_masculine	4.5795	common_voice_sw_30574591.wav
madume huatamia usiku kwa sababu ya rangi yao ni nyeusi 	male_masculine	5.7675	common_voice_sw_30179818.wav
v ni zaidi ya kiingereza w 	male_masculine	4.7235	common_voice_sw_29725190.wav
lahaja moja wapo ya kibena ni kimaswamu 	male_masculine	6.7035	common_voice_sw_31370931.wav
ukoloni wa waingereza ulianza baada ya wajerumani 	male_masculine	4.7955	common_voice_sw_29822612.wav
rais wa kwanza wa kenya alikuwa jomo kenyatta 	male_masculine	4.0035	common_voice_sw_31306587.wav
mke wake wa pili ni bibi ashura binti maisara 	female_feminine	5.1555	common_voice_sw_30052687.wav
papa gregori i aliandika juu yake sura moja ya kitabu cha majadiliano 	male_masculine	6.5955	common_voice_sw_28582834.wav
mlima huo uliopo mkoani kilimanjaro unatofautiana 	male_masculine	4.0035	common_voice_sw_36387987.wav
vilevile desemba hadi februari kwa kuwaona ndege wahamiaji 	male_masculine	3.9675	common_voice_sw_30026565.wav
wadhifa alioushikilia kwa kipindi kirefu sana 	male_masculine	4.3635	common_voice_sw_29796702.wav
kufuatana na uainishaji wa lugha kwa ndani zaidi kitoussian kusini iko katika kundi la kigur 	male_masculine	7.9275	common_voice_sw_28695742.wav
mapigano bila silaha hutumia mbinu za kupiga za kushika na za kuunganisha zote mbili 	female_feminine	5.6955	common_voice_sw_29557969.wav
chini ya uongozi wa kikomunisti wa john okelo 	male_masculine	5.1555	common_voice_sw_29959531.wav
nitakapokuona 	male_masculine	2.6355	common_voice_sw_37089389.wav
nguri hayati karume hakuwa na upendeleo hivyo aliwafanyia simba kama vile 	male_masculine	8.6835	common_voice_sw_31317875.wav
messi kafanikiwa kuchukua tuzo za ballon dâor mara tano 	male_masculine	5.6235	common_voice_sw_30638509.wav
wengine wakaanza kuyavamia makazi ya wazungu na kuyachoma moto 	male_masculine	5.2275	common_voice_sw_31368827.wav
kawaida vinajigawa kwa muda usiopungua saa moja 	male_masculine	6.5955	common_voice_sw_31475977.wav
pia ipo bandari ya free town nchini siera lione 	female_feminine	4.5075	common_voice_sw_30574389.wav
kayuni hakuishi litembo maisha yake yote lakini alizaliwa katika ardhi ya litembo 	male_masculine	5.9475	common_voice_sw_30021781.wav
hadi mwaka elfu moja mia tisa arobaini na tano 	female_feminine	5.3355	common_voice_sw_29799401.wav
nimefika hapa leo 	male_masculine	1.8435	common_voice_sw_36375254.wav
ti huo ambo nchi hiyo iko katika mchakato wa kura ya maoni 	male_masculine	5.6955	common_voice_sw_36390747.wav
hii itawasaidia wakulima kukumbuka taarifa muhimu 	male_masculine	5.2635	common_voice_sw_37096239.wav
wanaweza kukuambia pekee yao lakini unaweza kuuliza maswali yanayozihusu 	female_feminine	7.6035	common_voice_sw_30072992.wav
makao makuu yako paris ufaransa 	male_masculine	5.2275	common_voice_sw_28690216.wav
wajumbe wa mkutano huu walipatana kuelekea kwa shirikisho la muungano 	male_masculine	6.7755	common_voice_sw_29915600.wav
ziwa eyasi ni sehemu inayochimbwa chumvi ndani ya tanzania 	male_masculine	7.4235	common_voice_sw_31306628.wav
mgonjwa wa ini atapata kichefuchefu na kutapika 	male_masculine	4.9035	common_voice_sw_36310986.wav
pamoja na mt 	female_feminine	3.7875	common_voice_sw_29700321.wav
hujenga tago lao juu ya mti msituni 	male_masculine	4.5435	common_voice_sw_28695758.wav
jambo hili linawasumbua wale wanaojua historia yake 	female_feminine	3.9675	common_voice_sw_35501764.wav
li kuweza kukabiliana na mlipuko wa ugonjwa wa kipindupindu 	female_feminine	4.5435	common_voice_sw_35425428.wav
nauliza maswali mengi sana 	male_masculine	1.8075	common_voice_sw_36382311.wav
watu wa ghorofani ni wazuri 	male_masculine	3.0675	common_voice_sw_36013849.wav
mazingira yakiwa mazuri husaidia hasa kwa afya ya watoto wachanga na watoto 	female_feminine	6.7755	common_voice_sw_30243939.wav
kufikiriai kubadilisha katiba nafikiri hilo halitatusaidia katika bara la afrika lakini vile vile 	male_masculine	6.8835	common_voice_sw_36375196.wav
uchaguzi ulirudiwa tena mwaka elfu mbili na kumi na sita 	male_masculine	4.1835	common_voice_sw_37226165.wav
tangu mapinduzi ya kuwaondoa waarabu visiwa hivyo vimeendelea kutawaliwa na chama cha mapinduzi 	male_masculine	6.0555	common_voice_sw_29938141.wav
hawakujua watafikiaje tamati kutokana na kukosa baadhi mahitaji muhimu 	male_masculine	6.7755	common_voice_sw_30180118.wav
inaelezwa kuwa kima dume huonyonyeshwa zaidi kuliko jike 	male_masculine	7.3155	common_voice_sw_36299955.wav
unaweza pia kupata saratani ya ini 	male_masculine	2.9955	common_voice_sw_28670317.wav
maharagwe huwa na kiasi kikubwa cha protini 	male_masculine	4.3635	common_voice_sw_28673101.wav
tayari ilishakuwa na kilichokuwa kinasubiriwa ni muda tu wa kuapishwa 	male_masculine	4.6875	common_voice_sw_30323298.wav
barabara ni chanzo cha maendeleo zikijengwa kwa lami 	female_feminine	4.9035	common_voice_sw_29791297.wav
walikuwa ndugu wadogo wamisionari huko moroko kati yao yeye tu hakuwa padri 	male_masculine	7.6035	common_voice_sw_29571916.wav
huyu ni mke wa kwanza wa mzee kizito 	male_masculine	4.7955	common_voice_sw_28662053.wav
familia inafahamu kuwa matumizi ya jina nelson mandela ni utajiri mwingine 	male_masculine	4.8675	common_voice_sw_29942152.wav
hakuna mtu mrefu kati yao 	female_feminine	2.8155	common_voice_sw_36641213.wav
idadi ya wasemaji nchini sudan kusini haijulikani 	male_masculine	3.7155	common_voice_sw_29731324.wav
kana jenga nyuma yao 	male_masculine	3.4275	common_voice_sw_32245048.wav
wapo wanaodhani kwamba mrembo ni lazima uwe na umbo namba nane 	female_feminine	5.85565625	common_voice_sw_30080245.wav
tuwakumbushe hawa watu wasione aibu kujitokeza na kuwa na mchango wao 	male_masculine	6.8835	common_voice_sw_29946992.wav
wanafunzi wengi waliyomaliza elimu ya msingi walijiunga na sekondari 	male_masculine	5.5875	common_voice_sw_29937962.wav
takriban spishi zote zinatokea kanda za kaskazini mbali 	male_masculine	5.8755	common_voice_sw_28581778.wav
spishi nyingine hula mbegu hasa nyingine hula wadudu hasa 	male_masculine	6.7755	common_voice_sw_28681018.wav
dutu za sehemu za siri zinaweza kutibiwa na kuondolewa kwa upasuaji mdogo 	male_masculine	6.3435	common_voice_sw_29822686.wav
mlima kenya hupatikana katika mpaka wa meru na nyeri 	male_masculine	4.9035	common_voice_sw_29737769.wav
mwanzoni mtoto huyo wa mchungaji aliajiriwa kama mwalimu 	male_masculine	6.8835	common_voice_sw_29955982.wav
moja na kufuatiwa na mwingine wa mwaka elfu moja mia tisa kumi na moja 	male_masculine	3.6435	common_voice_sw_36390537.wav
kuna baadhi ya watu wanadai kuwa huo ni ugomvi wao binafsi ambao unawaumiza wananchi 	male_masculine	6.1275	common_voice_sw_29797270.wav
kwa sasa ndiyo hospitali kubwa ya rufaa na mafundisho nchini 	male_masculine	6.1635	common_voice_sw_28690219.wav
jambo la ajabu kwenye gofu hilo wapo nyuki waliojenga kwenye pango 	male_masculine	5.9475	common_voice_sw_30182507.wav
wasema ni wa luobaadhi ya jamii ya wajaluo wanaoaminika kwamba walikuwa wabantu na 	male_masculine	8.0355	common_voice_sw_34764221.wav
usiwasahau wanao 	female_feminine	2.7435	common_voice_sw_37222934.wav
mchakato uliopo hivi sasa ni makumbusho hayo kuchukuliwa kuwa ya kitaifa 	male_masculine	6.1635	common_voice_sw_30224847.wav
jopo la wataalamu linafanya majadiliano yaende vizuri sana 	male_masculine	5.0475	common_voice_sw_36382109.wav
alifikia utaratibu wa kuulizwa maswali 	female_feminine	3.6435	common_voice_sw_37331840.wav
baada ya kukamilisha mafunzo rasmi katika hospitali ya miguel bombarda huko maputo 	female_feminine	8.6835	common_voice_sw_30522473.wav
ugonjwa wa korona unahatarisha afya ya mama na mtoto 	male_masculine	5.5155	common_voice_sw_30258327.wav
wareno na wahispania waliunda utawala wao kule amerika 	female_feminine	8.1075	common_voice_sw_34596920.wav
walikuwa wana wawili na mabinti wawili 	male_masculine	3.7155	common_voice_sw_28670250.wav
ni mtu wa kabila la wakambi kutoka kenya kutokana na umbile lake kubwa 	male_masculine	6.9915	common_voice_sw_30299630.wav
alikuwa maarufu kwa kipekee za miundo 	female_feminine	4.0035	common_voice_sw_29551213.wav
timu kubwa za ulaya zinategemea umahiri wa nyota wa afrika 	male_masculine	8.5755	common_voice_sw_31433455.wav
mwenge unawasaidia wananchi kukutana na viongozi wao 	male_masculine	5.3355	common_voice_sw_29795799.wav
watu wanaojidunga dawa za kulevya 	male_masculine	4.1475	common_voice_sw_30654315.wav
sinema ilizawadiwa globu ya dhahabu kwa muigizaji bora wa vivutio 	male_masculine	5.7675	common_voice_sw_30006985.wav
namutema na majelee pia sombwe eyaaa namutema na majele na nyingine nyingi 	female_feminine	9.7635	common_voice_sw_30561652.wav
kama ambavyo imeelezwa na shirika la habari 	male_masculine	5.3355	common_voice_sw_34390788.wav
la kusini mwa afrika kwa miongo mitatu tangu mwaka elfu moja mia tisa sitini 	male_masculine	7.9635	common_voice_sw_36387602.wav
nimepata fursa ya kusaidia katika mipango kadha wa kadha zinazofanywa na kikundi 	female_feminine	5.0475	common_voice_sw_31266475.wav
kunyongwa kisheria hakujulikani na malipo ya kawaida kwa ngombe hutosheleza mambo 	male_masculine	6.7755	common_voice_sw_29995704.wav
nilikuwa na kikohozi kikali ambacho kimekuwa kikiendelea kuwa kibaya 	male_masculine	4.2555	common_voice_sw_30025955.wav
hifadhi imepewa jina la nyerere kama njia ya kumuenzi hayati nyerere 	female_feminine	4.3275	common_voice_sw_31823710.wav
fungua mlango mara moja 	male_masculine	2.3475	common_voice_sw_36037848.wav
anafanya kazi ya mitindo kama ajira yake 	male_masculine	3.9675	common_voice_sw_30631046.wav
alisaini ili kusitisha harakati za waarabu dhidi ya uzayuni 	male_masculine	5.6235	common_voice_sw_30635648.wav
nakumbuka nilipovunjika jinsi ulivyoniinua 	male_masculine	4.7955	common_voice_sw_34764321.wav
baada ya hapo mnyama alipotea msituni hadi aliporudi tena kwenye ubingwa 	female_feminine	6.2355	common_voice_sw_29812396.wav
ili niheshimiwe 	female_feminine	2.0235	common_voice_sw_35176700.wav
serengeti na masai mara zinadumisha umoja kati tanzania na kenya kutokana na muingiliano 	male_masculine	7.3155	common_voice_sw_30434943.wav
kabla ya mwalimu nyerere hajaongea na watanganyika 	male_masculine	3.1035	common_voice_sw_29988534.wav
miaka hii ya mwanzoni alikuwa na washirika wenzake katika kazi 	male_masculine	4.6155	common_voice_sw_28663338.wav
abedi amani karume alitangazwa kuwa rais wa zanzibari 	male_masculine	5.2635	common_voice_sw_30143996.wav
jacob hakuweza kueleza sana kwa kuwa alikuwa na wasiwasi kwa kumhofia yule mdunguaji 	female_feminine	8.5755	common_voice_sw_34762308.wav
majangili wanaua simba na chui kupata ngozi zao zenye thamani kubwa 	male_masculine	6.1635	common_voice_sw_30182908.wav
historia ya kenya kama nchi inayokaliwa na binadamu inaenea miaka laki kama milioni 	male_masculine	5.8755	common_voice_sw_30021558.wav
bolivia guyana suriname na guyana ya kifaransa kwa 	female_feminine	3.7155	common_voice_sw_34958998.wav
kanada na japani ambapo sera zenye nguvu sheria na mifumo ya 	female_feminine	6.9555	common_voice_sw_35409273.wav
tembo na nyani pia wapo chui bila kusahau pundamilia na wanyama wengine wanaokula majani 	male_masculine	8.2155	common_voice_sw_30180867.wav
samaki aina ya tuna wanapatikana kwenye mto naili 	female_feminine	3.6075	common_voice_sw_31286024.wav
kipindi cha kutazamana risasi yalifyatuliwa wanamgambo nane 	male_masculine	5.9475	common_voice_sw_36384314.wav
nyanibah akawa anajibu kwa upole sana 	male_masculine	5.6955	common_voice_sw_30256101.wav
kawaida mtaani kama sehemu ya kufikia jamii ya tanzania na kuleta mabadiliko mwanafalsafa imeanzisha 	male_masculine	9.9435	common_voice_sw_36367239.wav
wanaume wana fimbo ambazo huwakilisha kazi yao kubwa ya ufugaji 	male_masculine	4.7955	common_voice_sw_30025126.wav
nambari ya saba ilichukuliwa na msichana 	male_masculine	3.4275	common_voice_sw_37092541.wav
huko halijoto kwenye mwezi agosti ni sentigredi 	male_masculine	4.7955	common_voice_sw_36318836.wav
ipo umbali wa kilomita mbili kusini magharibi kutoka katikati ya jiji la mwanza 	female_feminine	7.0275	common_voice_sw_30080656.wav
nje ya kutunga mashairi mengi aliandika pia insha na kutafsiri 	male_masculine	6.0555	common_voice_sw_28695161.wav
nkrumah aliandika baadae ni johnson aliyemfundisha namna gani ya kufanya kazi 	male_masculine	5.6235	common_voice_sw_30631297.wav
wananchi wana wanahitaji wapewe demokrasi 	male_masculine	3.8955	common_voice_sw_37086718.wav
mara nyingi kwa kutegemea kujumlisha data ya vifaa vya kufuatilia na 	female_feminine	5.9475	common_voice_sw_34944373.wav
wakati huu jacob alikuwa tayari kabisa kwenda rwanda 	male_masculine	4.7955	common_voice_sw_34750687.wav
haki ya mageuzi haina misingi ya kisheria ya kubadili tabia ama mawazo 	male_masculine	6.7755	common_voice_sw_30577567.wav
hispania ilifungwa mabao matano kwa moja dhidi ya uholanzi 	female_feminine	4.9755	common_voice_sw_29798448.wav
baina ya spishi hizi yuko ndege wenye mabawa marefu kabisa kuliko ndege wote duniani 	male_masculine	6.0555	common_voice_sw_29595579.wav
wadigo na wadoe wapo pia wafipa na wagogo 	male_masculine	4.2555	common_voice_sw_30024379.wav
mafanikio ya bibi titi mohamed katika harakati za ukombozi wa tanganyika 	male_masculine	5.2635	common_voice_sw_30647708.wav
aliyemfuata kama tenno ni mdogo wake go sanjo 	male_masculine	4.7955	common_voice_sw_28682642.wav
kombe la dunia la mwaka likarudi brazil kwa mara ya tatu kwenye historia yao 	male_masculine	7.4235	common_voice_sw_30334221.wav
joto la baharini viwango vya juu vya unyevu na kutokuwa na utulivu wa anga 	female_feminine	7.4235	common_voice_sw_30495156.wav
mwaka wa elfu mbili na saba kulingana na chuo cha sanaa ya bagamoyo 	female_feminine	8.3235	common_voice_sw_30572902.wav
wakaazi wa eneo hili ni waluhya ambao wanategemea msitu huu 	female_feminine	6.3435	common_voice_sw_30575008.wav
tarehe ya mwaka mpya inategemea kalenda yake 	male_masculine	4.5075	common_voice_sw_29628539.wav
hivyo kuwa kivutio kikubwa kwa wapanda milima kutoka kila pande za dunia 	male_masculine	6.9555	common_voice_sw_36945554.wav
fani ya saikolojia kiafya katika nchi nyingi iko chini ya kanuni za maadili 	male_masculine	7.6035	common_voice_sw_28815864.wav
alizaliwa mwaka elfu moja mia tisa na nne 	male_masculine	3.4995	common_voice_sw_36385399.wav
vya asili badala ya kumwabudu mungu mungu akakasirika hata akauangamiza ulimwengu ule kwa maji 	male_masculine	10.2675	common_voice_sw_37090323.wav
ousmane dembele alifunga goli katika dakika ya sabini na moja 	female_feminine	4.5075	common_voice_sw_30070719.wav
mawimbi haya yalitumika kwa mawasiliano kati yao 	female_feminine	4.0035	common_voice_sw_34831741.wav
ni miongoni mwa vilele vitano tanzania 	male_masculine	5.4435	common_voice_sw_30201291.wav
unataka kupigwa picha 	male_masculine	3.4635	common_voice_sw_34750213.wav
benjamini wiliam mkapa alikuwa raisi wa awamu ya tatu 	male_masculine	8.9355	common_voice_sw_31665689.wav
historia hiyo inatuelezea waafrika na bara letu kama watu tuliokuwa nyuma sana kimaendeleo 	male_masculine	8.5035	common_voice_sw_30115796.wav
kijiji hiki kilianzishwa na wabalawa ambao walichanganyika na wazaramo 	female_feminine	7.15165625	common_voice_sw_30124010.wav
pamoja na kuenea kwa elimu juu ya ugonjwa huu 	male_masculine	4.8675	common_voice_sw_29944862.wav
mwisho wa utawala wa austria nahungaria na wa ule wa taifa la uturuki 	male_masculine	6.6675	common_voice_sw_29936829.wav
hususani wageni wanaoingia katika mkoa wa tanga kutalii 	male_masculine	4.9035	common_voice_sw_29887263.wav
mungu ni mkuu kuliko hofu uliyonayo 	male_masculine	3.3555	common_voice_sw_30478657.wav
pia ni wimbo pekee kutoka katika albamu kuwa na muziki wa video 	male_masculine	10.4475	common_voice_sw_29618169.wav
mashindano hayo kukamilika hii ikiwa ina maana kwamba tottenham hotspurs 	female_feminine	6.0555	common_voice_sw_35206680.wav
aliendelea kutunga pia vitabu na tamthiliya 	male_masculine	4.5435	common_voice_sw_28695389.wav
wana ngozi ndefu chini ya koo lao 	male_masculine	3.9675	common_voice_sw_28876200.wav
ujerumani kwa juhudi zake za kuliunganisha bara la ulayarais wa zamani wa marekani 	male_masculine	7.3155	common_voice_sw_37085608.wav
idadi ya watu inaongezeka kwa kasi na hivyo pia kuongezeka kwa wakulima 	male_masculine	6.9555	common_voice_sw_30333822.wav
mwili wote wa nyangumi unalingana na maisha ya majini 	male_masculine	4.7955	common_voice_sw_30470930.wav
kinachotakiwa ni kuiunga mkono serikali ya awamu ya nane 	male_masculine	3.7155	common_voice_sw_36389370.wav
profesa tibaijuka alizungumzia kuhusu kuhusishwa kwake na sakata la akaunti ya tegeta 	male_masculine	6.5955	common_voice_sw_29897879.wav
vijiji vya jirani zake kwa maana ya kupanua tena himaya yake 	female_feminine	6.9555	common_voice_sw_30204442.wav
pia raia wa burundi wanapeleka bidhaa zao tanzania kutafuta soko 	female_feminine	5.6235	common_voice_sw_30056152.wav
katiba hiyo ilitokana na azimio la sheria ya uhuru lililopitishwa katika bunge la uingereza 	female_feminine	9.38365625	common_voice_sw_30123765.wav
zinafanyika shughuli za usafirishaji wa mizigo na abiria pia 	male_masculine	5.31565625	common_voice_sw_30630847.wav
shughuli hizi hufanyika katika misitu ya asili na ya watu 	female_feminine	4.9035	common_voice_sw_30330049.wav
milima ya nyabweshongoile na milima ya nyakagando 	male_masculine	4.9035	common_voice_sw_29976799.wav
raisi magufuli alilalamika kwa kukuta hazina haina fedha 	female_feminine	5.7675	common_voice_sw_35183586.wav
hakikisha unaondoa ngozi zilizokufa mara kwa mara 	male_masculine	5.4435	common_voice_sw_29850241.wav
ndiyo maana yeye ni shujaa wa muziki wa injili wa sasa hizi 	female_feminine	8.8635	common_voice_sw_28839512.wav
dhambi zangu kuziosha 	female_feminine	2.6355	common_voice_sw_37218564.wav
kuchimba visima vya maji na kuchimba barabara na kadhalika 	female_feminine	4.0035	common_voice_sw_30071965.wav
ametumia kanuni rahisi 	male_masculine	3.3555	common_voice_sw_32243057.wav
mto unaitwa kuanzia hapa kwa jina la galana 	male_masculine	6.1635	common_voice_sw_29539714.wav
wanawake wa kimasai daima wamekuwa wakikaa pamoja katika majukumu yao ya kila siku 	male_masculine	8.6475	common_voice_sw_29795927.wav
kenya pia imetawala voliboli ya wanawake barani afrika 	female_feminine	4.8675	common_voice_sw_30110805.wav
dawa za kulevya kama vile baklofeni kupunguza utashi na 	male_masculine	6.8475	common_voice_sw_37096500.wav
unaweza kupata watu wengi 	male_masculine	2.7075	common_voice_sw_36380943.wav
hata hivyo singida united nayo imeonyesha nia ya kumsajili 	female_feminine	4.6155	common_voice_sw_29793647.wav
hayo yalisemwa na watafiti wa maisha na mwenendo wa mbuni 	male_masculine	5.5875	common_voice_sw_30327407.wav
hata hivyo nyumba zao za asili zinajengwa kwa kutumia miti 	male_masculine	5.9475	common_voice_sw_30104564.wav
nchi ya tanzania ilihitaji miundombinu bora 	female_feminine	3.6435	common_voice_sw_30718302.wav
wa amazon umepata asilimia hamsini mrefu na 	male_masculine	3.6435	common_voice_sw_36373725.wav
msemaji wa chama tawala cha uganda alizungumzia kauli ya chavez 	male_masculine	4.8315	common_voice_sw_30376108.wav
alipoandaa mkutano mkubwa wa chama chake uliozibadili 	male_masculine	5.9475	common_voice_sw_30574587.wav
kwakiasi kikubwa kuenea kwa lugha hii nchini 	male_masculine	4.9755	common_voice_sw_36013795.wav
spishi zote zinatokea karibu na maji ama baridi ama ya bahari 	male_masculine	7.3155	common_voice_sw_28815171.wav
ipo umbali wa kilometa mia mbili themanini na tatu magharibi kwa dar es salaam 	male_masculine	7.2435	common_voice_sw_30081512.wav
mango km makaa ya mawe au mafuta ya taa 	male_masculine	4.6515	common_voice_sw_37097965.wav
ushirikiano hauwezi kuja bila kuwa na demokrasia 	male_masculine	3.1755	common_voice_sw_30026004.wav
vijana wakizanzibari kama at rico single off side trick na wengineo walianza 	female_feminine	7.2075	common_voice_sw_35107653.wav
anaheshimiwa kama mtakatifu na mwalimu wa kanisa 	male_masculine	5.5875	common_voice_sw_29612850.wav
watatu waliomkaribia aliagiza kuwaua bila kuongea nao kumbe walikuwa mabalozi wa mkwawa aliyetaka kujadiliana 	female_feminine	8.3235	common_voice_sw_35442443.wav
kula kwa kiasi maneno yako ni ya kiasi 	female_feminine	4.0035	common_voice_sw_31997803.wav
yai moja la mbuni ni sawa na mayai ishirini ya kuku 	male_masculine	3.6435	common_voice_sw_30327192.wav
de wever alizaliwa mortsel ubelgiji 	male_masculine	3.9675	common_voice_sw_29306327.wav
wa familia hiyo ambayo imeenda nisema huyo mtoto akitoka hapa 	male_masculine	5.3355	common_voice_sw_35224116.wav
aliwahi kuwa na watoto wawili kabla ya kuoa 	female_feminine	4.0755	common_voice_sw_29731728.wav
sidharau nnlinga ndio uuvao nkoko 	male_masculine	4.6155	common_voice_sw_32090743.wav
au juu ya kile kilichomuliwa na mkutano huo wa berlini 	male_masculine	6.5235	common_voice_sw_29993831.wav
sherehe za tuzo za reggae ya kimataifa na muziki wa ulimwengu 	male_masculine	6.3435	common_voice_sw_29887444.wav
miongoni mwetu tumekuwa tukisahau asili zetu na kutotambua kuwa ni wapi tulipotoka 	female_feminine	6.5235	common_voice_sw_29939200.wav
hao na wakristo wa kwanza walio wengi waliishi chini ya serikali ya roma 	male_masculine	5.9115	common_voice_sw_36385776.wav
nyama haiwezi kutambulika kama chakula kikuu 	male_masculine	3.9675	common_voice_sw_30180485.wav
wapi maisha yako kwa ujumla nimezaliwa miaka thelathini iliyopita na nimezaliwa zanzibar 	male_masculine	8.7555	common_voice_sw_34392006.wav
na timu ya taifa ya kroatia 	male_masculine	6.1635	common_voice_sw_29696886.wav
na umiliki haramu wa silaha shughuli zao katika makambi 	male_masculine	4.7235	common_voice_sw_29938494.wav
uthibitisho wa hili ni pale wanapoonekana kuishi vyema na makabila yaliyowazunguka 	female_feminine	6.1635	common_voice_sw_30031217.wav
jamii ya kiarabu wasio wazanzibari iliamriwa kuondoka 	male_masculine	4.6875	common_voice_sw_30674941.wav
kwa kawaida makabila mengine yote ya wafugaji ukiwatoa wasukuma 	female_feminine	7.4595	common_voice_sw_30274994.wav
waandishi wa habari nchini tanzania wanasema wamekuwa wakipitia kwenye wakati mgumu 	male_masculine	7.1355	common_voice_sw_29850290.wav
madrid ya zidane ilikuwa timu imara barani ulaya 	male_masculine	4.45165625	common_voice_sw_30150521.wav
kuna wakati rais wa barcolona joan laporta aliwahi kusema 	male_masculine	6.1635	common_voice_sw_29789326.wav
kumbe maelezo ya sayansi ni kama ifuatavyo 	female_feminine	4.1475	common_voice_sw_28584712.wav
kwa kawaida bakteria zinaweza kukua na kuishi tu ndani ya seli ya kiumbe 	male_masculine	4.5435	common_voice_sw_30021015.wav
wanapatikana samaki wa kila aina pamoja wa viumbe vingine wanaoishi kwenye maji 	male_masculine	5.2635	common_voice_sw_30020826.wav
mwingine mashuhuri zaidi ni mwande akifahamika kama mwenye 	female_feminine	4.3275	common_voice_sw_36644250.wav
baada ya yesu ndiye mtu anayejulikana zaidi katika injili zote nne 	male_masculine	5.6955	common_voice_sw_28922039.wav
bi aneth alimuuliza baada ya kumuona mkuu wake mwenye mawazo 	male_masculine	9.9075	common_voice_sw_29959501.wav
alijikusanyia asilimia ishirini na tano nukta sitini na sita 	male_masculine	4.4355	common_voice_sw_36368206.wav
baadhi ya watafiti walienda kumchunguza blob 	male_masculine	5.0475	common_voice_sw_29979670.wav
pia hifadhi hii inapitiwa na njia ya treni inayoelekea katika taifa jirani la zambia 	male_masculine	6.0555	common_voice_sw_29939018.wav
dube alikuwa akiendesha gari lake la aina ya chrysler 	male_masculine	4.5075	common_voice_sw_36039605.wav
kwa upande wa kaskazini mwa nyanda za juu iko tambarare ya siberia ya kaskazini 	male_masculine	6.4875	common_voice_sw_28581513.wav
watu wawili waliokuwa mlangoni wakiwa wamefunika nyuso zao 	male_masculine	4.2555	common_voice_sw_36387480.wav
wasukuma pia wanajihusisha sana na kilimo cha mazao ya nafaka na mifugo 	female_feminine	4.6155	common_voice_sw_30582057.wav
kuzitumia kwa sababu moja tu wanafurahia kufanya hivyo 	female_feminine	4.7235	common_voice_sw_34942627.wav
ilionekana ya kwamba nchi za mashariki zilibaki nyuma sana 	male_masculine	4.3635	common_voice_sw_29899230.wav
mpango wa taifa wa maendeleo uelewa wake wa serikali na ubobezi wake kama mchumi 	female_feminine	7.3155	common_voice_sw_34906851.wav
real madrid ndiyo iliyoitoa bayern munich 	male_masculine	3.2835	common_voice_sw_30098929.wav
atajaribu kuyasimbua kwa kutumia vidokezo kidogo vya habari alivyonavyo 	male_masculine	6.4875	common_voice_sw_29938484.wav
brazil ndio walitwaa kombe la dunia 	male_masculine	3.0675	common_voice_sw_29962452.wav
huenda kutembelea kuogelea na kutazama jua likizama kwenye fukwe ya bahari ya hindi 	male_masculine	6.7035	common_voice_sw_37088387.wav
kusimamia na kudhibiti mabenki na taasisi za fedha 	male_masculine	5.2275	common_voice_sw_30582837.wav
abrahamu kama kielelezo cha imani na rafiki wa mungu 	male_masculine	3.8235	common_voice_sw_37088987.wav
mashabiki wanataka kuona soka safisoka la kwenye kitabu ndilo linalotakiwa 	male_masculine	6.7755	common_voice_sw_29977787.wav
mwombaji akiamua mwizi auawe basi kwa vile anaonekana kwenye matambiko 	male_masculine	6.5955	common_voice_sw_30631353.wav
cha ukubwa mkubwa baada ya simba na tigers 	female_feminine	4.8675	common_voice_sw_34745481.wav
wilaya ya same ina eneo kubwa sana 	female_feminine	2.8875	common_voice_sw_30025044.wav
mwamubambe alipoona mambo yamemzidia akatimua mbio 	female_feminine	5.9835	common_voice_sw_31285870.wav
ukiwa kwenye hifadhi ya tarangire unaweza kuona makundi makubwa ya tembo 	male_masculine	8.6835	common_voice_sw_31286373.wav
hewa kwa sababu nyingi ya shughuli zao ni vyanzo vya aina mbali mbali 	male_masculine	7.4955	common_voice_sw_36373509.wav
gani yanayohitaji ufumbuzi wa aina gani hili ni jambo kubwa sana kwake japokuwa tutaendelea 	male_masculine	7.2435	common_voice_sw_37089251.wav
baadhi ya watu walimwona kama katili 	female_feminine	3.1755	common_voice_sw_30640441.wav
vile vile nyangumi bluu anaweza kufikia uzito wa tani mia mbili 	male_masculine	5.2635	common_voice_sw_29787838.wav
padre paul haule alianza kujisikia vibaya siku ya jumatatu 	male_masculine	5.7675	common_voice_sw_29787755.wav
jangwa hilo linapatikana katika majimbo ya australia magharibi na australia kusini 	male_masculine	7.1355	common_voice_sw_28663170.wav
watalii wanaopenda kupanda milima watafurahia wakiwa tanzania 	male_masculine	5.4435	common_voice_sw_29936801.wav
mourinho ni kocha asiyekubali kushindwa kirahisi 	male_masculine	4.0755	common_voice_sw_30635728.wav
ukiwa na urefu wa mita elfu tano mia nane tisini na tano 	female_feminine	6.75565625	common_voice_sw_30143855.wav
timu kubwa zote hazina pesa kwa kioindi hiki 	female_feminine	4.6155	common_voice_sw_29794062.wav
miaka hiyo biashara ya watumwa ilishamiri sana 	male_masculine	3.9675	common_voice_sw_30471001.wav
ukiachia wajaluo mkoani mara pia kuna wataturu na wanandi 	female_feminine	6.4515	common_voice_sw_30100659.wav
mwanafamilia anayezaliwa husajiliwa na anayekufa pia huwekwa kwenye daftari ljeusi la wafu ambalo kila 	female_feminine	8.3235	common_voice_sw_35056452.wav
kunaweza pia kushuhudiwa dalili nyingine ya kawaida ni maumivu ya misuli au viungo 	female_feminine	6.2355	common_voice_sw_29790810.wav
yote hupunguza gharama za ujenzi 	male_masculine	3.1035	common_voice_sw_28681684.wav
hili kundi lilikuwa dogo zaidi 	female_feminine	3.7875	common_voice_sw_29655079.wav
walilazimisha kila akida afahamu kiswahili barabara ili 	male_masculine	4.7235	common_voice_sw_36251321.wav
mfano wa makundi ya mapigano yenye kumiliki silaha 	male_masculine	4.7235	common_voice_sw_29896362.wav
mfalme henry aliwaweka mabinti zake kwenye orodha 	male_masculine	5.8035	common_voice_sw_37083420.wav
yapo matoleo mawili ya muziki wa video 	male_masculine	4.4355	common_voice_sw_28670201.wav
pamoja na umasikini wake wa rasilimali na madhila mengine ya ukoloni mkongwe 	female_feminine	5.4075	common_voice_sw_35118905.wav
na tayari mnamo elfumoja miatisa arobaini na nne 	female_feminine	4.0035	common_voice_sw_34819371.wav
cameron ameongea na mfalme wa nchi hiyo hamadi is bin issah alhalifa jana usiku 	male_masculine	7.9635	common_voice_sw_35963924.wav
huu sio kila kwamba kila nchi inataka pengine ifaidi peke yake 	female_feminine	6.0555	common_voice_sw_34993142.wav
aliendelea kuchora picha nyingi za dini juu ya habari na watu wa biblia 	male_masculine	6.3075	common_voice_sw_28682603.wav
kwa miaka ya karibuni kuta za tembe hujengwa pia kwa matofali yanayotengenezwa kwa udongo 	male_masculine	7.4955	common_voice_sw_30668382.wav
maporomoko ambayo yamekuwa vivutio sana kwa watalii wa nchi mbalimbali 	male_masculine	5.0475	common_voice_sw_29960798.wav
wanapenda kurudi ziwa manyara kwa sababu wanafuata chakula cha kutosha 	female_feminine	5.0475	common_voice_sw_30363370.wav
jose mourinho aliwahi kusema kufungwa hakuondoi ubora wa mechi 	male_masculine	4.5435	common_voice_sw_29939164.wav
ligi kuu ya ethiopia 	male_masculine	2.9955	common_voice_sw_28690372.wav
watu hao waliambukizwa virusi vya ukimwi 	male_masculine	3.4635	common_voice_sw_36037083.wav
weupe wa ulaya tangu zama za katitukio hili lilisababisha mapinduzi ya urusi ya 	female_feminine	9.4755	common_voice_sw_34797853.wav
mji mkuu katika kabila la upare ni maore ulioko wilaya ya same 	male_masculine	5.8035	common_voice_sw_30379743.wav
alirejea nyumbani nairobi akitokea the haque uholanzi yalipo makao makuu ya mahakama 	female_feminine	7.6755	common_voice_sw_35586602.wav
hakuna kitu kinachoonyesha kutokuheshimu mtu kama kukosea kutamka jina lake 	male_masculine	6.3075	common_voice_sw_36310864.wav
akiwa uhamishoni amin alifadhili mabaki ya jeshi lake 	male_masculine	5.89165625	common_voice_sw_30628910.wav
ati hayahusu afrika lakini sivyo 	male_masculine	3.9675	common_voice_sw_37229694.wav
mwinyi ni kiongozi bora pia ni nahodha bora katika sekta mbalimbali 	female_feminine	3.6075	common_voice_sw_34598021.wav
luther aliendelea kutoa mafundisho kwa ajili ya kanisa linalofuata maagizo 	male_masculine	7.3155	common_voice_sw_30117977.wav
ujenzi wa reli ya kisasa ya kutumia mumeme 	male_masculine	4.3635	common_voice_sw_29986553.wav
mwenye nguvu na uweza ni wewe 	male_masculine	4.4355	common_voice_sw_36807770.wav
matumaini yangu ni ya hakika 	female_feminine	3.2475	common_voice_sw_34958702.wav
wanafunzi wako darasani 	female_feminine	3.2835	common_voice_sw_35582698.wav
serikali za kikoloni zilipofanya taratibu za kuwaweka huru 	male_masculine	5.8755	common_voice_sw_30661149.wav
ufafanuzi wa vizio vya upimaji 	female_feminine	4.1835	common_voice_sw_28584625.wav
platin alikuwa rais wa shirikisho la soka barani ulaya 	male_masculine	4.5075	common_voice_sw_29936750.wav
ndilo daraja kubwa katika afrika ya mashariki 	male_masculine	4.6515	common_voice_sw_29660320.wav
hii inamaanisha watu hao hawawezi kusambaza virusi hivyo 	female_feminine	5.1555	common_voice_sw_30051830.wav
biashara hii ilifanyika kwa muda mrefu sana 	male_masculine	4.5075	common_voice_sw_30326744.wav
mlima lool malasin elfu tatu mia sita ishirini na sita 	male_masculine	5.6235	common_voice_sw_29981971.wav
baadae kichwa cha hussein kilionekana wakati wa karamu ya kifahari 	male_masculine	7.0275	common_voice_sw_29902573.wav
kupiga kura kukiangalia nyuso zao sudan kusini hapo juba 	female_feminine	5.0835	common_voice_sw_37091523.wav
bidhaa zake zilikubaliwa na watu wengi sana 	male_masculine	4.1475	common_voice_sw_29795402.wav
magharibi iko morogoro vijijini na upande wa mashariki wilaya inapakana na bahari ya hindi 	male_masculine	8.5035	common_voice_sw_28669383.wav
watu wengine na zaidi ya hayo hawajisifu kwa 	female_feminine	4.0755	common_voice_sw_34944301.wav
na shanga za jadi na kutumiwa kutengeneza 	female_feminine	4.3275	common_voice_sw_29789976.wav
ambaye alifariki akiwa madarakani hayati john joseph pombe magufuli 	female_feminine	5.4435	common_voice_sw_35104883.wav
uingereza ulileta patano la kuwa zanzibar itakuwa chini ya uingereza 	female_feminine	7.4955	common_voice_sw_30628196.wav
waandishi wa kitabu cha deadly developments stephen na downs reyna 	male_masculine	7.3155	common_voice_sw_30268832.wav
hayati julius nyerere alitangaza vita dhidi ya uganda 	female_feminine	6.6675	common_voice_sw_29799384.wav
watu waliofanikiwa kufika kileleni na kushuka wanapendekeza unywe lita tano za maji kwa siku 	male_masculine	7.6035	common_voice_sw_30024646.wav
alikuwa amepoteza masaa meengi alipokuwa amepoteza fahamu 	male_masculine	6.3435	common_voice_sw_36253358.wav
hii ikapekelekea kuzuka kwa baadhi ya majina ya makabila mbalimbali 	female_feminine	6.2355	common_voice_sw_30327745.wav
amin aliifilisi nchi na kiwango cha maisha kikawa cha chini kabisa 	male_masculine	5.3355	common_voice_sw_29856249.wav
hata hivyo wapare nao wana utani wao kwa wachaga 	female_feminine	5.8755	common_voice_sw_30329142.wav
hata leo anaheshimiwa na kanisa katoliki na waorthodoksi kama mtakatifu 	male_masculine	9.0075	common_voice_sw_28684932.wav
jomo kenyatta alichaguliwa kama rais wa kwanza 	male_masculine	5.0835	common_voice_sw_30020390.wav
anzaa mtoto gani 	male_masculine	4.9035	common_voice_sw_31853565.wav
aliporejea tanganyika kutoka masomoni nyerere alifundisha historia kingereza na kiswahili 	male_masculine	6.7755	common_voice_sw_29938218.wav
lakini tunashindwa kutambua ule uwezo uliopo ndani mwetu 	male_masculine	6.8475	common_voice_sw_31797683.wav
nafasi za juu au hata ikiwezekana nafasi moja kati ya zile mbili 	male_masculine	5.2635	common_voice_sw_37099006.wav
mji ina idadi ya viwanda 	male_masculine	3.2835	common_voice_sw_28259641.wav
mtangulizi wake vladimir putin akawa waziri mkuu kulingana na 	female_feminine	6.1635	common_voice_sw_35104894.wav
tabianchi ndani ya mzingo aktiki kwa jumla ni baridi 	male_masculine	5.0475	common_voice_sw_28681668.wav
ndalizi yake yanaanza sasa hivi baada ya kuisha uchanguzi huu wa sasa hivi 	male_masculine	4.5075	common_voice_sw_36383685.wav
alipata shahada ya uzamili ya sayansi katika kemia chuo kikuu salford nchini uingereza 	male_masculine	8.4675	common_voice_sw_30583013.wav
zao la biashara ni kahawa 	male_masculine	3.8235	common_voice_sw_28817524.wav
watalii hupita kwenye magofu haya wakiyachungulia baadhi wakiyapiga picha kandokando ya barabara nyembamba 	male_masculine	9.0435	common_voice_sw_30181331.wav
mchezaji nyota wa sweden michael laundrap alicheza vizuri 	female_feminine	6.64765625	common_voice_sw_30124429.wav
upo utani unaofanana na ukweli unaosema 	male_masculine	4.6875	common_voice_sw_30650345.wav
messi alirudi kwenye kiwango cha juu na kuvunja rekodi ya magoli mengi kwa msimu 	male_masculine	7.3155	common_voice_sw_29805299.wav
pia ni naibu waziri wa wizara ya afya na maendeleo ya jamii 	male_masculine	5.0835	common_voice_sw_28681244.wav
nimechocka kuandika 	female_feminine	3.9675	common_voice_sw_34743327.wav
kiasi cha kupelekea malalamiko mengi katika sekta ya elimu afya na nyinginezo 	male_masculine	7.7475	common_voice_sw_29950268.wav
alcindor anaandikwa haswa juu ya siasa na masuala ya kijamii 	female_feminine	5.5155	common_voice_sw_29401422.wav
wapare wanatokea katika wilaya za same na mwanga mkoani kilimanjaro 	male_masculine	6.8115	common_voice_sw_30343017.wav
obote alishutumiwa kushiriki katika biashara ya pembe za ndovu 	male_masculine	5.4075	common_voice_sw_29822508.wav
aliongoza wizara hiyo kwa takriban miaka kumi na mbili 	female_feminine	4.7955	common_voice_sw_30354762.wav
spishi hizi hula matunda 	male_masculine	2.5635	common_voice_sw_28682624.wav
babu amepotea 	female_feminine	2.8875	common_voice_sw_34833141.wav
akijifanya kujifurahisha ujuzi wa mpenzi wake 	male_masculine	4.3275	common_voice_sw_29962195.wav
twiga hawachangamani na twiga wasio wa kundi moja 	male_masculine	3.6075	common_voice_sw_29897136.wav
kuna ujumbe ambao rais samia ameutoa katika siku zake mia moja za kwanza 	male_masculine	5.4435	common_voice_sw_37225199.wav
wazigula hupewa jina litakalotumika wakati na baada ya ndoa 	male_masculine	7.7835	common_voice_sw_31306038.wav
aliugua kwa muda wa miaka mitatu na baadae alipona na kubadili dini 	female_feminine	10.2675	common_voice_sw_30568039.wav
biashara ya utumwa ilikuwa biashara iliyodhalilisha utu wa binadamu hasa waafrika 	female_feminine	6.3795	common_voice_sw_29948831.wav
kutokana na uchache wao lugha yao imekuwa inaingiliana sana na kipare 	male_masculine	5.8755	common_voice_sw_29961532.wav
walipokonywa mali na mashamba yao bila kulipwa fidia 	male_masculine	5.8755	common_voice_sw_29958302.wav
mtangazaji wa taarifa ya habari alikuwa mwalimu julius kambarage nyerere 	male_masculine	6.0555	common_voice_sw_29947059.wav
tangu kale anaheshimiwa na kanisa katoliki waorthodoksi na wengineo kama mtakatifu 	female_feminine	8.0355	common_voice_sw_28874561.wav
alikuwa mkongwe wa zamani wa vita vya korea kutumikia katika bunge la congress 	male_masculine	5.5155	common_voice_sw_28922210.wav
siku hii ya iddul al haj sisi nachinja mbuzi nachinja ngamia 	female_feminine	6.1635	common_voice_sw_36642218.wav
ukitakata kujua ukali wa mbrazil huyu 	male_masculine	5.1555	common_voice_sw_30205096.wav
bendera hufuata mkondo 	male_masculine	3.0675	common_voice_sw_32244646.wav
maalim self alianza kuugua january kumi na tisa elfu mbili na ishirini na moja 	male_masculine	6.6675	common_voice_sw_29846249.wav
tangazo la rais obama la disemba elfu mbili na kumi na nne 	female_feminine	6.3075	common_voice_sw_30034850.wav
ni lazima warejee ndutu ambapo huwa wanazaa 	male_masculine	4.2555	common_voice_sw_30326736.wav
kwa ajili ya mikutano ya kiroho lakini waislamu wanaweza kuchukua 	male_masculine	4.1835	common_voice_sw_37219175.wav
wapo wanaodai kuwa wageni walipokuja na kukuta ufalme wa buha 	male_masculine	5.1555	common_voice_sw_29838520.wav
mafia ni mahali penye miji ya kale yenye utamaduni wa waswahili 	male_masculine	5.6955	common_voice_sw_30327527.wav
mwaka wa elfu moja mia nane themanini na sita 	female_feminine	4.66765625	common_voice_sw_31749232.wav
uwindaji haramu wanyamapori na ukosefu wa moto ambapo yalikuwa matokeo ya shughuli za binadamu 	male_masculine	6.0555	common_voice_sw_29941447.wav
wengi pia ni wakristo 	male_masculine	4.1475	common_voice_sw_29421692.wav
maana yake ni upande wa kabila la washashi 	male_masculine	4.1475	common_voice_sw_29787549.wav
pochi echu a amu afirika itakuva ni pochi kuruu a pili 	male_masculine	6.3435	common_voice_sw_32323918.wav
savo milosevic wa serbia alifunga mabao matano 	male_masculine	4.5075	common_voice_sw_29963519.wav
serikali imeanzisha kampeni kama tanzania isiyo sahaulika ili utalii 	male_masculine	6.3075	common_voice_sw_29915693.wav
hakuna uhakika kabisa kuhusu asili ya neno 	female_feminine	3.8955	common_voice_sw_29488918.wav
papa huyo alikuwa anaweza kuongea lugha ya kiholanzi kiitalia kifaransa na kijerumani 	female_feminine	8.66365625	common_voice_sw_30124811.wav
baada ya kifo cha mraisi magufuli 	male_masculine	4.0035	common_voice_sw_29898232.wav
pia kuna wasemaji wachache nchini uhindi 	male_masculine	4.2555	common_voice_sw_29018812.wav
msichana ule mwaka huu kwenye ntihani ndopicha kwaudhuri 	male_masculine	5.0475	common_voice_sw_32091206.wav
ni moja kati ya sehemu zilizoanza kupata ustaarabu wa jamii nyingine kama wahajemi 	male_masculine	10.4835	common_voice_sw_31322306.wav
alishindwa kumpa baraka na kumfanya awe laiboni anayefuata 	female_feminine	6.7755	common_voice_sw_29793932.wav
utafiti huu unafanywa na kikundi cha wanasayansi wa kimataifa kutoka vyuo vikuu mbalimbali duniani 	female_feminine	8.5035	common_voice_sw_29924574.wav
kutoka daressalaam mpaka mkoani singida katikati mwa tanzania 	male_masculine	9.0075	common_voice_sw_31409822.wav
pele alikuwa akiichezea kwenye klabu ya santos 	male_masculine	5.4075	common_voice_sw_30321937.wav
tafulia nguvo kwa ibafe la jirani 	male_masculine	3.7875	common_voice_sw_32091253.wav
ya kwanza ya wakristo chini ya serikali petro ni mfano mzuri wa 	female_feminine	4.1835	common_voice_sw_37090922.wav
utaalamu unaohitajika siyo mgumu na uyoga huota vizuri ukiliganisha na aina nyingine 	female_feminine	8.1075	common_voice_sw_30107466.wav
ni mafunzo kwa kuthibitisha wazo msingi 	male_masculine	4.0755	common_voice_sw_29938618.wav
mwaka huo koloni la kenya liliundwa na kupatiwa jina linalotokana na mlima kenya 	male_masculine	6.7755	common_voice_sw_30327366.wav
awali alikuwa mwimbaji kabla ya kujihusisha na uigizaji 	male_masculine	5.6235	common_voice_sw_28258762.wav
aligawa maduka na biashara yao kwa ndugu au wafuasi wa rais 	male_masculine	4.5075	common_voice_sw_29943822.wav
viungo wanne na washambuliaji wawili 	male_masculine	3.7155	common_voice_sw_31321475.wav
ana watoto watatu wawili wa kike na mmoja wa kiume 	male_masculine	5.4435	common_voice_sw_28690222.wav
ukosefu wa viwanja vya ndege karibu na hifadhi 	male_masculine	4.1475	common_voice_sw_30121662.wav
alikuwa mwalimu wa mshairi wa mombasa w e taylor 	male_masculine	5.3355	common_voice_sw_29022559.wav
kuwahi kutokea kuhusishwa na janga la virusi vya ukimwi 	female_feminine	6.1635	common_voice_sw_30558670.wav
kwenyewe baba yake nape amewahi kuwa mjumbe wa kamati kuu ya kwanza katibu wa 	female_feminine	7.0275	common_voice_sw_36644346.wav
samwel aliingia kwenye mashua ya kuokoa 	female_feminine	5.2635	common_voice_sw_34743326.wav
wanawake ndio wenye kuhangaikia maslahi ya jamii kuanzia asubuhi hadi jioni 	female_feminine	5.7675	common_voice_sw_29787920.wav
iddi amini aligawa maduka ya wahindi kwa ndugu zake 	female_feminine	4.1835	common_voice_sw_30365963.wav
mwanzoni palikuwa na nchi chache tu zilizofuata kalenda mpya 	male_masculine	5.4435	common_voice_sw_28581837.wav
zipo nadharia kadha wa kadha zinazoeleza asili ya wagweno 	male_masculine	5.4075	common_voice_sw_30577693.wav
aliimarisha utawala wa omani juu ya pwani ya afrika ya mashariki 	female_feminine	7.9635	common_voice_sw_30567963.wav
sheria na haki za binadamu nchini tanzania 	male_masculine	2.5275	common_voice_sw_36390709.wav
hasa ya wakazi wa bagamoyo lakini pia hata mashirika mbalimbali ya kimataifa 	male_masculine	7.5675	common_voice_sw_30181066.wav
wakamkosa daktari 	male_masculine	2.0955	common_voice_sw_36374993.wav
hakuna ushahidi wowote kwamba watu wa ulaya walitumia jina hili kati yao 	male_masculine	8.2155	common_voice_sw_28825296.wav
wengine wamejaribu kuona msingi wa jina katika lugha ya kichaga 	male_masculine	9.6555	common_voice_sw_31324001.wav
anafahamika sana kwa kucheza filamu na vipindi vya televisheni vya hong kong 	male_masculine	7.4235	common_voice_sw_29698467.wav
nyerere alikufa akiwa katika matibabu nchini uingereza 	male_masculine	4.7235	common_voice_sw_29836474.wav
kutoka kwenye mimea mbalimbali kama vile miti na mimea mingine 	female_feminine	5.4075	common_voice_sw_30034508.wav
minus huwatega kwenye ngome 	male_masculine	3.4275	common_voice_sw_29262321.wav
na safari hii alipata asilimia arobaini na sita nukta sifuri saba 	male_masculine	5.2635	common_voice_sw_30381808.wav
na sasa ameamuru kutosafirishwa nje ya nchi kwa bidhaa 	male_masculine	4.5435	common_voice_sw_36319024.wav
wakati wa mazishi ya hayati magufuli jakaya kikwete aliweka wazi mahusiano yao 	female_feminine	4.8675	common_voice_sw_29923824.wav
mjerumani wolfgang overalh alikuwa mchezaji bora wa michuano ya kombe la dunia 	male_masculine	8.2155	common_voice_sw_29961190.wav
ocha unawaambia mukubali matokeo 	female_feminine	3.9315	common_voice_sw_37086983.wav
kukabiliana na mistari yao ni ishara ya kuimba kwa wanawake 	female_feminine	5.2635	common_voice_sw_30196402.wav
labda mumeo hivi mke wako hivi sina nyimbo yangu mapenzi maisha mungu basi 	male_masculine	7.7835	common_voice_sw_36386417.wav
kuna hisia za ushabiki za uchokozi wa watu 	male_masculine	5.5875	common_voice_sw_36299887.wav
kiatu cha dhahabu kilienda nchini ujerumani 	female_feminine	3.7155	common_voice_sw_30630250.wav
fedha hizo zilitolewa na watu wenye nia njema ya elimu kwa watoto wa kike 	female_feminine	5.2635	common_voice_sw_31285462.wav
pokea zawadi kutoka kwa baba 	male_masculine	3.6435	common_voice_sw_32243783.wav
twiga masai jike huwa na nywele nyingi kichwani wakati dume huwa ana nywele chache 	female_feminine	7.2075	common_voice_sw_34943114.wav
mwalimu nyerere alikuwa mojawapo kati watoto ishirini na sita wa nyerere burito 	male_masculine	8.8275	common_voice_sw_29795877.wav
wengi wao hawajasoma kabisa lakini ni matajiri wakubwa 	male_masculine	4.9755	common_voice_sw_29822903.wav
marekani ilisafiri kutoka afghanistan kwenda maficho ya bin laden 	male_masculine	6.4875	common_voice_sw_29872433.wav
zinapatikana hadi ziwa chala na taveta upande wa kusini mashariki 	male_masculine	4.8675	common_voice_sw_31386319.wav
amevichezea vilabu kadhaa ikiwemo bayern munich alikotwaa mataji manne ya bundersliga na manne ulaya 	female_feminine	9.4755	common_voice_sw_30089231.wav
lugha hizi mbili zina asili moja 	female_feminine	3.7875	common_voice_sw_28689055.wav
wanaopatikana ndani yake na kati yao ni simba na nyumbu 	male_masculine	7.5675	common_voice_sw_31389509.wav
uli mbali 	male_masculine	2.0955	common_voice_sw_37225467.wav
walihakikisha kwamba wahehe hawataingilia katika sehemu walizolenga 	male_masculine	4.7955	common_voice_sw_37091426.wav
wakoloni walikuwa na nia zaidi kenye ardhi nzuri ya wamasai 	male_masculine	7.0275	common_voice_sw_31797427.wav
ronaldo alifanikiwa kucheza michezo mia moja tisini na sita 	male_masculine	6.7755	common_voice_sw_29982024.wav
mapinduzi ya zanzibar waliyomo ndani ya kitabu hiki 	female_feminine	5.0835	common_voice_sw_30352636.wav
hadi kufika calicutndani ya bara hindi 	male_masculine	5.7675	common_voice_sw_36299712.wav
safari zake nchini uholanzi ziliwatia moyo wananchi na kuungana 	female_feminine	6.9555	common_voice_sw_30188829.wav
serengeti ina joto la wastani wa digrii kumi na tano 	female_feminine	4.7955	common_voice_sw_34924407.wav
kulipa dola za kimarekani elfu mbili na mia nne machi mwaka elfu mbili 	male_masculine	7.4235	common_voice_sw_34392047.wav
vijidudu vya ugonjwa viliunda ukinzani dhidi ya penicillin 	male_masculine	6.4875	common_voice_sw_29935165.wav
alipokuwa na umri wa miaka ishirini na mbili alikuwa amepokea ballon dor 	male_masculine	6.8475	common_voice_sw_29982058.wav
ndio maana karafuu hutumika kama kiungo cha chai 	male_masculine	4.3995	common_voice_sw_37085583.wav
moja ya maajabu yalimkuta mzungu aliye ingia na mbwa wake kisha kapotea naye 	female_feminine	7.00765625	common_voice_sw_30081019.wav
rais wa croatia alihimiza mashabiki wa nchi yake kushangilia timu yao 	male_masculine	7.1355	common_voice_sw_29935617.wav
inataja pia orodha ya maneno pamoja na maelezo mafupi ya maana yake 	female_feminine	5.9475	common_voice_sw_29519413.wav
maeneo ambayo kama hujawahi kutembelea ni vyema ukajitahidi kutafuta nafasi ili kutembelea 	male_masculine	9.7635	common_voice_sw_31409747.wav
duniani kasoko zinapatikana mara nyingi kutokana na milipuko ya volkeno au milipuko mingine 	male_masculine	7.8555	common_voice_sw_28695360.wav
wakati huo akizichezea timu mbalimbali za ligi hiyo 	male_masculine	7.5675	common_voice_sw_36256998.wav
dhana ya uhusiano kati ya nchi hizo mbili ulikuwa ukizidi kudorora 	female_feminine	4.9035	common_voice_sw_35105740.wav
ilikuwa inahatarisha maisha ya vikundi vya kimataifa 	male_masculine	5.3355	common_voice_sw_36945152.wav
udongo na chokaa iliyochomwa matumbawe na magamba ya konokono wa bahari 	male_masculine	8.8635	common_voice_sw_29960258.wav
sinakuwa smart watu wanapenda sehemu safi smart wanapenda kupendeza wanawake wakiwa na function 	male_masculine	9.7275	common_voice_sw_34764014.wav
ni kundi kubwa la burudani studio ya filamu na studio ya rekodi 	male_masculine	6.2355	common_voice_sw_29291954.wav
alipambania na hatimae kurudi madarakani kabla ya kuondolewa tena miaka sita baadae 	male_masculine	7.0275	common_voice_sw_30180190.wav
ndoa yake na daniella wamepata watoto watatu abba marcas mayanja akiwa wa kwanza 	male_masculine	8.5755	common_voice_sw_36389843.wav
mazingira yanawafanya kuhisi kama bado wako nyikani na siyo kwenye bustani 	male_masculine	6.8475	common_voice_sw_31305385.wav
jiji ni kitovu cha uchumi utamaduni na siasa ya nchi 	male_masculine	5.6235	common_voice_sw_28967174.wav
mbio za mbuni zinamsaidia kuokoa maisha yake 	male_masculine	4.0755	common_voice_sw_29962142.wav
mbundikebundike huna haja ya kumsonga kilimanjaro kama kawaida 	female_feminine	6.2355	common_voice_sw_31996016.wav
hadi chakula kinaisha alibaki na maswali matatu kichwani yalokosa majibu 	male_masculine	7.5675	common_voice_sw_36013461.wav
tena tusinyonywe tena na tusipuuzwe tenapatrice lumumba tarehe mbili mwezi wa saba mwaka 	male_masculine	8.8635	common_voice_sw_35412082.wav
wakati kaka zao wadogo wanakaribia katika rika lao 	male_masculine	6.4155	common_voice_sw_30657073.wav
soka ni mchezo wenye matokeo ya kushangaza 	male_masculine	3.7155	common_voice_sw_29937836.wav
olaranyani huanza kwa kuimba mstari wa kichwa cha wimbo 	female_feminine	5.5155	common_voice_sw_30574515.wav
viongozi wa pwani kwa kipindi cha nyuma walikuwa mamwinyi 	female_feminine	4.2555	common_voice_sw_30653959.wav
hivi majuzi alizindua kampuni ya utayarishaji wa filamu 	male_masculine	5.3715	common_voice_sw_30209767.wav
mifumo rasmi ilikuwa ikionyeshwa kwa madaha baada yakazi kumalizika 	female_feminine	7.29565625	common_voice_sw_30121919.wav
ngorongoro ni hifadhi maarufu sana africa na duniani kote 	female_feminine	4.7235	common_voice_sw_30574885.wav
hata hivyo luteni kanali paul von lettow vorbeck alichukua mamlaka ya majeshi 	male_masculine	7.8555	common_voice_sw_30341853.wav
mababu ya waturuki wa kisasa makabila ya oguz ya 	male_masculine	4.9395	common_voice_sw_37099517.wav
mji uko kando ya bahari ya mediteranea 	male_masculine	3.4635	common_voice_sw_28980701.wav
ulaya watoto wengi walipenda kucheza mpira 	male_masculine	3.2115	common_voice_sw_30381208.wav
na kwa sasa wanashikilia nyadhifa kuu sana 	male_masculine	6.1635	common_voice_sw_36318599.wav
magofu haya ni miongoni mwa historia ya kale barani afrika 	male_masculine	5.5875	common_voice_sw_30338775.wav
jina la nchi uganda ni umbo la kiswahili la neno buganda 	male_masculine	5.6955	common_voice_sw_28582713.wav
china inanununua wachezaji wanaokaribia kusitaafu 	male_masculine	4.9755	common_voice_sw_29796095.wav
simulizi ndiyo muundo unaotoa kiasi kikubwa zaidi cha maelezo 	male_masculine	6.7035	common_voice_sw_29787964.wav
dalili huanza kuonekana siku mbili hadi saba 	male_masculine	4.4715	common_voice_sw_30364507.wav
naye sekretari wa rais yoweri museveni tamale mirundi alielezea rekodi ya idi amin ya 	female_feminine	7.2435	common_voice_sw_35146264.wav
marko sura ya kumi na tano aya ya thelathini na tisa 	male_masculine	4.2555	common_voice_sw_36383855.wav
sehemu kubwa ya mkoa ni yenye milima na vilima vilivyogawanywa na mabonde 	male_masculine	7.1355	common_voice_sw_29896937.wav
mchakato wa mabadiliko haya upo katika hatua za mwisho kukamilika 	male_masculine	5.3355	common_voice_sw_28673129.wav
kuwa na ushuru wa chini kwa bidhaa fulani 	female_feminine	4.3635	common_voice_sw_30227205.wav
kwa kweli mimi nimelipokea kwa furaha kubwa 	male_masculine	5.5875	common_voice_sw_37084224.wav
watalii kutoka nje ya afrika mashariki wanalipa dola za kimarekani ishini mpaka sitini 	male_masculine	9.0075	common_voice_sw_29896473.wav
si mwanajumuiya wa bhukango hata ukizaa mapacha ama kashinje mila hii hufanyilabda mpaka 	male_masculine	7.5675	common_voice_sw_37090509.wav
kilomita za mraba mia moja hamsini na nane ni eneo la maji 	male_masculine	6.4155	common_voice_sw_30122310.wav
wakati ule mfalme wa ubelgiji na ureno walikuwa wakoloni wa maeneo jirani 	male_masculine	5.7675	common_voice_sw_29865205.wav
pesa inaweza kumfanya pep kuwa kocha wa simba 	male_masculine	4.9035	common_voice_sw_30441236.wav
hifadhi kubwa yenye viumbe mbalimbali na tofauti duniani 	male_masculine	4.2555	common_voice_sw_29864516.wav
kuwa matokeo ya mabadiliko ya sinapti 	female_feminine	5.2275	common_voice_sw_35160921.wav
asiye na wake ana mungu 	female_feminine	3.1035	common_voice_sw_35156093.wav
jacob aliitikia na kusema kuwa amebahatika tena kuonana na mtaalamu wa ufundi 	male_masculine	6.2355	common_voice_sw_36385104.wav
mlima mlimu pamoja na ule mlima mlomboza 	male_masculine	5.8755	common_voice_sw_30320348.wav
lugha rasmi ni kiingereza hutumika sana katika masuala ya serikali na biashara 	male_masculine	6.1635	common_voice_sw_28681403.wav
kila mfadhili haina budi kuwa katika kundi linalolingana na umri wa mama au mtoto 	male_masculine	8.2875	common_voice_sw_30182081.wav
idi amin hakuwa muuaji na mla nyama za watu kama inavyosemekana 	male_masculine	6.5955	common_voice_sw_29795260.wav
bandari ya dar es salaam inaziunganisha nchi na mabara 	male_masculine	4.7235	common_voice_sw_30381316.wav
majira ya mvua ni hasa miezi ya mei hadi novemba 	male_masculine	4.9755	common_voice_sw_28669662.wav
alikuwa kiongozi ambaye hajali matatizo ya wengine 	male_masculine	6.1275	common_voice_sw_29896648.wav
watu wanaamini kuwa mashindano ya urembo hayana maana 	male_masculine	4.4355	common_voice_sw_29796842.wav
walihudhuria viongozi wengine wakiwemo mabalozi wadogo wanaoziwakilisha nchi zao hapa zanzibar 	male_masculine	9.6195	common_voice_sw_36386305.wav
idadi ya watu ikiwa na asilimia tisini na mbili 	female_feminine	4.7235	common_voice_sw_34834574.wav
dawa za jadi biashara ya mikahawa au maduka kununua na kuuza madini kuuza bidhaa 	female_feminine	7.0635	common_voice_sw_35105919.wav
kwamba ambayo makundi fulani hudai kuwa hupinga utegemeaj 	male_masculine	6.3075	common_voice_sw_36385151.wav
mji ni pia kitovu cha usafiri na mawasiliano 	male_masculine	5.0835	common_voice_sw_29265163.wav
kurejelewa kwa ufadhili na kujihusisha upya kwao kumevutia imani ya wawekezaji 	female_feminine	8.1435	common_voice_sw_30035208.wav
sir edward mutesa wa pili alikuwa rais wa taifa 	female_feminine	4.3275	common_voice_sw_30717705.wav
na kusahau mazingira na hasa matatizo yanayomzunguka kwa wakati huo 	female_feminine	6.5235	common_voice_sw_34824120.wav
wengine wanasema kuna mizimu inayoishi ziwa ngosi 	male_masculine	5.06365625	common_voice_sw_30630877.wav
ambao hunaopatikana katika mkoa wa arusha 	female_feminine	4.1475	common_voice_sw_37089675.wav
alishalizoea bunge akiwa msaidizi wa raisi mstaafu wa awamu ya nne jakaya kikwete 	female_feminine	6.4155	common_voice_sw_30653494.wav
kutokana na kuwepo kwa mto rufiji karibu na hifadhi hiyo 	male_masculine	4.9755	common_voice_sw_29976849.wav
hali iliyopelekea kushindana na kiongozi mkuu wa kanisa hilo yani papa wa roma 	male_masculine	5.6235	common_voice_sw_29787612.wav
baba alipokwenda kunyoa ndevu alikachika kidevu kwa kijembe 	male_masculine	5.5875	common_voice_sw_32322746.wav
uko karibu na mdomo wa mto juba 	male_masculine	4.0035	common_voice_sw_29585487.wav
wakati wa vita kuu ya kwanza ya dunia waingereza waliteka kisiwa cha mafia 	female_feminine	7.25965625	common_voice_sw_30555985.wav
hivyo kutokana na mpaka mrefu kati ya waha na warundi 	female_feminine	4.7235	common_voice_sw_35103750.wav
pijini ni lugha za nyongeza si lugha mama 	male_masculine	4.0035	common_voice_sw_28999954.wav
alikwenda pia ujerumani mara kadhaa kama mgeni wa kaisari 	male_masculine	7.6035	common_voice_sw_29697051.wav
baadhi ya makambi hayo yaliyotumiwa na wapigania uhuru wa bara la afrika 	male_masculine	4.0755	common_voice_sw_29996318.wav
muhammad aliishi miaka kama arobaini bila kuwa na imani ya mungu pekee 	male_masculine	5.5155	common_voice_sw_29484382.wav
la oguz liliundwa na kituo cha yanskent katikati 	male_masculine	5.6235	common_voice_sw_36381819.wav
ni pia rangi ya matunda mbalimbali na rangi ya damu 	male_masculine	5.4435	common_voice_sw_28820711.wav
papa pote watalii wanapata nafasi ya kuogelea nao bila tatizo lolote 	male_masculine	7.4955	common_voice_sw_29934950.wav
karume alichangia kuazishwa kwa timu nyingi visiwani humo 	male_masculine	4.0755	common_voice_sw_30220986.wav
malatwe umekuwa kero kwa walimu wote 	male_masculine	3.9675	common_voice_sw_29945221.wav
sasa katika makabila yote haya waingereza waliyoyakuta tanga 	male_masculine	5.9475	common_voice_sw_30582978.wav
katika dunia inayojikusanya kwa kiwango kikubwa na kuwa kijiji fikra hizi zimepitwa na wakati 	male_masculine	6.7755	common_voice_sw_29988531.wav
mama wa kichagga anaweza kushinda shambani kutwa na hana desturi ya kubeba watoto mgongoni 	male_masculine	7.6755	common_voice_sw_31409771.wav
hili ni swali ambalo mamlaka za ulinzi na usalama za uganda zinapaswa kulijibu 	male_masculine	8.6835	common_voice_sw_30341915.wav
miaka hamsini iliyopita milton obote aliisimamisha katiba na kujigeuza mtu muhimu 	male_masculine	8.1075	common_voice_sw_29796286.wav
mwanafizikia ambaye amegundua kani mvutano 	male_masculine	3.5355	common_voice_sw_29796794.wav
mwaka uliofuata aliigiza kama mwanafunzi djamila kwenye reviravolta 	male_masculine	7.6035	common_voice_sw_29182621.wav
jina la baba yake lilikuwa yohane 	male_masculine	3.8235	common_voice_sw_28695669.wav
pamoja vyumba viwili vya sheria hufanya mwili maamuzi nchini nigeria kinachoitwa bunge 	male_masculine	8.9355	common_voice_sw_28876709.wav
alionwa kama mtu asiyejiweza kwa kuwa hakuwa na mali wala nguvu 	male_masculine	6.9555	common_voice_sw_34763141.wav
ikiwa tutamaliza uchafu huu wa plastiki itabidi tuangazie suala zima 	male_masculine	6.4155	common_voice_sw_36014180.wav
rose muhando alipata tuzo ya mtunzi bora na muimbaji bora 	male_masculine	6.3075	common_voice_sw_30317570.wav
kuwa wapi 	male_masculine	3.1755	common_voice_sw_32210867.wav
aidha alipata mafunzo mbalimbali katika taasisi ya chuo cha utawala wa umma lahore pakistan 	male_masculine	9.59965625	common_voice_sw_37222778.wav
ukeketaji nchini kenya unatekelezwa kwa asilimia thelathini na nane 	male_masculine	5.1555	common_voice_sw_29796075.wav
ba sifuri tatu mbili moja nane mbili 	female_feminine	4.1835	common_voice_sw_35108171.wav
na maana ya mongo mongoso leo ni tembo dume katika kabila lao 	male_masculine	7.0275	common_voice_sw_30319970.wav
baada ya maongezi waliingizia utani kisha jacob akaaga kuondoka 	male_masculine	6.1275	common_voice_sw_36255431.wav
magufuli alianza kuchapa kazi usiku na mchana 	male_masculine	5.0835	common_voice_sw_30320135.wav
taasisi zinataja kimo cha uhuru kuwa mita elfu tano mia nane 	male_masculine	6.0555	common_voice_sw_30671254.wav
zanzibar ni sehemu nzuri ya kuvutia 	female_feminine	2.8155	common_voice_sw_30437908.wav
wazazi wanatakiwa wapimwe virusi vya ukimwi 	female_feminine	4.7955	common_voice_sw_34834324.wav
wazo kuu ni kwamba biblia inajitegemea na kumtosha kila anayesoma 	female_feminine	5.6955	common_voice_sw_31270250.wav
wanyama kadhaa wanapatikana kwenye msitu unaozunguka mlima huo 	male_masculine	7.5675	common_voice_sw_31433307.wav
lakini kumbuka ni miongoni mwa vinara kwa darasa la saba mwalimu 	female_feminine	5.5875	common_voice_sw_30025046.wav
kilimalizika kufuatia kifo cha ghafla cha dikteta wa zamani sani 	female_feminine	6.4155	common_voice_sw_34823691.wav
nikakutana nao uwanja wa ndege huo ulikuwa 	male_masculine	3.8235	common_voice_sw_36384327.wav
lugha rasmi ni kiebrania na kiarabu 	male_masculine	4.8675	common_voice_sw_28670205.wav
watano walioshtakiwa kwa kosa la mauwaji ya biko 	female_feminine	3.8235	common_voice_sw_37094907.wav
shughuli yao kubwa ni kilimo cha hapa na pale 	male_masculine	7.8555	common_voice_sw_28258910.wav
asilimia tisini na tano ya watu 	male_masculine	5.4075	common_voice_sw_30384650.wav
watu wengi maarufu wanakuja kutembea tanzania 	male_masculine	4.37965625	common_voice_sw_30631338.wav
hussein mwinyi alisoma shahada yake ya kwanza ya udaktari wa kibinaadamu 	male_masculine	6.6675	common_voice_sw_36385241.wav
katika historia ya uongozi wa jamhuri ya muungano wa tanzania 	female_feminine	4.1475	common_voice_sw_30653500.wav
tanakh na pengine deuterokanoni pia haiwezekani kumuelewa 	male_masculine	7.4955	common_voice_sw_35132537.wav
urusi walianzisha sera ya operesheni maambukizi katika kukabiliana na ukimwi 	male_masculine	6.2355	common_voice_sw_37088308.wav
waliokuwa wanahifadhiwa katika vyumba vya chini katika uwanja huo 	female_feminine	4.9035	common_voice_sw_37099210.wav
yerusalemu ina historia ndefu sana 	male_masculine	4.1475	common_voice_sw_29591148.wav
mi nashangaa 	male_masculine	2.2395	common_voice_sw_36385786.wav
kutegemea na kiwango chake upeo na kusudi 	male_masculine	4.6155	common_voice_sw_28660751.wav
madarakani kutokana na kusumbuliwa na maradhi ya tumbo 	male_masculine	4.7955	common_voice_sw_36388884.wav
kwa hivyo huitwa kasuku mapenzi pia 	male_masculine	3.7875	common_voice_sw_28681492.wav
shanga za shingoni husogea kwa mdundo wakati wanacheza 	male_masculine	5.1555	common_voice_sw_29994905.wav
tofauti na ilichokuwa inategemewa na ukiangalia hali halisi ilivyo kuhusu usalama 	male_masculine	8.2155	common_voice_sw_34765133.wav
makao makuu yako wote 	male_masculine	4.4715	common_voice_sw_29469266.wav
utumbo mwembamba ni mrefu kuliko ogani nyingine yoyote ya njia ya chakula 	male_masculine	6.4155	common_voice_sw_28581953.wav
alitumia mdundo iliyotengenezwa kwa kugandamizia beat ya msanii wa kimarekani vanilla ice 	male_masculine	7.0635	common_voice_sw_36381660.wav
lyunda jahazi 	male_masculine	2.0235	common_voice_sw_32323964.wav
mitatu ya rwanda na mmoja wa dar es salaam tanzania 	female_feminine	3.4635	common_voice_sw_36644314.wav
kula kwa maharagwe ukitaka 	male_masculine	2.9955	common_voice_sw_36037226.wav
miaka kadhaa baadaye alirudi roma ili kushughulikia suala la mama yake kutangazwa mtakatifu 	male_masculine	9.1155	common_voice_sw_28259748.wav
ya kairo na aleksandriavilevile katika vijiji vya misri kusini wakristo 	male_masculine	6.4875	common_voice_sw_37090344.wav
rais samia amesema serikali inafanya hivyo sio kwasababu kuwa yeye ni rais mwanamke 	male_masculine	7.8555	common_voice_sw_36386374.wav
barcelona walifungwana chelsea kwenye uwanja wa stamford bridge 	female_feminine	5.5155	common_voice_sw_31284413.wav
makampuni hayo yametoa ajira kwa raia wengi wa tanzania 	female_feminine	4.1835	common_voice_sw_29791041.wav
wajerumani walipotawala nao walilitumia jengo hili kama ngome yao ya jeshi 	male_masculine	9.5835	common_voice_sw_31321705.wav
makabila mashuhuri kwa vita kama wangoni na wagogo pia wahehe 	male_masculine	6.3435	common_voice_sw_29936444.wav
wanataka uchukuliwe ushaidi wa vina saba 	female_feminine	4.1835	common_voice_sw_37216191.wav
kwenye miaka ya elfu moja mia saba hamsini 	male_masculine	4.6875	common_voice_sw_29942721.wav
kwa ziara zinazochukua saa kadhaa nawa mikono mara kwa mara ukiwa katika nyumba hiyo 	female_feminine	6.4875	common_voice_sw_30574750.wav
hakuna samaki yeyote anayeishi ziwa ngosi 	female_feminine	4.0755	common_voice_sw_30362813.wav
watanzania ni watu tulivu wenye heshima na uvumulivu 	male_masculine	6.1635	common_voice_sw_30201438.wav
mama yake alikuwa mganga aliyetibu watu kwa mitishamba 	female_feminine	4.7955	common_voice_sw_29797357.wav
kaka yake alimtaka ajaribu kuomba kazi kituo cha redio muda 	male_masculine	6.5235	common_voice_sw_30342867.wav
taratibu hutofautiana kati ya nchi na nchi 	female_feminine	4.3275	common_voice_sw_28666665.wav
hivi majuzi nilibahatika kufika katika mji wa kilwa kisiwani ulioko mkoani lindi 	male_masculine	6.6675	common_voice_sw_29977595.wav
lilijengwa na mwarabu tajiri abdallah selemani marhabi 	female_feminine	5.6955	common_voice_sw_30175716.wav
chanzo cha mto ruvuma kipo karibu na mji 	male_masculine	3.6435	common_voice_sw_28683246.wav
ni vyema wachezaji wote wakajitambua ndani ya timu na kujiwekea malengo 	male_masculine	7.2435	common_voice_sw_30180543.wav
niliwahi kuamka mapema nikafanye mtihani wangu 	male_masculine	4.2555	common_voice_sw_29787552.wav
wakawafyatulia risasi askari na raia kabla ya kufika mto kagera 	male_masculine	6.4155	common_voice_sw_30365488.wav
alikuwa akivishambulia vikosi vidogo vidogo vya askari vya kijerumani 	male_masculine	4.9755	common_voice_sw_36382257.wav
nyanda za juu kuna nafaka na viazi 	male_masculine	3.2835	common_voice_sw_28979963.wav
sitashangaa kwamba eeh mataifa haya ya magharibi 	male_masculine	4.2195	common_voice_sw_36386219.wav
tunatakiwa tutunze misitu kwa ajili ya manufaa yetu wenyewe na vizazi vingine 	male_masculine	7.7475	common_voice_sw_29795419.wav
kidogo watu wanafikiria kwa nchi za afrika mashariki hasa tanzania 	male_masculine	5.5875	common_voice_sw_37230001.wav
ukweli wa injili ya yesu kristo ni habari mbaya kwamba katika karne 	male_masculine	7.3875	common_voice_sw_34890772.wav
kwa sababu ya mila zao na mavazi yao tofauti 	female_feminine	4.2555	common_voice_sw_30330606.wav
hawa ndio wanachukua sehemu ya watu wa magharibi 	male_masculine	4.3275	common_voice_sw_30006775.wav
ambayo ni mali ghafi muhimu kwa mahitaji mengine ya mwanadamu 	female_feminine	5.4435	common_voice_sw_34743443.wav
yapo baadhi ya mambo yameachwa kwa mfano kuwaua walemavu 	female_feminine	6.2355	common_voice_sw_30623638.wav
aina ya kwanza ya kisukari inaweza kutokea kwa watu kuanzia utotoni 	male_masculine	4.7955	common_voice_sw_30024418.wav
aliyekuwa waziri mkuu miaka ya mwanzoni ya uhuru 	female_feminine	3.8955	common_voice_sw_29923746.wav
miswada mbalimbali inayotarajiwa kuingia katika lugha ya 	male_masculine	4.5075	common_voice_sw_36252706.wav
amezaliwa na mama wa ghana na baba wa nigeria 	male_masculine	4.7955	common_voice_sw_28689985.wav
tumepamabana mpaka mwisho wa nguvu zetu 	male_masculine	5.3355	common_voice_sw_31950645.wav
hivyo wapare walijiita vambare wakiwa na maana ya sisi 	male_masculine	8.7555	common_voice_sw_31321562.wav
utawala wa kidikiteta unaathiri sana maisha ya watu 	male_masculine	4.8675	common_voice_sw_30106390.wav
a umebisha hodi jijini portal prince 	male_masculine	5.2275	common_voice_sw_36299861.wav
wabunge wa bunge la jamhuri walikuwa mchanganyiko 	male_masculine	4.3635	common_voice_sw_30183258.wav
hata hivyo serikali ikaendelea kulipa zaidi ya dolar za marekani laki moja kila siku 	male_masculine	6.5235	common_voice_sw_30323458.wav
leo nimeona ni vyema tuanzie nchini rwanda 	male_masculine	3.6435	common_voice_sw_36384084.wav
kuwa kiko tayari kujiunga na serikali inayoongozwa na mfuasi wa chama cha hezbollah najim 	male_masculine	7.7835	common_voice_sw_36374958.wav
lakini kanuni hii ilisitishwa baadayekidogo 	male_masculine	4.1835	common_voice_sw_36067213.wav
idi amin alikua na mama yake kijijini 	male_masculine	4.7235	common_voice_sw_30364173.wav
kuenea kote katika bonde la ufa na pande za ardhi 	female_feminine	4.8675	common_voice_sw_35183492.wav
unapokuwa kiongozi wa nchi au shirika huwa unapewa ulinzi 	male_masculine	6.0915	common_voice_sw_30209921.wav
mungu ampokea akawe miongoni mwa wateule wake huko mbinguni 	male_masculine	6.7035	common_voice_sw_30201031.wav
mvua za muda mrefu hunyesha kati ya mwezi februari na juni 	female_feminine	5.5155	common_voice_sw_29962173.wav
huyu ni mwanasiasa tishio kwa wengine wote walio madarakani 	female_feminine	4.9035	common_voice_sw_30076190.wav
vuso wa mwanangu hutoa majasho 	male_masculine	3.9675	common_voice_sw_32090575.wav
tausi wanaweza kuishi mpaka miaka ishirini ikiwa watakuwa mahala salama 	male_masculine	5.3355	common_voice_sw_30327302.wav
vikosi vya libya na uganda vilisalimu amri na kukimbia 	male_masculine	5.3355	common_voice_sw_30209922.wav
maeneo ambayo sisi tumekuwa tukiyatazama tu pasipo kupata muda wa kwenda kujifunza huko 	male_masculine	7.6035	common_voice_sw_30582819.wav
vitongoji duni huwa na vyumba duni 	male_masculine	3.3555	common_voice_sw_28994862.wav
wamekamatwa na mkuu wa polisi katika mji 	male_masculine	2.3835	common_voice_sw_36389288.wav
museveni alijibu kwamba amin lazima ajibu dhambi zake 	male_masculine	7.6755	common_voice_sw_30180794.wav
watu wanapata ajira kwa kuwa waongoza watalii kwenye hifadhi 	male_masculine	4.7235	common_voice_sw_30470954.wav
unakaa hii leo kukutana na kujadili 	female_feminine	4.3275	common_voice_sw_35183627.wav
anapenda sana kucheza na watoto wdogo 	female_feminine	2.9955	common_voice_sw_34958158.wav
familia yenye utajiri mkubwa huku wazazi wake walitalakiana 	male_masculine	5.2275	common_voice_sw_30180483.wav
awali mpinzani mkubwa bonny ayai adeehu benji 	male_masculine	5.0835	common_voice_sw_36807759.wav
hifadhi inafikika wakati wote wa mwaka hasa mwezi disemba mpaka februari 	male_masculine	6.8475	common_voice_sw_30114738.wav
alikuwa na uwezo wa kutawala na kumudu lugha ya kiingereza 	male_masculine	5.0475	common_voice_sw_29837364.wav
koloni hilo la kijerumani lilitekwa na majeshi ya uingereza na ubelgiji 	male_masculine	5.9835	common_voice_sw_29796000.wav
hufanya uamuzi wa kutoa elimu kwa vitendo na kuelekeza wananchi namna ya kulima 	male_masculine	5.2275	common_voice_sw_29988535.wav
hali hii imepelekea wafanyabiashara wa namna hiyo wote 	female_feminine	8.2155	common_voice_sw_30564155.wav
udzungwa ina ukubwa wa kilomita elfu moja mia tisa na tisini 	female_feminine	5.4075	common_voice_sw_29818024.wav
ilisababisha wakimbie haraka na kuuacha mji wa mtukula kwenye mikono ya watanzania 	male_masculine	6.9555	common_voice_sw_29795852.wav
serikali ya india imefanya majaribio mawili ya silaha zake za nyuklia 	male_masculine	9.2235	common_voice_sw_35411837.wav
munich iliona kipindi cha vuguvugu ya mapinduzi 	male_masculine	5.2275	common_voice_sw_28581556.wav
baada ya wajerumani kushindwa na waingereza katika vita kuu ya kwanza ya dunia 	male_masculine	6.9555	common_voice_sw_29896359.wav
reli hii ilikuwa na urefu wa kilomita elfu moja mia mbili arobaini na tano 	female_feminine	4.9035	common_voice_sw_31269936.wav
mwingine ili kujikinga na jicho baya waturuki huvaa jicho la samawati 	female_feminine	5.5875	common_voice_sw_34940150.wav
amir habib jamal aliongoza kuanzia tarehe ishirini na sita januari 	female_feminine	5.7675	common_voice_sw_35206727.wav
wengi walipoteza maisha kwa hiyo nguvukazi ilipungua kwa kiwango kikubwa 	male_masculine	7.4235	common_voice_sw_29905233.wav
kutembelea maboma waishio na kupata kusikiliza stori zinazohusu maisha yao 	male_masculine	6.9555	common_voice_sw_30342980.wav
watalii wa hifadhi ya arusha wanavutiwa kupanda farasi kuzungaka ndani ya hifadhi 	male_masculine	6.7035	common_voice_sw_29787714.wav
hii sio mara ya kwanza kwa diamond kufanya kazi kenya 	male_masculine	4.0035	common_voice_sw_28876842.wav
wengine hutoa maelezo juu ya imani mbalimbali kama sababu ya desturi hiyo 	male_masculine	6.5235	common_voice_sw_28820746.wav
cha kupata mataji ya kwanza ya ligi mwaka 	male_masculine	4.1475	common_voice_sw_36389577.wav
mto wa semliki katika ziwa la albert 	male_masculine	4.9035	common_voice_sw_30200796.wav
wewe humjuhi vizuri malatwe tuulize sisi tukupe habari 	male_masculine	6.7035	common_voice_sw_30090980.wav
ngana na mipango yake ya hapo awali 	female_feminine	3.7875	common_voice_sw_35104933.wav
iwapo ule mchezaji utamtambua kwamba ni muhimu 	male_masculine	4.2195	common_voice_sw_37095281.wav
kwamba sasa walau hata kuna mjadala kuhusu chato inafaa au haifai kuwa mkoa 	male_masculine	6.5955	common_voice_sw_36255575.wav
ghana walikuwa na nafasi ya kwenda nusu fainali kama wangaitupa nje uruguay 	male_masculine	5.9835	common_voice_sw_29963888.wav
ukifika hapo unaweza kuona wanyama kama simba chui fisi tumbili swala na ngedele 	male_masculine	7.4955	common_voice_sw_30182233.wav
aliandika mengi na vitabu vingi 	female_feminine	3.1035	common_voice_sw_29622040.wav
hizi rangi za nyekundu kijani njano ni rangi za umoja wa afrika 	female_feminine	5.6955	common_voice_sw_29752632.wav
awali ilikuwa ni hifadhi ya misitu kabla ya kutangazwa kama mbuga ya kitaifa 	female_feminine	6.3435	common_voice_sw_28703835.wav
alipofika alikaribishwa katika kasri la alhasan ibn sulaiman abulmawahib 	male_masculine	8.1075	common_voice_sw_29796076.wav
waliowahi kuua simba ndio walianza kutumika kama walinzi wa simba 	female_feminine	5.3355	common_voice_sw_30036828.wav
mwana kashakuwa asimama dede 	male_masculine	2.7435	common_voice_sw_32210630.wav
ilitengenezwa kwa fedha pamoja na sarafu nyingine iliyoitwa heller 	male_masculine	5.1555	common_voice_sw_29941973.wav
mwalimu nyerere hawezi kulaumiwa kwa jambo lolote 	male_masculine	4.9035	common_voice_sw_30149186.wav
yeye anataka kufuata biblia pia na wakatoliki hawakuwa wanapinga 	male_masculine	6.7755	common_voice_sw_30335391.wav
viumbe hai ndege ni pamoja na ndege john na mbuni 	female_feminine	4.0755	common_voice_sw_29791089.wav
kuenea kwa sababu ni biashara kubwa inayoingiza pesa nyingi 	male_masculine	7.1355	common_voice_sw_35411284.wav
kata ya kilomeni mwaka wa elfu moja mia tisa na tisa 	male_masculine	6.3435	common_voice_sw_30021056.wav
kesho nitaenda kanisa na mama 	male_masculine	3.6435	common_voice_sw_36013848.wav
baadaye huyu mwana wa kwanza alikuwa chifu wa bumbuli kwa kibali cha baba 	male_masculine	5.1555	common_voice_sw_28981428.wav
mtu huyu alikuwa akiyalifanya shambulio hiyo katika eneo la wasafiri wanosubiri 	male_masculine	7.2435	common_voice_sw_34890754.wav
mwanamuziki wa kwanza wimbo wake kuchezwa redioni alikuwa ni sugu 	male_masculine	5.4075	common_voice_sw_37086579.wav
tofauti ni kwamba koloni liko kabisa chini ya utawala wa nje 	male_masculine	6.8475	common_voice_sw_28669844.wav
tembo jike anabeba mimba kwa miezi ishirini na nne 	female_feminine	4.6155	common_voice_sw_30021189.wav
ezi ukaweka numbers sana kwenye hii kitu kwa sababu inategemea na priorities za nchi 	female_feminine	5.9475	common_voice_sw_37214859.wav
tume hii ilianza na kazi ya kutunga katiba ya chama cha mapinduzi 	male_masculine	5.3355	common_voice_sw_30016607.wav
mitindo ambayo zamani tulizoea kuona ikipigwa na watu wa nje ya tanzania 	male_masculine	8.2155	common_voice_sw_34764018.wav
ulimi wa nyangumi una uzito wa tani tatu ambao ni uzito zaidi wa tembo 	male_masculine	7.2075	common_voice_sw_30205652.wav
kwa sababu hiyo walianzisha mkutano wao wa haki za wanawake 	male_masculine	4.9755	common_voice_sw_29434588.wav
wa kuigiza 	male_masculine	2.5635	common_voice_sw_36375162.wav
watu wa kwanza waliishi katika afrika penye hali ya hewa ya joto 	male_masculine	4.5075	common_voice_sw_28681676.wav
kwa viongozi baba uliotupa 	male_masculine	2.8875	common_voice_sw_36385335.wav
alianza kusema kuwa tumbo ina shida kila usiku 	male_masculine	3.6435	common_voice_sw_36807661.wav
tena ndiye wa kwanza kutangazwa na papa 	male_masculine	3.8235	common_voice_sw_28999175.wav
wasifu wa magufuli unaonyesha kwamba alipata cheti cha stashahada ya ualimu 	male_masculine	7.04365625	common_voice_sw_30630996.wav
katika ya jamii yote ya kimasai ndani kenya na tanzania 	male_masculine	4.2555	common_voice_sw_36383667.wav
kuna pia kiwanda cha maziwa 	male_masculine	3.5355	common_voice_sw_29685802.wav
baada ya kupigwa vya kutosha wareno walikubali kutia saini makubaliano 	male_masculine	6.8835	common_voice_sw_30583010.wav
jamaa aliyekuwa ameketi kwenye usukani wa dereva aligeuka 	female_feminine	5.0835	common_voice_sw_35156844.wav
joto kubwa inafuatana na baridi kali tabianchi ya 	female_feminine	5.3355	common_voice_sw_34940035.wav
msitu wa jozani ni umbali wa kilometa thelathini na tano kutoka kusini mashariki 	female_feminine	5.2635	common_voice_sw_36105685.wav
vivutio vingi huwa havipishani sana kwenye viingilio 	male_masculine	4.7955	common_voice_sw_30638502.wav
zinapatikana katika mji wa mto wa mbu 	male_masculine	3.9675	common_voice_sw_30114429.wav
katika sikukuu ya wapendanao haijalishi mimi kumnunulia daniella range rover lakini yeye ana lake 	female_feminine	7.3155	common_voice_sw_35176581.wav
zidane alimuoa mwana dada mzuri na mrembo veronique fernandez 	male_masculine	6.7755	common_voice_sw_36041255.wav
iko katika kaskazini ya nchi 	male_masculine	4.5075	common_voice_sw_28704207.wav
theodoros zagora ndiye aliyekuwa nyota wa ugiriki 	male_masculine	3.7875	common_voice_sw_30025030.wav
sehemu za magharibi zina milima mingi ambayo 	female_feminine	4.7235	common_voice_sw_34745545.wav
hupewa maelekezo na ushauri unaohusiana na majukumu yao mapya 	male_masculine	4.7235	common_voice_sw_36383742.wav
wakati wa utawala wa ukoloni wa uingereza huko zanzibar kulikuwa bado 	male_masculine	4.3275	common_voice_sw_36373533.wav
uchumi unaokua na wenye mbinu zinazostahili kupaumbele 	male_masculine	3.6075	common_voice_sw_30019977.wav
tamthilia huhusishwa na uigizaji 	female_feminine	3.8955	common_voice_sw_29580360.wav
mgonjwa wa kisukari anahitaji uangalizi wa karibu sana 	male_masculine	3.1035	common_voice_sw_36381701.wav
elfu tano mai moja arobaini na tisa 	male_masculine	4.0755	common_voice_sw_30634564.wav
anthony akaendelea kuwa mtu muhimu kwenye habari 	male_masculine	5.8035	common_voice_sw_29227320.wav
kwa hoja za tibaijuka kwa mfano chato kama wilaya kwa sasa 	female_feminine	6.3075	common_voice_sw_35099082.wav
baadhi ya mikoa inalima mazao kama ndizi na muhogo 	male_masculine	5.1555	common_voice_sw_30115959.wav
watumwa walifikishwa eneo hilo la mkunazini 	female_feminine	3.5355	common_voice_sw_37099455.wav
kuhakikisha rais aliye madarakani hapingwi na mtu yeyote 	male_masculine	5.4075	common_voice_sw_30115748.wav
seli hiyo ina viini tete vingi vinavyofanana 	male_masculine	4.0755	common_voice_sw_29797103.wav
kisha yanakuacha utunze mahusiano yako kwa gharama zako 	male_masculine	5.8035	common_voice_sw_31308918.wav
mgonjwa wa kisukali hatakiwi kutumia siagi ya wanyama 	female_feminine	6.0555	common_voice_sw_37217233.wav
ndoa yake iko na matatizo 	male_masculine	2.3835	common_voice_sw_36375010.wav
wafanyikazi wa bei rahisi katika ulaya magharibi kusikia 	male_masculine	4.8675	common_voice_sw_35963925.wav
historia inatueleza kwamba watu wameanza kulima kwa utaalamu miaka mitatu baada ya kuzaliwa kristo 	male_masculine	7.7475	common_voice_sw_30182791.wav
alijiunga na utawa wa tatu wa mt 	male_masculine	3.6075	common_voice_sw_29439303.wav
kwenye nusu ya kaskazini kuna maziwa mengi 	male_masculine	4.6875	common_voice_sw_28662062.wav
kabla ya kuingia tanganyika na kujikuta yupo usagara 	male_masculine	4.6875	common_voice_sw_30107795.wav
mwaka elfu mbili na kumi na tatu alitangazwa kuwa mchezaji anayelipwa zaidi 	female_feminine	6.4875	common_voice_sw_29818097.wav
vichafuzi kadhaa inaandaa nafasi ya mataifa kuzungumzia sera na 	male_masculine	7.2435	common_voice_sw_36807761.wav
kwa kuwa ilikuwa njia ya kuingia barani afrika mashariki 	male_masculine	4.2555	common_voice_sw_30379758.wav
amepata mapendekezo kadhaa ambayo 	female_feminine	3.4635	common_voice_sw_36364190.wav
husababishwa na kundi la virusi lifahamikalo kama virusi ambao husambazwa wakati wa kujamiiana 	female_feminine	7.7475	common_voice_sw_30375767.wav
utamaduni huo hata hivyo haukuwahi kutibu magonjwa hayo pia 	female_feminine	3.8955	common_voice_sw_31285954.wav
yanathamani kubwa na hayapatikani mahali popote duniani 	male_masculine	5.5875	common_voice_sw_29787860.wav
matembezi ya kiumbe huyo wa ajabu hayatabiriki 	male_masculine	4.1475	common_voice_sw_29943190.wav
miezi minane toka atoe kitabu hicho mzee mkapa ameaga dunia 	female_feminine	6.3075	common_voice_sw_30667253.wav
ana dada wawili na kaka wanne 	male_masculine	3.2475	common_voice_sw_28682696.wav
ni mzaliwa wa moshi mjini mkoa wa kilimanjaro kaskazini mwa tanzania 	male_masculine	7.3155	common_voice_sw_28661944.wav
katika karne ya kumi na tisa shanga nyingi zenye rangi mbalimbali zilifika afrika 	male_masculine	6.8475	common_voice_sw_30661133.wav
kwa kutupa vilabu orinka walivyoweza kutupa kwa usahihi kutoka umbali wa mita mia moja 	male_masculine	5.5875	common_voice_sw_37099767.wav
na upande wa mashariki katika maeneo ya mara wastani wa mvua kwa mwaka ni 	male_masculine	7.7475	common_voice_sw_35684248.wav
wakati vikosi vya uganda vikikishambulia kikosi kilichokuwa kimepita njia ya kawaida 	female_feminine	6.7755	common_voice_sw_29790584.wav
mambo ya kuzingatia katika ufahamu wa kusoma 	male_masculine	6.2355	common_voice_sw_29782228.wav
serikali inataka kujipanga kutengeneza karajina mwani uliosagwa hapa 	male_masculine	6.2355	common_voice_sw_36331312.wav
ambapo watu walianza kuambukizwa magonjwa ya zinaa kama vile kisonono na kaswende 	male_masculine	9.5835	common_voice_sw_30384717.wav
ili kuwarithisha watoto wajukuu vitukuu au vizazi vijavyo kwa ujumla 	male_masculine	6.5955	common_voice_sw_30381408.wav
anaipongeza mchezo pesa kwa kutimiza makubaliano yaliyokuwepo 	male_masculine	5.0835	common_voice_sw_30233665.wav
a maporomoka hapo waliwahi kusema kwamba kuna 	male_masculine	5.0835	common_voice_sw_35069912.wav
hifadhi ya taifa kutokana na uharibifu wa wanyamapori katika mazao yao pia ujangili ulio 	male_masculine	8.3235	common_voice_sw_37095782.wav
huko ishango jamhuri ya kidemokrasia ya kongo 	male_masculine	3.9675	common_voice_sw_30025760.wav
nyota wa italia fabio canavaro alianza kucheza kombe la dunia 	male_masculine	6.7755	common_voice_sw_29896654.wav
ili kufikiautegemezi bandia wa dawa za kulevya 	male_masculine	3.7155	common_voice_sw_36375310.wav
hatua ya kampuni ya kumi bet kuzinduliwa 	male_masculine	4.9035	common_voice_sw_30098710.wav
maziwa mengine madogo yaliyopo katika bonde hili 	female_feminine	4.5075	common_voice_sw_34943145.wav
kugawanyika kwa kushindwa kuhakikisha amani 	male_masculine	4.5075	common_voice_sw_30577944.wav
wanachama wa shirikisho la soka duniani ni nchi zote zilizokidhi vigezo 	female_feminine	6.4155	common_voice_sw_30324838.wav
baada ya kuachiliwa kwake alisaidiwa na kuanzisha chama cha vuguvugu la wakongomani 	female_feminine	8.1435	common_voice_sw_30196423.wav
katika safari yao walisafiri hadi kufika milima ya usambara 	male_masculine	5.5155	common_voice_sw_30582895.wav
ambao ni mawindo makubwa ya wanyama wakali wakiwemo simba na chui 	male_masculine	8.7555	common_voice_sw_30117632.wav
maharage ni mazuri kwasababu yana faida nyingi mwilini ikiwemo kushusha shinikizo la damu 	male_masculine	5.4435	common_voice_sw_29943400.wav
walimuadhibu vikali walishusha makombora mazito afghanistan dhidi 	male_masculine	7.07965625	common_voice_sw_30735712.wav
ndio maana hivi sasa wanatumia dhana ya uchumi buluu 	male_masculine	4.7235	common_voice_sw_37088323.wav
kutokana na nusu zake alianzisha mbingu na nchi 	male_masculine	7.5675	common_voice_sw_29605527.wav
alitafiti na kutengeneza mfumo wa madaraja nchini tanzania 	male_masculine	4.7235	common_voice_sw_29822575.wav
hivi unafikiri kwanini mandela alikua mtu muhimu 	male_masculine	5.5875	common_voice_sw_29795599.wav
inaathiri takribani asilimia sitini ya wananchi 	male_masculine	4.0755	common_voice_sw_36382383.wav
analeta mkosi na laana kwenye ukoo pia 	male_masculine	4.1475	common_voice_sw_30180243.wav
nchini iran na kuchochea uhasama wa miaka mingi kati ya mataifa hayo 	female_feminine	6.4155	common_voice_sw_37332013.wav
kazimzumbwi ina ukubwa wa takribani hekta elfu tatu 	female_feminine	5.3355	common_voice_sw_29925055.wav
iwe unaingia ofisini umeenda dukani au unakutana na marafiki 	female_feminine	5.9475	common_voice_sw_29949665.wav
hata hivyo waandishi wengi wa kisasa hutumia wimbo katika sehemu mbalimbali 	male_masculine	5.9475	common_voice_sw_29937961.wav
kila mmoja ana haki ya kuwa na siri zake 	male_masculine	4.8675	common_voice_sw_28582715.wav
hifadhi ya taifa ya serengeti inafikika umbali wa kilomita mia tatu thelathini na tano 	male_masculine	5.0835	common_voice_sw_29943771.wav
yakianguka kupitia msituni na kutua mithili ya mianzo ya ukungu bondeni 	male_masculine	6.7755	common_voice_sw_30323818.wav
hiyo ilitokana na wajerumani walioingia kama marafikina kubadilika kuwa makatiili 	male_masculine	10.2675	common_voice_sw_37089612.wav
alifanya kazi kama mjumbe na kuongoza kwa miaka mitatu 	male_masculine	4.0755	common_voice_sw_28682534.wav
la utuzaji wa mlima huu elgon ambao umekuwa kivutio kikubwa 	male_masculine	4.8675	common_voice_sw_36382365.wav
ni madhara na maovu yake yote 	female_feminine	4.2555	common_voice_sw_34597853.wav
alipokuwa na umri wa miaka minne alijiunga na klabu ya grandoli 	male_masculine	7.2435	common_voice_sw_31304416.wav
mijadala hiyo inazuka kwa kuwa kumetokea masimulizi mengi juu ya asili ya jina wadigo 	female_feminine	5.9835	common_voice_sw_31406115.wav
eneo la maziwa makuu na kwote inaposikika redio france international 	male_masculine	5.3355	common_voice_sw_36374893.wav
kwa sasa imekuwa kaunti ya tana river 	male_masculine	4.0035	common_voice_sw_28258551.wav
kitulo kuna aina elfu nne za maua na mimea adimu 	male_masculine	4.6155	common_voice_sw_30307578.wav
katika uchaguzi huo abeid amani karume alijiandikisha katika jimbo la ngambo 	male_masculine	5.7675	common_voice_sw_30180514.wav
kuingilia ee mkondo wa kidemokrasia ulikuwa unafua 	female_feminine	4.6155	common_voice_sw_35099438.wav
uchumi na matumizi ya ardhi nchini uturuki 	male_masculine	6.4875	common_voice_sw_35683371.wav
amini alifariki mjini jeddah tarehe kumi na sita 	male_masculine	4.0035	common_voice_sw_30071810.wav
ukoko huu ni mtamu sana 	female_feminine	2.1675	common_voice_sw_35104841.wav
samuel etoo na messi walifunga mabao ya ushindi 	male_masculine	5.2635	common_voice_sw_31321691.wav
watoto hao waliiendeleza lugha waliyoikuta na baadaye ikazaliwa krioli 	male_masculine	7.7835	common_voice_sw_30257134.wav
uvamia kambi ya wakimbizi katika eneo hilo ambalo hadi sasa 	male_masculine	7.0275	common_voice_sw_36013837.wav
adi sasa tayari yameshakwisha kutangaza majimbo mia moja na mbili 	male_masculine	7.6395	common_voice_sw_37096142.wav
maisha ya wamasai yanahusika sana na ngombe ambao huwa msingi wa chakula chao 	male_masculine	6.3075	common_voice_sw_31304434.wav
bila kuisahau wilaya ya momba inayokamilisha jumla ya wilaya nne za mkoa wa songwe 	male_masculine	7.1355	common_voice_sw_29795460.wav
wengi huishi bila dalili na kuendelea kuambukiza watu wengine 	female_feminine	6.3075	common_voice_sw_29793965.wav
pamoja na kusimamia na kufuatilia utekelezaji wa shughuli zote zinazotekelezwa 	male_masculine	8.0355	common_voice_sw_36014181.wav
aliendelea kuamini katika moyo wake alipendwa sana na hali iliyokuwa ikiwafika majirani haingemfika kamwe 	male_masculine	7.7475	common_voice_sw_37092863.wav
mwelekeo wa kikomunisti wa baadhi ya viongozi 	male_masculine	5.1555	common_voice_sw_29864980.wav
pamoja na kuchukua tuzo ya mchezaji bora mara nne 	male_masculine	5.4435	common_voice_sw_31415705.wav
hakuna hakika kuhusu wakazi wa kwanza 	female_feminine	4.4355	common_voice_sw_29163693.wav
mama hupewa maji katika kibuyu ili ayanywe 	male_masculine	3.5355	common_voice_sw_30075908.wav
jike akiwa kwenye mayai dume hufanya kazi ya kumletea chakula hapo kwenye kiota 	female_feminine	6.8475	common_voice_sw_30337955.wav
magonjwa ya zinaa ni miongoni mwa maambukizi yanayofahamika sana 	male_masculine	6.3075	common_voice_sw_30583021.wav
forlan aliweka rekodi ya kufunga mabao matatu nje ya boksi 	male_masculine	5.0835	common_voice_sw_29787613.wav
aliwahi kwenda vitani hispania na kuoa 	male_masculine	4.3275	common_voice_sw_28695355.wav
kufanana kwao lugha kwa kiasi kikubwa tisini jirani zao 	female_feminine	4.9035	common_voice_sw_36615363.wav
real adrid hawajasajiri wachezaji kwa misimu minne sasa mfululizo 	male_masculine	6.1275	common_voice_sw_29797093.wav
ziwa edward ni nyumbani kwa aina ningi za samaki 	female_feminine	5.9835	common_voice_sw_30110008.wav
watu wa karibu yako wanaweza kukufanya kuyachukia maisha na kuona dunia chungu 	male_masculine	6.8475	common_voice_sw_30638497.wav
nakuja kukusaidia kufanya sherehe 	female_feminine	3.1035	common_voice_sw_34979771.wav
mungu ibariki afrika pia mungu ibariki tanzania 	female_feminine	5.5155	common_voice_sw_29848315.wav
alijiunga na barcelona akitokea timu ya klabu ya mpira ya ureno 	female_feminine	4.3275	common_voice_sw_30024323.wav
ni bilionea ambaye ametambuliwa kuwa miongoni mwa mabilionea wa umri mdogo zaidi afrika 	male_masculine	6.9555	common_voice_sw_29787926.wav
hatimaye showe ando nyamadha kimwa 	male_masculine	3.3555	common_voice_sw_32211055.wav
bagamoyo imehifadhi siri nyingi za mali kale ambazo watanzania wengi hawazijui 	male_masculine	7.2075	common_voice_sw_29897546.wav
watu wengi hutamani sana kumchukua blob 	male_masculine	3.7155	common_voice_sw_30214190.wav
kuna watoto wengi wanaoishi bila wazazi wala familia kwenye barabara za kinshasa 	male_masculine	7.4955	common_voice_sw_28814691.wav
abeid karume alishtakiwa na mfanyabiashara aitwae punja kara 	male_masculine	4.1475	common_voice_sw_29941871.wav
tanzania ina vivutio vingi sana vya utalii 	female_feminine	4.6875	common_voice_sw_30629471.wav
kaskazini mwa tanzania kuna mlima meru pia 	male_masculine	3.8235	common_voice_sw_28880831.wav
rufaa zote zikawa kwa rais karume pekee 	male_masculine	4.1835	common_voice_sw_30091301.wav
ziwa hili hupokea maji kutoka mito mikubwa kama vile mto kagera na mto mara 	male_masculine	5.8035	common_voice_sw_30380893.wav
lakini muingiliano bado haujapata ufafanuzi makini 	male_masculine	5.9475	common_voice_sw_29906561.wav
ujuzi wa mambo unaongezeka kwa kujifunza 	male_masculine	4.7595	common_voice_sw_30341808.wav
taifa la uingereza halina kikosi bora kwa sasa 	male_masculine	4.6155	common_voice_sw_30122639.wav
ndoa ikavunjika rasmi na kuwaacha watu wakiwa hawaelewi 	female_feminine	4.6875	common_voice_sw_30376722.wav
mtemi wa same mohammedi kibacha singo aliacha uongozi baada ya mila za jadi kusitishwa 	female_feminine	5.9835	common_voice_sw_30582055.wav
kesi ya kwanza ilimhusisha jean paul akayesu 	male_masculine	6.9555	common_voice_sw_36013936.wav
tandala na palahala nao wanavutia na kufanya maskani kwenye vilima 	male_masculine	7.4235	common_voice_sw_29938065.wav
hiyo ilikuwa ndiyo nyenzo kubwa katika maendeleo ya taifa letu 	male_masculine	5.4435	common_voice_sw_29795272.wav
kama malalamiko yao yatakuwa ni sahihi wakati huu mkitangaza 	male_masculine	6.0555	common_voice_sw_36039608.wav
marekani ndege za nchi hiyo zenye raia wake na 	male_masculine	5.0475	common_voice_sw_30439737.wav
kuna visiwa vingi 	male_masculine	2.9955	common_voice_sw_28876251.wav
twiga hawa huwa na uwezo wa kuzaa au kupanda wafikishapo umri wa miaka miatatu 	female_feminine	6.9555	common_voice_sw_34942246.wav
tambua kuwa anayechanua mkia ni tausi dume na siyo jike 	female_feminine	5.5155	common_voice_sw_29797783.wav
fedha za kigeni zinatumika kufanya malipo ya kiserikali 	male_masculine	7.0275	common_voice_sw_34390716.wav
kusababisha zaidi ya watu elfu moja kupoteza maisha katika meli hiyo 	male_masculine	5.6235	common_voice_sw_29937127.wav
pesa inayopatikana inasaidia miradi mbalimbali 	male_masculine	4.6155	common_voice_sw_30180831.wav
amepoteza makombe mengi miaka ya karibuni 	female_feminine	5.1555	common_voice_sw_30522520.wav
ziwa katwe liko chini ya ziwa edward 	male_masculine	6.8835	common_voice_sw_31325413.wav
mapambo ya shanga nyingi shanga za shingoni ambazo husogea kwa mdundo 	male_masculine	5.5515	common_voice_sw_30381164.wav
yeye ni mlinzi wa kushoto ambaye anaweza pia kucheza upande wa kushoto wa uwanja 	male_masculine	7.4955	common_voice_sw_29602854.wav
kwa barabara kunatatuliwa haraka bila kupiga kelele au kuapa 	male_masculine	6.3075	common_voice_sw_37098702.wav
tumeshindwa kama umoja afrika kuletee 	male_masculine	4.2555	common_voice_sw_36373641.wav
barcelona ilishinda mabao matatu kwa moja 	female_feminine	5.4075	common_voice_sw_30327028.wav
shathi leupe huvawa hofisini 	male_masculine	3.6435	common_voice_sw_32323864.wav
muhogo kiasi na katika maeneo machache mpunga na mzabibu 	male_masculine	6.1635	common_voice_sw_30091340.wav
naye atafanya agano thabiti na watu wengi kwa muda wa juma moja na kwa 	male_masculine	7.7835	common_voice_sw_34391337.wav
kabla ya kuingia kijiji cha sumbawanga alichokianzisha aliwataka wananchi waliomfuata watupe uchafu wote 	female_feminine	8.6835	common_voice_sw_30035937.wav
kule maisha ya kufunga na kusali watawa hao waliitwa kwa jina la kigiriki 	male_masculine	4.0035	common_voice_sw_36390658.wav
kilimo cha waha ni mahindi maharage ndizi kahawa mhogo karanga mbaazi na njegere 	male_masculine	9.6555	common_voice_sw_29905397.wav
kwanza programu za kisiasa zilitumia mapato ya serikali 	female_feminine	4.8675	common_voice_sw_36641176.wav
hasa sana hapa dar es salaam hawajapata miji mikubwa kama beya arusha mwanza 	male_masculine	5.6955	common_voice_sw_36318720.wav
kuwa muangalifu 	male_masculine	2.7075	common_voice_sw_32243941.wav
hali ya hewa haina joto kali 	female_feminine	4.2555	common_voice_sw_29177371.wav
sayyid said alienda mara kwa mara nyumbani kwao oman kutatua migogoro ya ndani 	male_masculine	5.8035	common_voice_sw_37097610.wav
kufuatana na uainishaji wa lugha kwa ndani zaidi kilele iko katika kundi la kichadiki 	male_masculine	7.7475	common_voice_sw_29406534.wav
kipindi cha ugomvi kati ya makundi mawili ya nchi duniani 	male_masculine	5.2635	common_voice_sw_30364121.wav
alihamishiwa marekani kwa masomo zaidi ya sekondari katika jimbo la florida 	male_masculine	6.4155	common_voice_sw_30671132.wav
wazigua wa zamani walikuwa na tabia ya kuchokonoa meno ya mtoto 	male_masculine	5.3355	common_voice_sw_30233639.wav
mpandaji wa mlima huu anapitia kanda tofati za hewa 	male_masculine	5.6955	common_voice_sw_29945047.wav
unaonekana kuwa na manufaa mengi kwa wanajamii wa kabila hilo 	male_masculine	4.7955	common_voice_sw_30181640.wav
wataalamu wa viumbe vya majini wanasema kwa kawaida nyangumi 	female_feminine	5.5875	common_voice_sw_29811364.wav
pia zipo karanga na alizeti bila kusahau ndizi na korosho 	male_masculine	4.4355	common_voice_sw_30647801.wav
lotthae mattaus ni mjerumani aliyefanya vizuri zaidi 	male_masculine	6.5235	common_voice_sw_29994793.wav
wasukuma mchanganyiko kutoka kahama na tabora 	male_masculine	3.8955	common_voice_sw_30180515.wav
karafuu zazalishwa kwa wingi pemba 	male_masculine	5.1555	common_voice_sw_32242757.wav
zanzibar ni sehemu inayounda eneo la jamhuri 	male_masculine	5.67565625	common_voice_sw_30629356.wav
lakini si kwa mema 	female_feminine	2.9235	common_voice_sw_28582419.wav
akabadilisha upepo uliodumu kwa miaka kumi na nne 	male_masculine	5.0475	common_voice_sw_30079880.wav
kama hamtalala ndani ya hifadhi ni sehemu gani nyinginezo za huduma hiyo 	male_masculine	5.6955	common_voice_sw_30434931.wav
radicals mashambulizi hayo waliitwa palmer raids kwa muda mfupi hoover iliyoundwa kadi namba mia 	male_masculine	5.9475	common_voice_sw_36320003.wav
mwalimu uniachie huyu mtoto niongea naye kisha nitachukua hatua zinazofaa 	female_feminine	5.2275	common_voice_sw_29923748.wav
ziwa victoria limegawanyika katika nchi tatu tanzania kenya na uganda 	male_masculine	4.9035	common_voice_sw_29994676.wav
aliandika vitabu vya maisha ya kiroho 	male_masculine	4.3275	common_voice_sw_28879236.wav
akishinda magoli mawili na kuwa shujaa wa timu 	female_feminine	4.3275	common_voice_sw_36643715.wav
kwa kudai eti watumwa waliona bahari ambako watasafarishwa 	male_masculine	5.1555	common_voice_sw_29899373.wav
wana uhusiano wa karibu na asili moja 	female_feminine	4.1475	common_voice_sw_35183643.wav
maua ni meupe 	male_masculine	2.5635	common_voice_sw_28681440.wav
yule kijana aliyekuwa na mtaalamu wa ufundi alisema kwa kuhamaki kuwa havifanani 	male_masculine	6.5955	common_voice_sw_37092430.wav
forlan alikuwa manchester united kabla ya kutimkia hispania 	male_masculine	6.0555	common_voice_sw_29961427.wav
idadi kubwa ya abiria waliyonusurika walikuwa wa darasa la kwanza 	male_masculine	6.1635	common_voice_sw_36067426.wav
karol aliomba asome upadri kwa ajili ya kumtumikia mungu 	male_masculine	7.4955	common_voice_sw_29957459.wav
wapare wa kusini ambao ni wapare wa same 	male_masculine	3.8595	common_voice_sw_30379924.wav
kwa hiyo haijulikani walitumia lugha gani 	male_masculine	3.6075	common_voice_sw_29536813.wav
baada ya kurekodi albamu yake ya kwanza 	male_masculine	4.2555	common_voice_sw_30628155.wav
ni wewe wa kuabudiwa ni wewe tena sana 	male_masculine	5.6955	common_voice_sw_36042045.wav
utalii wa boti na kuvua samaki kwenye bahari ya hindi ni raha isiyo kifani 	female_feminine	5.8035	common_voice_sw_30653921.wav
shughuli kama vile matembezi na kupanda milima shughuli za uvuvi na kuendesha baiskeli 	female_feminine	6.5235	common_voice_sw_29923171.wav
uwezo wa kukusanyika ripoti juu ya watu milioni ishirini na tano wa marekani bila 	female_feminine	5.9835	common_voice_sw_37099057.wav
ni mwanaharakati wa masuala ya uhuru wa vyombo vya habari 	male_masculine	5.0835	common_voice_sw_36382558.wav
a umeshawahi kutembelea tovuti ya full shangwe ambayo 	male_masculine	6.7755	common_voice_sw_36381947.wav
filamu inaelezea hadithi iliyotungwa na mwandishi 	male_masculine	6.8835	common_voice_sw_35683994.wav
utamaduni wa kabila husika huku jando la asili 	male_masculine	6.5235	common_voice_sw_31304446.wav
pia huvuka mto lwiche kwa imani kuwa ni moja ya hatua 	male_masculine	5.8035	common_voice_sw_31304461.wav
waarabu dhidi ya waosmani badala yake alishindana na makabila 	female_feminine	5.9475	common_voice_sw_35160900.wav
kabla ya kujiunga na monasteri alikuwa na cheo kikubwa ikulu 	male_masculine	4.7955	common_voice_sw_29206985.wav
kiongozi wa kanisa katoliki wakati huo ni julius wa pili 	male_masculine	5.5875	common_voice_sw_30334895.wav
victoria lilikuwa jina la malikia wa uingereza 	female_feminine	4.4355	common_voice_sw_29791383.wav
wajemi waliooa wenyeji idadi ya wahamiaji kutoka 	female_feminine	3.3555	common_voice_sw_37099143.wav
huu ni msikiti mkubwa zaidi kuwahi kujengwa kusini mwa jangwa la sahara 	female_feminine	5.8755	common_voice_sw_30055243.wav
akiona mambo yamekaa vibaya anawahi kuondoka kabla ya kuondoshwa 	male_masculine	4.5435	common_voice_sw_29942878.wav
shabaha kuu ilikuwa kutetea kanisa chini ya papa 	male_masculine	4.5435	common_voice_sw_28696148.wav
kujiuzulu kutokana na chama hicho kutajwa kuhusika kwenye uchunguzi 	male_masculine	8.3955	common_voice_sw_34390842.wav
hata hivyo ni wikipedia ya kwanza kwa ukubwa katika orodha ya lugha za kirumi 	male_masculine	6.4155	common_voice_sw_28973872.wav
na mabepari wa venus mwaka elfumoja miatisa sitini na tisa 	male_masculine	4.3635	common_voice_sw_36382234.wav
akaamua kuukabidhi utawala wake kwa mjukuu ambaye 	male_masculine	5.6955	common_voice_sw_29898406.wav
majaliwa ni mwenyeji wa mnacho katika wilaya ya ruangwa aliposoma shule ya msingi 	male_masculine	6.5955	common_voice_sw_30647749.wav
waliishi katika hifadhi ya taifa ya serengeti 	male_masculine	3.9675	common_voice_sw_29961429.wav
maporomoko ya rusumo yapo njiani kwenye dajara linalounganisha nchi ya tanzania na rwanda 	female_feminine	8.0355	common_voice_sw_30110409.wav
ndege hawa wanatokea maeneo wazi wa afrika asia na ulaya 	male_masculine	7.1355	common_voice_sw_28825447.wav
sekta nyingine ambazo huchangia kwenye uchumi wa mkoa ni za mifugo na madini 	male_masculine	6.1275	common_voice_sw_30380406.wav
hakuna kusaidiana kwenye mtihani 	male_masculine	2.6355	common_voice_sw_37096075.wav
nenda tanzania 	male_masculine	2.5635	common_voice_sw_32244522.wav
mlima wa nyamibata na milima ya nyanda 	male_masculine	4.9395	common_voice_sw_30362319.wav
cafu ameshinda ubingwa wa dunia mara mbili 	male_masculine	4.9755	common_voice_sw_30470979.wav
kati ya washona wenye idadi kubwa ya watu wengi na wandebele 	female_feminine	3.4635	common_voice_sw_29923538.wav
tatu kati ya hizo ni kwa kazi yake ya utayarishaji 	male_masculine	5.6955	common_voice_sw_28670530.wav
mji wa bagamoyo unaotafsiri kuhusu dini ya kiislamu na utamaduni wake 	female_feminine	6.10765625	common_voice_sw_31812061.wav
baada ya kusaini alitoa haja yake na changamoto mpya kama sababu ya kuondoka realmadrid 	male_masculine	8.55565625	common_voice_sw_30631378.wav
anaheshimiwa na kanisa katoliki kama mwenye heri bikira 	male_masculine	5.2275	common_voice_sw_28695279.wav
mchanga huo hupita juu ya bahari atlantic hadi katika msitu wa amazon 	male_masculine	9.5475	common_voice_sw_31370833.wav
maamuzi haya yalifikiwa baada ya mazungumzo ya siri yaliyofanyika mwaka 	male_masculine	5.6235	common_voice_sw_36381532.wav
hewa yenyewe ni gimba la gesi 	male_masculine	4.9035	common_voice_sw_28581560.wav
korona imeogeza hofu kubwa kwa watu wote duniani 	male_masculine	4.2555	common_voice_sw_29936610.wav
fuata kila lililokuwa zuri 	male_masculine	3.5355	common_voice_sw_32244697.wav
yeye ni mshambuliaji wa juu kabisa ureno wakati wote 	female_feminine	4.3275	common_voice_sw_36617546.wav
kwa sababu zisizojulikana mkwawa hakugawa bunduki za kisasa zote alizokuwa nazo 	female_feminine	8.0355	common_voice_sw_30177278.wav
washindani wote 	male_masculine	1.8435	common_voice_sw_37098371.wav
mwalimu nyerere alisoma katika chuo cha makerere 	male_masculine	4.84765625	common_voice_sw_30629394.wav
mchezo wake wa kwanza katika timu ya taifa ulimfanya messi kuwa mchezaji mdogo zaidi 	male_masculine	6.7755	common_voice_sw_29996208.wav
hushughulika pia ukubwa na usambazaji wa faida kutoka kwenye biashara 	male_masculine	7.0275	common_voice_sw_29896938.wav
koppe moja inayoweza kuonekana kwa wageni huko serengeti 	male_masculine	6.7755	common_voice_sw_29915207.wav
kabila hili ni la kibantu waliofika maeneo ya udigo 	female_feminine	4.6875	common_voice_sw_30653538.wav
bodi ya biashara ya nje pia ilipewa dhamana ya kukuza ushirikiano wa biashara kimataifa 	male_masculine	6.7035	common_voice_sw_29892689.wav
kupunguza panya wanaoishi karibu na nyumba sehemu kazi au maeneo ya michezo 	male_masculine	5.9835	common_voice_sw_30650336.wav
jeshi la amin lilimfukuza mkuu wa dola kabaka mutesa 	male_masculine	5.5875	common_voice_sw_30069571.wav
kipindi cha upanuzi kilifuatiwa na emutai 	female_feminine	5.6955	common_voice_sw_34833319.wav
mwaezi wa saba mwaka elfu mbili kumi na nane 	male_masculine	4.3275	common_voice_sw_37092081.wav
na nafikiri ujumbe huu unaufahamu hebu naomba 	female_feminine	4.9035	common_voice_sw_36252282.wav
huku ikitoa zaidi ya albamu nne ndani ya mwaka mmoja 	male_masculine	4.5435	common_voice_sw_30323793.wav
mada zako zinatakiwa kugusa mahitaji ya wasikilizaji wako 	male_masculine	5.5875	common_voice_sw_34746429.wav
kata hii ina shule tatu za msingi na shule moja ya sekondari 	male_masculine	6.7755	common_voice_sw_28690721.wav
daraja la tatu au la chini lilikuwa na mabafu mawili tu 	male_masculine	4.5075	common_voice_sw_30385691.wav
mwaka huo ulikuwa mfupi kuliko mwaka wa jua kiasi cha karibu robo siku 	male_masculine	5.9835	common_voice_sw_28582625.wav
damu kupipitia mabomba ya sindano sindano au vitu vyenye ncha kali 	male_masculine	6.4155	common_voice_sw_29927038.wav
maajabu hayo yamelifanya shirika la kimataifa kulijumlisha kwenye orodha yake ya urithi 	male_masculine	5.6235	common_voice_sw_30020720.wav
akizungumzia hali ilivyo nchini libya wakati majeshi 	female_feminine	4.9035	common_voice_sw_34920261.wav
sambabmba na huyo dunia ilishuhudia kiongozi mwingine 	male_masculine	5.9475	common_voice_sw_37094858.wav
pia kuna wasemaji wa kizhuang yang nchini vietnam lakini idadi yao haijulikani 	male_masculine	6.4875	common_voice_sw_28670171.wav
balozi salim ahmed salim wakati huo balozi wa zanzibar nchini misri 	male_masculine	4.9755	common_voice_sw_30025489.wav
muziki ambao vijana wengi ndio huvutiwa nao zaidi 	male_masculine	3.4635	common_voice_sw_36387489.wav
matibabu hupunguza vifo kwa asilimia nane hadi asilimia kumi 	male_masculine	6.3075	common_voice_sw_30321798.wav
mataifa mengine saba ya kusini mwa jangwa la sahara 	female_feminine	4.41565625	common_voice_sw_31808775.wav
wakati taifa la afrika kusini lenyewe likijiandaa 	male_masculine	4.1835	common_voice_sw_37094633.wav
lakini akaachana na hayo mawazo kwa kuwa alihitaji kuongea na magreth 	female_feminine	6.1635	common_voice_sw_35123626.wav
alieleza mambo mawili ya kuzingatia katika kutengeneza mikakati ya uchumi shindani 	male_masculine	7.3155	common_voice_sw_35069852.wav
albamu pia inajumuisha masimulizi ambayo yana mistari ya biblia 	male_masculine	8.1075	common_voice_sw_28681045.wav
baadhi ya vitu vilivyorudi afrika kama bidhaa 	female_feminine	4.3635	common_voice_sw_30327902.wav
mkalimani akamatwa tanzania kwa kutafsiri visivyo matamshi ya mtalii 	male_masculine	5.6235	common_voice_sw_30671335.wav
hata hivyo mabadiliko hayo bado yaliendelea kulalamikiwa kwa kutoweka bayana uwajibikaji wa viongozi 	male_masculine	8.9355	common_voice_sw_29902528.wav
karani wa koti ni yupi 	male_masculine	2.4555	common_voice_sw_37096603.wav
kwa lengo la kusafirisha mizigo ya mazao mbalimbali 	male_masculine	5.0475	common_voice_sw_29930921.wav
mahojiano yanayochapishwa kwa muundo wa maswali na majibu ndiyo hasa huelimisha zaidi 	male_masculine	5.9835	common_voice_sw_29938070.wav
pia nelson mandela aliyekuwa raisi wa kwanza wa afrika kusini 	male_masculine	2.8155	common_voice_sw_36390293.wav
utaratibu wakuwakutanisha wanafunzi wote waliofanya vizuri katika 	male_masculine	5.1555	common_voice_sw_29943712.wav
mchezaji bora wa kombe la dunia alikuwa giasinto faccheff 	male_masculine	7.4235	common_voice_sw_30007117.wav
dalili za maambukizi ya virusi vya ukimwi ni nyingi sana 	male_masculine	4.1475	common_voice_sw_37090726.wav
kimapunju wanaishi kwa ujamaa huku wakiwa na maumbile ya kuvutia kwa watalii 	female_feminine	5.3355	common_voice_sw_30582066.wav
gavana wa jimbo ni john harvard 	female_feminine	5.3355	common_voice_sw_28704692.wav
kilomita ulikuwa unasababisha mvua ya asidi ambayo ilikuwa 	female_feminine	4.7955	common_voice_sw_35588579.wav
lakini husababisha magonjwa ya mapafu yanayofanana na kifua kikuu 	female_feminine	7.2075	common_voice_sw_30219506.wav
kimsingi mandhari ya hifadhi hii ni nyasi iliyo wazi na mito 	male_masculine	5.0475	common_voice_sw_28673118.wav
leo hii wakamba wangesema kiima kyeu 	male_masculine	4.9035	common_voice_sw_30201520.wav
lakini vita ya uchumi inahitaji akili sana vifaa laini 	female_feminine	5.6235	common_voice_sw_29793679.wav
kambi nyingine ni kambi ya wapigania uhuru ya bagamoyo mkoani pwani 	female_feminine	5.8035	common_voice_sw_31285616.wav
mwaka uliyofuatia akatimkia bayern munich 	male_masculine	5.0835	common_voice_sw_31304598.wav
watoto hao hupelekwa nyumbani ambako nako sherehe hizo huendelea kufanyika 	female_feminine	6.5235	common_voice_sw_30177600.wav
mji mkuu wa tanzania ni jiji la dodoma 	male_masculine	4.3275	common_voice_sw_29457597.wav
tangu mwaka wa elfu mbili na mbili barabara ya lami 	male_masculine	3.7875	common_voice_sw_30677287.wav
na uongo wanini mwogope mungu 	male_masculine	3.1755	common_voice_sw_36385402.wav
alitumia sehemu kubwa ya utajiri wake kujenga jeshi la binafsi 	male_masculine	6.1275	common_voice_sw_29182626.wav
katika mazungumzo yetu tumeafikiana 	male_masculine	2.9235	common_voice_sw_32210586.wav
kuua wakati wa vita ni kama kucheza tu na wakiwa na hasira 	male_masculine	8.8275	common_voice_sw_30258329.wav
desmond tutu ni kiongozi wa kidini ambae alikuwa anaamasisha upendo umoja na amanipia 	male_masculine	8.1075	common_voice_sw_35108042.wav
mwaka elfu moja mia tisa tisini na tano 	male_masculine	4.6155	common_voice_sw_30668386.wav
hata wazee husimulia hivyo kwa watoto wao 	male_masculine	6.5235	common_voice_sw_29997333.wav
wakati ambayo marais watano kutoka au 	male_masculine	5.6235	common_voice_sw_34750147.wav
chama cha wapigania uhuru wa afrika kusini 	male_masculine	3.1755	common_voice_sw_30044936.wav
limezungukwa pia na bahari pande zake zote 	male_masculine	4.5075	common_voice_sw_30582820.wav
kwa sasa imekuwa sehemu ya kaunti ya narok 	male_masculine	5.4435	common_voice_sw_28581558.wav
saratani ilikuwa imemuenea sana mwilini 	male_masculine	5.2635	common_voice_sw_28691073.wav
kuna aina kuu mbili za wanyama wa jangwani ambao ni ngamia na bakteria 	male_masculine	4.7235	common_voice_sw_30025653.wav
mfugale ni moja ya waandisi wakongwe nchini waliotoa mchango mkubwa katika sekta ya ujenzi 	male_masculine	8.2875	common_voice_sw_29995263.wav
haijulikani wagiriki walipata jina hilo kwa njia gani lakini lilikuwa kawaida nje ya misri 	female_feminine	7.3875	common_voice_sw_29622679.wav
wengi wanafahamu kuwa akina mama wajawazito wanapaswa 	male_masculine	4.3275	common_voice_sw_29995494.wav
kutokana na kitendo hicho mandela na viongozi wenzake walikamatwa 	female_feminine	7.0635	common_voice_sw_30570340.wav
lakini si nchi huru kama nchi nyingine za jumuiya ya madola 	male_masculine	6.8835	common_voice_sw_28669953.wav
alirudi kwenye lile daftari na kusoma ule mtaa mwisho akafunika na kulirudisha kwenye shelfu 	female_feminine	7.2435	common_voice_sw_35103468.wav
mwalimu nyerere alikuwa anajiamini kupita kiasi 	female_feminine	6.6675	common_voice_sw_30572095.wav
nimeamua kuandika makala hii ili wengi waweze kutambua 	male_masculine	5.6235	common_voice_sw_30515380.wav
mandela aliamini katika taifa la kidemokrasia 	male_masculine	3.7155	common_voice_sw_29943269.wav
asikari kankagua mizigo yetu 	male_masculine	2.6355	common_voice_sw_32324032.wav
ilikuwa ni hasara kubwa katika kizazi cha muziki 	male_masculine	4.7235	common_voice_sw_30146916.wav
uwezo wake wa kitamaduni katika kubariki na kulaani humuongezea heshima 	female_feminine	5.6955	common_voice_sw_35099723.wav
milima ya udzungwa na ile milima ya ufa mashariki 	male_masculine	5.0475	common_voice_sw_29982106.wav
alikuwa waziri wa maendeleo ya jamii jinsia na watoto 	male_masculine	3.3555	common_voice_sw_30327476.wav
kioo kimeletwa 	male_masculine	1.9875	common_voice_sw_36390197.wav
mkuu alikuwa sultani wa waosmani imani rasmi 	female_feminine	4.8675	common_voice_sw_34924646.wav
kama akishindwa kulipa ataendelea kuishi upande wa mkewe kwa maisha yake yote 	female_feminine	6.2355	common_voice_sw_30326456.wav
kiswahili ni lugha ya kibantu inayotumiwa na watu katika mawasiliano 	male_masculine	6.6675	common_voice_sw_29905760.wav
nchini kenya ziwa lina ukubwa wa kilomita za mraba elfu nne na mia moja 	male_masculine	6.8475	common_voice_sw_30122322.wav
samatta alianza kucheza soka la kulipwa katika klabu ya african lyon nchini tanzania 	female_feminine	6.8475	common_voice_sw_29977456.wav
loitai na kisonko pia matapato na dalalekutuk zinaongezeka 	female_feminine	6.3075	common_voice_sw_30438462.wav
huku kundi lingine likiendelea kuelekea mashariki kupitia mlima sekenke hadi kisiriri 	female_feminine	7.5675	common_voice_sw_30574535.wav
na huenda amefariki dunia mpango alifanya mkutano huo akiwa hajavaa barakoa na akikohoa mbele 	male_masculine	5.7675	common_voice_sw_37091949.wav
baba yake alikuwa tajiri lakini wakati wa utoto wa william familia ilianza kuwa maskini 	female_feminine	7.7835	common_voice_sw_29589090.wav
hali ya tofauti inatokea kama mwezi unapita kwenye kitovu cha kivuli cha dunia 	male_masculine	6.3075	common_voice_sw_29435329.wav
kanisa hilo lina pia jimbo la mt 	female_feminine	3.7155	common_voice_sw_28583544.wav
uoto wa asili wa msitu unaostawi kufuata mkondo wa mto 	male_masculine	6.6675	common_voice_sw_35377076.wav
chuki dhuluma wivu na maovu mengine ili kuishinda kwa utukufu 	female_feminine	7.7475	common_voice_sw_34597725.wav
naye akasema kuwa hajapata taarifa rasmi kutoka serikali ya kigali 	male_masculine	5.0115	common_voice_sw_37084797.wav
na imesaidia watu wa kiasili katika historia 	female_feminine	4.3275	common_voice_sw_35099654.wav
hadi katika usafiri wa anga kwa maana ya usafiri wa ndege 	female_feminine	6.4155	common_voice_sw_30355314.wav
kambini kwetu ingawa kukata eneo lenye mchanga 	male_masculine	4.5435	common_voice_sw_37084062.wav
watu walikuwa wanasema kuwa viumbe wa ajabu wapo usiku 	female_feminine	5.8035	common_voice_sw_30378658.wav
tiësto afrojack hardwell martin garrix armin van buuren nicky romero sbmg boef 	female_feminine	6.6675	common_voice_sw_35221702.wav
kila kabila lina sifa zake ambazo ni tofauti 	male_masculine	5.9475	common_voice_sw_31441372.wav
mlima huo unapatikana katika mkoa wa kilimanjaro 	male_masculine	4.6155	common_voice_sw_29218620.wav
bara la afrika halikuwajengea watoto wao misingi kuwa wachezaji wa mpira 	male_masculine	6.0555	common_voice_sw_29796156.wav
kiwango cha juu cha joto hutegemea angalau ni kutoka wakati kiwango cha chini 	male_masculine	8.0355	common_voice_sw_30266881.wav
uzalishaji unaohusisha nguo vinywaji na vyakula 	female_feminine	5.4435	common_voice_sw_30522730.wav
makubusho ya handebezyo yalianzishwa rasmi machi kumi na tano 	female_feminine	6.7035	common_voice_sw_30176746.wav
kiuchumi matumizi yake siku hizi ni hasa kwa nyama 	male_masculine	5.9835	common_voice_sw_28684934.wav
mzee nelson mandela na raisi rais wa nne wa afrika kusini 	male_masculine	6.0555	common_voice_sw_30674907.wav
katika imani za kimaasai wakati mwingine huwa anadhaniwa kubeba laana 	male_masculine	4.9755	common_voice_sw_29993720.wav
juhudi za usimamizi wa ubora wa hewa zilizowekwa ili kuboresha afya 	male_masculine	4.9035	common_voice_sw_36382204.wav
kwa sababu kadiri unavyofukua unakuta mawe yaliyojengwa 	male_masculine	6.3795	common_voice_sw_30341954.wav
nampenda mamangu sana 	female_feminine	2.3475	common_voice_sw_36390261.wav
iddi amini kuivamia sehemu mojawapo ya tanzania 	male_masculine	5.1555	common_voice_sw_30256036.wav
kituo kitatumika kama chuo cha kutoa mafunzo ya namna ya kushughulikia migogoro ya mirathi 	male_masculine	7.7475	common_voice_sw_37229662.wav
hasa mtu kama waziri mkuu nadhani 	male_masculine	3.1755	common_voice_sw_37089548.wav
wabantu walianza biashara na waarabu waliokuja afrika ya mashariki 	male_masculine	6.7755	common_voice_sw_29935979.wav
pia kuogopa mlipuko wa magonjwa kwa raia wao 	male_masculine	4.8675	common_voice_sw_30470830.wav
pia ni wawindaji 	male_masculine	2.7075	common_voice_sw_28696103.wav
bundi waliyopo kwenye msitu wa amani huwezi kuwapata popote duniani 	female_feminine	4.6875	common_voice_sw_30071246.wav
hasa kutoa tafsiri maarufu ya biblia ya kikristo katika lugha ya kijerumani 	male_masculine	6.8835	common_voice_sw_30016639.wav
baadae jokate anaangalia nyuma yake na kufurahikia mno yale ambayo ameweza kuyafikia 	male_masculine	8.1075	common_voice_sw_29902195.wav
wakati wa maji kupwa ndiyo kipindi kizuri cha kuona kisiwa hicho 	male_masculine	5.7675	common_voice_sw_30122435.wav
kambale wenye futi nne zaidi wanapatikana katika mto naili 	male_masculine	5.3355	common_voice_sw_30343013.wav
sungura ni mnyama mjanja sana 	male_masculine	2.7075	common_voice_sw_37089133.wav
zeno alijenga balcony iliyozuia maoni ya anthemius au zaidi ya kushinda mahakamani 	male_masculine	6.8475	common_voice_sw_37090435.wav
inaratibu mchakato wa viwango na mikakati ya mifumo ya malipo 	male_masculine	5.8395	common_voice_sw_36385354.wav
bi anita alisema hata yeye anashangaa maana hamna mtu aliemwambia juu ya safari yake 	male_masculine	6.3435	common_voice_sw_37087176.wav
raul gonzalez mfumania nyavu wa hispania alicheza madrid 	male_masculine	6.0555	common_voice_sw_30057773.wav
ila ukiwakosea bila kujua hukusamehe hata kabla hujaomba msamaha 	female_feminine	5.9475	common_voice_sw_29797209.wav
ndoa ya wakristo ni sakramenti ya yesu na kanisa lake 	male_masculine	5.3355	common_voice_sw_28695160.wav
ilipoanzishwa nchi lindwa hii ilikuwa mali ya sultani wa pwani 	male_masculine	7.8555	common_voice_sw_29815735.wav
subiri siku ya kufanyiwa unyago ifike utajua umuhimu wake 	male_masculine	6.3075	common_voice_sw_30091463.wav
kabla ya kusafirishwa kwenda kuzikwa katika eneo la makaburi ya watu maarufu uingereza 	male_masculine	7.0275	common_voice_sw_30182237.wav
mwaka nenda mwaka rudi huku mipango yao ikififia kama nyota ya mchana 	male_masculine	7.3155	common_voice_sw_30121954.wav
manyatta hizo hazina ua za kulinda boma ili kusisitiza jukumu lao la kulinda jamii 	male_masculine	8.0355	common_voice_sw_30180377.wav
just fontaine alifunga mabao kumi na tatu 	male_masculine	5.5875	common_voice_sw_30180980.wav
wachezaji wengi wakubwa duniani wametokea familia maskini 	female_feminine	5.0835	common_voice_sw_29949035.wav
maisha ya mtu hayana thamani nchini humo 	male_masculine	4.1835	common_voice_sw_28682656.wav
alipata shahada hiyo katika chuo kikuu cha dare es salaam 	male_masculine	4.9035	common_voice_sw_30057806.wav
na pia kuna watu ambae wanakabiliana na 	female_feminine	4.1835	common_voice_sw_34940018.wav
bandari ya dar es salaam ni bandari kubwa nchin tanzania 	male_masculine	3.9675	common_voice_sw_29936608.wav
binadamu anategemea kabisa neema ya mungu kutojali wajibu hata 	female_feminine	5.0835	common_voice_sw_36641265.wav
alivyoingia kidato cha tano na sita alichukua masomo ya historia jiografia na uchumi 	male_masculine	7.4955	common_voice_sw_30142782.wav
makumbusho ya nyerere yalianza kujengwa baada ya yeye kustaafu urais 	male_masculine	7.2075	common_voice_sw_30090787.wav
daktari alimtibu mgonjwa aliyekuwa hali mahututi 	male_masculine	4.5435	common_voice_sw_37093211.wav
mitihani yao ya kumaliza kidato cha sita na 	male_masculine	3.4635	common_voice_sw_30338761.wav
kuna maeneo katika mji huu yalijengwa vizuri sana 	male_masculine	6.5235	common_voice_sw_29979957.wav
vipepeo hao wanapatikana zanzibar peke yake 	female_feminine	3.8955	common_voice_sw_29797785.wav
maji taka yalielekezwa chini ya mitaro iliyofunikwa kando ya barabara kuu 	female_feminine	6.8475	common_voice_sw_34756682.wav
imekuwa pia mila ya pekee kwenye kisiwa cha pemba tanzania 	male_masculine	5.4795	common_voice_sw_29422564.wav
kwa nyota za mbali zaidi ni vigumu zaidi kupata vipimo kamili 	male_masculine	4.9035	common_voice_sw_29672226.wav
hakuna timu inayofikia uwezo wa timu ya guardiola 	male_masculine	5.7675	common_voice_sw_29978995.wav
ya miti mitubwi na kuingia bara la ulaya 	female_feminine	3.8955	common_voice_sw_35155411.wav
tanzania na kenya zimepitia kitambo hicho sio tu miaka ya nyuma 	male_masculine	6.1275	common_voice_sw_30202009.wav
alikidhi matakwa ya katiba ya jamuhuri ya muungano wa tanzania 	male_masculine	5.2275	common_voice_sw_29838518.wav
msimamo ni ile hali ya mwandishi kuamua kufuata na kushikilia jambo fulani 	female_feminine	8.3235	common_voice_sw_29479213.wav
ikumbukwe kwamba wadigo ni kabila linalojali na kuthamini mila na desturi zao kama chakula 	male_masculine	7.7835	common_voice_sw_29959268.wav
ambapo asilimia hamsini na mbili ya wapiga kura 	male_masculine	3.8595	common_voice_sw_37085776.wav
kutokana na kuoana na makabila mengine bado warangi wanaweza kujivunia historia 	male_masculine	6.5955	common_voice_sw_30671390.wav
tausi anaatamia mayai yake kwa siku ishirini 	male_masculine	4.5435	common_voice_sw_30182350.wav
hali kadhalika alisema maneno machache tu kuhusu ufalme wa kaskazini 	female_feminine	5.9835	common_voice_sw_28584845.wav
uhusiano wetu ulikuwa wa ajabu 	male_masculine	4.0035	common_voice_sw_29754385.wav
tabia za pekee hasa katika maeneo ya jalidi ya kudumu 	male_masculine	4.6155	common_voice_sw_36310881.wav
tanzania imekuwa na mabadiliko kadhaa ya katiba tangu kupata uhuru wake 	male_masculine	4.7235	common_voice_sw_30674993.wav
kivutio kikubwa cha hifadhi ya nyerer ni wanyama 	female_feminine	4.6875	common_voice_sw_30553156.wav
huku upande wa mama akiwa na asili ya italia 	male_masculine	5.4075	common_voice_sw_29936259.wav
uingereza ilieneza zaidi mvuto wake karne ya kumi na tisa kupitia wamisionari 	female_feminine	9.4755	common_voice_sw_30562871.wav
alikataliwa kwa vile alikuwa na umri mdogo wa miaka kumi na nne 	male_masculine	4.9755	common_voice_sw_30008054.wav
haki hiyo inahusu mtu binafsi na makundi pia 	male_masculine	6.0555	common_voice_sw_28660854.wav
watoto wanaweza kuacha shule kwa sababu ya kipaji 	male_masculine	4.5075	common_voice_sw_31326289.wav
andika sentensi zote kwa kitabu 	male_masculine	3.2115	common_voice_sw_36386306.wav
inataka kurejesha amani katika taifa lao 	female_feminine	3.9675	common_voice_sw_34812196.wav
rfi kiswahili itakujuza yatakaojiri katika mkutano huo kwa niaba ya mwenzangu abubakari suleiman 	male_masculine	10.4115	common_voice_sw_37097462.wav
hivyo kuhitajika mikakati maalum kabla ya kujadili masuala hayo 	male_masculine	5.9475	common_voice_sw_36039742.wav
jiji lipo katika pwani ya mjini kusini mwa mediteranea 	female_feminine	4.9035	common_voice_sw_29395929.wav
rais george washington alikuwa rais wa kwanza wa marekani 	male_masculine	2.8875	common_voice_sw_30223134.wav
matokeo ya awali ya vipimo yanaweza kuwa tayari ndani ya masaa mawili 	male_masculine	5.1555	common_voice_sw_30180835.wav
karibu na songea iko monasteri kubwa ya peramiho ya watawa 	male_masculine	6.7755	common_voice_sw_30146251.wav
kipaji cha messi na uwezo binafsi wa kucheza na mpira 	male_masculine	4.5075	common_voice_sw_30183454.wav
lakini hata baada ya ajali ya kisiasa kutokea inasemekana walikuwa na makubaliano mengine kuwa 	male_masculine	7.8915	common_voice_sw_36386241.wav
ndani ya majonzi makubwa huu ni ukatili wa kisaikolojia ambao mwanaume yeyote 	male_masculine	6.1275	common_voice_sw_30419820.wav
nitakapofufuka 	male_masculine	2.3475	common_voice_sw_36387245.wav
eneo hilo limetengwa kwa ajili ya uhifadhi wa viumbe vya baharini 	male_masculine	5.0475	common_voice_sw_29936666.wav
kutokana na wakati baadhi ya vitu kwenye magofu hayo vinaibwa vinaharibiwa 	male_masculine	6.5235	common_voice_sw_29898191.wav
yameingia katika siku ya nne hii leo 	male_masculine	3.8235	common_voice_sw_36389519.wav
alifanya masomo ya mawasiliano ya jamii katika taasisi ya mafunzo ya jamii nyegezi mwanza 	male_masculine	6.7755	common_voice_sw_29898087.wav
mazingira ni jumla ya mambo yote yanayomzuguka kiumbe katika maisha yake 	male_masculine	7.7475	common_voice_sw_30007271.wav
amemtaka mfalme hamadi kusitisha mapigano yanaendelea na kuanzisha mazungumzo kati ya pande mbili zinazokinzana 	male_masculine	8.6835	common_voice_sw_35224112.wav
mto nile umepita katika nchi tano za africa 	female_feminine	3.9675	common_voice_sw_31585383.wav
soka ya taifa ya ufukweni na timu za soka za taifa za vijana 	male_masculine	5.5875	common_voice_sw_29796249.wav
kisha akachukua pwani ya mashariki ya bahari ya 	female_feminine	2.9235	common_voice_sw_35250602.wav
kabla ya hapo kaole ilikuwa bandari muhimu katika pwani ya afrika mashariki 	female_feminine	5.6955	common_voice_sw_30659282.wav
mfano atomu sahili ya hidrojeni ina mzingo mmoja wenye elektroni moja tu 	male_masculine	7.8555	common_voice_sw_28582231.wav
na sayansi ya siasa katika chuo kikuu cha makerere kampala uganda akiwa mwanafunzi makerere 	female_feminine	6.7755	common_voice_sw_35156928.wav
mdomo wa nyangumi unaweza kuhifazi tani tisini za chakula na maji akiufumbua mdomo wake 	male_masculine	8.1435	common_voice_sw_30209768.wav
katika soko la kwa sababu maanake ile fedha inaweza kununua vitu vingi 	male_masculine	6.1275	common_voice_sw_36381594.wav
kwa upande wa wasichana na mama wajawazito waliufanya kazi za ndani 	male_masculine	7.6035	common_voice_sw_37084845.wav
utawala wake ulikuwa mfupi tu 	female_feminine	3.4275	common_voice_sw_28708516.wav
alikuwa mfalme wa buganda anayejulikana kama mfalme freddie 	male_masculine	5.0475	common_voice_sw_30354905.wav
new generationb united service na new kings karume 	male_masculine	2.4555	common_voice_sw_30181219.wav
mwinyi anaamini kuwa mafanikio yapo kwa kujituma 	male_masculine	4.3635	common_voice_sw_29997161.wav
unaweza kufanywa naye au na watu wengine kwa kibali chake au bila ya hicho 	male_masculine	5.7675	common_voice_sw_28660748.wav
alihamia kusini mwa california akiwa na miaka minne 	male_masculine	4.5435	common_voice_sw_28663341.wav
hata hivyo hali imeendelea kama kawaida katika kisiwa hicho 	male_masculine	4.9395	common_voice_sw_37089131.wav
na msitu wa nyumbanitu wenye kuku wa ajabu 	male_masculine	4.8675	common_voice_sw_30181551.wav
wetiliko ni wagogo wenye asili au mchanganyiko na wahehe pamoja na wabena 	female_feminine	7.6755	common_voice_sw_29847763.wav
nchini sierra leon kikundi cha west side boys 	female_feminine	3.4275	common_voice_sw_37099059.wav
ukitembelea fukwe nyingi za bahari ya hindi utaona ni jisi gani 	male_masculine	4.9755	common_voice_sw_30385720.wav
alikuwa raisi wa nne na wa sasa wa jamhuri ya kenya 	female_feminine	6.0555	common_voice_sw_34762821.wav
karafuu na mahindi bila kusasahu samaki na vitu vingine 	male_masculine	5.4435	common_voice_sw_29795404.wav
ioonesha kuwa rais wa sasa bagbo alikuwa ameongoza kwa aslimia thelathini na nane 	female_feminine	7.8555	common_voice_sw_37225734.wav
umaarufu unakuwa kutokana na wingi wa wageni wanaotokea nje ya nchi 	male_masculine	5.6955	common_voice_sw_29927111.wav
kwenye ufunguzi huo serikali ya mapinduzi ya zanzibar ilibainisha mambo kadhaa 	male_masculine	8.3595	common_voice_sw_37098342.wav
ni tofauti na utegemezi uliosisitizwa katika vijiji vya wapiganaji 	male_masculine	5.6235	common_voice_sw_30385748.wav
kituo cha kudhibiti na kuzuia magonjwa kiliunda misemo mbalimbali 	male_masculine	5.1555	common_voice_sw_30008769.wav
mmoja wa jinsi kiwanda kikubwa kinaweza kutenda ili kupunguza 	male_masculine	4.3635	common_voice_sw_36375273.wav
maporomoko ya maji malamba yanapatikana mkoani mbeya tanzania 	male_masculine	5.4075	common_voice_sw_30148245.wav
nchi wanachama wa shirikisho la biashara duniani 	male_masculine	4.7235	common_voice_sw_34763465.wav
zamani makocha hawakuwa na mpango wa soka la pasi fupi 	male_masculine	7.1355	common_voice_sw_31306441.wav
ninachemsha maji lakini halafu ninasahau mara moja 	male_masculine	4.3275	common_voice_sw_37097767.wav
taifa liliishi katika misingi ya ujamaa na kujitegemea 	male_masculine	4.4355	common_voice_sw_29960843.wav
pochettino anaweza kumtumia kwenye nafasi hiyo 	male_masculine	3.8955	common_voice_sw_29943192.wav
hata hivyo maisha ya binadamu hutegemea mazingira yake yanayomzunguka katika kujikimu 	male_masculine	5.1555	common_voice_sw_29941508.wav
wachezaji wote wawili ni bora sana duniani 	male_masculine	3.6075	common_voice_sw_29937892.wav
umahiri waa pele kwenye mpira ulikuwa mkubwa 	female_feminine	4.2555	common_voice_sw_30654036.wav
vita vikaibuka kati ya wamasai na waingereza 	male_masculine	4.9755	common_voice_sw_30365583.wav
shughuli kubwa ya wajita ni kilimo uvuvi na ufugaji 	male_masculine	4.7955	common_voice_sw_30380493.wav
je mtapiga kambi na katika kupiga kambi ni lazima mbebe mahema yenu 	male_masculine	6.6315	common_voice_sw_30209681.wav
amekiri kuwa tanzania inawahitaji zaidi wawekezaji kuliko wao wanavyohitaji kuwekaza 	female_feminine	6.7035	common_voice_sw_36617006.wav
nneno ambalo latumika 	male_masculine	3.0675	common_voice_sw_32091669.wav
tukianzia katika taifa la jamhuri ya kidemokrasaia ya congo 	male_masculine	5.6955	common_voice_sw_30204499.wav
ambao huchukua dawa za kurefusha maisha yao 	male_masculine	4.2555	common_voice_sw_31322786.wav
picha zetu ushahidi ambao tunatuma umekuwa wa faida 	female_feminine	4.2555	common_voice_sw_34748020.wav
meno ya tembo ni tofauti sana na yale ya mamalia wengine 	male_masculine	5.7315	common_voice_sw_29573648.wav
bado hakukaukiwa kweli mtoto wa nyoka ni nyoka 	female_feminine	5.0835	common_voice_sw_31284519.wav
ya misitu kila kwa urefu na kwa upana 	male_masculine	3.1755	common_voice_sw_36383687.wav
kusababisha madhara makubwa ya kiafya lakini kivyovyote vile ni upungufu mkubwa 	female_feminine	7.2435	common_voice_sw_34823908.wav
hii ilifuatiwa na kuzuwia biashara hiyo kwenye milki ya zanzibar 	female_feminine	5.6955	common_voice_sw_35105275.wav
michuano ya kombe la dunia ya ilifanyika nchini romania 	female_feminine	4.5075	common_voice_sw_30658645.wav
pamoja na tuzo ya albamu bora kwa mwaka elfu mbili na nne mwimbaji bora 	female_feminine	5.8755	common_voice_sw_35214287.wav
aliyemfuata alikuwa mwana wake abdullah bin khalifa sultani wa mwisho kisiwani 	male_masculine	7.9275	common_voice_sw_28817324.wav
hadi mia nne sitini na saba katika mwaka elfu moja mia tisa sabini 	male_masculine	5.4435	common_voice_sw_30323933.wav
mkopo huo ulikusudiwa kwenda kusaidia upatikanaji wa elimu bora kwa wanafunzi 	male_masculine	5.6955	common_voice_sw_29960796.wav
wa nini huyo mtu amebeba kinachokuhusu unavyoongezeka 	male_masculine	5.4435	common_voice_sw_29898592.wav
uamuzi wa bibi titi kutetea jumuiya ya hiyo 	male_masculine	4.7955	common_voice_sw_30380730.wav
kuanzia hapo mambo hayakuendelea kuwa mazuri kwake 	male_masculine	5.9475	common_voice_sw_31410387.wav
kuchangia katika kuleta maendeleowiki iliyopita mawaziri wa 	male_masculine	5.4435	common_voice_sw_35132610.wav
hapa ni asili ya nyumba ya wageni na hoteli 	male_masculine	4.5075	common_voice_sw_28670614.wav
baadaye alihamia na kufanya kazi marekani 	female_feminine	4.0755	common_voice_sw_28689115.wav
inapatikana kiasili katika madini hasa uhindi marekani na australia 	male_masculine	6.6675	common_voice_sw_28663344.wav
mwaka huo ulikuwa kilele cha kazi yake ya riadha 	male_masculine	5.3355	common_voice_sw_28670637.wav
kihistoria watu wa china walikuwa wa kwanza wenye ujuzi wa kutengeneza hariri 	female_feminine	5.8035	common_voice_sw_29272178.wav
ubovu wa barabara hizo umechangia kwa kiasi kikubwa kukwamisha usafirishaji wa pembejeo 	male_masculine	8.2875	common_voice_sw_29796307.wav
inaongezeka hifadhi ya taifa ya ngorongoro kaskazini mwa tanzania 	male_masculine	6.6675	common_voice_sw_30335029.wav
kwa ajili ya kushiriki misa ya shukrani ya watoto wao 	male_masculine	4.0035	common_voice_sw_30381014.wav
kingine huweka akiba tumboni mwake hivyo muda anapopumzika hucheua na kuanza kula upya 	male_masculine	8.1435	common_voice_sw_29994798.wav
hali ya hewa ni ya wastani hakuna baridi kali wala joto kali 	male_masculine	4.7235	common_voice_sw_28878763.wav
tusker walikuja wakachukua ushindi kwa huo uwanja wa afuraha 	male_masculine	6.5235	common_voice_sw_36310746.wav
ni asili ya amerika ya kitropiki ikiwa ni pamoja na karibi 	male_masculine	5.2275	common_voice_sw_29001972.wav
pep aliendeleza ubabe wake alipokuwa bayern 	male_masculine	4.6155	common_voice_sw_30671869.wav
isimila ni kivutio kinachopatikana mkoa wa iringa 	male_masculine	2.1675	common_voice_sw_37214800.wav
jonna hupata hasira akikosa pesa 	male_masculine	3.4275	common_voice_sw_36387814.wav
rais wa ghana anataka mwili urudi ghana lakini toure alikataa 	female_feminine	5.4435	common_voice_sw_30267159.wav
mafuta palikuwa na kilimo kidogo sana halafu ufugaji na 	female_feminine	4.0755	common_voice_sw_36642418.wav
kangaroo dume ni mkubwa kuliko jike 	male_masculine	3.1035	common_voice_sw_30007191.wav
la nchi ni umbo la kihispania la jina la mji wa venezia 	female_feminine	6.4875	common_voice_sw_35155115.wav
hawajamwona kwa mwongo mmoja sasa 	female_feminine	3.1755	common_voice_sw_37213631.wav
katika siku ya kwanza ya mkutano wa kuzungumzia hatma ya nchi ya kongo itakumbukwa 	female_feminine	6.7035	common_voice_sw_35106462.wav
mama ameshinda tuzo kubwa sana 	female_feminine	3.4635	common_voice_sw_37083258.wav
pia kwa taifa la ghana linaongoza kwa kilimo cha kakao 	male_masculine	4.2555	common_voice_sw_30025526.wav
rangi pia huonyesha dhana na vipengele muhimu katika tamaduni za wamasai 	male_masculine	6.3075	common_voice_sw_30121663.wav
tisa na tarehe kumi na moja hatimaye mwaka wa elfu mbili na tatu gaddafi 	female_feminine	6.6675	common_voice_sw_34757040.wav
mchakato wa ujenzi wa bomba hilo litakalosafirisha mafuta hayo umeanza na unakaribia kukamilika 	male_masculine	8.3955	common_voice_sw_30577887.wav
kuwa mtanzania tujivunie kuwa mkenya tujivunie kuwa mu east afrika 	male_masculine	7.0635	common_voice_sw_36013909.wav
kabla ya enzi ya kati kulikuwa na ustaarabu wa dola la roma 	male_masculine	5.5875	common_voice_sw_28879681.wav
wataalamu kutoka nchi nyingi walianza kukusanya pesa kwa uhamisho wa majengo 	male_masculine	5.9835	common_voice_sw_29322314.wav
takriban makabila yote ya tanzania wakiwemo waluguru yana utajiri mkubwa wa historia na taratibu 	male_masculine	9.0075	common_voice_sw_37097375.wav
alipangiwa kazi yake ya kwanza ya kichungaji katika kijiji cha niegowiic 	male_masculine	5.8755	common_voice_sw_30647797.wav
alimaliza elimu yake ya juu katika chuo kikuu cha mt 	male_masculine	5.4435	common_voice_sw_28682402.wav
lakini utawala wao ulifuatiwa na kutokuwepo utulivu 	female_feminine	5.3355	common_voice_sw_30369628.wav
wanatokea misitu ya afrika kusini kwa sahara 	female_feminine	4.0755	common_voice_sw_28733241.wav
lakini kwa ajili ya mkutano huu wanaohudhuria nayasema haya 	male_masculine	6.6675	common_voice_sw_35108173.wav
anahakikisha mafanikio katika vita au mvua za kutosha 	male_masculine	5.0475	common_voice_sw_36318757.wav
mechi ya marudiano bayern munich ilikubali kichapo 	male_masculine	3.9675	common_voice_sw_29942918.wav
nyota huyo mwenye umri wa miaka thelathini na nne sasa 	female_feminine	4.8675	common_voice_sw_29943869.wav
vijana na wazee piahapa tutaongelea aina mbili za 	male_masculine	4.3995	common_voice_sw_37096395.wav
ni zama ambazo watu wote waliishi kwa kushirikiana katika kila sekta 	female_feminine	6.1275	common_voice_sw_30327544.wav
wimbo wake ni kati ya maandiko matakatifu ya kale zaidi 	male_masculine	5.6235	common_voice_sw_29616737.wav
baadhi ya timu hizo ni simba na yanga na nyengine nyingi 	male_masculine	4.6875	common_voice_sw_30025175.wav
lakini kubwa zaidi kwa makumbusho hii si kuusikitikia mkasa wa kuzama wa titanic 	male_masculine	6.1635	common_voice_sw_30097856.wav
matumizi hayo ya maji yanaweza kuwa 	male_masculine	3.6075	common_voice_sw_28583173.wav
shambulizi hilo lililothibitishwa kufanywa na wafuasi wa mtandao wa kigaidi wa alqaeda 	male_masculine	8.4675	common_voice_sw_37087339.wav
hii ni riwaya maarufu zaidi ya mwandishi 	male_masculine	4.7235	common_voice_sw_28817504.wav
wachezaji wengi wakubwa nchini ujerumani wanacheza bayern munich 	male_masculine	6.4155	common_voice_sw_30201574.wav
ndege hawa wanatokea misitu na maeneo mengine yenye miti katika afrika kusini kwa sahara 	male_masculine	8.5755	common_voice_sw_28662081.wav
yohane paulo wa pili alitoa mafundisho mengi kuhusu jamii 	male_masculine	4.5075	common_voice_sw_30090642.wav
vita ilipiganwa chini ya uongozi wa chifu mkwawa 	female_feminine	4.9755	common_voice_sw_34941999.wav
ukimwi ulitambuliwa mara ya kwanza na vituo vya kuzuia na kudhibiti magonjwa huko marekani 	female_feminine	8.1435	common_voice_sw_30667252.wav
ualimu huo unaweza kuwa wa kawaida na usio wa kawaida 	male_masculine	6.1635	common_voice_sw_28814488.wav
kwa hiyo ni sehemu ya mmea iliyopo juu ya ardhi 	male_masculine	4.9755	common_voice_sw_28878010.wav
wanyama milioni moja aina ya nyumbu 	male_masculine	4.1835	common_voice_sw_29915430.wav
baada ya kufika kutoka bara na kusubiri hadi kurudi 	male_masculine	3.9675	common_voice_sw_29942289.wav
baadhi ya miundombinu hiyo ni bandari viwanda vya kusindika samaki uchimbaji mafuta na gesi 	female_feminine	6.8835	common_voice_sw_35103585.wav
kilikuwa tayari chama cha siasa kinachoongoza tanganyika 	male_masculine	3.7875	common_voice_sw_29987560.wav
mlima klute ni mlima unaoshika nafasi ya tatu kwa ukubwa hapa tanzania 	male_masculine	6.8835	common_voice_sw_31321474.wav
ukija hapa unalipa shilingi mia nane za kiingilio pamoja na tozo gharama za usafiri 	male_masculine	8.1435	common_voice_sw_29895831.wav
usipo harakisha utabaki nyuma 	male_masculine	3.5355	common_voice_sw_37101488.wav
ambapo aliwapa maji aliyodai kuwa na dawa ambayo ingewafanya wasiweze kudhurika 	male_masculine	9.5835	common_voice_sw_35757058.wav
lugha yake ya asili ni kifaransa 	male_masculine	4.1475	common_voice_sw_29613090.wav
timu ya taifa ya brazil haikufua dafu kwa argentina 	male_masculine	3.9675	common_voice_sw_29995449.wav
wawasiliane ili kushughulikia changamoto ya gharama ya bandwidth 	male_masculine	5.7675	common_voice_sw_36383621.wav
husababisha mtu kupata ugumu kupata haja ndogo 	male_masculine	4.6155	common_voice_sw_36042880.wav
wakati timu yake ikiizamisha ihefu na kumfanya aandike historia ya kufunga kila msimu 	female_feminine	7.6035	common_voice_sw_29797555.wav
ofisi za kale zilikuwa sehemu ya jumba au hekalu kubwa 	female_feminine	4.9035	common_voice_sw_28837878.wav
yeye hana asili nyingine na yeye ndiye sababu kuu ya sababu zote 	female_feminine	4.5435	common_voice_sw_29659493.wav
hasa watu kwenye visiwa vingi vya pasifiki wana utamaduni wa karibu 	male_masculine	7.0275	common_voice_sw_29609982.wav
samia alijiunga na shule ya sekondari ngambo na lumumba unguja 	male_masculine	6.1635	common_voice_sw_30629032.wav
samia suluhu hassan na rais mteule john magufuli wamedumisha amani na upendo 	male_masculine	7.7835	common_voice_sw_30091464.wav
uhamiaji huu umeonyeshwa katika filamu na programu nyingi za televisheni 	male_masculine	6.7755	common_voice_sw_29945675.wav
ilikuwa moja ya sehemu za dini ya ugiriki ya kale 	male_masculine	3.6075	common_voice_sw_28683272.wav
mwenyekiti wa chama cha wanahabari nchini kenya oloo janak 	female_feminine	4.8675	common_voice_sw_34920418.wav
wafungwa wananyanyaswa sana 	female_feminine	3.4275	common_voice_sw_34942721.wav
ndivyo hivyo asilimia kubwa ya dunia imezungukwa na maji 	male_masculine	5.3355	common_voice_sw_30091168.wav
au uanachama kutokuwepo na utashi wa kisiasa 	male_masculine	6.1635	common_voice_sw_36381144.wav
wananchi wengi walikuwa na mapenzi mazito na chama tawala 	female_feminine	6.1275	common_voice_sw_30659335.wav
jamii za wapare zimegawanyika katika makundi ya wafugaji na wakulima 	male_masculine	5.6235	common_voice_sw_30629814.wav
alikuwa mmoja wa washitakiwa zaidi ya nia moja 	male_masculine	5.2275	common_voice_sw_30577843.wav
messi akishinda tuzo za shirikisho la kimataifa la mpira wa miguu ballons dor 	male_masculine	6.4875	common_voice_sw_30327474.wav
anatokea katika jamii ya watu weusi 	male_masculine	4.7235	common_voice_sw_28820741.wav
waingereza walichukua utawala wa koloni mwaka elfu moja mia tisa na kumi na nane 	male_masculine	5.5875	common_voice_sw_29797024.wav
bawasiri inayotoka wakati wa haja kubwa kurudi yenyewe baada ya kumaliza kujisaidia 	male_masculine	5.8755	common_voice_sw_29937372.wav
mkwawa aliongoza kabila la wahehe kupambana dhidi ya wajerumani 	male_masculine	6.0555	common_voice_sw_30202010.wav
mimi nataka kukusaidia na kitu chochote utakacho 	male_masculine	6.53965625	common_voice_sw_37223754.wav
utawala wetu umekuwa na utaratibu tofauti na zilivyo nchi zingine 	male_masculine	6.3435	common_voice_sw_30180213.wav
amekosa upinzani kwenye beki ya kulia tangu mwaka elfu mbili na sita 	male_masculine	6.7035	common_voice_sw_30180172.wav
baadhi ya rekodi na kumbukumbu huwa zinafurahisha na kuvutia lakini nyingine zinaweza 	male_masculine	5.8755	common_voice_sw_30025833.wav
picha za feri za zamani na za kisasa 	male_masculine	3.5355	common_voice_sw_28683132.wav
akionyesha mziki wake kwa sasa imepita miezi mitano 	female_feminine	4.1475	common_voice_sw_37212316.wav
florida ilitawaliwa kama mkoa chini ya ufalme mdogo wa hispania mpya 	male_masculine	5.4075	common_voice_sw_28681624.wav
ni mwezi wa kwanza na mwezi wa nne 	male_masculine	3.7875	common_voice_sw_30634570.wav
kila jimbo lina katiba yake serikali bunge na mahakama kulingana na mgawanyo wa madaraka 	male_masculine	7.7475	common_voice_sw_28660699.wav
ziwa viktoria linapatikanankaskazini magharibi mwa tanzania 	male_masculine	5.9835	common_voice_sw_30021359.wav
mourinho aliwahi kujiondosha porto na inter milan 	male_masculine	5.2635	common_voice_sw_31304488.wav
kwa maana hii ya kawaida nchi ni kitengo cha kisiasa katika eneo maalumu 	male_masculine	7.1355	common_voice_sw_28815232.wav
kuna miezi minne ambako jotoridi iko juu ya sentigredi sifuri 	male_masculine	6.0555	common_voice_sw_28683149.wav
mazishi yalikuwa ya kulaza maiti makaburini mwanaume akilazwa upande wa kulia 	female_feminine	4.7955	common_voice_sw_30357188.wav
alipata kibali cha bunge kwa badiliko la katiba 	male_masculine	4.4355	common_voice_sw_29997560.wav
ngao bado hutumiwa na vikosi vya polisi na jeshi leo 	male_masculine	6.0555	common_voice_sw_28691193.wav
tanzania imebarikiwa kuwa na hifadhi nyingi 	female_feminine	3.2475	common_voice_sw_30024838.wav
boti za kwanza za uokoaji zilichukua watu wachache sana 	female_feminine	5.2275	common_voice_sw_35183470.wav
jaji mkuu wa mahakama za tanzania anateuliwa na rais 	female_feminine	3.8955	common_voice_sw_31446514.wav
wakati huo wahehe walikuwa wameimarisha himaya yao 	male_masculine	4.0755	common_voice_sw_30327506.wav
mojaconor mcgregor 	male_masculine	3.1755	common_voice_sw_30364101.wav
kwa asili wapare hupeleka vijana wa kiume jando 	male_masculine	4.9755	common_voice_sw_30180321.wav
wakti kule afrika ya kati ni saa kumi na moja 	male_masculine	5.4075	common_voice_sw_36807751.wav
wazazi wengine wajadiliane na watoto wao kuhusu mahusiano 	male_masculine	4.7955	common_voice_sw_36067438.wav
uhuum lipi lingine kwa ufupi tu ni kuhusiana na kutajwa kwa mwana 	male_masculine	8.6475	common_voice_sw_36945173.wav
walikula sehemu tofauti wanaume na wanawake bila kujali umri walizingatia jinsia tu 	female_feminine	6.1275	common_voice_sw_30074378.wav
viongozi wengi hasa mawaziri wa serikali ya umoja wa kitaifa walishindwa kushika viti bungeni 	female_feminine	6.4875	common_voice_sw_29389832.wav
zanzibar inaongozwa na serikali ya mapinduzi 	male_masculine	3.1755	common_voice_sw_30025907.wav
kisha akakagua magazine zake zilikuwa zimejaa risasi akaziweka kiunoni zile bastola 	male_masculine	8.6835	common_voice_sw_37226038.wav
tanzania ingekuwa na mto unaotoa maji ziwa nyasa ingekuwa na fursa nyingi za ajira 	male_masculine	6.4875	common_voice_sw_30233704.wav
profesa leonard paulo shaidi ambaye aliwahi kuwa mhadhiri mwandamizi 	female_feminine	7.2075	common_voice_sw_30355447.wav
leo hii idadi kubwa ya wakazi ni wa asili ya kihindi 	male_masculine	5.7675	common_voice_sw_28582977.wav
milima ya karambi na mlima karatu pamoja na mlima karema 	male_masculine	7.9635	common_voice_sw_29815984.wav
imepakana na atlantiki botswana na namibia 	female_feminine	4.7955	common_voice_sw_29595349.wav
mpaka saa kumi na moja alfajiri bibi harusi atakapowasili 	male_masculine	5.2275	common_voice_sw_30117890.wav
maradona ndiye mchezaji aliyefunga bao la ajabu duniani 	male_masculine	4.9035	common_voice_sw_29795214.wav
shule hiyo si tu hufundisha na kutangaza utamaduni 	female_feminine	4.5435	common_voice_sw_35108119.wav
kukabili masharti na ishara ya mwanzo mpya wa wanaharusi 	female_feminine	5.2275	common_voice_sw_30574705.wav
baganda lilikuwa kabila lililopendelewa zaidi na wakoloni 	male_masculine	4.1835	common_voice_sw_30634590.wav
walimu wamefika 	female_feminine	3.0675	common_voice_sw_34812502.wav
watalii wengi wanapenda kuyaona mandhari mazuri ya empokai 	male_masculine	6.9555	common_voice_sw_31321189.wav
pia amerika na sehemu nyingine za dunia 	female_feminine	3.4275	common_voice_sw_30324969.wav
lakini basi wakazi wanaweza pia kuleta mipango maalum ya maendeleo 	female_feminine	4.6155	common_voice_sw_29488455.wav
mkapa alijitosa kugombea urais kwa tiketi ya chama cha mapinduzi 	female_feminine	7.18765625	common_voice_sw_30079380.wav
pia ipo halmashauri ya wilaya ya liwale na halmashauri ya manispaa ya lindi 	male_masculine	6.0555	common_voice_sw_30478320.wav
kwenye nafasi mojawapo za nyuma na kumuweka kama mshambuliaji 	male_masculine	4.9755	common_voice_sw_30671871.wav
ikiwa ni pamoja na utengenezaji wa daraja la kisasa 	male_masculine	4.3635	common_voice_sw_29936526.wav
hifadhi ya taifa ya serengeti imetajwa kuwa ni kivutio pekee kilichopigiwa kura nyingi 	male_masculine	7.5675	common_voice_sw_29895680.wav
ingawa uchina iliendelea kuwa mshirika muhimu katika vita dhidi ya ubaguzi wa rangi 	male_masculine	6.5235	common_voice_sw_30671870.wav
dalili za ugonjwa huu zinategemea mgonjwa ameambukizwaje bakteria wanaosababisha tauni 	male_masculine	5.8755	common_voice_sw_30020580.wav
wazee wataulizia kwanza kama ukoo huo ni wa karibu au wa mbali 	male_masculine	6.71965625	common_voice_sw_30629720.wav
ni ndugu mapacha sawa 	male_masculine	2.8155	common_voice_sw_28690165.wav
mtalii wa magharibi kuwa watu wa mashariki 	female_feminine	4.3275	common_voice_sw_35107793.wav
kwa wapare walio wengi uchawi na wizi vilipigwa marufuku hadi kwenye matambiko 	male_masculine	9.0075	common_voice_sw_30257461.wav
jina lilidumu mpaka mwaka elfu moja mia tisa na arobaini na nane 	male_masculine	6.1635	common_voice_sw_30327466.wav
jeff bezos alitangazwa kuwa mtu wa pili kwa utajiri zaidi duniani 	male_masculine	4.6155	common_voice_sw_29997295.wav
mhalifu alikusudia kutekeleza mauaji ya kimbari 	male_masculine	5.6235	common_voice_sw_35280818.wav
kufuatana na uainishaji wa lugha kwa ndani zaidi kingbandi kaskazini iko katika kundi la kiadamawa ubangi 	female_feminine	7.9635	common_voice_sw_28836125.wav
wakati huo walikuwa mia moja tu ndio walikuwa wamepata elimu ya chuo kikuu 	male_masculine	6.8475	common_voice_sw_30635683.wav
blob anaweza kujua kila harufu ya vitu mbalimbali 	male_masculine	5.6955	common_voice_sw_29935031.wav
kutokana na kuziba au kupasuka kwa mishipa ya damu kwenye ubongo 	male_masculine	5.4435	common_voice_sw_30115573.wav
wanasayansi wanaona athari kubwa ya dhoruba ya bahari ya hindi 	female_feminine	5.6955	common_voice_sw_30030033.wav
ilitangazwa kuwa majelaha yote yaliyokuwa kichwani kwa biko 	female_feminine	6.9555	common_voice_sw_35181842.wav
mamba hupenda kuishi katika maji baridi kama vile maziwa mito ardhi tepe tepe 	male_masculine	8.8275	common_voice_sw_29333345.wav
messi ameshinda tuzo sita za mchezaji bora wa dunia 	male_masculine	5.6955	common_voice_sw_30201412.wav
kongosho haitengenezi kabisa insulini au inatengeneza kwa kiasi kidogo sana 	male_masculine	6.7035	common_voice_sw_29915388.wav
pia mataifa mengine duniani kote yenye kusafirisha mizigo 	female_feminine	5.5155	common_voice_sw_30355297.wav
ya rais mugabe na waziri mkuu shangirai 	female_feminine	3.9675	common_voice_sw_35438719.wav
rhoda alimshika kila mtoto mkono mmoja 	male_masculine	3.3555	common_voice_sw_36381972.wav
na na na namna hiyo unatamani watu wapone magonjwa yao 	male_masculine	5.3355	common_voice_sw_36252472.wav
chakula cha baba ni kizuri sana 	male_masculine	2.4555	common_voice_sw_36382203.wav
kikombe kimechafuliwa na mtoto 	male_masculine	3.4275	common_voice_sw_36386040.wav
katika msitu huo lakini cha kushangaza makabila hamsini 	male_masculine	8.1075	common_voice_sw_35683131.wav
tukiyatunza mazingira yatatusaidia katika kilimo ufugaji na mvua pia 	male_masculine	6.5955	common_voice_sw_29795529.wav
siku za sikukuu fukwe hizo zinafurika watu mbalimbali wa aina tofauti 	male_masculine	8.9355	common_voice_sw_30406685.wav
saa saba na nusu mchana jacob alikuwa asili yetu restaurant kuitikia wito wa mtaalamu 	female_feminine	5.9835	common_voice_sw_35206845.wav
anakikatwa katikati anawezo kujiunganisha kwa dakika mbili 	male_masculine	5.8755	common_voice_sw_29887266.wav
wamiliki wa watumwa walitoa zawadi kubwa kwa kurudi kwa watumwa wao 	female_feminine	7.3155	common_voice_sw_28666334.wav
alikuwa paroko msaidizi wa parokia ya mtakatifu petro oysterbay 	male_masculine	5.0835	common_voice_sw_30181899.wav
tulijifunza jambo lolote kutokana na ajali hiyo 	female_feminine	3.5355	common_voice_sw_30591046.wav
maambukizi yanaweza kuendelea bila ya kuwa na dalili 	male_masculine	6.0555	common_voice_sw_29906240.wav
kutambua jadi ya spishi za maji baridi ilikuwa tatizo 	male_masculine	6.0555	common_voice_sw_28691415.wav
ukuaji wa uchumi haukuonekana moja kwa moja 	male_masculine	4.9035	common_voice_sw_29895773.wav
wafanyikazi elfu moja mia tano walishiriki katika ujenzi wa titanic 	male_masculine	5.2635	common_voice_sw_36036870.wav
kaburi ilipambwa kwa kusimamisha ubao mguuni na sanamu ya ubao mwenye kofia kichwani 	female_feminine	9.1155	common_voice_sw_30561986.wav
amejihusisha na tawi la taasisi ya waafrika tanganyika 	male_masculine	5.2635	common_voice_sw_30638512.wav
brazil iliweka historia ya kushinda kombe la ubingwa wa dunia kwa mara ya nne 	male_masculine	5.0835	common_voice_sw_29979547.wav
mwaka uleule alifunga ndoa 	male_masculine	3.9675	common_voice_sw_28815205.wav
lilikuwa pia jina la mungu wa kike katika dini ya roma ya kale 	male_masculine	6.7035	common_voice_sw_29728364.wav
flaviana aliweza kusaidia baadhi ya wasichana 	male_masculine	5.2635	common_voice_sw_29905139.wav
basi ni fursa yao nikushukuru sana edwin david 	male_masculine	5.0835	common_voice_sw_34751050.wav
inaaminika kwamba baada ya hapo watu watazungumza tu mambo mazuri 	male_masculine	6.3435	common_voice_sw_36318597.wav
chalinze ni wilaya iliyopo mkoa wa pwani 	female_feminine	3.7875	common_voice_sw_29797755.wav
baadae rais hussein mwinyi akamteua kuwa makamu wa kwanza wa rais 	male_masculine	5.8755	common_voice_sw_29877984.wav
