audio	sentence	gender_domain
/scratch/skscla001/experiments/datasets/swagen/audio/common_voice_sw_30182312.wav	mvua kubwa ilichangia ukuaji mkubwa wa majani 	0
/scratch/skscla001/experiments/datasets/swagen/audio/common_voice_sw_30450714.wav	nchi ilikuwa inaongozwa na gavana ambaye alikuwa mwakilishi wa malkia 	1
/scratch/skscla001/experiments/datasets/swagen/audio/common_voice_sw_30671505.wav	ilijengwa kati ya mwaka elfu moja mia tisa na sabini 	1
/scratch/skscla001/experiments/datasets/swagen/audio/common_voice_sw_30577568.wav	mwaka elfu mbili na tano kitulo likatangazwa kuwa hifadhi ya taifa 	1
/scratch/skscla001/experiments/datasets/swagen/audio/common_voice_sw_34750536.wav	fursa nyingine ni uvuvi wa bahari kuu ufugaji samaki na mazao ya bahari 	1
/scratch/skscla001/experiments/datasets/swagen/audio/common_voice_sw_31285078.wav	operesheni hiyo ilipewa jina operation neptune spear 	0
/scratch/skscla001/experiments/datasets/swagen/audio/common_voice_sw_29509818.wav	kutoka morogoro kuna njia nyingine ya lami hadi dodoma 	1
/scratch/skscla001/experiments/datasets/swagen/audio/common_voice_sw_37084330.wav	kitu kipya leo imba kwa shangwe wewe uliye tasa 	1
/scratch/skscla001/experiments/datasets/swagen/audio/common_voice_sw_36944892.wav	wamekuwa wakidhani kwamba mkoa huo una kabila moja tu wakurya 	1
/scratch/skscla001/experiments/datasets/swagen/audio/common_voice_sw_30019852.wav	imeshavutia mamia kwa maelfu ya wageni kuitembelea huku ikisubiri kufunguliwa rasmi 	1
/scratch/skscla001/experiments/datasets/swagen/audio/common_voice_sw_29902475.wav	na kuchapa kazi na pia kusimamia vyema nyumba yake 	1
/scratch/skscla001/experiments/datasets/swagen/audio/common_voice_sw_30233705.wav	inaendelea kupokea ruaha mdogo na mto kisigo 	1
/scratch/skscla001/experiments/datasets/swagen/audio/common_voice_sw_30635647.wav	party walipewa nafasi serikalini kufikia machi okello 	1
/scratch/skscla001/experiments/datasets/swagen/audio/common_voice_sw_29789644.wav	hatuwezi kusema tuna usawa wakati haki zetu hazizingztiwi 	0
/scratch/skscla001/experiments/datasets/swagen/audio/common_voice_sw_29796289.wav	mzee ferguson alikaa miaka ishirini na sita manchester united 	1
/scratch/skscla001/experiments/datasets/swagen/audio/common_voice_sw_30526919.wav	hapo wanawake huwa hawaruhusiwi kuingia kuona ila wanaume tu 	0
/scratch/skscla001/experiments/datasets/swagen/audio/common_voice_sw_37091804.wav	ni tasnia inayoonekana kusaidia ukuaji wa uchumi kupitia sekta ya utalii 	1
/scratch/skscla001/experiments/datasets/swagen/audio/common_voice_sw_29001945.wav	williams anaishi texas akiwa na mkewe pamoja na binti yao 	1
/scratch/skscla001/experiments/datasets/swagen/audio/common_voice_sw_30364097.wav	vilevile malengo mengine yalikuwa ni katika kulinda 	0
/scratch/skscla001/experiments/datasets/swagen/audio/common_voice_sw_29936854.wav	kiasi cha barafu juu ya mlima ni kidogo sana kuliko kiasi cha maji 	1
/scratch/skscla001/experiments/datasets/swagen/audio/common_voice_sw_29789388.wav	kama walimwona msichana mrembo watamtafuta ndugu yao ambaye watamtaka 	1
/scratch/skscla001/experiments/datasets/swagen/audio/common_voice_sw_37215908.wav	karibu sana kijana wangu alisema mzee makame kwa uchangamfu 	0
/scratch/skscla001/experiments/datasets/swagen/audio/common_voice_sw_30180281.wav	tangu wakati huo mji umendelea kupata umaarufu hadi sasa 	1
/scratch/skscla001/experiments/datasets/swagen/audio/common_voice_sw_30220047.wav	kutokana na ukuaji wa sayansi na technolojia katika nchi yetu ya tanzania 	0
/scratch/skscla001/experiments/datasets/swagen/audio/common_voice_sw_37225464.wav	nikutakie kila la heri katika siku hii ya leo 	1
/scratch/skscla001/experiments/datasets/swagen/audio/common_voice_sw_29728304.wav	wiki ni nyanja za utafiti mwingi 	1
/scratch/skscla001/experiments/datasets/swagen/audio/common_voice_sw_30574832.wav	inatakiwa kujiamini kwamba ulemavu sio kikwazo cha kufanya kitu ambacho unakipenda 	1
/scratch/skscla001/experiments/datasets/swagen/audio/common_voice_sw_36299930.wav	wa kawaida naweza kufikisha ujumbe kwa jamii kupitia wimbo nikawaelezea hali yangu 	1
/scratch/skscla001/experiments/datasets/swagen/audio/common_voice_sw_29795364.wav	nairobi nchini kenya karibu na mpaka wa uganda 	1
/scratch/skscla001/experiments/datasets/swagen/audio/common_voice_sw_30025433.wav	mnamo elfu mbili na nne migahawa miwili ya kwanza ya mtandao ilifunguliwa 	1
/scratch/skscla001/experiments/datasets/swagen/audio/common_voice_sw_36382163.wav	kutumia mawasiliano hayo yaliyokuwepo tayari watu wa mediteraneo 	1
/scratch/skscla001/experiments/datasets/swagen/audio/common_voice_sw_35108087.wav	gera redio ufaransa kwa habari zisioengemea upande wowote huyu ni taib abdala kwambasora 	1
/scratch/skscla001/experiments/datasets/swagen/audio/common_voice_sw_29942124.wav	wakati naanza nilikuwa upande wa habari pekee 	1
/scratch/skscla001/experiments/datasets/swagen/audio/common_voice_sw_31808930.wav	lupembe alieleza ndege hupendelea kuogelea pamoja 	0
/scratch/skscla001/experiments/datasets/swagen/audio/common_voice_sw_30381662.wav	mchezo wa soka unafuatiliwa sana na watu wengi ulimwenguni 	0
/scratch/skscla001/experiments/datasets/swagen/audio/common_voice_sw_37092628.wav	zugu alijitahidi kukabiliana na maji ili amtoe jacob 	1
/scratch/skscla001/experiments/datasets/swagen/audio/common_voice_sw_34835986.wav	ambavyo watu wanaweza kuweka nyumbani mwao 	0
/scratch/skscla001/experiments/datasets/swagen/audio/common_voice_sw_30145858.wav	adolf hilter aliweza kuwa mwanajeshi wa kawaida 	1
/scratch/skscla001/experiments/datasets/swagen/audio/common_voice_sw_29995193.wav	sheria hizi za muungano zilithibitisha hati za muungano 	1
/scratch/skscla001/experiments/datasets/swagen/audio/common_voice_sw_37329863.wav	walijadiliana kuhusu ushirikiano wa kimkakati kati ya marekani na kenya kuhamasisha amani na usalama 	0
/scratch/skscla001/experiments/datasets/swagen/audio/common_voice_sw_29023214.wav	chanzo cha madrid ni katika zamani za waroma katika hispania 	1
/scratch/skscla001/experiments/datasets/swagen/audio/common_voice_sw_30342504.wav	huku watu wengi wakiendelea kuamini kuwa idi amin ndiye mhusika mkuu kwa mauaji 	1
/scratch/skscla001/experiments/datasets/swagen/audio/common_voice_sw_36617544.wav	arat ni mwezi wa uhaba ambapo mvua zinanyesha kidogo husababisha mabwawa kukauka 	0
/scratch/skscla001/experiments/datasets/swagen/audio/common_voice_sw_32323955.wav	twelipofika twenngoja mwalimu 	1
/scratch/skscla001/experiments/datasets/swagen/audio/common_voice_sw_30653970.wav	watu wa sudani ya kusini walihamia uganda 	0
/scratch/skscla001/experiments/datasets/swagen/audio/common_voice_sw_30176377.wav	mji wa mto wa mbu ni maarufu kwa shughuli za kiutalii 	0
/scratch/skscla001/experiments/datasets/swagen/audio/common_voice_sw_30025864.wav	wengi wanamkata blob vipande waweze kumbeba 	1
/scratch/skscla001/experiments/datasets/swagen/audio/common_voice_sw_29001963.wav	baadhi ni ngumu kama almasi 	1
/scratch/skscla001/experiments/datasets/swagen/audio/common_voice_sw_30182446.wav	dhoruba ilikuwa kimbunga ya kaskazini ya kitropiki 	1
/scratch/skscla001/experiments/datasets/swagen/audio/common_voice_sw_31409809.wav	ndege nyeupe huonekana vizuri zikiwa angani hivyo kuongeza usalama wa ndege 	1
/scratch/skscla001/experiments/datasets/swagen/audio/common_voice_sw_37089141.wav	kama unataka kukariri shairi njoo 	0
/scratch/skscla001/experiments/datasets/swagen/audio/common_voice_sw_30653764.wav	kinaeleza kisa cha wadigo vizuri tu kutoka huko walipotoka mpaka kuwapo kenya na tanzania 	0
/scratch/skscla001/experiments/datasets/swagen/audio/common_voice_sw_36390353.wav	na kuteketeza nyumba hamsini tisa kwa siku ya pili sasa 	1
/scratch/skscla001/experiments/datasets/swagen/audio/common_voice_sw_30035202.wav	matumizi ya vidonge vya uzazi wa majira lilikuwa kosa kubwa 	0
/scratch/skscla001/experiments/datasets/swagen/audio/common_voice_sw_30220481.wav	wananchi watapata huduma ya umeme kwa wingi majumbani mwao 	0
/scratch/skscla001/experiments/datasets/swagen/audio/common_voice_sw_30225322.wav	alianza kufanya mikataba na watawala wenyeji katika maeneo ya usagara nguru useguha na ukami 	1
/scratch/skscla001/experiments/datasets/swagen/audio/common_voice_sw_29898552.wav	soka la china linahitaji mwalimu kama pep guardiola 	1
/scratch/skscla001/experiments/datasets/swagen/audio/common_voice_sw_29915168.wav	jiji la dar es salaam lilikua haraka na kumeza vijiji vingi vya wazaramo 	1
/scratch/skscla001/experiments/datasets/swagen/audio/common_voice_sw_30021117.wav	mjadala wa nani bora kati ya pele na maradona ufungwe kwa wote kupewa heshima 	1
/scratch/skscla001/experiments/datasets/swagen/audio/common_voice_sw_30182176.wav	likiwa kilomita za mraba laki tisa arobaini na tano elfu na themanini na saba 	1
/scratch/skscla001/experiments/datasets/swagen/audio/common_voice_sw_30566728.wav	baadhi ya mbuni wana rangi tofauti 	0
/scratch/skscla001/experiments/datasets/swagen/audio/common_voice_sw_35756762.wav	viongozi wa mataifa mia moja tisini na nne wanakutana jijini kangkon 	1
/scratch/skscla001/experiments/datasets/swagen/audio/common_voice_sw_36617434.wav	karagwe kwenye njia kuu ya biashara ya kimataifa na kupunguza umaarufu wake 	1
/scratch/skscla001/experiments/datasets/swagen/audio/common_voice_sw_29978863.wav	mabaharia wa mali walikanyaga aridhi miaka ya mia moja na themanini na moja 	1
/scratch/skscla001/experiments/datasets/swagen/audio/common_voice_sw_34979551.wav	kama silaha imetoka kwa nani kwa hivyo ni zoezi muhimu sana 	0
/scratch/skscla001/experiments/datasets/swagen/audio/common_voice_sw_29997770.wav	hivyo habari hizi bado zinafanyiwa utafiti kuangalia muingiliano wa lugha 	1
/scratch/skscla001/experiments/datasets/swagen/audio/common_voice_sw_29787801.wav	real madrid ilishinda mabao manne kwa moja dhidi ya atletico madrid 	1
/scratch/skscla001/experiments/datasets/swagen/audio/common_voice_sw_30026681.wav	kwa hiyo ni shughuli ya vizazi na vizazi mpaka leo hii 	1
/scratch/skscla001/experiments/datasets/swagen/audio/common_voice_sw_29996657.wav	maboga hushikilia maziwa ambayo hutolewa kwa wageni 	1
/scratch/skscla001/experiments/datasets/swagen/audio/common_voice_sw_29702320.wav	imani inaweza kukua kwa upana na kwa dhati au nguvu 	0
/scratch/skscla001/experiments/datasets/swagen/audio/common_voice_sw_29963961.wav	hii inafanya kilele chake kuwa mita elfu tano mia nane tisini na tano 	1
/scratch/skscla001/experiments/datasets/swagen/audio/common_voice_sw_29936176.wav	mheshimiwa samia suluhu hassan alipata elimu ya msingi katika shule mbalimbali 	1
/scratch/skscla001/experiments/datasets/swagen/audio/common_voice_sw_30025689.wav	kwa maana ya watu wanaotoka katika kijiji cha 	1
/scratch/skscla001/experiments/datasets/swagen/audio/common_voice_sw_29995820.wav	awali vikosi vya tanzania na washirika wake viliukamata mji huo 	1
/scratch/skscla001/experiments/datasets/swagen/audio/common_voice_sw_30364201.wav	ili kuifanya bandari hii kuwa moja ya bandari muhimu barani afrika 	1
/scratch/skscla001/experiments/datasets/swagen/audio/common_voice_sw_30623563.wav	mitindo ya kucheza lugha makazi umoja na mshikamano ni vivutio kwa watalii kutoka nje 	0
/scratch/skscla001/experiments/datasets/swagen/audio/common_voice_sw_28874841.wav	kitabu cha mwanzo kina sura hamsini 	0
/scratch/skscla001/experiments/datasets/swagen/audio/common_voice_sw_30034495.wav	ambayo imepokea fedha za kigeni shirika la utalii 	0
/scratch/skscla001/experiments/datasets/swagen/audio/common_voice_sw_29811313.wav	kuna baadhi ya koo katika wajita zinaheshimu sana chura 	0
/scratch/skscla001/experiments/datasets/swagen/audio/common_voice_sw_37223773.wav	shirika kama royal niger company zilipata maeneo 	1
/scratch/skscla001/experiments/datasets/swagen/audio/common_voice_sw_30003841.wav	ningependa kuelezea masikitiko yangu kwa kumpoteza kijana wa afrika 	0
/scratch/skscla001/experiments/datasets/swagen/audio/common_voice_sw_30122078.wav	hatuhesabiwi haki tukiacha mabaya na kujaribu kutenda mema 	0
/scratch/skscla001/experiments/datasets/swagen/audio/common_voice_sw_30021420.wav	ya kutembelea hifadhi kubwa kama tatu nakupewa 	1
/scratch/skscla001/experiments/datasets/swagen/audio/common_voice_sw_29923866.wav	katika bara la afrika ipo kenya na ethipia pamoja na zimbabwe 	0
/scratch/skscla001/experiments/datasets/swagen/audio/common_voice_sw_30021362.wav	kwa kiasi cha asilimia ishirini aliweza kugundua aina nadra sana ya bakteria 	1
/scratch/skscla001/experiments/datasets/swagen/audio/common_voice_sw_30144395.wav	hata wakati wa vita vyake dhidi ya wajerumani mkwawa aliwaheshimu wageni wake hawa 	1
/scratch/skscla001/experiments/datasets/swagen/audio/common_voice_sw_29895682.wav	sehemu hiyo inadumisha utalii wa kihistoria ndani ya tanzania 	1
/scratch/skscla001/experiments/datasets/swagen/audio/common_voice_sw_35279241.wav	kaka yangu amesafiri 	0
/scratch/skscla001/experiments/datasets/swagen/audio/common_voice_sw_36375144.wav	ya chakula cha jioni bila mapema kuliko 	1
/scratch/skscla001/experiments/datasets/swagen/audio/common_voice_sw_30090717.wav	bora zaidi kwa mgonjwa wa kisukari aina ya kwanza kuliko vile vyenye nyuzinyuzi chache 	1
/scratch/skscla001/experiments/datasets/swagen/audio/common_voice_sw_37097102.wav	ambapo kwa wakati huo alizaliwa katika eneo hilo 	1
/scratch/skscla001/experiments/datasets/swagen/audio/common_voice_sw_37101778.wav	wake mwenye fadhila ambaye atamtunuku haki yake naye mnyenyekevu 	1
/scratch/skscla001/experiments/datasets/swagen/audio/common_voice_sw_30582863.wav	ukiachana na changamoto ya vumbi bado hakukuwa na madaraja 	1
/scratch/skscla001/experiments/datasets/swagen/audio/common_voice_sw_30631315.wav	liemba itakuwa inatimiza miaka mia moja kamili tangu ianze kuelea kwenye ziwa tanganyika 	1
/scratch/skscla001/experiments/datasets/swagen/audio/common_voice_sw_35183427.wav	mume kutokuja hospitalini siku mbili 	0
/scratch/skscla001/experiments/datasets/swagen/audio/common_voice_sw_30180215.wav	hivyo kondomu huwa haifuniki sehemu yote ya siri ambayo hukutana wakati wa kufanya ngono 	1
/scratch/skscla001/experiments/datasets/swagen/audio/common_voice_sw_30144116.wav	milima ya mbarika na milima ya mbeya 	1
/scratch/skscla001/experiments/datasets/swagen/audio/common_voice_sw_30631097.wav	mwezi wa tatu na ule mwezi wa tano na msimu mfupi 	1
/scratch/skscla001/experiments/datasets/swagen/audio/common_voice_sw_28695873.wav	kitabu kilikuwa kama bomu kati ya watu wa sayansi na wa dini 	1
/scratch/skscla001/experiments/datasets/swagen/audio/common_voice_sw_31472857.wav	mbuni dume anatumia mbawa zake kumvutia jike 	1
/scratch/skscla001/experiments/datasets/swagen/audio/common_voice_sw_29476762.wav	ameonekana katika filamu nyingi za marekani 	0
/scratch/skscla001/experiments/datasets/swagen/audio/common_voice_sw_29887539.wav	ipo mipaka ya ardhini kwa maana ya nchi kavu 	1
/scratch/skscla001/experiments/datasets/swagen/audio/common_voice_sw_29677966.wav	wanafunzi wa kwanza walianza kozi zao januari ya mwaka ya mwaka huo 	0
/scratch/skscla001/experiments/datasets/swagen/audio/common_voice_sw_37229933.wav	watangazaji wawili redioni wanaweza kujadili mada nzuri 	1
/scratch/skscla001/experiments/datasets/swagen/audio/common_voice_sw_29788893.wav	lakini mufwimi akaogopa kwa kuona amefanya kosa kubwa 	1
/scratch/skscla001/experiments/datasets/swagen/audio/common_voice_sw_36040547.wav	majeshi ya baba yake hayatoshindwa 	1
/scratch/skscla001/experiments/datasets/swagen/audio/common_voice_sw_29981325.wav	simba kupanda miti siyo jambo la kawaida lakini manyara ni kama jadi 	1
/scratch/skscla001/experiments/datasets/swagen/audio/common_voice_sw_30365311.wav	baadhi ya wadau hao ni kilimo cha biashara karagwe 	1
/scratch/skscla001/experiments/datasets/swagen/audio/common_voice_sw_37094972.wav	akiptwa na mpinzani wake daktari salmin akipata asilimia hamsini nukta mbili nne 	1
/scratch/skscla001/experiments/datasets/swagen/audio/common_voice_sw_29589314.wav	hizi ni rangi za bendera ya ethiopia au rangi za umoja wa afrika 	0
/scratch/skscla001/experiments/datasets/swagen/audio/common_voice_sw_29696820.wav	nadharia zinaweza kutegemea utafiti wa aina tofautitofauti 	1
/scratch/skscla001/experiments/datasets/swagen/audio/common_voice_sw_29995793.wav	meyer alikuwa mtu wa kwanza kufika kwenye kilele cha mlima kilimanjaro 	1
/scratch/skscla001/experiments/datasets/swagen/audio/common_voice_sw_30299581.wav	licha ya kuiingizia nchi mapato makubwa pia ni maeneo yenye fursa kubwa 	0
/scratch/skscla001/experiments/datasets/swagen/audio/common_voice_sw_29611229.wav	uhusiano kati ya gluteni na viwango mbalimbali vya hisi ni tata 	0
/scratch/skscla001/experiments/datasets/swagen/audio/common_voice_sw_29235084.wav	ajira yake ilipatikana katika utawala wa bunge la senati ya ufaransa 	0
/scratch/skscla001/experiments/datasets/swagen/audio/common_voice_sw_34746480.wav	la misheni hizo lilikuwa kwamba liliambatana na uenezaji wa kijeshi wa 	1
/scratch/skscla001/experiments/datasets/swagen/audio/common_voice_sw_34764836.wav	ya ushirikiano na taasisi hiyo ya umoja 	0
/scratch/skscla001/experiments/datasets/swagen/audio/common_voice_sw_28863635.wav	malezi ya jones ilikuwa ngumu 	1
/scratch/skscla001/experiments/datasets/swagen/audio/common_voice_sw_30180459.wav	kati ya hao kuna wanaocheza timu za ligi kuu ulaya 	1
/scratch/skscla001/experiments/datasets/swagen/audio/common_voice_sw_29789083.wav	waliombukizwa virusi vya homa ya ini wakiwa watoto 	1
/scratch/skscla001/experiments/datasets/swagen/audio/common_voice_sw_36385914.wav	alipelekwa masomoni kwenye chuo cha kijeshi huko uchina wakati wa kurudi alipewa cheo cha 	1
/scratch/skscla001/experiments/datasets/swagen/audio/common_voice_sw_29977790.wav	mwaka elfu mbili kumi na mbili baada ya kufungua kampuni yake ya kidoti 	1
/scratch/skscla001/experiments/datasets/swagen/audio/common_voice_sw_29924843.wav	kufuatia ukosefu wa rasilimali watu yani nguvu kazi ya kibinadamu 	0
/scratch/skscla001/experiments/datasets/swagen/audio/common_voice_sw_36386017.wav	wahindi waarabu na wa persia walipagundua zanzibar kwa kupitia upepo mkali wa monsoon 	1
/scratch/skscla001/experiments/datasets/swagen/audio/common_voice_sw_28690032.wav	ni wa kwanza kutoka makabila ya waindio 	1
/scratch/skscla001/experiments/datasets/swagen/audio/common_voice_sw_30634755.wav	ivory coast ilikuwana kikosi cha dhahabu 	1
/scratch/skscla001/experiments/datasets/swagen/audio/common_voice_sw_37223035.wav	sayansi na afya unahitajikalicha ya makubaliano mapana ya 	1
/scratch/skscla001/experiments/datasets/swagen/audio/common_voice_sw_36732160.wav	kuvuka kwenda upande mwingine wa barabara kugonga kuni mara tatu 	0
/scratch/skscla001/experiments/datasets/swagen/audio/common_voice_sw_29943402.wav	benjamin mkapa alikuwa ni mwanadiplomasia na mwandishi wa habari aliyebobea 	1
/scratch/skscla001/experiments/datasets/swagen/audio/common_voice_sw_28691064.wav	dalili hasi ni pamoja na hisia bapa au hafifu 	1
/scratch/skscla001/experiments/datasets/swagen/audio/common_voice_sw_29878166.wav	katika wilaya ya mwanga kuna idadi kubwa ya waluteri na waislamu 	1
/scratch/skscla001/experiments/datasets/swagen/audio/common_voice_sw_36386334.wav	bairu walikuwa na koo kama mia moja thelathini 	1
/scratch/skscla001/experiments/datasets/swagen/audio/common_voice_sw_29818047.wav	wahenga walisema kizuri huwa hakidumu mwenyezi mungu ampumzishe kwa amani maalim self 	0
/scratch/skscla001/experiments/datasets/swagen/audio/common_voice_sw_34890800.wav	mji huo ulijipatia umaarufu sana mnamo karne ya kumi na tano 	1
/scratch/skscla001/experiments/datasets/swagen/audio/common_voice_sw_29988403.wav	alipata shahada ya uzamili ya maendeleo ya jamii kupitia programu ya pamoja 	1
/scratch/skscla001/experiments/datasets/swagen/audio/common_voice_sw_30053839.wav	ardhi ya afrika ina mafuta mengi na ya kutosha kila mahali 	0
/scratch/skscla001/experiments/datasets/swagen/audio/common_voice_sw_30256961.wav	maonyesho ya kubainisha fikira za kiuchumi mara nyingi hutumia michoro 	1
/scratch/skscla001/experiments/datasets/swagen/audio/common_voice_sw_36375081.wav	majaliwa aliteuliwa kuwa mkuu wa wilaya na kisha akajitosa kwenye siasa za ushindani mwaka 	1
/scratch/skscla001/experiments/datasets/swagen/audio/common_voice_sw_34946669.wav	hivi sasa bunge la ubeligiji limeruhusu uchunguzi maalumu kuhusu kifo cha lumumba miaka kadhaa 	0
/scratch/skscla001/experiments/datasets/swagen/audio/common_voice_sw_36319261.wav	ulileta matatizo makubwa kwa uchumi na hata njaa kwa 	1
/scratch/skscla001/experiments/datasets/swagen/audio/common_voice_sw_28669464.wav	televisheni inaweza kuonyesha picha kutoka sehemu mbalimbali 	1
/scratch/skscla001/experiments/datasets/swagen/audio/common_voice_sw_37229822.wav	mahitaji mengine hayahusiana na uagizaji wa bidhaa 	1
/scratch/skscla001/experiments/datasets/swagen/audio/common_voice_sw_30071738.wav	ulinzi zaidi uongezwe kuvilinda vivutio vyetu vidumu milele 	1
/scratch/skscla001/experiments/datasets/swagen/audio/common_voice_sw_30180898.wav	njiani aliangamiza vijiji alivyokutana navyo 	1
/scratch/skscla001/experiments/datasets/swagen/audio/common_voice_sw_30220643.wav	kabila la pili limemezwa na makabila mengine 	0
/scratch/skscla001/experiments/datasets/swagen/audio/common_voice_sw_32211940.wav	nasikia kwanuka harufu mbovu sana 	1
/scratch/skscla001/experiments/datasets/swagen/audio/common_voice_sw_31321201.wav	kati ya nchi hizo nyingi zilikuwa ni zile zizokuwa magharibi mwa bara la ulaya 	1
/scratch/skscla001/experiments/datasets/swagen/audio/common_voice_sw_30450852.wav	manchester united ilitwaa ubingwa wa ulaya kwa kuifunga benfica ya ureno 	1
/scratch/skscla001/experiments/datasets/swagen/audio/common_voice_sw_36067295.wav	alipenda viumbe wengine wa porini 	1
/scratch/skscla001/experiments/datasets/swagen/audio/common_voice_sw_30026005.wav	alisomea ualimu huko makerere kampala uganda 	1
/scratch/skscla001/experiments/datasets/swagen/audio/common_voice_sw_30183103.wav	majuto ni mjukuu gharama ya kutokufanya chochote ili kubadili hali ya watoto 	1
/scratch/skscla001/experiments/datasets/swagen/audio/common_voice_sw_35132607.wav	kusitishwa huku haya wakiarifiwa na matamshi kuzidi kushuhudiwa kutokana suala hilo 	1
/scratch/skscla001/experiments/datasets/swagen/audio/common_voice_sw_36375308.wav	kati ya miji yao ulikuwa karthago uliopanua utawala wake 	1
/scratch/skscla001/experiments/datasets/swagen/audio/common_voice_sw_29805618.wav	ujio wa pep ulizima moto wa borusia dortmund 	1
/scratch/skscla001/experiments/datasets/swagen/audio/common_voice_sw_30325702.wav	vile vile mkoa wa kagera upo kusini mwa ikweta 	0
/scratch/skscla001/experiments/datasets/swagen/audio/common_voice_sw_30015708.wav	wapo baadhi ya wanafamilia waliomwomba msamaha mama yao 	0
/scratch/skscla001/experiments/datasets/swagen/audio/common_voice_sw_32295878.wav	ameweza kujilipia ada 	1
/scratch/skscla001/experiments/datasets/swagen/audio/common_voice_sw_35103839.wav	liwasheni taa zenu ili ziwake zote 	0
/scratch/skscla001/experiments/datasets/swagen/audio/common_voice_sw_28669835.wav	pengine mabawa ni meusi takriban kabisa 	1
/scratch/skscla001/experiments/datasets/swagen/audio/common_voice_sw_37092077.wav	ilikuwa sifuri unaitwa dokta nani naitwa dokta rukia wizara ya afya kitengo cha tiba 	0
/scratch/skscla001/experiments/datasets/swagen/audio/common_voice_sw_30342720.wav	kitu kikubwa kinacholeta heshima zaidi katika nchi zote duniani ni uchumi 	1
/scratch/skscla001/experiments/datasets/swagen/audio/common_voice_sw_29944859.wav	ni mchezaji wa pili katika historia ya kupiga fainali mbili za kombe la mabingwa 	1
/scratch/skscla001/experiments/datasets/swagen/audio/common_voice_sw_30323794.wav	mwili wa nkrumah ukasafirishwa kutoka bucharest romania kuja mjini conakry 	1
/scratch/skscla001/experiments/datasets/swagen/audio/common_voice_sw_30574763.wav	uchumi wa kenya utakuwa dola bilioni mia moja kumi na tatu 	1
/scratch/skscla001/experiments/datasets/swagen/audio/common_voice_sw_30577589.wav	umarufu huo unatokana na vitu mbalimbali vilivyomo wilayani humo ikiwemo mapango ya kale 	1
/scratch/skscla001/experiments/datasets/swagen/audio/common_voice_sw_29974204.wav	maporomoko ya maji milima na mabonde vianpatikana ndani ya kitulo 	1
/scratch/skscla001/experiments/datasets/swagen/audio/common_voice_sw_36382231.wav	ameweka alama akiwa na vilabu vya argentinos juniours boca juniours barcelona napoli sevilla 	1
/scratch/skscla001/experiments/datasets/swagen/audio/common_voice_sw_28877904.wav	yeye ni mwanamuziki mkongwe zaidi katika kundi la westlife la huko nchini ireland 	1
/scratch/skscla001/experiments/datasets/swagen/audio/common_voice_sw_30633152.wav	mfano mfumo maarufu wa nne tano moja unakuwa na mabeki wanne 	1
/scratch/skscla001/experiments/datasets/swagen/audio/common_voice_sw_29866873.wav	kwa sasa wamasai wengi wamekuwa wakristu na kiwango kidogo waislamu 	1
/scratch/skscla001/experiments/datasets/swagen/audio/common_voice_sw_30633153.wav	kocha wa timu ya taifa alikuwa mbrazil 	1
/scratch/skscla001/experiments/datasets/swagen/audio/common_voice_sw_37092364.wav	matibabu haya ni ya bei ghali 	1
/scratch/skscla001/experiments/datasets/swagen/audio/common_voice_sw_30379704.wav	papa akiwa mgonjwa sana aliendelea na utume wake 	1
/scratch/skscla001/experiments/datasets/swagen/audio/common_voice_sw_36746519.wav	benki kuu inatoa ushauri na kuunda sera katika kuhakikisha usalama wa malipo 	0
/scratch/skscla001/experiments/datasets/swagen/audio/common_voice_sw_30201519.wav	kutokea dar es salaam hadi mkoani lindi kusini mwa tanzania 	1
/scratch/skscla001/experiments/datasets/swagen/audio/common_voice_sw_29936773.wav	wilaya ya same ni moja kati ya wilaya sita za mkoa wa kilimanjaro 	1
/scratch/skscla001/experiments/datasets/swagen/audio/common_voice_sw_28681010.wav	majengo mbalimbali ya kale ni ishara ya historia ndefu ya mji huu 	1
/scratch/skscla001/experiments/datasets/swagen/audio/common_voice_sw_29295841.wav	wakati huo baba yake alikuwa askari polisi visiwani zanzibar 	1
/scratch/skscla001/experiments/datasets/swagen/audio/common_voice_sw_30647798.wav	alikuwa waziri wa afya mambo ya ndani na maliasili 	1
/scratch/skscla001/experiments/datasets/swagen/audio/common_voice_sw_29961341.wav	ni hifadhi kubwa inayochukua ukubwa wa kilomita kadhaa 	1
/scratch/skscla001/experiments/datasets/swagen/audio/common_voice_sw_30176945.wav	wajerumani wakaanza kumpigia pep kelele 	0
/scratch/skscla001/experiments/datasets/swagen/audio/common_voice_sw_29914941.wav	au mabadiliko ya utandawazi yanachangia katika tabia 	1
/scratch/skscla001/experiments/datasets/swagen/audio/common_voice_sw_29996765.wav	hilo halina uzito tunachoamini karume alikuwa ni mzalendo 	1
/scratch/skscla001/experiments/datasets/swagen/audio/common_voice_sw_36385141.wav	ndiyo maana mzee makame alikufa akiuangalia mlango wa chumbani 	1
/scratch/skscla001/experiments/datasets/swagen/audio/common_voice_sw_36385707.wav	mkazi mwengine wa mtaa huo 	1
/scratch/skscla001/experiments/datasets/swagen/audio/common_voice_sw_34597432.wav	silaha zote pamoja na ramia ndogo zilizotekwa zilipelekwa iringa kalenga na kuhifadhiwa ghalani 	0
/scratch/skscla001/experiments/datasets/swagen/audio/common_voice_sw_30385728.wav	mkwavinyika munyigumba alikuwa chifu na kiongozi mkuu wa wahehe 	1
/scratch/skscla001/experiments/datasets/swagen/audio/common_voice_sw_30181644.wav	pia waha ni wavuvi wa samaki katika ziwa tanganyika mto malagarasi na mto rwiche 	1
/scratch/skscla001/experiments/datasets/swagen/audio/common_voice_sw_30671226.wav	inayokamilisha jumla ya halamashauri nane za mkoa wa dodoma 	1
/scratch/skscla001/experiments/datasets/swagen/audio/common_voice_sw_30635693.wav	wapangwa ni kabila la watu kutoka milima livingstone 	1
/scratch/skscla001/experiments/datasets/swagen/audio/common_voice_sw_35154975.wav	baada ya kuondoka kwa wajerumani mkwawa aliweza kurudi na kujenga tena nyumba mahali kalenga 	0
/scratch/skscla001/experiments/datasets/swagen/audio/common_voice_sw_31304381.wav	muogeleaji pia alicheza rugby kwa uwezo wa hali ya juu 	1
/scratch/skscla001/experiments/datasets/swagen/audio/common_voice_sw_30179978.wav	unga ulioshikamana unajulikana kama ugali na huliwa na maziwa 	1
/scratch/skscla001/experiments/datasets/swagen/audio/common_voice_sw_30180376.wav	baadhi ya kabila la wazigula wanapatikana kusini mwa somalia 	1
/scratch/skscla001/experiments/datasets/swagen/audio/common_voice_sw_34812575.wav	na aliefanya vile alikuwa na nia ya kuikausha maji 	0
/scratch/skscla001/experiments/datasets/swagen/audio/common_voice_sw_35408230.wav	moja miaka halafu iendelea kupanda juu ikielekea kabisa 	1
/scratch/skscla001/experiments/datasets/swagen/audio/common_voice_sw_29708313.wav	mfalme wa buganda anatumia cheo cha kabaka 	0
/scratch/skscla001/experiments/datasets/swagen/audio/common_voice_sw_30180282.wav	mchanganyiko wa tiba unatumika kupunguza athari za virusi vya corona 	1
/scratch/skscla001/experiments/datasets/swagen/audio/common_voice_sw_30561810.wav	kwanza ni ule wa buzwagi mkoani shinyanga nchini tanzania 	0
/scratch/skscla001/experiments/datasets/swagen/audio/common_voice_sw_30582592.wav	kisha ukasafirishwa tena mpaka katika uwanja wa gombani pemba na baadae kupelekwa kijijini kwaoa 	0
/scratch/skscla001/experiments/datasets/swagen/audio/common_voice_sw_34943706.wav	si hivyo tu wazanzibari watano walipewa uwaziri kamili 	0
/scratch/skscla001/experiments/datasets/swagen/audio/common_voice_sw_37086130.wav	uchanguzi mkuu wa nchini thailand unataraji kufanyika 	1
/scratch/skscla001/experiments/datasets/swagen/audio/common_voice_sw_30148561.wav	huku wao wakipata njaa kwa sababu ya kutolima mazao ya chakula 	1
/scratch/skscla001/experiments/datasets/swagen/audio/common_voice_sw_30354920.wav	pia wilaya za igunga na sikonge bila kusahau tabora na urambo 	1
/scratch/skscla001/experiments/datasets/swagen/audio/common_voice_sw_35272665.wav	milioni nane na nne mia tatu hamsini na nane nukta sifuri sifuri 	0
/scratch/skscla001/experiments/datasets/swagen/audio/common_voice_sw_28682178.wav	baadhi ya nchi kama vile ujerumani uingereza nakadhalika 	1
/scratch/skscla001/experiments/datasets/swagen/audio/common_voice_sw_29994962.wav	halmashauri ya bagamoyo inaundwa na tarafa mbili 	1
/scratch/skscla001/experiments/datasets/swagen/audio/common_voice_sw_29796563.wav	hatimae waingereza waliijenga reli hii 	1
/scratch/skscla001/experiments/datasets/swagen/audio/common_voice_sw_29884798.wav	pep guardiola alivyoenda ujerumani alianza kubadili mfumo 	1
/scratch/skscla001/experiments/datasets/swagen/audio/common_voice_sw_29144900.wav	chemchemi hizo huwa kaskazini magharibi na kusini mwa ziwa hili 	1
/scratch/skscla001/experiments/datasets/swagen/audio/common_voice_sw_29963761.wav	ilipangwa ili apate mafunzo zaidi ya kijeshi nchini uingereza 	1
/scratch/skscla001/experiments/datasets/swagen/audio/common_voice_sw_29463079.wav	kwa sababu ya kazi ya baba yake al badawi aliishi katika miji kadhaa tofauti 	0
/scratch/skscla001/experiments/datasets/swagen/audio/common_voice_sw_30635653.wav	je ni kampuni zipi nyinginezo hutumika kutotoa huduma hiyo hifadhini 	1
/scratch/skscla001/experiments/datasets/swagen/audio/common_voice_sw_36373763.wav	ya wimbo nikaona kidogo hapa kuna maslahi japo nilikuwa napigwa buku kwa 	1
/scratch/skscla001/experiments/datasets/swagen/audio/common_voice_sw_29796867.wav	flaviana matata alikusudia kuwasaidia watu wenye uhitaji maalum 	1
/scratch/skscla001/experiments/datasets/swagen/audio/common_voice_sw_29898924.wav	eneo linalofaa kwa kilimo ni hekta laki moja hamsini na tatu mia tano arobaini 	1
/scratch/skscla001/experiments/datasets/swagen/audio/common_voice_sw_29798731.wav	alisuluhisha migogoro mingi ya bara la afrika 	0
/scratch/skscla001/experiments/datasets/swagen/audio/common_voice_sw_30629509.wav	uliofuata ni mkataba wa sant germain na austria uliosainiwa tarehe kumi 	1
/scratch/skscla001/experiments/datasets/swagen/audio/common_voice_sw_29593075.wav	mara moja kazi kwenye albamu yake ya kwanza ilianza 	1
/scratch/skscla001/experiments/datasets/swagen/audio/common_voice_sw_36944842.wav	hata hivyo ni nchini uingereza ambapo umbo la soka la kisasa lilianza kulipuka 	1
/scratch/skscla001/experiments/datasets/swagen/audio/common_voice_sw_37094043.wav	katika klabu ya manchester unitedi na timu yake ya taifa 	0
/scratch/skscla001/experiments/datasets/swagen/audio/common_voice_sw_37099092.wav	tunangoja tamasha la mashahiri 	1
/scratch/skscla001/experiments/datasets/swagen/audio/common_voice_sw_31271655.wav	viongozi wa shirazi association ni thabit kombo na jecha muhidini 	0
/scratch/skscla001/experiments/datasets/swagen/audio/common_voice_sw_34765591.wav	harakati na wapinzani wa kisosialisti 	1
/scratch/skscla001/experiments/datasets/swagen/audio/common_voice_sw_35418123.wav	na milki ya osmani uajemi na athira ya uingereza katika asia 	1
/scratch/skscla001/experiments/datasets/swagen/audio/common_voice_sw_29782442.wav	mji uko kando la atlantiki 	1
/scratch/skscla001/experiments/datasets/swagen/audio/common_voice_sw_30574937.wav	kwa mujibu wa katiba ya jamhuri ya muungano wa tanzania 	1
/scratch/skscla001/experiments/datasets/swagen/audio/common_voice_sw_37225531.wav	lilikuwa ndio jengo la kwanza kuwa na umeme pamoja na lifti 	1
/scratch/skscla001/experiments/datasets/swagen/audio/common_voice_sw_36067398.wav	inasimamia utoaji wa huduma za malipo kwa njia ya kadi 	1
/scratch/skscla001/experiments/datasets/swagen/audio/common_voice_sw_30176727.wav	vyakula wanavyopendelea kula na wakati mwingine hata tamaduni zao utofautiana 	0
/scratch/skscla001/experiments/datasets/swagen/audio/common_voice_sw_28670568.wav	takriban spishi zote zina rangi ya majani 	1
/scratch/skscla001/experiments/datasets/swagen/audio/common_voice_sw_30364445.wav	huyu alifahamika kwa jina la benito musolini 	0
/scratch/skscla001/experiments/datasets/swagen/audio/common_voice_sw_28748539.wav	aliunda taasisi ya utafiti wa kiafrika 	0
/scratch/skscla001/experiments/datasets/swagen/audio/common_voice_sw_29898595.wav	vijana wa kiume ni walilishwa kwa kupigwa mijeledi wakiwa uchi 	1
/scratch/skscla001/experiments/datasets/swagen/audio/common_voice_sw_29995901.wav	gadaffi alipigana kulinda maslahi ya libya 	1
/scratch/skscla001/experiments/datasets/swagen/audio/common_voice_sw_30179631.wav	walisema hao walikuwa ni washauri wa kijeshi na si wapiganaji wa mstari wa mbele 	1
/scratch/skscla001/experiments/datasets/swagen/audio/common_voice_sw_34890775.wav	spishi za palsmodium zinazoambukiza binadamu ni falciparum 	1
/scratch/skscla001/experiments/datasets/swagen/audio/common_voice_sw_29899105.wav	mwalimu nyerere alifariki akiwa kwenye matibabu nchini uingereza 	1
/scratch/skscla001/experiments/datasets/swagen/audio/common_voice_sw_29906405.wav	unapoona ndege tausi kainua mkia basi hapo ni kipindi cha dume huyo kuhitaji jike 	1
/scratch/skscla001/experiments/datasets/swagen/audio/common_voice_sw_30654050.wav	osama alitumia pesa zake kununua silaha nzito 	0
/scratch/skscla001/experiments/datasets/swagen/audio/common_voice_sw_35104288.wav	auti yake waziri mkuu wa israel benjamin netanyahu 	0
/scratch/skscla001/experiments/datasets/swagen/audio/common_voice_sw_31306456.wav	kwa kifupi hataweza kutofautisha kama ni kitu cha kawaida au ni hatari 	1
/scratch/skscla001/experiments/datasets/swagen/audio/common_voice_sw_30201437.wav	mgogoro ulipozidi kukua mashambulizi yakahama sasa 	1
/scratch/skscla001/experiments/datasets/swagen/audio/common_voice_sw_30364100.wav	utalii vilivyoko katika nchi yetu mfano katika 	1
/scratch/skscla001/experiments/datasets/swagen/audio/common_voice_sw_29872964.wav	kutokana na utunzaji wa mila na desturi 	1
/scratch/skscla001/experiments/datasets/swagen/audio/common_voice_sw_28670217.wav	mara nyingi huwa na utamaduni na lugha moja 	1
/scratch/skscla001/experiments/datasets/swagen/audio/common_voice_sw_30354921.wav	ziwa victoria ni kivutio cha watalii 	1
/scratch/skscla001/experiments/datasets/swagen/audio/common_voice_sw_30024375.wav	utatembea sana kliko vitu vyote ukipanda mlima huu 	1
/scratch/skscla001/experiments/datasets/swagen/audio/common_voice_sw_30341807.wav	wale wenye mamlaka ya kuleta matokeo chanya katika kuboresha hali ya usafiri majini 	1
/scratch/skscla001/experiments/datasets/swagen/audio/common_voice_sw_30381123.wav	orodha ya wachezaji bora ikamtaja karlheinze kuwa bora 	1
/scratch/skscla001/experiments/datasets/swagen/audio/common_voice_sw_35774660.wav	mmoja hadi madai yao ya kupunguza kodi 	0
/scratch/skscla001/experiments/datasets/swagen/audio/common_voice_sw_36387321.wav	ili mwanaume pia apendezewe na mke wake ndani ya nyumba 	1
/scratch/skscla001/experiments/datasets/swagen/audio/common_voice_sw_36386487.wav	walielekea kenya walifika kwanza mombasa hawakupokelewa vema wakaendelea hadi malindi 	1
/scratch/skscla001/experiments/datasets/swagen/audio/common_voice_sw_30233548.wav	karol alipiga hodi kwenye nyumba ya askofu mkuu wa krakow 	1
/scratch/skscla001/experiments/datasets/swagen/audio/common_voice_sw_29936976.wav	adolf anasema hilo sio tatizo kubwa kwa sababu hakuna anayemdhuru mgeni 	1
/scratch/skscla001/experiments/datasets/swagen/audio/common_voice_sw_36331632.wav	ameachiliwa baada ya chama tawala nchini humo 	1
/scratch/skscla001/experiments/datasets/swagen/audio/common_voice_sw_36382167.wav	alifuatilia kisa hicho akiwa jijini bujumbura 	1
/scratch/skscla001/experiments/datasets/swagen/audio/common_voice_sw_36945650.wav	tunaweza kuya kuya kuyazuia kabla hayajatokea 	1
/scratch/skscla001/experiments/datasets/swagen/audio/common_voice_sw_30017127.wav	miongoni mwa mataifa ambayo yanaendelea kuikumbuka tanzania kwa mchango wake ni afrika kusini 	0
/scratch/skscla001/experiments/datasets/swagen/audio/common_voice_sw_38106566.wav	kisha bekteria hao huingia kwenye mfumo wa kusaga au kumengenya chakula 	1
/scratch/skscla001/experiments/datasets/swagen/audio/common_voice_sw_37096739.wav	kenya imepiga marufuku ya matumizi ya baadhi ya mifuko ya plastiki 	1
/scratch/skscla001/experiments/datasets/swagen/audio/common_voice_sw_30641386.wav	hadi wa mita elfu mbili juu ya pwani ya magharibi ya ziwa hili 	1
/scratch/skscla001/experiments/datasets/swagen/audio/common_voice_sw_37224321.wav	hiyo ilikuwa taswira yake ya hadharani 	1
/scratch/skscla001/experiments/datasets/swagen/audio/common_voice_sw_30182030.wav	wasangu walirudishwa katika eneo lao la awali wakarudi kutoka usafwa 	1
/scratch/skscla001/experiments/datasets/swagen/audio/common_voice_sw_36381667.wav	ninatumaini 	1
/scratch/skscla001/experiments/datasets/swagen/audio/common_voice_sw_37087453.wav	tunapokea taarifa za kifo cha ruge kutokea afrika kusini huku rais dokta jombe pombe 	1
/scratch/skscla001/experiments/datasets/swagen/audio/common_voice_sw_28670379.wav	kuna nafasi kwa ajili ya kuhifadhi vifaa vya kawaida vya upasuaji 	1
/scratch/skscla001/experiments/datasets/swagen/audio/common_voice_sw_30341810.wav	mashujaa kutoka katika mji wa songea waliendeleza mapambano dhidi ya ukoloni wa kijerumani 	1
/scratch/skscla001/experiments/datasets/swagen/audio/common_voice_sw_28583492.wav	walipewa maelekezo ya kila mtu kutunga nyimbo moja ya mazingira 	1
/scratch/skscla001/experiments/datasets/swagen/audio/common_voice_sw_30176728.wav	jina hilo lilibadilishwa na kuwa kagera 	0
/scratch/skscla001/experiments/datasets/swagen/audio/common_voice_sw_30379922.wav	kipande cha kutoka mwanza mpaka isaka 	1
/scratch/skscla001/experiments/datasets/swagen/audio/common_voice_sw_28690971.wav	kundi hili lipo afrika ya kusini 	1
/scratch/skscla001/experiments/datasets/swagen/audio/common_voice_sw_30210006.wav	ushanga huwa sehemu muhimu ya urembesho wa miili yao 	1
/scratch/skscla001/experiments/datasets/swagen/audio/common_voice_sw_37091392.wav	miji hiyo ni mikubwa sana 	1
/scratch/skscla001/experiments/datasets/swagen/audio/common_voice_sw_31467495.wav	mazungumzo kati ya vikosi vya ukombozi na serikali ya wachache ya ian smith 	1
/scratch/skscla001/experiments/datasets/swagen/audio/common_voice_sw_35214456.wav	nadharia hii hutumia kigezo cha msamiati wa kiswahili kuonesha uhusiano uliopo kati ya kiswahili 	0
/scratch/skscla001/experiments/datasets/swagen/audio/common_voice_sw_29795418.wav	mnara wa eifel mjini paris ni mmoja ya kivutio kinachotembelewa zaidi duniani 	1
/scratch/skscla001/experiments/datasets/swagen/audio/common_voice_sw_30121766.wav	mwaka elfu moja mia tisa hamsini na mbili alihitimu shahada ya uzamili 	1
/scratch/skscla001/experiments/datasets/swagen/audio/common_voice_sw_29988513.wav	kuweka kizuia mikononi mwake akiwa akipiga kelele ili 	1
/scratch/skscla001/experiments/datasets/swagen/audio/common_voice_sw_31304599.wav	kila mmoja alizaa nae mtoto mmoja wa kike 	1
/scratch/skscla001/experiments/datasets/swagen/audio/common_voice_sw_29977881.wav	karume aliongoza kuanzia mwaka elfu moja mia tisa sitini na nne 	1
/scratch/skscla001/experiments/datasets/swagen/audio/common_voice_sw_28745236.wav	idadi ya wasemaji nchini cote d ivoire haijulikani 	1
/scratch/skscla001/experiments/datasets/swagen/audio/common_voice_sw_35272705.wav	sunday simba shomari alishirikiana na karibu kila kipindi kuleta mchangayiko 	0
/scratch/skscla001/experiments/datasets/swagen/audio/common_voice_sw_29943342.wav	hadi wakaingia kurudi kusini mwa wilaya ya mpwapwa mkoani dodoma 	1
/scratch/skscla001/experiments/datasets/swagen/audio/common_voice_sw_31406045.wav	bendi hii iliweza kuwaibua na kuwapa nafasi 	0
/scratch/skscla001/experiments/datasets/swagen/audio/common_voice_sw_29789366.wav	kusini wapo wadakama hawa wanaweza kuwa shinyanga ama tabora 	0
/scratch/skscla001/experiments/datasets/swagen/audio/common_voice_sw_29961381.wav	furahi kupanda kilimanjaro ni kitu cha kukumbuka maisha yako yote 	1
/scratch/skscla001/experiments/datasets/swagen/audio/common_voice_sw_29793701.wav	soka lilijikita kwenye ushindi zaidi kuliko burudani 	0
/scratch/skscla001/experiments/datasets/swagen/audio/common_voice_sw_31583305.wav	wanafunzi wengi nchini walinufaika kupitia bodi ya mikopo 	0
/scratch/skscla001/experiments/datasets/swagen/audio/common_voice_sw_30179981.wav	tangu vita kati ya ufaransa na ujerumani mika mingi iliyopita 	1
/scratch/skscla001/experiments/datasets/swagen/audio/common_voice_sw_30099427.wav	chato ni wilaya ya mkoa wa geita 	1
/scratch/skscla001/experiments/datasets/swagen/audio/common_voice_sw_36067364.wav	kanisa la mtakatifu george lalibela na ethiopia lilichongwa lote katika mwamba 	1
/scratch/skscla001/experiments/datasets/swagen/audio/common_voice_sw_30363975.wav	mto umeanza kukauka wakati wa ukame umesababishwa na matumizi mabaya ya maji 	1
/scratch/skscla001/experiments/datasets/swagen/audio/common_voice_sw_29915391.wav	makundi ya kikoo kuwa yana nguvu kila mmoja kwa nafasi yake 	1
/scratch/skscla001/experiments/datasets/swagen/audio/common_voice_sw_28817377.wav	lugha muziki michezo au sanaa 	1
/scratch/skscla001/experiments/datasets/swagen/audio/common_voice_sw_30321954.wav	jengo hili pia lilitumiwa na waingereza enzi za ukoloni 	1
/scratch/skscla001/experiments/datasets/swagen/audio/common_voice_sw_29640654.wav	mji mkuu ni bururi 	0
/scratch/skscla001/experiments/datasets/swagen/audio/common_voice_sw_36389899.wav	china ina eneo la kilomita za mraba 	1
/scratch/skscla001/experiments/datasets/swagen/audio/common_voice_sw_29982089.wav	ya vyungu vya zanzibar 	1
/scratch/skscla001/experiments/datasets/swagen/audio/common_voice_sw_28999147.wav	tangu kale wanaheshimiwa na wakatoliki na waorthodoksi kama watakatifu wafiadini 	1
/scratch/skscla001/experiments/datasets/swagen/audio/common_voice_sw_35176751.wav	atawasili kwa ajili ya kuwasalimia na kuzungumza na wananchi wa gairo 	0
/scratch/skscla001/experiments/datasets/swagen/audio/common_voice_sw_36807694.wav	kuogelea kwa wakati huu bado kunawezekana 	1
/scratch/skscla001/experiments/datasets/swagen/audio/common_voice_sw_30146375.wav	ilivyoongezeka na moto aidha kuwashwa kwa makusudi 	1
/scratch/skscla001/experiments/datasets/swagen/audio/common_voice_sw_29846305.wav	kuliko wanazokumbana nazo katika majukumu yao ya kila siku 	1
/scratch/skscla001/experiments/datasets/swagen/audio/common_voice_sw_30379933.wav	mlima klute una urefu wa mita elfu tatu mia sita na arobaini na nane 	1
/scratch/skscla001/experiments/datasets/swagen/audio/common_voice_sw_30478612.wav	limetoa fursa kwa wawekezaji wa usafirishaji kwa njia ya maji kwa kutumia boti 	1
/scratch/skscla001/experiments/datasets/swagen/audio/common_voice_sw_30653646.wav	anaeleza kuwa baadhi ya mada zinazozingatiwa na wanauchumi wa kiheterodoksi 	0
/scratch/skscla001/experiments/datasets/swagen/audio/common_voice_sw_30024874.wav	pia hifadhi hizo zinashika nafasi za juu afrika na duniani 	1
/scratch/skscla001/experiments/datasets/swagen/audio/common_voice_sw_36388886.wav	paka alikunywa maziwa yote 	1
/scratch/skscla001/experiments/datasets/swagen/audio/common_voice_sw_32090802.wav	vanavake vamechangadhiwa kuwa mwaka huu hakuna harusi 	1
/scratch/skscla001/experiments/datasets/swagen/audio/common_voice_sw_31285932.wav	kwa sababu ya upungufu wa maji kutoka mto galana 	0
/scratch/skscla001/experiments/datasets/swagen/audio/common_voice_sw_29798469.wav	zamani vijana walikuwa wanaoa na kuolewa wakiwa wadogo sana 	0
/scratch/skscla001/experiments/datasets/swagen/audio/common_voice_sw_28582159.wav	idadi ya wasemaji nchini myanmar haijulikani 	1
/scratch/skscla001/experiments/datasets/swagen/audio/common_voice_sw_30378326.wav	kuliongeza umuhimu wa mwambao wa mlima karibu na unguja 	0
/scratch/skscla001/experiments/datasets/swagen/audio/common_voice_sw_30180017.wav	raia wa msumbiji hasa mshauri wa machel alifundishwa na uingereza 	1
/scratch/skscla001/experiments/datasets/swagen/audio/common_voice_sw_30143976.wav	tofauti na matarajio ya karume hatua hiyo iliwaleta karibu zaidi 	1
/scratch/skscla001/experiments/datasets/swagen/audio/common_voice_sw_35123740.wav	nibadilishe unibariki 	0
/scratch/skscla001/experiments/datasets/swagen/audio/common_voice_sw_28681622.wav	uwanja huu unapatikana huko cape town nchini afrika kusini 	1
/scratch/skscla001/experiments/datasets/swagen/audio/common_voice_sw_34597078.wav	ni salum alfan baruan 	0
/scratch/skscla001/experiments/datasets/swagen/audio/common_voice_sw_35107820.wav	ili waweze kuondokana na utumiaji wa madawa na hawa wanaouza madawa ya kulevya 	0
/scratch/skscla001/experiments/datasets/swagen/audio/common_voice_sw_31306391.wav	pia ni moja ya maeneo muhimu ya mazalia ya ndege wahamao pamoja 	1
/scratch/skscla001/experiments/datasets/swagen/audio/common_voice_sw_30362325.wav	mwaka elfu mbili na kumi na tisa chama aliongeza mkataba wa miaka miwili 	1
/scratch/skscla001/experiments/datasets/swagen/audio/common_voice_sw_30202106.wav	wilaya inashirikiana na wadau mbalimbali waliopo wilayani katika kuendeleza sekta ya kilimo 	1
/scratch/skscla001/experiments/datasets/swagen/audio/common_voice_sw_30116111.wav	kwa njia hii ukingo wa maporomoko unarudi nyuma na kurudisha njia ya korongo nyuma 	1
/scratch/skscla001/experiments/datasets/swagen/audio/common_voice_sw_29898411.wav	kabla ya kuhamia klabu ya feberbahce uturuki alikuwa akichezea aston villa timu ya uingereza 	1
/scratch/skscla001/experiments/datasets/swagen/audio/common_voice_sw_31406179.wav	pamoja na msukumo wa miili yao na staili mbalimbali 	0
/scratch/skscla001/experiments/datasets/swagen/audio/common_voice_sw_29844223.wav	ugonjwa hu wa malaria unazuilika na unatibika 	1
/scratch/skscla001/experiments/datasets/swagen/audio/common_voice_sw_28991869.wav	mji mkuu ni cankuzo 	1
/scratch/skscla001/experiments/datasets/swagen/audio/common_voice_sw_29424452.wav	wana miguu mirefu na shingo refu na wanapenda kuwa pamoja 	1
/scratch/skscla001/experiments/datasets/swagen/audio/common_voice_sw_30572086.wav	kupitia asilimia kumi ya fedha za ndani za halmashauri 	0
/scratch/skscla001/experiments/datasets/swagen/audio/common_voice_sw_30657071.wav	mlima yamba na milima ya yaruvano mwisho kabia ni mlima zumbu 	1
/scratch/skscla001/experiments/datasets/swagen/audio/common_voice_sw_28581931.wav	hewa hii huitwa pumzi 	1
/scratch/skscla001/experiments/datasets/swagen/audio/common_voice_sw_30024919.wav	wakati huo ilikuwa ikifanya kampeni kwa ajili ya uhuru pamoja na utawala wa wengi 	1
/scratch/skscla001/experiments/datasets/swagen/audio/common_voice_sw_35155150.wav	kama kunahafadhali zozote ambazo zimefanyika kwa hiyo zianze kurekebishwa kabla hazijaenda mbali 	0
/scratch/skscla001/experiments/datasets/swagen/audio/common_voice_sw_29796634.wav	hilo lilikuwa tangazo rasmi la vita 	1
/scratch/skscla001/experiments/datasets/swagen/audio/common_voice_sw_29032191.wav	kuna lugha kadha ambako kidole hiki huitwa kwa majina kama kidole cha daktari 	1
/scratch/skscla001/experiments/datasets/swagen/audio/common_voice_sw_36615852.wav	kuwa ya aibu na ikiwa mtu atarudi baada 	0
/scratch/skscla001/experiments/datasets/swagen/audio/common_voice_sw_29792457.wav	akaanzisha mashamba ya mikarafuu kwa kutumia kazi ya watumwa 	0
/scratch/skscla001/experiments/datasets/swagen/audio/common_voice_sw_29696866.wav	ndege hawa wanatokea afrika kusini mwa sahara 	1
/scratch/skscla001/experiments/datasets/swagen/audio/common_voice_sw_36311018.wav	wa kisiasa wa negus negesti mfalme wa ethiopia tangu mwaka 	1
/scratch/skscla001/experiments/datasets/swagen/audio/common_voice_sw_37229823.wav	na kusema kwamba sio urembo wa asilia 	1
/scratch/skscla001/experiments/datasets/swagen/audio/common_voice_sw_30585207.wav	mendi alizaa mtoto mmoja tu munchari na watu hawa hujiitia emendi 	0
/scratch/skscla001/experiments/datasets/swagen/audio/common_voice_sw_36381989.wav	nchi za canada na marekani kwa pamoja zimetangaza kuendelea 	1
/scratch/skscla001/experiments/datasets/swagen/audio/common_voice_sw_30128611.wav	utu wake na mtizamo wake ulipenya nje ya kuta za gereza 	1
/scratch/skscla001/experiments/datasets/swagen/audio/common_voice_sw_29898555.wav	chui ana kasi kubwa sana nyikani 	1
/scratch/skscla001/experiments/datasets/swagen/audio/common_voice_sw_30114532.wav	hapo akafanikiwa kuwa balozi wa nembo ya kampuni ya puma 	1
/scratch/skscla001/experiments/datasets/swagen/audio/common_voice_sw_37095510.wav	kabisa na hatua za kiuchumi katika jamii ya kisasa kwa hiyo ni vigumu 	1
/scratch/skscla001/experiments/datasets/swagen/audio/common_voice_sw_36013838.wav	akaniambia ni pige zain kwenye website ya tume 	1
/scratch/skscla001/experiments/datasets/swagen/audio/common_voice_sw_32210669.wav	kenya ni nchi yangu 	1
/scratch/skscla001/experiments/datasets/swagen/audio/common_voice_sw_37099200.wav	inashughulikia kanuni za fedha na sheria ndogo ndogo za wafanyakazi 	1
/scratch/skscla001/experiments/datasets/swagen/audio/common_voice_sw_30667148.wav	pia ni mwanachama hai wa chama cha wahandisi tanzania 	0
/scratch/skscla001/experiments/datasets/swagen/audio/common_voice_sw_30438994.wav	wananchi wa tanzania hawatabuli sokoine aguswe 	0
/scratch/skscla001/experiments/datasets/swagen/audio/common_voice_sw_28716466.wav	rangi yao ni nyeupe 	1
/scratch/skscla001/experiments/datasets/swagen/audio/common_voice_sw_30419850.wav	mtawala wa mwisho wa kabila la wanyambo aliitwa itogo ruhinda 	1
/scratch/skscla001/experiments/datasets/swagen/audio/common_voice_sw_30450863.wav	hili lilipelekea kuongezeka kwa wanafunzi waliojiunga na shule za msingi kwa asilimia sabini 	1
/scratch/skscla001/experiments/datasets/swagen/audio/common_voice_sw_28690184.wav	katika hali ya kawaida kila mzunguko huchukua wastani wa sekunde mbili 	1
/scratch/skscla001/experiments/datasets/swagen/audio/common_voice_sw_35132630.wav	eza nishati mwilini na hilo huchangia mtu kuwa na uzito 	1
/scratch/skscla001/experiments/datasets/swagen/audio/common_voice_sw_36066115.wav	wanawake hawa walisema hayo mwaka elfu mbili na sita 	1
/scratch/skscla001/experiments/datasets/swagen/audio/common_voice_sw_35409294.wav	wa upanuzi wa ukoloni wa ujerumani mwishoni mwa karne ya kumi na tisawahehe 	0
/scratch/skscla001/experiments/datasets/swagen/audio/common_voice_sw_29502381.wav	kuambukizwa mwanzoni mwa ujauzito kunaweza kusababisha mtoto kuzaliwa na ugonjwa huu au kuharibika mimba 	1
/scratch/skscla001/experiments/datasets/swagen/audio/common_voice_sw_29996948.wav	mwalimu nyerere aliwahamasisha wananchi kudumisha kilimo 	1
/scratch/skscla001/experiments/datasets/swagen/audio/common_voice_sw_30363954.wav	chama cha ukombozi palestina kilituma wapiganaji kadhaa kumsaidia amin 	0
/scratch/skscla001/experiments/datasets/swagen/audio/common_voice_sw_35155545.wav	jacob matata alichungulia nje 	0
/scratch/skscla001/experiments/datasets/swagen/audio/common_voice_sw_30338461.wav	lakini wakatengana kwa kuhamia sehemu za mbali 	0
/scratch/skscla001/experiments/datasets/swagen/audio/common_voice_sw_29468540.wav	jimbo linapatikana katika kaunti ya marsabit mashariki mwa nchi 	1
/scratch/skscla001/experiments/datasets/swagen/audio/common_voice_sw_28716339.wav	uwanja huo ni sehemu ya makazi magumu zaidi ya vifaa vingine vya riadha 	1
/scratch/skscla001/experiments/datasets/swagen/audio/common_voice_sw_30224079.wav	tumia bidhaa za nywele ambazo zinaendana na nywele zako na hakikisha unazingatia mambo muhimu 	1
/scratch/skscla001/experiments/datasets/swagen/audio/common_voice_sw_30182789.wav	hapo wageni hao walikariri kuwa waha kwa kuchukua neno ha 	1
/scratch/skscla001/experiments/datasets/swagen/audio/common_voice_sw_29805649.wav	nyimbo za kupinga ubaguzi wa rangi zilisikika afrika kusini 	1
/scratch/skscla001/experiments/datasets/swagen/audio/common_voice_sw_28691422.wav	iko ndani ya jiji la dar es salaam 	1
/scratch/skscla001/experiments/datasets/swagen/audio/common_voice_sw_30640478.wav	pinda alikuwa ni mmoja wa vigogo walioondolewa kwenye mchakato katika hatua za awali 	0
/scratch/skscla001/experiments/datasets/swagen/audio/common_voice_sw_31304600.wav	timu nyingi dar es salaam zilitegemea matawi ya simba 	1
/scratch/skscla001/experiments/datasets/swagen/audio/common_voice_sw_36013747.wav	watu wenye virusi vya ukimwi wana upungufu wa kinga mwilini 	1
/scratch/skscla001/experiments/datasets/swagen/audio/common_voice_sw_30149813.wav	ivory coast walikuwa wenyeji wa michuano ya mwaka huo 	1
/scratch/skscla001/experiments/datasets/swagen/audio/common_voice_sw_30201039.wav	ujerumani yenyewe ilivamiwa kutoka magharibi na mashariki 	1
/scratch/skscla001/experiments/datasets/swagen/audio/common_voice_sw_37089503.wav	tisini na nne chini ya utawala wa chama kimoja wa dikteta hastings kamuzu banda 	1
/scratch/skscla001/experiments/datasets/swagen/audio/common_voice_sw_30025027.wav	katika mapokezi ya baraza la uingereza 	1
/scratch/skscla001/experiments/datasets/swagen/audio/common_voice_sw_31409775.wav	baada ya kumegwa kutoka sehemu ya pori la akiba la selous 	1
/scratch/skscla001/experiments/datasets/swagen/audio/common_voice_sw_30438078.wav	upo ushahidi wa kwamba ruvuma si miongoni mwa mikoa yenye kiwango kikubwa cha maambukizi 	1
/scratch/skscla001/experiments/datasets/swagen/audio/common_voice_sw_36299978.wav	maendeleo ya kijamiikiuchumikwa muda mrefu imethibitishwa kuwa 	1
/scratch/skscla001/experiments/datasets/swagen/audio/common_voice_sw_35181719.wav	maelezo ya historia yanaonyesha kuwa utawala wa wareno kilwa kisiwani 	0
/scratch/skscla001/experiments/datasets/swagen/audio/common_voice_sw_29924748.wav	mwalimu mkuu alinunua vitumbua akampa malatwe 	0
/scratch/skscla001/experiments/datasets/swagen/audio/common_voice_sw_29586047.wav	leo hii wakazi wengi kabisa ni warusi 	0
/scratch/skscla001/experiments/datasets/swagen/audio/common_voice_sw_35757151.wav	karne ya kumi na tatu umoja wa kikabila wa 	1
/scratch/skscla001/experiments/datasets/swagen/audio/common_voice_sw_29795819.wav	zote zikiwa ni hifadhi zinazopatikana ndani ya taifa la tanzania 	1
/scratch/skscla001/experiments/datasets/swagen/audio/common_voice_sw_29630388.wav	kitabu cha kutoka kina sura arobaini 	1
/scratch/skscla001/experiments/datasets/swagen/audio/common_voice_sw_35156889.wav	makamba alifanya kazi kwa karibu na mama samia 	0
/scratch/skscla001/experiments/datasets/swagen/audio/common_voice_sw_28260554.wav	matumizi ya pombe huhusishwa na upungufu wa hatari ya maumivu ya viungo 	1
/scratch/skscla001/experiments/datasets/swagen/audio/common_voice_sw_35099331.wav	kwa hivyo kama watu watashauriwa vizuri vyakula hasa vyakula na watu wawe active 	0
/scratch/skscla001/experiments/datasets/swagen/audio/common_voice_sw_30116109.wav	makamanda wa uganda walihofu kwamba daraja la kyaka lingeweza kutumika katika kurahisisha mashamulizi 	1
/scratch/skscla001/experiments/datasets/swagen/audio/common_voice_sw_35108101.wav	mkataba wa kuzuia ualifu wa mauaji ya kimbari ulikamilika 	1
/scratch/skscla001/experiments/datasets/swagen/audio/common_voice_sw_29793361.wav	vilifikia laki nne na elfu arobaini na tano 	0
/scratch/skscla001/experiments/datasets/swagen/audio/common_voice_sw_29141702.wav	hali ya hewa inategemea mahali na kimo 	1
/scratch/skscla001/experiments/datasets/swagen/audio/common_voice_sw_37211831.wav	nataka kuuliza swali 	0
/scratch/skscla001/experiments/datasets/swagen/audio/common_voice_sw_29795834.wav	amin aliamini kuwa yeye ndiye mkuu wa majeshi yote ya uganda 	1
/scratch/skscla001/experiments/datasets/swagen/audio/common_voice_sw_28695895.wav	upande wa ulinzi kuna kituo kimoja kidogo cha polisi 	1
/scratch/skscla001/experiments/datasets/swagen/audio/common_voice_sw_28690079.wav	hula matunda na mbegu hasa lakini wadudu pia 	1
/scratch/skscla001/experiments/datasets/swagen/audio/common_voice_sw_30661154.wav	xavi alipoanza kucheza timu ya taifa alifanya vizuri sana 	1
/scratch/skscla001/experiments/datasets/swagen/audio/common_voice_sw_30188896.wav	edward lowasa alikuwa akitamani sana kuwa raisi wa tanzania 	0
/scratch/skscla001/experiments/datasets/swagen/audio/common_voice_sw_30299926.wav	asilimia kubwa ya bajeti ya tanzania huishia kwenye ujenzi 	1
/scratch/skscla001/experiments/datasets/swagen/audio/common_voice_sw_30224588.wav	alikuja kumfukuza badae lakini pia aliwateua wazungu 	0
/scratch/skscla001/experiments/datasets/swagen/audio/common_voice_sw_28670315.wav	jike ni mkubwa kidogo kuliko dume lakini dume ana pembe fupi na nyembamba 	1
/scratch/skscla001/experiments/datasets/swagen/audio/common_voice_sw_28581880.wav	kwazulu natal iko upande wa mashariki wa afrika kusini ina pwani ndefu la bahari hindi 	1
/scratch/skscla001/experiments/datasets/swagen/audio/common_voice_sw_29926924.wav	sikuja kutafuta mchumba bali nimekuja kufanya kazi za watanzania 	1
/scratch/skscla001/experiments/datasets/swagen/audio/common_voice_sw_36381093.wav	uchafuzi huu unaweza kupitishwa waathirika wakuu wa uchafuzi huu 	1
/scratch/skscla001/experiments/datasets/swagen/audio/common_voice_sw_37086721.wav	naam ni bingu mutharika rais wa malawi 	1
/scratch/skscla001/experiments/datasets/swagen/audio/common_voice_sw_28819457.wav	majukumu hutofautiana kulingana na kazi na ukubwa wa shirika 	1
/scratch/skscla001/experiments/datasets/swagen/audio/common_voice_sw_29850308.wav	kenyata alihusishwa na harakati za vita vya msituni 	1
/scratch/skscla001/experiments/datasets/swagen/audio/common_voice_sw_30179793.wav	ureno ilifungwa mabao mawili kwa moja 	1
/scratch/skscla001/experiments/datasets/swagen/audio/common_voice_sw_30654267.wav	tanzania ni nchi iliyobarikiwa kuwa na wanyama mbalimbali 	1
/scratch/skscla001/experiments/datasets/swagen/audio/common_voice_sw_30419851.wav	yasiyopungua laki mbili na nusu kwa siku moja 	1
/scratch/skscla001/experiments/datasets/swagen/audio/common_voice_sw_30007254.wav	tena wanasikitikia jinsi alivyohamasisha watawala kukomesha wakulima 	1
/scratch/skscla001/experiments/datasets/swagen/audio/common_voice_sw_37225849.wav	na nne wamasai wengi huko tanzania huvaa makubadhi ambayo walikuwa mpaka hivi majuzi wakizitengeneza 	0
/scratch/skscla001/experiments/datasets/swagen/audio/common_voice_sw_31911993.wav	pochi hii alapsechi echu ikikamilika asari takuva ningii kichoveo cha papaa itakuva ni mwanadamu 	1
/scratch/skscla001/experiments/datasets/swagen/audio/common_voice_sw_30058639.wav	algeria waliandaa michuano ya mataifa ya afrika 	1
/scratch/skscla001/experiments/datasets/swagen/audio/common_voice_sw_34833575.wav	kila timu ikiwa na wachezaji kumi na mmoja 	0
/scratch/skscla001/experiments/datasets/swagen/audio/common_voice_sw_30007157.wav	hifadhi ya arusha inapambwa na maziwa ya momella 	1
/scratch/skscla001/experiments/datasets/swagen/audio/common_voice_sw_30582821.wav	hifadhi ya kilimanjaro hiyo inajumuisha mlima kilimanjaro 	1
/scratch/skscla001/experiments/datasets/swagen/audio/common_voice_sw_30653501.wav	umaarufu wake ni kutokana na mandhari mazuri ya mlima kilimanjaro 	0
/scratch/skscla001/experiments/datasets/swagen/audio/common_voice_sw_29948456.wav	tunatumia siku ya maadhimisho ya mtoto wa afrika kuwakumbusha viongozi 	1
/scratch/skscla001/experiments/datasets/swagen/audio/common_voice_sw_30092047.wav	kuna hatari kubwa ya kuishi wagonjwa korona 	1
/scratch/skscla001/experiments/datasets/swagen/audio/common_voice_sw_30198740.wav	kwani mataifa haya yanasafirisha dhahabu na vitu vingine kwenda nje 	0
/scratch/skscla001/experiments/datasets/swagen/audio/common_voice_sw_29796560.wav	vadongwe wao waliishi kando ya milima ya uhambingeto 	1
/scratch/skscla001/experiments/datasets/swagen/audio/common_voice_sw_36383706.wav	mwaka huu ngega amewambia maseneta kuwa siku saba zaidi zitatosha 	1
/scratch/skscla001/experiments/datasets/swagen/audio/common_voice_sw_29938066.wav	ni kudumisha maneno ya uongo ya wakoloni kutugawa na kujishusha thamani wenyewe kwa wenyewe 	1
/scratch/skscla001/experiments/datasets/swagen/audio/common_voice_sw_29792465.wav	setilaiti ya kwanza ilionekana katika sehemu nyingine za umma 	0
/scratch/skscla001/experiments/datasets/swagen/audio/common_voice_sw_30470862.wav	messi ameenda kwa ufaransa kwa uhamisho huru 	1
/scratch/skscla001/experiments/datasets/swagen/audio/common_voice_sw_30327634.wav	dalili kuu na ishara tofauti pamoja na hatua za kifua kikuu zinajulikana saba 	1
/scratch/skscla001/experiments/datasets/swagen/audio/common_voice_sw_36375170.wav	krafuu ina nguvu katika kupambana na maambukizo ya virusi na bakteria 	1
/scratch/skscla001/experiments/datasets/swagen/audio/common_voice_sw_30162193.wav	chuo cha ualimu wamewapa heshima ya kipekee chuo cha uandishi wa habari 	1
/scratch/skscla001/experiments/datasets/swagen/audio/common_voice_sw_36310862.wav	ya dawa unaofanywa na wataalamu wa kimatabibu zimezidisha 	1
/scratch/skscla001/experiments/datasets/swagen/audio/common_voice_sw_30142849.wav	mara nyingi mishipa hiyo ya damu hupasuka na damu huganda 	1
/scratch/skscla001/experiments/datasets/swagen/audio/common_voice_sw_36382619.wav	kwenye eneo hilo huakikisha kwamba kila mtu anachukua tahadhari husika 	1
/scratch/skscla001/experiments/datasets/swagen/audio/common_voice_sw_28584468.wav	umoja huo ulianzishwa na mataifa washindi wa vita kuu ya kwanza ya dunia 	0
/scratch/skscla001/experiments/datasets/swagen/audio/common_voice_sw_30194522.wav	ukilinganisha na nchi zinazozalisha mafuta duniani kote 	0
/scratch/skscla001/experiments/datasets/swagen/audio/common_voice_sw_37096495.wav	dhiti ya mwimbaji maarufu michele mati 	1
/scratch/skscla001/experiments/datasets/swagen/audio/common_voice_sw_37225289.wav	mziki wa taarabu kutoka zanzibar huwa na ujumbe wa aina mbalimbali 	1
/scratch/skscla001/experiments/datasets/swagen/audio/common_voice_sw_30143873.wav	huyo ndio mnyama simba kwa ufupi kuanzia miaka kadhaa nyuma 	1
/scratch/skscla001/experiments/datasets/swagen/audio/common_voice_sw_28725285.wav	ziwa nyasa linapatikana kati ya nchi za malawi msumbiji na tanzania 	1
/scratch/skscla001/experiments/datasets/swagen/audio/common_voice_sw_28663325.wav	kweli alijitahidi kuleta hali mpya katika kanisa 	1
/scratch/skscla001/experiments/datasets/swagen/audio/common_voice_sw_37221393.wav	amesema hata yeye alinyimwa ruhusa ya kuwaona 	1
/scratch/skscla001/experiments/datasets/swagen/audio/common_voice_sw_30149111.wav	zikiendelea kupigwa ili sauti za wanaotahiriwa hasa wanaolia zisisikike 	1
/scratch/skscla001/experiments/datasets/swagen/audio/common_voice_sw_30180045.wav	hao wangoni bwana wape hela watafikisha lakini mwanamke hafiki aisee 	1
/scratch/skscla001/experiments/datasets/swagen/audio/common_voice_sw_30182950.wav	kwa sababu waliiishi katika nchi zilizotunga sheria za kuwabana wakimbizi 	1
/scratch/skscla001/experiments/datasets/swagen/audio/common_voice_sw_30382276.wav	watu wanaoishi jirani mno huwa na tabia ya kula chakula 	0
/scratch/skscla001/experiments/datasets/swagen/audio/common_voice_sw_30108209.wav	milima ya samya na ile milima ya sangaiwe 	0
/scratch/skscla001/experiments/datasets/swagen/audio/common_voice_sw_28662043.wav	dalili zinaweza kujumuisha maumivu na ugumu wa kula chakula 	1
/scratch/skscla001/experiments/datasets/swagen/audio/common_voice_sw_36375123.wav	hati inaweza kuwahusisha watazamaji na hadhira 	1
/scratch/skscla001/experiments/datasets/swagen/audio/common_voice_sw_35964218.wav	kama mtetezi wa masuala ya uongozi bora rais huyo mpya wa malawi anayezungumza kiingezera 	1
/scratch/skscla001/experiments/datasets/swagen/audio/common_voice_sw_30623906.wav	upande wa kulia ukifuatwa na upande wa kushoto 	0
/scratch/skscla001/experiments/datasets/swagen/audio/common_voice_sw_28663139.wav	iliendelea kuwa kitovu cha utamaduni wa kigiriki katika misri 	1
/scratch/skscla001/experiments/datasets/swagen/audio/common_voice_sw_36380995.wav	huku wanajeshi wengine wakiachishwa kazi na wengine wakishtakiwa 	1
/scratch/skscla001/experiments/datasets/swagen/audio/common_voice_sw_31329052.wav	kuchaguliwa mchezaji bora wa dunia mwaka elfu mbili na nane 	1
/scratch/skscla001/experiments/datasets/swagen/audio/common_voice_sw_30091429.wav	jina la kwanza ni mwita ambalo asili yake ni uguita 	1
/scratch/skscla001/experiments/datasets/swagen/audio/common_voice_sw_37229649.wav	vinaonesha kwamba historia ya binadamu ya zanzibar inarejea wakati wa prehistoric 	1
/scratch/skscla001/experiments/datasets/swagen/audio/common_voice_sw_30334178.wav	mahitaji yao yote kama vile kuni na kilimo 	1
/scratch/skscla001/experiments/datasets/swagen/audio/common_voice_sw_30148699.wav	iliyojulikana kwa jina la boshazi maana yake bondei zigua sambaa 	1
/scratch/skscla001/experiments/datasets/swagen/audio/common_voice_sw_37084711.wav	kujiri ama zitajiri hapo baadaye 	1
/scratch/skscla001/experiments/datasets/swagen/audio/common_voice_sw_29684576.wav	uchumi hutegemea misaada kutoka ufaransa 	0
/scratch/skscla001/experiments/datasets/swagen/audio/common_voice_sw_36386568.wav	los angeles na chicago marekani ni nchi iliyoendelea na yenye 	1
/scratch/skscla001/experiments/datasets/swagen/audio/common_voice_sw_30638486.wav	inasemekana walikuwa huko taveta kaskazini nchini kenya 	1
/scratch/skscla001/experiments/datasets/swagen/audio/common_voice_sw_30108241.wav	figo alijunga na mahasimu wa barcelona 	1
/scratch/skscla001/experiments/datasets/swagen/audio/common_voice_sw_36616941.wav	kwenye mataifa ishirini na nane ulimwenguni 	1
/scratch/skscla001/experiments/datasets/swagen/audio/common_voice_sw_35132538.wav	mheshimiwa samia aliteuliwa na aliyekuwa katibu mkuu wa umoja wa mataifa 	1
/scratch/skscla001/experiments/datasets/swagen/audio/common_voice_sw_29023169.wav	katika miji mikubwa kigiriki kilikuwa lugha kuu 	1
/scratch/skscla001/experiments/datasets/swagen/audio/common_voice_sw_29945596.wav	hakuwa na mamlaka juu ya mkuu mpya wa jeshi emil von zelewski 	1
/scratch/skscla001/experiments/datasets/swagen/audio/common_voice_sw_35172737.wav	nchi hiyo ilianza kupelekea mataifa mengine msaada 	0
/scratch/skscla001/experiments/datasets/swagen/audio/common_voice_sw_30470916.wav	nchi mbalimbali zilijitenga na kupata uhuru kama vile ugiriki 	1
/scratch/skscla001/experiments/datasets/swagen/audio/common_voice_sw_30635691.wav	yeye alikuwa ndiye mkubwa kwa kuzaliwa 	1
/scratch/skscla001/experiments/datasets/swagen/audio/common_voice_sw_37214399.wav	akizungumza wakati wa uzinduzi huo ametoa wito kwa wananchi kuacha mara moja 	0
/scratch/skscla001/experiments/datasets/swagen/audio/common_voice_sw_36310632.wav	msikizaji katika simu hii leo nina watu kama wanne hivi 	1
/scratch/skscla001/experiments/datasets/swagen/audio/common_voice_sw_34391032.wav	ya kumi na tisa wahamiaji walifika pia kutoka 	1
/scratch/skscla001/experiments/datasets/swagen/audio/common_voice_sw_30338247.wav	seleman matola alicheza na kaseja katika kikosi cha simba kuanzia mwaka 	0
/scratch/skscla001/experiments/datasets/swagen/audio/common_voice_sw_29994707.wav	nyerere anakumbukwa na watanzania kutokana na sera zake 	1
/scratch/skscla001/experiments/datasets/swagen/audio/common_voice_sw_29636878.wav	aina ya ganda inasababisha tabia tofauti tofauti za risasi 	1
/scratch/skscla001/experiments/datasets/swagen/audio/common_voice_sw_30047624.wav	nadharia ya bahati hujumuishwa mielekeo ya kuongeza yaliyobuniwa 	0
/scratch/skscla001/experiments/datasets/swagen/audio/common_voice_sw_36311034.wav	uchunguzi wao ulilenga zaidi kuandika mambo mengi kuhusu karne ya ishirini 	1
/scratch/skscla001/experiments/datasets/swagen/audio/common_voice_sw_36350615.wav	siwezi kukuambia siri yangu 	1
/scratch/skscla001/experiments/datasets/swagen/audio/common_voice_sw_35280735.wav	kitabu hicho kilikuwa na uchambuzi wa kina wa kisheria 	1
/scratch/skscla001/experiments/datasets/swagen/audio/common_voice_sw_30380739.wav	ukifanikiwa kuwa na jeshi imara vita hiyo ni vyepesi kuishinda 	1
/scratch/skscla001/experiments/datasets/swagen/audio/common_voice_sw_30563432.wav	wakikaa bila kushinda mashabiki wanachukia timu 	0
/scratch/skscla001/experiments/datasets/swagen/audio/common_voice_sw_36382479.wav	thelathini na mbili ingawa hali halisi ilikuwa nchi lindwa chini ya 	1
/scratch/skscla001/experiments/datasets/swagen/audio/common_voice_sw_29898977.wav	adolf hilter alikuwa mkurugezi wa jeshi la ujerumani 	1
/scratch/skscla001/experiments/datasets/swagen/audio/common_voice_sw_34991055.wav	ambapo wanatuhumiwa kutenga eneo la uzazi kwa ajili ya watu wasioridhika 	0
/scratch/skscla001/experiments/datasets/swagen/audio/common_voice_sw_31356607.wav	kiwango chake cha mchezo hakipungui na badala yake kinaongezeka kila uchao 	1
/scratch/skscla001/experiments/datasets/swagen/audio/common_voice_sw_35181722.wav	mwokozi atanitosha 	0
/scratch/skscla001/experiments/datasets/swagen/audio/common_voice_sw_29938771.wav	baadhi ya nchi zinazopatikana pembeni mwa bahari hii ni 	1
/scratch/skscla001/experiments/datasets/swagen/audio/common_voice_sw_31909496.wav	nahisi ni vyema kwenda mapema skuli 	0
/scratch/skscla001/experiments/datasets/swagen/audio/common_voice_sw_37093117.wav	tulivyo katika ligi ya hapa uganda 	0
/scratch/skscla001/experiments/datasets/swagen/audio/common_voice_sw_28926597.wav	nusu yao waliishi mjini 	0
/scratch/skscla001/experiments/datasets/swagen/audio/common_voice_sw_31996485.wav	wakati ni kama upanga 	0
/scratch/skscla001/experiments/datasets/swagen/audio/common_voice_sw_29993786.wav	inaaminika pia kuwa kurudi kwao wakati wa krismasi ni pamoja na kutembelea ndugu zao 	1
/scratch/skscla001/experiments/datasets/swagen/audio/common_voice_sw_29240059.wav	uchumi unategemea uvuvi pamoja na biashara ya mpakani 	0
/scratch/skscla001/experiments/datasets/swagen/audio/common_voice_sw_30180841.wav	abedi ayew pele alikuwa mchezaji bora wa afrika 	1
/scratch/skscla001/experiments/datasets/swagen/audio/common_voice_sw_30067512.wav	hatimae lumumba na chama chake walipata ushindi uliowawezesha kuunda serikali 	1
/scratch/skscla001/experiments/datasets/swagen/audio/common_voice_sw_29790890.wav	masuala ya usawa wa kijinsia yatabaki kuwa ndotoni 	0
/scratch/skscla001/experiments/datasets/swagen/audio/common_voice_sw_30671301.wav	alipokelewa kwa ukarimu mkubwa mno na kawinila hyera pamoja na lihuhu kinunda 	1
/scratch/skscla001/experiments/datasets/swagen/audio/common_voice_sw_31581314.wav	kutegemea kama alipoteza mvulana au msichana alipokuwa akijifungua 	0
/scratch/skscla001/experiments/datasets/swagen/audio/common_voice_sw_30325806.wav	rais wa kwanza wa kenya alikuwa rafiki mkubwa wa nyerere 	0
/scratch/skscla001/experiments/datasets/swagen/audio/common_voice_sw_29963477.wav	taifa la ujerumani lilishinda taji la tatu la dunia 	1
/scratch/skscla001/experiments/datasets/swagen/audio/common_voice_sw_29797220.wav	wapagazi wengi walikuwa watu wa maeneo ya magharibi 	1
/scratch/skscla001/experiments/datasets/swagen/audio/common_voice_sw_35183903.wav	kuna dawa ambazo zinatoka katika nchi ya china 	0
/scratch/skscla001/experiments/datasets/swagen/audio/common_voice_sw_28999522.wav	hasa mlimani na penye matope si mahali pake 	1
/scratch/skscla001/experiments/datasets/swagen/audio/common_voice_sw_30640490.wav	ametaka wanawake kujiamini nchini kuacha woga wakati wa mapambano ya kutafuta fursa 	0
/scratch/skscla001/experiments/datasets/swagen/audio/common_voice_sw_36386619.wav	k wizi uliouwazi kabisa 	1
/scratch/skscla001/experiments/datasets/swagen/audio/common_voice_sw_36616893.wav	nikitazama matendo yako na nguvu zako wewe 	1
/scratch/skscla001/experiments/datasets/swagen/audio/common_voice_sw_30574555.wav	kutokana na ukame na shida za hapa na pale ikabidi wasitishe kukaa huko 	1
/scratch/skscla001/experiments/datasets/swagen/audio/common_voice_sw_34834307.wav	kwani yeye alihamasika kuona ishara zile kutoka kwa mungu yesu akamjibu 	0
/scratch/skscla001/experiments/datasets/swagen/audio/common_voice_sw_30357297.wav	ujenzi wa nyumba hufanyika kwa ushirikiano mkubwa sana 	0
/scratch/skscla001/experiments/datasets/swagen/audio/common_voice_sw_29936833.wav	matawi maarufu wakati huo kama nyota ya asubuhi 	1
/scratch/skscla001/experiments/datasets/swagen/audio/common_voice_sw_29897031.wav	kabla ya miss tanzania alishindana katika miss kurasini elfu mbili na sita 	1
/scratch/skscla001/experiments/datasets/swagen/audio/common_voice_sw_35181653.wav	tofauti na jabir ambaye alijulikana na wafanyakazi wenzie wa ofisi hiyo 	0
/scratch/skscla001/experiments/datasets/swagen/audio/common_voice_sw_29257231.wav	spishi hizi zinatokea afrika na kadhaa zinatokea asia ya magharibi mpaka uhindi 	0
/scratch/skscla001/experiments/datasets/swagen/audio/common_voice_sw_30586093.wav	nywele hizo hupakwa mafuta ya wanyama na mchanga mwekundu 	1
/scratch/skscla001/experiments/datasets/swagen/audio/common_voice_sw_30628192.wav	badala ya kuingia kwenye nafasi yake mwenyewe 	0
/scratch/skscla001/experiments/datasets/swagen/audio/common_voice_sw_30189552.wav	anaeleza pia viumbe vinavyoishi kwenye maji chumvi ni papa pweza nyangumi tasi na changu 	0
/scratch/skscla001/experiments/datasets/swagen/audio/common_voice_sw_30437856.wav	alipojiunga na wapiganaji wa mujahideen kupigana na 	0
/scratch/skscla001/experiments/datasets/swagen/audio/common_voice_sw_29904637.wav	idara ya mambo ya kale nchini tanzania inafanya kazi 	1
/scratch/skscla001/experiments/datasets/swagen/audio/common_voice_sw_30233552.wav	majina yanayofanana ya yale ya koo za kipare ni kama wasuya na wavungi 	1
/scratch/skscla001/experiments/datasets/swagen/audio/common_voice_sw_36945048.wav	wa mvua na hazina inayojulikana na isiyojulikana 	1
/scratch/skscla001/experiments/datasets/swagen/audio/common_voice_sw_36387977.wav	mbogwe mbunge ni augustino masele kupitia chama cha mapinduzi 	1
/scratch/skscla001/experiments/datasets/swagen/audio/common_voice_sw_28583294.wav	ndiyo asili ya jina 	0
/scratch/skscla001/experiments/datasets/swagen/audio/common_voice_sw_30586136.wav	nchi nyingi hujivunia utawala wa serikali ya nchi ya tanzania 	1
/scratch/skscla001/experiments/datasets/swagen/audio/common_voice_sw_30193312.wav	benki hiyo ilipewa kibali na serikali ya ujerumani kuchapisha noti 	0
/scratch/skscla001/experiments/datasets/swagen/audio/common_voice_sw_31433728.wav	ndani ya misimu mitatu mfululizo mkude amekuwa kati ya wachezaji muhimu ambao wameifanikisha timu 	1
/scratch/skscla001/experiments/datasets/swagen/audio/common_voice_sw_31581400.wav	neno ndala kwa kipare humaanisha utaratibu wa familia 	0
/scratch/skscla001/experiments/datasets/swagen/audio/common_voice_sw_34763358.wav	hata hivyo jacob matata aliweza kumtambua mzee makame akiwa kwenye hiyo picha 	1
/scratch/skscla001/experiments/datasets/swagen/audio/common_voice_sw_28670013.wav	kwa kweli utaratibu wa uchunguzi unaweza kuhusisha vipengele vya mbinu nyingi 	1
/scratch/skscla001/experiments/datasets/swagen/audio/common_voice_sw_36385716.wav	iwapo kutatokea majeraha basi atakuwa anajitosa katika shughuli hizo za ununuzi wa wachezaji 	1
/scratch/skscla001/experiments/datasets/swagen/audio/common_voice_sw_30631226.wav	sir alex ferguson anaenda uwanjani kutazama mechi 	1
/scratch/skscla001/experiments/datasets/swagen/audio/common_voice_sw_31996893.wav	usiguse sehemu hii 	0
/scratch/skscla001/experiments/datasets/swagen/audio/common_voice_sw_30180978.wav	mataifa yanavutiwa na maonyesho ya blob yanayofanyika kila mwaka 	1
/scratch/skscla001/experiments/datasets/swagen/audio/common_voice_sw_36375122.wav	wakati ambapo matukio ya maendeleo yanastahili kutokea katika maisha ya mtu 	1
/scratch/skscla001/experiments/datasets/swagen/audio/common_voice_sw_30445670.wav	janga la rinderpest na ukame wakati ulisababisha kupungua kwa idadi ya wamasai 	1
/scratch/skscla001/experiments/datasets/swagen/audio/common_voice_sw_28987652.wav	nyota za meza ni chache na dhaifu sana 	1
/scratch/skscla001/experiments/datasets/swagen/audio/common_voice_sw_35683904.wav	haki yako na mpaka hapa tunatamatisha makala yetu ya jua haki zako 	1
/scratch/skscla001/experiments/datasets/swagen/audio/common_voice_sw_36319593.wav	david zacharia kafulila anakuwa mkuu mpya wa mkoa wa arusha 	1
/scratch/skscla001/experiments/datasets/swagen/audio/common_voice_sw_30020238.wav	mikumi na iringa pia arusha kupitia dodoma 	1
/scratch/skscla001/experiments/datasets/swagen/audio/common_voice_sw_30334159.wav	chumbe ni kisiwa kinachotumika kwa utalii na uvuvi pekee 	1
/scratch/skscla001/experiments/datasets/swagen/audio/common_voice_sw_30327191.wav	kutokana na sheria ya mambo ya kale ya mwaka huo 	1
/scratch/skscla001/experiments/datasets/swagen/audio/common_voice_sw_36385840.wav	utamaduni huo haukuweza kutibu magonjwa hayo 	1
/scratch/skscla001/experiments/datasets/swagen/audio/common_voice_sw_30146041.wav	kunakuwepo na sherehe kadhaa zinazofuatana pale mashujaa wanapoingia 	1
/scratch/skscla001/experiments/datasets/swagen/audio/common_voice_sw_30321898.wav	shughuli hizi za ufugaji wa vipepeo zimeanzishwa zikiwa na viwango mbalimbali 	1
/scratch/skscla001/experiments/datasets/swagen/audio/common_voice_sw_29980433.wav	na akiwa wa kiume amwite muyinga mufwimi 	1
/scratch/skscla001/experiments/datasets/swagen/audio/common_voice_sw_29937758.wav	ngoma za jadi zilipigwa kwa matukio maalum kama kwenye jando au unyago 	1
/scratch/skscla001/experiments/datasets/swagen/audio/common_voice_sw_36037452.wav	hatua gani ambazo tunaweza kupiga 	1
/scratch/skscla001/experiments/datasets/swagen/audio/common_voice_sw_34746354.wav	sehemu kubwa zaidi ya afrika ya mashariki inapeleka maji kwenda mabeseni ya rufiji 	1
/scratch/skscla001/experiments/datasets/swagen/audio/common_voice_sw_28690261.wav	sehemu kubwa ya maandishi duniani inatumia alfabeti mbalimbali 	1
/scratch/skscla001/experiments/datasets/swagen/audio/common_voice_sw_28695293.wav	hii inaweza kusababisha kila aina ya shida 	1
/scratch/skscla001/experiments/datasets/swagen/audio/common_voice_sw_30021035.wav	kwa wenye matatizo ya moyo tende zitawasaidia kuupa moyo nguvu 	1
/scratch/skscla001/experiments/datasets/swagen/audio/common_voice_sw_36640863.wav	mwalimu aligawanya vitabu kwa wanafunzi 	0
/scratch/skscla001/experiments/datasets/swagen/audio/common_voice_sw_30006845.wav	pia uingereza iliamua kutafuta utawala wa visiwa 	1
/scratch/skscla001/experiments/datasets/swagen/audio/common_voice_sw_29961837.wav	kuna njiapanda ambako njia ya kati inaunganishwa na njia za kando 	1
/scratch/skscla001/experiments/datasets/swagen/audio/common_voice_sw_30629947.wav	tembo ana ukubwa wa tani saba 	1
/scratch/skscla001/experiments/datasets/swagen/audio/common_voice_sw_30485802.wav	wateka nyara hao waliingia ofisini humo taratibu kabla ya kupaza sauti 	1
/scratch/skscla001/experiments/datasets/swagen/audio/common_voice_sw_35408991.wav	ya chama cha mapinduzi wanaokifahamu chama hicho kwa undani uzoefu wa namna hiyo ni 	1
/scratch/skscla001/experiments/datasets/swagen/audio/common_voice_sw_30342000.wav	amarula imekuwa kivutio kikubwa kwa watalii hasa wa nje 	0
/scratch/skscla001/experiments/datasets/swagen/audio/common_voice_sw_30181459.wav	wengine waliona nafasi ya kujichukulia mali ya kanisa 	1
/scratch/skscla001/experiments/datasets/swagen/audio/common_voice_sw_28962066.wav	sawa na suala la ugonjwa hakuna elezo kamili kuhusu hali ya afya 	0
/scratch/skscla001/experiments/datasets/swagen/audio/common_voice_sw_30659258.wav	pengine jina wanyaturu linapoteza historia yao 	0
/scratch/skscla001/experiments/datasets/swagen/audio/common_voice_sw_37226163.wav	mabadiliko hayo mwandishi wetu jijini paris mohamed saleh 	1
/scratch/skscla001/experiments/datasets/swagen/audio/common_voice_sw_34762937.wav	katika maisha lazima watu wawe wanafanya mazoezi kwa bidii 	1
/scratch/skscla001/experiments/datasets/swagen/audio/common_voice_sw_36385831.wav	makubwa mno afya ya umma na kwa mazingirauhusiano kati ya 	1
/scratch/skscla001/experiments/datasets/swagen/audio/common_voice_sw_28259031.wav	hiki ni chombo kikuu kabisa cha utawala wa kijiji 	1
/scratch/skscla001/experiments/datasets/swagen/audio/common_voice_sw_30327355.wav	majaribio yalionyesha kulikuwa na sababu nyingine muhimu zaidi 	0
/scratch/skscla001/experiments/datasets/swagen/audio/common_voice_sw_30354900.wav	mila za kingoni ndoa za koo moja huwa zinapitia katika matukio kadhaa 	1
/scratch/skscla001/experiments/datasets/swagen/audio/common_voice_sw_36299579.wav	kuibiwa kura na rais wa sasa alibong onimba 	1
/scratch/skscla001/experiments/datasets/swagen/audio/common_voice_sw_28877841.wav	kipindi hiki kilikuwa na athira kuu katika maisha ya mtaalamu 	1
/scratch/skscla001/experiments/datasets/swagen/audio/common_voice_sw_30114710.wav	matumizi ya vielezi vivumishi na vitu vinavyoonekana na kusikika hufanya matukio kuwa halisi 	1
/scratch/skscla001/experiments/datasets/swagen/audio/common_voice_sw_29793050.wav	mkutano mkuu ulipiga kura na kumchagua magufuli kuwa mgombea urais wa chama cha mapinduzi 	0
/scratch/skscla001/experiments/datasets/swagen/audio/common_voice_sw_29996953.wav	kuna ulazima wa kuwepo mawasiliano kuweza kufahamu kama huduma hiyo ipo au haipo 	1
/scratch/skscla001/experiments/datasets/swagen/audio/common_voice_sw_34745842.wav	kwenye mkutano wa viongozi barani afrika kwa kutumia nafasi yake 	0
/scratch/skscla001/experiments/datasets/swagen/audio/common_voice_sw_29898189.wav	mwaka elfu moja mia tisa na arobaini na sita alitumwa kaskazini kwa kupigania wasomalia 	1
/scratch/skscla001/experiments/datasets/swagen/audio/common_voice_sw_30341023.wav	hii ni kutokana na sifa za pekee zinazopatikana mji huu 	1
/scratch/skscla001/experiments/datasets/swagen/audio/common_voice_sw_36383812.wav	kwa ujumla zinathibitisha ya kwamba yesu alikuwepo 	1
/scratch/skscla001/experiments/datasets/swagen/audio/common_voice_sw_29956171.wav	wakati wastani wa wenzi wa kimapenzi 	1
/scratch/skscla001/experiments/datasets/swagen/audio/common_voice_sw_30583030.wav	hakika wapare ni mfano wa kuigwa hapa nchini 	1
/scratch/skscla001/experiments/datasets/swagen/audio/common_voice_sw_30567804.wav	watoto wote wanahesabiwa kuwa wa ukoo huo 	0
/scratch/skscla001/experiments/datasets/swagen/audio/common_voice_sw_30034719.wav	castro alikamatwa na kufungwa baada ya uvamizi wake dhidi ya moncada 	0
/scratch/skscla001/experiments/datasets/swagen/audio/common_voice_sw_35156054.wav	waweza kutoka nje nizungumze na ali 	0
/scratch/skscla001/experiments/datasets/swagen/audio/common_voice_sw_28582083.wav	katika nchi ya tanzania sehemu hizo ni kama vile dodoma tabora iringa shinyanga 	1
/scratch/skscla001/experiments/datasets/swagen/audio/common_voice_sw_30438306.wav	hii inashangaza kwani tukio la kuhama kwao kuingia kenya huwa mara moja pekee 	1
/scratch/skscla001/experiments/datasets/swagen/audio/common_voice_sw_29899494.wav	jina hilo lilitolewa na serikali ya tanganyika 	1
/scratch/skscla001/experiments/datasets/swagen/audio/common_voice_sw_36067507.wav	wetu aligonga mwamba uliowekwa chini ya maji na 	1
/scratch/skscla001/experiments/datasets/swagen/audio/common_voice_sw_36383714.wav	hapa mimi niko msaka kwenye jengo linaloitwa idigo house sasa njoo 	1
/scratch/skscla001/experiments/datasets/swagen/audio/common_voice_sw_30341868.wav	ziwa victoria lililopo mwanza ni chanzo pato la nchi 	1
/scratch/skscla001/experiments/datasets/swagen/audio/common_voice_sw_30375134.wav	tangu walipofika katika ardhi hiyo na pia ni kabila lenye umaarufu mkubwa nchini 	0
/scratch/skscla001/experiments/datasets/swagen/audio/common_voice_sw_36381519.wav	wabantu waliwaua kikatili wamasai kipindi chakula chao kikuu mifugo 	1
/scratch/skscla001/experiments/datasets/swagen/audio/common_voice_sw_30624075.wav	kama ilivyo kawaida ya maisha kwa kiumbe yeyote aliye hai 	0
/scratch/skscla001/experiments/datasets/swagen/audio/common_voice_sw_30402901.wav	mwanamke huyo ambaye ametajwa kuwa mwanamke tajiri zaidi barani afrika 	1
/scratch/skscla001/experiments/datasets/swagen/audio/common_voice_sw_37331990.wav	ripoti hiyo haikutoa sababu ya iran kusitisha kwa muda mazungumzo 	0
/scratch/skscla001/experiments/datasets/swagen/audio/common_voice_sw_30327284.wav	swali litabaki kwa upande wa neymar ataboresha kiwango chake au atapotezwa 	1
/scratch/skscla001/experiments/datasets/swagen/audio/common_voice_sw_29515722.wav	uko kwenye mdomo mpana wa mto saint john 	0
/scratch/skscla001/experiments/datasets/swagen/audio/common_voice_sw_29787578.wav	mpaka wa holili mkoani kilimanjaro kaskazizini mwa nchi 	1
/scratch/skscla001/experiments/datasets/swagen/audio/common_voice_sw_35132512.wav	ngoma hizo huchezwa watu wakiwa wamevaa nguo za asili 	1
/scratch/skscla001/experiments/datasets/swagen/audio/common_voice_sw_29572641.wav	iko katika mashariki ya nchi 	1
/scratch/skscla001/experiments/datasets/swagen/audio/common_voice_sw_36367892.wav	mfano mzuri ni kile ambacho kinatokea 	1
/scratch/skscla001/experiments/datasets/swagen/audio/common_voice_sw_36807763.wav	katika nchi zinazoendelea zenye mapato ya chini au ya kati 	1
/scratch/skscla001/experiments/datasets/swagen/audio/common_voice_sw_29906025.wav	ilikuwa ya kwamba hajajikazia kuendeleza taasisi yake 	1
/scratch/skscla001/experiments/datasets/swagen/audio/common_voice_sw_30026562.wav	akapata upadre haraka mwaka wa elfu moja mia tano na saba 	1
/scratch/skscla001/experiments/datasets/swagen/audio/common_voice_sw_28669505.wav	katika lugha za kigermanik siku hii ina jina la jua 	1
/scratch/skscla001/experiments/datasets/swagen/audio/common_voice_sw_34812488.wav	alikuwa nje ya ukumbi wa mikutano wa umoja wa mataifa 	0
/scratch/skscla001/experiments/datasets/swagen/audio/common_voice_sw_31304496.wav	taifa la liberia liliwahi kutoa mwanasoka bora wa dunia 	1
/scratch/skscla001/experiments/datasets/swagen/audio/common_voice_sw_29793646.wav	vyakula vya asili ni magimbi na matuwi pia mahindi pamoja na mihogo 	0
/scratch/skscla001/experiments/datasets/swagen/audio/common_voice_sw_29892402.wav	wakati huo inasemekana kwa afrika watu walikua tayari wameanza kupata ugonjwa huu 	1
/scratch/skscla001/experiments/datasets/swagen/audio/common_voice_sw_30450840.wav	sahihi iyo ilihusisha makubaliano ya kukomesha utumwa kwa pamoja ikiihusisha uingereza 	1
/scratch/skscla001/experiments/datasets/swagen/audio/common_voice_sw_29434826.wav	mume wake alichukua nafasi kubwa katika kumsaidia juu ya sanaa yake 	1
/scratch/skscla001/experiments/datasets/swagen/audio/common_voice_sw_35408174.wav	unatumika kwenye nchi ambazo ni wanachama wa umoja wa mataifa 	1
/scratch/skscla001/experiments/datasets/swagen/audio/common_voice_sw_36381714.wav	kwa ufanisi rasilimali za usafiri waendeshaji wa 	1
/scratch/skscla001/experiments/datasets/swagen/audio/common_voice_sw_31306516.wav	hii inahusisha wavulana wengi kati ya umri wa miaka kumi na mbili 	1
/scratch/skscla001/experiments/datasets/swagen/audio/common_voice_sw_30021600.wav	ni zoezi ambalo limetiwa kumbukumbu katika wamasai wa kenya na tanzania 	1
/scratch/skscla001/experiments/datasets/swagen/audio/common_voice_sw_36386452.wav	hadi mwaka elfu mbili na kumi na nane 	1
/scratch/skscla001/experiments/datasets/swagen/audio/common_voice_sw_36617364.wav	inajipanga kutengeneza silaha zenye nguvu 	1
/scratch/skscla001/experiments/datasets/swagen/audio/common_voice_sw_29939047.wav	nasi tuseme kuwa mtoto ni mtu mzima wa kesho 	1
/scratch/skscla001/experiments/datasets/swagen/audio/common_voice_sw_28879135.wav	mtu huwa na halijoto tofauti na mazingira yake hivyo anaonekana pia katika giza 	1
/scratch/skscla001/experiments/datasets/swagen/audio/common_voice_sw_36013923.wav	hali ya kushuka kwa theluji bado imeendelea kutikisa nchi mbalimbali na wakati huu marekani 	1
/scratch/skscla001/experiments/datasets/swagen/audio/common_voice_sw_29637086.wav	waziri mkuu ndilo jina la kawaida la cheo cha mkuu wa serikali 	1
/scratch/skscla001/experiments/datasets/swagen/audio/common_voice_sw_29795909.wav	mto ruaha ndiyo chanzo kikubwa cha maji ndani ya hifadhi 	1
/scratch/skscla001/experiments/datasets/swagen/audio/common_voice_sw_29934945.wav	watu waliopinga zaidi vita dhidi ya taifa la iraq 	1
/scratch/skscla001/experiments/datasets/swagen/audio/common_voice_sw_37097304.wav	walihitimisha kwamba blob licha ya kukosa neva anaweza kujifunza kutokana na uzoefu na kubadilisha 	1
/scratch/skscla001/experiments/datasets/swagen/audio/common_voice_sw_28690254.wav	pia alikuwa na kipaji cha kuandika 	1
/scratch/skscla001/experiments/datasets/swagen/audio/common_voice_sw_35132561.wav	lakini kwa sababu sasa sarafu ni moja 	1
/scratch/skscla001/experiments/datasets/swagen/audio/common_voice_sw_29936484.wav	wakati huo kamanda mpya mjerumani tom von prince alijenga boma jipya la wajerumani 	1
/scratch/skscla001/experiments/datasets/swagen/audio/common_voice_sw_29899099.wav	nyota huyo anayejivunia mabao ishirini na sita kutokana na michuano ya el clasico 	1
/scratch/skscla001/experiments/datasets/swagen/audio/common_voice_sw_30629127.wav	sasa wafuasi wake aliowatuma wakamchukue huyo mama wakaenda 	1
/scratch/skscla001/experiments/datasets/swagen/audio/common_voice_sw_30180373.wav	hali hiyo ilimfanya karume azidi hamu na kutafuta kazi ya ubaharia 	1
/scratch/skscla001/experiments/datasets/swagen/audio/common_voice_sw_36944792.wav	wanaona tu niupuzi lakini kwa uhakika u 	1
/scratch/skscla001/experiments/datasets/swagen/audio/common_voice_sw_29935100.wav	vikosi vya tanzania vilitakiwa kushinda mpambano huo ili viuteke mji mkuu wa uganda 	1
/scratch/skscla001/experiments/datasets/swagen/audio/common_voice_sw_30342744.wav	kwa pamoja mienendo hii huongeza hatari ya kupata magonjwa ya zinaa 	1
/scratch/skscla001/experiments/datasets/swagen/audio/common_voice_sw_34924624.wav	mafuta mengi duniani kuna idadi ambazo 	0
/scratch/skscla001/experiments/datasets/swagen/audio/common_voice_sw_30333957.wav	hadi akafika maeneo ya kabale huko suma tukuyu wilayani rungwe 	1
/scratch/skscla001/experiments/datasets/swagen/audio/common_voice_sw_30574979.wav	manchester united ilijitutumua wakatoaka 	0
/scratch/skscla001/experiments/datasets/swagen/audio/common_voice_sw_28690022.wav	sikukuu yake huadhimishwa kila mwaka kwenye tarehe ya kifo chake 	1
/scratch/skscla001/experiments/datasets/swagen/audio/common_voice_sw_29725993.wav	mara nyingi kuna wabunge wa kuchaguliwa na wale wa kuteuliwa 	1
/scratch/skscla001/experiments/datasets/swagen/audio/common_voice_sw_30579097.wav	bila kusahau halmashauri ya wilaya ya kilosa na halmashauri ya wilaya ya ulanga 	1
/scratch/skscla001/experiments/datasets/swagen/audio/common_voice_sw_35099697.wav	na gberi bana karibu kabisa na mto maarufu wa rokel 	0
/scratch/skscla001/experiments/datasets/swagen/audio/common_voice_sw_29850094.wav	ina malengo ya kujipanua zaidi katika maeneo zaidi 	1
/scratch/skscla001/experiments/datasets/swagen/audio/common_voice_sw_36390743.wav	yetu wa wakati huu anayesema nasi kwa imani isiyozeeka kazi yake 	1
/scratch/skscla001/experiments/datasets/swagen/audio/common_voice_sw_30022010.wav	mnyama alipotea msituni kwa miaka mingi 	1
/scratch/skscla001/experiments/datasets/swagen/audio/common_voice_sw_30397774.wav	wangapi kati ya watawala maalum wa kiafrika ambao tayari tumekuwa nao 	0
/scratch/skscla001/experiments/datasets/swagen/audio/common_voice_sw_29946563.wav	wananchi ni rahisi kujua vita wanayopigana 	1
/scratch/skscla001/experiments/datasets/swagen/audio/common_voice_sw_37091760.wav	kaskazini yaliwahi kupiga utumwa marufuku lakini majimbo 	1
/scratch/skscla001/experiments/datasets/swagen/audio/common_voice_sw_30677313.wav	vivutio vilivyoingia katika shindano la kutafuta maajabu saba ya asili 	1
/scratch/skscla001/experiments/datasets/swagen/audio/common_voice_sw_36257005.wav	siasa rais mpya wa malawi lazarus chakwera alikuwa muhubiri wa kanisa la kiinjili ambaye 	1
/scratch/skscla001/experiments/datasets/swagen/audio/common_voice_sw_30118074.wav	aliandika mwandishi na mchambuzi huyo wa siasa maggid mjengwa 	1
/scratch/skscla001/experiments/datasets/swagen/audio/common_voice_sw_30485094.wav	zindiko hilo lilifanyika bagamoyo katika moja ya mashimo 	1
/scratch/skscla001/experiments/datasets/swagen/audio/common_voice_sw_28961660.wav	iko katika siberia ya kusini kwenye kitovu cha kijiografia cha asia 	0
/scratch/skscla001/experiments/datasets/swagen/audio/common_voice_sw_37088342.wav	kwa ujumla chaguzi hizi za viongozi wa mitaa hazina msisimko mkubwa 	0
/scratch/skscla001/experiments/datasets/swagen/audio/common_voice_sw_30623789.wav	tundu antiphas mughwai lissu ni mwanasiasa wa chama cha demokrasia na maendeleo nchini tanzania 	0
/scratch/skscla001/experiments/datasets/swagen/audio/common_voice_sw_36373756.wav	ifika katika ofisi ya gazeti hilo hapo jana nakumkamata bwana 	1
/scratch/skscla001/experiments/datasets/swagen/audio/common_voice_sw_30735720.wav	mlango uliokuwa kwenye gereza lililojengwa na wareno walilazimika kuuondoa 	1
/scratch/skscla001/experiments/datasets/swagen/audio/common_voice_sw_30060840.wav	ni yeye aliyepandisha mwenge wa uhuru na bendera katika mlima mrefu kuliko yote afrika 	0
/scratch/skscla001/experiments/datasets/swagen/audio/common_voice_sw_30023730.wav	mafunzo juu ya mabadiliko ya kibayolojia kwa vijana 	0
/scratch/skscla001/experiments/datasets/swagen/audio/common_voice_sw_31446590.wav	kutokana na mapigano hayo ya wenyewe kwa wenyewe 	0
/scratch/skscla001/experiments/datasets/swagen/audio/common_voice_sw_29612298.wav	ni maarufu kwa hisia za kuhama 	1
/scratch/skscla001/experiments/datasets/swagen/audio/common_voice_sw_36381119.wav	umeamka vipi 	1
/scratch/skscla001/experiments/datasets/swagen/audio/common_voice_sw_30317551.wav	ndani ya kisiwa cha chumbe kuna majengo ya msikiti yalijengwa karne ya ishirini 	1
/scratch/skscla001/experiments/datasets/swagen/audio/common_voice_sw_36381025.wav	watumwa walifungwa kwenye mkunazi uliokuwa ukipatikana hapo kwa ajili ya kunadiwa na kuuzwa 	1
/scratch/skscla001/experiments/datasets/swagen/audio/common_voice_sw_29796840.wav	sheria inayatambua majengo yote yaliyojengwa kabla ya uhuru 	1
/scratch/skscla001/experiments/datasets/swagen/audio/common_voice_sw_29434675.wav	serikali za kwanza zilikuwa na matatizo ya kisiasa 	1
/scratch/skscla001/experiments/datasets/swagen/audio/common_voice_sw_29787970.wav	kwani dini na elimu kipindi hicho vilienda pamoja sana 	1
/scratch/skscla001/experiments/datasets/swagen/audio/common_voice_sw_37090988.wav	basi utakuwa mkosefu wa fadhila bila kujumuisha majina kama patrick balisidya 	1
/scratch/skscla001/experiments/datasets/swagen/audio/common_voice_sw_30020071.wav	ni vema pia kusema kuwa shule hizo huvutia wanafunzi kutoka tanzania nzima 	1
/scratch/skscla001/experiments/datasets/swagen/audio/common_voice_sw_29907118.wav	ambayo ni msimu wa vuli unaoanzia mwezi oktoba desemba 	1
/scratch/skscla001/experiments/datasets/swagen/audio/common_voice_sw_30025954.wav	timu zinazoingia fainali mara mbili mfululizo zipewe sifa 	1
/scratch/skscla001/experiments/datasets/swagen/audio/common_voice_sw_35586678.wav	lugha za makabila hayo kufanana kwa takribani asilimia tisini 	0
/scratch/skscla001/experiments/datasets/swagen/audio/common_voice_sw_37086886.wav	biashara hiyo iliendelea kwa siri katika maeneo mengine 	1
/scratch/skscla001/experiments/datasets/swagen/audio/common_voice_sw_28716306.wav	hata hivyo aliweza kushiriki na kushinda 	1
/scratch/skscla001/experiments/datasets/swagen/audio/common_voice_sw_29856681.wav	wakati hakuna kitu cha kula na mwenzako mmoja amejeruhiwa kumuua na kumla ili kuishi 	1
/scratch/skscla001/experiments/datasets/swagen/audio/common_voice_sw_36311000.wav	lazima kuna kitu labda unaona siyo muda muafaka kunambia alisema mtaalamu huku akisimama 	1
/scratch/skscla001/experiments/datasets/swagen/audio/common_voice_sw_37097991.wav	utawala wa kiroma lakini waliheshimiwa sana na wananchi wa kawaida 	1
/scratch/skscla001/experiments/datasets/swagen/audio/common_voice_sw_29937764.wav	bado utupu ndani yao pamoja na kutotosheka 	1
/scratch/skscla001/experiments/datasets/swagen/audio/common_voice_sw_34761517.wav	na zaidi ya mia moja kujeruhiwa vibaya 	0
/scratch/skscla001/experiments/datasets/swagen/audio/common_voice_sw_36385588.wav	rais samia suluhu hassan kabla alihutubia bunge la kenya 	1
/scratch/skscla001/experiments/datasets/swagen/audio/common_voice_sw_29906129.wav	tausi jike hukaa na watoto wake kwa karibu miezi sita 	1
/scratch/skscla001/experiments/datasets/swagen/audio/common_voice_sw_30146130.wav	mabadiliko haya yalikuja kama sehemu ya kujaribu kushughulikia kero mbalimbali za muungano 	0
/scratch/skscla001/experiments/datasets/swagen/audio/common_voice_sw_29935937.wav	nono alikuwa mtawala wa mwisho wa wenyeji asilia 	1
/scratch/skscla001/experiments/datasets/swagen/audio/common_voice_sw_37096728.wav	debby naye alimwambia kaka yake na siku iliyofuata kaka yake aliuawa kwa risasi 	0
/scratch/skscla001/experiments/datasets/swagen/audio/common_voice_sw_36389714.wav	wakilisha bara hili katika mashindano ya kombe la dunia 	1
/scratch/skscla001/experiments/datasets/swagen/audio/common_voice_sw_29877498.wav	messi kuondoka barcelona jambo la kushangaza 	1
/scratch/skscla001/experiments/datasets/swagen/audio/common_voice_sw_30561988.wav	alipofanya kazi ya uuzaji wa bia kwa wasafiri 	0
/scratch/skscla001/experiments/datasets/swagen/audio/common_voice_sw_30342860.wav	pia wanapewa ajira kwenye viwanda vya uvuvi vilivyojengwa kwenye maeneo hayo 	1
/scratch/skscla001/experiments/datasets/swagen/audio/common_voice_sw_34920363.wav	kwa mujibu wa katiba ya jamhuri ya muungano wa tanzania ya mwaka elfu moja 	0
/scratch/skscla001/experiments/datasets/swagen/audio/common_voice_sw_35410987.wav	shinikizo la seljuks na mongols baadhi ya waturuki 	1
/scratch/skscla001/experiments/datasets/swagen/audio/common_voice_sw_29962343.wav	timu ya taifa ya ureno ilitolewa na hispania kwa penati 	1
/scratch/skscla001/experiments/datasets/swagen/audio/common_voice_sw_29000846.wav	katika hisabati umbali kazi au tani ni dhana ya umbali wa kimwili 	1
/scratch/skscla001/experiments/datasets/swagen/audio/common_voice_sw_30628988.wav	katika utawala wake alitumia msemo useamao 	1
/scratch/skscla001/experiments/datasets/swagen/audio/common_voice_sw_36251191.wav	wamisionari wakatoliki wa karne zile walifanya mara nyingi kosa la kutofundisha kiasi cha kutosha 	1
/scratch/skscla001/experiments/datasets/swagen/audio/common_voice_sw_29203699.wav	kufuatana na uainishaji wa lugha kwa ndani zaidi kigbe defi iko katika kundi la kikwa 	1
/scratch/skscla001/experiments/datasets/swagen/audio/common_voice_sw_36374783.wav	ufaransa emmanuel macron amesema kuwa idadi ya maafa 	1
/scratch/skscla001/experiments/datasets/swagen/audio/common_voice_sw_30261756.wav	mjukuu wake aitwaye mandla akaibua ya kuibua 	0
/scratch/skscla001/experiments/datasets/swagen/audio/common_voice_sw_36318657.wav	mipango kuwahimiza wamasai kuachana na jadi ya uhamaji ili kuishi maisha ya kisasa bado 	1
/scratch/skscla001/experiments/datasets/swagen/audio/common_voice_sw_30197739.wav	baadhi ya miamba imekaa kama shimo na mingine ikitengeneza vilima 	0
/scratch/skscla001/experiments/datasets/swagen/audio/common_voice_sw_36319355.wav	serikali inafanya jitihada za dhati za kuendeleza uvuvi wa bahari kuu 	1
/scratch/skscla001/experiments/datasets/swagen/audio/common_voice_sw_30024456.wav	wanajituma kwenye kazi hasa za kilimo 	1
/scratch/skscla001/experiments/datasets/swagen/audio/common_voice_sw_30054580.wav	ni bandari ya kilwa masoko katika eneo la tanganyika pia 	0
/scratch/skscla001/experiments/datasets/swagen/audio/common_voice_sw_28879137.wav	sehemu za kusini za maji huhesabiwa kuwa ndani ya bahari ya antaktiki 	1
/scratch/skscla001/experiments/datasets/swagen/audio/common_voice_sw_37099498.wav	hapakuwa na kitu zaidi ya kusafirisha watu waliobaki 	1
/scratch/skscla001/experiments/datasets/swagen/audio/common_voice_sw_29796625.wav	kiungo wa kushambulia wa wales gareth bale alikuwa shujaa 	1
/scratch/skscla001/experiments/datasets/swagen/audio/common_voice_sw_28690055.wav	maana asili ya jina ni koloni 	1
/scratch/skscla001/experiments/datasets/swagen/audio/common_voice_sw_30634525.wav	anarudia ulinganifu kati ya makundi ya wakaazi mbalimbali 	1
/scratch/skscla001/experiments/datasets/swagen/audio/common_voice_sw_30334762.wav	mohammed anaunda safu ya ulinzi ya azam ambayo ndio timu pekee mpaka sasa 	1
/scratch/skscla001/experiments/datasets/swagen/audio/common_voice_sw_29968292.wav	jina la serengeti limetokana na neno la kimasai linaloitwa serengiti 	1
/scratch/skscla001/experiments/datasets/swagen/audio/common_voice_sw_28970094.wav	yohane wa mungu 	1
/scratch/skscla001/experiments/datasets/swagen/audio/common_voice_sw_29788594.wav	pia miundombinu kwa kiasi chake imeboreshwa 	1
/scratch/skscla001/experiments/datasets/swagen/audio/common_voice_sw_30007308.wav	ais samia suluhu anakabiliwa na kibarua kigumu cha kuinua hali ya uchumi 	1
/scratch/skscla001/experiments/datasets/swagen/audio/common_voice_sw_29848812.wav	usultani wa zanzibar ulikuwa umepewa na uingereza uhuru wake 	0
/scratch/skscla001/experiments/datasets/swagen/audio/common_voice_sw_29935770.wav	wamekuwa wakinipa ushirikiano katika kila hatua ninayopitia 	1
/scratch/skscla001/experiments/datasets/swagen/audio/common_voice_sw_29637407.wav	kiasili ben ni mtu wa dodoma 	1
/scratch/skscla001/experiments/datasets/swagen/audio/common_voice_sw_30635725.wav	kulingana na kifungu cha ishirini na mbili cha mkataba wa versailles 	1
/scratch/skscla001/experiments/datasets/swagen/audio/common_voice_sw_34391094.wav	muziki nimepata na siishi hamu 	1
/scratch/skscla001/experiments/datasets/swagen/audio/common_voice_sw_30052077.wav	kwa mfano kuna ukoo uliokaa sehemu zenye udongo bayungu walijiita wayungu 	0
/scratch/skscla001/experiments/datasets/swagen/audio/common_voice_sw_36299500.wav	lakini kila jamii inajitofautisha kwa lahaja yake 	1
/scratch/skscla001/experiments/datasets/swagen/audio/common_voice_sw_28830745.wav	ilikuwa shule ya kwanza ya biashara ya kijani nchini afrika 	1
/scratch/skscla001/experiments/datasets/swagen/audio/common_voice_sw_31326720.wav	baadae alidai mwenyewe kuwa alilazimishwa kuingia jeshini 	1
/scratch/skscla001/experiments/datasets/swagen/audio/common_voice_sw_35183969.wav	subiri nitafika ijumaa 	0
/scratch/skscla001/experiments/datasets/swagen/audio/common_voice_sw_30220815.wav	alisema maneno ambayo hakujua kama yataishi 	1
/scratch/skscla001/experiments/datasets/swagen/audio/common_voice_sw_30514862.wav	wajita wengi wanaozungumza lahaja ya kikwaya ni wakatoliki 	1
/scratch/skscla001/experiments/datasets/swagen/audio/common_voice_sw_35106732.wav	alama hizo ziliripoti kwa hivyo tulianza safari 	0
/scratch/skscla001/experiments/datasets/swagen/audio/common_voice_sw_30324897.wav	warundi walisema kwamba polisi wa tanzania waliwashikiria 	0
/scratch/skscla001/experiments/datasets/swagen/audio/common_voice_sw_36330702.wav	ubarikiwe baba 	1
/scratch/skscla001/experiments/datasets/swagen/audio/common_voice_sw_28682820.wav	konokono wengine wengi kiasi pia hupatikana kwenye maji baridi 	1
/scratch/skscla001/experiments/datasets/swagen/audio/common_voice_sw_29936412.wav	kwa ajili ya kuhamasisha watu nchini uingereza kuhusiana na suala hilo 	1
/scratch/skscla001/experiments/datasets/swagen/audio/common_voice_sw_30210008.wav	warsha ya kuchangia sentensi 	1
/scratch/skscla001/experiments/datasets/swagen/audio/common_voice_sw_31720726.wav	walikusanywa sehemu moja ili kumrahisishia ngariba 	1
/scratch/skscla001/experiments/datasets/swagen/audio/common_voice_sw_28735758.wav	mojawapo ni kukutana na watu wa kupendeza kwa wema wao 	1
/scratch/skscla001/experiments/datasets/swagen/audio/common_voice_sw_37098222.wav	ee hiki ni kibanda huu mchezo unakwenda wapi 	1
/scratch/skscla001/experiments/datasets/swagen/audio/common_voice_sw_37229917.wav	msema kweli mwadilifu mcha mungu na mtu ambaye anaamini katika vitendo kuliko manenosababu 	1
/scratch/skscla001/experiments/datasets/swagen/audio/common_voice_sw_29936393.wav	henrik larson wa sweden alifunga mabao matatu 	1
/scratch/skscla001/experiments/datasets/swagen/audio/common_voice_sw_28681566.wav	hutumika kutibu magonjwa katika mfumo wa mkojo na koo 	1
/scratch/skscla001/experiments/datasets/swagen/audio/common_voice_sw_30182304.wav	mimi ni mswahili sina kabila au kutaja kabila analojua halitadharaulika 	1
/scratch/skscla001/experiments/datasets/swagen/audio/common_voice_sw_37088747.wav	wanawake wapatao thelathini wanalima mwani pembezoni mwa bahari 	1
/scratch/skscla001/experiments/datasets/swagen/audio/common_voice_sw_29789084.wav	mbuni ana shingo yenye urefu wa mita moja nukta nane 	1
/scratch/skscla001/experiments/datasets/swagen/audio/common_voice_sw_30146062.wav	uliwekwa utaratibu wa kuandaa katiba ya kudumu ya muungano 	1
/scratch/skscla001/experiments/datasets/swagen/audio/common_voice_sw_31409713.wav	ili apate mafunzo zaidi ya kijeshi nchini uingereza 	1
/scratch/skscla001/experiments/datasets/swagen/audio/common_voice_sw_30388966.wav	tanga ni mkoa unaopatikana kaskazini mwa tanzania 	1
/scratch/skscla001/experiments/datasets/swagen/audio/common_voice_sw_36040753.wav	baada ya kujivua nafasi zote za uongozi ndani ya serikali ya cuba 	1
/scratch/skscla001/experiments/datasets/swagen/audio/common_voice_sw_30671089.wav	iko tanzania katika mkoa wa katavi zamani rukwa 	1
/scratch/skscla001/experiments/datasets/swagen/audio/common_voice_sw_29698018.wav	babeli uliendelea kuwa mji muhimu katika dola la uajemi 	1
/scratch/skscla001/experiments/datasets/swagen/audio/common_voice_sw_36386002.wav	ulifanya kazi gani 	1
/scratch/skscla001/experiments/datasets/swagen/audio/common_voice_sw_29655266.wav	kwa kukua huko alijifunza mengi juu ya meli na bahari 	0
/scratch/skscla001/experiments/datasets/swagen/audio/common_voice_sw_28670037.wav	mapenzi ya kweli yanadumu milele 	1
/scratch/skscla001/experiments/datasets/swagen/audio/common_voice_sw_30181548.wav	lengo la kuhakikisha usalama na uimara katika mfumo wa shughuli za kibenki 	1
/scratch/skscla001/experiments/datasets/swagen/audio/common_voice_sw_28691285.wav	linapatikana katika mkoa wa singida 	1
/scratch/skscla001/experiments/datasets/swagen/audio/common_voice_sw_37092666.wav	mimi ni mtu mstaarabu sana 	1
/scratch/skscla001/experiments/datasets/swagen/audio/common_voice_sw_29936711.wav	akiwa na shahada ya kwanza katika biashara ya kimataifa na fedha 	1
/scratch/skscla001/experiments/datasets/swagen/audio/common_voice_sw_30495688.wav	argentina imetwaa kombe la dunia mara mbili 	0
/scratch/skscla001/experiments/datasets/swagen/audio/common_voice_sw_30181096.wav	mtoto wa kiume hutahiriwa akiwa na umri wa miaka saba 	1
/scratch/skscla001/experiments/datasets/swagen/audio/common_voice_sw_36067419.wav	taarifa ya hospitali ya wilaya ya serengeti 	1
/scratch/skscla001/experiments/datasets/swagen/audio/common_voice_sw_30052684.wav	nyerere alitawala nchi ya tanzania kwa muda mrefu 	0
/scratch/skscla001/experiments/datasets/swagen/audio/common_voice_sw_37085063.wav	kuchota maji kuokota kuni kukamua ngombe na kupikia familia thelathini na nnengoma ya 	1
/scratch/skscla001/experiments/datasets/swagen/audio/common_voice_sw_36037564.wav	nikule na wewe kila wakati 	1
/scratch/skscla001/experiments/datasets/swagen/audio/common_voice_sw_30313798.wav	akachukua shahada na kuwa daktari wa fani hiyo akawa mwalimu 	1
/scratch/skscla001/experiments/datasets/swagen/audio/common_voice_sw_36945353.wav	sana yesu alipokamatwa petro alitaka kutumia upanga wake ili amtetee 	1
/scratch/skscla001/experiments/datasets/swagen/audio/common_voice_sw_29793886.wav	kumekuwa na upotovu wa mila na tamaduni za baadhi ya makabila 	0
/scratch/skscla001/experiments/datasets/swagen/audio/common_voice_sw_28583632.wav	wakati wa uhai wake majolle alipata sifa kama mchoraji mashuhuri wa mashariki 	1
/scratch/skscla001/experiments/datasets/swagen/audio/common_voice_sw_29963203.wav	hilo refu na kuwapiga risasi watu takribani watano 	1
/scratch/skscla001/experiments/datasets/swagen/audio/common_voice_sw_30141612.wav	waandamanaji walimuua askari mmoja na kuchoma moto kituo cha polisi 	1
/scratch/skscla001/experiments/datasets/swagen/audio/common_voice_sw_31408401.wav	wengine wakisema madrid ilikuwa imesheheni nyota wa kali 	1
/scratch/skscla001/experiments/datasets/swagen/audio/common_voice_sw_29793720.wav	kuhara kutapika na magonjwa mengine yanayowaathiri watoto 	0
/scratch/skscla001/experiments/datasets/swagen/audio/common_voice_sw_37090129.wav	amani tele sote ni wakenya laleni salama 	1
/scratch/skscla001/experiments/datasets/swagen/audio/common_voice_sw_30630892.wav	kimsingi kuna sekta kumi na mbili za kabila la wamasai 	1
/scratch/skscla001/experiments/datasets/swagen/audio/common_voice_sw_34833767.wav	hakuna vile ningeficha 	0
/scratch/skscla001/experiments/datasets/swagen/audio/common_voice_sw_29996496.wav	elfu tatu lakini walioongezeka na kufikia elfu ishirini 	1
/scratch/skscla001/experiments/datasets/swagen/audio/common_voice_sw_37229626.wav	na moja mikononi mwa vikosi vya baraza la mpito na ni baada ya kuondolewa 	1
/scratch/skscla001/experiments/datasets/swagen/audio/common_voice_sw_36644618.wav	ambayo ilibainisha zifuatazo masharti yafuatayo 	0
/scratch/skscla001/experiments/datasets/swagen/audio/common_voice_sw_28994731.wav	ngano ambayo ni mazao makuu asia ya kusini ndiyo inayotumiwa 	1
/scratch/skscla001/experiments/datasets/swagen/audio/common_voice_sw_30099248.wav	vikosi vidogo vya jeshi la wajerumani gavana soden alidai kutoendelea na mapigano 	1
/scratch/skscla001/experiments/datasets/swagen/audio/common_voice_sw_29685865.wav	alihitimu na digrii ya shahada ya sanaa katika sayansi ya jamii 	1
/scratch/skscla001/experiments/datasets/swagen/audio/common_voice_sw_36038675.wav	na waturuki na hata zaidi kuwaonyesha hasira yako 	0
/scratch/skscla001/experiments/datasets/swagen/audio/common_voice_sw_37094149.wav	ni mmoja wa wazee niliofanya nao mazungumzo anasema kuwa shujaa huyo alizaliwa hapa 	0
/scratch/skscla001/experiments/datasets/swagen/audio/common_voice_sw_37098350.wav	ge linawezakawa ni bunge nzuri sana ambalo hatujapata kwa 	1
/scratch/skscla001/experiments/datasets/swagen/audio/common_voice_sw_28694252.wav	vilabu vya burudani ni pamoja na ala za muziki kwaya na ngoma ya kisasa 	1
/scratch/skscla001/experiments/datasets/swagen/audio/common_voice_sw_30395017.wav	nkrumah alitaka kurudi afrika baada ya vita ya pili ya dunia 	0
/scratch/skscla001/experiments/datasets/swagen/audio/common_voice_sw_29937919.wav	kanuni za kikatiba na mamlaka ya bodi ya sarafu zilieleza 	1
/scratch/skscla001/experiments/datasets/swagen/audio/common_voice_sw_29789912.wav	moja ya hifadhi yenye makundi makubwa na mengi ya tembo kuliko hifadhi nyingine tanzania 	0
/scratch/skscla001/experiments/datasets/swagen/audio/common_voice_sw_29795595.wav	kaunda alitangazwa kuwa raia wa nchi ya kigeni yaani msumbiji 	1
/scratch/skscla001/experiments/datasets/swagen/audio/common_voice_sw_29796038.wav	wapo waliodai kuwa asili ya neno waha au ha 	1
/scratch/skscla001/experiments/datasets/swagen/audio/common_voice_sw_36385110.wav	asante sana emanuel makundi nakushukuru 	1
/scratch/skscla001/experiments/datasets/swagen/audio/common_voice_sw_30327274.wav	kenge hawa wanaiba mayai ya mamba na kula nyoka 	1
/scratch/skscla001/experiments/datasets/swagen/audio/common_voice_sw_29792645.wav	iko umbali wa kilomita sitini na mbili 	0
/scratch/skscla001/experiments/datasets/swagen/audio/common_voice_sw_31445765.wav	aina kumi na sita tofauti ya acacia zipo katika msitu huu 	0
/scratch/skscla001/experiments/datasets/swagen/audio/common_voice_sw_30181019.wav	maji hayo yanayobubujika kutoka ardhini huonekana yakitoa moshi kama vile maji yanayochemka jikoni 	1
/scratch/skscla001/experiments/datasets/swagen/audio/common_voice_sw_36389396.wav	naam imetimia saa mbili na dakika thelathini na tatu kwa saa za afrika mashariki 	1
/scratch/skscla001/experiments/datasets/swagen/audio/common_voice_sw_28683328.wav	inaonyesha uwezekano wa jinsi vile mtu ana maambukizi katika koo 	1
/scratch/skscla001/experiments/datasets/swagen/audio/common_voice_sw_29896178.wav	tunakokwenda najua kabisa akina mama watakuwa na nguvu kuliko akina baba 	1
/scratch/skscla001/experiments/datasets/swagen/audio/common_voice_sw_30661049.wav	timu za hispania nyingi zilikuwa bora 	1
/scratch/skscla001/experiments/datasets/swagen/audio/common_voice_sw_37086705.wav	askari wa cheo cha chini bwana hezekiah ochuka 	0
/scratch/skscla001/experiments/datasets/swagen/audio/common_voice_sw_30671383.wav	watafiti mbalimbali wanahisi limetokana na kazi ya kuvuna ulezi 	1
/scratch/skscla001/experiments/datasets/swagen/audio/common_voice_sw_36381277.wav	na rafiki zao wamerekani walihakikisha wanammaliza mkombozi huyu leo ndio siku ambayo lumumba aliuwawa 	1
/scratch/skscla001/experiments/datasets/swagen/audio/common_voice_sw_30515566.wav	wazazi wake wanatakiwa wawe hai na wenye kuheshimika 	1
/scratch/skscla001/experiments/datasets/swagen/audio/common_voice_sw_30122288.wav	mwalimu vincent kamoto ni mkuu wa shule hii ya udenye iliyoko wilayani songwe 	1
/scratch/skscla001/experiments/datasets/swagen/audio/common_voice_sw_29936803.wav	mwaka elfu mbili na tano aliteuliwa kuwa waziri hadi mwaka elfu mbili na kumi 	1
/scratch/skscla001/experiments/datasets/swagen/audio/common_voice_sw_30631117.wav	walihusishwa na matukio ya uhaini mahakamani wakakutwa na hatia 	1
/scratch/skscla001/experiments/datasets/swagen/audio/common_voice_sw_30143889.wav	ziwa nyasa limezungukwa na nchi tatu ambazo ni tanzania malawi na msumbiji 	1
/scratch/skscla001/experiments/datasets/swagen/audio/common_voice_sw_29796792.wav	kutoka arusha mjini na wakati mzuri wa kutembelea hifadhi hii ni 	1
/scratch/skscla001/experiments/datasets/swagen/audio/common_voice_sw_35224115.wav	ni ziara iliyokuwa na mafanikio makubwa kwa 	1
/scratch/skscla001/experiments/datasets/swagen/audio/common_voice_sw_30539497.wav	forodhani ni eneo zuri kwa watalii kujifunza vyakula vya asili ya zanzibar 	0
/scratch/skscla001/experiments/datasets/swagen/audio/common_voice_sw_34749726.wav	za kisheria mtu asiye mwislamu hakuruhusiwa kushiriki katika 	0
/scratch/skscla001/experiments/datasets/swagen/audio/common_voice_sw_29994825.wav	kipindi cha nyuma wenzetu waarabu walianza kumpeleka 	1
/scratch/skscla001/experiments/datasets/swagen/audio/common_voice_sw_29574548.wav	spishi zote ni nene zenye mkia mfupi na manyoya mazito 	1
/scratch/skscla001/experiments/datasets/swagen/audio/common_voice_sw_37090151.wav	linachukua waumini mia moja hamsini mpaka mia mbili kwa wakati mmoja 	1
/scratch/skscla001/experiments/datasets/swagen/audio/common_voice_sw_36389900.wav	funguliwa mashtaka mwaka elfu mbili na sita 	1
/scratch/skscla001/experiments/datasets/swagen/audio/common_voice_sw_30079931.wav	kila swali kwenye mtihani wangu lilikuwa gumu 	0
/scratch/skscla001/experiments/datasets/swagen/audio/common_voice_sw_36389447.wav	meli hiyo ilikuta watu wengi wameshakufa 	1
/scratch/skscla001/experiments/datasets/swagen/audio/common_voice_sw_29862545.wav	mwelekeo wa ujamaa wa baadhi katika serikali mpya 	1
/scratch/skscla001/experiments/datasets/swagen/audio/common_voice_sw_35160859.wav	siku mbili kabla ya wavulana kutahiriwa vichwa vyao hunyolewa themanini na moja kisha vijana 	0
/scratch/skscla001/experiments/datasets/swagen/audio/common_voice_sw_29790075.wav	ni mchezaji wa zamani wa timu ya taifa ya ureno na klabu za barcelona 	0
/scratch/skscla001/experiments/datasets/swagen/audio/common_voice_sw_34598097.wav	vitatoa mawasiliano ya pande mbili baina ya serikali na watu 	0
/scratch/skscla001/experiments/datasets/swagen/audio/common_voice_sw_29795499.wav	afrika mashariki ilianzisha umoja wao chini ya nyerere 	1
/scratch/skscla001/experiments/datasets/swagen/audio/common_voice_sw_35756839.wav	ni ukamilifu kwa kila mtu 	1
/scratch/skscla001/experiments/datasets/swagen/audio/common_voice_sw_30025528.wav	wakivutiwa kupanda na kufika vileleni mwa milima hii 	1
/scratch/skscla001/experiments/datasets/swagen/audio/common_voice_sw_34743188.wav	hii ni kutokana na ukweli kwamba jiografia ya zanzibar imezungukwa na bahari 	1
/scratch/skscla001/experiments/datasets/swagen/audio/common_voice_sw_31370880.wav	wakahukumiwa kwenda jela kifungo cha maisha 	1
/scratch/skscla001/experiments/datasets/swagen/audio/common_voice_sw_36381301.wav	wasimulizi na waandishi wa fasihi huhitaji kuwa na ukwasi wa lugha 	1
/scratch/skscla001/experiments/datasets/swagen/audio/common_voice_sw_36373754.wav	matokeo rasmi ya uchaguzi wa chama tawala cha pdb yaonyesha kuwa rais jonathan 	1
/scratch/skscla001/experiments/datasets/swagen/audio/common_voice_sw_29007036.wav	kufuatana na uainishaji wa lugha kitai ya iko katika kundi la kitai ya kusini magharibi 	1
/scratch/skscla001/experiments/datasets/swagen/audio/common_voice_sw_31329059.wav	tanganyika na zanzibar ziliunda jamhuri ya muungano wa tanzania 	1
/scratch/skscla001/experiments/datasets/swagen/audio/common_voice_sw_31304397.wav	jana tuliona jinsi majeshi ya tanzania yalivyoanza safari 	1
/scratch/skscla001/experiments/datasets/swagen/audio/common_voice_sw_29926923.wav	yamejaa kwani wapo wengi ambao wameshindwa kumaliza 	1
/scratch/skscla001/experiments/datasets/swagen/audio/common_voice_sw_29657692.wav	hasa anajulikana kwa kugundua elektroni 	1
/scratch/skscla001/experiments/datasets/swagen/audio/common_voice_sw_28660697.wav	hivyo mzizi wa asili ni mzizi ambao hutokana na kitenzi halisi 	1
/scratch/skscla001/experiments/datasets/swagen/audio/common_voice_sw_31304349.wav	kimsingi kuna jamii kumi na mbili za kabila la wamasai 	1
/scratch/skscla001/experiments/datasets/swagen/audio/common_voice_sw_29786418.wav	kanisa kuu liko jijini tabora na linaitwa la mt 	1
/scratch/skscla001/experiments/datasets/swagen/audio/common_voice_sw_29797708.wav	watu wote waliompinga iddi amini waliuliwa hadharani 	0
/scratch/skscla001/experiments/datasets/swagen/audio/common_voice_sw_30661095.wav	wachagga wana historia ndefu ya asili yao na ya maingiliano yao na makabila mengine 	1
/scratch/skscla001/experiments/datasets/swagen/audio/common_voice_sw_29962396.wav	messi akawa sehemu muhimu ya timu ya mtoto wa ndoto timu ya vijana barcelona 	1
/scratch/skscla001/experiments/datasets/swagen/audio/common_voice_sw_29962268.wav	maasai land iligawanywa kwenye wilaya ya kiteto elfu moja mia tisa sabini na nne 	1
/scratch/skscla001/experiments/datasets/swagen/audio/common_voice_sw_30586116.wav	milima ya usambara na milima ya uvidunda 	1
/scratch/skscla001/experiments/datasets/swagen/audio/common_voice_sw_35105016.wav	mwanamke ni pambo la nyumba ndani 	0
/scratch/skscla001/experiments/datasets/swagen/audio/common_voice_sw_30090847.wav	wake wengine ambao waliolewa na bwana karume ni bibi nasra helemu 	1
/scratch/skscla001/experiments/datasets/swagen/audio/common_voice_sw_32210868.wav	wanafunzi wamemaliza mtihani 	1
/scratch/skscla001/experiments/datasets/swagen/audio/common_voice_sw_29961287.wav	zilikuwa zimetokana na utu au nafsi yake si cheo chake 	1
/scratch/skscla001/experiments/datasets/swagen/audio/common_voice_sw_31415663.wav	hakuna mwalimu asiyetaka kuinoa barcelona 	1
/scratch/skscla001/experiments/datasets/swagen/audio/common_voice_sw_28663203.wav	ushiriki wa ibada ni wa juu sana 	1
/scratch/skscla001/experiments/datasets/swagen/audio/common_voice_sw_30327621.wav	wabantu wenye ujuzi wa kilimo na uhunzi 	1
/scratch/skscla001/experiments/datasets/swagen/audio/common_voice_sw_28662091.wav	tarakilishi ni nzuri kwa kufuata amri na kuhifadhi vitu muhimu 	1
/scratch/skscla001/experiments/datasets/swagen/audio/common_voice_sw_30057944.wav	mkwawa alikuwa mtemi na kiongozi mkuu wa kabila la wahehe katika tanganyika 	1
/scratch/skscla001/experiments/datasets/swagen/audio/common_voice_sw_37223396.wav	italia kwa papa akajaribu kujenga umoja wa kanisa ila haukutekelezwa 	1
/scratch/skscla001/experiments/datasets/swagen/audio/common_voice_sw_36381186.wav	ametuma salamu zake za rambirambi na kuahidi watakuwa tayari 	1
/scratch/skscla001/experiments/datasets/swagen/audio/common_voice_sw_36381344.wav	ameomba kampuni hiyo kubadili utaratibu wa kubadili wafanyakazi mara kwa mara kunakosababisha kudaiwa ada 	1
/scratch/skscla001/experiments/datasets/swagen/audio/common_voice_sw_30034026.wav	akipokea hundi hiyo mtendaji mkuu wa simba barbara gonzalez 	0
/scratch/skscla001/experiments/datasets/swagen/audio/common_voice_sw_30674908.wav	kina cha ziwa hilo ni karibu meta mia saba na hamsini 	1
/scratch/skscla001/experiments/datasets/swagen/audio/common_voice_sw_31433285.wav	wakazi wa kwanza wa eneo linaloitwa kenya walikuwa wa jamii ya wakhoisan 	1
/scratch/skscla001/experiments/datasets/swagen/audio/common_voice_sw_29787857.wav	taifa la nigeria linachimba mafuta na kuyasafirisha katika masoko ya dunia 	1
/scratch/skscla001/experiments/datasets/swagen/audio/common_voice_sw_35104547.wav	kwa vipindi vijavyo kutoka hapa idhaa ya kiswahili 	0
/scratch/skscla001/experiments/datasets/swagen/audio/common_voice_sw_29585113.wav	ndio mwanzo wa dola takatifu la roma 	1
/scratch/skscla001/experiments/datasets/swagen/audio/common_voice_sw_29937730.wav	maonyesho ya nane nane kitaifa mwaka huu tatafanyika katika kanda nane 	1
/scratch/skscla001/experiments/datasets/swagen/audio/common_voice_sw_30299641.wav	ndiyo mbuga ya wanyama kwenye ardhi iliyo kubwa na ndefu zaidi duniani 	1
/scratch/skscla001/experiments/datasets/swagen/audio/common_voice_sw_34831425.wav	watu wa brazil waliokuwa wanakusanya njugu katika 	0
/scratch/skscla001/experiments/datasets/swagen/audio/common_voice_sw_30628769.wav	taifa la misri limetwaa mataji saba ya michuano hiyo ya afrika 	1
/scratch/skscla001/experiments/datasets/swagen/audio/common_voice_sw_30668404.wav	wafadhili walirejelea ufadhili mwezi wa novemba mwaka elfu mbili na tatu 	1
/scratch/skscla001/experiments/datasets/swagen/audio/common_voice_sw_30327100.wav	kangaroo ana maadui wawili yaani simba na ndege tai 	1
/scratch/skscla001/experiments/datasets/swagen/audio/common_voice_sw_30382030.wav	wamasai kijadi ni watu wachungaji ishara nyingi za rangi zinahusiana na ngombe 	1
/scratch/skscla001/experiments/datasets/swagen/audio/common_voice_sw_30363996.wav	bernard ndiye mmiliki wa kampuni ya mitindo ya louis vuitton na sephora 	1
/scratch/skscla001/experiments/datasets/swagen/audio/common_voice_sw_30004942.wav	hispania na ureno zilikubali kuizima biashara kwa fidia kutoka uingereza 	0
/scratch/skscla001/experiments/datasets/swagen/audio/common_voice_sw_31997205.wav	atafta kazi kwa udi na uvumba 	0
/scratch/skscla001/experiments/datasets/swagen/audio/common_voice_sw_31304595.wav	wananchi wa manispaa ya mtwara mikindani wanajishughulisha na biashara 	1
/scratch/skscla001/experiments/datasets/swagen/audio/common_voice_sw_31306395.wav	ganda la mua la jana chungu kaona kivuno 	1
/scratch/skscla001/experiments/datasets/swagen/audio/common_voice_sw_30385738.wav	urembo ni hali ya kuwa na afya bora 	1
/scratch/skscla001/experiments/datasets/swagen/audio/common_voice_sw_37083310.wav	ana uzoefu kwa kusema uongo 	1
/scratch/skscla001/experiments/datasets/swagen/audio/common_voice_sw_29845734.wav	rais mstaafu benjamin mkapa ni kiongozi aliyesimama imara kupambana na rushwa 	1
/scratch/skscla001/experiments/datasets/swagen/audio/common_voice_sw_29879315.wav	wachezaji wengi wakubwa kutoka barani ulaya walishiriki michuano 	1
/scratch/skscla001/experiments/datasets/swagen/audio/common_voice_sw_31304418.wav	unaopikwa kutokana na unga wa mahindi yaliyokobolewa na kuvundikwa kwa muda mrefu 	1
/scratch/skscla001/experiments/datasets/swagen/audio/common_voice_sw_31326736.wav	alifungwa jela kwa kosa la kuunda kikosi cha kijeshi 	1
/scratch/skscla001/experiments/datasets/swagen/audio/common_voice_sw_28582365.wav	albamu ilipata kushika nafasi ya kwanza kwenye cha za bora 	1
/scratch/skscla001/experiments/datasets/swagen/audio/common_voice_sw_36308601.wav	mmliki wa kampuni hiyo aliruhusu titanic kuundwa 	1
/scratch/skscla001/experiments/datasets/swagen/audio/common_voice_sw_30179632.wav	hapana mkuu sijamuona mimi nilikuwa chooni 	1
/scratch/skscla001/experiments/datasets/swagen/audio/common_voice_sw_29455881.wav	kuna pia uwanja mdogo wa ndege 	1
/scratch/skscla001/experiments/datasets/swagen/audio/common_voice_sw_36382059.wav	hakujua kama baba yake jabir alikuwa ni mwanajeshi na picha nyingine alikuwa jabir 	1
/scratch/skscla001/experiments/datasets/swagen/audio/common_voice_sw_29796429.wav	tunayo milima kama kilimanjaro milima ya usambara uluguru na udzungwa 	1
/scratch/skscla001/experiments/datasets/swagen/audio/common_voice_sw_37224114.wav	au maamuzi yanayotolewa kwa jina la cote de voire 	1
/scratch/skscla001/experiments/datasets/swagen/audio/common_voice_sw_30147033.wav	ronaldo alitwaa kiatu cha dhahabu cha ulaya alipokuwa real madrid 	1
/scratch/skscla001/experiments/datasets/swagen/audio/common_voice_sw_30056609.wav	njia nyingine ya kupandia mlima ipo tarakea 	0
/scratch/skscla001/experiments/datasets/swagen/audio/common_voice_sw_36732171.wav	katika kulaani nchi za magharibi kwa kuingilia siasa za afrika 	0
/scratch/skscla001/experiments/datasets/swagen/audio/common_voice_sw_30198098.wav	mabadiliko kwenda kwenye utu uzima huhusisha mageuzi ya kijana 	0
/scratch/skscla001/experiments/datasets/swagen/audio/common_voice_sw_29184756.wav	kufuatana na uainishaji wa lugha kitai pao iko katika kundi la kitai ya kusini magharibi 	1
/scratch/skscla001/experiments/datasets/swagen/audio/common_voice_sw_29873164.wav	mwaka elfu moja mia tisa thelathini na nne uliundwa umoja wa waafrika 	1
/scratch/skscla001/experiments/datasets/swagen/audio/common_voice_sw_36381974.wav	lakini raslimali hizi zimeshindwa 	1
/scratch/skscla001/experiments/datasets/swagen/audio/common_voice_sw_36299567.wav	uweze kupambana vema na maradhi yatakayoharibu kinga za mwili 	1
/scratch/skscla001/experiments/datasets/swagen/audio/common_voice_sw_29895838.wav	messi alikuwa kwenye kikosi cha argentina kilichokuwa na mastaa kibao 	1
/scratch/skscla001/experiments/datasets/swagen/audio/common_voice_sw_28745413.wav	aliwahi kucheza timu ya taifa ya burkina faso 	1
/scratch/skscla001/experiments/datasets/swagen/audio/common_voice_sw_29787924.wav	alishinda ubingwa wa ulaya alipokuwa porto 	1
/scratch/skscla001/experiments/datasets/swagen/audio/common_voice_sw_30002551.wav	kwanza ziwa hili ni chanzo cha mito kadhaa barani afrika 	1
/scratch/skscla001/experiments/datasets/swagen/audio/common_voice_sw_28708406.wav	hii ndiyo wilaya yenye makabila mengi zaidi nchini tanzania 	0
/scratch/skscla001/experiments/datasets/swagen/audio/common_voice_sw_28258975.wav	nchini uganda ikawa ndiyo mwanzo wa vita vya wenyewe kwa wenyewe 	1
/scratch/skscla001/experiments/datasets/swagen/audio/common_voice_sw_30306490.wav	baadhi ya visiwa hivyo ni goziba na nansio pamoja na ukerewe 	1
/scratch/skscla001/experiments/datasets/swagen/audio/common_voice_sw_31949900.wav	bomoa iyo nyumba 	1
/scratch/skscla001/experiments/datasets/swagen/audio/common_voice_sw_30582911.wav	walimlazimisha awaongoze kuwapeleka sehemu alipo ili wamkamate 	1
/scratch/skscla001/experiments/datasets/swagen/audio/common_voice_sw_28690135.wav	kwa sasa imekuwa sehemu ya kaunti ya elgeyo marakwet 	1
/scratch/skscla001/experiments/datasets/swagen/audio/common_voice_sw_30668394.wav	katika ardhi ya tanzanai katika miaka hiyo ya ukombozi wa bara la afrika 	1
/scratch/skscla001/experiments/datasets/swagen/audio/common_voice_sw_30074703.wav	kanisa katoliki pamoja na mfalme mkuu wa ujerumani walijaribu kugandamiza wafuasi wa luther 	0
/scratch/skscla001/experiments/datasets/swagen/audio/common_voice_sw_30118044.wav	vyuo vingi nchini tanzania wamekuwa wakiwataaa watu wenye ulemavu 	1
/scratch/skscla001/experiments/datasets/swagen/audio/common_voice_sw_35103008.wav	wamasai hunywa supu yenye gome na mizizi inayopunguza mafuta moyoni wamasai wanaoishi mijini ambao 	0
/scratch/skscla001/experiments/datasets/swagen/audio/common_voice_sw_28669679.wav	kufuatana na uainishaji wa lugha kwa ndani zaidi kikulango bondoukou iko katika kundi la kigur 	1
/scratch/skscla001/experiments/datasets/swagen/audio/common_voice_sw_30122843.wav	kila mtu alijua bayern itashinda mechi hiyo 	1
/scratch/skscla001/experiments/datasets/swagen/audio/common_voice_sw_36374792.wav	sugu alitoa nyimbo ambazo zilikuwa gumzo na zenye ujumbe wa moja kwa moja 	1
/scratch/skscla001/experiments/datasets/swagen/audio/common_voice_sw_37090716.wav	hakuna mwaka rasmi aliozaliwa vasco da gama 	0
/scratch/skscla001/experiments/datasets/swagen/audio/common_voice_sw_29612237.wav	hapo inafaa kujenga maarifa kuhusu matumizi yake 	1
/scratch/skscla001/experiments/datasets/swagen/audio/common_voice_sw_30342576.wav	hasa mataifa yale yanayozungumza lugha ya kifaransa 	1
/scratch/skscla001/experiments/datasets/swagen/audio/common_voice_sw_34828982.wav	kwa kuzingatia mabadiliko ya hali ya hewa 	0
/scratch/skscla001/experiments/datasets/swagen/audio/common_voice_sw_30566632.wav	grace alikuwa mwanawake mrembo sana msumbiji nyakati zile 	0
/scratch/skscla001/experiments/datasets/swagen/audio/common_voice_sw_29790633.wav	jiji linapakana na mkoa wa pwani upande wa mashariki linapakana na bahari ya hindi 	0
/scratch/skscla001/experiments/datasets/swagen/audio/common_voice_sw_29796392.wav	maladona alifungwa bao la mkono wakicheza dhidi ya uingereza 	1
/scratch/skscla001/experiments/datasets/swagen/audio/common_voice_sw_29725186.wav	hasa anajulikana kwa kugundua penisilini 	1
/scratch/skscla001/experiments/datasets/swagen/audio/common_voice_sw_28690036.wav	tabia kuu ya maeneo ya aktiki ni baridi yake 	1
/scratch/skscla001/experiments/datasets/swagen/audio/common_voice_sw_29898030.wav	ukanda wa eneo hili milimita za mvua kwa mwaka ni milimita mia tatu 	1
/scratch/skscla001/experiments/datasets/swagen/audio/common_voice_sw_29811006.wav	kenya ilikuwa karibu na peninsula ya arabia 	0
/scratch/skscla001/experiments/datasets/swagen/audio/common_voice_sw_35104184.wav	amesema wadau wanapaswa kuunga mkono uandishi wa kitabu hicho ili kusaidia jamii ya kitanzania 	0
/scratch/skscla001/experiments/datasets/swagen/audio/common_voice_sw_28669846.wav	kosa dogo katika kuandika linaweza kusababisha madhara makubwa 	1
/scratch/skscla001/experiments/datasets/swagen/audio/common_voice_sw_29797217.wav	kuishirikisha kikamilifu jamii ya wakazi wa bagamoyo katika kupanga na kuamua mikakati madhubuti 	1
/scratch/skscla001/experiments/datasets/swagen/audio/common_voice_sw_29058406.wav	ndio mwanzo wa utalii wa malindi 	0
/scratch/skscla001/experiments/datasets/swagen/audio/common_voice_sw_36319937.wav	namna ya kawaida ni kufanya tohara 	1
/scratch/skscla001/experiments/datasets/swagen/audio/common_voice_sw_28681348.wav	ni tawi kubwa la kundi la lugha za kichina kitibet 	1
/scratch/skscla001/experiments/datasets/swagen/audio/common_voice_sw_36331501.wav	mizizi ya meno ambayo hufikiriwa kuwa na minyoo au ni meno ya karatasi au 	1
/scratch/skscla001/experiments/datasets/swagen/audio/common_voice_sw_30581618.wav	alitafuta majibu ya harakaharaka labda sehemu ya matatizo yake 	0
/scratch/skscla001/experiments/datasets/swagen/audio/common_voice_sw_29796691.wav	nkrumah alishindwa kurudi katika taifa lake la ghana 	1
/scratch/skscla001/experiments/datasets/swagen/audio/common_voice_sw_29938551.wav	kabla ya kujikita na hispania kuanzia mwaka elfu moja mia tisa hamsini na saba 	1
/scratch/skscla001/experiments/datasets/swagen/audio/common_voice_sw_35099489.wav	kuigwa zinajulikana kama buprenofini zote hutumika kama dawa 	0
/scratch/skscla001/experiments/datasets/swagen/audio/common_voice_sw_30380153.wav	mabadiliko hayo ni katika mlo wa kimasai kuelekea bidhaa zisizo za mifugo 	1
/scratch/skscla001/experiments/datasets/swagen/audio/common_voice_sw_30054973.wav	budya ni kisiwa kinachopatikana tanzania katika bahari ya hindi 	0
/scratch/skscla001/experiments/datasets/swagen/audio/common_voice_sw_30585201.wav	karanga pia hupunguza mafuta mabaya mwilini na kuongeza mafuta mazuri yaliyomo kwenye karanga 	0
/scratch/skscla001/experiments/datasets/swagen/audio/common_voice_sw_29591999.wav	iko upande wa kusini wa kisiwa 	1
/scratch/skscla001/experiments/datasets/swagen/audio/common_voice_sw_31415702.wav	waingereza nao kulitumia kama gereza kuanzia mwaka elfu moja mia tisa kumi na sita 	1
/scratch/skscla001/experiments/datasets/swagen/audio/common_voice_sw_29994717.wav	hata hivyo mengi ya mabadiliko hayo yamewakwepa wananchi isipokuwa yale ya zamani 	1
/scratch/skscla001/experiments/datasets/swagen/audio/common_voice_sw_36382565.wav	ameenda mjini tangu juzi 	1
/scratch/skscla001/experiments/datasets/swagen/audio/common_voice_sw_30567824.wav	chake lakini vyombo vyake viko safi kabisa 	0
/scratch/skscla001/experiments/datasets/swagen/audio/common_voice_sw_36310805.wav	jacob alimtoa hofu na kumwambia yupo mahali salama na yeye ndio aliagizwa aletwe 	1
/scratch/skscla001/experiments/datasets/swagen/audio/common_voice_sw_30181932.wav	mwishowe alisalimu amri na akajisalimisha nchini zambia 	0
/scratch/skscla001/experiments/datasets/swagen/audio/common_voice_sw_30144485.wav	sehemu ya kwanza ya sherehe hizi ni sherehe ya enoto 	1
/scratch/skscla001/experiments/datasets/swagen/audio/common_voice_sw_35099359.wav	sasa ifahamu historia ya wamasai kutoka israel hadi afrika mashariki 	0
/scratch/skscla001/experiments/datasets/swagen/audio/common_voice_sw_29847635.wav	tembo ndiye mnyama mkubwa zaidi mwituni na ardini kwa ujumla 	0
/scratch/skscla001/experiments/datasets/swagen/audio/common_voice_sw_30635376.wav	ni aibu sana kwa taifa maana enzi za mwalimu hapakukuwa na hali hii 	1
/scratch/skscla001/experiments/datasets/swagen/audio/common_voice_sw_36389439.wav	ukubwa wa baraza lake la mawaziri kukosolewa na wataalam 	1
/scratch/skscla001/experiments/datasets/swagen/audio/common_voice_sw_28725615.wav	goli ziko kwenye pande fupi zaidi 	1
/scratch/skscla001/experiments/datasets/swagen/audio/common_voice_sw_37094554.wav	ajali hiyo inaonyesha upendo na uaminifu kwa mwanaume 	1
/scratch/skscla001/experiments/datasets/swagen/audio/common_voice_sw_35155474.wav	unga ambapo mitaani hujulikana kama coke 	0
/scratch/skscla001/experiments/datasets/swagen/audio/common_voice_sw_36375356.wav	hapatoshi kwa sababu kelele zake zitakuwa siyo 	1
/scratch/skscla001/experiments/datasets/swagen/audio/common_voice_sw_30054236.wav	karume alikwenda kwa punja kara haji ambaye alimweleza karume 	0
/scratch/skscla001/experiments/datasets/swagen/audio/common_voice_sw_30577883.wav	lakini siku hizi kuna uwezekano baadhi ya wapare wakawa hawana sifa hii tena 	1
/scratch/skscla001/experiments/datasets/swagen/audio/common_voice_sw_30091171.wav	hali hii ilitambuliwa na uholanzi mwaka elfumoja mia nane kumi na tano 	1
/scratch/skscla001/experiments/datasets/swagen/audio/common_voice_sw_29822434.wav	mlima magamba na mlima maguge inaongezeka pia milima ya mahale 	1
/scratch/skscla001/experiments/datasets/swagen/audio/common_voice_sw_28716372.wav	dalili nyingine zinaweza kujumuisha maumivu na matatizo wakati wa kumeza 	1
/scratch/skscla001/experiments/datasets/swagen/audio/common_voice_sw_36807760.wav	kuwait na marekani vita vya pili vya ghuba ya elfu mbili na tatu 	1
/scratch/skscla001/experiments/datasets/swagen/audio/common_voice_sw_30634776.wav	kila kabila lina washamba na wasio washamba kutegemeana na aina ya ushamba 	1
/scratch/skscla001/experiments/datasets/swagen/audio/common_voice_sw_30634573.wav	sheikh abeid amani karume anasalia kukumbukwa kuwa rais wa kwanza wa nchi hiyo 	1
/scratch/skscla001/experiments/datasets/swagen/audio/common_voice_sw_30182305.wav	wajerumani walikataa habari za fuvu hili na waingereza waliamua ya kwamba ilishindikana kulipata 	1
/scratch/skscla001/experiments/datasets/swagen/audio/common_voice_sw_30341259.wav	ikilinganishwa na kilwa pamoja na pangani au zanzibar 	1
/scratch/skscla001/experiments/datasets/swagen/audio/common_voice_sw_35132360.wav	victor robert willi amezungumza na shaq mumbere ambae 	1
/scratch/skscla001/experiments/datasets/swagen/audio/common_voice_sw_29789545.wav	ni shirika huru kama jinsi ilivyo likijitegemea 	0
/scratch/skscla001/experiments/datasets/swagen/audio/common_voice_sw_28682803.wav	pia alidai kuwa rais kibaki alikuwa makosa katika jambo hilo 	1
/scratch/skscla001/experiments/datasets/swagen/audio/common_voice_sw_37093593.wav	sehemu nyingine za bara la afrika na nje ya 	1
/scratch/skscla001/experiments/datasets/swagen/audio/common_voice_sw_30025734.wav	ukataji wa miti ni uharibifu wa mazingira 	1
/scratch/skscla001/experiments/datasets/swagen/audio/common_voice_sw_29938346.wav	iliachana na ushiriki wa vita hivyo vya mataifa 	1
/scratch/skscla001/experiments/datasets/swagen/audio/common_voice_sw_30201228.wav	kuna usemi kuwa alichaguliwa kama mchezaji wa ziada kaitka michezo ya afrika mashariki 	1
/scratch/skscla001/experiments/datasets/swagen/audio/common_voice_sw_28681042.wav	huishi baharini hasa lakini spishi kadhaa hukaa katika mito na milango yao 	1
/scratch/skscla001/experiments/datasets/swagen/audio/common_voice_sw_36373493.wav	za mchezaji bora wa soka duniani ballon dor 	1
/scratch/skscla001/experiments/datasets/swagen/audio/common_voice_sw_30143345.wav	kufuatana na fred guweddeko wa chuo kikuu cha makerere 	0
/scratch/skscla001/experiments/datasets/swagen/audio/common_voice_sw_29627349.wav	mkoa huu una sehemu mbili una upande wa ulaya na upande ni asia 	1
/scratch/skscla001/experiments/datasets/swagen/audio/common_voice_sw_30380881.wav	mtetezi wa uchumi tata amezungumzia vilevile kwa kukosoa mbinu za kihisabati 	1
/scratch/skscla001/experiments/datasets/swagen/audio/common_voice_sw_35438524.wav	lugha na matumizi yake ni chombo cha kujieleleza thamani yake 	0
/scratch/skscla001/experiments/datasets/swagen/audio/common_voice_sw_30162240.wav	licha ya kuweka utaratibu wa kumuaga hayati magufuli 	1
/scratch/skscla001/experiments/datasets/swagen/audio/common_voice_sw_30079786.wav	kiharusi ni ugonjwa wa dharura na hatari 	1
/scratch/skscla001/experiments/datasets/swagen/audio/common_voice_sw_35108006.wav	kuweza kumaliza mtafaruku uliojitokeza 	1
/scratch/skscla001/experiments/datasets/swagen/audio/common_voice_sw_31321497.wav	bila kusahau halmashauri ya wilaya ya kilwa na halmashauri ya wilaya ya lindi 	1
/scratch/skscla001/experiments/datasets/swagen/audio/common_voice_sw_29861615.wav	ngorongoro ndiyo huwavutia zaidi watu na kuwafanya kufunga safari kuja tanzania 	1
/scratch/skscla001/experiments/datasets/swagen/audio/common_voice_sw_30131782.wav	vitu vingi katika maisha vinaweza kujaribu kukuondoa kwenye malengo yako 	1
/scratch/skscla001/experiments/datasets/swagen/audio/common_voice_sw_29660533.wav	katika nchi nyingi tendo la kubadilishana pesa bidhaa nakadhalika 	1
/scratch/skscla001/experiments/datasets/swagen/audio/common_voice_sw_31409526.wav	mtoto atakuwa akitambulishwa kwa kutumia jina la embolet 	1
/scratch/skscla001/experiments/datasets/swagen/audio/common_voice_sw_30629884.wav	adolf hitler aliibuka kupitia chama cha jumuiya ya mataifa 	1
/scratch/skscla001/experiments/datasets/swagen/audio/common_voice_sw_30340741.wav	timu nyingi za afrika zinajivunia kucheza kwenye uwanja wa mkapa 	1
/scratch/skscla001/experiments/datasets/swagen/audio/common_voice_sw_30653549.wav	tanzania ilishinda vita hivyo kwa kumpiga amini 	0
/scratch/skscla001/experiments/datasets/swagen/audio/common_voice_sw_29904875.wav	ya kutengana na julius nyerere ikawa vigumu kupata 	1
/scratch/skscla001/experiments/datasets/swagen/audio/common_voice_sw_29898089.wav	ghana ilifungwa bao moja kwa sifuri kwenye fainali 	1
/scratch/skscla001/experiments/datasets/swagen/audio/common_voice_sw_30021970.wav	hicho baada ya kutokukubaliana na itikadi za ujamaa za nyerere 	1
/scratch/skscla001/experiments/datasets/swagen/audio/common_voice_sw_30200829.wav	hivyo kufanya makazi katika eneo hili la kijiji cha wapimbwe 	1
/scratch/skscla001/experiments/datasets/swagen/audio/common_voice_sw_30020895.wav	bado tupo kwenye mpango wa kuongeza vivutio zaidi vya aina fulani za masaji 	1
/scratch/skscla001/experiments/datasets/swagen/audio/common_voice_sw_28673091.wav	leo uzalishaji ni mkubwa hasa hispania halafu italia ugiriki uturuki nakadhalika 	1
/scratch/skscla001/experiments/datasets/swagen/audio/common_voice_sw_29925362.wav	yusuf macho alicheza simba kwa miaka miwili na msimu wake wa mwisho 	0
/scratch/skscla001/experiments/datasets/swagen/audio/common_voice_sw_30351255.wav	kwa hiyo kama watalii hao walitoka nje ya nchi huenda wakaendelea kuutangaza utamaduni wetu 	0
/scratch/skscla001/experiments/datasets/swagen/audio/common_voice_sw_30032406.wav	wasukuma ni miongoni mwa kabila mojawapo kati ya yale mia moja ishirini na moja 	1
/scratch/skscla001/experiments/datasets/swagen/audio/common_voice_sw_29818577.wav	reli hii ambayo pia huitwa reli ya uhuru 	0
/scratch/skscla001/experiments/datasets/swagen/audio/common_voice_sw_30574588.wav	mara baada ya maneno hayo alipanda ndege kwenda beira msumbiji 	1
/scratch/skscla001/experiments/datasets/swagen/audio/common_voice_sw_29899302.wav	miaka ya nyuma wazigua waliabudu miungu mbalimbali kama mawe moto na miti mikubwa 	1
/scratch/skscla001/experiments/datasets/swagen/audio/common_voice_sw_30091176.wav	ronaldo alianza vizuri michuano ya kombe la dunia 	1
/scratch/skscla001/experiments/datasets/swagen/audio/common_voice_sw_30196710.wav	mchezo wa mpira wa miguu unavutia sana kutazama 	0
/scratch/skscla001/experiments/datasets/swagen/audio/common_voice_sw_29815851.wav	hapo ukawa mwanzo wa mwilwana huku masanja akienda upande wa mashariki eneo la kisaki 	1
/scratch/skscla001/experiments/datasets/swagen/audio/common_voice_sw_34392888.wav	tisini na moja kibaki alikuwa wa tatu na mwaka elfu moja mia tisa tisini 	1
/scratch/skscla001/experiments/datasets/swagen/audio/common_voice_sw_34598136.wav	ashitakiwe na kwa vile hawezi kushatiwa hapa washitakiwe huko na hapa 	0
/scratch/skscla001/experiments/datasets/swagen/audio/common_voice_sw_30116004.wav	biashara ya watumwa ilianza kuonekana kama biashara ovu ambayo ilisababisha vifo 	1
/scratch/skscla001/experiments/datasets/swagen/audio/common_voice_sw_29993436.wav	alisoma katika chuo kikuu cha dayatar nairobi kenya 	1
/scratch/skscla001/experiments/datasets/swagen/audio/common_voice_sw_30026208.wav	uro milioni mia moja thelathini 	1
/scratch/skscla001/experiments/datasets/swagen/audio/common_voice_sw_29457317.wav	kwa sababu hiyo hutumiwa kuzalisha sumaku zenye nguvu kuu 	1
/scratch/skscla001/experiments/datasets/swagen/audio/common_voice_sw_29924874.wav	alihamasisha harakati za ukombozi pamoja na kuunganisha bara la afrika 	0
/scratch/skscla001/experiments/datasets/swagen/audio/common_voice_sw_37084903.wav	wa uendeshaji wa serikali kwa sababu 	1
/scratch/skscla001/experiments/datasets/swagen/audio/common_voice_sw_30333936.wav	rais wa zanzibari daktari hussein mwinyi kupitia runinga ya zanzibari alilitangazia taifa 	1
/scratch/skscla001/experiments/datasets/swagen/audio/common_voice_sw_29869255.wav	mwanawe amin hussein alisema babake alizaliwa kampala 	1
/scratch/skscla001/experiments/datasets/swagen/audio/common_voice_sw_37095297.wav	yenye idadi kubwa ya watu weusi katika taifa la afrika kusini 	1
/scratch/skscla001/experiments/datasets/swagen/audio/common_voice_sw_35587983.wav	ukuaji wa mtandao umeongeza usikilizaji wa redio 	0
/scratch/skscla001/experiments/datasets/swagen/audio/common_voice_sw_30342416.wav	ugonjwa huu hauna tiba hivyo yatupasa tujikinge 	1
/scratch/skscla001/experiments/datasets/swagen/audio/common_voice_sw_29583190.wav	pia ni mmoja ya waanzilishi wa chama cha wasanii tanzania 	1
/scratch/skscla001/experiments/datasets/swagen/audio/common_voice_sw_37095984.wav	biashara upande wa dini wananchi karibu wote ni waislamu hasa 	1
/scratch/skscla001/experiments/datasets/swagen/audio/common_voice_sw_30223538.wav	msimu huu mashabiki wameanza kurudi uwanjani 	0
/scratch/skscla001/experiments/datasets/swagen/audio/common_voice_sw_28670218.wav	huenda pia mtu akawa na shida za kufikiria 	1
/scratch/skscla001/experiments/datasets/swagen/audio/common_voice_sw_30327496.wav	hawa wakijulikana wanyantuzu na wasukuma wa mwanza wakiitwa bhasuku 	1
/scratch/skscla001/experiments/datasets/swagen/audio/common_voice_sw_30257509.wav	majengo ya zamani na magofu bado ni alama ya mji wa bagamoyo 	1
/scratch/skscla001/experiments/datasets/swagen/audio/common_voice_sw_30671855.wav	congo iliichapa mali mabao matatu kwa mawili 	1
/scratch/skscla001/experiments/datasets/swagen/audio/common_voice_sw_29937805.wav	yalianzishwa na aliyekuwa mkuu wa wilaya hiyo akijulikana kwa jina la msonge 	1
/scratch/skscla001/experiments/datasets/swagen/audio/common_voice_sw_37217559.wav	jambo la kwanza waziri wa sheria masuala ya katiba 	0
/scratch/skscla001/experiments/datasets/swagen/audio/common_voice_sw_35105525.wav	sehemu ndogo ya miti ambayo data ya skanning 	0
/scratch/skscla001/experiments/datasets/swagen/audio/common_voice_sw_36387521.wav	tulikuwa na mazigaziga 	1
/scratch/skscla001/experiments/datasets/swagen/audio/common_voice_sw_29946780.wav	kutokana na suala la utandawazi wapare wametapakaa kote tanzania kwa shughuli mbalimbali 	1
/scratch/skscla001/experiments/datasets/swagen/audio/common_voice_sw_31415661.wav	ziwa vitoria lina upana wa kilomita za mraba elfu sita 	1
/scratch/skscla001/experiments/datasets/swagen/audio/common_voice_sw_29936414.wav	nyerere alikuwa hapendi ushauri wa mtu yeyote 	1
/scratch/skscla001/experiments/datasets/swagen/audio/common_voice_sw_30709785.wav	kama hujawahi kutembelea ni vyema ukajitahidi kutafuta 	0
/scratch/skscla001/experiments/datasets/swagen/audio/common_voice_sw_28660773.wav	alishiriki katika tamthilia tofauti za televisheni nchini kenya 	1
/scratch/skscla001/experiments/datasets/swagen/audio/common_voice_sw_31441303.wav	kipato chake kikitokana na kazi ya utumishi wa ndani ambacho hakikutosha 	1
/scratch/skscla001/experiments/datasets/swagen/audio/common_voice_sw_30019834.wav	jambo ambao liliamsha hisia za wengi kuhusu uchumi wa muda mfupi 	1
/scratch/skscla001/experiments/datasets/swagen/audio/common_voice_sw_32210947.wav	sauti 	1
/scratch/skscla001/experiments/datasets/swagen/audio/common_voice_sw_37229624.wav	mkurugenzi wa taasisi ya uchunguzi dzhona edgara hooveralipochukua madaraka shirika inaajiri wafanyakazi kuhusu 	1
/scratch/skscla001/experiments/datasets/swagen/audio/common_voice_sw_31326737.wav	mara nyingi wanatumia bandari ya kigoma ndani ya ziwa tanganyika 	1
/scratch/skscla001/experiments/datasets/swagen/audio/common_voice_sw_30008645.wav	wala hakuwahi kumruhusu mwandishi yeyote kuandika habari ya maisha yake 	1
/scratch/skscla001/experiments/datasets/swagen/audio/common_voice_sw_29792996.wav	lakini umiliki wa nyumba binafsi haukupigwa marufuku 	0
/scratch/skscla001/experiments/datasets/swagen/audio/common_voice_sw_29847012.wav	jim thompson aliandika mnamo mwaka elfu moja mia tisa sabini 	1
/scratch/skscla001/experiments/datasets/swagen/audio/common_voice_sw_37220027.wav	hii haibadilishi ukweli kwamba alikuwa mwanamke wa pekee 	0
/scratch/skscla001/experiments/datasets/swagen/audio/common_voice_sw_37224751.wav	hizi kwa kawaida huwa nyekundu ingawa kuna rangi nyingine kama vile bluu 	1
/scratch/skscla001/experiments/datasets/swagen/audio/common_voice_sw_28581557.wav	nchi iko kwenye sehemu nyembamba kabisa ya amerika ya kati 	1
/scratch/skscla001/experiments/datasets/swagen/audio/common_voice_sw_30031213.wav	uhamiaji huo ni moja ya maajabu kumi ya asili duniani 	0
/scratch/skscla001/experiments/datasets/swagen/audio/common_voice_sw_28681191.wav	athira ya mfano wa umoja wa kisovyeti na china ilikuwa muhimu pia 	1
/scratch/skscla001/experiments/datasets/swagen/audio/common_voice_sw_30001997.wav	lakini wageni waliweza kupata baadhi ya maeneo 	1
/scratch/skscla001/experiments/datasets/swagen/audio/common_voice_sw_30025437.wav	kabila ambalo hauwezi kukosa kutaja ni kabila la wamasai 	1
/scratch/skscla001/experiments/datasets/swagen/audio/common_voice_sw_36945265.wav	kukuletea makala haya ni mimi mtayarishaji na mtangazaji wako 	1
/scratch/skscla001/experiments/datasets/swagen/audio/common_voice_sw_30342411.wav	shirika la kitaifa lilodai kuingia katika nchi iliyomilikwa na walowezi 	1
/scratch/skscla001/experiments/datasets/swagen/audio/common_voice_sw_35123718.wav	jamhuri ya kiarabu waingereza waliacha nchi mikononi mwa mfalme 	0
/scratch/skscla001/experiments/datasets/swagen/audio/common_voice_sw_37084049.wav	wakili wao mtetezi john dodie mhusenge 	1
/scratch/skscla001/experiments/datasets/swagen/audio/common_voice_sw_35206719.wav	wakati hali ikiwa hivyo mjumbe wa umoja wamataifa ambaye anashughulikia masuala ya somalia 	0
/scratch/skscla001/experiments/datasets/swagen/audio/common_voice_sw_31329286.wav	sababu kubwa ya vita vya majimaji ni ardhi 	1
/scratch/skscla001/experiments/datasets/swagen/audio/common_voice_sw_36105817.wav	sawa na asilimia ishirini na saba 	0
/scratch/skscla001/experiments/datasets/swagen/audio/common_voice_sw_30223139.wav	kuhamasisha utali wa ndani kwa kuhamasisha wanafunzi 	1
/scratch/skscla001/experiments/datasets/swagen/audio/common_voice_sw_29000597.wav	hivyo ni kata kubwa zaidi katika wilaya hiyo yote 	1
/scratch/skscla001/experiments/datasets/swagen/audio/common_voice_sw_36387947.wav	nze na mashindano ya soka ya cekafa na draw ya mashindano hayo ambayo yataandaliwa 	1
/scratch/skscla001/experiments/datasets/swagen/audio/common_voice_sw_30008246.wav	twiga hupendelea zaidi kula majani na matunda kutoka kwenye miti marefu 	1
/scratch/skscla001/experiments/datasets/swagen/audio/common_voice_sw_36385454.wav	mombasa tarehe kumi na nane mwezi wa nane mwaka elfu moja mia tisa sabini 	1
/scratch/skscla001/experiments/datasets/swagen/audio/common_voice_sw_36067467.wav	mtazamo wa mahakama haukuwa kwenye mauaji ya kimbari 	1
/scratch/skscla001/experiments/datasets/swagen/audio/common_voice_sw_29795456.wav	awali januari thelasini na moja mwaka elfu mbili na tano ilikuwa ya baraka 	1
/scratch/skscla001/experiments/datasets/swagen/audio/common_voice_sw_30071480.wav	wengine wakichambua mchanga na kujipatia pesa kwa ajili ya kununua mahitaji mbalimbali 	0
/scratch/skscla001/experiments/datasets/swagen/audio/common_voice_sw_29977796.wav	hata hivyo wanauchumi maarufu wa uchumi uliotanda kama vile keynes na joskow 	1
/scratch/skscla001/experiments/datasets/swagen/audio/common_voice_sw_29822778.wav	tausi jike hukaa na watoto wake kwa karibu miezi sita baada ya hapo hujitegemea 	1
/scratch/skscla001/experiments/datasets/swagen/audio/common_voice_sw_30104777.wav	engai narok ni mungu mweusi ana huruma 	1
/scratch/skscla001/experiments/datasets/swagen/audio/common_voice_sw_36944957.wav	namna wachambuzi wa maswala ya kisiasa wanavyosema 	1
/scratch/skscla001/experiments/datasets/swagen/audio/common_voice_sw_29791705.wav	wangoni ni maarufu sana katika kuimba misibani 	0
/scratch/skscla001/experiments/datasets/swagen/audio/common_voice_sw_30117840.wav	malaika alipogeuka na kufanya matendo ya kigaidi 	1
/scratch/skscla001/experiments/datasets/swagen/audio/common_voice_sw_28971638.wav	chaji hizi mbili ni kinyume zinaitwa chaji hasi na chaji chanya 	1
/scratch/skscla001/experiments/datasets/swagen/audio/common_voice_sw_28819817.wav	hutokea kwa jozi maana yake kuna mapafu mawili si moja tu kama moyo 	1
/scratch/skscla001/experiments/datasets/swagen/audio/common_voice_sw_35105141.wav	shukran za dhati zimwendee nurdin sulemani pamoja na victor 	0
/scratch/skscla001/experiments/datasets/swagen/audio/common_voice_sw_29754846.wav	video inaendelea na mwishoni 	1
/scratch/skscla001/experiments/datasets/swagen/audio/common_voice_sw_29762751.wav	katika ukristo simba wa yuda alikuwa yesu 	1
/scratch/skscla001/experiments/datasets/swagen/audio/common_voice_sw_29946215.wav	bakhresa alianza kuuza mabaki ya mazao ya baharini tu 	1
/scratch/skscla001/experiments/datasets/swagen/audio/common_voice_sw_36385984.wav	vijana watu ni wengi kushinda wao 	1
/scratch/skscla001/experiments/datasets/swagen/audio/common_voice_sw_30577778.wav	ikiwa watu wengi wanapenda jina lake la muda mfupi 	1
/scratch/skscla001/experiments/datasets/swagen/audio/common_voice_sw_36386234.wav	sheria mwafaka zipitishwe ili kampuni hizi ziwajibike 	1
/scratch/skscla001/experiments/datasets/swagen/audio/common_voice_sw_29796362.wav	ukandamizaji dhidi ya tabaka la watu walio na elimu zaidi 	1
/scratch/skscla001/experiments/datasets/swagen/audio/common_voice_sw_36374766.wav	umeinua kutoka katika hali ya kawaida hadi katika hali ya kisasa zaidi 	1
/scratch/skscla001/experiments/datasets/swagen/audio/common_voice_sw_30176630.wav	mradi unaokusudia kuifanyia matengenezo meli hiyo 	0
/scratch/skscla001/experiments/datasets/swagen/audio/common_voice_sw_35588826.wav	watalii wengi wanapenda mno kufika eneo hili kujionea 	0
/scratch/skscla001/experiments/datasets/swagen/audio/common_voice_sw_31409500.wav	jamii zinazosahaulika huunganishwa katika kundi la suba 	1
/scratch/skscla001/experiments/datasets/swagen/audio/common_voice_sw_30020633.wav	hifadhi ya mikumi ni moja kati ya hifadhi za taifa na mashuhuri 	1
/scratch/skscla001/experiments/datasets/swagen/audio/common_voice_sw_29791962.wav	kilele kikabadilishiwa jina na kuwa uhuru likiwa na maana ya kilele cha uhuru 	0
/scratch/skscla001/experiments/datasets/swagen/audio/common_voice_sw_29145978.wav	ya nchini hispania 	1
/scratch/skscla001/experiments/datasets/swagen/audio/common_voice_sw_30046144.wav	safari za mtubwi katika ziwa eyasi 	1
/scratch/skscla001/experiments/datasets/swagen/audio/common_voice_sw_28830725.wav	dalili za ugonjwa huu ni uvimbe kwenye shingo mabadiliko ya sauti 	1
/scratch/skscla001/experiments/datasets/swagen/audio/common_voice_sw_31461746.wav	bayern wakashinda makombe yote msimu huo 	0
/scratch/skscla001/experiments/datasets/swagen/audio/common_voice_sw_28811702.wav	hata hivyo mbinu hii ina matatizo mengi na mafanikio yako mbali mno 	1
/scratch/skscla001/experiments/datasets/swagen/audio/common_voice_sw_29964018.wav	barabara ya lami dar es salaam nairobi inavuka eneo lake 	1
/scratch/skscla001/experiments/datasets/swagen/audio/common_voice_sw_29792594.wav	ufaransa na urusi pia mataifa ya uingereza na italia bila kuisahau marekani 	0
/scratch/skscla001/experiments/datasets/swagen/audio/common_voice_sw_29941590.wav	kwani tayari walikuwa na deni la kulipa mabao sita kwa sifuri walichopewa 	1
/scratch/skscla001/experiments/datasets/swagen/audio/common_voice_sw_35123943.wav	baada ya kurejea nchini cuba akitokea mexico aliongoza mapinduzi ya kijeshi 	0
/scratch/skscla001/experiments/datasets/swagen/audio/common_voice_sw_30650337.wav	shughuli za kufanya hifadhini saanane ni pamoja na kuangalia wanyama 	1
/scratch/skscla001/experiments/datasets/swagen/audio/common_voice_sw_29902324.wav	mbuni dume anakuwa na jike moja linalompendeza zaidi 	1
/scratch/skscla001/experiments/datasets/swagen/audio/common_voice_sw_29995022.wav	umaarufu mwingine wa hifadhi hii ni pamoja ya aina ya chatu 	1
/scratch/skscla001/experiments/datasets/swagen/audio/common_voice_sw_30671889.wav	kukosa nguvu maumivu ya misuli degedege kuuma na kuvimba kwa tezi za limfu 	1
/scratch/skscla001/experiments/datasets/swagen/audio/common_voice_sw_30341829.wav	hata hivyo mila na desturi nyingi za wagweno zinafanana zaidi na zile za wapare 	1
/scratch/skscla001/experiments/datasets/swagen/audio/common_voice_sw_36039697.wav	alishinda mosul syria palestina na misri halafu hungary na algeria 	0
/scratch/skscla001/experiments/datasets/swagen/audio/common_voice_sw_28584681.wav	hatari hii huweza kudumu kwa takriban miezi miwili 	0
/scratch/skscla001/experiments/datasets/swagen/audio/common_voice_sw_28681405.wav	anakumbukwa kwa uchunguzi wake wa hadubini wa ubongo na uti wa mgongo 	1
/scratch/skscla001/experiments/datasets/swagen/audio/common_voice_sw_31304441.wav	timu kupata ushindi kwao ndio burudani 	1
/scratch/skscla001/experiments/datasets/swagen/audio/common_voice_sw_32212298.wav	ni hewa 	1
/scratch/skscla001/experiments/datasets/swagen/audio/common_voice_sw_30495711.wav	mto huu unasaidia kwa kiwango kikubwa kukuza uzalishaji wa sukari 	0
/scratch/skscla001/experiments/datasets/swagen/audio/common_voice_sw_31326462.wav	adolf hitler alipata zawadi ya mkimbiaji bora 	1
/scratch/skscla001/experiments/datasets/swagen/audio/common_voice_sw_29937796.wav	nyumba inajengwa ambayo wavulana wataenda kucheza na kufanya mila kadhaa 	1
/scratch/skscla001/experiments/datasets/swagen/audio/common_voice_sw_30635645.wav	rais wa kwanza wa uganda milton obotte ni rafiki mkubwa wa nyerere 	1
/scratch/skscla001/experiments/datasets/swagen/audio/common_voice_sw_30405656.wav	taifa la uruguay lilikuwa linazalisha nyota wengi 	0
/scratch/skscla001/experiments/datasets/swagen/audio/common_voice_sw_36386162.wav	ishwa rasmi kwenye sherehe zilizofanyika katika uwaja wa amani 	1
/scratch/skscla001/experiments/datasets/swagen/audio/common_voice_sw_28815559.wav	iko katika kusini mashariki ya marekani bara 	1
/scratch/skscla001/experiments/datasets/swagen/audio/common_voice_sw_29792077.wav	tausi ni ndege mwenye rangi ya bluu na kijani 	0
/scratch/skscla001/experiments/datasets/swagen/audio/common_voice_sw_34959550.wav	mwenendo wa nyumbu kati ya serengeti na maasai mara unashangaza 	0
/scratch/skscla001/experiments/datasets/swagen/audio/common_voice_sw_29937602.wav	kwa mujibu wa ushuhuda wake kuna sauti ilimwambia ni dhahiri kuwa mungu alimtendea makuu 	1
/scratch/skscla001/experiments/datasets/swagen/audio/common_voice_sw_35146312.wav	twiga hawa kwa sasa ni wanyama ambao wapo katika uangalizi mkubwa sana hususani hapa 	0
/scratch/skscla001/experiments/datasets/swagen/audio/common_voice_sw_28581706.wav	alipelekwa uhamishoni na kaisari leo v kwa sababu ya kutetea matumizi ya picha takatifu 	1
/scratch/skscla001/experiments/datasets/swagen/audio/common_voice_sw_29624515.wav	katika nchi nyingi huwa na kawaida ya kutembelea pia makaburi ya marehemu 	1
/scratch/skscla001/experiments/datasets/swagen/audio/common_voice_sw_29240591.wav	anaheshimiwa kama mtakatifu bikira hasa tarehe ya kifo chake 	0
/scratch/skscla001/experiments/datasets/swagen/audio/common_voice_sw_36013833.wav	mwaka elfumoja miasaba sabini na nane ufaransa 	1
/scratch/skscla001/experiments/datasets/swagen/audio/common_voice_sw_30180734.wav	mandela yuko huru sasa anaamua kusaka uungwaji mkono 	1
/scratch/skscla001/experiments/datasets/swagen/audio/common_voice_sw_30019810.wav	neno lenyewe linaonekana kuwa na nguvu isiyo ya kawaida 	1
/scratch/skscla001/experiments/datasets/swagen/audio/common_voice_sw_32243113.wav	taja vitu vilivyopo kwenye sekta ya utalii 	1
/scratch/skscla001/experiments/datasets/swagen/audio/common_voice_sw_30075106.wav	katika miaka ya elfu moja mia moja na tisa 	0
/scratch/skscla001/experiments/datasets/swagen/audio/common_voice_sw_29295843.wav	wimbo ulikuwa nafasi na 	1
/scratch/skscla001/experiments/datasets/swagen/audio/common_voice_sw_29937905.wav	alitaka kuidhoofisha nchi kwa kutaka muungano ufanyiwe marekebisho 	1
/scratch/skscla001/experiments/datasets/swagen/audio/common_voice_sw_28670352.wav	makao makuu yalikuwa mjini mwingi 	1
/scratch/skscla001/experiments/datasets/swagen/audio/common_voice_sw_30216176.wav	biashara ya mafuta ni biashara yenye thamani kubwa duniani kote 	1
/scratch/skscla001/experiments/datasets/swagen/audio/common_voice_sw_30117363.wav	hata hivyo hakuvunjika moyo na hakurudi mwera kwa mama yake 	1
/scratch/skscla001/experiments/datasets/swagen/audio/common_voice_sw_29796556.wav	jamii ya kabila la maasai ilikuwa ikiishi katika maeneo yote ya serengeti na ngorongoro 	1
/scratch/skscla001/experiments/datasets/swagen/audio/common_voice_sw_28690876.wav	ni lugha ya taifa nchini botswana 	1
/scratch/skscla001/experiments/datasets/swagen/audio/common_voice_sw_28735767.wav	kuanzia umri mdogo davis alikuwa mwanafunzi wa sanaa haswa kaimu 	1
/scratch/skscla001/experiments/datasets/swagen/audio/common_voice_sw_35106095.wav	misafara ya wafanyabiashara ambao walikuwa wanaeneza 	0
/scratch/skscla001/experiments/datasets/swagen/audio/common_voice_sw_35411156.wav	hadithi zinaweza kuelimisha na kuhamasisha watazamaji 	1
/scratch/skscla001/experiments/datasets/swagen/audio/common_voice_sw_30017652.wav	kufanana na soda pia tabaka zito la majivu linaweza kugeuka 	1
/scratch/skscla001/experiments/datasets/swagen/audio/common_voice_sw_30075450.wav	barcelona ilitwaa ubingwa kwa kuifunga arsenal 	1
/scratch/skscla001/experiments/datasets/swagen/audio/common_voice_sw_31306585.wav	messi alikuwa anafanya anachotaka uwanjani 	1
/scratch/skscla001/experiments/datasets/swagen/audio/common_voice_sw_35103200.wav	inategemewa kwamba sasa hivi 	0
/scratch/skscla001/experiments/datasets/swagen/audio/common_voice_sw_30419879.wav	msamaha huo ulitolewa muda mfupi kabla ya nchi hiyo kupata uhuru 	1
/scratch/skscla001/experiments/datasets/swagen/audio/common_voice_sw_34896064.wav	serikali itaendelea kutoa ushirikiano katika utoaji huduma hizo za jamii 	0
/scratch/skscla001/experiments/datasets/swagen/audio/common_voice_sw_36310716.wav	amazon ni hatari kupita maelezo lakini ghafla 	1
/scratch/skscla001/experiments/datasets/swagen/audio/common_voice_sw_29877377.wav	kama nilivyosema awali unaweza kuwa unaishi katikati 	1
/scratch/skscla001/experiments/datasets/swagen/audio/common_voice_sw_30020140.wav	ni jina ambalo wekundu hawa wa msimbazi wana kumbukumbu nalo sana 	1
/scratch/skscla001/experiments/datasets/swagen/audio/common_voice_sw_29115705.wav	kipaji kinaweza kuwa cha kimwili au cha kiakili 	1
/scratch/skscla001/experiments/datasets/swagen/audio/common_voice_sw_30209929.wav	mpira wa uingereza ulikuwa wa pasi tatu kisha goli 	1
/scratch/skscla001/experiments/datasets/swagen/audio/common_voice_sw_29795818.wav	pele ameshinda mataji mengi ya kombe la dunia kuliko maradona 	1
/scratch/skscla001/experiments/datasets/swagen/audio/common_voice_sw_36373473.wav	mitume na la mababu utitiri wa madhehebu ya waprotestanti ndio wenye 	1
/scratch/skscla001/experiments/datasets/swagen/audio/common_voice_sw_36389216.wav	ambayo ndio msingi mkuu wa uchumi wa buluu 	1
/scratch/skscla001/experiments/datasets/swagen/audio/common_voice_sw_29978272.wav	wametawaliwa na viongozi walioitwa omukama na walio maarufu sana 	1
/scratch/skscla001/experiments/datasets/swagen/audio/common_voice_sw_29942071.wav	pamoja na kumthibitisha jumbe kuanzia aprili saba mwaka huo huo 	1
/scratch/skscla001/experiments/datasets/swagen/audio/common_voice_sw_29323916.wav	lugha yake hasa ni kiaramu 	1
/scratch/skscla001/experiments/datasets/swagen/audio/common_voice_sw_30631065.wav	anasema zuhura ambaye ni mwanamke wa kwanza kutangaza kipindi cha televisheni 	1
/scratch/skscla001/experiments/datasets/swagen/audio/common_voice_sw_29686062.wav	mwenye taaluma anaitwa mtaalamu 	1
/scratch/skscla001/experiments/datasets/swagen/audio/common_voice_sw_28921843.wav	aliandika pia historia ya wafalme wa norwei 	1
/scratch/skscla001/experiments/datasets/swagen/audio/common_voice_sw_31405997.wav	theluji inayokaa kwenye ganda nene itakuwa barafu 	0
/scratch/skscla001/experiments/datasets/swagen/audio/common_voice_sw_30341979.wav	kutetemeka vipindi vikali vya kutetemeka kwa dakika kadhaa na hudumu hadi saa moja 	1
/scratch/skscla001/experiments/datasets/swagen/audio/common_voice_sw_28817362.wav	kilimo cha pwani ni hasa ya miwa lakini pia ya matunda 	1
/scratch/skscla001/experiments/datasets/swagen/audio/common_voice_sw_30320397.wav	chifu mkwawa alitumia pango hilo kujificha wakati wa vipita kwenye utawa wa kikoloni 	1
/scratch/skscla001/experiments/datasets/swagen/audio/common_voice_sw_36320105.wav	akikanusha taarifa kwamba nyumbu wengi bado wako kenya 	1
/scratch/skscla001/experiments/datasets/swagen/audio/common_voice_sw_28745250.wav	askofu mkuu wake ni mario delpini 	1
/scratch/skscla001/experiments/datasets/swagen/audio/common_voice_sw_30181998.wav	ufaransa ilikuwa na kikosi cha dhahabu duniani 	1
/scratch/skscla001/experiments/datasets/swagen/audio/common_voice_sw_37092936.wav	kama mifano inavyoonyesha kupunguza uchafuzi wa hewa kutakuwa 	1
/scratch/skscla001/experiments/datasets/swagen/audio/common_voice_sw_34750298.wav	ruvuma ruaha mkuu au mto tana ambayo yote inaishia katika bahari hindi 	1
/scratch/skscla001/experiments/datasets/swagen/audio/common_voice_sw_36945318.wav	mfumo wa upumuaji unasababisha matatizo kwa mgonjwa 	1
/scratch/skscla001/experiments/datasets/swagen/audio/common_voice_sw_30631272.wav	simba ilianza kupata ufadhili unaoeleweka sasa hivi 	1
/scratch/skscla001/experiments/datasets/swagen/audio/common_voice_sw_28735615.wav	imepakana na libya sudan jamhuri ya afrika ya kati kamerun nigeria na niger 	1
/scratch/skscla001/experiments/datasets/swagen/audio/common_voice_sw_34941855.wav	viongozi wa dini wametangaza hadharani kwamba wanapinga utumiaji kondomu 	0
/scratch/skscla001/experiments/datasets/swagen/audio/common_voice_sw_30582893.wav	mchezo wa mpira wa miguu umeathirika kwa kiasi kikubwa 	1
/scratch/skscla001/experiments/datasets/swagen/audio/common_voice_sw_30671243.wav	utawala wa wazungu uliwapa mateso makubwa 	1
/scratch/skscla001/experiments/datasets/swagen/audio/common_voice_sw_37095311.wav	haruhusiwi kutumia vyakula vya mafuta ya wanyama 	1
/scratch/skscla001/experiments/datasets/swagen/audio/common_voice_sw_29956177.wav	nakumbuka ilifikia hatua majangili yalianza kutumia sumu kuua wanyama 	1
/scratch/skscla001/experiments/datasets/swagen/audio/common_voice_sw_29955149.wav	tanzania ilianza kutumia bendera yake baada ya uhuru 	1
/scratch/skscla001/experiments/datasets/swagen/audio/common_voice_sw_36644205.wav	familia yake na watu wake wa karibu wanamfahamu vizuri 	0
/scratch/skscla001/experiments/datasets/swagen/audio/common_voice_sw_30201949.wav	wavulana wanakamata wanamshikilia na kumwangusha ngombe mwenye nguvu kwa pembe zake 	1
/scratch/skscla001/experiments/datasets/swagen/audio/common_voice_sw_30022618.wav	mlo kamili ni chakula chenye virutubishi vyote 	0
/scratch/skscla001/experiments/datasets/swagen/audio/common_voice_sw_30323833.wav	mbege hutengenezwa kwa kutumia ndizi mbivu maji na ulezi 	1
/scratch/skscla001/experiments/datasets/swagen/audio/common_voice_sw_29898969.wav	kwa amani utulivu na furaha maana waliamini mfumo huo ungewa panulia zaidi wigo 	1
/scratch/skscla001/experiments/datasets/swagen/audio/common_voice_sw_28661930.wav	kuna mambo mengi yaliyotokea wakati wa karne hii kama haya yafuatayo 	1
/scratch/skscla001/experiments/datasets/swagen/audio/common_voice_sw_29898550.wav	wenyeji pia wana zao la miti ya ulanzi 	1
/scratch/skscla001/experiments/datasets/swagen/audio/common_voice_sw_30353917.wav	pia ni rais wa kwanza mwanamke kushika nafasi ya cheo hicho 	0
/scratch/skscla001/experiments/datasets/swagen/audio/common_voice_sw_29926830.wav	alisoma pia chuo kikuu cha pennsylvania 	1
/scratch/skscla001/experiments/datasets/swagen/audio/common_voice_sw_30574790.wav	gharama kubwa ni za mtalii kutoka alipo mpaka kwenye vivutio 	0
/scratch/skscla001/experiments/datasets/swagen/audio/common_voice_sw_28681111.wav	wengi wana asili ya uskoti 	1
/scratch/skscla001/experiments/datasets/swagen/audio/common_voice_sw_34763269.wav	mwalimu mzuri 	1
/scratch/skscla001/experiments/datasets/swagen/audio/common_voice_sw_30343227.wav	ulikuwa mwaka wa mafanikio makubwa sana kwa ronaldo 	1
/scratch/skscla001/experiments/datasets/swagen/audio/common_voice_sw_36746465.wav	na hutumika kwa kuvutwa puani kama unga 	0
/scratch/skscla001/experiments/datasets/swagen/audio/common_voice_sw_30677312.wav	mazao ya chakula na biashara kama mpunga katani na mahindi zimeinua maendeleo kiuchumi 	1
/scratch/skscla001/experiments/datasets/swagen/audio/common_voice_sw_30314082.wav	ulikuwa na kanuni za kuchukua makoloni yote ya ujerumani 	0
/scratch/skscla001/experiments/datasets/swagen/audio/common_voice_sw_30109065.wav	pep guardiola alikuwa anadhirisha ubora wake 	1
/scratch/skscla001/experiments/datasets/swagen/audio/common_voice_sw_31440768.wav	imepoteza fainali ya ulaya kwa chelsea 	1
/scratch/skscla001/experiments/datasets/swagen/audio/common_voice_sw_34392354.wav	duniani alikuwa myahudi farisayo mzaliwa wa tarso mji wa kilikia 	1
/scratch/skscla001/experiments/datasets/swagen/audio/common_voice_sw_35224165.wav	yenye uraibu miongoni mwa vijanahii leo ikiwa ni siku ya kupiga vita matumizi 	1
/scratch/skscla001/experiments/datasets/swagen/audio/common_voice_sw_30201482.wav	kuhusu udhamini wa jezi uligusa pia mambo mbalimbali ya maendeleo 	1
/scratch/skscla001/experiments/datasets/swagen/audio/common_voice_sw_29946211.wav	pande wa mashariki imepakana na bahari ya hindi na visiwa vya komoro 	1
/scratch/skscla001/experiments/datasets/swagen/audio/common_voice_sw_29796658.wav	baada ya wiki kadhaa alitembelea wazazi wake pale mansfeld 	1
/scratch/skscla001/experiments/datasets/swagen/audio/common_voice_sw_30034498.wav	bila kulitaja jina la patrice lumumba ambaye alijitoa maisha yake 	0
/scratch/skscla001/experiments/datasets/swagen/audio/common_voice_sw_36037731.wav	ukubali huo ulipelekea mwitikio usiyofaa wa janga hili 	1
/scratch/skscla001/experiments/datasets/swagen/audio/common_voice_sw_32211829.wav	wakulima wepanda mpunga mapema 	1
/scratch/skscla001/experiments/datasets/swagen/audio/common_voice_sw_30640504.wav	alipenda kucheza pamoja na watoto kwani alipenda awape furaha kila siku 	0
/scratch/skscla001/experiments/datasets/swagen/audio/common_voice_sw_29936771.wav	mlima rungwe ambao huaminika kuwa kilele cha nyanda za juu kusini 	1
/scratch/skscla001/experiments/datasets/swagen/audio/common_voice_sw_37097731.wav	nywele hizi huhasimiwa juu ya kichwa kwa kipimo cha masikio 	1
/scratch/skscla001/experiments/datasets/swagen/audio/common_voice_sw_28258554.wav	kasulu ni makao makuu ya dayosisi ya magharibi ya kanisa anglikana tanzania 	1
/scratch/skscla001/experiments/datasets/swagen/audio/common_voice_sw_30485657.wav	pep guardiola alipokwenda aliongeza utawala wa bayern kwa timu zingine 	1
/scratch/skscla001/experiments/datasets/swagen/audio/common_voice_sw_30183455.wav	japokuwa mbatiany alimpa santeu boksi la maajabu ambalo lingemwezesha 	1
/scratch/skscla001/experiments/datasets/swagen/audio/common_voice_sw_36319530.wav	sasa wanaamua kuonyesha sanaa yao 	1
/scratch/skscla001/experiments/datasets/swagen/audio/common_voice_sw_28801756.wav	aliweza kuendelea na shule mbalimbali ikiwemo shule ya sekondari jangwani 	1
/scratch/skscla001/experiments/datasets/swagen/audio/common_voice_sw_29953039.wav	alikuwa waziri wa mambo ya nje katika vipindi viwili tofauti 	0
/scratch/skscla001/experiments/datasets/swagen/audio/common_voice_sw_32244229.wav	gusa karatasi yako 	1
/scratch/skscla001/experiments/datasets/swagen/audio/common_voice_sw_29904880.wav	sawa na wanaume vijana pia wanawake ambao wamekeketewa huvaa nguo nyeusi 	1
/scratch/skscla001/experiments/datasets/swagen/audio/common_voice_sw_28662826.wav	dutu za sehemu za siri zinaweza kutibiwa na kuondolewa kwa upasuaji mdogo 	0
/scratch/skscla001/experiments/datasets/swagen/audio/common_voice_sw_37099514.wav	kuzama kwa kisiwa cha maziwe ambacho kilikuwa mazalia ya kasa na samaki katika pwani 	1
/scratch/skscla001/experiments/datasets/swagen/audio/common_voice_sw_29864730.wav	ina umaarufu mkubwa unaotokana na kuwa na wanyama aina ya sokwe 	1
/scratch/skscla001/experiments/datasets/swagen/audio/common_voice_sw_37802415.wav	hali hatari zinazochangia ugonjwa huu 	0
/scratch/skscla001/experiments/datasets/swagen/audio/common_voice_sw_28583616.wav	alikuwa muhimu kwa harakati za haki za kiraia 	0
/scratch/skscla001/experiments/datasets/swagen/audio/common_voice_sw_31285837.wav	watu kutoka maeneo ya kongo walihamia pwani ya afrika ya mashariki 	0
/scratch/skscla001/experiments/datasets/swagen/audio/common_voice_sw_30025427.wav	alipata bahati ya kujiendeleza kielimu wakati anafanya kazi yake 	0
/scratch/skscla001/experiments/datasets/swagen/audio/common_voice_sw_29945668.wav	mavazi na bangili za mikononi bila kusahau hereni za kuvaa masikioni 	1
/scratch/skscla001/experiments/datasets/swagen/audio/common_voice_sw_36388149.wav	ametumia kifaa 	1
/scratch/skscla001/experiments/datasets/swagen/audio/common_voice_sw_35221863.wav	ndivyo ninavyo kualika kwenye makala ya wimbi la siasa 	0
/scratch/skscla001/experiments/datasets/swagen/audio/common_voice_sw_36390635.wav	m asante sana zuhra mwera mchezaji wa zamani wa mchezo wa 	1
/scratch/skscla001/experiments/datasets/swagen/audio/common_voice_sw_28669452.wav	uwanja huo uko umbali wa kilomita mbili kutoka hifadhi ya taifa ya ziwa nakuru 	1
/scratch/skscla001/experiments/datasets/swagen/audio/common_voice_sw_37084726.wav	hata hivyo serikali kadhaa huweka baadhi ya vikwazo au huchunguza 	1
/scratch/skscla001/experiments/datasets/swagen/audio/common_voice_sw_37095028.wav	niko pekee yangu na sijijui 	1
/scratch/skscla001/experiments/datasets/swagen/audio/common_voice_sw_36387493.wav	rai hiyo imetolewa jijini 	1
/scratch/skscla001/experiments/datasets/swagen/audio/common_voice_sw_29610082.wav	tabia muhimu za manowari ni kasi na kinga pamoja na uwezo wa kubeba silaha 	0
/scratch/skscla001/experiments/datasets/swagen/audio/common_voice_sw_37093688.wav	amani haiwezi kuja kwa upanga ila 	1
/scratch/skscla001/experiments/datasets/swagen/audio/common_voice_sw_29923250.wav	lakini upande wa barabara na shule kwa ajili ya elimu 	0
/scratch/skscla001/experiments/datasets/swagen/audio/common_voice_sw_36381022.wav	mtu si uzuri kwake kuitwa nyama wa mwitu 	1
/scratch/skscla001/experiments/datasets/swagen/audio/common_voice_sw_36746492.wav	kiswahili si dhaifu wa nadharia hii ni kwamba 	0
/scratch/skscla001/experiments/datasets/swagen/audio/common_voice_sw_34762718.wav	maeneo ya pwani ya afrika mashariki baadaye 	1
/scratch/skscla001/experiments/datasets/swagen/audio/common_voice_sw_30577739.wav	staftahi ni chakula cha asubuhi 	1
/scratch/skscla001/experiments/datasets/swagen/audio/common_voice_sw_37083314.wav	itokanayo na uhifadhi wa wanyamapori ama kwa kuwajengea shule zahanati au kuanzisha miradi mbalimbali 	0
/scratch/skscla001/experiments/datasets/swagen/audio/common_voice_sw_30379785.wav	kuzuia ongezeko la watu katika eneo dogo ni njia mojawapo ya utunzaji wa mazingira 	1
/scratch/skscla001/experiments/datasets/swagen/audio/common_voice_sw_34393005.wav	wanaume hunyoa nywele wanapopita hatua moja ya maisha hadi nyingine 	1
/scratch/skscla001/experiments/datasets/swagen/audio/common_voice_sw_34924782.wav	ya mataifa kutaka kuifungia anga ya libya isitumike ili kudhibiti vifo zaidi 	0
/scratch/skscla001/experiments/datasets/swagen/audio/common_voice_sw_29996713.wav	katika kipindi hiki wapiganaji wa kizazi kipya huuacha ujana na mambo yake 	1
/scratch/skscla001/experiments/datasets/swagen/audio/common_voice_sw_28669880.wav	pia wakaanza kufanya mazoezi ya wanamgambo bila usimamizi wa waingereza 	1
/scratch/skscla001/experiments/datasets/swagen/audio/common_voice_sw_31304522.wav	baada ya uhuru mwaka elfu moja mia tisa sitini na moja 	1
/scratch/skscla001/experiments/datasets/swagen/audio/common_voice_sw_29864565.wav	vigezo vilivyotumiwa kuainisha majengo ya kihstoria ni kutokana na sheria ya mambo ya kale 	1
/scratch/skscla001/experiments/datasets/swagen/audio/common_voice_sw_34895895.wav	kuna tofauti kati ya wakazi wa pemba na unguja 	0
/scratch/skscla001/experiments/datasets/swagen/audio/common_voice_sw_35284786.wav	wachambuzi wa kuheshimika walichambua mkataba wa mauaji ya kimbari 	0
/scratch/skscla001/experiments/datasets/swagen/audio/common_voice_sw_30478653.wav	waha ni kabila la watu wa tanzania wanaoishi katika mkoa wa kigoma 	1
/scratch/skscla001/experiments/datasets/swagen/audio/common_voice_sw_37223909.wav	hata hivyo ukeketaji unabakia kuwa ni kielelezo cha utamaduni 	1
/scratch/skscla001/experiments/datasets/swagen/audio/common_voice_sw_36350476.wav	vile kinyume kabisa ni kweli katika miezi 	1
/scratch/skscla001/experiments/datasets/swagen/audio/common_voice_sw_29762596.wav	iko kando ya mto rhine 	1
/scratch/skscla001/experiments/datasets/swagen/audio/common_voice_sw_30365218.wav	utalii wa kidini ni utalii mzuri ambapo watu 	1
/scratch/skscla001/experiments/datasets/swagen/audio/common_voice_sw_37084270.wav	baadhi ya watemi waliotawala himaya hizo ni pamoja na 	1
/scratch/skscla001/experiments/datasets/swagen/audio/common_voice_sw_30179698.wav	rais julius nyerere wa tanzania aliamua kumuondoa amin kabisa na jeshi la tanzania 	1
/scratch/skscla001/experiments/datasets/swagen/audio/common_voice_sw_28703646.wav	wazazi wake walikuwa kaka na dada 	0
/scratch/skscla001/experiments/datasets/swagen/audio/common_voice_sw_29572531.wav	huu ni uwanja wa kwanza wa libya 	1
/scratch/skscla001/experiments/datasets/swagen/audio/common_voice_sw_28695721.wav	alipenda kusafiri penye maonyesho makubwa kama madrid au paris 	1
/scratch/skscla001/experiments/datasets/swagen/audio/common_voice_sw_35224223.wav	kwa hiyo wameboresha zaidi wasiwe na wasiwasi wanovyokwenda kutengeneza nywele 	1
/scratch/skscla001/experiments/datasets/swagen/audio/common_voice_sw_28682619.wav	linafuata mapokeo ya antiokia na kutumia liturujia ya antiokia 	1
/scratch/skscla001/experiments/datasets/swagen/audio/common_voice_sw_30657051.wav	kiatu cha dhahabu na kombe vilieenda mjini benus aires 	1
/scratch/skscla001/experiments/datasets/swagen/audio/common_voice_sw_29997670.wav	amecheza timu tatu za taifa 	1
/scratch/skscla001/experiments/datasets/swagen/audio/common_voice_sw_30072475.wav	alisomea shahada ya ualimu katika chuo kikuu cha makerere uganda 	0
/scratch/skscla001/experiments/datasets/swagen/audio/common_voice_sw_30020733.wav	lengo kubwa ni kuongeza ubora wa ligi yao 	1
/scratch/skscla001/experiments/datasets/swagen/audio/common_voice_sw_28666689.wav	kuna vidole vitano kwa miguu ya nyuma lakini vidole vinne kwa miguu ya mbele 	0
/scratch/skscla001/experiments/datasets/swagen/audio/common_voice_sw_30364231.wav	wapinzani walimhakikishia nyerere kuwa wangeweza kukusanya wapambanaji wa kutosha 	1
/scratch/skscla001/experiments/datasets/swagen/audio/common_voice_sw_29797047.wav	magofu mengi yapo katika hifadhi ya mji mkongwe wa bagamoyo 	1
/scratch/skscla001/experiments/datasets/swagen/audio/common_voice_sw_28661946.wav	kwenye maeneo jirani na syria wako pia waarabu 	1
/scratch/skscla001/experiments/datasets/swagen/audio/common_voice_sw_36381643.wav	sisi ni watoto wa baba noah 	1
/scratch/skscla001/experiments/datasets/swagen/audio/common_voice_sw_36944823.wav	mama mjamzito anataki kupata matibabu ya malaria kwa haraka 	1
/scratch/skscla001/experiments/datasets/swagen/audio/common_voice_sw_29925771.wav	wale vijana wenye nguvu walifanyishwa kazi ngumu 	0
/scratch/skscla001/experiments/datasets/swagen/audio/common_voice_sw_30057846.wav	maandishi mengi kuhusu amini yanaeleza alizaliwa koboko au kampala 	1
/scratch/skscla001/experiments/datasets/swagen/audio/common_voice_sw_30364120.wav	mashirikisho ya soka ya mabara nayo yakaiga kutoka kwa wasimamizi wa soka duniani 	1
/scratch/skscla001/experiments/datasets/swagen/audio/common_voice_sw_29961765.wav	kwenye msitu wa amani utaweza kuona nyani weupe na bluu 	1
/scratch/skscla001/experiments/datasets/swagen/audio/common_voice_sw_28666615.wav	mwaka huohuo halmashauri mpya ilitangaza katiba mpya na kuondoa urais wa maisha 	0
/scratch/skscla001/experiments/datasets/swagen/audio/common_voice_sw_29796580.wav	wakati ilionekana kwake kuwa wanataka kujua mengi aliwasiliana na amin 	1
/scratch/skscla001/experiments/datasets/swagen/audio/common_voice_sw_30591035.wav	vito huundwa zaidi kwa uzuri wake 	0
/scratch/skscla001/experiments/datasets/swagen/audio/common_voice_sw_29997368.wav	mchanga unaohama bila upepo huko ngorongoro 	1
/scratch/skscla001/experiments/datasets/swagen/audio/common_voice_sw_37095295.wav	tutatangaza matokeo yetu na ikiwa uchaguzi utaibiwa sitarudi tena mahakamani 	1
/scratch/skscla001/experiments/datasets/swagen/audio/common_voice_sw_28683273.wav	mtakatifu huyo aliishi katika kipindi cha mageuzi cha karne za kati 	1
/scratch/skscla001/experiments/datasets/swagen/audio/common_voice_sw_30024690.wav	mtoto mchanga tangu anapozaliwa mpaka afikapo miezi 	1
/scratch/skscla001/experiments/datasets/swagen/audio/common_voice_sw_36389620.wav	ipo umbali wa kilometa thelathini na tano 	1
/scratch/skscla001/experiments/datasets/swagen/audio/common_voice_sw_30233660.wav	zamadamu alikaribiana na binadamu kwa umbile 	0
/scratch/skscla001/experiments/datasets/swagen/audio/common_voice_sw_28978792.wav	sehemu ndogo zaidi za nchi kavu ndani ya magimba ya maji huitwa kisiwa 	1
/scratch/skscla001/experiments/datasets/swagen/audio/common_voice_sw_29634532.wav	hakuna habari nyingi za hakika kuhusu maisha yake 	0
/scratch/skscla001/experiments/datasets/swagen/audio/common_voice_sw_30075447.wav	marekani ilijiunga na vita dhidi ya wajerumani 	1
/scratch/skscla001/experiments/datasets/swagen/audio/common_voice_sw_37095278.wav	ilivyo na wanyama wengi katika orodha hii bonde 	1
/scratch/skscla001/experiments/datasets/swagen/audio/common_voice_sw_29978475.wav	quran yatufahamisha kuwa ismail alikua mpole na mnyenyekevu kwa mola wake 	1
/scratch/skscla001/experiments/datasets/swagen/audio/common_voice_sw_34762875.wav	warieri wakine wasweta na waganjo wagire wakiseru wakamageta na waturi 	1
/scratch/skscla001/experiments/datasets/swagen/audio/common_voice_sw_29841705.wav	isimamia ya afghanistan marekani nao kama 	1
/scratch/skscla001/experiments/datasets/swagen/audio/common_voice_sw_30380775.wav	magufuli alijipatia shahada yake ya uzamili 	1
/scratch/skscla001/experiments/datasets/swagen/audio/common_voice_sw_29805621.wav	kombe la dunia lilifanyika nchini itali 	1
/scratch/skscla001/experiments/datasets/swagen/audio/common_voice_sw_29923877.wav	sekta hii huchangia kwa zaidi ya asilimia kumi katika ajira 	0
/scratch/skscla001/experiments/datasets/swagen/audio/common_voice_sw_29945757.wav	kesi za jinai ni kesi za jamhuri ya muungano wa tanzania 	1
/scratch/skscla001/experiments/datasets/swagen/audio/common_voice_sw_29795830.wav	aliacha kazi hiyo kutokana na sababu mbalimbali karume 	1
/scratch/skscla001/experiments/datasets/swagen/audio/common_voice_sw_36039124.wav	lakini pia ni muhimu kuakikisha usalama wa wafanyakazi wa shirika hilo 	1
/scratch/skscla001/experiments/datasets/swagen/audio/common_voice_sw_29995155.wav	lakini misitu ya acacia imebadilishwa na misitu yenye majani mapana 	1
/scratch/skscla001/experiments/datasets/swagen/audio/common_voice_sw_34765597.wav	juu ya kile ambacho kimechangia kukamatwa 	1
/scratch/skscla001/experiments/datasets/swagen/audio/common_voice_sw_36945203.wav	katika makundi mawili kundi la kwanza lilikuwa 	1
/scratch/skscla001/experiments/datasets/swagen/audio/common_voice_sw_30307738.wav	pia alishirikishwa kama atalaku kama mtu wa kutumbuiza 	0
/scratch/skscla001/experiments/datasets/swagen/audio/common_voice_sw_32244815.wav	wagonjwa wameambiwa kuboresha afya zao 	1
/scratch/skscla001/experiments/datasets/swagen/audio/common_voice_sw_30450898.wav	watu wanaopenda kufanya mazoezi coco ni nzuri kwani ina fukwe ndefu zaidi 	1
/scratch/skscla001/experiments/datasets/swagen/audio/common_voice_sw_30327290.wav	mjerumani overall aliingia kwenye orodha ya wachezaji bora 	1
/scratch/skscla001/experiments/datasets/swagen/audio/common_voice_sw_29789445.wav	utumiaji wa mbinu zinazokubalika kwa kawaida hauna haja ya kutoa hitimisho 	1
/scratch/skscla001/experiments/datasets/swagen/audio/common_voice_sw_30200641.wav	nchi nyingi za afrika na duniani zilipata uhuru wake kwa silaha 	1
/scratch/skscla001/experiments/datasets/swagen/audio/common_voice_sw_30631243.wav	unachangia pato la taifa hilo kupitia sekta mbalimbali 	1
/scratch/skscla001/experiments/datasets/swagen/audio/common_voice_sw_29943373.wav	kwa sababu vinatumia mafuta mengi ya kutoka viwandani 	1
/scratch/skscla001/experiments/datasets/swagen/audio/common_voice_sw_29799454.wav	bonde la oldupai sehemu ambayo ndio chimbuko la historia yetu 	0
/scratch/skscla001/experiments/datasets/swagen/audio/common_voice_sw_36331709.wav	wa simbamweni na kisha sehemu fulani ya mji wa sasa wa morogoro na eneo 	1
/scratch/skscla001/experiments/datasets/swagen/audio/common_voice_sw_30653818.wav	corona imechangia lionel messi kuondoka barcelona 	0
/scratch/skscla001/experiments/datasets/swagen/audio/common_voice_sw_35214150.wav	changamoto nyingine ni ukosefu wa mapato ya serikali 	0
/scratch/skscla001/experiments/datasets/swagen/audio/common_voice_sw_29240003.wav	kufunga ni moja ya nguzo tano za uislamu 	1
/scratch/skscla001/experiments/datasets/swagen/audio/common_voice_sw_36375247.wav	na zinapuuza hata shinikizo ya la kimataifa 	1
/scratch/skscla001/experiments/datasets/swagen/audio/common_voice_sw_30177380.wav	mia moja na ishirini kutoka iringa mjini 	0
/scratch/skscla001/experiments/datasets/swagen/audio/common_voice_sw_28582430.wav	na nyumba ilikuwa na wahudumu wengi kupita kiasi 	1
/scratch/skscla001/experiments/datasets/swagen/audio/common_voice_sw_35108150.wav	juliana alimuuliza daisy maswali ya mfululizo na kumfanya akose hata nguvu za kumuangalia usoni 	1
/scratch/skscla001/experiments/datasets/swagen/audio/common_voice_sw_30633154.wav	kongamano lililotangulia lilitaja washiriki wa uhifadhi wa magofu 	1
/scratch/skscla001/experiments/datasets/swagen/audio/common_voice_sw_36310858.wav	elimu na mafunzo katika uchumi bluu inapaswa kuratibiwa vizuri na vyema zaidi 	1
/scratch/skscla001/experiments/datasets/swagen/audio/common_voice_sw_37222731.wav	shuleni leo hii ni kiswahili rasmi kinachofunzwa na 	1
/scratch/skscla001/experiments/datasets/swagen/audio/common_voice_sw_29790839.wav	maumivu au usumbufu katika njia ya haja kubwa 	0
/scratch/skscla001/experiments/datasets/swagen/audio/common_voice_sw_29958418.wav	ni julius kambarage nyerere na robert gabriel mugabe 	1
/scratch/skscla001/experiments/datasets/swagen/audio/common_voice_sw_28879282.wav	alikuwa na futi sita kwa umri wa miaka sita 	1
/scratch/skscla001/experiments/datasets/swagen/audio/common_voice_sw_30114895.wav	kaburi lilipambwa kwa kusimamisha ubao mguuni na sanamu ya ubao 	1
/scratch/skscla001/experiments/datasets/swagen/audio/common_voice_sw_29615435.wav	aliwahi kucheza timu ya taifa ya tunisia 	1
/scratch/skscla001/experiments/datasets/swagen/audio/common_voice_sw_31304432.wav	hatimaye kujiunga na klabu ya simba mwaka elfu mbili na kumi na saba 	1
/scratch/skscla001/experiments/datasets/swagen/audio/common_voice_sw_29822737.wav	upana wake ni kilomita kumi na tatu 	1
/scratch/skscla001/experiments/datasets/swagen/audio/common_voice_sw_34940055.wav	sahara lilikuwa kizuizi kikuu cha mawasiliano na usafiri kati ya 	0
/scratch/skscla001/experiments/datasets/swagen/audio/common_voice_sw_28670327.wav	wakazi wa jiji ni mchanganyiko wa watu kutoka zote za dunia 	1
/scratch/skscla001/experiments/datasets/swagen/audio/common_voice_sw_30030636.wav	uchumi halisi kama sayansi ya kijamii huwa huru kutoka kwa vitendo 	0
/scratch/skscla001/experiments/datasets/swagen/audio/common_voice_sw_29947062.wav	ni mataifa ya ghana na ethiopia ambayo hayakutawaliwa na wakoloni 	1
/scratch/skscla001/experiments/datasets/swagen/audio/common_voice_sw_30183202.wav	fanya mazoezi kwenye sehemu zenye milima na uongeze uzito 	1
/scratch/skscla001/experiments/datasets/swagen/audio/common_voice_sw_30380660.wav	ndio wenye ushawishi mkubwa wa kisiasa katika jamii za pwani ya kenya 	1
/scratch/skscla001/experiments/datasets/swagen/audio/common_voice_sw_34750859.wav	la kiongozi wa ufalme wa kwimbundo karne ya kumi 	1
/scratch/skscla001/experiments/datasets/swagen/audio/common_voice_sw_29791758.wav	siku moja alisema muungano ni kama koti tu likikubana unalivua 	0
/scratch/skscla001/experiments/datasets/swagen/audio/common_voice_sw_30114387.wav	cristiano ronaldo wa madrid yake hawakufua dafu 	1
/scratch/skscla001/experiments/datasets/swagen/audio/common_voice_sw_30006740.wav	bado kwenye uwanja wa ndege wa accra ilikuwepo sanamu 	1
/scratch/skscla001/experiments/datasets/swagen/audio/common_voice_sw_30190806.wav	baada ya kuvuna unaweza kuuhifadhi uyoga kwa njia mbalimbali 	0
/scratch/skscla001/experiments/datasets/swagen/audio/common_voice_sw_37223725.wav	kuwa mikavumisuli kuishiwa nguvu 	0
/scratch/skscla001/experiments/datasets/swagen/audio/common_voice_sw_31325204.wav	mimi ni mtoto mdogo sana 	1
/scratch/skscla001/experiments/datasets/swagen/audio/common_voice_sw_30582798.wav	magufuli alisema ataendelea kumkumbuka mzee mkapa 	1
/scratch/skscla001/experiments/datasets/swagen/audio/common_voice_sw_29936717.wav	tauni inayosababisha mtoki dalili huanza kuonekana ghafla 	1
/scratch/skscla001/experiments/datasets/swagen/audio/common_voice_sw_29994875.wav	alifanya masomo ya falsafa katika seminari kuu ya peremiho songea 	1
/scratch/skscla001/experiments/datasets/swagen/audio/common_voice_sw_36373409.wav	wakereketwa wa haki za binadamu duniani wanasema kutuzwa kwa siambo 	1
/scratch/skscla001/experiments/datasets/swagen/audio/common_voice_sw_30671176.wav	wengi walitokea kumchukia idd amin katika kipindi chote cha utawala wake 	1
/scratch/skscla001/experiments/datasets/swagen/audio/common_voice_sw_36038523.wav	wa amazon toucan ya keel billed inajulikana 	0
/scratch/skscla001/experiments/datasets/swagen/audio/common_voice_sw_37088808.wav	ulianzishwa tarerhe moja mwezi wa tano 	0
/scratch/skscla001/experiments/datasets/swagen/audio/common_voice_sw_30025585.wav	kangaroo anafanana na sungura kwa mbali 	1
/scratch/skscla001/experiments/datasets/swagen/audio/common_voice_sw_28809172.wav	kinaweza kulenga wadudu wenyewe mayai au lava 	0
/scratch/skscla001/experiments/datasets/swagen/audio/common_voice_sw_30183493.wav	makabila hayo ni ya wabantu wa ziwa na yanafanana mila na desturi 	1
/scratch/skscla001/experiments/datasets/swagen/audio/common_voice_sw_28661856.wav	mwaka uliofuata vikundi vya watutsi kutoka nchi hizi za jirani walijaribu kushambulia utaratibu mpya 	1
/scratch/skscla001/experiments/datasets/swagen/audio/common_voice_sw_28667898.wav	kwa sasa anaishi jijini dar es salaam tanzania 	0
/scratch/skscla001/experiments/datasets/swagen/audio/common_voice_sw_29937520.wav	alisisitiza kwamba sehemu ya matamshi huwa na umuhimu wa kuonyesha hali kati ka tamthilia 	1
/scratch/skscla001/experiments/datasets/swagen/audio/common_voice_sw_36945700.wav	jacob alijibu kwa kumwambia watafute mahali waongee na huku wakilegeza makoo yao 	1
/scratch/skscla001/experiments/datasets/swagen/audio/common_voice_sw_36374880.wav	kiasi kwamba hakuwa na himaya maalumu ya kuishi 	1
/scratch/skscla001/experiments/datasets/swagen/audio/common_voice_sw_36331336.wav	a hivi watu hivi wanaanza kupima kurudia kwao kwenye walitoka 	1
/scratch/skscla001/experiments/datasets/swagen/audio/common_voice_sw_32243841.wav	safisha kile kiti 	1
/scratch/skscla001/experiments/datasets/swagen/audio/common_voice_sw_36388647.wav	duka lake lina wateja wengi 	1
/scratch/skscla001/experiments/datasets/swagen/audio/common_voice_sw_30327406.wav	leeds united inacheza soka safi nchini uingereza 	0
/scratch/skscla001/experiments/datasets/swagen/audio/common_voice_sw_31326729.wav	kuna mabadiliko katika matarajio ya urefu wa maisha 	1
/scratch/skscla001/experiments/datasets/swagen/audio/common_voice_sw_36375006.wav	hata hivyo wadau wa utalii mbuga ya maasai mara wanasema 	1
/scratch/skscla001/experiments/datasets/swagen/audio/common_voice_sw_29393175.wav	makao makuu yapo mbeya mjini 	0
/scratch/skscla001/experiments/datasets/swagen/audio/common_voice_sw_37089359.wav	kaa nami yesu 	1
/scratch/skscla001/experiments/datasets/swagen/audio/common_voice_sw_30329044.wav	wengine ambao hawakutakiwa ni pamoja na babu mwenyewe 	0
/scratch/skscla001/experiments/datasets/swagen/audio/common_voice_sw_35108229.wav	kama vile p squire wenzake wanamzungumziaje mbali na tathmini hiyo mwanamuziki wa kike kutoka 	0
/scratch/skscla001/experiments/datasets/swagen/audio/common_voice_sw_36945013.wav	anamiliki mashamba mengi 	1
/scratch/skscla001/experiments/datasets/swagen/audio/common_voice_sw_30364428.wav	maji kwenye mito inapungua kutokana na mvukizo 	1
/scratch/skscla001/experiments/datasets/swagen/audio/common_voice_sw_35588056.wav	uchafuzi vilivyokadiriwa na programu za ulimwenguni kote km 	0
/scratch/skscla001/experiments/datasets/swagen/audio/common_voice_sw_29925829.wav	morocco na tunisia bila kuisahau sudan na sudani kusini 	0
/scratch/skscla001/experiments/datasets/swagen/audio/common_voice_sw_30327369.wav	pia alikuwa wa kabila la wakakwa ambaye alikuwa mkatoliki 	1
/scratch/skscla001/experiments/datasets/swagen/audio/common_voice_sw_36299617.wav	ndiyo makabila ya asili ya inayoitwa leo hii musoma mjini 	1
/scratch/skscla001/experiments/datasets/swagen/audio/common_voice_sw_29897878.wav	matukio ya kwanza yalikuwa katika kikundi kidogo cha waraibu wa dawa za kulevya 	1
/scratch/skscla001/experiments/datasets/swagen/audio/common_voice_sw_30024109.wav	muundo wa bunge la muungano ulibadilika na kuanzisha viti malumu vya wanawake 	1
/scratch/skscla001/experiments/datasets/swagen/audio/common_voice_sw_29822904.wav	uchumi unaonekana kunawiri kwa kasi mno 	1
/scratch/skscla001/experiments/datasets/swagen/audio/common_voice_sw_36382212.wav	kutoka mwaka elfu moja mia tisa sitini na moja 	1
/scratch/skscla001/experiments/datasets/swagen/audio/common_voice_sw_29943421.wav	baadhi ya alama zinazopatikana katika nembo ya taifa ni 	1
/scratch/skscla001/experiments/datasets/swagen/audio/common_voice_sw_35099626.wav	vilivyoitwa jihadi vilileta mateso mengi kwa wakristo katika nchi 	0
/scratch/skscla001/experiments/datasets/swagen/audio/common_voice_sw_31306591.wav	iliwafanya wakoloni kumlazimisha nyerere kuchagua kati ya siasa na kazi ya ualimu 	1
/scratch/skscla001/experiments/datasets/swagen/audio/common_voice_sw_34763466.wav	ka la ndege la kuntas la australia limeahirisha safari za ndege 	1
/scratch/skscla001/experiments/datasets/swagen/audio/common_voice_sw_34764296.wav	maji mengi duniani maziwa mengine ni pamoja 	1
/scratch/skscla001/experiments/datasets/swagen/audio/common_voice_sw_30582880.wav	rasilimali madini ya aina mbalimbali kutoka pembezoni mwa bahari 	1
/scratch/skscla001/experiments/datasets/swagen/audio/common_voice_sw_30582848.wav	mfano taifa la algeria linauza mapiapa mengi sana 	1
/scratch/skscla001/experiments/datasets/swagen/audio/common_voice_sw_30342397.wav	sasa limezaa matunda na kumuweka rais samia katika mstari wa mbele barani afrika 	1
/scratch/skscla001/experiments/datasets/swagen/audio/common_voice_sw_29615602.wav	sehemu hizi pia huitwa rasi 	0
/scratch/skscla001/experiments/datasets/swagen/audio/common_voice_sw_30380126.wav	vijana wa kiume huvaa nguo nyeusi kwa miezi 	1
/scratch/skscla001/experiments/datasets/swagen/audio/common_voice_sw_30043856.wav	masomo ya sekondari ya awali katika seminari ya katoke biharamulo 	1
/scratch/skscla001/experiments/datasets/swagen/audio/common_voice_sw_36382131.wav	kusema lolote alilohisi ni haki yake kulitamka gaddafi alikuwa mtu aliyejivunia kuwa yeye na 	1
/scratch/skscla001/experiments/datasets/swagen/audio/common_voice_sw_30177117.wav	mambo ya ziada ya mahitaji yanayojitokeza na hupatikana katika sehemu husika 	0
/scratch/skscla001/experiments/datasets/swagen/audio/common_voice_sw_29799296.wav	wanaume wa kichagga hupendelea kufanya kazi mbali na kwao 	0
/scratch/skscla001/experiments/datasets/swagen/audio/common_voice_sw_28660883.wav	taarifa hiyo inaweza kuwa kamili au la 	1
/scratch/skscla001/experiments/datasets/swagen/audio/common_voice_sw_29796007.wav	baada ya hapo likaendesha operesheni ya kupora mali za watu 	1
/scratch/skscla001/experiments/datasets/swagen/audio/common_voice_sw_28583181.wav	uhusiano huo unaweza kuwa katika tabia hali au mazingira fulani 	1
/scratch/skscla001/experiments/datasets/swagen/audio/common_voice_sw_29904642.wav	ni heshima kubwa pindi mpiganaji anapochaguliwa 	1
/scratch/skscla001/experiments/datasets/swagen/audio/common_voice_sw_30025846.wav	hii ni kutokana na kukosa chakula wakiwa njiani 	0
/scratch/skscla001/experiments/datasets/swagen/audio/common_voice_sw_29847496.wav	muda mwingi wakisuka nywele hizo kwa stairi ya aina yake 	0
/scratch/skscla001/experiments/datasets/swagen/audio/common_voice_sw_28583743.wav	tangu mwaka huo hadi kifo chake alikuwa askofu wa jimbo la tanga 	0
/scratch/skscla001/experiments/datasets/swagen/audio/common_voice_sw_30004893.wav	huleta mabadiliko ya katiba ya kuongeza sauti ya waafrika kwa ajili ya jumuiya ndogondogo 	0
/scratch/skscla001/experiments/datasets/swagen/audio/common_voice_sw_31441017.wav	la chifu huyo wa kabila la wahehe 	1
/scratch/skscla001/experiments/datasets/swagen/audio/common_voice_sw_36374797.wav	enkephalini hushikamana nayo ina athari katika mfumo wa 	1
/scratch/skscla001/experiments/datasets/swagen/audio/common_voice_sw_36389641.wav	jicho la bi kijicho limetoboka 	1
/scratch/skscla001/experiments/datasets/swagen/audio/common_voice_sw_29805176.wav	kuna makadirio ya kwamba jumla ya watu laki moja hadi laki tano waliuawa 	1
/scratch/skscla001/experiments/datasets/swagen/audio/common_voice_sw_29789358.wav	waziri mkuu ameongeza kuwa katika kipindi cha siku mia moja 	1
/scratch/skscla001/experiments/datasets/swagen/audio/common_voice_sw_30020011.wav	inter ilishinda makombe matatu ya ligi 	1
/scratch/skscla001/experiments/datasets/swagen/audio/common_voice_sw_37226242.wav	walanguzi kuhatarisha maisha ya watoto walemavu 	1
/scratch/skscla001/experiments/datasets/swagen/audio/common_voice_sw_28246343.wav	teknolojia yake ni karibu sawa na ya bunduki isipokuwa ni ndogo 	1
/scratch/skscla001/experiments/datasets/swagen/audio/common_voice_sw_30021461.wav	mbali na filamu hiyo kuna filamu takribani kumi na moja 	1
/scratch/skscla001/experiments/datasets/swagen/audio/common_voice_sw_29938543.wav	ujasiri wao wa vita katika kupigana na wamachame uliwapa umaarufu 	1
/scratch/skscla001/experiments/datasets/swagen/audio/common_voice_sw_29608071.wav	kulikuwa na viti kwa ajili ya wazungu wahindi na waafrika 	1
/scratch/skscla001/experiments/datasets/swagen/audio/common_voice_sw_34390861.wav	abelset alikuwa na uzoefu wa miaka sita ya kusafiri 	1
/scratch/skscla001/experiments/datasets/swagen/audio/common_voice_sw_29897126.wav	uhuru alipinga uamuzi huo na hatimaye mahakama kuu ikabatilisha kura ya mombasa 	1
/scratch/skscla001/experiments/datasets/swagen/audio/common_voice_sw_35964212.wav	wamasai walio wengi bado wameendelea na desturi hiyo 	1
/scratch/skscla001/experiments/datasets/swagen/audio/common_voice_sw_34391813.wav	kumi akigombea kwa chama cha mapinduzitarehe kumi na tisa mwezi wa kumi na 	1
/scratch/skscla001/experiments/datasets/swagen/audio/common_voice_sw_35104628.wav	pengine kusiwe na kinyongo ame amenifurahisha sana profesa 	0
/scratch/skscla001/experiments/datasets/swagen/audio/common_voice_sw_36383737.wav	aa hapa idhaa ya kiswahili ya redio france international 	1
/scratch/skscla001/experiments/datasets/swagen/audio/common_voice_sw_35683126.wav	wao ni wengi mno 	1
/scratch/skscla001/experiments/datasets/swagen/audio/common_voice_sw_29970007.wav	hifadhi inajumuisha misitu ya mvua na ardhi ya nyasi n 	0
/scratch/skscla001/experiments/datasets/swagen/audio/common_voice_sw_31304405.wav	wasanii wengi walitumia warsha hizi na kuanzisha blogi zao na kuandika makala 	1
/scratch/skscla001/experiments/datasets/swagen/audio/common_voice_sw_30671442.wav	hadi kufikia mwaka wa elfu mbili na kumi 	1
/scratch/skscla001/experiments/datasets/swagen/audio/common_voice_sw_36318717.wav	ujeruhi wengine mia moja na thelathini 	1
/scratch/skscla001/experiments/datasets/swagen/audio/common_voice_sw_31304575.wav	asili yake ni kutoka kwa wanawake wa zanzibar katika karne ya kumi na tisa 	1
/scratch/skscla001/experiments/datasets/swagen/audio/common_voice_sw_28694298.wav	nasaba ya watawala wa japani ni nasaba ya kale zaidi duniani 	1
/scratch/skscla001/experiments/datasets/swagen/audio/common_voice_sw_28966130.wav	hapo awali milo ilipatikana katika ureno na brazili 	1
/scratch/skscla001/experiments/datasets/swagen/audio/common_voice_sw_29902798.wav	ngao ya barafu ilikuwa na kilomita za mraba kumi na mbili 	1
/scratch/skscla001/experiments/datasets/swagen/audio/common_voice_sw_29897686.wav	zikitimia jumla ya halmashauri nane za mkoa wa ruvuma 	1
/scratch/skscla001/experiments/datasets/swagen/audio/common_voice_sw_29995584.wav	huwezi kuwataja wapigania uhuru wa bara la afrika 	1
/scratch/skscla001/experiments/datasets/swagen/audio/common_voice_sw_31304499.wav	msisitizo katika ukombozi wa barani afrika na mapambano dhidi ya ubeberu na vibaraka wao 	1
/scratch/skscla001/experiments/datasets/swagen/audio/common_voice_sw_31409225.wav	argentina waliwafunga brazil kwenye fainali za kopa amerika 	1
/scratch/skscla001/experiments/datasets/swagen/audio/common_voice_sw_29927211.wav	wazazi au walezi wengine wajadiliane na watoto wao kuhusu mahusiano na ngono 	1
/scratch/skscla001/experiments/datasets/swagen/audio/common_voice_sw_36373770.wav	pia kuweka kizuia mikononi mwake akiwa akipiga kelele 	1
/scratch/skscla001/experiments/datasets/swagen/audio/common_voice_sw_29896063.wav	vilele vya juu ni mlima mtingire na mlima kimhandu 	1
/scratch/skscla001/experiments/datasets/swagen/audio/common_voice_sw_36381427.wav	matokeo kamili yanatanzamiwa kutangazwa mwezi ujao na ikiwa hali itasalia kuwa kama ilivyo sasa 	1
/scratch/skscla001/experiments/datasets/swagen/audio/common_voice_sw_30368543.wav	katika jaribio la mapinduzi ambalo lilishindwa na jaribio hilo 	0
/scratch/skscla001/experiments/datasets/swagen/audio/common_voice_sw_30364060.wav	luther alianza kuelewa kwamba haki ya mungu si sheria yake 	0
/scratch/skscla001/experiments/datasets/swagen/audio/common_voice_sw_31304437.wav	hayati daktari magufuli alichaguliwa kuwa waziri wa kilimo 	1
/scratch/skscla001/experiments/datasets/swagen/audio/common_voice_sw_30243287.wav	japo pia neno hili shahi linamaanisha kabila la wakurya 	0
/scratch/skscla001/experiments/datasets/swagen/audio/common_voice_sw_30653699.wav	wageni wakatuhadaa na kutulaghai kwamba ya kwetu yote yalikuwa si mema 	0
/scratch/skscla001/experiments/datasets/swagen/audio/common_voice_sw_29988510.wav	lakini watu walishikwa kama watumwa mpaka mwanzo wa karne ya ishirini 	1
/scratch/skscla001/experiments/datasets/swagen/audio/common_voice_sw_31997620.wav	yule kwa kuunda kiti kwa kuunda jahazi ni namba moja 	0
/scratch/skscla001/experiments/datasets/swagen/audio/common_voice_sw_30579126.wav	jumanne lume mwiru ambaye alifunguliwa kesi na wenzake kwa kosa la uzembe 	1
/scratch/skscla001/experiments/datasets/swagen/audio/common_voice_sw_29516703.wav	kuna pia viwanda vya nguo 	1
/scratch/skscla001/experiments/datasets/swagen/audio/common_voice_sw_31304420.wav	katika somo hili 	1
/scratch/skscla001/experiments/datasets/swagen/audio/common_voice_sw_30021184.wav	watalii wa ndani wakitembelea kisiwa hicho hulipa shilingi elfu tatu 	0
/scratch/skscla001/experiments/datasets/swagen/audio/common_voice_sw_30025208.wav	wengi wakikutana nae sehemu hiyo siyo rahisi kumtambua 	1
/scratch/skscla001/experiments/datasets/swagen/audio/common_voice_sw_30566817.wav	kifo cha sultani kilisababisha kudidimia kwa maendeleo ya mzizima 	0
/scratch/skscla001/experiments/datasets/swagen/audio/common_voice_sw_28811327.wav	serikali za china na wakati wa vita pia japan walifanya mipango ya ujenzi 	1
/scratch/skscla001/experiments/datasets/swagen/audio/common_voice_sw_28681014.wav	watu waliopo katika eneo la kivuli chake wanaona kupatwa kwa jua 	1
/scratch/skscla001/experiments/datasets/swagen/audio/common_voice_sw_29593678.wav	lakini je hiari yetu ni kamili 	1
/scratch/skscla001/experiments/datasets/swagen/audio/common_voice_sw_36382631.wav	benki itawezesha mfumo thabiti wa kufanya malipo 	1
/scratch/skscla001/experiments/datasets/swagen/audio/common_voice_sw_36310767.wav	ulinifia mwokozi wangu 	1
/scratch/skscla001/experiments/datasets/swagen/audio/common_voice_sw_30024780.wav	watu waliamini pep atabaki nyumbani barcelona 	1
/scratch/skscla001/experiments/datasets/swagen/audio/common_voice_sw_28863466.wav	chini yake kuna majimbo mawili katika nchi hiyohiyo 	1
/scratch/skscla001/experiments/datasets/swagen/audio/common_voice_sw_29904643.wav	machozi na vilio vilitanda nchi mzima 	1
/scratch/skscla001/experiments/datasets/swagen/audio/common_voice_sw_29796869.wav	kanisa katoliki mara moja lilipoteza nafasi ya upendeleo 	1
/scratch/skscla001/experiments/datasets/swagen/audio/common_voice_sw_37091627.wav	carla alikuwa aina tofauti 	1
/scratch/skscla001/experiments/datasets/swagen/audio/common_voice_sw_29799382.wav	alikuwa anaongoza kwenye orodha ya makocha wanaolipwa vizuri 	0
/scratch/skscla001/experiments/datasets/swagen/audio/common_voice_sw_28306063.wav	sikukuu yake huadhimishwa na wakatoliki waorthodoksi na waanglikana tarehe ya kifo chake 	1
/scratch/skscla001/experiments/datasets/swagen/audio/common_voice_sw_30026647.wav	inahusu eneo la afrika mashariki ambalo wakazi wake leo wanaunda jamhuri ya kenya 	0
/scratch/skscla001/experiments/datasets/swagen/audio/common_voice_sw_36013453.wav	dokta living stone alikuja katika mwambao wa afrika ya mashariki 	1
/scratch/skscla001/experiments/datasets/swagen/audio/common_voice_sw_29798627.wav	hoteli na maeneo ya kufanyia mazoezi 	0
/scratch/skscla001/experiments/datasets/swagen/audio/common_voice_sw_31285516.wav	alipenda sana kuwapa watoto furaha katika maisha yake 	0
/scratch/skscla001/experiments/datasets/swagen/audio/common_voice_sw_31321717.wav	lakini huko geita katika mkoa wa geita 	1
/scratch/skscla001/experiments/datasets/swagen/audio/common_voice_sw_28877985.wav	eneo hili liko katikati ya hawaii na australia 	1
/scratch/skscla001/experiments/datasets/swagen/audio/common_voice_sw_29822618.wav	uchimbaji wa madini ya kobalti unatoa fursa nyingi sana kwa taifa hilo 	1
/scratch/skscla001/experiments/datasets/swagen/audio/common_voice_sw_30143802.wav	wengi wao hawaamini kuwa blob anaweza kutatua migogoro 	1
/scratch/skscla001/experiments/datasets/swagen/audio/common_voice_sw_29865105.wav	kutokana na vurugu hizo zilizokuwa zikifanywa na wakamba 	1
/scratch/skscla001/experiments/datasets/swagen/audio/common_voice_sw_35409068.wav	akiwatolea huduma zake panteno wa chuo cha aleksandria alikwenda india 	1
/scratch/skscla001/experiments/datasets/swagen/audio/common_voice_sw_30307688.wav	abooud jumbe alichaguliwa kuwa rais wa zanzibar 	1
/scratch/skscla001/experiments/datasets/swagen/audio/common_voice_sw_29941493.wav	sasa ukimzungumzia oprah winfrey unamzungumzia mwanamke tajiri duniani 	1
/scratch/skscla001/experiments/datasets/swagen/audio/common_voice_sw_34835479.wav	mkoa huu ulikuwa na majimbo ya uchaguzi ambayo ni geita mjini 	0
/scratch/skscla001/experiments/datasets/swagen/audio/common_voice_sw_32323898.wav	lulu humilikiwa na vachu matajiri nno na ina thamani sana 	1
/scratch/skscla001/experiments/datasets/swagen/audio/common_voice_sw_29988192.wav	takriban laki saba na elfu hamsini upande wa tanzania 	1
/scratch/skscla001/experiments/datasets/swagen/audio/common_voice_sw_30090747.wav	mourinho hajali wala hana habari na mtu 	1
/scratch/skscla001/experiments/datasets/swagen/audio/common_voice_sw_30176823.wav	kwa miaka kadhaa alikaa guinea na baadae akapelekwa huko romania 	0
/scratch/skscla001/experiments/datasets/swagen/audio/common_voice_sw_29963078.wav	hifadhi ya taifa ya ziwa manyara ilianzishwa elfu moja mia tisa na sitini 	1
/scratch/skscla001/experiments/datasets/swagen/audio/common_voice_sw_35279576.wav	ikiwa ni pamoja na wasiwasi wa kusambaa kwa ugonjwa cholera 	0
/scratch/skscla001/experiments/datasets/swagen/audio/common_voice_sw_30470966.wav	kupunguza idadi ya washambuliaji na kuongeza beki au viungo wakabaji 	1
/scratch/skscla001/experiments/datasets/swagen/audio/common_voice_sw_37223159.wav	yenyewe bila kupandwa na binadamu na pia 	0
/scratch/skscla001/experiments/datasets/swagen/audio/common_voice_sw_30182996.wav	kwa hiyo ni sehemu au sekta inayotoa mchango mkubwa kwa jamii 	1
/scratch/skscla001/experiments/datasets/swagen/audio/common_voice_sw_30520125.wav	wananchi wanashauriwa kutoshirikiana na wahalifu wa ujangili 	1
/scratch/skscla001/experiments/datasets/swagen/audio/common_voice_sw_34597670.wav	mahindi ni asilimia kumi na mbili hadi asilimia thelathini na tisa 	0
/scratch/skscla001/experiments/datasets/swagen/audio/common_voice_sw_29905234.wav	unaweza pia tumia kiungo hiki kutumia amazon wakati wowote 	1
/scratch/skscla001/experiments/datasets/swagen/audio/common_voice_sw_29788177.wav	ni milionea tajika afrika akizaliwa visiwani zanzibar tanzania 	1
/scratch/skscla001/experiments/datasets/swagen/audio/common_voice_sw_30668389.wav	sir alex ferguson aliwahi kusema barcelona inatisha 	1
/scratch/skscla001/experiments/datasets/swagen/audio/common_voice_sw_34762883.wav	kisha huzaa mtoto mmoja tu twiga ni baadhi ya wanyama wachache wanao zaa wakiwa 	1
/scratch/skscla001/experiments/datasets/swagen/audio/common_voice_sw_30203825.wav	tarehe kumi mwezi wa kumi na mbili 	1
/scratch/skscla001/experiments/datasets/swagen/audio/common_voice_sw_29948454.wav	blia kusahau halmashauri ya wilaya ya chato na halmasahauri ya mji wa geita 	1
/scratch/skscla001/experiments/datasets/swagen/audio/common_voice_sw_34977502.wav	hiyo ndiyo ilikuwa sababu ya jacob kutaka kujua hilo 	0
/scratch/skscla001/experiments/datasets/swagen/audio/common_voice_sw_30634763.wav	hivyo kuwa kivutio kikubwa kwa watalii wa ndani na nje ya nchi 	1
/scratch/skscla001/experiments/datasets/swagen/audio/common_voice_sw_29938778.wav	mara nyingi watu walimwita mwalimu nyerere 	1
/scratch/skscla001/experiments/datasets/swagen/audio/common_voice_sw_29796182.wav	bonde la mto naili ni maarufu kwa kilimo cha matikiti na mimea aina mbalimbali 	1
/scratch/skscla001/experiments/datasets/swagen/audio/common_voice_sw_36616109.wav	nitaona kama itawezekana 	0
/scratch/skscla001/experiments/datasets/swagen/audio/common_voice_sw_36640749.wav	utapata kwamba moyo wako wadunda haraka kuliko kawaida 	0
/scratch/skscla001/experiments/datasets/swagen/audio/common_voice_sw_36616509.wav	ni muhimu katika kusimamia utoaji haki nchini 	0
/scratch/skscla001/experiments/datasets/swagen/audio/common_voice_sw_30661050.wav	walinyamaza hadi wajerumani walipotembea kwa umbo la safu ndefu 	1
/scratch/skscla001/experiments/datasets/swagen/audio/common_voice_sw_29937102.wav	ulikuwa asilimia hamsini za wastani wa wamarekani 	1
/scratch/skscla001/experiments/datasets/swagen/audio/common_voice_sw_29623344.wav	jina hilo linatokana na neno la kwanza la wimbo huo katika tafsiri ya kilatini 	1
/scratch/skscla001/experiments/datasets/swagen/audio/common_voice_sw_29488570.wav	baada ya kuishi muda mfupi kama mkaapweke alianzisha shirika la masista wa familia takatifu 	0
/scratch/skscla001/experiments/datasets/swagen/audio/common_voice_sw_31858725.wav	wote wadhima 	1
/scratch/skscla001/experiments/datasets/swagen/audio/common_voice_sw_30091394.wav	mkwawa alisikia habari za wajerumani akajaribu kuwasiliana nao lakini hawakuelewana 	1
/scratch/skscla001/experiments/datasets/swagen/audio/common_voice_sw_30326798.wav	ndipo hupelekwa kusoma elimu dunia siyo kwamba wao 	1
/scratch/skscla001/experiments/datasets/swagen/audio/common_voice_sw_37090665.wav	kati ya makundi katika jamii mapinduzi ya kiteknolojia ya 	1
/scratch/skscla001/experiments/datasets/swagen/audio/common_voice_sw_29936890.wav	serikali za mitaa ziliondolewa na kuanza utawala mijini 	1
/scratch/skscla001/experiments/datasets/swagen/audio/common_voice_sw_34745158.wav	siku ya furaha 	0
/scratch/skscla001/experiments/datasets/swagen/audio/common_voice_sw_31356166.wav	ukeketaji ni haramu nchini kenya na tanzania na huleta ukosoaji 	1
/scratch/skscla001/experiments/datasets/swagen/audio/common_voice_sw_34746051.wav	ambayo inahusisha kuomba msamaha wa dhatiwamasai humwabudu mungu pekee nao humwita enkai au 	0
/scratch/skscla001/experiments/datasets/swagen/audio/common_voice_sw_30017187.wav	maamuzi aliyefanya kiongozi huyo aliwashangaza watu wengi 	1
/scratch/skscla001/experiments/datasets/swagen/audio/common_voice_sw_31433454.wav	kumbukumbu ya wenyeji ina habari ya mlipuko mnamo mwaka elfu moja mia saba thelathini 	1
/scratch/skscla001/experiments/datasets/swagen/audio/common_voice_sw_36013775.wav	mkate ulinunuliwa jana 	1
/scratch/skscla001/experiments/datasets/swagen/audio/common_voice_sw_35376522.wav	pia kuna mazao ya biashara ya kahawa chai na tumbaku 	1
/scratch/skscla001/experiments/datasets/swagen/audio/common_voice_sw_37097520.wav	kuanzia mwaka elfu moja mia saba themanini na nne 	1
/scratch/skscla001/experiments/datasets/swagen/audio/common_voice_sw_36385925.wav	aina nyingine ya unyanyapaaji ni unyanyapaaji wa kihisani 	1
/scratch/skscla001/experiments/datasets/swagen/audio/common_voice_sw_36385645.wav	wao kama watawala wadogo mahali pa mamabaadaye mzee mbegha alikaa pamoja na wazee 	1
/scratch/skscla001/experiments/datasets/swagen/audio/common_voice_sw_31304413.wav	mama waja wazito wote wanaodhani kuwa wameambukizwa 	1
/scratch/skscla001/experiments/datasets/swagen/audio/common_voice_sw_30209891.wav	wamasai wana makazi yao sehemu za kusini mwa kenya 	1
/scratch/skscla001/experiments/datasets/swagen/audio/common_voice_sw_29351599.wav	makampuni haya yalikuwa na athira kubwa 	0
/scratch/skscla001/experiments/datasets/swagen/audio/common_voice_sw_30257064.wav	morocco walifungwa na tunisia kwenye hatua ya fainali 	1
/scratch/skscla001/experiments/datasets/swagen/audio/common_voice_sw_28690554.wav	kilikuwa kitovu cha utawala hadi utawala wa kiroma juu ya misri 	1
/scratch/skscla001/experiments/datasets/swagen/audio/common_voice_sw_30033820.wav	kidato cha sita alimalizia katika sekondari ya mkwawa mkoani iringa 	0
/scratch/skscla001/experiments/datasets/swagen/audio/common_voice_sw_30364480.wav	hawakurudi morogoro wale waliorejea morogoro waliulizwa walikowaacha wenzao 	1
/scratch/skscla001/experiments/datasets/swagen/audio/common_voice_sw_31406007.wav	vijana wa taifa hilo wanafanya kazi katika migodi hiyo 	0
/scratch/skscla001/experiments/datasets/swagen/audio/common_voice_sw_29796576.wav	mji mkongwe wa bagamoyo unakadiriwa kuanza kutukuka 	1
/scratch/skscla001/experiments/datasets/swagen/audio/common_voice_sw_29293157.wav	vita ya ukombozi ilileta uharibifu mwingi 	1
/scratch/skscla001/experiments/datasets/swagen/audio/common_voice_sw_37229703.wav	usisahau kwamba pele ni mmoja kati ya wachezaji wanne duniani 	1
/scratch/skscla001/experiments/datasets/swagen/audio/common_voice_sw_30630934.wav	kama ilivyo kwa makabila mengine wapare wamepiga hatua kwenye maendeleo kielimu kisiasa na kichumi 	1
/scratch/skscla001/experiments/datasets/swagen/audio/common_voice_sw_30180409.wav	mshambuliaji wa kimataifa wa uganda emmanuel okwi ameweka historia kubwa uwanja wa taifa 	1
/scratch/skscla001/experiments/datasets/swagen/audio/common_voice_sw_30090789.wav	wanaogopa kushusha heshima zao walizozitengeneza 	1
/scratch/skscla001/experiments/datasets/swagen/audio/common_voice_sw_36617476.wav	imechukua hatua kali ili kupunguza uchafuzi wa hewa na ubora wake wa 	0
/scratch/skscla001/experiments/datasets/swagen/audio/common_voice_sw_30114433.wav	mandela alizaliwa katika mji mdogo wa transkei 	1
/scratch/skscla001/experiments/datasets/swagen/audio/common_voice_sw_30021556.wav	songoa jiwe likaitwa mkumba vana pia na mfinga ya kikweni 	1
/scratch/skscla001/experiments/datasets/swagen/audio/common_voice_sw_30321999.wav	kitendo hicho hakikumfurahisha raisi wa kwanza wa tanzania 	1
/scratch/skscla001/experiments/datasets/swagen/audio/common_voice_sw_29791451.wav	bobby charlton na bobby moore walikuwa bora sana 	0
/scratch/skscla001/experiments/datasets/swagen/audio/common_voice_sw_36644643.wav	makala yetu ya siha njema juma hili 	0
/scratch/skscla001/experiments/datasets/swagen/audio/common_voice_sw_35109643.wav	kwani kufanya mambo mema ni bora zaidi kuliko kufanya dhambi za dunia 	0
/scratch/skscla001/experiments/datasets/swagen/audio/common_voice_sw_30327063.wav	kupiti ziwa nyasa mkoani ruvuma kusini mwa nchi 	1
/scratch/skscla001/experiments/datasets/swagen/audio/common_voice_sw_29943272.wav	wajerumani walishambulia ufaransa kwa kutumia mbinu ya kupitia uholanzi 	1
/scratch/skscla001/experiments/datasets/swagen/audio/common_voice_sw_30121725.wav	wasambaa wamegawanyika katika koo mbalimbali ndani ya jamii zao 	1
/scratch/skscla001/experiments/datasets/swagen/audio/common_voice_sw_29573132.wav	utaalamu wake ulikuwa hasa upande wa fizikia na kemia 	1
/scratch/skscla001/experiments/datasets/swagen/audio/common_voice_sw_36386423.wav	na wazo lingine linalodai kwamba katika vipindi kongwe vilivyopata kuwako sehemu za pwani ya 	1
/scratch/skscla001/experiments/datasets/swagen/audio/common_voice_sw_29795930.wav	si mataifa yote yalikubaliana na matakwa ya uingereza ya kukomesha biashara ya utumwa 	1
/scratch/skscla001/experiments/datasets/swagen/audio/common_voice_sw_36383647.wav	wakaibatiza siku hiyo kuwa ni siku ya fukuto la kukata kiu 	1
/scratch/skscla001/experiments/datasets/swagen/audio/common_voice_sw_36386215.wav	wenyeji wanaiita deutschland tamka na jina hilo limeingia 	1
/scratch/skscla001/experiments/datasets/swagen/audio/common_voice_sw_29959736.wav	mgogoro mwingine baada ya mazishi ya madiba unahusu suala la jina 	0
/scratch/skscla001/experiments/datasets/swagen/audio/common_voice_sw_29183090.wav	zilikuwa na maandishi ya kiarabu upande mmoja na maandishi ya kijerumani nyuma yake 	1
/scratch/skscla001/experiments/datasets/swagen/audio/common_voice_sw_29603244.wav	hata hivyo watu wa liberia huongea kiingereza sana 	0
/scratch/skscla001/experiments/datasets/swagen/audio/common_voice_sw_29787911.wav	hadhi ya mji wa dar es salaam ilipandishwa kuwa ya manispaa 	1
/scratch/skscla001/experiments/datasets/swagen/audio/common_voice_sw_34764203.wav	mahojiano yaliyorekodiwa yanaweza kuhusisha maswali magumu 	1
/scratch/skscla001/experiments/datasets/swagen/audio/common_voice_sw_30650332.wav	ni pamoja na mers yaliyozuka mwanzoni mwa miaka ya elfu mbili 	1
/scratch/skscla001/experiments/datasets/swagen/audio/common_voice_sw_30579044.wav	hii ya mwisho inaweza ikahitaji mjadala kidogo 	1
/scratch/skscla001/experiments/datasets/swagen/audio/common_voice_sw_37094143.wav	sabato haikufanyika kwa ajili ya wana wa israeli pekee bali kwa ajili ya adam 	1
/scratch/skscla001/experiments/datasets/swagen/audio/common_voice_sw_37096308.wav	wakati wa vita kuu ya kwanza ya duniaa hakushiriki katika vita ya 	0
/scratch/skscla001/experiments/datasets/swagen/audio/common_voice_sw_34917864.wav	babu alinihadhithia hadithi 	0
/scratch/skscla001/experiments/datasets/swagen/audio/common_voice_sw_36299737.wav	na wamarekani nimejifunza kuwa 	1
/scratch/skscla001/experiments/datasets/swagen/audio/common_voice_sw_37094199.wav	lakini ulisogezwa mbele kwa juma moja ili kukamilisha 	0
/scratch/skscla001/experiments/datasets/swagen/audio/common_voice_sw_35123752.wav	katika utu wa ndani na ukiona umbile lako ni geugeu panda juu yako lakini 	0
/scratch/skscla001/experiments/datasets/swagen/audio/common_voice_sw_30247306.wav	heshima ya ferguson duniani ni kubwa 	0
/scratch/skscla001/experiments/datasets/swagen/audio/common_voice_sw_30215536.wav	yaliyotegemea uelekeo wa kuvuma kwa upepo ili wasafirishe malighafi hizo zilizovunwa afrika 	1
/scratch/skscla001/experiments/datasets/swagen/audio/common_voice_sw_36385376.wav	sema vizuri nikuskie kwa masikio yangu 	1
/scratch/skscla001/experiments/datasets/swagen/audio/common_voice_sw_30334849.wav	anatajwa kuwa ndiye chachu ya timu hiyo kuitwa jina la simba 	1
/scratch/skscla001/experiments/datasets/swagen/audio/common_voice_sw_30162346.wav	baba yake alifariki kwa mpasuko wa moyo 	1
/scratch/skscla001/experiments/datasets/swagen/audio/common_voice_sw_29612883.wav	alianza kufanya muziki kwa kuimba kisha alianza kuandika nyimbo kutoka shuleni 	0
/scratch/skscla001/experiments/datasets/swagen/audio/common_voice_sw_36383734.wav	wanyambo wanasema tulitokana na kizazi cha kanyambo mtoto wa ruhanga 	1
/scratch/skscla001/experiments/datasets/swagen/audio/common_voice_sw_37093792.wav	ilipobainika kuwa alikuwa akifadhili mafunzo kwa makundi ya kigaidi ambayo yalikuwa hatari sana kwa 	1
/scratch/skscla001/experiments/datasets/swagen/audio/common_voice_sw_37223969.wav	hutoa ufahamu wenye kusisimua katika mvuto wa mji wa asia 	0
/scratch/skscla001/experiments/datasets/swagen/audio/common_voice_sw_28682899.wav	hakuna vipimo vya umbali zaidi ya kutaja muda wa mwendo 	1
/scratch/skscla001/experiments/datasets/swagen/audio/common_voice_sw_29795405.wav	ushirikiano wa richard turnbull ulisaidia kupata uhuru 	1
/scratch/skscla001/experiments/datasets/swagen/audio/common_voice_sw_30470811.wav	tangu ugonjwa wa ukimwi ulipogunduliwa miaka ya elfu moja mia tisa na themanini 	1
/scratch/skscla001/experiments/datasets/swagen/audio/common_voice_sw_29791294.wav	tanzania ilihitaji wasimamizi bora wa mali ghafi 	0
/scratch/skscla001/experiments/datasets/swagen/audio/common_voice_sw_30582812.wav	mwinyi alikuwa kiongozi mpenda amani sana 	1
/scratch/skscla001/experiments/datasets/swagen/audio/common_voice_sw_35683509.wav	mkubwa kutoka kwa makamu wa rais saulos chilima rais wa zamani joyce banda na 	1
/scratch/skscla001/experiments/datasets/swagen/audio/common_voice_sw_28682875.wav	babake alikuwa mwanamuziki katika bendi la jeshi la mtemi 	1
/scratch/skscla001/experiments/datasets/swagen/audio/common_voice_sw_30114392.wav	sauti ambazo zilikuwa hazipewi kipaumbele kwa muda mrefu 	1
/scratch/skscla001/experiments/datasets/swagen/audio/common_voice_sw_28714514.wav	kwa muda mrefu wa historia yake austria ilihesabiwa kama sehemu ya ujerumani 	0
/scratch/skscla001/experiments/datasets/swagen/audio/common_voice_sw_29795530.wav	zaidi ya elfu thelathini kwa eneo lake zima 	1
/scratch/skscla001/experiments/datasets/swagen/audio/common_voice_sw_30334820.wav	mji wa bagamoyo ulihusishwa na biashara ya masafa marefu 	1
/scratch/skscla001/experiments/datasets/swagen/audio/common_voice_sw_34941788.wav	matamu yote duniani yasiyo barafu ziwa kubwa 	0
/scratch/skscla001/experiments/datasets/swagen/audio/common_voice_sw_30364992.wav	alijitolea maisha yake na ujana wake wote katika kupigania haki 	0
/scratch/skscla001/experiments/datasets/swagen/audio/common_voice_sw_35107949.wav	na mara hii kuna taarifa kuhusiana na suala la wachezaji 	0
/scratch/skscla001/experiments/datasets/swagen/audio/common_voice_sw_34924488.wav	huo ulikuwa ni mfano wa imani yake katika masuala ya diplomasia 	0
/scratch/skscla001/experiments/datasets/swagen/audio/common_voice_sw_36368149.wav	maishani wakifuata dini ya watawala masharti ya kujiunga na 	1
/scratch/skscla001/experiments/datasets/swagen/audio/common_voice_sw_28670014.wav	maelezo ya chini 	1
/scratch/skscla001/experiments/datasets/swagen/audio/common_voice_sw_29898553.wav	ufundi na usanifu majengo katika mji huu mkongwe ulitokana na pande hizo nne zilizo 	1
/scratch/skscla001/experiments/datasets/swagen/audio/common_voice_sw_30181694.wav	kasi ya usambazaji hutegemea aina ya kimelea pia mbu msambazaji binadamu anayeumwa na mazingira 	1
/scratch/skscla001/experiments/datasets/swagen/audio/common_voice_sw_28582717.wav	pwani hizo zilikuwa mapema sehemu ya biashara ya kimataifa katika bahari hindi 	1
/scratch/skscla001/experiments/datasets/swagen/audio/common_voice_sw_37215426.wav	kutoka nje yanaweza kupata leseni ya biashara 	0
/scratch/skscla001/experiments/datasets/swagen/audio/common_voice_sw_29903376.wav	mila na desturi zake ambazo ndizo miongozo na dira 	1
/scratch/skscla001/experiments/datasets/swagen/audio/common_voice_sw_29897730.wav	kwani palihatarisha uwepo wa kabila kwa siku za baadae 	1
/scratch/skscla001/experiments/datasets/swagen/audio/common_voice_sw_35104587.wav	asi ya jumuiya ya kimatifa kwenye masuala kama haya inapotokea 	0
/scratch/skscla001/experiments/datasets/swagen/audio/common_voice_sw_30624118.wav	historia yake inawavutia watu wengi kufanya utafiti 	0
/scratch/skscla001/experiments/datasets/swagen/audio/common_voice_sw_36310672.wav	lucky dube alirekodi albamu ishirini na mbili katika lugha ya kizulu 	1
/scratch/skscla001/experiments/datasets/swagen/audio/common_voice_sw_28696300.wav	walitumia ngamia farasi punda au wanyama wengine katika kuendeleza biashara ya misafara 	0
/scratch/skscla001/experiments/datasets/swagen/audio/common_voice_sw_29996075.wav	karol alikuwa golikipa wakati alipokuwa anacheza mpira 	1
/scratch/skscla001/experiments/datasets/swagen/audio/common_voice_sw_28670570.wav	kuna vijiji viwili tu kisiwani 	1
/scratch/skscla001/experiments/datasets/swagen/audio/common_voice_sw_28670618.wav	pia wana ofisi katika mabara mengine 	1
/scratch/skscla001/experiments/datasets/swagen/audio/common_voice_sw_29896836.wav	hapo munyigumba akakasirika na kuamua kumfukuza sekinyaga na mwanawe 	1
/scratch/skscla001/experiments/datasets/swagen/audio/common_voice_sw_28855832.wav	mojawapo ya changamoto tunayokabiliana nayo katika mpango huu ni kupata tafsiri mwafaka ya maneno 	1
/scratch/skscla001/experiments/datasets/swagen/audio/common_voice_sw_29798536.wav	kila mtu aliguswa kwa namna yake kwa sababu midomo ilibaki wazi 	0
/scratch/skscla001/experiments/datasets/swagen/audio/common_voice_sw_29752935.wav	kiko upande wa kusini magharibi wa kisiwa cha hao 	1
/scratch/skscla001/experiments/datasets/swagen/audio/common_voice_sw_29904775.wav	karibu na ziwa viktoria kuna tambarare yenye mafuriko yaliyotokana na matandiko ya ziwa 	1
/scratch/skscla001/experiments/datasets/swagen/audio/common_voice_sw_28670228.wav	vyanzo vya kisasa vya ugiriki na vya kirumi viliichukulia vibaya kama jina 	1
/scratch/skscla001/experiments/datasets/swagen/audio/common_voice_sw_28993473.wav	pamoja na hayo mwenyewe aliendelea kutunga vitabu mbalimbali 	1
/scratch/skscla001/experiments/datasets/swagen/audio/common_voice_sw_36383634.wav	alifunga pingu ya maisha na bwana hafidh ameir 	1
/scratch/skscla001/experiments/datasets/swagen/audio/common_voice_sw_30233707.wav	imani ya kuwapo mizimu iliondoka kwa asilimia kubwa 	1
/scratch/skscla001/experiments/datasets/swagen/audio/common_voice_sw_36374942.wav	pneumonia ni maambukizi yanayojitokeza kwenye mapafu 	1
/scratch/skscla001/experiments/datasets/swagen/audio/common_voice_sw_29796948.wav	na hawakuambiwa kuwa wanakwenda kulima mkonge walikubali na hatimaye hawakukuta hata kimoja 	0
/scratch/skscla001/experiments/datasets/swagen/audio/common_voice_sw_30016500.wav	bila kusahau kiteto na simanjiro zinazokamilisha jumla ya wilaya tano za mkoa wa manyara 	1
/scratch/skscla001/experiments/datasets/swagen/audio/common_voice_sw_37087186.wav	kanali seif bakari alikuwa mkuu wa usalama wa taifa zanzibar 	0
/scratch/skscla001/experiments/datasets/swagen/audio/common_voice_sw_30353484.wav	alizikwa kijiji cha butiama huko musoma 	0
/scratch/skscla001/experiments/datasets/swagen/audio/common_voice_sw_30654199.wav	ndipo kipaji chake cha utangazaji kilipojulikana 	1
/scratch/skscla001/experiments/datasets/swagen/audio/common_voice_sw_29815916.wav	barcelona walifunga chelsea mabao mawili 	1
/scratch/skscla001/experiments/datasets/swagen/audio/common_voice_sw_28681259.wav	yapo magonjwa mengi ya ini 	1
/scratch/skscla001/experiments/datasets/swagen/audio/common_voice_sw_29788369.wav	mkutano huo ulifanyika kuanzia mwaka elfu moja mia nane themanini na nne 	0
/scratch/skscla001/experiments/datasets/swagen/audio/common_voice_sw_30327257.wav	jamii nyingi za kipare zina utaratibu wa kushirikiana 	1
/scratch/skscla001/experiments/datasets/swagen/audio/common_voice_sw_31304305.wav	nyumbu huzaliana sana na kufikia nyumbu laki tano wanaozaliwa kwa mwaka 	1
/scratch/skscla001/experiments/datasets/swagen/audio/common_voice_sw_36382015.wav	hukumu ilibainisha umahiri wa ahakama ya kimataifa 	1
/scratch/skscla001/experiments/datasets/swagen/audio/common_voice_sw_36385165.wav	mifumo ya ikolojia iliyo na virutubishi vichache kama vile maeneo ya joto 	1
/scratch/skscla001/experiments/datasets/swagen/audio/common_voice_sw_36375124.wav	ni hatua ya kimkakati ambayo kufanya biashara na bara la kiswahili 	1
/scratch/skscla001/experiments/datasets/swagen/audio/common_voice_sw_30020162.wav	kuwa na hidarati ni lazima kama una matumaini ya kufika mbali 	1
/scratch/skscla001/experiments/datasets/swagen/audio/common_voice_sw_29943862.wav	historia ya wamasai inaonyesha kwamba wao ni jamii ya wafugaji 	1
/scratch/skscla001/experiments/datasets/swagen/audio/common_voice_sw_30357272.wav	wakati wa shughuli za utengenezaji wa barabara 	1
/scratch/skscla001/experiments/datasets/swagen/audio/common_voice_sw_30053025.wav	tukio la nahodha wa ufaransa zidane kumpiga kichwa materazi litabaki milele 	0
/scratch/skscla001/experiments/datasets/swagen/audio/common_voice_sw_31304430.wav	kwa kutumia madawa ya yanayopambana na virusi 	1
/scratch/skscla001/experiments/datasets/swagen/audio/common_voice_sw_30495283.wav	mwaka wa elfu moja mia nane sitini na tatu 	0
/scratch/skscla001/experiments/datasets/swagen/audio/common_voice_sw_30024376.wav	daktari wako atakupima ili kugundua tatizo 	0
/scratch/skscla001/experiments/datasets/swagen/audio/common_voice_sw_30091655.wav	ndiko kulikogunduliwa masalia ya viumbe wa jamii ya watu wa kale 	1
/scratch/skscla001/experiments/datasets/swagen/audio/common_voice_sw_30515322.wav	tausi jike anakaa na watoto wake karibu kwa miezi sita 	1
/scratch/skscla001/experiments/datasets/swagen/audio/common_voice_sw_30579043.wav	kiwi anatoka familia moja na mbuni 	1
/scratch/skscla001/experiments/datasets/swagen/audio/common_voice_sw_30017348.wav	takriban watu milioni sitini walikufa kutokana na vita hivi 	1
/scratch/skscla001/experiments/datasets/swagen/audio/common_voice_sw_30305638.wav	waliokataa kuwapa ardhi wazungu ili wafanye kazi zao 	0
/scratch/skscla001/experiments/datasets/swagen/audio/common_voice_sw_37224384.wav	kwa waingereza na katika makoloni ya uingereza lakini watumwa waliokuwepo walibaki hivohivo 	0
/scratch/skscla001/experiments/datasets/swagen/audio/common_voice_sw_28663125.wav	mzaliwa wa familia ya bustill 	1
/scratch/skscla001/experiments/datasets/swagen/audio/common_voice_sw_30671690.wav	hutoweka maeneo hayo na hata mtoto pia hujihami kwa kuingia katika mfuko 	1
/scratch/skscla001/experiments/datasets/swagen/audio/common_voice_sw_36389457.wav	nalitakasika kwa damu 	1
/scratch/skscla001/experiments/datasets/swagen/audio/common_voice_sw_31406140.wav	watu wanakimbilia ufukweni kwa ajili ya kupunga upepo 	0
/scratch/skscla001/experiments/datasets/swagen/audio/common_voice_sw_36319128.wav	iliyobaki duniani inaweza kuwa na miti hii 	1
/scratch/skscla001/experiments/datasets/swagen/audio/common_voice_sw_29406911.wav	hapo alijiunga na umonaki kwenye mlima sinai 	0
/scratch/skscla001/experiments/datasets/swagen/audio/common_voice_sw_29926922.wav	cameroon waliibuka washindi wa kombe nchini morocco 	1
/scratch/skscla001/experiments/datasets/swagen/audio/common_voice_sw_29939137.wav	mnyama aliyewahi kuwa kwenye hatari ya kupotea kutokana na ujangili 	1
/scratch/skscla001/experiments/datasets/swagen/audio/common_voice_sw_36375244.wav	sheria hiyo haihusiani tu na utegemeaji wa dawa 	1
/scratch/skscla001/experiments/datasets/swagen/audio/common_voice_sw_29147195.wav	ndege hawa wana rangi za kijivu kahawa na nyeupe pengine njano pia 	1
/scratch/skscla001/experiments/datasets/swagen/audio/common_voice_sw_28690924.wav	sun alijifunza kiingereza hisabati na sayansi 	1
/scratch/skscla001/experiments/datasets/swagen/audio/common_voice_sw_37093044.wav	hao waliokua 	1
/scratch/skscla001/experiments/datasets/swagen/audio/common_voice_sw_36641877.wav	hii inaleta picha gani kwa siasa ya tanzania picha hiyo ni mbaya zaidi 	0
/scratch/skscla001/experiments/datasets/swagen/audio/common_voice_sw_37094903.wav	dawa hizo zinaitwa dawa za kurefusha maisha 	1
/scratch/skscla001/experiments/datasets/swagen/audio/common_voice_sw_30579093.wav	kuenea katika afrika baada ya mkutano wa berlin 	1
/scratch/skscla001/experiments/datasets/swagen/audio/common_voice_sw_29788026.wav	mifugo midogo mara nyingi pia huwekwa ndani ya enkaji 	1
/scratch/skscla001/experiments/datasets/swagen/audio/common_voice_sw_30419818.wav	ni miongoni mwa makabila yanayojulikana zaidi hata nje ya afrika 	1
/scratch/skscla001/experiments/datasets/swagen/audio/common_voice_sw_30181645.wav	wengine wakahama na kadhia za kila namna 	1
/scratch/skscla001/experiments/datasets/swagen/audio/common_voice_sw_35181604.wav	twendeni kwetu ama kwao 	0
/scratch/skscla001/experiments/datasets/swagen/audio/common_voice_sw_30709973.wav	katika muhula wake wa pili ambapo mfumo wa vyama vingi ulianzishwa 	0
/scratch/skscla001/experiments/datasets/swagen/audio/common_voice_sw_30582813.wav	hawakuchoka kujitafutia ridhiki kwa namna yoyote 	0
/scratch/skscla001/experiments/datasets/swagen/audio/common_voice_sw_29960748.wav	nyerere alipiga vita ukabila ndani ya nchi ya tanzania 	0
/scratch/skscla001/experiments/datasets/swagen/audio/common_voice_sw_31283748.wav	mji huo ukijulikana kama maputo ambao ni mji mkuu wa taifa la msumbiji 	0
/scratch/skscla001/experiments/datasets/swagen/audio/common_voice_sw_29465797.wav	iko katika kaskazini mashariki ya nchi 	0
/scratch/skscla001/experiments/datasets/swagen/audio/common_voice_sw_34390951.wav	za viungo kama ngozi zilikuwa zikiiuzwa kongo kwa ajili ya matumizi ya dawa za 	1
/scratch/skscla001/experiments/datasets/swagen/audio/common_voice_sw_30671688.wav	na haya yote ni katika kuongeza mzunguko wa fedha kwa watanzania 	1
/scratch/skscla001/experiments/datasets/swagen/audio/common_voice_sw_36389720.wav	ni katibu mwenezi taifa tanzania labour party 	1
/scratch/skscla001/experiments/datasets/swagen/audio/common_voice_sw_30653693.wav	hadi msimu ulipokwisha akajiweka kando na soka 	0
/scratch/skscla001/experiments/datasets/swagen/audio/common_voice_sw_30577737.wav	huwa kama kizuizi kwa vijidudu vinavyosababisha magonjwa ya zinaa 	1
/scratch/skscla001/experiments/datasets/swagen/audio/common_voice_sw_29787880.wav	michuano yote ya soka inapofanyika waandaaji wanatoa tuzo 	1
/scratch/skscla001/experiments/datasets/swagen/audio/common_voice_sw_30144247.wav	ununuzi wa rada kwa ajili ya matumizi ya kijeshi kwa kiasi cha mamilioni 	1
/scratch/skscla001/experiments/datasets/swagen/audio/common_voice_sw_36067178.wav	lakini aliona hawakuwa peke yao ambao hawatii amri yake 	1
/scratch/skscla001/experiments/datasets/swagen/audio/common_voice_sw_29996189.wav	dume mmoja anapanda majike kati ya mawili hadi saba 	1
/scratch/skscla001/experiments/datasets/swagen/audio/common_voice_sw_37085539.wav	balozi salim ahmed salim wakati huo akawa balozi wa zanzibar nchini misri 	1
/scratch/skscla001/experiments/datasets/swagen/audio/common_voice_sw_30201314.wav	ndani ya meli ya titanic kulikuwa na wanyama wengi 	1
/scratch/skscla001/experiments/datasets/swagen/audio/common_voice_sw_28973467.wav	iko kati ya milima ya alpi na bahari ya mediteranea 	1
/scratch/skscla001/experiments/datasets/swagen/audio/common_voice_sw_30188437.wav	ya waridi hata yenye maua haidharauliwi na 	0
/scratch/skscla001/experiments/datasets/swagen/audio/common_voice_sw_35990863.wav	alishtaki kikundi cha chrestiani ya kuwa wamechoma moto mji wa roma 	1
/scratch/skscla001/experiments/datasets/swagen/audio/common_voice_sw_29590438.wav	hii hutokea katika mwezi wa tatu wa kipindi cha ujauzito 	1
/scratch/skscla001/experiments/datasets/swagen/audio/common_voice_sw_36386251.wav	wapiganaji wana jukumu la usalama katika jamii 	1
/scratch/skscla001/experiments/datasets/swagen/audio/common_voice_sw_37215064.wav	huu unatumika kuzuia waumini wa dini nyingine zote 	0
/scratch/skscla001/experiments/datasets/swagen/audio/common_voice_sw_29796218.wav	alifuatana na wazee wengine kwenda kwenye zindiko bagamoyo 	1
/scratch/skscla001/experiments/datasets/swagen/audio/common_voice_sw_29516295.wav	alitunga shairi juu ya miungu na mapenzi 	1
/scratch/skscla001/experiments/datasets/swagen/audio/common_voice_sw_32101606.wav	mwite aje veye 	1
/scratch/skscla001/experiments/datasets/swagen/audio/common_voice_sw_29797029.wav	jina linatokana na lile la mto mara 	1
/scratch/skscla001/experiments/datasets/swagen/audio/common_voice_sw_36039511.wav	zao na desturi zao lakini baada ya muda wamisri waliona 	0
/scratch/skscla001/experiments/datasets/swagen/audio/common_voice_sw_29797094.wav	hispania ilitwaa kombe la ulaya 	1
/scratch/skscla001/experiments/datasets/swagen/audio/common_voice_sw_28684931.wav	nakuru iliundwa na uingereza wakati wa ukoloni na imeendelea kukua tangu 	1
/scratch/skscla001/experiments/datasets/swagen/audio/common_voice_sw_30327387.wav	hatua iliyomfanya kupewa jina la utani jaffa 	1
/scratch/skscla001/experiments/datasets/swagen/audio/common_voice_sw_37223701.wav	yana yanakua yanapewa umuhimu 	1
/scratch/skscla001/experiments/datasets/swagen/audio/common_voice_sw_28663292.wav	athira ya kiarabu huonekana katika majengo ya kihistoria hadi leo hii 	1
/scratch/skscla001/experiments/datasets/swagen/audio/common_voice_sw_28718824.wav	upepo mkali huitwa dhoruba 	0
/scratch/skscla001/experiments/datasets/swagen/audio/common_voice_sw_37331992.wav	ripoti hiyo ilisema pato limeongezeka kidogo tu 	0
/scratch/skscla001/experiments/datasets/swagen/audio/common_voice_sw_37222631.wav	wafadhili wana mitazamo na malengo yao 	1
/scratch/skscla001/experiments/datasets/swagen/audio/common_voice_sw_30630203.wav	hawa huwa na vitu fulani kwenye vichwa vyao 	1
/scratch/skscla001/experiments/datasets/swagen/audio/common_voice_sw_28681176.wav	ukubwa wa darfur ni kama ule wa ufaransa 	1
/scratch/skscla001/experiments/datasets/swagen/audio/common_voice_sw_35867568.wav	sera ya serikali ya awamu ya nane ya kukuza uchumi kupitia bahari 	0
/scratch/skscla001/experiments/datasets/swagen/audio/common_voice_sw_30180188.wav	milima inatengeneza mazingira mazuri kwa vijiji vinavyozunguka maeneo hayo 	1
/scratch/skscla001/experiments/datasets/swagen/audio/common_voice_sw_29906694.wav	bila ya kukutana kimwili hakuna uwezekano wa kupata maambukizi ya zinaa 	1
/scratch/skscla001/experiments/datasets/swagen/audio/common_voice_sw_29787859.wav	watenga watapeleka mahari kidogo kwa mama na baba wa binti 	1
/scratch/skscla001/experiments/datasets/swagen/audio/common_voice_sw_30007107.wav	miezi kadhaa inayofuata tohara hata hivyo nyekundu ni rangi iliyopendelewa 	1
/scratch/skscla001/experiments/datasets/swagen/audio/common_voice_sw_30582919.wav	kuruhusu magari ya kivita vifaru na wanajeshi kuvuka mto kagera 	1
/scratch/skscla001/experiments/datasets/swagen/audio/common_voice_sw_28582669.wav	katika sehemu za kaskazini kuna gesi na mafuta 	1
/scratch/skscla001/experiments/datasets/swagen/audio/common_voice_sw_36375164.wav	alianguka chini 	1
/scratch/skscla001/experiments/datasets/swagen/audio/common_voice_sw_31440728.wav	waziri rashid kawawa alihujumu fedha za serikali shilingi milioni sitini 	1
/scratch/skscla001/experiments/datasets/swagen/audio/common_voice_sw_29864520.wav	tanzania imejengwa katika misingi ya ushirikiano 	1
/scratch/skscla001/experiments/datasets/swagen/audio/common_voice_sw_29996933.wav	mfano mzuri ni mabadiliko kutoka nne nne mbili kwenda tano tatu mbili 	1
/scratch/skscla001/experiments/datasets/swagen/audio/common_voice_sw_37225491.wav	hizi zilizo ndogo na kuwafundisha watu hivyo ataitwa mdogo kabisa katika ufalme wa mbinguni 	1
/scratch/skscla001/experiments/datasets/swagen/audio/common_voice_sw_30650346.wav	mbuni anaweza kuwaona adui zake wakiwa mbali sana 	1
/scratch/skscla001/experiments/datasets/swagen/audio/common_voice_sw_28690178.wav	yeye pia ni mwanachama wa taasisi ya usimamizi ya kenya 	1
/scratch/skscla001/experiments/datasets/swagen/audio/common_voice_sw_30342842.wav	mji wa bagamoyo upo pembezoni mwa bahari ya hindi kaskazini mwa bahari ya hindi 	1
/scratch/skscla001/experiments/datasets/swagen/audio/common_voice_sw_37090532.wav	kufikia mwisho wa hali ya hatari askari hao walikuwa wamewaua 	1
/scratch/skscla001/experiments/datasets/swagen/audio/common_voice_sw_29794180.wav	ukubwa wake unakomea hapo katika utambulisho 	0
/scratch/skscla001/experiments/datasets/swagen/audio/common_voice_sw_30450767.wav	aliyehamia uislamu mnamo elfu moja mia tisa na kumi 	1
/scratch/skscla001/experiments/datasets/swagen/audio/common_voice_sw_30327027.wav	ndipo huyo mganga akamtunuku jina lake la mwigulu na ndivyo jina lilivyozaliwa 	0
/scratch/skscla001/experiments/datasets/swagen/audio/common_voice_sw_36390421.wav	dhambi zangu zote wala si nusu 	1
/scratch/skscla001/experiments/datasets/swagen/audio/common_voice_sw_28814453.wav	wadudu barafu wanatokea amerika ya kaskazini na asia ya mashariki juu ya milima 	1
/scratch/skscla001/experiments/datasets/swagen/audio/common_voice_sw_29981817.wav	kitafuata imani ya ujamaa ikiwa na maana kwamba watu wote ni sawa 	0
/scratch/skscla001/experiments/datasets/swagen/audio/common_voice_sw_36040193.wav	obito alidhani kuwa rafiki yake sarah alikufa 	0
/scratch/skscla001/experiments/datasets/swagen/audio/common_voice_sw_34917803.wav	ya vitalo kutawazwa kwa mabingwa 	0
/scratch/skscla001/experiments/datasets/swagen/audio/common_voice_sw_29564841.wav	kwanza kuna joto halafu ukame 	0
/scratch/skscla001/experiments/datasets/swagen/audio/common_voice_sw_30671384.wav	sehemu yenye michoro ya kale ya mapangoni 	1
/scratch/skscla001/experiments/datasets/swagen/audio/common_voice_sw_29791870.wav	mchezaji bora wa michuano ya kombe la dunia alikuwa varela wa uruguay 	0
/scratch/skscla001/experiments/datasets/swagen/audio/common_voice_sw_30384776.wav	lilikuwa jaribio la mapinduzi lililoshindwa kwa serikali ya mapinduzi 	1
/scratch/skscla001/experiments/datasets/swagen/audio/common_voice_sw_28875824.wav	karibu na ncha za dunia ziko pia ncha sumaku za kaskazini na kusini 	1
/scratch/skscla001/experiments/datasets/swagen/audio/common_voice_sw_30069181.wav	hifadhi ya ngorongoro ya leo ilianzishwa kwa ajili ya kulinda utamaduni wa wamaasai 	0
/scratch/skscla001/experiments/datasets/swagen/audio/common_voice_sw_35104363.wav	na kujaribu na kujaribu kuharibu mali ya umma 	0
/scratch/skscla001/experiments/datasets/swagen/audio/common_voice_sw_30363995.wav	anasema akiwa redio muda alitangaza kipindi cha asubuhi cha kuchomoza jua 	1
/scratch/skscla001/experiments/datasets/swagen/audio/common_voice_sw_36945667.wav	huu wimbo ni wangu peke yangu 	1
/scratch/skscla001/experiments/datasets/swagen/audio/common_voice_sw_30021413.wav	watafiti wa masuala ya ekolojia huweka kambi mara kwa mara 	1
/scratch/skscla001/experiments/datasets/swagen/audio/common_voice_sw_30342562.wav	na kuwaondolea shida ya maji ambayo imekuwa ni tatizo kubwa kwa jamii za kiafrika 	1
/scratch/skscla001/experiments/datasets/swagen/audio/common_voice_sw_28690679.wav	mbegu zake ndogo hutoa mafuta 	1
/scratch/skscla001/experiments/datasets/swagen/audio/common_voice_sw_34958908.wav	k mkutano wa jumuiya ya madola chogum ambao ulikuwa pamoja 	0
/scratch/skscla001/experiments/datasets/swagen/audio/common_voice_sw_29350718.wav	wengi wao wanaishi kwa kushirikiana na wamasai kama tabaka la chini 	0
/scratch/skscla001/experiments/datasets/swagen/audio/common_voice_sw_30434421.wav	sasa wilaya ya chato iko katika mkoa wa geita 	1
/scratch/skscla001/experiments/datasets/swagen/audio/common_voice_sw_29895541.wav	aliapishwa kama waziri mkuu wa kenya baada ya miaka zaidi ya arobaini ya kukoma 	1
/scratch/skscla001/experiments/datasets/swagen/audio/common_voice_sw_36381642.wav	a yataingizwaje katika mfumo wa muungano 	1
/scratch/skscla001/experiments/datasets/swagen/audio/common_voice_sw_29788597.wav	watu wa misri walikua wakiishi kando ya mto naili 	0
/scratch/skscla001/experiments/datasets/swagen/audio/common_voice_sw_29696942.wav	kwa miaka kadhaa alikaa guinea 	1
/scratch/skscla001/experiments/datasets/swagen/audio/common_voice_sw_30081414.wav	lakini sio eneo la feli tu linalouza samaki 	1
/scratch/skscla001/experiments/datasets/swagen/audio/common_voice_sw_28670192.wav	ni moja ya vyuo vikuu vingi zaidi nchini marekani 	1
/scratch/skscla001/experiments/datasets/swagen/audio/common_voice_sw_28725324.wav	katika taifa hilo watu wote wanapaswa kuingia bila ya ubaguzi ili wawe kitu kimoja 	1
/scratch/skscla001/experiments/datasets/swagen/audio/common_voice_sw_30381097.wav	kuna aina mbili za bawasiri moja ni bawasiri ya nje ya puru 	1
/scratch/skscla001/experiments/datasets/swagen/audio/common_voice_sw_30735714.wav	ilimfanya awe mmoja wa wanamuziki wa kizazi kipya wanaoheshimika 	1
/scratch/skscla001/experiments/datasets/swagen/audio/common_voice_sw_31304383.wav	sehemu hii mara nyingi wamwera huiita likuta 	1
/scratch/skscla001/experiments/datasets/swagen/audio/common_voice_sw_36375012.wav	katibu mkuu wa nato andes forgrasmel 	1
/scratch/skscla001/experiments/datasets/swagen/audio/common_voice_sw_30635685.wav	kwa ajili ya kupata kipato cha kukidhi mahitaji yao ya kila siku 	1
/scratch/skscla001/experiments/datasets/swagen/audio/common_voice_sw_30338777.wav	wakati meli ikizama bendi hiyo iliendelea kuimba 	1
/scratch/skscla001/experiments/datasets/swagen/audio/common_voice_sw_29796584.wav	wapare wa same hutumia majina kama kakore na mengineyo 	1
/scratch/skscla001/experiments/datasets/swagen/audio/common_voice_sw_31369759.wav	wasukuma limetokana na neno sukuma kutoka kaskazini 	1
/scratch/skscla001/experiments/datasets/swagen/audio/common_voice_sw_30057881.wav	hufuga punda ndogowe kwa ajili ya ubebaji mizigo na 	1
/scratch/skscla001/experiments/datasets/swagen/audio/common_voice_sw_30327081.wav	uingereza mara nyingi wanakosa timu bora yenyewe uwezo wa kushindana na mataifa mengine 	1
/scratch/skscla001/experiments/datasets/swagen/audio/common_voice_sw_28878120.wav	njia hii inaweza kutunza kumbukumbu ya kudumu 	1
/scratch/skscla001/experiments/datasets/swagen/audio/common_voice_sw_29262391.wav	majani yake hutumika pia kusafisha meno 	0
/scratch/skscla001/experiments/datasets/swagen/audio/common_voice_sw_29997369.wav	ziwa lina ukubwa wa kilomita za mraba elfu nne mia moja 	1
/scratch/skscla001/experiments/datasets/swagen/audio/common_voice_sw_30326928.wav	walitangaza marufuku kwa watu weusi kwenda shule 	1
/scratch/skscla001/experiments/datasets/swagen/audio/common_voice_sw_35107988.wav	hii leo katika ligi ya kombe la ligi nchini humo kopa italia 	1
/scratch/skscla001/experiments/datasets/swagen/audio/common_voice_sw_36382162.wav	mwaka huu tarehe thelathini na moja mwezi wa kumi 	1
/scratch/skscla001/experiments/datasets/swagen/audio/common_voice_sw_36013473.wav	katika imani za kimaasai inaaminika kuwa wanaweza kugundua magonjwa na sababu za mikosi 	1
/scratch/skscla001/experiments/datasets/swagen/audio/common_voice_sw_29418685.wav	kuna aina nyingi tofauti za nyumba za wageni 	1
/scratch/skscla001/experiments/datasets/swagen/audio/common_voice_sw_30201655.wav	beckham alikuwa mshiriki katika ballon dor aliyekimbia mara mbili ya mchezaji wa dunia 	1
/scratch/skscla001/experiments/datasets/swagen/audio/common_voice_sw_29788896.wav	kuna mwendo wa masaa mawili kutoka uwanja wa ndege wa pemba mpaka ngezi 	1
/scratch/skscla001/experiments/datasets/swagen/audio/common_voice_sw_30091060.wav	mambo yote hayo hayaondoi ubora na thamani ya kocha pep 	1
/scratch/skscla001/experiments/datasets/swagen/audio/common_voice_sw_29795508.wav	mabaki yaliyopatikana katika mabonde ya tugen yaliyokuwa na takriban miaka milioni sita 	1
/scratch/skscla001/experiments/datasets/swagen/audio/common_voice_sw_35284788.wav	u baadhi ya vigogo wakiambulia patupu mwandishi wetu tony singoro 	0
/scratch/skscla001/experiments/datasets/swagen/audio/common_voice_sw_36386478.wav	ushiriki katika tume maalum ya kupitia katiba 	1
/scratch/skscla001/experiments/datasets/swagen/audio/common_voice_sw_29795534.wav	miongoni mwao walikuwemo makuhani na waheshimiwa waaguzi wa arochukwu na jumuiya ya ekpe 	1
/scratch/skscla001/experiments/datasets/swagen/audio/common_voice_sw_30176804.wav	ikiwa hili litafanyika kwa umakini ni wazi kuwa matatizo ya kuwa na chunusi 	0
/scratch/skscla001/experiments/datasets/swagen/audio/common_voice_sw_30182125.wav	hifadhi hiyo ilipingwa na wabunge kabla ya hayati magufuli kuiidhinisha 	1
/scratch/skscla001/experiments/datasets/swagen/audio/common_voice_sw_30661152.wav	na kupunguza urasimu katika kusaidia ukuaji wa kiuchumi 	1
/scratch/skscla001/experiments/datasets/swagen/audio/common_voice_sw_31950706.wav	mwizi baiskili anshikwa 	1
/scratch/skscla001/experiments/datasets/swagen/audio/common_voice_sw_30320505.wav	zilitumia pesa mara mbili zaidi ya familia nyingine 	1
/scratch/skscla001/experiments/datasets/swagen/audio/common_voice_sw_30233608.wav	kwa hiyo hii ni sekta inayochangia mapato makubwa kwa serikali na jamii nzima 	0
/scratch/skscla001/experiments/datasets/swagen/audio/common_voice_sw_29946566.wav	sultani majid bin said kuhamia dar es salaam mwaka huo 	1
/scratch/skscla001/experiments/datasets/swagen/audio/common_voice_sw_36389582.wav	lake la heshima likimaanisha kiongozi aliyetwaa nchi nyingimkwawa alizaliwa mnamo mwaka elfu moja 	1
/scratch/skscla001/experiments/datasets/swagen/audio/common_voice_sw_30323504.wav	mfano mapango ya amboni pangani na sehemu nyingine nyingi 	1
/scratch/skscla001/experiments/datasets/swagen/audio/common_voice_sw_35132532.wav	walienda baharini 	1
/scratch/skscla001/experiments/datasets/swagen/audio/common_voice_sw_37223869.wav	unaendelea kuitegea sikio idhaa ya kiswahili ya redio france internationale 	0
/scratch/skscla001/experiments/datasets/swagen/audio/common_voice_sw_31326459.wav	chimbuko la utamaduni huo linaaminiwa kuwa barani ulaya katika karne ya kumi na sita 	1
/scratch/skscla001/experiments/datasets/swagen/audio/common_voice_sw_28716317.wav	hasa alichunguza maswali ya umeme 	1
/scratch/skscla001/experiments/datasets/swagen/audio/common_voice_sw_28663183.wav	kuna matoleo mengi tofauti ya hadithi 	1
/scratch/skscla001/experiments/datasets/swagen/audio/common_voice_sw_30718033.wav	ukipata muda funga safari za kwenda kilimanjaro kutoka dar es salaam 	0
/scratch/skscla001/experiments/datasets/swagen/audio/common_voice_sw_30634784.wav	pombe za kienyeji kama ulanzi ili mtoto asisumbue 	1
/scratch/skscla001/experiments/datasets/swagen/audio/common_voice_sw_37094324.wav	wa miamba waligundua mlundikano mkubwa wa gesi 	0
/scratch/skscla001/experiments/datasets/swagen/audio/common_voice_sw_30020916.wav	makundi makubwa ya viboko pundamilia na nyumbu huonekana katika eneo hili 	1
/scratch/skscla001/experiments/datasets/swagen/audio/common_voice_sw_29811946.wav	kilimo cha mkonge na korosho katika maeneo mbalimbali ya afrika 	0
/scratch/skscla001/experiments/datasets/swagen/audio/common_voice_sw_30146876.wav	mwaka elfu moja mia tisa sitini na moja tanganyika ilipata uhuru wake 	1
/scratch/skscla001/experiments/datasets/swagen/audio/common_voice_sw_30143813.wav	waitalia walianza kushambulia ugiriki na jeshi la waingereza 	1
/scratch/skscla001/experiments/datasets/swagen/audio/common_voice_sw_29993109.wav	chakula chao ni ugali wa mahindi ulezi na mtama kidogo 	1
/scratch/skscla001/experiments/datasets/swagen/audio/common_voice_sw_36388888.wav	anasonga ugali 	1
/scratch/skscla001/experiments/datasets/swagen/audio/common_voice_sw_30667172.wav	walioishi nyakahanga karibu na kiongozi huyo wa jadi 	0
/scratch/skscla001/experiments/datasets/swagen/audio/common_voice_sw_29963715.wav	nyumbu akikamatwa tu basi hutulia na kuliwa bila shida 	1
/scratch/skscla001/experiments/datasets/swagen/audio/common_voice_sw_28305859.wav	asili ya jina ethiopia haijulikani 	1
/scratch/skscla001/experiments/datasets/swagen/audio/common_voice_sw_36350015.wav	ama umoja wa wachezaji wa kimataifa 	1
/scratch/skscla001/experiments/datasets/swagen/audio/common_voice_sw_29950332.wav	wagonjwa nane hadi kumi hufa hata baada ya matibabu kwa kutumia antibiotiki 	1
/scratch/skscla001/experiments/datasets/swagen/audio/common_voice_sw_30122818.wav	ufaransa ilimenyana na croatia kwenye fainali 	1
/scratch/skscla001/experiments/datasets/swagen/audio/common_voice_sw_29787886.wav	kwa hiyo allaah subhaanahu wa taala akawa anawaita kwa jina la bani israaiyl 	1
/scratch/skscla001/experiments/datasets/swagen/audio/common_voice_sw_35409338.wav	agosti ya themanini na tatu na januari wastani 	0
/scratch/skscla001/experiments/datasets/swagen/audio/common_voice_sw_35155190.wav	ashe alikuwa akifanyiwa upasuaji wa moyo 	0
/scratch/skscla001/experiments/datasets/swagen/audio/common_voice_sw_29796539.wav	hivyo basi atatafutwa mwanamke ambaye hajabahatika kuzaa na atapewa mmoja 	1
/scratch/skscla001/experiments/datasets/swagen/audio/common_voice_sw_29945759.wav	huku watu milioni moja nukta nane wakiambukizwa umpya mwaka elfu mbili kumi na saba 	1
/scratch/skscla001/experiments/datasets/swagen/audio/common_voice_sw_29897831.wav	jose mourinho na makocha wengine wakawa waasisi wa soka la kujihami 	1
/scratch/skscla001/experiments/datasets/swagen/audio/common_voice_sw_30654125.wav	yenye urefu wa zaidi ya mita hamsini na inakadiriwa kuwa mirefu kuliko yote duniani 	1
/scratch/skscla001/experiments/datasets/swagen/audio/common_voice_sw_29623414.wav	katika nchi kavu ya kusini kuna ufugaji wa kondoo 	1
/scratch/skscla001/experiments/datasets/swagen/audio/common_voice_sw_29795256.wav	abeid amani karume alipeleka barua ya kuomba kazi melini 	1
/scratch/skscla001/experiments/datasets/swagen/audio/common_voice_sw_30181691.wav	virusi hivi vilipewa jina la ukimwi vilipogunduliwa nchini marekani 	1
/scratch/skscla001/experiments/datasets/swagen/audio/common_voice_sw_28877823.wav	wakati huohuo aliandika pia masimulizi na vitabu 	1
/scratch/skscla001/experiments/datasets/swagen/audio/common_voice_sw_29982111.wav	kutoka mji wa kilwa masoko hadi kufika kilwa kisiwani 	1
/scratch/skscla001/experiments/datasets/swagen/audio/common_voice_sw_29620658.wav	kuna tofauti kati ya michezo ya kiangazi na michezo ya majira ya baridi 	0
/scratch/skscla001/experiments/datasets/swagen/audio/common_voice_sw_30221738.wav	jumuiya hiyo ilikuwa na lengo la kuwaunganisha pamoja vijana wa african association 	1
/scratch/skscla001/experiments/datasets/swagen/audio/common_voice_sw_28691419.wav	aliendelea kubuni njia ya kubadilisha tabia za mpira kuwa mgumu kabisa 	1
/scratch/skscla001/experiments/datasets/swagen/audio/common_voice_sw_30342895.wav	lakini wakati huo ilijulikana kwa jina la tanganyika upande wa mashariki mwa afrika 	1
/scratch/skscla001/experiments/datasets/swagen/audio/common_voice_sw_30647704.wav	yohane paulo wa pili alitangazwa mwenye kheri na papa benedikto wa kumi na sita 	1
/scratch/skscla001/experiments/datasets/swagen/audio/common_voice_sw_36389451.wav	alitembea haraka kupanda ngazi kuelekea chumbani kwake 	1
/scratch/skscla001/experiments/datasets/swagen/audio/common_voice_sw_29950643.wav	marais wengi duniani hawapendi kuwanyonga raia wake 	1
/scratch/skscla001/experiments/datasets/swagen/audio/common_voice_sw_29795901.wav	kiumbe huyo alijulikana kwa jina la blob 	1
/scratch/skscla001/experiments/datasets/swagen/audio/common_voice_sw_30176501.wav	watoto hawa walitawanyika ikiwa ni suluhu ya ugomvi wao 	0
/scratch/skscla001/experiments/datasets/swagen/audio/common_voice_sw_29899376.wav	hizo fensi za nyumba kwa kangaroo sio kizuizi huweza kuruka pasi na kugusa ukuta 	1
/scratch/skscla001/experiments/datasets/swagen/audio/common_voice_sw_30028949.wav	wakati tukio hilo linatokea mkapa alikuwa ughaibuni akishiriki mkutano wa kiuchumi 	0
/scratch/skscla001/experiments/datasets/swagen/audio/common_voice_sw_29419996.wav	kwa sasa ni mtayarishaji wa nyimbo kutoka tanzania 	1
/scratch/skscla001/experiments/datasets/swagen/audio/common_voice_sw_35107769.wav	a mtaalam unafikiria atatoa hunduma kwa usahihi kweli 	0
/scratch/skscla001/experiments/datasets/swagen/audio/common_voice_sw_34917733.wav	uasherati na uzinzi amri ya sita isemayo usiue ilivunjwa na mauaji yakawa ni matokeo 	0
/scratch/skscla001/experiments/datasets/swagen/audio/common_voice_sw_29141381.wav	alizaliwa jamaika lakini alihamia nchini kanada akiwa na umri wa miaka saba 	1
/scratch/skscla001/experiments/datasets/swagen/audio/common_voice_sw_28670633.wav	kuta za mawe zinaonekana kati ya miti 	1
/scratch/skscla001/experiments/datasets/swagen/audio/common_voice_sw_36386392.wav	mfugaji katika kukabili adui huyu wa haki wa mazingira 	1
/scratch/skscla001/experiments/datasets/swagen/audio/common_voice_sw_30381618.wav	alichaguliwa na raia wa zanzibar si wajumbe wa baraza la mapinduzi 	1
/scratch/skscla001/experiments/datasets/swagen/audio/common_voice_sw_31286345.wav	raia wa uingereza na mwenyekiti wa kampuni ya ndege aliyeitwa bwana herri william 	1
/scratch/skscla001/experiments/datasets/swagen/audio/common_voice_sw_28681834.wav	lakini imani iliendelea kwa siri 	1
/scratch/skscla001/experiments/datasets/swagen/audio/common_voice_sw_30642126.wav	pep guardiola aliweka rekodi za kuvutia 	0
/scratch/skscla001/experiments/datasets/swagen/audio/common_voice_sw_29871607.wav	idadi ya watu waliouawa uganda chini ya utawala wake imekadiriwa 	1
/scratch/skscla001/experiments/datasets/swagen/audio/common_voice_sw_36386104.wav	ni tisho jipwa kwa mji mkuu nchini haiti kwani tayari 	1
/scratch/skscla001/experiments/datasets/swagen/audio/common_voice_sw_29797015.wav	kumekuwa na nadharia mbalimbali na uelewa tofauti tofauti kuhusu chimbuko au chanzo cha ukimwi 	1
/scratch/skscla001/experiments/datasets/swagen/audio/common_voice_sw_30675003.wav	chakula hiki huandaliwa siku ya ijumaa jioni hadi jumapili jioni 	1
/scratch/skscla001/experiments/datasets/swagen/audio/common_voice_sw_30148780.wav	akiwa na idadi ya mabao thelathini na sita katika michezo thelathini ya kadet a 	1
/scratch/skscla001/experiments/datasets/swagen/audio/common_voice_sw_30653653.wav	ila wazee hukaa nje kidogo ya nyumba na kukoka moto 	0
/scratch/skscla001/experiments/datasets/swagen/audio/common_voice_sw_30574590.wav	maalim seif aliwania nafasi ya urais wa zanzibari kwa tiketi ya chama cha wananchi 	1
/scratch/skscla001/experiments/datasets/swagen/audio/common_voice_sw_34391169.wav	hewa ikiwa ni pamoja na chembechembe za vumbi la mchanga na 	1
/scratch/skscla001/experiments/datasets/swagen/audio/common_voice_sw_30048139.wav	hizo ni tabia tu lakini pia kuna baadhi ya sifa 	0
/scratch/skscla001/experiments/datasets/swagen/audio/common_voice_sw_30342898.wav	tanzania kuna mikoa ambayo imeweka historia kubwa ndani na nje ya mipaka ya tanzania 	1
/scratch/skscla001/experiments/datasets/swagen/audio/common_voice_sw_30143673.wav	haruhusiwi kuweka mapambo katika masikio yake yaliyotobolewa 	1
/scratch/skscla001/experiments/datasets/swagen/audio/common_voice_sw_30566941.wav	rose muhando alizawadiwa tuzo ya mtunzi mzuri wa nyimbo 	0
/scratch/skscla001/experiments/datasets/swagen/audio/common_voice_sw_29231041.wav	jimbo hili lina mchanganyiko wa makabila yote 	1
/scratch/skscla001/experiments/datasets/swagen/audio/common_voice_sw_36299528.wav	na ni wakatoliki suala la sharia au sheria za kiislamu 	1
/scratch/skscla001/experiments/datasets/swagen/audio/common_voice_sw_30080332.wav	nahodha wa meli ya bukoba alikuwa anaitwa jumanne mwiru 	0
/scratch/skscla001/experiments/datasets/swagen/audio/common_voice_sw_36331603.wav	na roma ya kale waberber walisimama upande wa 	1
/scratch/skscla001/experiments/datasets/swagen/audio/common_voice_sw_29956462.wav	helikopta za black hawk zilisafiri kwenda abbottabad 	1
/scratch/skscla001/experiments/datasets/swagen/audio/common_voice_sw_35684147.wav	wanajua uchafuzi wa hewa unatokea wapi ukubwa wa vyanzo 	1
/scratch/skscla001/experiments/datasets/swagen/audio/common_voice_sw_30546177.wav	shirikisho la soka la ulaya likaanzisha michuano ya mataifa ya ulaya 	0
/scratch/skscla001/experiments/datasets/swagen/audio/common_voice_sw_35108276.wav	ee wamejitokeza kupiga kura 	0
/scratch/skscla001/experiments/datasets/swagen/audio/common_voice_sw_30495093.wav	ni kitoweo kitamu sana kwa mujibu wa wenyeji na watalii pia 	0
/scratch/skscla001/experiments/datasets/swagen/audio/common_voice_sw_28670603.wav	kwa matumizi kwenye ndege kuna vipimo sanifu vidogo zaidi 	1
/scratch/skscla001/experiments/datasets/swagen/audio/common_voice_sw_29470107.wav	watu wengine bilioni moja wanakadiriwa kukosa vitamini na madini 	1
/scratch/skscla001/experiments/datasets/swagen/audio/common_voice_sw_29321994.wav	vilevile hakuna tiba bora kwa aina endelevu za ugonjwa huu 	1
/scratch/skscla001/experiments/datasets/swagen/audio/common_voice_sw_31306374.wav	kuendelea chinichini pia wakati wa bargash 	1
/scratch/skscla001/experiments/datasets/swagen/audio/common_voice_sw_29936928.wav	wasichana husimama mbele ya wanaume na kusokota miili huku wakiimba 	1
/scratch/skscla001/experiments/datasets/swagen/audio/common_voice_sw_28258454.wav	miamba hii iko hatarini kupotea 	1
/scratch/skscla001/experiments/datasets/swagen/audio/common_voice_sw_30342575.wav	alipohitimu kidato cha nne samia alijiunga na chuo cha usimamizi wa fedha zanzibari 	1
/scratch/skscla001/experiments/datasets/swagen/audio/common_voice_sw_30107419.wav	hupelekea wanyama kama nyumbu na pundamilia kutoka na kuenda maeneo mengine kujipatia chakula 	1
/scratch/skscla001/experiments/datasets/swagen/audio/common_voice_sw_29791918.wav	punde tu ikaanzisha mapambano ya kulikomboa eneo lake 	0
/scratch/skscla001/experiments/datasets/swagen/audio/common_voice_sw_29935814.wav	alisisitiza umuhimu wa kujua ukweli ili kufikia uhuru 	1
/scratch/skscla001/experiments/datasets/swagen/audio/common_voice_sw_37084600.wav	lugomola bukara rutinwa kiziba kayo za bugabo kahigi kihanja na nyarubamba ihangiro 	1
/scratch/skscla001/experiments/datasets/swagen/audio/common_voice_sw_29865349.wav	baba yake alihamia zambia kama mchungaji wa kanisa la kilutheri 	1
/scratch/skscla001/experiments/datasets/swagen/audio/common_voice_sw_30365224.wav	profesa joseph semboja ambaye ni mchumi na mkuu wa taasisi ya uongozi 	1
/scratch/skscla001/experiments/datasets/swagen/audio/common_voice_sw_35437973.wav	hata hivyo baba wa sinsan amesikitishwa na hukumu hiyo akidai wapinzani wake wa 	0
/scratch/skscla001/experiments/datasets/swagen/audio/common_voice_sw_30007231.wav	wahujumu uchumi walikimbilia nchi za jirani kujificha 	1
/scratch/skscla001/experiments/datasets/swagen/audio/common_voice_sw_28663195.wav	hali ambayo inatokea kila siku katika jamii yetu 	1
/scratch/skscla001/experiments/datasets/swagen/audio/common_voice_sw_30319991.wav	ulisimamiwa na aliyekuwa mkuu wa mkoa wa ruvuma daktari christine ishengoma 	1
/scratch/skscla001/experiments/datasets/swagen/audio/common_voice_sw_36389502.wav	ni pamoja na wahaya ambao wanapatikana zaidi 	1
/scratch/skscla001/experiments/datasets/swagen/audio/common_voice_sw_30003771.wav	walijiona wamedanganywa kwa kutotimiziwa ahadi walizopewa ili wasaliti ujerumani na hungaria 	0
/scratch/skscla001/experiments/datasets/swagen/audio/common_voice_sw_36386141.wav	uturuki na ugiriki mnamo mwaka wa elfumoja miatisa hamsini na mbili 	1
/scratch/skscla001/experiments/datasets/swagen/audio/common_voice_sw_29638989.wav	taarifa kuhusu masoko zinaweza kupatikana kutoka vyanzo mbalimbali na na mbinu 	1
/scratch/skscla001/experiments/datasets/swagen/audio/common_voice_sw_36945355.wav	namna gani kufanya kazi ya kisasa kwa siri kama ni lazimakumi na tano 	1
/scratch/skscla001/experiments/datasets/swagen/audio/common_voice_sw_30585466.wav	mwalimu nyerere alichanganya udongo wa tanzania na zanzibar 	0
/scratch/skscla001/experiments/datasets/swagen/audio/common_voice_sw_29946393.wav	ronaldo ndiye mchezaji aliyecheza mechi nyingi zaidi 	1
/scratch/skscla001/experiments/datasets/swagen/audio/common_voice_sw_31467055.wav	messi alipoteza nafasi adimu ya kuvaa taji la ubingwa wa kombe la dunia 	1
/scratch/skscla001/experiments/datasets/swagen/audio/common_voice_sw_31271283.wav	diego maradona wa argentina alikuwashikika hashikiki 	0
/scratch/skscla001/experiments/datasets/swagen/audio/common_voice_sw_29868978.wav	kutegemea na sekta husika unayotaka kujifunza wewe mwenyewe 	1
/scratch/skscla001/experiments/datasets/swagen/audio/common_voice_sw_31909821.wav	kwenyu hakufungwi nlango usiku 	0
/scratch/skscla001/experiments/datasets/swagen/audio/common_voice_sw_32243054.wav	kanasaka mkoba wake 	1
/scratch/skscla001/experiments/datasets/swagen/audio/common_voice_sw_36385477.wav	mkubwa mkali alimtaja chameleon pale alipoambiwa amtaje msanii mmoja anayetumia nguvu za 	1
/scratch/skscla001/experiments/datasets/swagen/audio/common_voice_sw_28592246.wav	kiasili sinodi ilikuwa mkutano wa maaskofu wa eneo fulani 	1
/scratch/skscla001/experiments/datasets/swagen/audio/common_voice_sw_30026262.wav	wajawazito waliyofuata taratibu za kujikinga hawana maambukizi ya korona 	1
/scratch/skscla001/experiments/datasets/swagen/audio/common_voice_sw_29789500.wav	pande zote mbili ziliunda majeshi makubwa na kuwa na silaha nyingi 	0
/scratch/skscla001/experiments/datasets/swagen/audio/common_voice_sw_28681130.wav	anaendelea kuhamasisha na kufundisha wasanii nchini afrika kusini 	1
/scratch/skscla001/experiments/datasets/swagen/audio/common_voice_sw_28660710.wav	ajibola alizaliwa mjini mazamaza jimbo la lagos 	1
/scratch/skscla001/experiments/datasets/swagen/audio/common_voice_sw_28922814.wav	mwanamke kutoka kwa bwana yake na kwenda kwa bwana mwingine ilikuwa shida 	1
/scratch/skscla001/experiments/datasets/swagen/audio/common_voice_sw_28662061.wav	ni nchi yenye waislamu wengi kuliko nyingine zote duniani 	1
/scratch/skscla001/experiments/datasets/swagen/audio/common_voice_sw_30313785.wav	hawa wakienda tabora wanaambiwa ni wasukuma 	0
/scratch/skscla001/experiments/datasets/swagen/audio/common_voice_sw_30257612.wav	watalii wanatoka ulaya na asia kuja msumbiji 	1
/scratch/skscla001/experiments/datasets/swagen/audio/common_voice_sw_36384115.wav	raia wa uingerza wanataka aendelee kutawala 	1
/scratch/skscla001/experiments/datasets/swagen/audio/common_voice_sw_30628724.wav	timu nyingi za bara la amerika kusini zilifanya vizuri kwenye mashindano 	1
/scratch/skscla001/experiments/datasets/swagen/audio/common_voice_sw_36014039.wav	ya mapenzi lakini sijaingia studio sasa hii naihisi inachukua chati kwa sababu 	1
/scratch/skscla001/experiments/datasets/swagen/audio/common_voice_sw_29942179.wav	hutoa huduma kwa wageni wanaotembelea hifadhi ya ziwa manyara 	1
/scratch/skscla001/experiments/datasets/swagen/audio/common_voice_sw_30371611.wav	ni mara ya kwanza kwa mwanamieleka huyo kuchukua nafasi ya kwanza 	0
/scratch/skscla001/experiments/datasets/swagen/audio/common_voice_sw_30378622.wav	uharibifu huu unatokana na sababu mbalimbali kama vile kutokana na wakati 	0
/scratch/skscla001/experiments/datasets/swagen/audio/common_voice_sw_30365263.wav	jumuiya ya uchumi ya nchi za magharibi mwa afrika 	1
/scratch/skscla001/experiments/datasets/swagen/audio/common_voice_sw_36367329.wav	kuondoa nje ya nchi hiyo raia wa uingereza 	1
/scratch/skscla001/experiments/datasets/swagen/audio/common_voice_sw_28663274.wav	wengine wengi hawana dini yoyote 	1
/scratch/skscla001/experiments/datasets/swagen/audio/common_voice_sw_28670630.wav	makao makuu ya mkoa yako songea mjini 	1
/scratch/skscla001/experiments/datasets/swagen/audio/common_voice_sw_35132373.wav	hata ukipenda kweli huwezi jua sababu ni siri ya moyo wako 	1
/scratch/skscla001/experiments/datasets/swagen/audio/common_voice_sw_28666762.wav	miamba inaweza kutunza maji ndani yake na hivyo kuwezesha uoto zaidi kuliko jangwani 	0
/scratch/skscla001/experiments/datasets/swagen/audio/common_voice_sw_29993169.wav	vazi la kujifunga kiunoni na mabegani ambayo husukwa kwa pamba 	1
/scratch/skscla001/experiments/datasets/swagen/audio/common_voice_sw_36381226.wav	mfumo wa elimu hauko sawa kwa wote 	1
/scratch/skscla001/experiments/datasets/swagen/audio/common_voice_sw_30365466.wav	mkuu sijamuona mimi nilikuwa kule chooni 	1
/scratch/skscla001/experiments/datasets/swagen/audio/common_voice_sw_28704202.wav	kwa jumla ni vitu vya kudumu miaka mingi 	1
/scratch/skscla001/experiments/datasets/swagen/audio/common_voice_sw_30181515.wav	anasema mafanikio ya kisiwa hicho yaliendelea hadi karne ya kumi na nne 	1
/scratch/skscla001/experiments/datasets/swagen/audio/common_voice_sw_36308935.wav	kwenye mji wa yorktown ikalazimika kujisalimisha tangu 	1
/scratch/skscla001/experiments/datasets/swagen/audio/common_voice_sw_30376731.wav	mwaka elfu moja mia tisa tisini na nne 	0
/scratch/skscla001/experiments/datasets/swagen/audio/common_voice_sw_30327202.wav	meli za serikali mia moja na tatu tu 	1
/scratch/skscla001/experiments/datasets/swagen/audio/common_voice_sw_30098687.wav	mapinga magomeni makurunge kiromo yombo na kitame lilipokuwa soko la watumwa 	1
/scratch/skscla001/experiments/datasets/swagen/audio/common_voice_sw_28877810.wav	ujumbe wa kusikiliza ni kama nyimbo 	1
/scratch/skscla001/experiments/datasets/swagen/audio/common_voice_sw_30187471.wav	wanahistoria wanasimulia historia nyingi za viongozi mbalimbali 	1
/scratch/skscla001/experiments/datasets/swagen/audio/common_voice_sw_28735555.wav	ukubwa wa madume ni nusu ya ule wa majike 	1
/scratch/skscla001/experiments/datasets/swagen/audio/common_voice_sw_30363856.wav	lakini pia watoto wanaokuzwa katika mfumo huo wanajengwa katika maadili mazuri 	1
/scratch/skscla001/experiments/datasets/swagen/audio/common_voice_sw_29902987.wav	alisajiliwa na klabu ya mpira wa miguu ya simba mwaka elfu mbili na kumi 	1
/scratch/skscla001/experiments/datasets/swagen/audio/common_voice_sw_36385828.wav	aliuwawa pia kwa kutetea swala hili imeandikwa kwa kidefu habari hii katika 	1
/scratch/skscla001/experiments/datasets/swagen/audio/common_voice_sw_32244311.wav	kumealifu harusi yako 	1
/scratch/skscla001/experiments/datasets/swagen/audio/common_voice_sw_30036646.wav	kutokana na maisha anayoishi yeye na mdogo wake kaisi 	0
/scratch/skscla001/experiments/datasets/swagen/audio/common_voice_sw_29935032.wav	historia ya tanzania ina mambo mengi 	1
/scratch/skscla001/experiments/datasets/swagen/audio/common_voice_sw_35106328.wav	wakati wa sherehe au matatizo aidha hata pombe ya mbege utaweza kuikuta kwenye makusanyiko 	0
/scratch/skscla001/experiments/datasets/swagen/audio/common_voice_sw_30342849.wav	ghana waliibuka washindi wa kombe kwenye fainali zilizochezwa nchini kwao 	1
/scratch/skscla001/experiments/datasets/swagen/audio/common_voice_sw_30326145.wav	wabena walikuwa wakifua vyuma katika kipindi cha karne ya tano 	0
/scratch/skscla001/experiments/datasets/swagen/audio/common_voice_sw_29663343.wav	ujumbe unaweza kupelekwa ndani ya barua pepe yenyewe au kama nyongeza ya barua pepe 	0
/scratch/skscla001/experiments/datasets/swagen/audio/common_voice_sw_29516943.wav	hayo yote yalisababisha mara moja ghasia 	1
/scratch/skscla001/experiments/datasets/swagen/audio/common_voice_sw_30121917.wav	mo dewji alisomea marekani na mpango wake ulikuwa kusalia na kufanya kazi huko 	0
/scratch/skscla001/experiments/datasets/swagen/audio/common_voice_sw_28825451.wav	kuna mbinu mbalimbali kupanga historia hii na kutambua ngazi za maendeleo ndani yake 	1
/scratch/skscla001/experiments/datasets/swagen/audio/common_voice_sw_28877926.wav	kaskazini kawaida huwa juu zaidi kwenye ramani 	1
/scratch/skscla001/experiments/datasets/swagen/audio/common_voice_sw_28581475.wav	rasmi pamoja na nyingine 	1
/scratch/skscla001/experiments/datasets/swagen/audio/common_voice_sw_36945652.wav	bila hivyo 	1
/scratch/skscla001/experiments/datasets/swagen/audio/common_voice_sw_28922506.wav	mji ni makao makuu ya kaunti ya kilifi 	1
/scratch/skscla001/experiments/datasets/swagen/audio/common_voice_sw_31304335.wav	bahati na mkasa 	1
/scratch/skscla001/experiments/datasets/swagen/audio/common_voice_sw_30025168.wav	jim thompson aliandika mnamo mwaka elfu moja mia nane themanini na tano 	1
/scratch/skscla001/experiments/datasets/swagen/audio/common_voice_sw_30183203.wav	bunge limeidhinisha shilingi bilioni mia moja kumi na tano nukta saba tisa nne 	1
/scratch/skscla001/experiments/datasets/swagen/audio/common_voice_sw_28817637.wav	inapatikana sana katika maeneo ya tropiki amerika kusini na afrika lakini si asia 	1
/scratch/skscla001/experiments/datasets/swagen/audio/common_voice_sw_37091755.wav	mbu wanaweza kusambaza virusi vya ukimwi 	1
/scratch/skscla001/experiments/datasets/swagen/audio/common_voice_sw_31305366.wav	ambao hawalimi wala kufanya aina yeyote ya kilimo 	1
/scratch/skscla001/experiments/datasets/swagen/audio/common_voice_sw_35690341.wav	ghafla akamkumbuka mzee alberto kito aliyemtembelea afajiri 	1
/scratch/skscla001/experiments/datasets/swagen/audio/common_voice_sw_36945694.wav	inatoa wito wa kuzingatia jukumu muhimu la waandishi wa habari 	1
/scratch/skscla001/experiments/datasets/swagen/audio/common_voice_sw_30635710.wav	unavipata hivyo katika vyakula vingi unavyokula kama mikate na tambi 	1
/scratch/skscla001/experiments/datasets/swagen/audio/common_voice_sw_29903370.wav	marco van basten alikuwa mfungaji bora 	1
/scratch/skscla001/experiments/datasets/swagen/audio/common_voice_sw_30372095.wav	pato la taifa lilikua kwa asilimia sita nukta sita 	0
/scratch/skscla001/experiments/datasets/swagen/audio/common_voice_sw_34745976.wav	ya maji na kutupwa akituacha bila nguvu 	0
/scratch/skscla001/experiments/datasets/swagen/audio/common_voice_sw_37097771.wav	sisi tuko hapa mpaka saa nane 	1
/scratch/skscla001/experiments/datasets/swagen/audio/common_voice_sw_29963731.wav	blob hawezi kutatua migogoro yoyote hile 	1
/scratch/skscla001/experiments/datasets/swagen/audio/common_voice_sw_29794181.wav	kinachoendelea kutibu mifupa katika kijiji cha image cha mpaka sasa 	0
/scratch/skscla001/experiments/datasets/swagen/audio/common_voice_sw_29788493.wav	zaidi ya hapo mitindo ya vitenge imeanze kuonekana kwenye dunia ya mitindo 	1
/scratch/skscla001/experiments/datasets/swagen/audio/common_voice_sw_28306010.wav	pia yeye ni mwanachama wa shirika la kifalme la fasihi 	1
/scratch/skscla001/experiments/datasets/swagen/audio/common_voice_sw_29976357.wav	kipimo kilikuwa mita elfu tano mia tisa tisini na mbili 	1
/scratch/skscla001/experiments/datasets/swagen/audio/common_voice_sw_29897186.wav	asilimia ipatayo arobaini na tatu ya idadi ya watu wote mkoani ni wahehe 	1
/scratch/skscla001/experiments/datasets/swagen/audio/common_voice_sw_28683159.wav	mamlaka haya yapo mjini dar es salaam 	1
/scratch/skscla001/experiments/datasets/swagen/audio/common_voice_sw_30574934.wav	mourinho ameingia kandarasi na klabu ya roma 	1
/scratch/skscla001/experiments/datasets/swagen/audio/common_voice_sw_29792830.wav	serikali za kikoloni zilikuwa zinaruhusu vyama vya kijamii 	0
/scratch/skscla001/experiments/datasets/swagen/audio/common_voice_sw_36383743.wav	madawa ya kulevya baada ya kuwa yametumiwa na mtu yeyote hupunguza 	1
/scratch/skscla001/experiments/datasets/swagen/audio/common_voice_sw_36255328.wav	inayoitwa tepui katika lugha ya wakazi asilia 	1
/scratch/skscla001/experiments/datasets/swagen/audio/common_voice_sw_29841626.wav	waliokufa katika mapigano wamekadiriwa kuwa themanini hivi 	1
/scratch/skscla001/experiments/datasets/swagen/audio/common_voice_sw_28814609.wav	manyoya yao ni magumu lakini siyo kama yale ya vipanya miiba 	1
/scratch/skscla001/experiments/datasets/swagen/audio/common_voice_sw_30364125.wav	mourinho alipeleka soka la kujihami chelsea 	1
/scratch/skscla001/experiments/datasets/swagen/audio/common_voice_sw_29685407.wav	je ninyi si wa thamani kuliko hao 	1
/scratch/skscla001/experiments/datasets/swagen/audio/common_voice_sw_36387505.wav	hakiwezi kuwa dini ya uislamu wala kiarabu nacho si uislamu tunachoweza kuifanya hiyo 	1
/scratch/skscla001/experiments/datasets/swagen/audio/common_voice_sw_30090786.wav	wapare ni kabila kutoka milima ya pare mkoani wa kilimanjaro 	1
/scratch/skscla001/experiments/datasets/swagen/audio/common_voice_sw_30629024.wav	yalipata majina kulingana na wageni walivyoelewa 	1
/scratch/skscla001/experiments/datasets/swagen/audio/common_voice_sw_30182236.wav	kuelekea mwishoni mwa msimu alipata ofa ya kujiunga na arsenal 	1
/scratch/skscla001/experiments/datasets/swagen/audio/common_voice_sw_30591040.wav	huduma za kijamii kama vile hospitali na elimu 	0
/scratch/skscla001/experiments/datasets/swagen/audio/common_voice_sw_35214571.wav	wapagazi wao walibeba bidhaa kutoka zanzibar zilizobadilishwa kwa pembe za ndovu 	0
/scratch/skscla001/experiments/datasets/swagen/audio/common_voice_sw_29798597.wav	osama alikua tajiri mkubwa saudi arabia alianza kusimamia 	0
/scratch/skscla001/experiments/datasets/swagen/audio/common_voice_sw_28583381.wav	pia aliteuliwa kama waziri msaidizi wa kazi za umma 	0
/scratch/skscla001/experiments/datasets/swagen/audio/common_voice_sw_28660886.wav	kuna matoleo tofauti ya bunduki hizo 	1
/scratch/skscla001/experiments/datasets/swagen/audio/common_voice_sw_29790838.wav	na hiyo ni baadhi ya milima mirefu katika bara la afrika 	0
/scratch/skscla001/experiments/datasets/swagen/audio/common_voice_sw_35963972.wav	licha ya mafanikio hayo lakini pia mashirika haya yamekuwa yakikumbwa na vikwazo vingi 	1
/scratch/skscla001/experiments/datasets/swagen/audio/common_voice_sw_28716395.wav	siku hizi mfereji uko chini ya serikali ya panama 	1
/scratch/skscla001/experiments/datasets/swagen/audio/common_voice_sw_28681814.wav	mafundisho yake zinapatikana pia katika aina ya sauti na video 	1
/scratch/skscla001/experiments/datasets/swagen/audio/common_voice_sw_30196411.wav	nyumba moja ya kupanga imependekezwa kujengwa mahondo 	0
/scratch/skscla001/experiments/datasets/swagen/audio/common_voice_sw_30173517.wav	hifadhi ya mikumi ina ardhi ya mfinyanzi 	0
/scratch/skscla001/experiments/datasets/swagen/audio/common_voice_sw_28825524.wav	huitwa mara nyingi mji wa milele 	1
/scratch/skscla001/experiments/datasets/swagen/audio/common_voice_sw_30026484.wav	msimu uliopita jose mourinho alifukuzwa tottenham 	1
/scratch/skscla001/experiments/datasets/swagen/audio/common_voice_sw_29226964.wav	kufuatana na uainishaji wa lugha kitai daeng iko katika kundi la kitai ya kusini magharibi 	1
/scratch/skscla001/experiments/datasets/swagen/audio/common_voice_sw_29805801.wav	wanasheria waliruhusiwa kufanya kazi zanzibar watu hawakugongewa tena milango usiku 	1
/scratch/skscla001/experiments/datasets/swagen/audio/common_voice_sw_30485818.wav	sera zimefanya vigumu kudumisha maisha ya wamasai 	1
/scratch/skscla001/experiments/datasets/swagen/audio/common_voice_sw_28246354.wav	mazao mengi ni vyakula kama nafaka mboga au matunda 	1
/scratch/skscla001/experiments/datasets/swagen/audio/common_voice_sw_28989758.wav	alicheza kama mshambuliaji wa kati 	1
/scratch/skscla001/experiments/datasets/swagen/audio/common_voice_sw_34942373.wav	mawasiliano kuhusu mchakato unaotumika na utaratibu wa maamuzi 	0
/scratch/skscla001/experiments/datasets/swagen/audio/common_voice_sw_29845522.wav	vita hivyo vilishirikisha baadhi ya makabila ya kusini mwa tanganyika 	1
/scratch/skscla001/experiments/datasets/swagen/audio/common_voice_sw_29796521.wav	mwanamke anayetokea katika kabila la warangi wanaotokea kondoa mkoani dodoma 	1
/scratch/skscla001/experiments/datasets/swagen/audio/common_voice_sw_29936490.wav	kiongozi jasiri wa vita hivyo aliitwa kinjekitile ngwale katika eneo la kusini mwa afrika 	1
/scratch/skscla001/experiments/datasets/swagen/audio/common_voice_sw_29637470.wav	mifano ni chuo cha ufundi chuo cha kilimo au chuo cha ualimu 	1
/scratch/skscla001/experiments/datasets/swagen/audio/common_voice_sw_29697852.wav	wengine ni hasa wakristo wakopti 	1
/scratch/skscla001/experiments/datasets/swagen/audio/common_voice_sw_29936696.wav	hatimae watawala wa omani waliingilia kati na kuwafukuza mabaki ya wareno 	1
/scratch/skscla001/experiments/datasets/swagen/audio/common_voice_sw_37226166.wav	kongamano lilifanyika katika ukumbi wa hoteli ya verde mtoni jijini zanzibar 	1
/scratch/skscla001/experiments/datasets/swagen/audio/common_voice_sw_36252473.wav	na tano baadaye abrahamu babu wa taifa la israeli kwa imani na 	1
/scratch/skscla001/experiments/datasets/swagen/audio/common_voice_sw_30641382.wav	lango la marangu ndiyo makao makuu ya hifadhi 	1
/scratch/skscla001/experiments/datasets/swagen/audio/common_voice_sw_29507950.wav	wakati huo makao yao makuu yalikuwa mjini elmhurst katika eneo la illinois 	1
/scratch/skscla001/experiments/datasets/swagen/audio/common_voice_sw_30376177.wav	hata hivyo wanawake wa kimasai wengi hawana nywele 	1
/scratch/skscla001/experiments/datasets/swagen/audio/common_voice_sw_28673146.wav	nafasi ya wachezaji hubadilika baada ya kila mchezo 	1
/scratch/skscla001/experiments/datasets/swagen/audio/common_voice_sw_28691214.wav	watu wenye pesa wameanza kujenga nyumba hapa pia 	1
/scratch/skscla001/experiments/datasets/swagen/audio/common_voice_sw_31662592.wav	wakamchagua mandela kuwa kiongozi wa kisiasa gerezani kama alivyokuwa nje ya gereza 	1
/scratch/skscla001/experiments/datasets/swagen/audio/common_voice_sw_34917789.wav	ni mwanaharakati wa maswala ya uhuru wa vyombo vya habari 	0
/scratch/skscla001/experiments/datasets/swagen/audio/common_voice_sw_30640451.wav	pamoja na kuunda kanuni mpya za kusimamia vizuri sekta hizo 	0
/scratch/skscla001/experiments/datasets/swagen/audio/common_voice_sw_28681588.wav	alikuwa pia mwigizaji katika filamu nyingi 	1
/scratch/skscla001/experiments/datasets/swagen/audio/common_voice_sw_31996850.wav	tuko tofauti kabisa 	0
/scratch/skscla001/experiments/datasets/swagen/audio/common_voice_sw_30338094.wav	milton obote ndiye alikuwa mpinzani maarufu zaidi na alikuwa amehifadhiwa tanzania 	0
/scratch/skscla001/experiments/datasets/swagen/audio/common_voice_sw_37230033.wav	unaweza jehovah rapha 	1
/scratch/skscla001/experiments/datasets/swagen/audio/common_voice_sw_30380907.wav	kati yao wanawake ni elfu ishirini na tano mia saba na nne 	1
/scratch/skscla001/experiments/datasets/swagen/audio/common_voice_sw_28581479.wav	aina ya tano hupatikana katika sehemu ya bara hindi na arabia 	1
/scratch/skscla001/experiments/datasets/swagen/audio/common_voice_sw_36067440.wav	fimbo lake lilimtega akaanguka 	1
/scratch/skscla001/experiments/datasets/swagen/audio/common_voice_sw_29794644.wav	waluo ni mkusanyiko wa kabila la waniloti ambalo lilisafiri kutoka afrika ya kaskazini 	0
/scratch/skscla001/experiments/datasets/swagen/audio/common_voice_sw_29796187.wav	timu ya taifa ya ureno haikuwahi kutwaa kombe lolote kabla ya ujio wa ronaldo 	1
/scratch/skscla001/experiments/datasets/swagen/audio/common_voice_sw_37098616.wav	lakini mamlaka husika imeweza kuhakikisha kuwa dawa zitumikazo nchini humo 	1
/scratch/skscla001/experiments/datasets/swagen/audio/common_voice_sw_30327319.wav	ilindwe na vikosi vya kiislam aliahidi kutoa 	1
/scratch/skscla001/experiments/datasets/swagen/audio/common_voice_sw_35104393.wav	watakambiliana na westbromich naambiwa wigan na liverpool 	0
/scratch/skscla001/experiments/datasets/swagen/audio/common_voice_sw_29638765.wav	ofisi hufanya kazi yake chini ya kamati ya kimataifa ya vipimo 	1
/scratch/skscla001/experiments/datasets/swagen/audio/common_voice_sw_30116108.wav	washirazi walijigamba kwamba ndio walinunua eneo hilo kutokana na migogoro iliyokuwapo ushirazi 	1
/scratch/skscla001/experiments/datasets/swagen/audio/common_voice_sw_29957526.wav	kila mtu ana ndoto zake kwenye maisha 	1
/scratch/skscla001/experiments/datasets/swagen/audio/common_voice_sw_29925964.wav	maana yake ni upande wa kusini kama wanavyoita wao 	0
/scratch/skscla001/experiments/datasets/swagen/audio/common_voice_sw_29996312.wav	tuhangaikie malazi mavazi na chakula 	1
/scratch/skscla001/experiments/datasets/swagen/audio/common_voice_sw_28691420.wav	asili yake ni katika uchina 	1
/scratch/skscla001/experiments/datasets/swagen/audio/common_voice_sw_30671922.wav	ingawa ardhi ni msingi wa maendeleo kwa watu wote 	1
/scratch/skscla001/experiments/datasets/swagen/audio/common_voice_sw_35108002.wav	results ama matokeo ya uchaguzi 	1
/scratch/skscla001/experiments/datasets/swagen/audio/common_voice_sw_30380708.wav	wakati mwingine maisha yanahitaji kisingizio tu unapokipata unakitumia kama mzee 	1
/scratch/skscla001/experiments/datasets/swagen/audio/common_voice_sw_36643737.wav	tuko kwenye hali isiyo ya kawaida yaani tumejaribu 	0
/scratch/skscla001/experiments/datasets/swagen/audio/common_voice_sw_28584420.wav	katika kiingereza cha uingereza inaendelea kushikilia maana hii 	0
/scratch/skscla001/experiments/datasets/swagen/audio/common_voice_sw_30180212.wav	jimbo ambalo linashiriki mpaka na uganda 	1
/scratch/skscla001/experiments/datasets/swagen/audio/common_voice_sw_31285430.wav	mwinuko wa ardhi kutoka usawa wa bahari ni mita elfu moja mia tano 	0
/scratch/skscla001/experiments/datasets/swagen/audio/common_voice_sw_34746459.wav	huo na mito yake yote mito hutaja 	1
/scratch/skscla001/experiments/datasets/swagen/audio/common_voice_sw_31950197.wav	mame kankana mwanawe 	1
/scratch/skscla001/experiments/datasets/swagen/audio/common_voice_sw_30130807.wav	kazi ya ualimu ndiyo iliyompatia jina ambalo lilimkaa maisha yake yote 	1
/scratch/skscla001/experiments/datasets/swagen/audio/common_voice_sw_30365219.wav	hata mila na desturi zao hutofautiana 	1
/scratch/skscla001/experiments/datasets/swagen/audio/common_voice_sw_35105465.wav	wewe ni daktari wa nini 	0
/scratch/skscla001/experiments/datasets/swagen/audio/common_voice_sw_29960192.wav	fikra zake za kisiasa alizipata nchini kenya 	1
/scratch/skscla001/experiments/datasets/swagen/audio/common_voice_sw_36310684.wav	na kuweka bayana umoja huo unasaka uungwaji mkono 	1
/scratch/skscla001/experiments/datasets/swagen/audio/common_voice_sw_36385941.wav	namwalika edwin david ndegetela katika uchaguzi 	1
/scratch/skscla001/experiments/datasets/swagen/audio/common_voice_sw_31286002.wav	pedro alishinda tuzo ya mchezaji bora kijana akiwa miaka kumi na minane 	0
/scratch/skscla001/experiments/datasets/swagen/audio/common_voice_sw_36381530.wav	wa mkoa wa kilimanjaro huongoza kwa utapiamlo sababu kubwa ni wazazi kujali kazi kuliko 	1
/scratch/skscla001/experiments/datasets/swagen/audio/common_voice_sw_28681021.wav	moja yake ni ukumbi wa zamani wa upasuaji katika london 	1
/scratch/skscla001/experiments/datasets/swagen/audio/common_voice_sw_30147401.wav	idizina bya ngasu netangwa samachau ni jina apewalo mtu mzima aliyepata mchumba na kuoa 	1
/scratch/skscla001/experiments/datasets/swagen/audio/common_voice_sw_28819833.wav	kuna nyota nyingi katika eneo la kundinyota hii 	1
/scratch/skscla001/experiments/datasets/swagen/audio/common_voice_sw_30180570.wav	prescott pia hivi majuzi alitangaza uwekezaji katika maeneo manne ya mkahawa wa walkons 	1
/scratch/skscla001/experiments/datasets/swagen/audio/common_voice_sw_29726190.wav	ilikuwa siku ya ijumaa kuu 	1
/scratch/skscla001/experiments/datasets/swagen/audio/common_voice_sw_29915122.wav	huwezi kuzungumzia hifadhi ya taifa ya arusha bila ya kuugusia mlima meru 	1
/scratch/skscla001/experiments/datasets/swagen/audio/common_voice_sw_30109258.wav	raisi huyo aliipambana na ubaguzi wa rangi 	1
/scratch/skscla001/experiments/datasets/swagen/audio/common_voice_sw_30181636.wav	ripoti hizo awali hazikuushtua uongozi wa jeshi la tanzania 	1
/scratch/skscla001/experiments/datasets/swagen/audio/common_voice_sw_30574591.wav	kama mwaka mmoja au mara chache hadi miaka thelathini 	1
/scratch/skscla001/experiments/datasets/swagen/audio/common_voice_sw_30179818.wav	madume huatamia usiku kwa sababu ya rangi yao ni nyeusi 	1
/scratch/skscla001/experiments/datasets/swagen/audio/common_voice_sw_29725190.wav	v ni zaidi ya kiingereza w 	1
/scratch/skscla001/experiments/datasets/swagen/audio/common_voice_sw_31370931.wav	lahaja moja wapo ya kibena ni kimaswamu 	1
/scratch/skscla001/experiments/datasets/swagen/audio/common_voice_sw_29822612.wav	ukoloni wa waingereza ulianza baada ya wajerumani 	1
/scratch/skscla001/experiments/datasets/swagen/audio/common_voice_sw_31306587.wav	rais wa kwanza wa kenya alikuwa jomo kenyatta 	1
/scratch/skscla001/experiments/datasets/swagen/audio/common_voice_sw_30052687.wav	mke wake wa pili ni bibi ashura binti maisara 	0
/scratch/skscla001/experiments/datasets/swagen/audio/common_voice_sw_28582834.wav	papa gregori i aliandika juu yake sura moja ya kitabu cha majadiliano 	1
/scratch/skscla001/experiments/datasets/swagen/audio/common_voice_sw_36387987.wav	mlima huo uliopo mkoani kilimanjaro unatofautiana 	1
/scratch/skscla001/experiments/datasets/swagen/audio/common_voice_sw_30026565.wav	vilevile desemba hadi februari kwa kuwaona ndege wahamiaji 	1
/scratch/skscla001/experiments/datasets/swagen/audio/common_voice_sw_29796702.wav	wadhifa alioushikilia kwa kipindi kirefu sana 	1
/scratch/skscla001/experiments/datasets/swagen/audio/common_voice_sw_28695742.wav	kufuatana na uainishaji wa lugha kwa ndani zaidi kitoussian kusini iko katika kundi la kigur 	1
/scratch/skscla001/experiments/datasets/swagen/audio/common_voice_sw_29557969.wav	mapigano bila silaha hutumia mbinu za kupiga za kushika na za kuunganisha zote mbili 	0
/scratch/skscla001/experiments/datasets/swagen/audio/common_voice_sw_29959531.wav	chini ya uongozi wa kikomunisti wa john okelo 	1
/scratch/skscla001/experiments/datasets/swagen/audio/common_voice_sw_37089389.wav	nitakapokuona 	1
/scratch/skscla001/experiments/datasets/swagen/audio/common_voice_sw_31317875.wav	nguri hayati karume hakuwa na upendeleo hivyo aliwafanyia simba kama vile 	1
/scratch/skscla001/experiments/datasets/swagen/audio/common_voice_sw_30638509.wav	messi kafanikiwa kuchukua tuzo za ballon dâor mara tano 	1
/scratch/skscla001/experiments/datasets/swagen/audio/common_voice_sw_31368827.wav	wengine wakaanza kuyavamia makazi ya wazungu na kuyachoma moto 	1
/scratch/skscla001/experiments/datasets/swagen/audio/common_voice_sw_31475977.wav	kawaida vinajigawa kwa muda usiopungua saa moja 	1
/scratch/skscla001/experiments/datasets/swagen/audio/common_voice_sw_30574389.wav	pia ipo bandari ya free town nchini siera lione 	0
/scratch/skscla001/experiments/datasets/swagen/audio/common_voice_sw_30021781.wav	kayuni hakuishi litembo maisha yake yote lakini alizaliwa katika ardhi ya litembo 	1
/scratch/skscla001/experiments/datasets/swagen/audio/common_voice_sw_29799401.wav	hadi mwaka elfu moja mia tisa arobaini na tano 	0
/scratch/skscla001/experiments/datasets/swagen/audio/common_voice_sw_36375254.wav	nimefika hapa leo 	1
/scratch/skscla001/experiments/datasets/swagen/audio/common_voice_sw_36390747.wav	ti huo ambo nchi hiyo iko katika mchakato wa kura ya maoni 	1
/scratch/skscla001/experiments/datasets/swagen/audio/common_voice_sw_37096239.wav	hii itawasaidia wakulima kukumbuka taarifa muhimu 	1
/scratch/skscla001/experiments/datasets/swagen/audio/common_voice_sw_30072992.wav	wanaweza kukuambia pekee yao lakini unaweza kuuliza maswali yanayozihusu 	0
/scratch/skscla001/experiments/datasets/swagen/audio/common_voice_sw_28690216.wav	makao makuu yako paris ufaransa 	1
/scratch/skscla001/experiments/datasets/swagen/audio/common_voice_sw_29915600.wav	wajumbe wa mkutano huu walipatana kuelekea kwa shirikisho la muungano 	1
/scratch/skscla001/experiments/datasets/swagen/audio/common_voice_sw_31306628.wav	ziwa eyasi ni sehemu inayochimbwa chumvi ndani ya tanzania 	1
/scratch/skscla001/experiments/datasets/swagen/audio/common_voice_sw_36310986.wav	mgonjwa wa ini atapata kichefuchefu na kutapika 	1
/scratch/skscla001/experiments/datasets/swagen/audio/common_voice_sw_29700321.wav	pamoja na mt 	0
/scratch/skscla001/experiments/datasets/swagen/audio/common_voice_sw_28695758.wav	hujenga tago lao juu ya mti msituni 	1
/scratch/skscla001/experiments/datasets/swagen/audio/common_voice_sw_35501764.wav	jambo hili linawasumbua wale wanaojua historia yake 	0
/scratch/skscla001/experiments/datasets/swagen/audio/common_voice_sw_35425428.wav	li kuweza kukabiliana na mlipuko wa ugonjwa wa kipindupindu 	0
/scratch/skscla001/experiments/datasets/swagen/audio/common_voice_sw_36382311.wav	nauliza maswali mengi sana 	1
/scratch/skscla001/experiments/datasets/swagen/audio/common_voice_sw_36013849.wav	watu wa ghorofani ni wazuri 	1
/scratch/skscla001/experiments/datasets/swagen/audio/common_voice_sw_30243939.wav	mazingira yakiwa mazuri husaidia hasa kwa afya ya watoto wachanga na watoto 	0
/scratch/skscla001/experiments/datasets/swagen/audio/common_voice_sw_36375196.wav	kufikiriai kubadilisha katiba nafikiri hilo halitatusaidia katika bara la afrika lakini vile vile 	1
/scratch/skscla001/experiments/datasets/swagen/audio/common_voice_sw_37226165.wav	uchaguzi ulirudiwa tena mwaka elfu mbili na kumi na sita 	1
/scratch/skscla001/experiments/datasets/swagen/audio/common_voice_sw_29938141.wav	tangu mapinduzi ya kuwaondoa waarabu visiwa hivyo vimeendelea kutawaliwa na chama cha mapinduzi 	1
/scratch/skscla001/experiments/datasets/swagen/audio/common_voice_sw_30180118.wav	hawakujua watafikiaje tamati kutokana na kukosa baadhi mahitaji muhimu 	1
/scratch/skscla001/experiments/datasets/swagen/audio/common_voice_sw_36299955.wav	inaelezwa kuwa kima dume huonyonyeshwa zaidi kuliko jike 	1
/scratch/skscla001/experiments/datasets/swagen/audio/common_voice_sw_28670317.wav	unaweza pia kupata saratani ya ini 	1
/scratch/skscla001/experiments/datasets/swagen/audio/common_voice_sw_28673101.wav	maharagwe huwa na kiasi kikubwa cha protini 	1
/scratch/skscla001/experiments/datasets/swagen/audio/common_voice_sw_30323298.wav	tayari ilishakuwa na kilichokuwa kinasubiriwa ni muda tu wa kuapishwa 	1
/scratch/skscla001/experiments/datasets/swagen/audio/common_voice_sw_29791297.wav	barabara ni chanzo cha maendeleo zikijengwa kwa lami 	0
/scratch/skscla001/experiments/datasets/swagen/audio/common_voice_sw_29571916.wav	walikuwa ndugu wadogo wamisionari huko moroko kati yao yeye tu hakuwa padri 	1
/scratch/skscla001/experiments/datasets/swagen/audio/common_voice_sw_28662053.wav	huyu ni mke wa kwanza wa mzee kizito 	1
/scratch/skscla001/experiments/datasets/swagen/audio/common_voice_sw_29942152.wav	familia inafahamu kuwa matumizi ya jina nelson mandela ni utajiri mwingine 	1
/scratch/skscla001/experiments/datasets/swagen/audio/common_voice_sw_36641213.wav	hakuna mtu mrefu kati yao 	0
/scratch/skscla001/experiments/datasets/swagen/audio/common_voice_sw_29731324.wav	idadi ya wasemaji nchini sudan kusini haijulikani 	1
/scratch/skscla001/experiments/datasets/swagen/audio/common_voice_sw_32245048.wav	kana jenga nyuma yao 	1
/scratch/skscla001/experiments/datasets/swagen/audio/common_voice_sw_30080245.wav	wapo wanaodhani kwamba mrembo ni lazima uwe na umbo namba nane 	0
/scratch/skscla001/experiments/datasets/swagen/audio/common_voice_sw_29946992.wav	tuwakumbushe hawa watu wasione aibu kujitokeza na kuwa na mchango wao 	1
/scratch/skscla001/experiments/datasets/swagen/audio/common_voice_sw_29937962.wav	wanafunzi wengi waliyomaliza elimu ya msingi walijiunga na sekondari 	1
/scratch/skscla001/experiments/datasets/swagen/audio/common_voice_sw_28581778.wav	takriban spishi zote zinatokea kanda za kaskazini mbali 	1
/scratch/skscla001/experiments/datasets/swagen/audio/common_voice_sw_28681018.wav	spishi nyingine hula mbegu hasa nyingine hula wadudu hasa 	1
/scratch/skscla001/experiments/datasets/swagen/audio/common_voice_sw_29822686.wav	dutu za sehemu za siri zinaweza kutibiwa na kuondolewa kwa upasuaji mdogo 	1
/scratch/skscla001/experiments/datasets/swagen/audio/common_voice_sw_29737769.wav	mlima kenya hupatikana katika mpaka wa meru na nyeri 	1
/scratch/skscla001/experiments/datasets/swagen/audio/common_voice_sw_29955982.wav	mwanzoni mtoto huyo wa mchungaji aliajiriwa kama mwalimu 	1
/scratch/skscla001/experiments/datasets/swagen/audio/common_voice_sw_36390537.wav	moja na kufuatiwa na mwingine wa mwaka elfu moja mia tisa kumi na moja 	1
/scratch/skscla001/experiments/datasets/swagen/audio/common_voice_sw_29797270.wav	kuna baadhi ya watu wanadai kuwa huo ni ugomvi wao binafsi ambao unawaumiza wananchi 	1
/scratch/skscla001/experiments/datasets/swagen/audio/common_voice_sw_28690219.wav	kwa sasa ndiyo hospitali kubwa ya rufaa na mafundisho nchini 	1
/scratch/skscla001/experiments/datasets/swagen/audio/common_voice_sw_30182507.wav	jambo la ajabu kwenye gofu hilo wapo nyuki waliojenga kwenye pango 	1
/scratch/skscla001/experiments/datasets/swagen/audio/common_voice_sw_34764221.wav	wasema ni wa luobaadhi ya jamii ya wajaluo wanaoaminika kwamba walikuwa wabantu na 	1
/scratch/skscla001/experiments/datasets/swagen/audio/common_voice_sw_37222934.wav	usiwasahau wanao 	0
/scratch/skscla001/experiments/datasets/swagen/audio/common_voice_sw_30224847.wav	mchakato uliopo hivi sasa ni makumbusho hayo kuchukuliwa kuwa ya kitaifa 	1
/scratch/skscla001/experiments/datasets/swagen/audio/common_voice_sw_36382109.wav	jopo la wataalamu linafanya majadiliano yaende vizuri sana 	1
/scratch/skscla001/experiments/datasets/swagen/audio/common_voice_sw_37331840.wav	alifikia utaratibu wa kuulizwa maswali 	0
/scratch/skscla001/experiments/datasets/swagen/audio/common_voice_sw_30522473.wav	baada ya kukamilisha mafunzo rasmi katika hospitali ya miguel bombarda huko maputo 	0
/scratch/skscla001/experiments/datasets/swagen/audio/common_voice_sw_30258327.wav	ugonjwa wa korona unahatarisha afya ya mama na mtoto 	1
/scratch/skscla001/experiments/datasets/swagen/audio/common_voice_sw_34596920.wav	wareno na wahispania waliunda utawala wao kule amerika 	0
/scratch/skscla001/experiments/datasets/swagen/audio/common_voice_sw_28670250.wav	walikuwa wana wawili na mabinti wawili 	1
/scratch/skscla001/experiments/datasets/swagen/audio/common_voice_sw_30299630.wav	ni mtu wa kabila la wakambi kutoka kenya kutokana na umbile lake kubwa 	1
/scratch/skscla001/experiments/datasets/swagen/audio/common_voice_sw_29551213.wav	alikuwa maarufu kwa kipekee za miundo 	0
/scratch/skscla001/experiments/datasets/swagen/audio/common_voice_sw_31433455.wav	timu kubwa za ulaya zinategemea umahiri wa nyota wa afrika 	1
/scratch/skscla001/experiments/datasets/swagen/audio/common_voice_sw_29795799.wav	mwenge unawasaidia wananchi kukutana na viongozi wao 	1
/scratch/skscla001/experiments/datasets/swagen/audio/common_voice_sw_30654315.wav	watu wanaojidunga dawa za kulevya 	1
/scratch/skscla001/experiments/datasets/swagen/audio/common_voice_sw_30006985.wav	sinema ilizawadiwa globu ya dhahabu kwa muigizaji bora wa vivutio 	1
/scratch/skscla001/experiments/datasets/swagen/audio/common_voice_sw_30561652.wav	namutema na majelee pia sombwe eyaaa namutema na majele na nyingine nyingi 	0
/scratch/skscla001/experiments/datasets/swagen/audio/common_voice_sw_34390788.wav	kama ambavyo imeelezwa na shirika la habari 	1
/scratch/skscla001/experiments/datasets/swagen/audio/common_voice_sw_36387602.wav	la kusini mwa afrika kwa miongo mitatu tangu mwaka elfu moja mia tisa sitini 	1
/scratch/skscla001/experiments/datasets/swagen/audio/common_voice_sw_31266475.wav	nimepata fursa ya kusaidia katika mipango kadha wa kadha zinazofanywa na kikundi 	0
/scratch/skscla001/experiments/datasets/swagen/audio/common_voice_sw_29995704.wav	kunyongwa kisheria hakujulikani na malipo ya kawaida kwa ngombe hutosheleza mambo 	1
/scratch/skscla001/experiments/datasets/swagen/audio/common_voice_sw_30025955.wav	nilikuwa na kikohozi kikali ambacho kimekuwa kikiendelea kuwa kibaya 	1
/scratch/skscla001/experiments/datasets/swagen/audio/common_voice_sw_31823710.wav	hifadhi imepewa jina la nyerere kama njia ya kumuenzi hayati nyerere 	0
/scratch/skscla001/experiments/datasets/swagen/audio/common_voice_sw_36037848.wav	fungua mlango mara moja 	1
/scratch/skscla001/experiments/datasets/swagen/audio/common_voice_sw_30631046.wav	anafanya kazi ya mitindo kama ajira yake 	1
/scratch/skscla001/experiments/datasets/swagen/audio/common_voice_sw_30635648.wav	alisaini ili kusitisha harakati za waarabu dhidi ya uzayuni 	1
/scratch/skscla001/experiments/datasets/swagen/audio/common_voice_sw_34764321.wav	nakumbuka nilipovunjika jinsi ulivyoniinua 	1
/scratch/skscla001/experiments/datasets/swagen/audio/common_voice_sw_29812396.wav	baada ya hapo mnyama alipotea msituni hadi aliporudi tena kwenye ubingwa 	0
/scratch/skscla001/experiments/datasets/swagen/audio/common_voice_sw_35176700.wav	ili niheshimiwe 	0
/scratch/skscla001/experiments/datasets/swagen/audio/common_voice_sw_30434943.wav	serengeti na masai mara zinadumisha umoja kati tanzania na kenya kutokana na muingiliano 	1
/scratch/skscla001/experiments/datasets/swagen/audio/common_voice_sw_29988534.wav	kabla ya mwalimu nyerere hajaongea na watanganyika 	1
/scratch/skscla001/experiments/datasets/swagen/audio/common_voice_sw_28663338.wav	miaka hii ya mwanzoni alikuwa na washirika wenzake katika kazi 	1
/scratch/skscla001/experiments/datasets/swagen/audio/common_voice_sw_30143996.wav	abedi amani karume alitangazwa kuwa rais wa zanzibari 	1
/scratch/skscla001/experiments/datasets/swagen/audio/common_voice_sw_34762308.wav	jacob hakuweza kueleza sana kwa kuwa alikuwa na wasiwasi kwa kumhofia yule mdunguaji 	0
/scratch/skscla001/experiments/datasets/swagen/audio/common_voice_sw_30182908.wav	majangili wanaua simba na chui kupata ngozi zao zenye thamani kubwa 	1
/scratch/skscla001/experiments/datasets/swagen/audio/common_voice_sw_30021558.wav	historia ya kenya kama nchi inayokaliwa na binadamu inaenea miaka laki kama milioni 	1
/scratch/skscla001/experiments/datasets/swagen/audio/common_voice_sw_34958998.wav	bolivia guyana suriname na guyana ya kifaransa kwa 	0
/scratch/skscla001/experiments/datasets/swagen/audio/common_voice_sw_35409273.wav	kanada na japani ambapo sera zenye nguvu sheria na mifumo ya 	0
/scratch/skscla001/experiments/datasets/swagen/audio/common_voice_sw_30180867.wav	tembo na nyani pia wapo chui bila kusahau pundamilia na wanyama wengine wanaokula majani 	1
/scratch/skscla001/experiments/datasets/swagen/audio/common_voice_sw_31286024.wav	samaki aina ya tuna wanapatikana kwenye mto naili 	0
/scratch/skscla001/experiments/datasets/swagen/audio/common_voice_sw_36384314.wav	kipindi cha kutazamana risasi yalifyatuliwa wanamgambo nane 	1
/scratch/skscla001/experiments/datasets/swagen/audio/common_voice_sw_30256101.wav	nyanibah akawa anajibu kwa upole sana 	1
/scratch/skscla001/experiments/datasets/swagen/audio/common_voice_sw_36367239.wav	kawaida mtaani kama sehemu ya kufikia jamii ya tanzania na kuleta mabadiliko mwanafalsafa imeanzisha 	1
/scratch/skscla001/experiments/datasets/swagen/audio/common_voice_sw_30025126.wav	wanaume wana fimbo ambazo huwakilisha kazi yao kubwa ya ufugaji 	1
/scratch/skscla001/experiments/datasets/swagen/audio/common_voice_sw_37092541.wav	nambari ya saba ilichukuliwa na msichana 	1
/scratch/skscla001/experiments/datasets/swagen/audio/common_voice_sw_36318836.wav	huko halijoto kwenye mwezi agosti ni sentigredi 	1
/scratch/skscla001/experiments/datasets/swagen/audio/common_voice_sw_30080656.wav	ipo umbali wa kilomita mbili kusini magharibi kutoka katikati ya jiji la mwanza 	0
/scratch/skscla001/experiments/datasets/swagen/audio/common_voice_sw_28695161.wav	nje ya kutunga mashairi mengi aliandika pia insha na kutafsiri 	1
/scratch/skscla001/experiments/datasets/swagen/audio/common_voice_sw_30631297.wav	nkrumah aliandika baadae ni johnson aliyemfundisha namna gani ya kufanya kazi 	1
/scratch/skscla001/experiments/datasets/swagen/audio/common_voice_sw_37086718.wav	wananchi wana wanahitaji wapewe demokrasi 	1
/scratch/skscla001/experiments/datasets/swagen/audio/common_voice_sw_34944373.wav	mara nyingi kwa kutegemea kujumlisha data ya vifaa vya kufuatilia na 	0
/scratch/skscla001/experiments/datasets/swagen/audio/common_voice_sw_34750687.wav	wakati huu jacob alikuwa tayari kabisa kwenda rwanda 	1
/scratch/skscla001/experiments/datasets/swagen/audio/common_voice_sw_30577567.wav	haki ya mageuzi haina misingi ya kisheria ya kubadili tabia ama mawazo 	1
/scratch/skscla001/experiments/datasets/swagen/audio/common_voice_sw_29798448.wav	hispania ilifungwa mabao matano kwa moja dhidi ya uholanzi 	0
/scratch/skscla001/experiments/datasets/swagen/audio/common_voice_sw_29595579.wav	baina ya spishi hizi yuko ndege wenye mabawa marefu kabisa kuliko ndege wote duniani 	1
/scratch/skscla001/experiments/datasets/swagen/audio/common_voice_sw_30024379.wav	wadigo na wadoe wapo pia wafipa na wagogo 	1
/scratch/skscla001/experiments/datasets/swagen/audio/common_voice_sw_30647708.wav	mafanikio ya bibi titi mohamed katika harakati za ukombozi wa tanganyika 	1
/scratch/skscla001/experiments/datasets/swagen/audio/common_voice_sw_28682642.wav	aliyemfuata kama tenno ni mdogo wake go sanjo 	1
/scratch/skscla001/experiments/datasets/swagen/audio/common_voice_sw_30334221.wav	kombe la dunia la mwaka likarudi brazil kwa mara ya tatu kwenye historia yao 	1
/scratch/skscla001/experiments/datasets/swagen/audio/common_voice_sw_30495156.wav	joto la baharini viwango vya juu vya unyevu na kutokuwa na utulivu wa anga 	0
/scratch/skscla001/experiments/datasets/swagen/audio/common_voice_sw_30572902.wav	mwaka wa elfu mbili na saba kulingana na chuo cha sanaa ya bagamoyo 	0
/scratch/skscla001/experiments/datasets/swagen/audio/common_voice_sw_30575008.wav	wakaazi wa eneo hili ni waluhya ambao wanategemea msitu huu 	0
/scratch/skscla001/experiments/datasets/swagen/audio/common_voice_sw_29628539.wav	tarehe ya mwaka mpya inategemea kalenda yake 	1
/scratch/skscla001/experiments/datasets/swagen/audio/common_voice_sw_36945554.wav	hivyo kuwa kivutio kikubwa kwa wapanda milima kutoka kila pande za dunia 	1
/scratch/skscla001/experiments/datasets/swagen/audio/common_voice_sw_28815864.wav	fani ya saikolojia kiafya katika nchi nyingi iko chini ya kanuni za maadili 	1
/scratch/skscla001/experiments/datasets/swagen/audio/common_voice_sw_36385399.wav	alizaliwa mwaka elfu moja mia tisa na nne 	1
/scratch/skscla001/experiments/datasets/swagen/audio/common_voice_sw_37090323.wav	vya asili badala ya kumwabudu mungu mungu akakasirika hata akauangamiza ulimwengu ule kwa maji 	1
/scratch/skscla001/experiments/datasets/swagen/audio/common_voice_sw_30070719.wav	ousmane dembele alifunga goli katika dakika ya sabini na moja 	0
/scratch/skscla001/experiments/datasets/swagen/audio/common_voice_sw_34831741.wav	mawimbi haya yalitumika kwa mawasiliano kati yao 	0
/scratch/skscla001/experiments/datasets/swagen/audio/common_voice_sw_30201291.wav	ni miongoni mwa vilele vitano tanzania 	1
/scratch/skscla001/experiments/datasets/swagen/audio/common_voice_sw_34750213.wav	unataka kupigwa picha 	1
/scratch/skscla001/experiments/datasets/swagen/audio/common_voice_sw_31665689.wav	benjamini wiliam mkapa alikuwa raisi wa awamu ya tatu 	1
/scratch/skscla001/experiments/datasets/swagen/audio/common_voice_sw_30115796.wav	historia hiyo inatuelezea waafrika na bara letu kama watu tuliokuwa nyuma sana kimaendeleo 	1
/scratch/skscla001/experiments/datasets/swagen/audio/common_voice_sw_30124010.wav	kijiji hiki kilianzishwa na wabalawa ambao walichanganyika na wazaramo 	0
/scratch/skscla001/experiments/datasets/swagen/audio/common_voice_sw_29944862.wav	pamoja na kuenea kwa elimu juu ya ugonjwa huu 	1
/scratch/skscla001/experiments/datasets/swagen/audio/common_voice_sw_29936829.wav	mwisho wa utawala wa austria nahungaria na wa ule wa taifa la uturuki 	1
/scratch/skscla001/experiments/datasets/swagen/audio/common_voice_sw_29887263.wav	hususani wageni wanaoingia katika mkoa wa tanga kutalii 	1
/scratch/skscla001/experiments/datasets/swagen/audio/common_voice_sw_30478657.wav	mungu ni mkuu kuliko hofu uliyonayo 	1
/scratch/skscla001/experiments/datasets/swagen/audio/common_voice_sw_29618169.wav	pia ni wimbo pekee kutoka katika albamu kuwa na muziki wa video 	1
/scratch/skscla001/experiments/datasets/swagen/audio/common_voice_sw_35206680.wav	mashindano hayo kukamilika hii ikiwa ina maana kwamba tottenham hotspurs 	0
/scratch/skscla001/experiments/datasets/swagen/audio/common_voice_sw_28695389.wav	aliendelea kutunga pia vitabu na tamthiliya 	1
/scratch/skscla001/experiments/datasets/swagen/audio/common_voice_sw_28876200.wav	wana ngozi ndefu chini ya koo lao 	1
/scratch/skscla001/experiments/datasets/swagen/audio/common_voice_sw_37085608.wav	ujerumani kwa juhudi zake za kuliunganisha bara la ulayarais wa zamani wa marekani 	1
/scratch/skscla001/experiments/datasets/swagen/audio/common_voice_sw_30333822.wav	idadi ya watu inaongezeka kwa kasi na hivyo pia kuongezeka kwa wakulima 	1
/scratch/skscla001/experiments/datasets/swagen/audio/common_voice_sw_30470930.wav	mwili wote wa nyangumi unalingana na maisha ya majini 	1
/scratch/skscla001/experiments/datasets/swagen/audio/common_voice_sw_36389370.wav	kinachotakiwa ni kuiunga mkono serikali ya awamu ya nane 	1
/scratch/skscla001/experiments/datasets/swagen/audio/common_voice_sw_29897879.wav	profesa tibaijuka alizungumzia kuhusu kuhusishwa kwake na sakata la akaunti ya tegeta 	1
/scratch/skscla001/experiments/datasets/swagen/audio/common_voice_sw_30204442.wav	vijiji vya jirani zake kwa maana ya kupanua tena himaya yake 	0
/scratch/skscla001/experiments/datasets/swagen/audio/common_voice_sw_30056152.wav	pia raia wa burundi wanapeleka bidhaa zao tanzania kutafuta soko 	0
/scratch/skscla001/experiments/datasets/swagen/audio/common_voice_sw_30123765.wav	katiba hiyo ilitokana na azimio la sheria ya uhuru lililopitishwa katika bunge la uingereza 	0
/scratch/skscla001/experiments/datasets/swagen/audio/common_voice_sw_30630847.wav	zinafanyika shughuli za usafirishaji wa mizigo na abiria pia 	1
/scratch/skscla001/experiments/datasets/swagen/audio/common_voice_sw_30330049.wav	shughuli hizi hufanyika katika misitu ya asili na ya watu 	0
/scratch/skscla001/experiments/datasets/swagen/audio/common_voice_sw_29976799.wav	milima ya nyabweshongoile na milima ya nyakagando 	1
/scratch/skscla001/experiments/datasets/swagen/audio/common_voice_sw_35183586.wav	raisi magufuli alilalamika kwa kukuta hazina haina fedha 	0
/scratch/skscla001/experiments/datasets/swagen/audio/common_voice_sw_29850241.wav	hakikisha unaondoa ngozi zilizokufa mara kwa mara 	1
/scratch/skscla001/experiments/datasets/swagen/audio/common_voice_sw_28839512.wav	ndiyo maana yeye ni shujaa wa muziki wa injili wa sasa hizi 	0
/scratch/skscla001/experiments/datasets/swagen/audio/common_voice_sw_37218564.wav	dhambi zangu kuziosha 	0
/scratch/skscla001/experiments/datasets/swagen/audio/common_voice_sw_30071965.wav	kuchimba visima vya maji na kuchimba barabara na kadhalika 	0
/scratch/skscla001/experiments/datasets/swagen/audio/common_voice_sw_32243057.wav	ametumia kanuni rahisi 	1
/scratch/skscla001/experiments/datasets/swagen/audio/common_voice_sw_29539714.wav	mto unaitwa kuanzia hapa kwa jina la galana 	1
/scratch/skscla001/experiments/datasets/swagen/audio/common_voice_sw_29795927.wav	wanawake wa kimasai daima wamekuwa wakikaa pamoja katika majukumu yao ya kila siku 	1
/scratch/skscla001/experiments/datasets/swagen/audio/common_voice_sw_30110805.wav	kenya pia imetawala voliboli ya wanawake barani afrika 	0
/scratch/skscla001/experiments/datasets/swagen/audio/common_voice_sw_37096500.wav	dawa za kulevya kama vile baklofeni kupunguza utashi na 	1
/scratch/skscla001/experiments/datasets/swagen/audio/common_voice_sw_36380943.wav	unaweza kupata watu wengi 	1
/scratch/skscla001/experiments/datasets/swagen/audio/common_voice_sw_29793647.wav	hata hivyo singida united nayo imeonyesha nia ya kumsajili 	0
/scratch/skscla001/experiments/datasets/swagen/audio/common_voice_sw_30327407.wav	hayo yalisemwa na watafiti wa maisha na mwenendo wa mbuni 	1
/scratch/skscla001/experiments/datasets/swagen/audio/common_voice_sw_30104564.wav	hata hivyo nyumba zao za asili zinajengwa kwa kutumia miti 	1
/scratch/skscla001/experiments/datasets/swagen/audio/common_voice_sw_30718302.wav	nchi ya tanzania ilihitaji miundombinu bora 	0
/scratch/skscla001/experiments/datasets/swagen/audio/common_voice_sw_36373725.wav	wa amazon umepata asilimia hamsini mrefu na 	1
/scratch/skscla001/experiments/datasets/swagen/audio/common_voice_sw_30376108.wav	msemaji wa chama tawala cha uganda alizungumzia kauli ya chavez 	1
/scratch/skscla001/experiments/datasets/swagen/audio/common_voice_sw_30574587.wav	alipoandaa mkutano mkubwa wa chama chake uliozibadili 	1
/scratch/skscla001/experiments/datasets/swagen/audio/common_voice_sw_36013795.wav	kwakiasi kikubwa kuenea kwa lugha hii nchini 	1
/scratch/skscla001/experiments/datasets/swagen/audio/common_voice_sw_28815171.wav	spishi zote zinatokea karibu na maji ama baridi ama ya bahari 	1
/scratch/skscla001/experiments/datasets/swagen/audio/common_voice_sw_30081512.wav	ipo umbali wa kilometa mia mbili themanini na tatu magharibi kwa dar es salaam 	1
/scratch/skscla001/experiments/datasets/swagen/audio/common_voice_sw_37097965.wav	mango km makaa ya mawe au mafuta ya taa 	1
/scratch/skscla001/experiments/datasets/swagen/audio/common_voice_sw_30026004.wav	ushirikiano hauwezi kuja bila kuwa na demokrasia 	1
/scratch/skscla001/experiments/datasets/swagen/audio/common_voice_sw_35107653.wav	vijana wakizanzibari kama at rico single off side trick na wengineo walianza 	0
/scratch/skscla001/experiments/datasets/swagen/audio/common_voice_sw_29612850.wav	anaheshimiwa kama mtakatifu na mwalimu wa kanisa 	1
/scratch/skscla001/experiments/datasets/swagen/audio/common_voice_sw_35442443.wav	watatu waliomkaribia aliagiza kuwaua bila kuongea nao kumbe walikuwa mabalozi wa mkwawa aliyetaka kujadiliana 	0
/scratch/skscla001/experiments/datasets/swagen/audio/common_voice_sw_31997803.wav	kula kwa kiasi maneno yako ni ya kiasi 	0
/scratch/skscla001/experiments/datasets/swagen/audio/common_voice_sw_30327192.wav	yai moja la mbuni ni sawa na mayai ishirini ya kuku 	1
/scratch/skscla001/experiments/datasets/swagen/audio/common_voice_sw_29306327.wav	de wever alizaliwa mortsel ubelgiji 	1
/scratch/skscla001/experiments/datasets/swagen/audio/common_voice_sw_35224116.wav	wa familia hiyo ambayo imeenda nisema huyo mtoto akitoka hapa 	1
/scratch/skscla001/experiments/datasets/swagen/audio/common_voice_sw_29731728.wav	aliwahi kuwa na watoto wawili kabla ya kuoa 	0
/scratch/skscla001/experiments/datasets/swagen/audio/common_voice_sw_32090743.wav	sidharau nnlinga ndio uuvao nkoko 	1
/scratch/skscla001/experiments/datasets/swagen/audio/common_voice_sw_29993831.wav	au juu ya kile kilichomuliwa na mkutano huo wa berlini 	1
/scratch/skscla001/experiments/datasets/swagen/audio/common_voice_sw_29887444.wav	sherehe za tuzo za reggae ya kimataifa na muziki wa ulimwengu 	1
/scratch/skscla001/experiments/datasets/swagen/audio/common_voice_sw_29939200.wav	miongoni mwetu tumekuwa tukisahau asili zetu na kutotambua kuwa ni wapi tulipotoka 	0
/scratch/skscla001/experiments/datasets/swagen/audio/common_voice_sw_36385776.wav	hao na wakristo wa kwanza walio wengi waliishi chini ya serikali ya roma 	1
/scratch/skscla001/experiments/datasets/swagen/audio/common_voice_sw_30180485.wav	nyama haiwezi kutambulika kama chakula kikuu 	1
/scratch/skscla001/experiments/datasets/swagen/audio/common_voice_sw_34392006.wav	wapi maisha yako kwa ujumla nimezaliwa miaka thelathini iliyopita na nimezaliwa zanzibar 	1
/scratch/skscla001/experiments/datasets/swagen/audio/common_voice_sw_29696886.wav	na timu ya taifa ya kroatia 	1
/scratch/skscla001/experiments/datasets/swagen/audio/common_voice_sw_29938494.wav	na umiliki haramu wa silaha shughuli zao katika makambi 	1
/scratch/skscla001/experiments/datasets/swagen/audio/common_voice_sw_30031217.wav	uthibitisho wa hili ni pale wanapoonekana kuishi vyema na makabila yaliyowazunguka 	0
/scratch/skscla001/experiments/datasets/swagen/audio/common_voice_sw_30674941.wav	jamii ya kiarabu wasio wazanzibari iliamriwa kuondoka 	1
/scratch/skscla001/experiments/datasets/swagen/audio/common_voice_sw_30274994.wav	kwa kawaida makabila mengine yote ya wafugaji ukiwatoa wasukuma 	0
/scratch/skscla001/experiments/datasets/swagen/audio/common_voice_sw_29850290.wav	waandishi wa habari nchini tanzania wanasema wamekuwa wakipitia kwenye wakati mgumu 	1
/scratch/skscla001/experiments/datasets/swagen/audio/common_voice_sw_30150521.wav	madrid ya zidane ilikuwa timu imara barani ulaya 	1
/scratch/skscla001/experiments/datasets/swagen/audio/common_voice_sw_29789326.wav	kuna wakati rais wa barcolona joan laporta aliwahi kusema 	1
/scratch/skscla001/experiments/datasets/swagen/audio/common_voice_sw_28584712.wav	kumbe maelezo ya sayansi ni kama ifuatavyo 	0
/scratch/skscla001/experiments/datasets/swagen/audio/common_voice_sw_30021015.wav	kwa kawaida bakteria zinaweza kukua na kuishi tu ndani ya seli ya kiumbe 	1
/scratch/skscla001/experiments/datasets/swagen/audio/common_voice_sw_30020826.wav	wanapatikana samaki wa kila aina pamoja wa viumbe vingine wanaoishi kwenye maji 	1
/scratch/skscla001/experiments/datasets/swagen/audio/common_voice_sw_36644250.wav	mwingine mashuhuri zaidi ni mwande akifahamika kama mwenye 	0
/scratch/skscla001/experiments/datasets/swagen/audio/common_voice_sw_28922039.wav	baada ya yesu ndiye mtu anayejulikana zaidi katika injili zote nne 	1
/scratch/skscla001/experiments/datasets/swagen/audio/common_voice_sw_29959501.wav	bi aneth alimuuliza baada ya kumuona mkuu wake mwenye mawazo 	1
/scratch/skscla001/experiments/datasets/swagen/audio/common_voice_sw_36368206.wav	alijikusanyia asilimia ishirini na tano nukta sitini na sita 	1
/scratch/skscla001/experiments/datasets/swagen/audio/common_voice_sw_29979670.wav	baadhi ya watafiti walienda kumchunguza blob 	1
/scratch/skscla001/experiments/datasets/swagen/audio/common_voice_sw_29939018.wav	pia hifadhi hii inapitiwa na njia ya treni inayoelekea katika taifa jirani la zambia 	1
/scratch/skscla001/experiments/datasets/swagen/audio/common_voice_sw_36039605.wav	dube alikuwa akiendesha gari lake la aina ya chrysler 	1
/scratch/skscla001/experiments/datasets/swagen/audio/common_voice_sw_28581513.wav	kwa upande wa kaskazini mwa nyanda za juu iko tambarare ya siberia ya kaskazini 	1
/scratch/skscla001/experiments/datasets/swagen/audio/common_voice_sw_36387480.wav	watu wawili waliokuwa mlangoni wakiwa wamefunika nyuso zao 	1
/scratch/skscla001/experiments/datasets/swagen/audio/common_voice_sw_30582057.wav	wasukuma pia wanajihusisha sana na kilimo cha mazao ya nafaka na mifugo 	0
/scratch/skscla001/experiments/datasets/swagen/audio/common_voice_sw_34942627.wav	kuzitumia kwa sababu moja tu wanafurahia kufanya hivyo 	0
/scratch/skscla001/experiments/datasets/swagen/audio/common_voice_sw_29899230.wav	ilionekana ya kwamba nchi za mashariki zilibaki nyuma sana 	1
/scratch/skscla001/experiments/datasets/swagen/audio/common_voice_sw_34906851.wav	mpango wa taifa wa maendeleo uelewa wake wa serikali na ubobezi wake kama mchumi 	0
/scratch/skscla001/experiments/datasets/swagen/audio/common_voice_sw_30098929.wav	real madrid ndiyo iliyoitoa bayern munich 	1
/scratch/skscla001/experiments/datasets/swagen/audio/common_voice_sw_29938484.wav	atajaribu kuyasimbua kwa kutumia vidokezo kidogo vya habari alivyonavyo 	1
/scratch/skscla001/experiments/datasets/swagen/audio/common_voice_sw_29962452.wav	brazil ndio walitwaa kombe la dunia 	1
/scratch/skscla001/experiments/datasets/swagen/audio/common_voice_sw_37088387.wav	huenda kutembelea kuogelea na kutazama jua likizama kwenye fukwe ya bahari ya hindi 	1
/scratch/skscla001/experiments/datasets/swagen/audio/common_voice_sw_30582837.wav	kusimamia na kudhibiti mabenki na taasisi za fedha 	1
/scratch/skscla001/experiments/datasets/swagen/audio/common_voice_sw_37088987.wav	abrahamu kama kielelezo cha imani na rafiki wa mungu 	1
/scratch/skscla001/experiments/datasets/swagen/audio/common_voice_sw_29977787.wav	mashabiki wanataka kuona soka safisoka la kwenye kitabu ndilo linalotakiwa 	1
/scratch/skscla001/experiments/datasets/swagen/audio/common_voice_sw_30631353.wav	mwombaji akiamua mwizi auawe basi kwa vile anaonekana kwenye matambiko 	1
/scratch/skscla001/experiments/datasets/swagen/audio/common_voice_sw_34745481.wav	cha ukubwa mkubwa baada ya simba na tigers 	0
/scratch/skscla001/experiments/datasets/swagen/audio/common_voice_sw_30025044.wav	wilaya ya same ina eneo kubwa sana 	0
/scratch/skscla001/experiments/datasets/swagen/audio/common_voice_sw_31285870.wav	mwamubambe alipoona mambo yamemzidia akatimua mbio 	0
/scratch/skscla001/experiments/datasets/swagen/audio/common_voice_sw_31286373.wav	ukiwa kwenye hifadhi ya tarangire unaweza kuona makundi makubwa ya tembo 	1
/scratch/skscla001/experiments/datasets/swagen/audio/common_voice_sw_36373509.wav	hewa kwa sababu nyingi ya shughuli zao ni vyanzo vya aina mbali mbali 	1
/scratch/skscla001/experiments/datasets/swagen/audio/common_voice_sw_37089251.wav	gani yanayohitaji ufumbuzi wa aina gani hili ni jambo kubwa sana kwake japokuwa tutaendelea 	1
/scratch/skscla001/experiments/datasets/swagen/audio/common_voice_sw_30640441.wav	baadhi ya watu walimwona kama katili 	0
/scratch/skscla001/experiments/datasets/swagen/audio/common_voice_sw_29787838.wav	vile vile nyangumi bluu anaweza kufikia uzito wa tani mia mbili 	1
/scratch/skscla001/experiments/datasets/swagen/audio/common_voice_sw_29787755.wav	padre paul haule alianza kujisikia vibaya siku ya jumatatu 	1
/scratch/skscla001/experiments/datasets/swagen/audio/common_voice_sw_28663170.wav	jangwa hilo linapatikana katika majimbo ya australia magharibi na australia kusini 	1
/scratch/skscla001/experiments/datasets/swagen/audio/common_voice_sw_29936801.wav	watalii wanaopenda kupanda milima watafurahia wakiwa tanzania 	1
/scratch/skscla001/experiments/datasets/swagen/audio/common_voice_sw_30635728.wav	mourinho ni kocha asiyekubali kushindwa kirahisi 	1
/scratch/skscla001/experiments/datasets/swagen/audio/common_voice_sw_30143855.wav	ukiwa na urefu wa mita elfu tano mia nane tisini na tano 	0
/scratch/skscla001/experiments/datasets/swagen/audio/common_voice_sw_29794062.wav	timu kubwa zote hazina pesa kwa kioindi hiki 	0
/scratch/skscla001/experiments/datasets/swagen/audio/common_voice_sw_30471001.wav	miaka hiyo biashara ya watumwa ilishamiri sana 	1
/scratch/skscla001/experiments/datasets/swagen/audio/common_voice_sw_30100659.wav	ukiachia wajaluo mkoani mara pia kuna wataturu na wanandi 	0
/scratch/skscla001/experiments/datasets/swagen/audio/common_voice_sw_35056452.wav	mwanafamilia anayezaliwa husajiliwa na anayekufa pia huwekwa kwenye daftari ljeusi la wafu ambalo kila 	0
/scratch/skscla001/experiments/datasets/swagen/audio/common_voice_sw_29790810.wav	kunaweza pia kushuhudiwa dalili nyingine ya kawaida ni maumivu ya misuli au viungo 	0
/scratch/skscla001/experiments/datasets/swagen/audio/common_voice_sw_28681684.wav	yote hupunguza gharama za ujenzi 	1
/scratch/skscla001/experiments/datasets/swagen/audio/common_voice_sw_29655079.wav	hili kundi lilikuwa dogo zaidi 	0
/scratch/skscla001/experiments/datasets/swagen/audio/common_voice_sw_36251321.wav	walilazimisha kila akida afahamu kiswahili barabara ili 	1
/scratch/skscla001/experiments/datasets/swagen/audio/common_voice_sw_29896362.wav	mfano wa makundi ya mapigano yenye kumiliki silaha 	1
/scratch/skscla001/experiments/datasets/swagen/audio/common_voice_sw_37083420.wav	mfalme henry aliwaweka mabinti zake kwenye orodha 	1
/scratch/skscla001/experiments/datasets/swagen/audio/common_voice_sw_28670201.wav	yapo matoleo mawili ya muziki wa video 	1
/scratch/skscla001/experiments/datasets/swagen/audio/common_voice_sw_35118905.wav	pamoja na umasikini wake wa rasilimali na madhila mengine ya ukoloni mkongwe 	0
/scratch/skscla001/experiments/datasets/swagen/audio/common_voice_sw_34819371.wav	na tayari mnamo elfumoja miatisa arobaini na nne 	0
/scratch/skscla001/experiments/datasets/swagen/audio/common_voice_sw_35963924.wav	cameron ameongea na mfalme wa nchi hiyo hamadi is bin issah alhalifa jana usiku 	1
/scratch/skscla001/experiments/datasets/swagen/audio/common_voice_sw_34993142.wav	huu sio kila kwamba kila nchi inataka pengine ifaidi peke yake 	0
/scratch/skscla001/experiments/datasets/swagen/audio/common_voice_sw_28682603.wav	aliendelea kuchora picha nyingi za dini juu ya habari na watu wa biblia 	1
/scratch/skscla001/experiments/datasets/swagen/audio/common_voice_sw_30668382.wav	kwa miaka ya karibuni kuta za tembe hujengwa pia kwa matofali yanayotengenezwa kwa udongo 	1
/scratch/skscla001/experiments/datasets/swagen/audio/common_voice_sw_29960798.wav	maporomoko ambayo yamekuwa vivutio sana kwa watalii wa nchi mbalimbali 	1
/scratch/skscla001/experiments/datasets/swagen/audio/common_voice_sw_30363370.wav	wanapenda kurudi ziwa manyara kwa sababu wanafuata chakula cha kutosha 	0
/scratch/skscla001/experiments/datasets/swagen/audio/common_voice_sw_29939164.wav	jose mourinho aliwahi kusema kufungwa hakuondoi ubora wa mechi 	1
/scratch/skscla001/experiments/datasets/swagen/audio/common_voice_sw_28690372.wav	ligi kuu ya ethiopia 	1
/scratch/skscla001/experiments/datasets/swagen/audio/common_voice_sw_36037083.wav	watu hao waliambukizwa virusi vya ukimwi 	1
/scratch/skscla001/experiments/datasets/swagen/audio/common_voice_sw_34797853.wav	weupe wa ulaya tangu zama za katitukio hili lilisababisha mapinduzi ya urusi ya 	0
/scratch/skscla001/experiments/datasets/swagen/audio/common_voice_sw_30379743.wav	mji mkuu katika kabila la upare ni maore ulioko wilaya ya same 	1
/scratch/skscla001/experiments/datasets/swagen/audio/common_voice_sw_35586602.wav	alirejea nyumbani nairobi akitokea the haque uholanzi yalipo makao makuu ya mahakama 	0
/scratch/skscla001/experiments/datasets/swagen/audio/common_voice_sw_36310864.wav	hakuna kitu kinachoonyesha kutokuheshimu mtu kama kukosea kutamka jina lake 	1
/scratch/skscla001/experiments/datasets/swagen/audio/common_voice_sw_30628910.wav	akiwa uhamishoni amin alifadhili mabaki ya jeshi lake 	1
/scratch/skscla001/experiments/datasets/swagen/audio/common_voice_sw_37229694.wav	ati hayahusu afrika lakini sivyo 	1
/scratch/skscla001/experiments/datasets/swagen/audio/common_voice_sw_34598021.wav	mwinyi ni kiongozi bora pia ni nahodha bora katika sekta mbalimbali 	0
/scratch/skscla001/experiments/datasets/swagen/audio/common_voice_sw_30117977.wav	luther aliendelea kutoa mafundisho kwa ajili ya kanisa linalofuata maagizo 	1
/scratch/skscla001/experiments/datasets/swagen/audio/common_voice_sw_29986553.wav	ujenzi wa reli ya kisasa ya kutumia mumeme 	1
/scratch/skscla001/experiments/datasets/swagen/audio/common_voice_sw_36807770.wav	mwenye nguvu na uweza ni wewe 	1
/scratch/skscla001/experiments/datasets/swagen/audio/common_voice_sw_34958702.wav	matumaini yangu ni ya hakika 	0
/scratch/skscla001/experiments/datasets/swagen/audio/common_voice_sw_35582698.wav	wanafunzi wako darasani 	0
/scratch/skscla001/experiments/datasets/swagen/audio/common_voice_sw_30661149.wav	serikali za kikoloni zilipofanya taratibu za kuwaweka huru 	1
/scratch/skscla001/experiments/datasets/swagen/audio/common_voice_sw_28584625.wav	ufafanuzi wa vizio vya upimaji 	0
/scratch/skscla001/experiments/datasets/swagen/audio/common_voice_sw_29936750.wav	platin alikuwa rais wa shirikisho la soka barani ulaya 	1
/scratch/skscla001/experiments/datasets/swagen/audio/common_voice_sw_29660320.wav	ndilo daraja kubwa katika afrika ya mashariki 	1
/scratch/skscla001/experiments/datasets/swagen/audio/common_voice_sw_30051830.wav	hii inamaanisha watu hao hawawezi kusambaza virusi hivyo 	0
/scratch/skscla001/experiments/datasets/swagen/audio/common_voice_sw_30326744.wav	biashara hii ilifanyika kwa muda mrefu sana 	1
/scratch/skscla001/experiments/datasets/swagen/audio/common_voice_sw_29981971.wav	mlima lool malasin elfu tatu mia sita ishirini na sita 	1
/scratch/skscla001/experiments/datasets/swagen/audio/common_voice_sw_29902573.wav	baadae kichwa cha hussein kilionekana wakati wa karamu ya kifahari 	1
/scratch/skscla001/experiments/datasets/swagen/audio/common_voice_sw_37091523.wav	kupiga kura kukiangalia nyuso zao sudan kusini hapo juba 	0
/scratch/skscla001/experiments/datasets/swagen/audio/common_voice_sw_29795402.wav	bidhaa zake zilikubaliwa na watu wengi sana 	1
/scratch/skscla001/experiments/datasets/swagen/audio/common_voice_sw_28669383.wav	magharibi iko morogoro vijijini na upande wa mashariki wilaya inapakana na bahari ya hindi 	1
/scratch/skscla001/experiments/datasets/swagen/audio/common_voice_sw_34944301.wav	watu wengine na zaidi ya hayo hawajisifu kwa 	0
/scratch/skscla001/experiments/datasets/swagen/audio/common_voice_sw_29789976.wav	na shanga za jadi na kutumiwa kutengeneza 	0
/scratch/skscla001/experiments/datasets/swagen/audio/common_voice_sw_35104883.wav	ambaye alifariki akiwa madarakani hayati john joseph pombe magufuli 	0
/scratch/skscla001/experiments/datasets/swagen/audio/common_voice_sw_30628196.wav	uingereza ulileta patano la kuwa zanzibar itakuwa chini ya uingereza 	0
/scratch/skscla001/experiments/datasets/swagen/audio/common_voice_sw_30268832.wav	waandishi wa kitabu cha deadly developments stephen na downs reyna 	1
/scratch/skscla001/experiments/datasets/swagen/audio/common_voice_sw_29799384.wav	hayati julius nyerere alitangaza vita dhidi ya uganda 	0
/scratch/skscla001/experiments/datasets/swagen/audio/common_voice_sw_30024646.wav	watu waliofanikiwa kufika kileleni na kushuka wanapendekeza unywe lita tano za maji kwa siku 	1
/scratch/skscla001/experiments/datasets/swagen/audio/common_voice_sw_36253358.wav	alikuwa amepoteza masaa meengi alipokuwa amepoteza fahamu 	1
/scratch/skscla001/experiments/datasets/swagen/audio/common_voice_sw_30327745.wav	hii ikapekelekea kuzuka kwa baadhi ya majina ya makabila mbalimbali 	0
/scratch/skscla001/experiments/datasets/swagen/audio/common_voice_sw_29856249.wav	amin aliifilisi nchi na kiwango cha maisha kikawa cha chini kabisa 	1
/scratch/skscla001/experiments/datasets/swagen/audio/common_voice_sw_30329142.wav	hata hivyo wapare nao wana utani wao kwa wachaga 	0
/scratch/skscla001/experiments/datasets/swagen/audio/common_voice_sw_28684932.wav	hata leo anaheshimiwa na kanisa katoliki na waorthodoksi kama mtakatifu 	1
/scratch/skscla001/experiments/datasets/swagen/audio/common_voice_sw_30020390.wav	jomo kenyatta alichaguliwa kama rais wa kwanza 	1
/scratch/skscla001/experiments/datasets/swagen/audio/common_voice_sw_31853565.wav	anzaa mtoto gani 	1
/scratch/skscla001/experiments/datasets/swagen/audio/common_voice_sw_29938218.wav	aliporejea tanganyika kutoka masomoni nyerere alifundisha historia kingereza na kiswahili 	1
/scratch/skscla001/experiments/datasets/swagen/audio/common_voice_sw_31797683.wav	lakini tunashindwa kutambua ule uwezo uliopo ndani mwetu 	1
/scratch/skscla001/experiments/datasets/swagen/audio/common_voice_sw_37099006.wav	nafasi za juu au hata ikiwezekana nafasi moja kati ya zile mbili 	1
/scratch/skscla001/experiments/datasets/swagen/audio/common_voice_sw_28259641.wav	mji ina idadi ya viwanda 	1
/scratch/skscla001/experiments/datasets/swagen/audio/common_voice_sw_35104894.wav	mtangulizi wake vladimir putin akawa waziri mkuu kulingana na 	0
/scratch/skscla001/experiments/datasets/swagen/audio/common_voice_sw_28681668.wav	tabianchi ndani ya mzingo aktiki kwa jumla ni baridi 	1
/scratch/skscla001/experiments/datasets/swagen/audio/common_voice_sw_36383685.wav	ndalizi yake yanaanza sasa hivi baada ya kuisha uchanguzi huu wa sasa hivi 	1
/scratch/skscla001/experiments/datasets/swagen/audio/common_voice_sw_30583013.wav	alipata shahada ya uzamili ya sayansi katika kemia chuo kikuu salford nchini uingereza 	1
/scratch/skscla001/experiments/datasets/swagen/audio/common_voice_sw_28817524.wav	zao la biashara ni kahawa 	1
/scratch/skscla001/experiments/datasets/swagen/audio/common_voice_sw_30181331.wav	watalii hupita kwenye magofu haya wakiyachungulia baadhi wakiyapiga picha kandokando ya barabara nyembamba 	1
/scratch/skscla001/experiments/datasets/swagen/audio/common_voice_sw_30124429.wav	mchezaji nyota wa sweden michael laundrap alicheza vizuri 	0
/scratch/skscla001/experiments/datasets/swagen/audio/common_voice_sw_30650345.wav	upo utani unaofanana na ukweli unaosema 	1
/scratch/skscla001/experiments/datasets/swagen/audio/common_voice_sw_29805299.wav	messi alirudi kwenye kiwango cha juu na kuvunja rekodi ya magoli mengi kwa msimu 	1
/scratch/skscla001/experiments/datasets/swagen/audio/common_voice_sw_28681244.wav	pia ni naibu waziri wa wizara ya afya na maendeleo ya jamii 	1
/scratch/skscla001/experiments/datasets/swagen/audio/common_voice_sw_34743327.wav	nimechocka kuandika 	0
/scratch/skscla001/experiments/datasets/swagen/audio/common_voice_sw_29950268.wav	kiasi cha kupelekea malalamiko mengi katika sekta ya elimu afya na nyinginezo 	1
/scratch/skscla001/experiments/datasets/swagen/audio/common_voice_sw_29401422.wav	alcindor anaandikwa haswa juu ya siasa na masuala ya kijamii 	0
/scratch/skscla001/experiments/datasets/swagen/audio/common_voice_sw_30343017.wav	wapare wanatokea katika wilaya za same na mwanga mkoani kilimanjaro 	1
/scratch/skscla001/experiments/datasets/swagen/audio/common_voice_sw_29822508.wav	obote alishutumiwa kushiriki katika biashara ya pembe za ndovu 	1
/scratch/skscla001/experiments/datasets/swagen/audio/common_voice_sw_30354762.wav	aliongoza wizara hiyo kwa takriban miaka kumi na mbili 	0
/scratch/skscla001/experiments/datasets/swagen/audio/common_voice_sw_28682624.wav	spishi hizi hula matunda 	1
/scratch/skscla001/experiments/datasets/swagen/audio/common_voice_sw_34833141.wav	babu amepotea 	0
/scratch/skscla001/experiments/datasets/swagen/audio/common_voice_sw_29962195.wav	akijifanya kujifurahisha ujuzi wa mpenzi wake 	1
/scratch/skscla001/experiments/datasets/swagen/audio/common_voice_sw_29897136.wav	twiga hawachangamani na twiga wasio wa kundi moja 	1
/scratch/skscla001/experiments/datasets/swagen/audio/common_voice_sw_37225199.wav	kuna ujumbe ambao rais samia ameutoa katika siku zake mia moja za kwanza 	1
/scratch/skscla001/experiments/datasets/swagen/audio/common_voice_sw_31306038.wav	wazigula hupewa jina litakalotumika wakati na baada ya ndoa 	1
/scratch/skscla001/experiments/datasets/swagen/audio/common_voice_sw_30568039.wav	aliugua kwa muda wa miaka mitatu na baadae alipona na kubadili dini 	0
/scratch/skscla001/experiments/datasets/swagen/audio/common_voice_sw_29948831.wav	biashara ya utumwa ilikuwa biashara iliyodhalilisha utu wa binadamu hasa waafrika 	0
/scratch/skscla001/experiments/datasets/swagen/audio/common_voice_sw_29961532.wav	kutokana na uchache wao lugha yao imekuwa inaingiliana sana na kipare 	1
/scratch/skscla001/experiments/datasets/swagen/audio/common_voice_sw_29958302.wav	walipokonywa mali na mashamba yao bila kulipwa fidia 	1
/scratch/skscla001/experiments/datasets/swagen/audio/common_voice_sw_29947059.wav	mtangazaji wa taarifa ya habari alikuwa mwalimu julius kambarage nyerere 	1
/scratch/skscla001/experiments/datasets/swagen/audio/common_voice_sw_28874561.wav	tangu kale anaheshimiwa na kanisa katoliki waorthodoksi na wengineo kama mtakatifu 	0
/scratch/skscla001/experiments/datasets/swagen/audio/common_voice_sw_28922210.wav	alikuwa mkongwe wa zamani wa vita vya korea kutumikia katika bunge la congress 	1
/scratch/skscla001/experiments/datasets/swagen/audio/common_voice_sw_36642218.wav	siku hii ya iddul al haj sisi nachinja mbuzi nachinja ngamia 	0
/scratch/skscla001/experiments/datasets/swagen/audio/common_voice_sw_30205096.wav	ukitakata kujua ukali wa mbrazil huyu 	1
/scratch/skscla001/experiments/datasets/swagen/audio/common_voice_sw_32244646.wav	bendera hufuata mkondo 	1
/scratch/skscla001/experiments/datasets/swagen/audio/common_voice_sw_29846249.wav	maalim self alianza kuugua january kumi na tisa elfu mbili na ishirini na moja 	1
/scratch/skscla001/experiments/datasets/swagen/audio/common_voice_sw_30034850.wav	tangazo la rais obama la disemba elfu mbili na kumi na nne 	0
/scratch/skscla001/experiments/datasets/swagen/audio/common_voice_sw_30326736.wav	ni lazima warejee ndutu ambapo huwa wanazaa 	1
/scratch/skscla001/experiments/datasets/swagen/audio/common_voice_sw_37219175.wav	kwa ajili ya mikutano ya kiroho lakini waislamu wanaweza kuchukua 	1
/scratch/skscla001/experiments/datasets/swagen/audio/common_voice_sw_29838520.wav	wapo wanaodai kuwa wageni walipokuja na kukuta ufalme wa buha 	1
/scratch/skscla001/experiments/datasets/swagen/audio/common_voice_sw_30327527.wav	mafia ni mahali penye miji ya kale yenye utamaduni wa waswahili 	1
/scratch/skscla001/experiments/datasets/swagen/audio/common_voice_sw_31749232.wav	mwaka wa elfu moja mia nane themanini na sita 	0
/scratch/skscla001/experiments/datasets/swagen/audio/common_voice_sw_29941447.wav	uwindaji haramu wanyamapori na ukosefu wa moto ambapo yalikuwa matokeo ya shughuli za binadamu 	1
/scratch/skscla001/experiments/datasets/swagen/audio/common_voice_sw_29421692.wav	wengi pia ni wakristo 	1
/scratch/skscla001/experiments/datasets/swagen/audio/common_voice_sw_29787549.wav	maana yake ni upande wa kabila la washashi 	1
/scratch/skscla001/experiments/datasets/swagen/audio/common_voice_sw_32323918.wav	pochi echu a amu afirika itakuva ni pochi kuruu a pili 	1
/scratch/skscla001/experiments/datasets/swagen/audio/common_voice_sw_29963519.wav	savo milosevic wa serbia alifunga mabao matano 	1
/scratch/skscla001/experiments/datasets/swagen/audio/common_voice_sw_29915693.wav	serikali imeanzisha kampeni kama tanzania isiyo sahaulika ili utalii 	1
/scratch/skscla001/experiments/datasets/swagen/audio/common_voice_sw_29488918.wav	hakuna uhakika kabisa kuhusu asili ya neno 	0
/scratch/skscla001/experiments/datasets/swagen/audio/common_voice_sw_30124811.wav	papa huyo alikuwa anaweza kuongea lugha ya kiholanzi kiitalia kifaransa na kijerumani 	0
/scratch/skscla001/experiments/datasets/swagen/audio/common_voice_sw_29898232.wav	baada ya kifo cha mraisi magufuli 	1
/scratch/skscla001/experiments/datasets/swagen/audio/common_voice_sw_29018812.wav	pia kuna wasemaji wachache nchini uhindi 	1
/scratch/skscla001/experiments/datasets/swagen/audio/common_voice_sw_32091206.wav	msichana ule mwaka huu kwenye ntihani ndopicha kwaudhuri 	1
/scratch/skscla001/experiments/datasets/swagen/audio/common_voice_sw_31322306.wav	ni moja kati ya sehemu zilizoanza kupata ustaarabu wa jamii nyingine kama wahajemi 	1
/scratch/skscla001/experiments/datasets/swagen/audio/common_voice_sw_29793932.wav	alishindwa kumpa baraka na kumfanya awe laiboni anayefuata 	0
/scratch/skscla001/experiments/datasets/swagen/audio/common_voice_sw_29924574.wav	utafiti huu unafanywa na kikundi cha wanasayansi wa kimataifa kutoka vyuo vikuu mbalimbali duniani 	0
/scratch/skscla001/experiments/datasets/swagen/audio/common_voice_sw_31409822.wav	kutoka daressalaam mpaka mkoani singida katikati mwa tanzania 	1
/scratch/skscla001/experiments/datasets/swagen/audio/common_voice_sw_30321937.wav	pele alikuwa akiichezea kwenye klabu ya santos 	1
/scratch/skscla001/experiments/datasets/swagen/audio/common_voice_sw_32091253.wav	tafulia nguvo kwa ibafe la jirani 	1
/scratch/skscla001/experiments/datasets/swagen/audio/common_voice_sw_37090922.wav	ya kwanza ya wakristo chini ya serikali petro ni mfano mzuri wa 	0
/scratch/skscla001/experiments/datasets/swagen/audio/common_voice_sw_30107466.wav	utaalamu unaohitajika siyo mgumu na uyoga huota vizuri ukiliganisha na aina nyingine 	0
/scratch/skscla001/experiments/datasets/swagen/audio/common_voice_sw_29938618.wav	ni mafunzo kwa kuthibitisha wazo msingi 	1
/scratch/skscla001/experiments/datasets/swagen/audio/common_voice_sw_30327366.wav	mwaka huo koloni la kenya liliundwa na kupatiwa jina linalotokana na mlima kenya 	1
/scratch/skscla001/experiments/datasets/swagen/audio/common_voice_sw_28258762.wav	awali alikuwa mwimbaji kabla ya kujihusisha na uigizaji 	1
/scratch/skscla001/experiments/datasets/swagen/audio/common_voice_sw_29943822.wav	aligawa maduka na biashara yao kwa ndugu au wafuasi wa rais 	1
/scratch/skscla001/experiments/datasets/swagen/audio/common_voice_sw_31321475.wav	viungo wanne na washambuliaji wawili 	1
/scratch/skscla001/experiments/datasets/swagen/audio/common_voice_sw_28690222.wav	ana watoto watatu wawili wa kike na mmoja wa kiume 	1
/scratch/skscla001/experiments/datasets/swagen/audio/common_voice_sw_30121662.wav	ukosefu wa viwanja vya ndege karibu na hifadhi 	1
/scratch/skscla001/experiments/datasets/swagen/audio/common_voice_sw_29022559.wav	alikuwa mwalimu wa mshairi wa mombasa w e taylor 	1
/scratch/skscla001/experiments/datasets/swagen/audio/common_voice_sw_30558670.wav	kuwahi kutokea kuhusishwa na janga la virusi vya ukimwi 	0
/scratch/skscla001/experiments/datasets/swagen/audio/common_voice_sw_36644346.wav	kwenyewe baba yake nape amewahi kuwa mjumbe wa kamati kuu ya kwanza katibu wa 	0
/scratch/skscla001/experiments/datasets/swagen/audio/common_voice_sw_34743326.wav	samwel aliingia kwenye mashua ya kuokoa 	0
/scratch/skscla001/experiments/datasets/swagen/audio/common_voice_sw_29787920.wav	wanawake ndio wenye kuhangaikia maslahi ya jamii kuanzia asubuhi hadi jioni 	0
/scratch/skscla001/experiments/datasets/swagen/audio/common_voice_sw_30365963.wav	iddi amini aligawa maduka ya wahindi kwa ndugu zake 	0
/scratch/skscla001/experiments/datasets/swagen/audio/common_voice_sw_28581837.wav	mwanzoni palikuwa na nchi chache tu zilizofuata kalenda mpya 	1
/scratch/skscla001/experiments/datasets/swagen/audio/common_voice_sw_30577693.wav	zipo nadharia kadha wa kadha zinazoeleza asili ya wagweno 	1
/scratch/skscla001/experiments/datasets/swagen/audio/common_voice_sw_30567963.wav	aliimarisha utawala wa omani juu ya pwani ya afrika ya mashariki 	0
/scratch/skscla001/experiments/datasets/swagen/audio/common_voice_sw_36390709.wav	sheria na haki za binadamu nchini tanzania 	1
/scratch/skscla001/experiments/datasets/swagen/audio/common_voice_sw_30181066.wav	hasa ya wakazi wa bagamoyo lakini pia hata mashirika mbalimbali ya kimataifa 	1
/scratch/skscla001/experiments/datasets/swagen/audio/common_voice_sw_36374993.wav	wakamkosa daktari 	1
/scratch/skscla001/experiments/datasets/swagen/audio/common_voice_sw_28825296.wav	hakuna ushahidi wowote kwamba watu wa ulaya walitumia jina hili kati yao 	1
/scratch/skscla001/experiments/datasets/swagen/audio/common_voice_sw_31324001.wav	wengine wamejaribu kuona msingi wa jina katika lugha ya kichaga 	1
/scratch/skscla001/experiments/datasets/swagen/audio/common_voice_sw_29698467.wav	anafahamika sana kwa kucheza filamu na vipindi vya televisheni vya hong kong 	1
/scratch/skscla001/experiments/datasets/swagen/audio/common_voice_sw_29836474.wav	nyerere alikufa akiwa katika matibabu nchini uingereza 	1
/scratch/skscla001/experiments/datasets/swagen/audio/common_voice_sw_30034508.wav	kutoka kwenye mimea mbalimbali kama vile miti na mimea mingine 	0
/scratch/skscla001/experiments/datasets/swagen/audio/common_voice_sw_29262321.wav	minus huwatega kwenye ngome 	1
/scratch/skscla001/experiments/datasets/swagen/audio/common_voice_sw_30381808.wav	na safari hii alipata asilimia arobaini na sita nukta sifuri saba 	1
/scratch/skscla001/experiments/datasets/swagen/audio/common_voice_sw_36319024.wav	na sasa ameamuru kutosafirishwa nje ya nchi kwa bidhaa 	1
/scratch/skscla001/experiments/datasets/swagen/audio/common_voice_sw_29923824.wav	wakati wa mazishi ya hayati magufuli jakaya kikwete aliweka wazi mahusiano yao 	0
/scratch/skscla001/experiments/datasets/swagen/audio/common_voice_sw_29961190.wav	mjerumani wolfgang overalh alikuwa mchezaji bora wa michuano ya kombe la dunia 	1
/scratch/skscla001/experiments/datasets/swagen/audio/common_voice_sw_37086983.wav	ocha unawaambia mukubali matokeo 	0
/scratch/skscla001/experiments/datasets/swagen/audio/common_voice_sw_30196402.wav	kukabiliana na mistari yao ni ishara ya kuimba kwa wanawake 	0
/scratch/skscla001/experiments/datasets/swagen/audio/common_voice_sw_36386417.wav	labda mumeo hivi mke wako hivi sina nyimbo yangu mapenzi maisha mungu basi 	1
/scratch/skscla001/experiments/datasets/swagen/audio/common_voice_sw_36299887.wav	kuna hisia za ushabiki za uchokozi wa watu 	1
/scratch/skscla001/experiments/datasets/swagen/audio/common_voice_sw_30630250.wav	kiatu cha dhahabu kilienda nchini ujerumani 	0
/scratch/skscla001/experiments/datasets/swagen/audio/common_voice_sw_31285462.wav	fedha hizo zilitolewa na watu wenye nia njema ya elimu kwa watoto wa kike 	0
/scratch/skscla001/experiments/datasets/swagen/audio/common_voice_sw_32243783.wav	pokea zawadi kutoka kwa baba 	1
/scratch/skscla001/experiments/datasets/swagen/audio/common_voice_sw_34943114.wav	twiga masai jike huwa na nywele nyingi kichwani wakati dume huwa ana nywele chache 	0
/scratch/skscla001/experiments/datasets/swagen/audio/common_voice_sw_29795877.wav	mwalimu nyerere alikuwa mojawapo kati watoto ishirini na sita wa nyerere burito 	1
/scratch/skscla001/experiments/datasets/swagen/audio/common_voice_sw_29822903.wav	wengi wao hawajasoma kabisa lakini ni matajiri wakubwa 	1
/scratch/skscla001/experiments/datasets/swagen/audio/common_voice_sw_29872433.wav	marekani ilisafiri kutoka afghanistan kwenda maficho ya bin laden 	1
/scratch/skscla001/experiments/datasets/swagen/audio/common_voice_sw_31386319.wav	zinapatikana hadi ziwa chala na taveta upande wa kusini mashariki 	1
/scratch/skscla001/experiments/datasets/swagen/audio/common_voice_sw_30089231.wav	amevichezea vilabu kadhaa ikiwemo bayern munich alikotwaa mataji manne ya bundersliga na manne ulaya 	0
/scratch/skscla001/experiments/datasets/swagen/audio/common_voice_sw_28689055.wav	lugha hizi mbili zina asili moja 	0
/scratch/skscla001/experiments/datasets/swagen/audio/common_voice_sw_31389509.wav	wanaopatikana ndani yake na kati yao ni simba na nyumbu 	1
/scratch/skscla001/experiments/datasets/swagen/audio/common_voice_sw_37225467.wav	uli mbali 	1
/scratch/skscla001/experiments/datasets/swagen/audio/common_voice_sw_37091426.wav	walihakikisha kwamba wahehe hawataingilia katika sehemu walizolenga 	1
/scratch/skscla001/experiments/datasets/swagen/audio/common_voice_sw_31797427.wav	wakoloni walikuwa na nia zaidi kenye ardhi nzuri ya wamasai 	1
/scratch/skscla001/experiments/datasets/swagen/audio/common_voice_sw_29982024.wav	ronaldo alifanikiwa kucheza michezo mia moja tisini na sita 	1
/scratch/skscla001/experiments/datasets/swagen/audio/common_voice_sw_30352636.wav	mapinduzi ya zanzibar waliyomo ndani ya kitabu hiki 	0
/scratch/skscla001/experiments/datasets/swagen/audio/common_voice_sw_36299712.wav	hadi kufika calicutndani ya bara hindi 	1
/scratch/skscla001/experiments/datasets/swagen/audio/common_voice_sw_30188829.wav	safari zake nchini uholanzi ziliwatia moyo wananchi na kuungana 	0
/scratch/skscla001/experiments/datasets/swagen/audio/common_voice_sw_34924407.wav	serengeti ina joto la wastani wa digrii kumi na tano 	0
/scratch/skscla001/experiments/datasets/swagen/audio/common_voice_sw_34392047.wav	kulipa dola za kimarekani elfu mbili na mia nne machi mwaka elfu mbili 	1
/scratch/skscla001/experiments/datasets/swagen/audio/common_voice_sw_29935165.wav	vijidudu vya ugonjwa viliunda ukinzani dhidi ya penicillin 	1
/scratch/skscla001/experiments/datasets/swagen/audio/common_voice_sw_29982058.wav	alipokuwa na umri wa miaka ishirini na mbili alikuwa amepokea ballon dor 	1
/scratch/skscla001/experiments/datasets/swagen/audio/common_voice_sw_37085583.wav	ndio maana karafuu hutumika kama kiungo cha chai 	1
/scratch/skscla001/experiments/datasets/swagen/audio/common_voice_sw_30081019.wav	moja ya maajabu yalimkuta mzungu aliye ingia na mbwa wake kisha kapotea naye 	0
/scratch/skscla001/experiments/datasets/swagen/audio/common_voice_sw_29935617.wav	rais wa croatia alihimiza mashabiki wa nchi yake kushangilia timu yao 	1
/scratch/skscla001/experiments/datasets/swagen/audio/common_voice_sw_29519413.wav	inataja pia orodha ya maneno pamoja na maelezo mafupi ya maana yake 	0
/scratch/skscla001/experiments/datasets/swagen/audio/common_voice_sw_31409747.wav	maeneo ambayo kama hujawahi kutembelea ni vyema ukajitahidi kutafuta nafasi ili kutembelea 	1
/scratch/skscla001/experiments/datasets/swagen/audio/common_voice_sw_28695360.wav	duniani kasoko zinapatikana mara nyingi kutokana na milipuko ya volkeno au milipuko mingine 	1
/scratch/skscla001/experiments/datasets/swagen/audio/common_voice_sw_36256998.wav	wakati huo akizichezea timu mbalimbali za ligi hiyo 	1
/scratch/skscla001/experiments/datasets/swagen/audio/common_voice_sw_35105740.wav	dhana ya uhusiano kati ya nchi hizo mbili ulikuwa ukizidi kudorora 	0
/scratch/skscla001/experiments/datasets/swagen/audio/common_voice_sw_36945152.wav	ilikuwa inahatarisha maisha ya vikundi vya kimataifa 	1
/scratch/skscla001/experiments/datasets/swagen/audio/common_voice_sw_29960258.wav	udongo na chokaa iliyochomwa matumbawe na magamba ya konokono wa bahari 	1
/scratch/skscla001/experiments/datasets/swagen/audio/common_voice_sw_34764014.wav	sinakuwa smart watu wanapenda sehemu safi smart wanapenda kupendeza wanawake wakiwa na function 	1
/scratch/skscla001/experiments/datasets/swagen/audio/common_voice_sw_29291954.wav	ni kundi kubwa la burudani studio ya filamu na studio ya rekodi 	1
/scratch/skscla001/experiments/datasets/swagen/audio/common_voice_sw_30180190.wav	alipambania na hatimae kurudi madarakani kabla ya kuondolewa tena miaka sita baadae 	1
/scratch/skscla001/experiments/datasets/swagen/audio/common_voice_sw_36389843.wav	ndoa yake na daniella wamepata watoto watatu abba marcas mayanja akiwa wa kwanza 	1
/scratch/skscla001/experiments/datasets/swagen/audio/common_voice_sw_31305385.wav	mazingira yanawafanya kuhisi kama bado wako nyikani na siyo kwenye bustani 	1
/scratch/skscla001/experiments/datasets/swagen/audio/common_voice_sw_28967174.wav	jiji ni kitovu cha uchumi utamaduni na siasa ya nchi 	1
/scratch/skscla001/experiments/datasets/swagen/audio/common_voice_sw_29962142.wav	mbio za mbuni zinamsaidia kuokoa maisha yake 	1
/scratch/skscla001/experiments/datasets/swagen/audio/common_voice_sw_31996016.wav	mbundikebundike huna haja ya kumsonga kilimanjaro kama kawaida 	0
/scratch/skscla001/experiments/datasets/swagen/audio/common_voice_sw_36013461.wav	hadi chakula kinaisha alibaki na maswali matatu kichwani yalokosa majibu 	1
/scratch/skscla001/experiments/datasets/swagen/audio/common_voice_sw_35412082.wav	tena tusinyonywe tena na tusipuuzwe tenapatrice lumumba tarehe mbili mwezi wa saba mwaka 	1
/scratch/skscla001/experiments/datasets/swagen/audio/common_voice_sw_30657073.wav	wakati kaka zao wadogo wanakaribia katika rika lao 	1
/scratch/skscla001/experiments/datasets/swagen/audio/common_voice_sw_29937836.wav	soka ni mchezo wenye matokeo ya kushangaza 	1
/scratch/skscla001/experiments/datasets/swagen/audio/common_voice_sw_30574515.wav	olaranyani huanza kwa kuimba mstari wa kichwa cha wimbo 	0
/scratch/skscla001/experiments/datasets/swagen/audio/common_voice_sw_30653959.wav	viongozi wa pwani kwa kipindi cha nyuma walikuwa mamwinyi 	0
/scratch/skscla001/experiments/datasets/swagen/audio/common_voice_sw_30209767.wav	hivi majuzi alizindua kampuni ya utayarishaji wa filamu 	1
/scratch/skscla001/experiments/datasets/swagen/audio/common_voice_sw_30121919.wav	mifumo rasmi ilikuwa ikionyeshwa kwa madaha baada yakazi kumalizika 	0
/scratch/skscla001/experiments/datasets/swagen/audio/common_voice_sw_30574885.wav	ngorongoro ni hifadhi maarufu sana africa na duniani kote 	0
/scratch/skscla001/experiments/datasets/swagen/audio/common_voice_sw_30341853.wav	hata hivyo luteni kanali paul von lettow vorbeck alichukua mamlaka ya majeshi 	1
/scratch/skscla001/experiments/datasets/swagen/audio/common_voice_sw_37099517.wav	mababu ya waturuki wa kisasa makabila ya oguz ya 	1
/scratch/skscla001/experiments/datasets/swagen/audio/common_voice_sw_28980701.wav	mji uko kando ya bahari ya mediteranea 	1
/scratch/skscla001/experiments/datasets/swagen/audio/common_voice_sw_30381208.wav	ulaya watoto wengi walipenda kucheza mpira 	1
/scratch/skscla001/experiments/datasets/swagen/audio/common_voice_sw_36318599.wav	na kwa sasa wanashikilia nyadhifa kuu sana 	1
/scratch/skscla001/experiments/datasets/swagen/audio/common_voice_sw_30338775.wav	magofu haya ni miongoni mwa historia ya kale barani afrika 	1
/scratch/skscla001/experiments/datasets/swagen/audio/common_voice_sw_28582713.wav	jina la nchi uganda ni umbo la kiswahili la neno buganda 	1
/scratch/skscla001/experiments/datasets/swagen/audio/common_voice_sw_29796095.wav	china inanununua wachezaji wanaokaribia kusitaafu 	1
/scratch/skscla001/experiments/datasets/swagen/audio/common_voice_sw_29787964.wav	simulizi ndiyo muundo unaotoa kiasi kikubwa zaidi cha maelezo 	1
/scratch/skscla001/experiments/datasets/swagen/audio/common_voice_sw_30364507.wav	dalili huanza kuonekana siku mbili hadi saba 	1
/scratch/skscla001/experiments/datasets/swagen/audio/common_voice_sw_35146264.wav	naye sekretari wa rais yoweri museveni tamale mirundi alielezea rekodi ya idi amin ya 	0
/scratch/skscla001/experiments/datasets/swagen/audio/common_voice_sw_36383855.wav	marko sura ya kumi na tano aya ya thelathini na tisa 	1
/scratch/skscla001/experiments/datasets/swagen/audio/common_voice_sw_29896937.wav	sehemu kubwa ya mkoa ni yenye milima na vilima vilivyogawanywa na mabonde 	1
/scratch/skscla001/experiments/datasets/swagen/audio/common_voice_sw_28673129.wav	mchakato wa mabadiliko haya upo katika hatua za mwisho kukamilika 	1
/scratch/skscla001/experiments/datasets/swagen/audio/common_voice_sw_30227205.wav	kuwa na ushuru wa chini kwa bidhaa fulani 	0
/scratch/skscla001/experiments/datasets/swagen/audio/common_voice_sw_37084224.wav	kwa kweli mimi nimelipokea kwa furaha kubwa 	1
/scratch/skscla001/experiments/datasets/swagen/audio/common_voice_sw_29896473.wav	watalii kutoka nje ya afrika mashariki wanalipa dola za kimarekani ishini mpaka sitini 	1
/scratch/skscla001/experiments/datasets/swagen/audio/common_voice_sw_37090509.wav	si mwanajumuiya wa bhukango hata ukizaa mapacha ama kashinje mila hii hufanyilabda mpaka 	1
/scratch/skscla001/experiments/datasets/swagen/audio/common_voice_sw_30122310.wav	kilomita za mraba mia moja hamsini na nane ni eneo la maji 	1
/scratch/skscla001/experiments/datasets/swagen/audio/common_voice_sw_29865205.wav	wakati ule mfalme wa ubelgiji na ureno walikuwa wakoloni wa maeneo jirani 	1
/scratch/skscla001/experiments/datasets/swagen/audio/common_voice_sw_30441236.wav	pesa inaweza kumfanya pep kuwa kocha wa simba 	1
/scratch/skscla001/experiments/datasets/swagen/audio/common_voice_sw_29864516.wav	hifadhi kubwa yenye viumbe mbalimbali na tofauti duniani 	1
/scratch/skscla001/experiments/datasets/swagen/audio/common_voice_sw_35160921.wav	kuwa matokeo ya mabadiliko ya sinapti 	0
/scratch/skscla001/experiments/datasets/swagen/audio/common_voice_sw_35156093.wav	asiye na wake ana mungu 	0
/scratch/skscla001/experiments/datasets/swagen/audio/common_voice_sw_36385104.wav	jacob aliitikia na kusema kuwa amebahatika tena kuonana na mtaalamu wa ufundi 	1
/scratch/skscla001/experiments/datasets/swagen/audio/common_voice_sw_30320348.wav	mlima mlimu pamoja na ule mlima mlomboza 	1
/scratch/skscla001/experiments/datasets/swagen/audio/common_voice_sw_28681403.wav	lugha rasmi ni kiingereza hutumika sana katika masuala ya serikali na biashara 	1
/scratch/skscla001/experiments/datasets/swagen/audio/common_voice_sw_30182081.wav	kila mfadhili haina budi kuwa katika kundi linalolingana na umri wa mama au mtoto 	1
/scratch/skscla001/experiments/datasets/swagen/audio/common_voice_sw_29795260.wav	idi amin hakuwa muuaji na mla nyama za watu kama inavyosemekana 	1
/scratch/skscla001/experiments/datasets/swagen/audio/common_voice_sw_30381316.wav	bandari ya dar es salaam inaziunganisha nchi na mabara 	1
/scratch/skscla001/experiments/datasets/swagen/audio/common_voice_sw_28669662.wav	majira ya mvua ni hasa miezi ya mei hadi novemba 	1
/scratch/skscla001/experiments/datasets/swagen/audio/common_voice_sw_29896648.wav	alikuwa kiongozi ambaye hajali matatizo ya wengine 	1
/scratch/skscla001/experiments/datasets/swagen/audio/common_voice_sw_29796842.wav	watu wanaamini kuwa mashindano ya urembo hayana maana 	1
/scratch/skscla001/experiments/datasets/swagen/audio/common_voice_sw_36386305.wav	walihudhuria viongozi wengine wakiwemo mabalozi wadogo wanaoziwakilisha nchi zao hapa zanzibar 	1
/scratch/skscla001/experiments/datasets/swagen/audio/common_voice_sw_34834574.wav	idadi ya watu ikiwa na asilimia tisini na mbili 	0
/scratch/skscla001/experiments/datasets/swagen/audio/common_voice_sw_35105919.wav	dawa za jadi biashara ya mikahawa au maduka kununua na kuuza madini kuuza bidhaa 	0
/scratch/skscla001/experiments/datasets/swagen/audio/common_voice_sw_36385151.wav	kwamba ambayo makundi fulani hudai kuwa hupinga utegemeaj 	1
/scratch/skscla001/experiments/datasets/swagen/audio/common_voice_sw_29265163.wav	mji ni pia kitovu cha usafiri na mawasiliano 	1
/scratch/skscla001/experiments/datasets/swagen/audio/common_voice_sw_30035208.wav	kurejelewa kwa ufadhili na kujihusisha upya kwao kumevutia imani ya wawekezaji 	0
/scratch/skscla001/experiments/datasets/swagen/audio/common_voice_sw_30717705.wav	sir edward mutesa wa pili alikuwa rais wa taifa 	0
/scratch/skscla001/experiments/datasets/swagen/audio/common_voice_sw_34824120.wav	na kusahau mazingira na hasa matatizo yanayomzunguka kwa wakati huo 	0
/scratch/skscla001/experiments/datasets/swagen/audio/common_voice_sw_30630877.wav	wengine wanasema kuna mizimu inayoishi ziwa ngosi 	1
/scratch/skscla001/experiments/datasets/swagen/audio/common_voice_sw_37089675.wav	ambao hunaopatikana katika mkoa wa arusha 	0
/scratch/skscla001/experiments/datasets/swagen/audio/common_voice_sw_30653494.wav	alishalizoea bunge akiwa msaidizi wa raisi mstaafu wa awamu ya nne jakaya kikwete 	0
/scratch/skscla001/experiments/datasets/swagen/audio/common_voice_sw_29976849.wav	kutokana na kuwepo kwa mto rufiji karibu na hifadhi hiyo 	1
/scratch/skscla001/experiments/datasets/swagen/audio/common_voice_sw_29787612.wav	hali iliyopelekea kushindana na kiongozi mkuu wa kanisa hilo yani papa wa roma 	1
/scratch/skscla001/experiments/datasets/swagen/audio/common_voice_sw_32322746.wav	baba alipokwenda kunyoa ndevu alikachika kidevu kwa kijembe 	1
/scratch/skscla001/experiments/datasets/swagen/audio/common_voice_sw_29585487.wav	uko karibu na mdomo wa mto juba 	1
/scratch/skscla001/experiments/datasets/swagen/audio/common_voice_sw_30555985.wav	wakati wa vita kuu ya kwanza ya dunia waingereza waliteka kisiwa cha mafia 	0
/scratch/skscla001/experiments/datasets/swagen/audio/common_voice_sw_35103750.wav	hivyo kutokana na mpaka mrefu kati ya waha na warundi 	0
/scratch/skscla001/experiments/datasets/swagen/audio/common_voice_sw_28999954.wav	pijini ni lugha za nyongeza si lugha mama 	1
/scratch/skscla001/experiments/datasets/swagen/audio/common_voice_sw_29697051.wav	alikwenda pia ujerumani mara kadhaa kama mgeni wa kaisari 	1
/scratch/skscla001/experiments/datasets/swagen/audio/common_voice_sw_29996318.wav	baadhi ya makambi hayo yaliyotumiwa na wapigania uhuru wa bara la afrika 	1
/scratch/skscla001/experiments/datasets/swagen/audio/common_voice_sw_29484382.wav	muhammad aliishi miaka kama arobaini bila kuwa na imani ya mungu pekee 	1
/scratch/skscla001/experiments/datasets/swagen/audio/common_voice_sw_36381819.wav	la oguz liliundwa na kituo cha yanskent katikati 	1
/scratch/skscla001/experiments/datasets/swagen/audio/common_voice_sw_28820711.wav	ni pia rangi ya matunda mbalimbali na rangi ya damu 	1
/scratch/skscla001/experiments/datasets/swagen/audio/common_voice_sw_29934950.wav	papa pote watalii wanapata nafasi ya kuogelea nao bila tatizo lolote 	1
/scratch/skscla001/experiments/datasets/swagen/audio/common_voice_sw_30220986.wav	karume alichangia kuazishwa kwa timu nyingi visiwani humo 	1
/scratch/skscla001/experiments/datasets/swagen/audio/common_voice_sw_29945221.wav	malatwe umekuwa kero kwa walimu wote 	1
/scratch/skscla001/experiments/datasets/swagen/audio/common_voice_sw_30582978.wav	sasa katika makabila yote haya waingereza waliyoyakuta tanga 	1
/scratch/skscla001/experiments/datasets/swagen/audio/common_voice_sw_29988531.wav	katika dunia inayojikusanya kwa kiwango kikubwa na kuwa kijiji fikra hizi zimepitwa na wakati 	1
/scratch/skscla001/experiments/datasets/swagen/audio/common_voice_sw_31409771.wav	mama wa kichagga anaweza kushinda shambani kutwa na hana desturi ya kubeba watoto mgongoni 	1
/scratch/skscla001/experiments/datasets/swagen/audio/common_voice_sw_30341915.wav	hili ni swali ambalo mamlaka za ulinzi na usalama za uganda zinapaswa kulijibu 	1
/scratch/skscla001/experiments/datasets/swagen/audio/common_voice_sw_29796286.wav	miaka hamsini iliyopita milton obote aliisimamisha katiba na kujigeuza mtu muhimu 	1
/scratch/skscla001/experiments/datasets/swagen/audio/common_voice_sw_29796794.wav	mwanafizikia ambaye amegundua kani mvutano 	1
/scratch/skscla001/experiments/datasets/swagen/audio/common_voice_sw_29182621.wav	mwaka uliofuata aliigiza kama mwanafunzi djamila kwenye reviravolta 	1
/scratch/skscla001/experiments/datasets/swagen/audio/common_voice_sw_28695669.wav	jina la baba yake lilikuwa yohane 	1
/scratch/skscla001/experiments/datasets/swagen/audio/common_voice_sw_28876709.wav	pamoja vyumba viwili vya sheria hufanya mwili maamuzi nchini nigeria kinachoitwa bunge 	1
/scratch/skscla001/experiments/datasets/swagen/audio/common_voice_sw_34763141.wav	alionwa kama mtu asiyejiweza kwa kuwa hakuwa na mali wala nguvu 	1
/scratch/skscla001/experiments/datasets/swagen/audio/common_voice_sw_36014180.wav	ikiwa tutamaliza uchafu huu wa plastiki itabidi tuangazie suala zima 	1
/scratch/skscla001/experiments/datasets/swagen/audio/common_voice_sw_30317570.wav	rose muhando alipata tuzo ya mtunzi bora na muimbaji bora 	1
/scratch/skscla001/experiments/datasets/swagen/audio/common_voice_sw_32210867.wav	kuwa wapi 	1
/scratch/skscla001/experiments/datasets/swagen/audio/common_voice_sw_37222778.wav	aidha alipata mafunzo mbalimbali katika taasisi ya chuo cha utawala wa umma lahore pakistan 	1
/scratch/skscla001/experiments/datasets/swagen/audio/common_voice_sw_29796075.wav	ukeketaji nchini kenya unatekelezwa kwa asilimia thelathini na nane 	1
/scratch/skscla001/experiments/datasets/swagen/audio/common_voice_sw_35108171.wav	ba sifuri tatu mbili moja nane mbili 	0
/scratch/skscla001/experiments/datasets/swagen/audio/common_voice_sw_30319970.wav	na maana ya mongo mongoso leo ni tembo dume katika kabila lao 	1
/scratch/skscla001/experiments/datasets/swagen/audio/common_voice_sw_36255431.wav	baada ya maongezi waliingizia utani kisha jacob akaaga kuondoka 	1
/scratch/skscla001/experiments/datasets/swagen/audio/common_voice_sw_30320135.wav	magufuli alianza kuchapa kazi usiku na mchana 	1
/scratch/skscla001/experiments/datasets/swagen/audio/common_voice_sw_30671254.wav	taasisi zinataja kimo cha uhuru kuwa mita elfu tano mia nane 	1
/scratch/skscla001/experiments/datasets/swagen/audio/common_voice_sw_30437908.wav	zanzibar ni sehemu nzuri ya kuvutia 	0
/scratch/skscla001/experiments/datasets/swagen/audio/common_voice_sw_34834324.wav	wazazi wanatakiwa wapimwe virusi vya ukimwi 	0
/scratch/skscla001/experiments/datasets/swagen/audio/common_voice_sw_31270250.wav	wazo kuu ni kwamba biblia inajitegemea na kumtosha kila anayesoma 	0
/scratch/skscla001/experiments/datasets/swagen/audio/common_voice_sw_31433307.wav	wanyama kadhaa wanapatikana kwenye msitu unaozunguka mlima huo 	1
/scratch/skscla001/experiments/datasets/swagen/audio/common_voice_sw_30025046.wav	lakini kumbuka ni miongoni mwa vinara kwa darasa la saba mwalimu 	0
/scratch/skscla001/experiments/datasets/swagen/audio/common_voice_sw_34823691.wav	kilimalizika kufuatia kifo cha ghafla cha dikteta wa zamani sani 	0
/scratch/skscla001/experiments/datasets/swagen/audio/common_voice_sw_36384327.wav	nikakutana nao uwanja wa ndege huo ulikuwa 	1
/scratch/skscla001/experiments/datasets/swagen/audio/common_voice_sw_28670205.wav	lugha rasmi ni kiebrania na kiarabu 	1
/scratch/skscla001/experiments/datasets/swagen/audio/common_voice_sw_37094907.wav	watano walioshtakiwa kwa kosa la mauwaji ya biko 	0
/scratch/skscla001/experiments/datasets/swagen/audio/common_voice_sw_28258910.wav	shughuli yao kubwa ni kilimo cha hapa na pale 	1
/scratch/skscla001/experiments/datasets/swagen/audio/common_voice_sw_30384650.wav	asilimia tisini na tano ya watu 	1
/scratch/skscla001/experiments/datasets/swagen/audio/common_voice_sw_30631338.wav	watu wengi maarufu wanakuja kutembea tanzania 	1
/scratch/skscla001/experiments/datasets/swagen/audio/common_voice_sw_36385241.wav	hussein mwinyi alisoma shahada yake ya kwanza ya udaktari wa kibinaadamu 	1
/scratch/skscla001/experiments/datasets/swagen/audio/common_voice_sw_30653500.wav	katika historia ya uongozi wa jamhuri ya muungano wa tanzania 	0
/scratch/skscla001/experiments/datasets/swagen/audio/common_voice_sw_35132537.wav	tanakh na pengine deuterokanoni pia haiwezekani kumuelewa 	1
/scratch/skscla001/experiments/datasets/swagen/audio/common_voice_sw_37088308.wav	urusi walianzisha sera ya operesheni maambukizi katika kukabiliana na ukimwi 	1
/scratch/skscla001/experiments/datasets/swagen/audio/common_voice_sw_37099210.wav	waliokuwa wanahifadhiwa katika vyumba vya chini katika uwanja huo 	0
/scratch/skscla001/experiments/datasets/swagen/audio/common_voice_sw_29591148.wav	yerusalemu ina historia ndefu sana 	1
/scratch/skscla001/experiments/datasets/swagen/audio/common_voice_sw_36385786.wav	mi nashangaa 	1
/scratch/skscla001/experiments/datasets/swagen/audio/common_voice_sw_28660751.wav	kutegemea na kiwango chake upeo na kusudi 	1
/scratch/skscla001/experiments/datasets/swagen/audio/common_voice_sw_36388884.wav	madarakani kutokana na kusumbuliwa na maradhi ya tumbo 	1
/scratch/skscla001/experiments/datasets/swagen/audio/common_voice_sw_28681492.wav	kwa hivyo huitwa kasuku mapenzi pia 	1
/scratch/skscla001/experiments/datasets/swagen/audio/common_voice_sw_29994905.wav	shanga za shingoni husogea kwa mdundo wakati wanacheza 	1
/scratch/skscla001/experiments/datasets/swagen/audio/common_voice_sw_34765133.wav	tofauti na ilichokuwa inategemewa na ukiangalia hali halisi ilivyo kuhusu usalama 	1
/scratch/skscla001/experiments/datasets/swagen/audio/common_voice_sw_29469266.wav	makao makuu yako wote 	1
/scratch/skscla001/experiments/datasets/swagen/audio/common_voice_sw_28581953.wav	utumbo mwembamba ni mrefu kuliko ogani nyingine yoyote ya njia ya chakula 	1
/scratch/skscla001/experiments/datasets/swagen/audio/common_voice_sw_36381660.wav	alitumia mdundo iliyotengenezwa kwa kugandamizia beat ya msanii wa kimarekani vanilla ice 	1
/scratch/skscla001/experiments/datasets/swagen/audio/common_voice_sw_32323964.wav	lyunda jahazi 	1
/scratch/skscla001/experiments/datasets/swagen/audio/common_voice_sw_36644314.wav	mitatu ya rwanda na mmoja wa dar es salaam tanzania 	0
/scratch/skscla001/experiments/datasets/swagen/audio/common_voice_sw_36037226.wav	kula kwa maharagwe ukitaka 	1
/scratch/skscla001/experiments/datasets/swagen/audio/common_voice_sw_28259748.wav	miaka kadhaa baadaye alirudi roma ili kushughulikia suala la mama yake kutangazwa mtakatifu 	1
/scratch/skscla001/experiments/datasets/swagen/audio/common_voice_sw_37090344.wav	ya kairo na aleksandriavilevile katika vijiji vya misri kusini wakristo 	1
/scratch/skscla001/experiments/datasets/swagen/audio/common_voice_sw_36386374.wav	rais samia amesema serikali inafanya hivyo sio kwasababu kuwa yeye ni rais mwanamke 	1
/scratch/skscla001/experiments/datasets/swagen/audio/common_voice_sw_31284413.wav	barcelona walifungwana chelsea kwenye uwanja wa stamford bridge 	0
/scratch/skscla001/experiments/datasets/swagen/audio/common_voice_sw_29791041.wav	makampuni hayo yametoa ajira kwa raia wengi wa tanzania 	0
/scratch/skscla001/experiments/datasets/swagen/audio/common_voice_sw_31321705.wav	wajerumani walipotawala nao walilitumia jengo hili kama ngome yao ya jeshi 	1
/scratch/skscla001/experiments/datasets/swagen/audio/common_voice_sw_29936444.wav	makabila mashuhuri kwa vita kama wangoni na wagogo pia wahehe 	1
/scratch/skscla001/experiments/datasets/swagen/audio/common_voice_sw_37216191.wav	wanataka uchukuliwe ushaidi wa vina saba 	0
/scratch/skscla001/experiments/datasets/swagen/audio/common_voice_sw_29942721.wav	kwenye miaka ya elfu moja mia saba hamsini 	1
/scratch/skscla001/experiments/datasets/swagen/audio/common_voice_sw_30574750.wav	kwa ziara zinazochukua saa kadhaa nawa mikono mara kwa mara ukiwa katika nyumba hiyo 	0
/scratch/skscla001/experiments/datasets/swagen/audio/common_voice_sw_30362813.wav	hakuna samaki yeyote anayeishi ziwa ngosi 	0
/scratch/skscla001/experiments/datasets/swagen/audio/common_voice_sw_30201438.wav	watanzania ni watu tulivu wenye heshima na uvumulivu 	1
/scratch/skscla001/experiments/datasets/swagen/audio/common_voice_sw_29797357.wav	mama yake alikuwa mganga aliyetibu watu kwa mitishamba 	0
/scratch/skscla001/experiments/datasets/swagen/audio/common_voice_sw_30342867.wav	kaka yake alimtaka ajaribu kuomba kazi kituo cha redio muda 	1
/scratch/skscla001/experiments/datasets/swagen/audio/common_voice_sw_28666665.wav	taratibu hutofautiana kati ya nchi na nchi 	0
/scratch/skscla001/experiments/datasets/swagen/audio/common_voice_sw_29977595.wav	hivi majuzi nilibahatika kufika katika mji wa kilwa kisiwani ulioko mkoani lindi 	1
/scratch/skscla001/experiments/datasets/swagen/audio/common_voice_sw_30175716.wav	lilijengwa na mwarabu tajiri abdallah selemani marhabi 	0
/scratch/skscla001/experiments/datasets/swagen/audio/common_voice_sw_28683246.wav	chanzo cha mto ruvuma kipo karibu na mji 	1
/scratch/skscla001/experiments/datasets/swagen/audio/common_voice_sw_30180543.wav	ni vyema wachezaji wote wakajitambua ndani ya timu na kujiwekea malengo 	1
/scratch/skscla001/experiments/datasets/swagen/audio/common_voice_sw_29787552.wav	niliwahi kuamka mapema nikafanye mtihani wangu 	1
/scratch/skscla001/experiments/datasets/swagen/audio/common_voice_sw_30365488.wav	wakawafyatulia risasi askari na raia kabla ya kufika mto kagera 	1
/scratch/skscla001/experiments/datasets/swagen/audio/common_voice_sw_36382257.wav	alikuwa akivishambulia vikosi vidogo vidogo vya askari vya kijerumani 	1
/scratch/skscla001/experiments/datasets/swagen/audio/common_voice_sw_28979963.wav	nyanda za juu kuna nafaka na viazi 	1
/scratch/skscla001/experiments/datasets/swagen/audio/common_voice_sw_36386219.wav	sitashangaa kwamba eeh mataifa haya ya magharibi 	1
/scratch/skscla001/experiments/datasets/swagen/audio/common_voice_sw_29795419.wav	tunatakiwa tutunze misitu kwa ajili ya manufaa yetu wenyewe na vizazi vingine 	1
/scratch/skscla001/experiments/datasets/swagen/audio/common_voice_sw_37230001.wav	kidogo watu wanafikiria kwa nchi za afrika mashariki hasa tanzania 	1
/scratch/skscla001/experiments/datasets/swagen/audio/common_voice_sw_34890772.wav	ukweli wa injili ya yesu kristo ni habari mbaya kwamba katika karne 	1
/scratch/skscla001/experiments/datasets/swagen/audio/common_voice_sw_30330606.wav	kwa sababu ya mila zao na mavazi yao tofauti 	0
/scratch/skscla001/experiments/datasets/swagen/audio/common_voice_sw_30006775.wav	hawa ndio wanachukua sehemu ya watu wa magharibi 	1
/scratch/skscla001/experiments/datasets/swagen/audio/common_voice_sw_34743443.wav	ambayo ni mali ghafi muhimu kwa mahitaji mengine ya mwanadamu 	0
/scratch/skscla001/experiments/datasets/swagen/audio/common_voice_sw_30623638.wav	yapo baadhi ya mambo yameachwa kwa mfano kuwaua walemavu 	0
/scratch/skscla001/experiments/datasets/swagen/audio/common_voice_sw_30024418.wav	aina ya kwanza ya kisukari inaweza kutokea kwa watu kuanzia utotoni 	1
/scratch/skscla001/experiments/datasets/swagen/audio/common_voice_sw_29923746.wav	aliyekuwa waziri mkuu miaka ya mwanzoni ya uhuru 	0
/scratch/skscla001/experiments/datasets/swagen/audio/common_voice_sw_36252706.wav	miswada mbalimbali inayotarajiwa kuingia katika lugha ya 	1
/scratch/skscla001/experiments/datasets/swagen/audio/common_voice_sw_28689985.wav	amezaliwa na mama wa ghana na baba wa nigeria 	1
/scratch/skscla001/experiments/datasets/swagen/audio/common_voice_sw_31950645.wav	tumepamabana mpaka mwisho wa nguvu zetu 	1
/scratch/skscla001/experiments/datasets/swagen/audio/common_voice_sw_31321562.wav	hivyo wapare walijiita vambare wakiwa na maana ya sisi 	1
/scratch/skscla001/experiments/datasets/swagen/audio/common_voice_sw_30106390.wav	utawala wa kidikiteta unaathiri sana maisha ya watu 	1
/scratch/skscla001/experiments/datasets/swagen/audio/common_voice_sw_36299861.wav	a umebisha hodi jijini portal prince 	1
/scratch/skscla001/experiments/datasets/swagen/audio/common_voice_sw_30183258.wav	wabunge wa bunge la jamhuri walikuwa mchanganyiko 	1
/scratch/skscla001/experiments/datasets/swagen/audio/common_voice_sw_30323458.wav	hata hivyo serikali ikaendelea kulipa zaidi ya dolar za marekani laki moja kila siku 	1
/scratch/skscla001/experiments/datasets/swagen/audio/common_voice_sw_36384084.wav	leo nimeona ni vyema tuanzie nchini rwanda 	1
/scratch/skscla001/experiments/datasets/swagen/audio/common_voice_sw_36374958.wav	kuwa kiko tayari kujiunga na serikali inayoongozwa na mfuasi wa chama cha hezbollah najim 	1
/scratch/skscla001/experiments/datasets/swagen/audio/common_voice_sw_36067213.wav	lakini kanuni hii ilisitishwa baadayekidogo 	1
/scratch/skscla001/experiments/datasets/swagen/audio/common_voice_sw_30364173.wav	idi amin alikua na mama yake kijijini 	1
/scratch/skscla001/experiments/datasets/swagen/audio/common_voice_sw_35183492.wav	kuenea kote katika bonde la ufa na pande za ardhi 	0
/scratch/skscla001/experiments/datasets/swagen/audio/common_voice_sw_30209921.wav	unapokuwa kiongozi wa nchi au shirika huwa unapewa ulinzi 	1
/scratch/skscla001/experiments/datasets/swagen/audio/common_voice_sw_30201031.wav	mungu ampokea akawe miongoni mwa wateule wake huko mbinguni 	1
/scratch/skscla001/experiments/datasets/swagen/audio/common_voice_sw_29962173.wav	mvua za muda mrefu hunyesha kati ya mwezi februari na juni 	0
/scratch/skscla001/experiments/datasets/swagen/audio/common_voice_sw_30076190.wav	huyu ni mwanasiasa tishio kwa wengine wote walio madarakani 	0
/scratch/skscla001/experiments/datasets/swagen/audio/common_voice_sw_32090575.wav	vuso wa mwanangu hutoa majasho 	1
/scratch/skscla001/experiments/datasets/swagen/audio/common_voice_sw_30327302.wav	tausi wanaweza kuishi mpaka miaka ishirini ikiwa watakuwa mahala salama 	1
/scratch/skscla001/experiments/datasets/swagen/audio/common_voice_sw_30209922.wav	vikosi vya libya na uganda vilisalimu amri na kukimbia 	1
/scratch/skscla001/experiments/datasets/swagen/audio/common_voice_sw_30582819.wav	maeneo ambayo sisi tumekuwa tukiyatazama tu pasipo kupata muda wa kwenda kujifunza huko 	1
/scratch/skscla001/experiments/datasets/swagen/audio/common_voice_sw_28994862.wav	vitongoji duni huwa na vyumba duni 	1
/scratch/skscla001/experiments/datasets/swagen/audio/common_voice_sw_36389288.wav	wamekamatwa na mkuu wa polisi katika mji 	1
/scratch/skscla001/experiments/datasets/swagen/audio/common_voice_sw_30180794.wav	museveni alijibu kwamba amin lazima ajibu dhambi zake 	1
/scratch/skscla001/experiments/datasets/swagen/audio/common_voice_sw_30470954.wav	watu wanapata ajira kwa kuwa waongoza watalii kwenye hifadhi 	1
/scratch/skscla001/experiments/datasets/swagen/audio/common_voice_sw_35183627.wav	unakaa hii leo kukutana na kujadili 	0
/scratch/skscla001/experiments/datasets/swagen/audio/common_voice_sw_34958158.wav	anapenda sana kucheza na watoto wdogo 	0
/scratch/skscla001/experiments/datasets/swagen/audio/common_voice_sw_30180483.wav	familia yenye utajiri mkubwa huku wazazi wake walitalakiana 	1
/scratch/skscla001/experiments/datasets/swagen/audio/common_voice_sw_36807759.wav	awali mpinzani mkubwa bonny ayai adeehu benji 	1
/scratch/skscla001/experiments/datasets/swagen/audio/common_voice_sw_30114738.wav	hifadhi inafikika wakati wote wa mwaka hasa mwezi disemba mpaka februari 	1
/scratch/skscla001/experiments/datasets/swagen/audio/common_voice_sw_29837364.wav	alikuwa na uwezo wa kutawala na kumudu lugha ya kiingereza 	1
/scratch/skscla001/experiments/datasets/swagen/audio/common_voice_sw_29796000.wav	koloni hilo la kijerumani lilitekwa na majeshi ya uingereza na ubelgiji 	1
/scratch/skscla001/experiments/datasets/swagen/audio/common_voice_sw_29988535.wav	hufanya uamuzi wa kutoa elimu kwa vitendo na kuelekeza wananchi namna ya kulima 	1
/scratch/skscla001/experiments/datasets/swagen/audio/common_voice_sw_30564155.wav	hali hii imepelekea wafanyabiashara wa namna hiyo wote 	0
/scratch/skscla001/experiments/datasets/swagen/audio/common_voice_sw_29818024.wav	udzungwa ina ukubwa wa kilomita elfu moja mia tisa na tisini 	0
/scratch/skscla001/experiments/datasets/swagen/audio/common_voice_sw_29795852.wav	ilisababisha wakimbie haraka na kuuacha mji wa mtukula kwenye mikono ya watanzania 	1
/scratch/skscla001/experiments/datasets/swagen/audio/common_voice_sw_35411837.wav	serikali ya india imefanya majaribio mawili ya silaha zake za nyuklia 	1
/scratch/skscla001/experiments/datasets/swagen/audio/common_voice_sw_28581556.wav	munich iliona kipindi cha vuguvugu ya mapinduzi 	1
/scratch/skscla001/experiments/datasets/swagen/audio/common_voice_sw_29896359.wav	baada ya wajerumani kushindwa na waingereza katika vita kuu ya kwanza ya dunia 	1
/scratch/skscla001/experiments/datasets/swagen/audio/common_voice_sw_31269936.wav	reli hii ilikuwa na urefu wa kilomita elfu moja mia mbili arobaini na tano 	0
/scratch/skscla001/experiments/datasets/swagen/audio/common_voice_sw_34940150.wav	mwingine ili kujikinga na jicho baya waturuki huvaa jicho la samawati 	0
/scratch/skscla001/experiments/datasets/swagen/audio/common_voice_sw_35206727.wav	amir habib jamal aliongoza kuanzia tarehe ishirini na sita januari 	0
/scratch/skscla001/experiments/datasets/swagen/audio/common_voice_sw_29905233.wav	wengi walipoteza maisha kwa hiyo nguvukazi ilipungua kwa kiwango kikubwa 	1
/scratch/skscla001/experiments/datasets/swagen/audio/common_voice_sw_30342980.wav	kutembelea maboma waishio na kupata kusikiliza stori zinazohusu maisha yao 	1
/scratch/skscla001/experiments/datasets/swagen/audio/common_voice_sw_29787714.wav	watalii wa hifadhi ya arusha wanavutiwa kupanda farasi kuzungaka ndani ya hifadhi 	1
/scratch/skscla001/experiments/datasets/swagen/audio/common_voice_sw_28876842.wav	hii sio mara ya kwanza kwa diamond kufanya kazi kenya 	1
/scratch/skscla001/experiments/datasets/swagen/audio/common_voice_sw_28820746.wav	wengine hutoa maelezo juu ya imani mbalimbali kama sababu ya desturi hiyo 	1
/scratch/skscla001/experiments/datasets/swagen/audio/common_voice_sw_36389577.wav	cha kupata mataji ya kwanza ya ligi mwaka 	1
/scratch/skscla001/experiments/datasets/swagen/audio/common_voice_sw_30200796.wav	mto wa semliki katika ziwa la albert 	1
/scratch/skscla001/experiments/datasets/swagen/audio/common_voice_sw_30090980.wav	wewe humjuhi vizuri malatwe tuulize sisi tukupe habari 	1
/scratch/skscla001/experiments/datasets/swagen/audio/common_voice_sw_35104933.wav	ngana na mipango yake ya hapo awali 	0
/scratch/skscla001/experiments/datasets/swagen/audio/common_voice_sw_37095281.wav	iwapo ule mchezaji utamtambua kwamba ni muhimu 	1
/scratch/skscla001/experiments/datasets/swagen/audio/common_voice_sw_36255575.wav	kwamba sasa walau hata kuna mjadala kuhusu chato inafaa au haifai kuwa mkoa 	1
/scratch/skscla001/experiments/datasets/swagen/audio/common_voice_sw_29963888.wav	ghana walikuwa na nafasi ya kwenda nusu fainali kama wangaitupa nje uruguay 	1
/scratch/skscla001/experiments/datasets/swagen/audio/common_voice_sw_30182233.wav	ukifika hapo unaweza kuona wanyama kama simba chui fisi tumbili swala na ngedele 	1
/scratch/skscla001/experiments/datasets/swagen/audio/common_voice_sw_29622040.wav	aliandika mengi na vitabu vingi 	0
/scratch/skscla001/experiments/datasets/swagen/audio/common_voice_sw_29752632.wav	hizi rangi za nyekundu kijani njano ni rangi za umoja wa afrika 	0
/scratch/skscla001/experiments/datasets/swagen/audio/common_voice_sw_28703835.wav	awali ilikuwa ni hifadhi ya misitu kabla ya kutangazwa kama mbuga ya kitaifa 	0
/scratch/skscla001/experiments/datasets/swagen/audio/common_voice_sw_29796076.wav	alipofika alikaribishwa katika kasri la alhasan ibn sulaiman abulmawahib 	1
/scratch/skscla001/experiments/datasets/swagen/audio/common_voice_sw_30036828.wav	waliowahi kuua simba ndio walianza kutumika kama walinzi wa simba 	0
/scratch/skscla001/experiments/datasets/swagen/audio/common_voice_sw_32210630.wav	mwana kashakuwa asimama dede 	1
/scratch/skscla001/experiments/datasets/swagen/audio/common_voice_sw_29941973.wav	ilitengenezwa kwa fedha pamoja na sarafu nyingine iliyoitwa heller 	1
/scratch/skscla001/experiments/datasets/swagen/audio/common_voice_sw_30149186.wav	mwalimu nyerere hawezi kulaumiwa kwa jambo lolote 	1
/scratch/skscla001/experiments/datasets/swagen/audio/common_voice_sw_30335391.wav	yeye anataka kufuata biblia pia na wakatoliki hawakuwa wanapinga 	1
/scratch/skscla001/experiments/datasets/swagen/audio/common_voice_sw_29791089.wav	viumbe hai ndege ni pamoja na ndege john na mbuni 	0
/scratch/skscla001/experiments/datasets/swagen/audio/common_voice_sw_35411284.wav	kuenea kwa sababu ni biashara kubwa inayoingiza pesa nyingi 	1
/scratch/skscla001/experiments/datasets/swagen/audio/common_voice_sw_30021056.wav	kata ya kilomeni mwaka wa elfu moja mia tisa na tisa 	1
/scratch/skscla001/experiments/datasets/swagen/audio/common_voice_sw_36013848.wav	kesho nitaenda kanisa na mama 	1
/scratch/skscla001/experiments/datasets/swagen/audio/common_voice_sw_28981428.wav	baadaye huyu mwana wa kwanza alikuwa chifu wa bumbuli kwa kibali cha baba 	1
/scratch/skscla001/experiments/datasets/swagen/audio/common_voice_sw_34890754.wav	mtu huyu alikuwa akiyalifanya shambulio hiyo katika eneo la wasafiri wanosubiri 	1
/scratch/skscla001/experiments/datasets/swagen/audio/common_voice_sw_37086579.wav	mwanamuziki wa kwanza wimbo wake kuchezwa redioni alikuwa ni sugu 	1
/scratch/skscla001/experiments/datasets/swagen/audio/common_voice_sw_28669844.wav	tofauti ni kwamba koloni liko kabisa chini ya utawala wa nje 	1
/scratch/skscla001/experiments/datasets/swagen/audio/common_voice_sw_30021189.wav	tembo jike anabeba mimba kwa miezi ishirini na nne 	0
/scratch/skscla001/experiments/datasets/swagen/audio/common_voice_sw_37214859.wav	ezi ukaweka numbers sana kwenye hii kitu kwa sababu inategemea na priorities za nchi 	0
/scratch/skscla001/experiments/datasets/swagen/audio/common_voice_sw_30016607.wav	tume hii ilianza na kazi ya kutunga katiba ya chama cha mapinduzi 	1
/scratch/skscla001/experiments/datasets/swagen/audio/common_voice_sw_34764018.wav	mitindo ambayo zamani tulizoea kuona ikipigwa na watu wa nje ya tanzania 	1
/scratch/skscla001/experiments/datasets/swagen/audio/common_voice_sw_30205652.wav	ulimi wa nyangumi una uzito wa tani tatu ambao ni uzito zaidi wa tembo 	1
/scratch/skscla001/experiments/datasets/swagen/audio/common_voice_sw_29434588.wav	kwa sababu hiyo walianzisha mkutano wao wa haki za wanawake 	1
/scratch/skscla001/experiments/datasets/swagen/audio/common_voice_sw_36375162.wav	wa kuigiza 	1
/scratch/skscla001/experiments/datasets/swagen/audio/common_voice_sw_28681676.wav	watu wa kwanza waliishi katika afrika penye hali ya hewa ya joto 	1
/scratch/skscla001/experiments/datasets/swagen/audio/common_voice_sw_36385335.wav	kwa viongozi baba uliotupa 	1
/scratch/skscla001/experiments/datasets/swagen/audio/common_voice_sw_36807661.wav	alianza kusema kuwa tumbo ina shida kila usiku 	1
/scratch/skscla001/experiments/datasets/swagen/audio/common_voice_sw_28999175.wav	tena ndiye wa kwanza kutangazwa na papa 	1
/scratch/skscla001/experiments/datasets/swagen/audio/common_voice_sw_30630996.wav	wasifu wa magufuli unaonyesha kwamba alipata cheti cha stashahada ya ualimu 	1
/scratch/skscla001/experiments/datasets/swagen/audio/common_voice_sw_36383667.wav	katika ya jamii yote ya kimasai ndani kenya na tanzania 	1
/scratch/skscla001/experiments/datasets/swagen/audio/common_voice_sw_29685802.wav	kuna pia kiwanda cha maziwa 	1
/scratch/skscla001/experiments/datasets/swagen/audio/common_voice_sw_30583010.wav	baada ya kupigwa vya kutosha wareno walikubali kutia saini makubaliano 	1
/scratch/skscla001/experiments/datasets/swagen/audio/common_voice_sw_35156844.wav	jamaa aliyekuwa ameketi kwenye usukani wa dereva aligeuka 	0
/scratch/skscla001/experiments/datasets/swagen/audio/common_voice_sw_34940035.wav	joto kubwa inafuatana na baridi kali tabianchi ya 	0
/scratch/skscla001/experiments/datasets/swagen/audio/common_voice_sw_36105685.wav	msitu wa jozani ni umbali wa kilometa thelathini na tano kutoka kusini mashariki 	0
/scratch/skscla001/experiments/datasets/swagen/audio/common_voice_sw_30638502.wav	vivutio vingi huwa havipishani sana kwenye viingilio 	1
/scratch/skscla001/experiments/datasets/swagen/audio/common_voice_sw_30114429.wav	zinapatikana katika mji wa mto wa mbu 	1
/scratch/skscla001/experiments/datasets/swagen/audio/common_voice_sw_35176581.wav	katika sikukuu ya wapendanao haijalishi mimi kumnunulia daniella range rover lakini yeye ana lake 	0
/scratch/skscla001/experiments/datasets/swagen/audio/common_voice_sw_36041255.wav	zidane alimuoa mwana dada mzuri na mrembo veronique fernandez 	1
/scratch/skscla001/experiments/datasets/swagen/audio/common_voice_sw_28704207.wav	iko katika kaskazini ya nchi 	1
/scratch/skscla001/experiments/datasets/swagen/audio/common_voice_sw_30025030.wav	theodoros zagora ndiye aliyekuwa nyota wa ugiriki 	1
/scratch/skscla001/experiments/datasets/swagen/audio/common_voice_sw_34745545.wav	sehemu za magharibi zina milima mingi ambayo 	0
/scratch/skscla001/experiments/datasets/swagen/audio/common_voice_sw_36383742.wav	hupewa maelekezo na ushauri unaohusiana na majukumu yao mapya 	1
/scratch/skscla001/experiments/datasets/swagen/audio/common_voice_sw_36373533.wav	wakati wa utawala wa ukoloni wa uingereza huko zanzibar kulikuwa bado 	1
/scratch/skscla001/experiments/datasets/swagen/audio/common_voice_sw_30019977.wav	uchumi unaokua na wenye mbinu zinazostahili kupaumbele 	1
/scratch/skscla001/experiments/datasets/swagen/audio/common_voice_sw_29580360.wav	tamthilia huhusishwa na uigizaji 	0
/scratch/skscla001/experiments/datasets/swagen/audio/common_voice_sw_36381701.wav	mgonjwa wa kisukari anahitaji uangalizi wa karibu sana 	1
/scratch/skscla001/experiments/datasets/swagen/audio/common_voice_sw_30634564.wav	elfu tano mai moja arobaini na tisa 	1
/scratch/skscla001/experiments/datasets/swagen/audio/common_voice_sw_29227320.wav	anthony akaendelea kuwa mtu muhimu kwenye habari 	1
/scratch/skscla001/experiments/datasets/swagen/audio/common_voice_sw_35099082.wav	kwa hoja za tibaijuka kwa mfano chato kama wilaya kwa sasa 	0
/scratch/skscla001/experiments/datasets/swagen/audio/common_voice_sw_30115959.wav	baadhi ya mikoa inalima mazao kama ndizi na muhogo 	1
/scratch/skscla001/experiments/datasets/swagen/audio/common_voice_sw_37099455.wav	watumwa walifikishwa eneo hilo la mkunazini 	0
/scratch/skscla001/experiments/datasets/swagen/audio/common_voice_sw_30115748.wav	kuhakikisha rais aliye madarakani hapingwi na mtu yeyote 	1
/scratch/skscla001/experiments/datasets/swagen/audio/common_voice_sw_29797103.wav	seli hiyo ina viini tete vingi vinavyofanana 	1
/scratch/skscla001/experiments/datasets/swagen/audio/common_voice_sw_31308918.wav	kisha yanakuacha utunze mahusiano yako kwa gharama zako 	1
/scratch/skscla001/experiments/datasets/swagen/audio/common_voice_sw_37217233.wav	mgonjwa wa kisukali hatakiwi kutumia siagi ya wanyama 	0
/scratch/skscla001/experiments/datasets/swagen/audio/common_voice_sw_36375010.wav	ndoa yake iko na matatizo 	1
/scratch/skscla001/experiments/datasets/swagen/audio/common_voice_sw_35963925.wav	wafanyikazi wa bei rahisi katika ulaya magharibi kusikia 	1
/scratch/skscla001/experiments/datasets/swagen/audio/common_voice_sw_30182791.wav	historia inatueleza kwamba watu wameanza kulima kwa utaalamu miaka mitatu baada ya kuzaliwa kristo 	1
/scratch/skscla001/experiments/datasets/swagen/audio/common_voice_sw_29439303.wav	alijiunga na utawa wa tatu wa mt 	1
/scratch/skscla001/experiments/datasets/swagen/audio/common_voice_sw_28662062.wav	kwenye nusu ya kaskazini kuna maziwa mengi 	1
/scratch/skscla001/experiments/datasets/swagen/audio/common_voice_sw_30107795.wav	kabla ya kuingia tanganyika na kujikuta yupo usagara 	1
/scratch/skscla001/experiments/datasets/swagen/audio/common_voice_sw_29818097.wav	mwaka elfu mbili na kumi na tatu alitangazwa kuwa mchezaji anayelipwa zaidi 	0
/scratch/skscla001/experiments/datasets/swagen/audio/common_voice_sw_36807761.wav	vichafuzi kadhaa inaandaa nafasi ya mataifa kuzungumzia sera na 	1
/scratch/skscla001/experiments/datasets/swagen/audio/common_voice_sw_30379758.wav	kwa kuwa ilikuwa njia ya kuingia barani afrika mashariki 	1
/scratch/skscla001/experiments/datasets/swagen/audio/common_voice_sw_36364190.wav	amepata mapendekezo kadhaa ambayo 	0
/scratch/skscla001/experiments/datasets/swagen/audio/common_voice_sw_30375767.wav	husababishwa na kundi la virusi lifahamikalo kama virusi ambao husambazwa wakati wa kujamiiana 	0
/scratch/skscla001/experiments/datasets/swagen/audio/common_voice_sw_31285954.wav	utamaduni huo hata hivyo haukuwahi kutibu magonjwa hayo pia 	0
/scratch/skscla001/experiments/datasets/swagen/audio/common_voice_sw_29787860.wav	yanathamani kubwa na hayapatikani mahali popote duniani 	1
/scratch/skscla001/experiments/datasets/swagen/audio/common_voice_sw_29943190.wav	matembezi ya kiumbe huyo wa ajabu hayatabiriki 	1
/scratch/skscla001/experiments/datasets/swagen/audio/common_voice_sw_30667253.wav	miezi minane toka atoe kitabu hicho mzee mkapa ameaga dunia 	0
/scratch/skscla001/experiments/datasets/swagen/audio/common_voice_sw_28682696.wav	ana dada wawili na kaka wanne 	1
/scratch/skscla001/experiments/datasets/swagen/audio/common_voice_sw_28661944.wav	ni mzaliwa wa moshi mjini mkoa wa kilimanjaro kaskazini mwa tanzania 	1
/scratch/skscla001/experiments/datasets/swagen/audio/common_voice_sw_30661133.wav	katika karne ya kumi na tisa shanga nyingi zenye rangi mbalimbali zilifika afrika 	1
/scratch/skscla001/experiments/datasets/swagen/audio/common_voice_sw_37099767.wav	kwa kutupa vilabu orinka walivyoweza kutupa kwa usahihi kutoka umbali wa mita mia moja 	1
/scratch/skscla001/experiments/datasets/swagen/audio/common_voice_sw_35684248.wav	na upande wa mashariki katika maeneo ya mara wastani wa mvua kwa mwaka ni 	1
/scratch/skscla001/experiments/datasets/swagen/audio/common_voice_sw_29790584.wav	wakati vikosi vya uganda vikikishambulia kikosi kilichokuwa kimepita njia ya kawaida 	0
/scratch/skscla001/experiments/datasets/swagen/audio/common_voice_sw_29782228.wav	mambo ya kuzingatia katika ufahamu wa kusoma 	1
/scratch/skscla001/experiments/datasets/swagen/audio/common_voice_sw_36331312.wav	serikali inataka kujipanga kutengeneza karajina mwani uliosagwa hapa 	1
/scratch/skscla001/experiments/datasets/swagen/audio/common_voice_sw_30384717.wav	ambapo watu walianza kuambukizwa magonjwa ya zinaa kama vile kisonono na kaswende 	1
/scratch/skscla001/experiments/datasets/swagen/audio/common_voice_sw_30381408.wav	ili kuwarithisha watoto wajukuu vitukuu au vizazi vijavyo kwa ujumla 	1
/scratch/skscla001/experiments/datasets/swagen/audio/common_voice_sw_30233665.wav	anaipongeza mchezo pesa kwa kutimiza makubaliano yaliyokuwepo 	1
/scratch/skscla001/experiments/datasets/swagen/audio/common_voice_sw_35069912.wav	a maporomoka hapo waliwahi kusema kwamba kuna 	1
/scratch/skscla001/experiments/datasets/swagen/audio/common_voice_sw_37095782.wav	hifadhi ya taifa kutokana na uharibifu wa wanyamapori katika mazao yao pia ujangili ulio 	1
/scratch/skscla001/experiments/datasets/swagen/audio/common_voice_sw_30025760.wav	huko ishango jamhuri ya kidemokrasia ya kongo 	1
/scratch/skscla001/experiments/datasets/swagen/audio/common_voice_sw_29896654.wav	nyota wa italia fabio canavaro alianza kucheza kombe la dunia 	1
/scratch/skscla001/experiments/datasets/swagen/audio/common_voice_sw_36375310.wav	ili kufikiautegemezi bandia wa dawa za kulevya 	1
/scratch/skscla001/experiments/datasets/swagen/audio/common_voice_sw_30098710.wav	hatua ya kampuni ya kumi bet kuzinduliwa 	1
/scratch/skscla001/experiments/datasets/swagen/audio/common_voice_sw_34943145.wav	maziwa mengine madogo yaliyopo katika bonde hili 	0
/scratch/skscla001/experiments/datasets/swagen/audio/common_voice_sw_30577944.wav	kugawanyika kwa kushindwa kuhakikisha amani 	1
/scratch/skscla001/experiments/datasets/swagen/audio/common_voice_sw_30324838.wav	wanachama wa shirikisho la soka duniani ni nchi zote zilizokidhi vigezo 	0
/scratch/skscla001/experiments/datasets/swagen/audio/common_voice_sw_30196423.wav	baada ya kuachiliwa kwake alisaidiwa na kuanzisha chama cha vuguvugu la wakongomani 	0
/scratch/skscla001/experiments/datasets/swagen/audio/common_voice_sw_30582895.wav	katika safari yao walisafiri hadi kufika milima ya usambara 	1
/scratch/skscla001/experiments/datasets/swagen/audio/common_voice_sw_30117632.wav	ambao ni mawindo makubwa ya wanyama wakali wakiwemo simba na chui 	1
/scratch/skscla001/experiments/datasets/swagen/audio/common_voice_sw_29943400.wav	maharage ni mazuri kwasababu yana faida nyingi mwilini ikiwemo kushusha shinikizo la damu 	1
/scratch/skscla001/experiments/datasets/swagen/audio/common_voice_sw_30735712.wav	walimuadhibu vikali walishusha makombora mazito afghanistan dhidi 	1
/scratch/skscla001/experiments/datasets/swagen/audio/common_voice_sw_37088323.wav	ndio maana hivi sasa wanatumia dhana ya uchumi buluu 	1
/scratch/skscla001/experiments/datasets/swagen/audio/common_voice_sw_29605527.wav	kutokana na nusu zake alianzisha mbingu na nchi 	1
/scratch/skscla001/experiments/datasets/swagen/audio/common_voice_sw_29822575.wav	alitafiti na kutengeneza mfumo wa madaraja nchini tanzania 	1
/scratch/skscla001/experiments/datasets/swagen/audio/common_voice_sw_29795599.wav	hivi unafikiri kwanini mandela alikua mtu muhimu 	1
/scratch/skscla001/experiments/datasets/swagen/audio/common_voice_sw_36382383.wav	inaathiri takribani asilimia sitini ya wananchi 	1
/scratch/skscla001/experiments/datasets/swagen/audio/common_voice_sw_30180243.wav	analeta mkosi na laana kwenye ukoo pia 	1
/scratch/skscla001/experiments/datasets/swagen/audio/common_voice_sw_37332013.wav	nchini iran na kuchochea uhasama wa miaka mingi kati ya mataifa hayo 	0
/scratch/skscla001/experiments/datasets/swagen/audio/common_voice_sw_29925055.wav	kazimzumbwi ina ukubwa wa takribani hekta elfu tatu 	0
/scratch/skscla001/experiments/datasets/swagen/audio/common_voice_sw_29949665.wav	iwe unaingia ofisini umeenda dukani au unakutana na marafiki 	0
/scratch/skscla001/experiments/datasets/swagen/audio/common_voice_sw_29937961.wav	hata hivyo waandishi wengi wa kisasa hutumia wimbo katika sehemu mbalimbali 	1
/scratch/skscla001/experiments/datasets/swagen/audio/common_voice_sw_28582715.wav	kila mmoja ana haki ya kuwa na siri zake 	1
/scratch/skscla001/experiments/datasets/swagen/audio/common_voice_sw_29943771.wav	hifadhi ya taifa ya serengeti inafikika umbali wa kilomita mia tatu thelathini na tano 	1
/scratch/skscla001/experiments/datasets/swagen/audio/common_voice_sw_30323818.wav	yakianguka kupitia msituni na kutua mithili ya mianzo ya ukungu bondeni 	1
/scratch/skscla001/experiments/datasets/swagen/audio/common_voice_sw_37089612.wav	hiyo ilitokana na wajerumani walioingia kama marafikina kubadilika kuwa makatiili 	1
/scratch/skscla001/experiments/datasets/swagen/audio/common_voice_sw_28682534.wav	alifanya kazi kama mjumbe na kuongoza kwa miaka mitatu 	1
/scratch/skscla001/experiments/datasets/swagen/audio/common_voice_sw_36382365.wav	la utuzaji wa mlima huu elgon ambao umekuwa kivutio kikubwa 	1
/scratch/skscla001/experiments/datasets/swagen/audio/common_voice_sw_34597853.wav	ni madhara na maovu yake yote 	0
/scratch/skscla001/experiments/datasets/swagen/audio/common_voice_sw_31304416.wav	alipokuwa na umri wa miaka minne alijiunga na klabu ya grandoli 	1
/scratch/skscla001/experiments/datasets/swagen/audio/common_voice_sw_31406115.wav	mijadala hiyo inazuka kwa kuwa kumetokea masimulizi mengi juu ya asili ya jina wadigo 	0
/scratch/skscla001/experiments/datasets/swagen/audio/common_voice_sw_36374893.wav	eneo la maziwa makuu na kwote inaposikika redio france international 	1
/scratch/skscla001/experiments/datasets/swagen/audio/common_voice_sw_28258551.wav	kwa sasa imekuwa kaunti ya tana river 	1
/scratch/skscla001/experiments/datasets/swagen/audio/common_voice_sw_30307578.wav	kitulo kuna aina elfu nne za maua na mimea adimu 	1
/scratch/skscla001/experiments/datasets/swagen/audio/common_voice_sw_30180514.wav	katika uchaguzi huo abeid amani karume alijiandikisha katika jimbo la ngambo 	1
/scratch/skscla001/experiments/datasets/swagen/audio/common_voice_sw_35099438.wav	kuingilia ee mkondo wa kidemokrasia ulikuwa unafua 	0
/scratch/skscla001/experiments/datasets/swagen/audio/common_voice_sw_35683371.wav	uchumi na matumizi ya ardhi nchini uturuki 	1
/scratch/skscla001/experiments/datasets/swagen/audio/common_voice_sw_30071810.wav	amini alifariki mjini jeddah tarehe kumi na sita 	1
/scratch/skscla001/experiments/datasets/swagen/audio/common_voice_sw_35104841.wav	ukoko huu ni mtamu sana 	0
/scratch/skscla001/experiments/datasets/swagen/audio/common_voice_sw_31321691.wav	samuel etoo na messi walifunga mabao ya ushindi 	1
/scratch/skscla001/experiments/datasets/swagen/audio/common_voice_sw_30257134.wav	watoto hao waliiendeleza lugha waliyoikuta na baadaye ikazaliwa krioli 	1
/scratch/skscla001/experiments/datasets/swagen/audio/common_voice_sw_36013837.wav	uvamia kambi ya wakimbizi katika eneo hilo ambalo hadi sasa 	1
/scratch/skscla001/experiments/datasets/swagen/audio/common_voice_sw_37096142.wav	adi sasa tayari yameshakwisha kutangaza majimbo mia moja na mbili 	1
/scratch/skscla001/experiments/datasets/swagen/audio/common_voice_sw_31304434.wav	maisha ya wamasai yanahusika sana na ngombe ambao huwa msingi wa chakula chao 	1
/scratch/skscla001/experiments/datasets/swagen/audio/common_voice_sw_29795460.wav	bila kuisahau wilaya ya momba inayokamilisha jumla ya wilaya nne za mkoa wa songwe 	1
/scratch/skscla001/experiments/datasets/swagen/audio/common_voice_sw_29793965.wav	wengi huishi bila dalili na kuendelea kuambukiza watu wengine 	0
/scratch/skscla001/experiments/datasets/swagen/audio/common_voice_sw_36014181.wav	pamoja na kusimamia na kufuatilia utekelezaji wa shughuli zote zinazotekelezwa 	1
/scratch/skscla001/experiments/datasets/swagen/audio/common_voice_sw_37092863.wav	aliendelea kuamini katika moyo wake alipendwa sana na hali iliyokuwa ikiwafika majirani haingemfika kamwe 	1
/scratch/skscla001/experiments/datasets/swagen/audio/common_voice_sw_29864980.wav	mwelekeo wa kikomunisti wa baadhi ya viongozi 	1
/scratch/skscla001/experiments/datasets/swagen/audio/common_voice_sw_31415705.wav	pamoja na kuchukua tuzo ya mchezaji bora mara nne 	1
/scratch/skscla001/experiments/datasets/swagen/audio/common_voice_sw_29163693.wav	hakuna hakika kuhusu wakazi wa kwanza 	0
/scratch/skscla001/experiments/datasets/swagen/audio/common_voice_sw_30075908.wav	mama hupewa maji katika kibuyu ili ayanywe 	1
/scratch/skscla001/experiments/datasets/swagen/audio/common_voice_sw_30337955.wav	jike akiwa kwenye mayai dume hufanya kazi ya kumletea chakula hapo kwenye kiota 	0
/scratch/skscla001/experiments/datasets/swagen/audio/common_voice_sw_30583021.wav	magonjwa ya zinaa ni miongoni mwa maambukizi yanayofahamika sana 	1
/scratch/skscla001/experiments/datasets/swagen/audio/common_voice_sw_29787613.wav	forlan aliweka rekodi ya kufunga mabao matatu nje ya boksi 	1
/scratch/skscla001/experiments/datasets/swagen/audio/common_voice_sw_28695355.wav	aliwahi kwenda vitani hispania na kuoa 	1
/scratch/skscla001/experiments/datasets/swagen/audio/common_voice_sw_36615363.wav	kufanana kwao lugha kwa kiasi kikubwa tisini jirani zao 	0
/scratch/skscla001/experiments/datasets/swagen/audio/common_voice_sw_29797093.wav	real adrid hawajasajiri wachezaji kwa misimu minne sasa mfululizo 	1
/scratch/skscla001/experiments/datasets/swagen/audio/common_voice_sw_30110008.wav	ziwa edward ni nyumbani kwa aina ningi za samaki 	0
/scratch/skscla001/experiments/datasets/swagen/audio/common_voice_sw_30638497.wav	watu wa karibu yako wanaweza kukufanya kuyachukia maisha na kuona dunia chungu 	1
/scratch/skscla001/experiments/datasets/swagen/audio/common_voice_sw_34979771.wav	nakuja kukusaidia kufanya sherehe 	0
/scratch/skscla001/experiments/datasets/swagen/audio/common_voice_sw_29848315.wav	mungu ibariki afrika pia mungu ibariki tanzania 	0
/scratch/skscla001/experiments/datasets/swagen/audio/common_voice_sw_30024323.wav	alijiunga na barcelona akitokea timu ya klabu ya mpira ya ureno 	0
/scratch/skscla001/experiments/datasets/swagen/audio/common_voice_sw_29787926.wav	ni bilionea ambaye ametambuliwa kuwa miongoni mwa mabilionea wa umri mdogo zaidi afrika 	1
/scratch/skscla001/experiments/datasets/swagen/audio/common_voice_sw_32211055.wav	hatimaye showe ando nyamadha kimwa 	1
/scratch/skscla001/experiments/datasets/swagen/audio/common_voice_sw_29897546.wav	bagamoyo imehifadhi siri nyingi za mali kale ambazo watanzania wengi hawazijui 	1
/scratch/skscla001/experiments/datasets/swagen/audio/common_voice_sw_30214190.wav	watu wengi hutamani sana kumchukua blob 	1
/scratch/skscla001/experiments/datasets/swagen/audio/common_voice_sw_28814691.wav	kuna watoto wengi wanaoishi bila wazazi wala familia kwenye barabara za kinshasa 	1
/scratch/skscla001/experiments/datasets/swagen/audio/common_voice_sw_29941871.wav	abeid karume alishtakiwa na mfanyabiashara aitwae punja kara 	1
/scratch/skscla001/experiments/datasets/swagen/audio/common_voice_sw_30629471.wav	tanzania ina vivutio vingi sana vya utalii 	0
/scratch/skscla001/experiments/datasets/swagen/audio/common_voice_sw_28880831.wav	kaskazini mwa tanzania kuna mlima meru pia 	1
/scratch/skscla001/experiments/datasets/swagen/audio/common_voice_sw_30091301.wav	rufaa zote zikawa kwa rais karume pekee 	1
/scratch/skscla001/experiments/datasets/swagen/audio/common_voice_sw_30380893.wav	ziwa hili hupokea maji kutoka mito mikubwa kama vile mto kagera na mto mara 	1
/scratch/skscla001/experiments/datasets/swagen/audio/common_voice_sw_29906561.wav	lakini muingiliano bado haujapata ufafanuzi makini 	1
/scratch/skscla001/experiments/datasets/swagen/audio/common_voice_sw_30341808.wav	ujuzi wa mambo unaongezeka kwa kujifunza 	1
/scratch/skscla001/experiments/datasets/swagen/audio/common_voice_sw_30122639.wav	taifa la uingereza halina kikosi bora kwa sasa 	1
/scratch/skscla001/experiments/datasets/swagen/audio/common_voice_sw_30376722.wav	ndoa ikavunjika rasmi na kuwaacha watu wakiwa hawaelewi 	0
/scratch/skscla001/experiments/datasets/swagen/audio/common_voice_sw_30582055.wav	mtemi wa same mohammedi kibacha singo aliacha uongozi baada ya mila za jadi kusitishwa 	0
/scratch/skscla001/experiments/datasets/swagen/audio/common_voice_sw_36013936.wav	kesi ya kwanza ilimhusisha jean paul akayesu 	1
/scratch/skscla001/experiments/datasets/swagen/audio/common_voice_sw_29938065.wav	tandala na palahala nao wanavutia na kufanya maskani kwenye vilima 	1
/scratch/skscla001/experiments/datasets/swagen/audio/common_voice_sw_29795272.wav	hiyo ilikuwa ndiyo nyenzo kubwa katika maendeleo ya taifa letu 	1
/scratch/skscla001/experiments/datasets/swagen/audio/common_voice_sw_36039608.wav	kama malalamiko yao yatakuwa ni sahihi wakati huu mkitangaza 	1
/scratch/skscla001/experiments/datasets/swagen/audio/common_voice_sw_30439737.wav	marekani ndege za nchi hiyo zenye raia wake na 	1
/scratch/skscla001/experiments/datasets/swagen/audio/common_voice_sw_28876251.wav	kuna visiwa vingi 	1
/scratch/skscla001/experiments/datasets/swagen/audio/common_voice_sw_34942246.wav	twiga hawa huwa na uwezo wa kuzaa au kupanda wafikishapo umri wa miaka miatatu 	0
/scratch/skscla001/experiments/datasets/swagen/audio/common_voice_sw_29797783.wav	tambua kuwa anayechanua mkia ni tausi dume na siyo jike 	0
/scratch/skscla001/experiments/datasets/swagen/audio/common_voice_sw_34390716.wav	fedha za kigeni zinatumika kufanya malipo ya kiserikali 	1
/scratch/skscla001/experiments/datasets/swagen/audio/common_voice_sw_29937127.wav	kusababisha zaidi ya watu elfu moja kupoteza maisha katika meli hiyo 	1
/scratch/skscla001/experiments/datasets/swagen/audio/common_voice_sw_30180831.wav	pesa inayopatikana inasaidia miradi mbalimbali 	1
/scratch/skscla001/experiments/datasets/swagen/audio/common_voice_sw_30522520.wav	amepoteza makombe mengi miaka ya karibuni 	0
/scratch/skscla001/experiments/datasets/swagen/audio/common_voice_sw_31325413.wav	ziwa katwe liko chini ya ziwa edward 	1
/scratch/skscla001/experiments/datasets/swagen/audio/common_voice_sw_30381164.wav	mapambo ya shanga nyingi shanga za shingoni ambazo husogea kwa mdundo 	1
/scratch/skscla001/experiments/datasets/swagen/audio/common_voice_sw_29602854.wav	yeye ni mlinzi wa kushoto ambaye anaweza pia kucheza upande wa kushoto wa uwanja 	1
/scratch/skscla001/experiments/datasets/swagen/audio/common_voice_sw_37098702.wav	kwa barabara kunatatuliwa haraka bila kupiga kelele au kuapa 	1
/scratch/skscla001/experiments/datasets/swagen/audio/common_voice_sw_36373641.wav	tumeshindwa kama umoja afrika kuletee 	1
/scratch/skscla001/experiments/datasets/swagen/audio/common_voice_sw_30327028.wav	barcelona ilishinda mabao matatu kwa moja 	0
/scratch/skscla001/experiments/datasets/swagen/audio/common_voice_sw_32323864.wav	shathi leupe huvawa hofisini 	1
/scratch/skscla001/experiments/datasets/swagen/audio/common_voice_sw_30091340.wav	muhogo kiasi na katika maeneo machache mpunga na mzabibu 	1
/scratch/skscla001/experiments/datasets/swagen/audio/common_voice_sw_34391337.wav	naye atafanya agano thabiti na watu wengi kwa muda wa juma moja na kwa 	1
/scratch/skscla001/experiments/datasets/swagen/audio/common_voice_sw_30035937.wav	kabla ya kuingia kijiji cha sumbawanga alichokianzisha aliwataka wananchi waliomfuata watupe uchafu wote 	0
/scratch/skscla001/experiments/datasets/swagen/audio/common_voice_sw_36390658.wav	kule maisha ya kufunga na kusali watawa hao waliitwa kwa jina la kigiriki 	1
/scratch/skscla001/experiments/datasets/swagen/audio/common_voice_sw_29905397.wav	kilimo cha waha ni mahindi maharage ndizi kahawa mhogo karanga mbaazi na njegere 	1
/scratch/skscla001/experiments/datasets/swagen/audio/common_voice_sw_36641176.wav	kwanza programu za kisiasa zilitumia mapato ya serikali 	0
/scratch/skscla001/experiments/datasets/swagen/audio/common_voice_sw_36318720.wav	hasa sana hapa dar es salaam hawajapata miji mikubwa kama beya arusha mwanza 	1
/scratch/skscla001/experiments/datasets/swagen/audio/common_voice_sw_32243941.wav	kuwa muangalifu 	1
/scratch/skscla001/experiments/datasets/swagen/audio/common_voice_sw_29177371.wav	hali ya hewa haina joto kali 	0
/scratch/skscla001/experiments/datasets/swagen/audio/common_voice_sw_37097610.wav	sayyid said alienda mara kwa mara nyumbani kwao oman kutatua migogoro ya ndani 	1
/scratch/skscla001/experiments/datasets/swagen/audio/common_voice_sw_29406534.wav	kufuatana na uainishaji wa lugha kwa ndani zaidi kilele iko katika kundi la kichadiki 	1
/scratch/skscla001/experiments/datasets/swagen/audio/common_voice_sw_30364121.wav	kipindi cha ugomvi kati ya makundi mawili ya nchi duniani 	1
/scratch/skscla001/experiments/datasets/swagen/audio/common_voice_sw_30671132.wav	alihamishiwa marekani kwa masomo zaidi ya sekondari katika jimbo la florida 	1
/scratch/skscla001/experiments/datasets/swagen/audio/common_voice_sw_30233639.wav	wazigua wa zamani walikuwa na tabia ya kuchokonoa meno ya mtoto 	1
/scratch/skscla001/experiments/datasets/swagen/audio/common_voice_sw_29945047.wav	mpandaji wa mlima huu anapitia kanda tofati za hewa 	1
/scratch/skscla001/experiments/datasets/swagen/audio/common_voice_sw_30181640.wav	unaonekana kuwa na manufaa mengi kwa wanajamii wa kabila hilo 	1
/scratch/skscla001/experiments/datasets/swagen/audio/common_voice_sw_29811364.wav	wataalamu wa viumbe vya majini wanasema kwa kawaida nyangumi 	0
/scratch/skscla001/experiments/datasets/swagen/audio/common_voice_sw_30647801.wav	pia zipo karanga na alizeti bila kusahau ndizi na korosho 	1
/scratch/skscla001/experiments/datasets/swagen/audio/common_voice_sw_29994793.wav	lotthae mattaus ni mjerumani aliyefanya vizuri zaidi 	1
/scratch/skscla001/experiments/datasets/swagen/audio/common_voice_sw_30180515.wav	wasukuma mchanganyiko kutoka kahama na tabora 	1
/scratch/skscla001/experiments/datasets/swagen/audio/common_voice_sw_32242757.wav	karafuu zazalishwa kwa wingi pemba 	1
/scratch/skscla001/experiments/datasets/swagen/audio/common_voice_sw_30629356.wav	zanzibar ni sehemu inayounda eneo la jamhuri 	1
/scratch/skscla001/experiments/datasets/swagen/audio/common_voice_sw_28582419.wav	lakini si kwa mema 	0
/scratch/skscla001/experiments/datasets/swagen/audio/common_voice_sw_30079880.wav	akabadilisha upepo uliodumu kwa miaka kumi na nne 	1
/scratch/skscla001/experiments/datasets/swagen/audio/common_voice_sw_30434931.wav	kama hamtalala ndani ya hifadhi ni sehemu gani nyinginezo za huduma hiyo 	1
/scratch/skscla001/experiments/datasets/swagen/audio/common_voice_sw_36320003.wav	radicals mashambulizi hayo waliitwa palmer raids kwa muda mfupi hoover iliyoundwa kadi namba mia 	1
/scratch/skscla001/experiments/datasets/swagen/audio/common_voice_sw_29923748.wav	mwalimu uniachie huyu mtoto niongea naye kisha nitachukua hatua zinazofaa 	0
/scratch/skscla001/experiments/datasets/swagen/audio/common_voice_sw_29994676.wav	ziwa victoria limegawanyika katika nchi tatu tanzania kenya na uganda 	1
/scratch/skscla001/experiments/datasets/swagen/audio/common_voice_sw_28879236.wav	aliandika vitabu vya maisha ya kiroho 	1
/scratch/skscla001/experiments/datasets/swagen/audio/common_voice_sw_36643715.wav	akishinda magoli mawili na kuwa shujaa wa timu 	0
/scratch/skscla001/experiments/datasets/swagen/audio/common_voice_sw_29899373.wav	kwa kudai eti watumwa waliona bahari ambako watasafarishwa 	1
/scratch/skscla001/experiments/datasets/swagen/audio/common_voice_sw_35183643.wav	wana uhusiano wa karibu na asili moja 	0
/scratch/skscla001/experiments/datasets/swagen/audio/common_voice_sw_28681440.wav	maua ni meupe 	1
/scratch/skscla001/experiments/datasets/swagen/audio/common_voice_sw_37092430.wav	yule kijana aliyekuwa na mtaalamu wa ufundi alisema kwa kuhamaki kuwa havifanani 	1
/scratch/skscla001/experiments/datasets/swagen/audio/common_voice_sw_29961427.wav	forlan alikuwa manchester united kabla ya kutimkia hispania 	1
/scratch/skscla001/experiments/datasets/swagen/audio/common_voice_sw_36067426.wav	idadi kubwa ya abiria waliyonusurika walikuwa wa darasa la kwanza 	1
/scratch/skscla001/experiments/datasets/swagen/audio/common_voice_sw_29957459.wav	karol aliomba asome upadri kwa ajili ya kumtumikia mungu 	1
/scratch/skscla001/experiments/datasets/swagen/audio/common_voice_sw_30379924.wav	wapare wa kusini ambao ni wapare wa same 	1
/scratch/skscla001/experiments/datasets/swagen/audio/common_voice_sw_29536813.wav	kwa hiyo haijulikani walitumia lugha gani 	1
/scratch/skscla001/experiments/datasets/swagen/audio/common_voice_sw_30628155.wav	baada ya kurekodi albamu yake ya kwanza 	1
/scratch/skscla001/experiments/datasets/swagen/audio/common_voice_sw_36042045.wav	ni wewe wa kuabudiwa ni wewe tena sana 	1
/scratch/skscla001/experiments/datasets/swagen/audio/common_voice_sw_30653921.wav	utalii wa boti na kuvua samaki kwenye bahari ya hindi ni raha isiyo kifani 	0
/scratch/skscla001/experiments/datasets/swagen/audio/common_voice_sw_29923171.wav	shughuli kama vile matembezi na kupanda milima shughuli za uvuvi na kuendesha baiskeli 	0
/scratch/skscla001/experiments/datasets/swagen/audio/common_voice_sw_37099057.wav	uwezo wa kukusanyika ripoti juu ya watu milioni ishirini na tano wa marekani bila 	0
/scratch/skscla001/experiments/datasets/swagen/audio/common_voice_sw_36382558.wav	ni mwanaharakati wa masuala ya uhuru wa vyombo vya habari 	1
/scratch/skscla001/experiments/datasets/swagen/audio/common_voice_sw_36381947.wav	a umeshawahi kutembelea tovuti ya full shangwe ambayo 	1
/scratch/skscla001/experiments/datasets/swagen/audio/common_voice_sw_35683994.wav	filamu inaelezea hadithi iliyotungwa na mwandishi 	1
/scratch/skscla001/experiments/datasets/swagen/audio/common_voice_sw_31304446.wav	utamaduni wa kabila husika huku jando la asili 	1
/scratch/skscla001/experiments/datasets/swagen/audio/common_voice_sw_31304461.wav	pia huvuka mto lwiche kwa imani kuwa ni moja ya hatua 	1
/scratch/skscla001/experiments/datasets/swagen/audio/common_voice_sw_35160900.wav	waarabu dhidi ya waosmani badala yake alishindana na makabila 	0
/scratch/skscla001/experiments/datasets/swagen/audio/common_voice_sw_29206985.wav	kabla ya kujiunga na monasteri alikuwa na cheo kikubwa ikulu 	1
/scratch/skscla001/experiments/datasets/swagen/audio/common_voice_sw_30334895.wav	kiongozi wa kanisa katoliki wakati huo ni julius wa pili 	1
/scratch/skscla001/experiments/datasets/swagen/audio/common_voice_sw_29791383.wav	victoria lilikuwa jina la malikia wa uingereza 	0
/scratch/skscla001/experiments/datasets/swagen/audio/common_voice_sw_37099143.wav	wajemi waliooa wenyeji idadi ya wahamiaji kutoka 	0
/scratch/skscla001/experiments/datasets/swagen/audio/common_voice_sw_30055243.wav	huu ni msikiti mkubwa zaidi kuwahi kujengwa kusini mwa jangwa la sahara 	0
/scratch/skscla001/experiments/datasets/swagen/audio/common_voice_sw_29942878.wav	akiona mambo yamekaa vibaya anawahi kuondoka kabla ya kuondoshwa 	1
/scratch/skscla001/experiments/datasets/swagen/audio/common_voice_sw_28696148.wav	shabaha kuu ilikuwa kutetea kanisa chini ya papa 	1
/scratch/skscla001/experiments/datasets/swagen/audio/common_voice_sw_34390842.wav	kujiuzulu kutokana na chama hicho kutajwa kuhusika kwenye uchunguzi 	1
/scratch/skscla001/experiments/datasets/swagen/audio/common_voice_sw_28973872.wav	hata hivyo ni wikipedia ya kwanza kwa ukubwa katika orodha ya lugha za kirumi 	1
/scratch/skscla001/experiments/datasets/swagen/audio/common_voice_sw_36382234.wav	na mabepari wa venus mwaka elfumoja miatisa sitini na tisa 	1
/scratch/skscla001/experiments/datasets/swagen/audio/common_voice_sw_29898406.wav	akaamua kuukabidhi utawala wake kwa mjukuu ambaye 	1
/scratch/skscla001/experiments/datasets/swagen/audio/common_voice_sw_30647749.wav	majaliwa ni mwenyeji wa mnacho katika wilaya ya ruangwa aliposoma shule ya msingi 	1
/scratch/skscla001/experiments/datasets/swagen/audio/common_voice_sw_29961429.wav	waliishi katika hifadhi ya taifa ya serengeti 	1
/scratch/skscla001/experiments/datasets/swagen/audio/common_voice_sw_30110409.wav	maporomoko ya rusumo yapo njiani kwenye dajara linalounganisha nchi ya tanzania na rwanda 	0
/scratch/skscla001/experiments/datasets/swagen/audio/common_voice_sw_28825447.wav	ndege hawa wanatokea maeneo wazi wa afrika asia na ulaya 	1
/scratch/skscla001/experiments/datasets/swagen/audio/common_voice_sw_30380406.wav	sekta nyingine ambazo huchangia kwenye uchumi wa mkoa ni za mifugo na madini 	1
/scratch/skscla001/experiments/datasets/swagen/audio/common_voice_sw_37096075.wav	hakuna kusaidiana kwenye mtihani 	1
/scratch/skscla001/experiments/datasets/swagen/audio/common_voice_sw_32244522.wav	nenda tanzania 	1
/scratch/skscla001/experiments/datasets/swagen/audio/common_voice_sw_30362319.wav	mlima wa nyamibata na milima ya nyanda 	1
/scratch/skscla001/experiments/datasets/swagen/audio/common_voice_sw_30470979.wav	cafu ameshinda ubingwa wa dunia mara mbili 	1
/scratch/skscla001/experiments/datasets/swagen/audio/common_voice_sw_29923538.wav	kati ya washona wenye idadi kubwa ya watu wengi na wandebele 	0
/scratch/skscla001/experiments/datasets/swagen/audio/common_voice_sw_28670530.wav	tatu kati ya hizo ni kwa kazi yake ya utayarishaji 	1
/scratch/skscla001/experiments/datasets/swagen/audio/common_voice_sw_31812061.wav	mji wa bagamoyo unaotafsiri kuhusu dini ya kiislamu na utamaduni wake 	0
/scratch/skscla001/experiments/datasets/swagen/audio/common_voice_sw_30631378.wav	baada ya kusaini alitoa haja yake na changamoto mpya kama sababu ya kuondoka realmadrid 	1
/scratch/skscla001/experiments/datasets/swagen/audio/common_voice_sw_28695279.wav	anaheshimiwa na kanisa katoliki kama mwenye heri bikira 	1
/scratch/skscla001/experiments/datasets/swagen/audio/common_voice_sw_31370833.wav	mchanga huo hupita juu ya bahari atlantic hadi katika msitu wa amazon 	1
/scratch/skscla001/experiments/datasets/swagen/audio/common_voice_sw_36381532.wav	maamuzi haya yalifikiwa baada ya mazungumzo ya siri yaliyofanyika mwaka 	1
/scratch/skscla001/experiments/datasets/swagen/audio/common_voice_sw_28581560.wav	hewa yenyewe ni gimba la gesi 	1
/scratch/skscla001/experiments/datasets/swagen/audio/common_voice_sw_29936610.wav	korona imeogeza hofu kubwa kwa watu wote duniani 	1
/scratch/skscla001/experiments/datasets/swagen/audio/common_voice_sw_32244697.wav	fuata kila lililokuwa zuri 	1
/scratch/skscla001/experiments/datasets/swagen/audio/common_voice_sw_36617546.wav	yeye ni mshambuliaji wa juu kabisa ureno wakati wote 	0
/scratch/skscla001/experiments/datasets/swagen/audio/common_voice_sw_30177278.wav	kwa sababu zisizojulikana mkwawa hakugawa bunduki za kisasa zote alizokuwa nazo 	0
/scratch/skscla001/experiments/datasets/swagen/audio/common_voice_sw_37098371.wav	washindani wote 	1
/scratch/skscla001/experiments/datasets/swagen/audio/common_voice_sw_30629394.wav	mwalimu nyerere alisoma katika chuo cha makerere 	1
/scratch/skscla001/experiments/datasets/swagen/audio/common_voice_sw_29996208.wav	mchezo wake wa kwanza katika timu ya taifa ulimfanya messi kuwa mchezaji mdogo zaidi 	1
/scratch/skscla001/experiments/datasets/swagen/audio/common_voice_sw_29896938.wav	hushughulika pia ukubwa na usambazaji wa faida kutoka kwenye biashara 	1
/scratch/skscla001/experiments/datasets/swagen/audio/common_voice_sw_29915207.wav	koppe moja inayoweza kuonekana kwa wageni huko serengeti 	1
/scratch/skscla001/experiments/datasets/swagen/audio/common_voice_sw_30653538.wav	kabila hili ni la kibantu waliofika maeneo ya udigo 	0
/scratch/skscla001/experiments/datasets/swagen/audio/common_voice_sw_29892689.wav	bodi ya biashara ya nje pia ilipewa dhamana ya kukuza ushirikiano wa biashara kimataifa 	1
/scratch/skscla001/experiments/datasets/swagen/audio/common_voice_sw_30650336.wav	kupunguza panya wanaoishi karibu na nyumba sehemu kazi au maeneo ya michezo 	1
/scratch/skscla001/experiments/datasets/swagen/audio/common_voice_sw_30069571.wav	jeshi la amin lilimfukuza mkuu wa dola kabaka mutesa 	1
/scratch/skscla001/experiments/datasets/swagen/audio/common_voice_sw_34833319.wav	kipindi cha upanuzi kilifuatiwa na emutai 	0
/scratch/skscla001/experiments/datasets/swagen/audio/common_voice_sw_37092081.wav	mwaezi wa saba mwaka elfu mbili kumi na nane 	1
/scratch/skscla001/experiments/datasets/swagen/audio/common_voice_sw_36252282.wav	na nafikiri ujumbe huu unaufahamu hebu naomba 	0
/scratch/skscla001/experiments/datasets/swagen/audio/common_voice_sw_30323793.wav	huku ikitoa zaidi ya albamu nne ndani ya mwaka mmoja 	1
/scratch/skscla001/experiments/datasets/swagen/audio/common_voice_sw_34746429.wav	mada zako zinatakiwa kugusa mahitaji ya wasikilizaji wako 	1
/scratch/skscla001/experiments/datasets/swagen/audio/common_voice_sw_28690721.wav	kata hii ina shule tatu za msingi na shule moja ya sekondari 	1
/scratch/skscla001/experiments/datasets/swagen/audio/common_voice_sw_30385691.wav	daraja la tatu au la chini lilikuwa na mabafu mawili tu 	1
/scratch/skscla001/experiments/datasets/swagen/audio/common_voice_sw_28582625.wav	mwaka huo ulikuwa mfupi kuliko mwaka wa jua kiasi cha karibu robo siku 	1
/scratch/skscla001/experiments/datasets/swagen/audio/common_voice_sw_29927038.wav	damu kupipitia mabomba ya sindano sindano au vitu vyenye ncha kali 	1
/scratch/skscla001/experiments/datasets/swagen/audio/common_voice_sw_30020720.wav	maajabu hayo yamelifanya shirika la kimataifa kulijumlisha kwenye orodha yake ya urithi 	1
/scratch/skscla001/experiments/datasets/swagen/audio/common_voice_sw_34920261.wav	akizungumzia hali ilivyo nchini libya wakati majeshi 	0
/scratch/skscla001/experiments/datasets/swagen/audio/common_voice_sw_37094858.wav	sambabmba na huyo dunia ilishuhudia kiongozi mwingine 	1
/scratch/skscla001/experiments/datasets/swagen/audio/common_voice_sw_28670171.wav	pia kuna wasemaji wa kizhuang yang nchini vietnam lakini idadi yao haijulikani 	1
/scratch/skscla001/experiments/datasets/swagen/audio/common_voice_sw_30025489.wav	balozi salim ahmed salim wakati huo balozi wa zanzibar nchini misri 	1
/scratch/skscla001/experiments/datasets/swagen/audio/common_voice_sw_36387489.wav	muziki ambao vijana wengi ndio huvutiwa nao zaidi 	1
/scratch/skscla001/experiments/datasets/swagen/audio/common_voice_sw_30321798.wav	matibabu hupunguza vifo kwa asilimia nane hadi asilimia kumi 	1
/scratch/skscla001/experiments/datasets/swagen/audio/common_voice_sw_31808775.wav	mataifa mengine saba ya kusini mwa jangwa la sahara 	0
/scratch/skscla001/experiments/datasets/swagen/audio/common_voice_sw_37094633.wav	wakati taifa la afrika kusini lenyewe likijiandaa 	1
/scratch/skscla001/experiments/datasets/swagen/audio/common_voice_sw_35123626.wav	lakini akaachana na hayo mawazo kwa kuwa alihitaji kuongea na magreth 	0
/scratch/skscla001/experiments/datasets/swagen/audio/common_voice_sw_35069852.wav	alieleza mambo mawili ya kuzingatia katika kutengeneza mikakati ya uchumi shindani 	1
/scratch/skscla001/experiments/datasets/swagen/audio/common_voice_sw_28681045.wav	albamu pia inajumuisha masimulizi ambayo yana mistari ya biblia 	1
/scratch/skscla001/experiments/datasets/swagen/audio/common_voice_sw_30327902.wav	baadhi ya vitu vilivyorudi afrika kama bidhaa 	0
/scratch/skscla001/experiments/datasets/swagen/audio/common_voice_sw_30671335.wav	mkalimani akamatwa tanzania kwa kutafsiri visivyo matamshi ya mtalii 	1
/scratch/skscla001/experiments/datasets/swagen/audio/common_voice_sw_29902528.wav	hata hivyo mabadiliko hayo bado yaliendelea kulalamikiwa kwa kutoweka bayana uwajibikaji wa viongozi 	1
/scratch/skscla001/experiments/datasets/swagen/audio/common_voice_sw_37096603.wav	karani wa koti ni yupi 	1
/scratch/skscla001/experiments/datasets/swagen/audio/common_voice_sw_29930921.wav	kwa lengo la kusafirisha mizigo ya mazao mbalimbali 	1
/scratch/skscla001/experiments/datasets/swagen/audio/common_voice_sw_29938070.wav	mahojiano yanayochapishwa kwa muundo wa maswali na majibu ndiyo hasa huelimisha zaidi 	1
/scratch/skscla001/experiments/datasets/swagen/audio/common_voice_sw_36390293.wav	pia nelson mandela aliyekuwa raisi wa kwanza wa afrika kusini 	1
/scratch/skscla001/experiments/datasets/swagen/audio/common_voice_sw_29943712.wav	utaratibu wakuwakutanisha wanafunzi wote waliofanya vizuri katika 	1
/scratch/skscla001/experiments/datasets/swagen/audio/common_voice_sw_30007117.wav	mchezaji bora wa kombe la dunia alikuwa giasinto faccheff 	1
/scratch/skscla001/experiments/datasets/swagen/audio/common_voice_sw_37090726.wav	dalili za maambukizi ya virusi vya ukimwi ni nyingi sana 	1
/scratch/skscla001/experiments/datasets/swagen/audio/common_voice_sw_30582066.wav	kimapunju wanaishi kwa ujamaa huku wakiwa na maumbile ya kuvutia kwa watalii 	0
/scratch/skscla001/experiments/datasets/swagen/audio/common_voice_sw_28704692.wav	gavana wa jimbo ni john harvard 	0
/scratch/skscla001/experiments/datasets/swagen/audio/common_voice_sw_35588579.wav	kilomita ulikuwa unasababisha mvua ya asidi ambayo ilikuwa 	0
/scratch/skscla001/experiments/datasets/swagen/audio/common_voice_sw_30219506.wav	lakini husababisha magonjwa ya mapafu yanayofanana na kifua kikuu 	0
/scratch/skscla001/experiments/datasets/swagen/audio/common_voice_sw_28673118.wav	kimsingi mandhari ya hifadhi hii ni nyasi iliyo wazi na mito 	1
/scratch/skscla001/experiments/datasets/swagen/audio/common_voice_sw_30201520.wav	leo hii wakamba wangesema kiima kyeu 	1
/scratch/skscla001/experiments/datasets/swagen/audio/common_voice_sw_29793679.wav	lakini vita ya uchumi inahitaji akili sana vifaa laini 	0
/scratch/skscla001/experiments/datasets/swagen/audio/common_voice_sw_31285616.wav	kambi nyingine ni kambi ya wapigania uhuru ya bagamoyo mkoani pwani 	0
/scratch/skscla001/experiments/datasets/swagen/audio/common_voice_sw_31304598.wav	mwaka uliyofuatia akatimkia bayern munich 	1
/scratch/skscla001/experiments/datasets/swagen/audio/common_voice_sw_30177600.wav	watoto hao hupelekwa nyumbani ambako nako sherehe hizo huendelea kufanyika 	0
/scratch/skscla001/experiments/datasets/swagen/audio/common_voice_sw_29457597.wav	mji mkuu wa tanzania ni jiji la dodoma 	1
/scratch/skscla001/experiments/datasets/swagen/audio/common_voice_sw_30677287.wav	tangu mwaka wa elfu mbili na mbili barabara ya lami 	1
/scratch/skscla001/experiments/datasets/swagen/audio/common_voice_sw_36385402.wav	na uongo wanini mwogope mungu 	1
/scratch/skscla001/experiments/datasets/swagen/audio/common_voice_sw_29182626.wav	alitumia sehemu kubwa ya utajiri wake kujenga jeshi la binafsi 	1
/scratch/skscla001/experiments/datasets/swagen/audio/common_voice_sw_32210586.wav	katika mazungumzo yetu tumeafikiana 	1
/scratch/skscla001/experiments/datasets/swagen/audio/common_voice_sw_30258329.wav	kuua wakati wa vita ni kama kucheza tu na wakiwa na hasira 	1
/scratch/skscla001/experiments/datasets/swagen/audio/common_voice_sw_35108042.wav	desmond tutu ni kiongozi wa kidini ambae alikuwa anaamasisha upendo umoja na amanipia 	1
/scratch/skscla001/experiments/datasets/swagen/audio/common_voice_sw_30668386.wav	mwaka elfu moja mia tisa tisini na tano 	1
/scratch/skscla001/experiments/datasets/swagen/audio/common_voice_sw_29997333.wav	hata wazee husimulia hivyo kwa watoto wao 	1
/scratch/skscla001/experiments/datasets/swagen/audio/common_voice_sw_34750147.wav	wakati ambayo marais watano kutoka au 	1
/scratch/skscla001/experiments/datasets/swagen/audio/common_voice_sw_30044936.wav	chama cha wapigania uhuru wa afrika kusini 	1
/scratch/skscla001/experiments/datasets/swagen/audio/common_voice_sw_30582820.wav	limezungukwa pia na bahari pande zake zote 	1
/scratch/skscla001/experiments/datasets/swagen/audio/common_voice_sw_28581558.wav	kwa sasa imekuwa sehemu ya kaunti ya narok 	1
/scratch/skscla001/experiments/datasets/swagen/audio/common_voice_sw_28691073.wav	saratani ilikuwa imemuenea sana mwilini 	1
/scratch/skscla001/experiments/datasets/swagen/audio/common_voice_sw_30025653.wav	kuna aina kuu mbili za wanyama wa jangwani ambao ni ngamia na bakteria 	1
/scratch/skscla001/experiments/datasets/swagen/audio/common_voice_sw_29995263.wav	mfugale ni moja ya waandisi wakongwe nchini waliotoa mchango mkubwa katika sekta ya ujenzi 	1
/scratch/skscla001/experiments/datasets/swagen/audio/common_voice_sw_29622679.wav	haijulikani wagiriki walipata jina hilo kwa njia gani lakini lilikuwa kawaida nje ya misri 	0
/scratch/skscla001/experiments/datasets/swagen/audio/common_voice_sw_29995494.wav	wengi wanafahamu kuwa akina mama wajawazito wanapaswa 	1
/scratch/skscla001/experiments/datasets/swagen/audio/common_voice_sw_30570340.wav	kutokana na kitendo hicho mandela na viongozi wenzake walikamatwa 	0
/scratch/skscla001/experiments/datasets/swagen/audio/common_voice_sw_28669953.wav	lakini si nchi huru kama nchi nyingine za jumuiya ya madola 	1
/scratch/skscla001/experiments/datasets/swagen/audio/common_voice_sw_35103468.wav	alirudi kwenye lile daftari na kusoma ule mtaa mwisho akafunika na kulirudisha kwenye shelfu 	0
/scratch/skscla001/experiments/datasets/swagen/audio/common_voice_sw_30572095.wav	mwalimu nyerere alikuwa anajiamini kupita kiasi 	0
/scratch/skscla001/experiments/datasets/swagen/audio/common_voice_sw_30515380.wav	nimeamua kuandika makala hii ili wengi waweze kutambua 	1
/scratch/skscla001/experiments/datasets/swagen/audio/common_voice_sw_29943269.wav	mandela aliamini katika taifa la kidemokrasia 	1
/scratch/skscla001/experiments/datasets/swagen/audio/common_voice_sw_32324032.wav	asikari kankagua mizigo yetu 	1
/scratch/skscla001/experiments/datasets/swagen/audio/common_voice_sw_30146916.wav	ilikuwa ni hasara kubwa katika kizazi cha muziki 	1
/scratch/skscla001/experiments/datasets/swagen/audio/common_voice_sw_35099723.wav	uwezo wake wa kitamaduni katika kubariki na kulaani humuongezea heshima 	0
/scratch/skscla001/experiments/datasets/swagen/audio/common_voice_sw_29982106.wav	milima ya udzungwa na ile milima ya ufa mashariki 	1
/scratch/skscla001/experiments/datasets/swagen/audio/common_voice_sw_30327476.wav	alikuwa waziri wa maendeleo ya jamii jinsia na watoto 	1
/scratch/skscla001/experiments/datasets/swagen/audio/common_voice_sw_36390197.wav	kioo kimeletwa 	1
/scratch/skscla001/experiments/datasets/swagen/audio/common_voice_sw_34924646.wav	mkuu alikuwa sultani wa waosmani imani rasmi 	0
/scratch/skscla001/experiments/datasets/swagen/audio/common_voice_sw_30326456.wav	kama akishindwa kulipa ataendelea kuishi upande wa mkewe kwa maisha yake yote 	0
/scratch/skscla001/experiments/datasets/swagen/audio/common_voice_sw_29905760.wav	kiswahili ni lugha ya kibantu inayotumiwa na watu katika mawasiliano 	1
/scratch/skscla001/experiments/datasets/swagen/audio/common_voice_sw_30122322.wav	nchini kenya ziwa lina ukubwa wa kilomita za mraba elfu nne na mia moja 	1
/scratch/skscla001/experiments/datasets/swagen/audio/common_voice_sw_29977456.wav	samatta alianza kucheza soka la kulipwa katika klabu ya african lyon nchini tanzania 	0
/scratch/skscla001/experiments/datasets/swagen/audio/common_voice_sw_30438462.wav	loitai na kisonko pia matapato na dalalekutuk zinaongezeka 	0
/scratch/skscla001/experiments/datasets/swagen/audio/common_voice_sw_30574535.wav	huku kundi lingine likiendelea kuelekea mashariki kupitia mlima sekenke hadi kisiriri 	0
/scratch/skscla001/experiments/datasets/swagen/audio/common_voice_sw_37091949.wav	na huenda amefariki dunia mpango alifanya mkutano huo akiwa hajavaa barakoa na akikohoa mbele 	1
/scratch/skscla001/experiments/datasets/swagen/audio/common_voice_sw_29589090.wav	baba yake alikuwa tajiri lakini wakati wa utoto wa william familia ilianza kuwa maskini 	0
/scratch/skscla001/experiments/datasets/swagen/audio/common_voice_sw_29435329.wav	hali ya tofauti inatokea kama mwezi unapita kwenye kitovu cha kivuli cha dunia 	1
/scratch/skscla001/experiments/datasets/swagen/audio/common_voice_sw_28583544.wav	kanisa hilo lina pia jimbo la mt 	0
/scratch/skscla001/experiments/datasets/swagen/audio/common_voice_sw_35377076.wav	uoto wa asili wa msitu unaostawi kufuata mkondo wa mto 	1
/scratch/skscla001/experiments/datasets/swagen/audio/common_voice_sw_34597725.wav	chuki dhuluma wivu na maovu mengine ili kuishinda kwa utukufu 	0
/scratch/skscla001/experiments/datasets/swagen/audio/common_voice_sw_37084797.wav	naye akasema kuwa hajapata taarifa rasmi kutoka serikali ya kigali 	1
/scratch/skscla001/experiments/datasets/swagen/audio/common_voice_sw_35099654.wav	na imesaidia watu wa kiasili katika historia 	0
/scratch/skscla001/experiments/datasets/swagen/audio/common_voice_sw_30355314.wav	hadi katika usafiri wa anga kwa maana ya usafiri wa ndege 	0
/scratch/skscla001/experiments/datasets/swagen/audio/common_voice_sw_37084062.wav	kambini kwetu ingawa kukata eneo lenye mchanga 	1
/scratch/skscla001/experiments/datasets/swagen/audio/common_voice_sw_30378658.wav	watu walikuwa wanasema kuwa viumbe wa ajabu wapo usiku 	0
/scratch/skscla001/experiments/datasets/swagen/audio/common_voice_sw_35221702.wav	tiësto afrojack hardwell martin garrix armin van buuren nicky romero sbmg boef 	0
/scratch/skscla001/experiments/datasets/swagen/audio/common_voice_sw_31441372.wav	kila kabila lina sifa zake ambazo ni tofauti 	1
/scratch/skscla001/experiments/datasets/swagen/audio/common_voice_sw_29218620.wav	mlima huo unapatikana katika mkoa wa kilimanjaro 	1
/scratch/skscla001/experiments/datasets/swagen/audio/common_voice_sw_29796156.wav	bara la afrika halikuwajengea watoto wao misingi kuwa wachezaji wa mpira 	1
/scratch/skscla001/experiments/datasets/swagen/audio/common_voice_sw_30266881.wav	kiwango cha juu cha joto hutegemea angalau ni kutoka wakati kiwango cha chini 	1
/scratch/skscla001/experiments/datasets/swagen/audio/common_voice_sw_30522730.wav	uzalishaji unaohusisha nguo vinywaji na vyakula 	0
/scratch/skscla001/experiments/datasets/swagen/audio/common_voice_sw_30176746.wav	makubusho ya handebezyo yalianzishwa rasmi machi kumi na tano 	0
/scratch/skscla001/experiments/datasets/swagen/audio/common_voice_sw_28684934.wav	kiuchumi matumizi yake siku hizi ni hasa kwa nyama 	1
/scratch/skscla001/experiments/datasets/swagen/audio/common_voice_sw_30674907.wav	mzee nelson mandela na raisi rais wa nne wa afrika kusini 	1
/scratch/skscla001/experiments/datasets/swagen/audio/common_voice_sw_29993720.wav	katika imani za kimaasai wakati mwingine huwa anadhaniwa kubeba laana 	1
/scratch/skscla001/experiments/datasets/swagen/audio/common_voice_sw_36382204.wav	juhudi za usimamizi wa ubora wa hewa zilizowekwa ili kuboresha afya 	1
/scratch/skscla001/experiments/datasets/swagen/audio/common_voice_sw_30341954.wav	kwa sababu kadiri unavyofukua unakuta mawe yaliyojengwa 	1
/scratch/skscla001/experiments/datasets/swagen/audio/common_voice_sw_36390261.wav	nampenda mamangu sana 	0
/scratch/skscla001/experiments/datasets/swagen/audio/common_voice_sw_30256036.wav	iddi amini kuivamia sehemu mojawapo ya tanzania 	1
/scratch/skscla001/experiments/datasets/swagen/audio/common_voice_sw_37229662.wav	kituo kitatumika kama chuo cha kutoa mafunzo ya namna ya kushughulikia migogoro ya mirathi 	1
/scratch/skscla001/experiments/datasets/swagen/audio/common_voice_sw_37089548.wav	hasa mtu kama waziri mkuu nadhani 	1
/scratch/skscla001/experiments/datasets/swagen/audio/common_voice_sw_29935979.wav	wabantu walianza biashara na waarabu waliokuja afrika ya mashariki 	1
/scratch/skscla001/experiments/datasets/swagen/audio/common_voice_sw_30470830.wav	pia kuogopa mlipuko wa magonjwa kwa raia wao 	1
/scratch/skscla001/experiments/datasets/swagen/audio/common_voice_sw_28696103.wav	pia ni wawindaji 	1
/scratch/skscla001/experiments/datasets/swagen/audio/common_voice_sw_30071246.wav	bundi waliyopo kwenye msitu wa amani huwezi kuwapata popote duniani 	0
/scratch/skscla001/experiments/datasets/swagen/audio/common_voice_sw_30016639.wav	hasa kutoa tafsiri maarufu ya biblia ya kikristo katika lugha ya kijerumani 	1
/scratch/skscla001/experiments/datasets/swagen/audio/common_voice_sw_29902195.wav	baadae jokate anaangalia nyuma yake na kufurahikia mno yale ambayo ameweza kuyafikia 	1
/scratch/skscla001/experiments/datasets/swagen/audio/common_voice_sw_30122435.wav	wakati wa maji kupwa ndiyo kipindi kizuri cha kuona kisiwa hicho 	1
/scratch/skscla001/experiments/datasets/swagen/audio/common_voice_sw_30343013.wav	kambale wenye futi nne zaidi wanapatikana katika mto naili 	1
/scratch/skscla001/experiments/datasets/swagen/audio/common_voice_sw_37089133.wav	sungura ni mnyama mjanja sana 	1
/scratch/skscla001/experiments/datasets/swagen/audio/common_voice_sw_37090435.wav	zeno alijenga balcony iliyozuia maoni ya anthemius au zaidi ya kushinda mahakamani 	1
/scratch/skscla001/experiments/datasets/swagen/audio/common_voice_sw_36385354.wav	inaratibu mchakato wa viwango na mikakati ya mifumo ya malipo 	1
/scratch/skscla001/experiments/datasets/swagen/audio/common_voice_sw_37087176.wav	bi anita alisema hata yeye anashangaa maana hamna mtu aliemwambia juu ya safari yake 	1
/scratch/skscla001/experiments/datasets/swagen/audio/common_voice_sw_30057773.wav	raul gonzalez mfumania nyavu wa hispania alicheza madrid 	1
/scratch/skscla001/experiments/datasets/swagen/audio/common_voice_sw_29797209.wav	ila ukiwakosea bila kujua hukusamehe hata kabla hujaomba msamaha 	0
/scratch/skscla001/experiments/datasets/swagen/audio/common_voice_sw_28695160.wav	ndoa ya wakristo ni sakramenti ya yesu na kanisa lake 	1
/scratch/skscla001/experiments/datasets/swagen/audio/common_voice_sw_29815735.wav	ilipoanzishwa nchi lindwa hii ilikuwa mali ya sultani wa pwani 	1
/scratch/skscla001/experiments/datasets/swagen/audio/common_voice_sw_30091463.wav	subiri siku ya kufanyiwa unyago ifike utajua umuhimu wake 	1
/scratch/skscla001/experiments/datasets/swagen/audio/common_voice_sw_30182237.wav	kabla ya kusafirishwa kwenda kuzikwa katika eneo la makaburi ya watu maarufu uingereza 	1
/scratch/skscla001/experiments/datasets/swagen/audio/common_voice_sw_30121954.wav	mwaka nenda mwaka rudi huku mipango yao ikififia kama nyota ya mchana 	1
/scratch/skscla001/experiments/datasets/swagen/audio/common_voice_sw_30180377.wav	manyatta hizo hazina ua za kulinda boma ili kusisitiza jukumu lao la kulinda jamii 	1
/scratch/skscla001/experiments/datasets/swagen/audio/common_voice_sw_30180980.wav	just fontaine alifunga mabao kumi na tatu 	1
/scratch/skscla001/experiments/datasets/swagen/audio/common_voice_sw_29949035.wav	wachezaji wengi wakubwa duniani wametokea familia maskini 	0
/scratch/skscla001/experiments/datasets/swagen/audio/common_voice_sw_28682656.wav	maisha ya mtu hayana thamani nchini humo 	1
/scratch/skscla001/experiments/datasets/swagen/audio/common_voice_sw_30057806.wav	alipata shahada hiyo katika chuo kikuu cha dare es salaam 	1
/scratch/skscla001/experiments/datasets/swagen/audio/common_voice_sw_34940018.wav	na pia kuna watu ambae wanakabiliana na 	0
/scratch/skscla001/experiments/datasets/swagen/audio/common_voice_sw_29936608.wav	bandari ya dar es salaam ni bandari kubwa nchin tanzania 	1
/scratch/skscla001/experiments/datasets/swagen/audio/common_voice_sw_36641265.wav	binadamu anategemea kabisa neema ya mungu kutojali wajibu hata 	0
/scratch/skscla001/experiments/datasets/swagen/audio/common_voice_sw_30142782.wav	alivyoingia kidato cha tano na sita alichukua masomo ya historia jiografia na uchumi 	1
/scratch/skscla001/experiments/datasets/swagen/audio/common_voice_sw_30090787.wav	makumbusho ya nyerere yalianza kujengwa baada ya yeye kustaafu urais 	1
/scratch/skscla001/experiments/datasets/swagen/audio/common_voice_sw_37093211.wav	daktari alimtibu mgonjwa aliyekuwa hali mahututi 	1
/scratch/skscla001/experiments/datasets/swagen/audio/common_voice_sw_30338761.wav	mitihani yao ya kumaliza kidato cha sita na 	1
/scratch/skscla001/experiments/datasets/swagen/audio/common_voice_sw_29979957.wav	kuna maeneo katika mji huu yalijengwa vizuri sana 	1
/scratch/skscla001/experiments/datasets/swagen/audio/common_voice_sw_29797785.wav	vipepeo hao wanapatikana zanzibar peke yake 	0
/scratch/skscla001/experiments/datasets/swagen/audio/common_voice_sw_34756682.wav	maji taka yalielekezwa chini ya mitaro iliyofunikwa kando ya barabara kuu 	0
/scratch/skscla001/experiments/datasets/swagen/audio/common_voice_sw_29422564.wav	imekuwa pia mila ya pekee kwenye kisiwa cha pemba tanzania 	1
/scratch/skscla001/experiments/datasets/swagen/audio/common_voice_sw_29672226.wav	kwa nyota za mbali zaidi ni vigumu zaidi kupata vipimo kamili 	1
/scratch/skscla001/experiments/datasets/swagen/audio/common_voice_sw_29978995.wav	hakuna timu inayofikia uwezo wa timu ya guardiola 	1
/scratch/skscla001/experiments/datasets/swagen/audio/common_voice_sw_35155411.wav	ya miti mitubwi na kuingia bara la ulaya 	0
/scratch/skscla001/experiments/datasets/swagen/audio/common_voice_sw_30202009.wav	tanzania na kenya zimepitia kitambo hicho sio tu miaka ya nyuma 	1
/scratch/skscla001/experiments/datasets/swagen/audio/common_voice_sw_29838518.wav	alikidhi matakwa ya katiba ya jamuhuri ya muungano wa tanzania 	1
/scratch/skscla001/experiments/datasets/swagen/audio/common_voice_sw_29479213.wav	msimamo ni ile hali ya mwandishi kuamua kufuata na kushikilia jambo fulani 	0
/scratch/skscla001/experiments/datasets/swagen/audio/common_voice_sw_29959268.wav	ikumbukwe kwamba wadigo ni kabila linalojali na kuthamini mila na desturi zao kama chakula 	1
/scratch/skscla001/experiments/datasets/swagen/audio/common_voice_sw_37085776.wav	ambapo asilimia hamsini na mbili ya wapiga kura 	1
/scratch/skscla001/experiments/datasets/swagen/audio/common_voice_sw_30671390.wav	kutokana na kuoana na makabila mengine bado warangi wanaweza kujivunia historia 	1
/scratch/skscla001/experiments/datasets/swagen/audio/common_voice_sw_30182350.wav	tausi anaatamia mayai yake kwa siku ishirini 	1
/scratch/skscla001/experiments/datasets/swagen/audio/common_voice_sw_28584845.wav	hali kadhalika alisema maneno machache tu kuhusu ufalme wa kaskazini 	0
/scratch/skscla001/experiments/datasets/swagen/audio/common_voice_sw_29754385.wav	uhusiano wetu ulikuwa wa ajabu 	1
/scratch/skscla001/experiments/datasets/swagen/audio/common_voice_sw_36310881.wav	tabia za pekee hasa katika maeneo ya jalidi ya kudumu 	1
/scratch/skscla001/experiments/datasets/swagen/audio/common_voice_sw_30674993.wav	tanzania imekuwa na mabadiliko kadhaa ya katiba tangu kupata uhuru wake 	1
/scratch/skscla001/experiments/datasets/swagen/audio/common_voice_sw_30553156.wav	kivutio kikubwa cha hifadhi ya nyerer ni wanyama 	0
/scratch/skscla001/experiments/datasets/swagen/audio/common_voice_sw_29936259.wav	huku upande wa mama akiwa na asili ya italia 	1
/scratch/skscla001/experiments/datasets/swagen/audio/common_voice_sw_30562871.wav	uingereza ilieneza zaidi mvuto wake karne ya kumi na tisa kupitia wamisionari 	0
/scratch/skscla001/experiments/datasets/swagen/audio/common_voice_sw_30008054.wav	alikataliwa kwa vile alikuwa na umri mdogo wa miaka kumi na nne 	1
/scratch/skscla001/experiments/datasets/swagen/audio/common_voice_sw_28660854.wav	haki hiyo inahusu mtu binafsi na makundi pia 	1
/scratch/skscla001/experiments/datasets/swagen/audio/common_voice_sw_31326289.wav	watoto wanaweza kuacha shule kwa sababu ya kipaji 	1
/scratch/skscla001/experiments/datasets/swagen/audio/common_voice_sw_36386306.wav	andika sentensi zote kwa kitabu 	1
/scratch/skscla001/experiments/datasets/swagen/audio/common_voice_sw_34812196.wav	inataka kurejesha amani katika taifa lao 	0
/scratch/skscla001/experiments/datasets/swagen/audio/common_voice_sw_37097462.wav	rfi kiswahili itakujuza yatakaojiri katika mkutano huo kwa niaba ya mwenzangu abubakari suleiman 	1
/scratch/skscla001/experiments/datasets/swagen/audio/common_voice_sw_36039742.wav	hivyo kuhitajika mikakati maalum kabla ya kujadili masuala hayo 	1
/scratch/skscla001/experiments/datasets/swagen/audio/common_voice_sw_29395929.wav	jiji lipo katika pwani ya mjini kusini mwa mediteranea 	0
/scratch/skscla001/experiments/datasets/swagen/audio/common_voice_sw_30223134.wav	rais george washington alikuwa rais wa kwanza wa marekani 	1
/scratch/skscla001/experiments/datasets/swagen/audio/common_voice_sw_30180835.wav	matokeo ya awali ya vipimo yanaweza kuwa tayari ndani ya masaa mawili 	1
/scratch/skscla001/experiments/datasets/swagen/audio/common_voice_sw_30146251.wav	karibu na songea iko monasteri kubwa ya peramiho ya watawa 	1
/scratch/skscla001/experiments/datasets/swagen/audio/common_voice_sw_30183454.wav	kipaji cha messi na uwezo binafsi wa kucheza na mpira 	1
/scratch/skscla001/experiments/datasets/swagen/audio/common_voice_sw_36386241.wav	lakini hata baada ya ajali ya kisiasa kutokea inasemekana walikuwa na makubaliano mengine kuwa 	1
/scratch/skscla001/experiments/datasets/swagen/audio/common_voice_sw_30419820.wav	ndani ya majonzi makubwa huu ni ukatili wa kisaikolojia ambao mwanaume yeyote 	1
/scratch/skscla001/experiments/datasets/swagen/audio/common_voice_sw_36387245.wav	nitakapofufuka 	1
/scratch/skscla001/experiments/datasets/swagen/audio/common_voice_sw_29936666.wav	eneo hilo limetengwa kwa ajili ya uhifadhi wa viumbe vya baharini 	1
/scratch/skscla001/experiments/datasets/swagen/audio/common_voice_sw_29898191.wav	kutokana na wakati baadhi ya vitu kwenye magofu hayo vinaibwa vinaharibiwa 	1
/scratch/skscla001/experiments/datasets/swagen/audio/common_voice_sw_36389519.wav	yameingia katika siku ya nne hii leo 	1
/scratch/skscla001/experiments/datasets/swagen/audio/common_voice_sw_29898087.wav	alifanya masomo ya mawasiliano ya jamii katika taasisi ya mafunzo ya jamii nyegezi mwanza 	1
/scratch/skscla001/experiments/datasets/swagen/audio/common_voice_sw_30007271.wav	mazingira ni jumla ya mambo yote yanayomzuguka kiumbe katika maisha yake 	1
/scratch/skscla001/experiments/datasets/swagen/audio/common_voice_sw_35224112.wav	amemtaka mfalme hamadi kusitisha mapigano yanaendelea na kuanzisha mazungumzo kati ya pande mbili zinazokinzana 	1
/scratch/skscla001/experiments/datasets/swagen/audio/common_voice_sw_31585383.wav	mto nile umepita katika nchi tano za africa 	0
/scratch/skscla001/experiments/datasets/swagen/audio/common_voice_sw_29796249.wav	soka ya taifa ya ufukweni na timu za soka za taifa za vijana 	1
/scratch/skscla001/experiments/datasets/swagen/audio/common_voice_sw_35250602.wav	kisha akachukua pwani ya mashariki ya bahari ya 	0
/scratch/skscla001/experiments/datasets/swagen/audio/common_voice_sw_30659282.wav	kabla ya hapo kaole ilikuwa bandari muhimu katika pwani ya afrika mashariki 	0
/scratch/skscla001/experiments/datasets/swagen/audio/common_voice_sw_28582231.wav	mfano atomu sahili ya hidrojeni ina mzingo mmoja wenye elektroni moja tu 	1
/scratch/skscla001/experiments/datasets/swagen/audio/common_voice_sw_35156928.wav	na sayansi ya siasa katika chuo kikuu cha makerere kampala uganda akiwa mwanafunzi makerere 	0
/scratch/skscla001/experiments/datasets/swagen/audio/common_voice_sw_30209768.wav	mdomo wa nyangumi unaweza kuhifazi tani tisini za chakula na maji akiufumbua mdomo wake 	1
/scratch/skscla001/experiments/datasets/swagen/audio/common_voice_sw_36381594.wav	katika soko la kwa sababu maanake ile fedha inaweza kununua vitu vingi 	1
/scratch/skscla001/experiments/datasets/swagen/audio/common_voice_sw_37084845.wav	kwa upande wa wasichana na mama wajawazito waliufanya kazi za ndani 	1
/scratch/skscla001/experiments/datasets/swagen/audio/common_voice_sw_28708516.wav	utawala wake ulikuwa mfupi tu 	0
/scratch/skscla001/experiments/datasets/swagen/audio/common_voice_sw_30354905.wav	alikuwa mfalme wa buganda anayejulikana kama mfalme freddie 	1
/scratch/skscla001/experiments/datasets/swagen/audio/common_voice_sw_30181219.wav	new generationb united service na new kings karume 	1
/scratch/skscla001/experiments/datasets/swagen/audio/common_voice_sw_29997161.wav	mwinyi anaamini kuwa mafanikio yapo kwa kujituma 	1
/scratch/skscla001/experiments/datasets/swagen/audio/common_voice_sw_28660748.wav	unaweza kufanywa naye au na watu wengine kwa kibali chake au bila ya hicho 	1
/scratch/skscla001/experiments/datasets/swagen/audio/common_voice_sw_28663341.wav	alihamia kusini mwa california akiwa na miaka minne 	1
/scratch/skscla001/experiments/datasets/swagen/audio/common_voice_sw_37089131.wav	hata hivyo hali imeendelea kama kawaida katika kisiwa hicho 	1
/scratch/skscla001/experiments/datasets/swagen/audio/common_voice_sw_30181551.wav	na msitu wa nyumbanitu wenye kuku wa ajabu 	1
/scratch/skscla001/experiments/datasets/swagen/audio/common_voice_sw_29847763.wav	wetiliko ni wagogo wenye asili au mchanganyiko na wahehe pamoja na wabena 	0
/scratch/skscla001/experiments/datasets/swagen/audio/common_voice_sw_37099059.wav	nchini sierra leon kikundi cha west side boys 	0
/scratch/skscla001/experiments/datasets/swagen/audio/common_voice_sw_30385720.wav	ukitembelea fukwe nyingi za bahari ya hindi utaona ni jisi gani 	1
/scratch/skscla001/experiments/datasets/swagen/audio/common_voice_sw_34762821.wav	alikuwa raisi wa nne na wa sasa wa jamhuri ya kenya 	0
/scratch/skscla001/experiments/datasets/swagen/audio/common_voice_sw_29795404.wav	karafuu na mahindi bila kusasahu samaki na vitu vingine 	1
/scratch/skscla001/experiments/datasets/swagen/audio/common_voice_sw_37225734.wav	ioonesha kuwa rais wa sasa bagbo alikuwa ameongoza kwa aslimia thelathini na nane 	0
/scratch/skscla001/experiments/datasets/swagen/audio/common_voice_sw_29927111.wav	umaarufu unakuwa kutokana na wingi wa wageni wanaotokea nje ya nchi 	1
/scratch/skscla001/experiments/datasets/swagen/audio/common_voice_sw_37098342.wav	kwenye ufunguzi huo serikali ya mapinduzi ya zanzibar ilibainisha mambo kadhaa 	1
/scratch/skscla001/experiments/datasets/swagen/audio/common_voice_sw_30385748.wav	ni tofauti na utegemezi uliosisitizwa katika vijiji vya wapiganaji 	1
/scratch/skscla001/experiments/datasets/swagen/audio/common_voice_sw_30008769.wav	kituo cha kudhibiti na kuzuia magonjwa kiliunda misemo mbalimbali 	1
/scratch/skscla001/experiments/datasets/swagen/audio/common_voice_sw_36375273.wav	mmoja wa jinsi kiwanda kikubwa kinaweza kutenda ili kupunguza 	1
/scratch/skscla001/experiments/datasets/swagen/audio/common_voice_sw_30148245.wav	maporomoko ya maji malamba yanapatikana mkoani mbeya tanzania 	1
/scratch/skscla001/experiments/datasets/swagen/audio/common_voice_sw_34763465.wav	nchi wanachama wa shirikisho la biashara duniani 	1
/scratch/skscla001/experiments/datasets/swagen/audio/common_voice_sw_31306441.wav	zamani makocha hawakuwa na mpango wa soka la pasi fupi 	1
/scratch/skscla001/experiments/datasets/swagen/audio/common_voice_sw_37097767.wav	ninachemsha maji lakini halafu ninasahau mara moja 	1
/scratch/skscla001/experiments/datasets/swagen/audio/common_voice_sw_29960843.wav	taifa liliishi katika misingi ya ujamaa na kujitegemea 	1
/scratch/skscla001/experiments/datasets/swagen/audio/common_voice_sw_29943192.wav	pochettino anaweza kumtumia kwenye nafasi hiyo 	1
/scratch/skscla001/experiments/datasets/swagen/audio/common_voice_sw_29941508.wav	hata hivyo maisha ya binadamu hutegemea mazingira yake yanayomzunguka katika kujikimu 	1
/scratch/skscla001/experiments/datasets/swagen/audio/common_voice_sw_29937892.wav	wachezaji wote wawili ni bora sana duniani 	1
/scratch/skscla001/experiments/datasets/swagen/audio/common_voice_sw_30654036.wav	umahiri waa pele kwenye mpira ulikuwa mkubwa 	0
/scratch/skscla001/experiments/datasets/swagen/audio/common_voice_sw_30365583.wav	vita vikaibuka kati ya wamasai na waingereza 	1
/scratch/skscla001/experiments/datasets/swagen/audio/common_voice_sw_30380493.wav	shughuli kubwa ya wajita ni kilimo uvuvi na ufugaji 	1
/scratch/skscla001/experiments/datasets/swagen/audio/common_voice_sw_30209681.wav	je mtapiga kambi na katika kupiga kambi ni lazima mbebe mahema yenu 	1
/scratch/skscla001/experiments/datasets/swagen/audio/common_voice_sw_36617006.wav	amekiri kuwa tanzania inawahitaji zaidi wawekezaji kuliko wao wanavyohitaji kuwekaza 	0
/scratch/skscla001/experiments/datasets/swagen/audio/common_voice_sw_32091669.wav	nneno ambalo latumika 	1
/scratch/skscla001/experiments/datasets/swagen/audio/common_voice_sw_30204499.wav	tukianzia katika taifa la jamhuri ya kidemokrasaia ya congo 	1
/scratch/skscla001/experiments/datasets/swagen/audio/common_voice_sw_31322786.wav	ambao huchukua dawa za kurefusha maisha yao 	1
/scratch/skscla001/experiments/datasets/swagen/audio/common_voice_sw_34748020.wav	picha zetu ushahidi ambao tunatuma umekuwa wa faida 	0
/scratch/skscla001/experiments/datasets/swagen/audio/common_voice_sw_29573648.wav	meno ya tembo ni tofauti sana na yale ya mamalia wengine 	1
/scratch/skscla001/experiments/datasets/swagen/audio/common_voice_sw_31284519.wav	bado hakukaukiwa kweli mtoto wa nyoka ni nyoka 	0
/scratch/skscla001/experiments/datasets/swagen/audio/common_voice_sw_36383687.wav	ya misitu kila kwa urefu na kwa upana 	1
/scratch/skscla001/experiments/datasets/swagen/audio/common_voice_sw_34823908.wav	kusababisha madhara makubwa ya kiafya lakini kivyovyote vile ni upungufu mkubwa 	0
/scratch/skscla001/experiments/datasets/swagen/audio/common_voice_sw_35105275.wav	hii ilifuatiwa na kuzuwia biashara hiyo kwenye milki ya zanzibar 	0
/scratch/skscla001/experiments/datasets/swagen/audio/common_voice_sw_30658645.wav	michuano ya kombe la dunia ya ilifanyika nchini romania 	0
/scratch/skscla001/experiments/datasets/swagen/audio/common_voice_sw_35214287.wav	pamoja na tuzo ya albamu bora kwa mwaka elfu mbili na nne mwimbaji bora 	0
/scratch/skscla001/experiments/datasets/swagen/audio/common_voice_sw_28817324.wav	aliyemfuata alikuwa mwana wake abdullah bin khalifa sultani wa mwisho kisiwani 	1
/scratch/skscla001/experiments/datasets/swagen/audio/common_voice_sw_30323933.wav	hadi mia nne sitini na saba katika mwaka elfu moja mia tisa sabini 	1
/scratch/skscla001/experiments/datasets/swagen/audio/common_voice_sw_29960796.wav	mkopo huo ulikusudiwa kwenda kusaidia upatikanaji wa elimu bora kwa wanafunzi 	1
/scratch/skscla001/experiments/datasets/swagen/audio/common_voice_sw_29898592.wav	wa nini huyo mtu amebeba kinachokuhusu unavyoongezeka 	1
/scratch/skscla001/experiments/datasets/swagen/audio/common_voice_sw_30380730.wav	uamuzi wa bibi titi kutetea jumuiya ya hiyo 	1
/scratch/skscla001/experiments/datasets/swagen/audio/common_voice_sw_31410387.wav	kuanzia hapo mambo hayakuendelea kuwa mazuri kwake 	1
/scratch/skscla001/experiments/datasets/swagen/audio/common_voice_sw_35132610.wav	kuchangia katika kuleta maendeleowiki iliyopita mawaziri wa 	1
/scratch/skscla001/experiments/datasets/swagen/audio/common_voice_sw_28670614.wav	hapa ni asili ya nyumba ya wageni na hoteli 	1
/scratch/skscla001/experiments/datasets/swagen/audio/common_voice_sw_28689115.wav	baadaye alihamia na kufanya kazi marekani 	0
/scratch/skscla001/experiments/datasets/swagen/audio/common_voice_sw_28663344.wav	inapatikana kiasili katika madini hasa uhindi marekani na australia 	1
/scratch/skscla001/experiments/datasets/swagen/audio/common_voice_sw_28670637.wav	mwaka huo ulikuwa kilele cha kazi yake ya riadha 	1
/scratch/skscla001/experiments/datasets/swagen/audio/common_voice_sw_29272178.wav	kihistoria watu wa china walikuwa wa kwanza wenye ujuzi wa kutengeneza hariri 	0
/scratch/skscla001/experiments/datasets/swagen/audio/common_voice_sw_29796307.wav	ubovu wa barabara hizo umechangia kwa kiasi kikubwa kukwamisha usafirishaji wa pembejeo 	1
/scratch/skscla001/experiments/datasets/swagen/audio/common_voice_sw_30335029.wav	inaongezeka hifadhi ya taifa ya ngorongoro kaskazini mwa tanzania 	1
/scratch/skscla001/experiments/datasets/swagen/audio/common_voice_sw_30381014.wav	kwa ajili ya kushiriki misa ya shukrani ya watoto wao 	1
/scratch/skscla001/experiments/datasets/swagen/audio/common_voice_sw_29994798.wav	kingine huweka akiba tumboni mwake hivyo muda anapopumzika hucheua na kuanza kula upya 	1
/scratch/skscla001/experiments/datasets/swagen/audio/common_voice_sw_28878763.wav	hali ya hewa ni ya wastani hakuna baridi kali wala joto kali 	1
/scratch/skscla001/experiments/datasets/swagen/audio/common_voice_sw_36310746.wav	tusker walikuja wakachukua ushindi kwa huo uwanja wa afuraha 	1
/scratch/skscla001/experiments/datasets/swagen/audio/common_voice_sw_29001972.wav	ni asili ya amerika ya kitropiki ikiwa ni pamoja na karibi 	1
/scratch/skscla001/experiments/datasets/swagen/audio/common_voice_sw_30671869.wav	pep aliendeleza ubabe wake alipokuwa bayern 	1
/scratch/skscla001/experiments/datasets/swagen/audio/common_voice_sw_37214800.wav	isimila ni kivutio kinachopatikana mkoa wa iringa 	1
/scratch/skscla001/experiments/datasets/swagen/audio/common_voice_sw_36387814.wav	jonna hupata hasira akikosa pesa 	1
/scratch/skscla001/experiments/datasets/swagen/audio/common_voice_sw_30267159.wav	rais wa ghana anataka mwili urudi ghana lakini toure alikataa 	0
/scratch/skscla001/experiments/datasets/swagen/audio/common_voice_sw_36642418.wav	mafuta palikuwa na kilimo kidogo sana halafu ufugaji na 	0
/scratch/skscla001/experiments/datasets/swagen/audio/common_voice_sw_30007191.wav	kangaroo dume ni mkubwa kuliko jike 	1
/scratch/skscla001/experiments/datasets/swagen/audio/common_voice_sw_35155115.wav	la nchi ni umbo la kihispania la jina la mji wa venezia 	0
/scratch/skscla001/experiments/datasets/swagen/audio/common_voice_sw_37213631.wav	hawajamwona kwa mwongo mmoja sasa 	0
/scratch/skscla001/experiments/datasets/swagen/audio/common_voice_sw_35106462.wav	katika siku ya kwanza ya mkutano wa kuzungumzia hatma ya nchi ya kongo itakumbukwa 	0
/scratch/skscla001/experiments/datasets/swagen/audio/common_voice_sw_37083258.wav	mama ameshinda tuzo kubwa sana 	0
/scratch/skscla001/experiments/datasets/swagen/audio/common_voice_sw_30025526.wav	pia kwa taifa la ghana linaongoza kwa kilimo cha kakao 	1
/scratch/skscla001/experiments/datasets/swagen/audio/common_voice_sw_30121663.wav	rangi pia huonyesha dhana na vipengele muhimu katika tamaduni za wamasai 	1
/scratch/skscla001/experiments/datasets/swagen/audio/common_voice_sw_34757040.wav	tisa na tarehe kumi na moja hatimaye mwaka wa elfu mbili na tatu gaddafi 	0
/scratch/skscla001/experiments/datasets/swagen/audio/common_voice_sw_30577887.wav	mchakato wa ujenzi wa bomba hilo litakalosafirisha mafuta hayo umeanza na unakaribia kukamilika 	1
/scratch/skscla001/experiments/datasets/swagen/audio/common_voice_sw_36013909.wav	kuwa mtanzania tujivunie kuwa mkenya tujivunie kuwa mu east afrika 	1
/scratch/skscla001/experiments/datasets/swagen/audio/common_voice_sw_28879681.wav	kabla ya enzi ya kati kulikuwa na ustaarabu wa dola la roma 	1
/scratch/skscla001/experiments/datasets/swagen/audio/common_voice_sw_29322314.wav	wataalamu kutoka nchi nyingi walianza kukusanya pesa kwa uhamisho wa majengo 	1
/scratch/skscla001/experiments/datasets/swagen/audio/common_voice_sw_37097375.wav	takriban makabila yote ya tanzania wakiwemo waluguru yana utajiri mkubwa wa historia na taratibu 	1
/scratch/skscla001/experiments/datasets/swagen/audio/common_voice_sw_30647797.wav	alipangiwa kazi yake ya kwanza ya kichungaji katika kijiji cha niegowiic 	1
/scratch/skscla001/experiments/datasets/swagen/audio/common_voice_sw_28682402.wav	alimaliza elimu yake ya juu katika chuo kikuu cha mt 	1
/scratch/skscla001/experiments/datasets/swagen/audio/common_voice_sw_30369628.wav	lakini utawala wao ulifuatiwa na kutokuwepo utulivu 	0
/scratch/skscla001/experiments/datasets/swagen/audio/common_voice_sw_28733241.wav	wanatokea misitu ya afrika kusini kwa sahara 	0
/scratch/skscla001/experiments/datasets/swagen/audio/common_voice_sw_35108173.wav	lakini kwa ajili ya mkutano huu wanaohudhuria nayasema haya 	1
/scratch/skscla001/experiments/datasets/swagen/audio/common_voice_sw_36318757.wav	anahakikisha mafanikio katika vita au mvua za kutosha 	1
/scratch/skscla001/experiments/datasets/swagen/audio/common_voice_sw_29942918.wav	mechi ya marudiano bayern munich ilikubali kichapo 	1
/scratch/skscla001/experiments/datasets/swagen/audio/common_voice_sw_29943869.wav	nyota huyo mwenye umri wa miaka thelathini na nne sasa 	0
/scratch/skscla001/experiments/datasets/swagen/audio/common_voice_sw_37096395.wav	vijana na wazee piahapa tutaongelea aina mbili za 	1
/scratch/skscla001/experiments/datasets/swagen/audio/common_voice_sw_30327544.wav	ni zama ambazo watu wote waliishi kwa kushirikiana katika kila sekta 	0
/scratch/skscla001/experiments/datasets/swagen/audio/common_voice_sw_29616737.wav	wimbo wake ni kati ya maandiko matakatifu ya kale zaidi 	1
/scratch/skscla001/experiments/datasets/swagen/audio/common_voice_sw_30025175.wav	baadhi ya timu hizo ni simba na yanga na nyengine nyingi 	1
/scratch/skscla001/experiments/datasets/swagen/audio/common_voice_sw_30097856.wav	lakini kubwa zaidi kwa makumbusho hii si kuusikitikia mkasa wa kuzama wa titanic 	1
/scratch/skscla001/experiments/datasets/swagen/audio/common_voice_sw_28583173.wav	matumizi hayo ya maji yanaweza kuwa 	1
/scratch/skscla001/experiments/datasets/swagen/audio/common_voice_sw_37087339.wav	shambulizi hilo lililothibitishwa kufanywa na wafuasi wa mtandao wa kigaidi wa alqaeda 	1
/scratch/skscla001/experiments/datasets/swagen/audio/common_voice_sw_28817504.wav	hii ni riwaya maarufu zaidi ya mwandishi 	1
/scratch/skscla001/experiments/datasets/swagen/audio/common_voice_sw_30201574.wav	wachezaji wengi wakubwa nchini ujerumani wanacheza bayern munich 	1
/scratch/skscla001/experiments/datasets/swagen/audio/common_voice_sw_28662081.wav	ndege hawa wanatokea misitu na maeneo mengine yenye miti katika afrika kusini kwa sahara 	1
/scratch/skscla001/experiments/datasets/swagen/audio/common_voice_sw_30090642.wav	yohane paulo wa pili alitoa mafundisho mengi kuhusu jamii 	1
/scratch/skscla001/experiments/datasets/swagen/audio/common_voice_sw_34941999.wav	vita ilipiganwa chini ya uongozi wa chifu mkwawa 	0
/scratch/skscla001/experiments/datasets/swagen/audio/common_voice_sw_30667252.wav	ukimwi ulitambuliwa mara ya kwanza na vituo vya kuzuia na kudhibiti magonjwa huko marekani 	0
/scratch/skscla001/experiments/datasets/swagen/audio/common_voice_sw_28814488.wav	ualimu huo unaweza kuwa wa kawaida na usio wa kawaida 	1
/scratch/skscla001/experiments/datasets/swagen/audio/common_voice_sw_28878010.wav	kwa hiyo ni sehemu ya mmea iliyopo juu ya ardhi 	1
/scratch/skscla001/experiments/datasets/swagen/audio/common_voice_sw_29915430.wav	wanyama milioni moja aina ya nyumbu 	1
/scratch/skscla001/experiments/datasets/swagen/audio/common_voice_sw_29942289.wav	baada ya kufika kutoka bara na kusubiri hadi kurudi 	1
/scratch/skscla001/experiments/datasets/swagen/audio/common_voice_sw_35103585.wav	baadhi ya miundombinu hiyo ni bandari viwanda vya kusindika samaki uchimbaji mafuta na gesi 	0
/scratch/skscla001/experiments/datasets/swagen/audio/common_voice_sw_29987560.wav	kilikuwa tayari chama cha siasa kinachoongoza tanganyika 	1
/scratch/skscla001/experiments/datasets/swagen/audio/common_voice_sw_31321474.wav	mlima klute ni mlima unaoshika nafasi ya tatu kwa ukubwa hapa tanzania 	1
/scratch/skscla001/experiments/datasets/swagen/audio/common_voice_sw_29895831.wav	ukija hapa unalipa shilingi mia nane za kiingilio pamoja na tozo gharama za usafiri 	1
/scratch/skscla001/experiments/datasets/swagen/audio/common_voice_sw_37101488.wav	usipo harakisha utabaki nyuma 	1
/scratch/skscla001/experiments/datasets/swagen/audio/common_voice_sw_35757058.wav	ambapo aliwapa maji aliyodai kuwa na dawa ambayo ingewafanya wasiweze kudhurika 	1
/scratch/skscla001/experiments/datasets/swagen/audio/common_voice_sw_29613090.wav	lugha yake ya asili ni kifaransa 	1
/scratch/skscla001/experiments/datasets/swagen/audio/common_voice_sw_29995449.wav	timu ya taifa ya brazil haikufua dafu kwa argentina 	1
/scratch/skscla001/experiments/datasets/swagen/audio/common_voice_sw_36383621.wav	wawasiliane ili kushughulikia changamoto ya gharama ya bandwidth 	1
/scratch/skscla001/experiments/datasets/swagen/audio/common_voice_sw_36042880.wav	husababisha mtu kupata ugumu kupata haja ndogo 	1
/scratch/skscla001/experiments/datasets/swagen/audio/common_voice_sw_29797555.wav	wakati timu yake ikiizamisha ihefu na kumfanya aandike historia ya kufunga kila msimu 	0
/scratch/skscla001/experiments/datasets/swagen/audio/common_voice_sw_28837878.wav	ofisi za kale zilikuwa sehemu ya jumba au hekalu kubwa 	0
/scratch/skscla001/experiments/datasets/swagen/audio/common_voice_sw_29659493.wav	yeye hana asili nyingine na yeye ndiye sababu kuu ya sababu zote 	0
/scratch/skscla001/experiments/datasets/swagen/audio/common_voice_sw_29609982.wav	hasa watu kwenye visiwa vingi vya pasifiki wana utamaduni wa karibu 	1
/scratch/skscla001/experiments/datasets/swagen/audio/common_voice_sw_30629032.wav	samia alijiunga na shule ya sekondari ngambo na lumumba unguja 	1
/scratch/skscla001/experiments/datasets/swagen/audio/common_voice_sw_30091464.wav	samia suluhu hassan na rais mteule john magufuli wamedumisha amani na upendo 	1
/scratch/skscla001/experiments/datasets/swagen/audio/common_voice_sw_29945675.wav	uhamiaji huu umeonyeshwa katika filamu na programu nyingi za televisheni 	1
/scratch/skscla001/experiments/datasets/swagen/audio/common_voice_sw_28683272.wav	ilikuwa moja ya sehemu za dini ya ugiriki ya kale 	1
/scratch/skscla001/experiments/datasets/swagen/audio/common_voice_sw_34920418.wav	mwenyekiti wa chama cha wanahabari nchini kenya oloo janak 	0
/scratch/skscla001/experiments/datasets/swagen/audio/common_voice_sw_34942721.wav	wafungwa wananyanyaswa sana 	0
/scratch/skscla001/experiments/datasets/swagen/audio/common_voice_sw_30091168.wav	ndivyo hivyo asilimia kubwa ya dunia imezungukwa na maji 	1
/scratch/skscla001/experiments/datasets/swagen/audio/common_voice_sw_36381144.wav	au uanachama kutokuwepo na utashi wa kisiasa 	1
/scratch/skscla001/experiments/datasets/swagen/audio/common_voice_sw_30659335.wav	wananchi wengi walikuwa na mapenzi mazito na chama tawala 	0
/scratch/skscla001/experiments/datasets/swagen/audio/common_voice_sw_30629814.wav	jamii za wapare zimegawanyika katika makundi ya wafugaji na wakulima 	1
/scratch/skscla001/experiments/datasets/swagen/audio/common_voice_sw_30577843.wav	alikuwa mmoja wa washitakiwa zaidi ya nia moja 	1
/scratch/skscla001/experiments/datasets/swagen/audio/common_voice_sw_30327474.wav	messi akishinda tuzo za shirikisho la kimataifa la mpira wa miguu ballons dor 	1
/scratch/skscla001/experiments/datasets/swagen/audio/common_voice_sw_28820741.wav	anatokea katika jamii ya watu weusi 	1
/scratch/skscla001/experiments/datasets/swagen/audio/common_voice_sw_29797024.wav	waingereza walichukua utawala wa koloni mwaka elfu moja mia tisa na kumi na nane 	1
/scratch/skscla001/experiments/datasets/swagen/audio/common_voice_sw_29937372.wav	bawasiri inayotoka wakati wa haja kubwa kurudi yenyewe baada ya kumaliza kujisaidia 	1
/scratch/skscla001/experiments/datasets/swagen/audio/common_voice_sw_30202010.wav	mkwawa aliongoza kabila la wahehe kupambana dhidi ya wajerumani 	1
/scratch/skscla001/experiments/datasets/swagen/audio/common_voice_sw_37223754.wav	mimi nataka kukusaidia na kitu chochote utakacho 	1
/scratch/skscla001/experiments/datasets/swagen/audio/common_voice_sw_30180213.wav	utawala wetu umekuwa na utaratibu tofauti na zilivyo nchi zingine 	1
/scratch/skscla001/experiments/datasets/swagen/audio/common_voice_sw_30180172.wav	amekosa upinzani kwenye beki ya kulia tangu mwaka elfu mbili na sita 	1
/scratch/skscla001/experiments/datasets/swagen/audio/common_voice_sw_30025833.wav	baadhi ya rekodi na kumbukumbu huwa zinafurahisha na kuvutia lakini nyingine zinaweza 	1
/scratch/skscla001/experiments/datasets/swagen/audio/common_voice_sw_28683132.wav	picha za feri za zamani na za kisasa 	1
/scratch/skscla001/experiments/datasets/swagen/audio/common_voice_sw_37212316.wav	akionyesha mziki wake kwa sasa imepita miezi mitano 	0
/scratch/skscla001/experiments/datasets/swagen/audio/common_voice_sw_28681624.wav	florida ilitawaliwa kama mkoa chini ya ufalme mdogo wa hispania mpya 	1
/scratch/skscla001/experiments/datasets/swagen/audio/common_voice_sw_30634570.wav	ni mwezi wa kwanza na mwezi wa nne 	1
/scratch/skscla001/experiments/datasets/swagen/audio/common_voice_sw_28660699.wav	kila jimbo lina katiba yake serikali bunge na mahakama kulingana na mgawanyo wa madaraka 	1
/scratch/skscla001/experiments/datasets/swagen/audio/common_voice_sw_30021359.wav	ziwa viktoria linapatikanankaskazini magharibi mwa tanzania 	1
/scratch/skscla001/experiments/datasets/swagen/audio/common_voice_sw_31304488.wav	mourinho aliwahi kujiondosha porto na inter milan 	1
/scratch/skscla001/experiments/datasets/swagen/audio/common_voice_sw_28815232.wav	kwa maana hii ya kawaida nchi ni kitengo cha kisiasa katika eneo maalumu 	1
/scratch/skscla001/experiments/datasets/swagen/audio/common_voice_sw_28683149.wav	kuna miezi minne ambako jotoridi iko juu ya sentigredi sifuri 	1
/scratch/skscla001/experiments/datasets/swagen/audio/common_voice_sw_30357188.wav	mazishi yalikuwa ya kulaza maiti makaburini mwanaume akilazwa upande wa kulia 	0
/scratch/skscla001/experiments/datasets/swagen/audio/common_voice_sw_29997560.wav	alipata kibali cha bunge kwa badiliko la katiba 	1
/scratch/skscla001/experiments/datasets/swagen/audio/common_voice_sw_28691193.wav	ngao bado hutumiwa na vikosi vya polisi na jeshi leo 	1
/scratch/skscla001/experiments/datasets/swagen/audio/common_voice_sw_30024838.wav	tanzania imebarikiwa kuwa na hifadhi nyingi 	0
/scratch/skscla001/experiments/datasets/swagen/audio/common_voice_sw_35183470.wav	boti za kwanza za uokoaji zilichukua watu wachache sana 	0
/scratch/skscla001/experiments/datasets/swagen/audio/common_voice_sw_31446514.wav	jaji mkuu wa mahakama za tanzania anateuliwa na rais 	0
/scratch/skscla001/experiments/datasets/swagen/audio/common_voice_sw_30327506.wav	wakati huo wahehe walikuwa wameimarisha himaya yao 	1
/scratch/skscla001/experiments/datasets/swagen/audio/common_voice_sw_30364101.wav	mojaconor mcgregor 	1
/scratch/skscla001/experiments/datasets/swagen/audio/common_voice_sw_30180321.wav	kwa asili wapare hupeleka vijana wa kiume jando 	1
/scratch/skscla001/experiments/datasets/swagen/audio/common_voice_sw_36807751.wav	wakti kule afrika ya kati ni saa kumi na moja 	1
/scratch/skscla001/experiments/datasets/swagen/audio/common_voice_sw_36067438.wav	wazazi wengine wajadiliane na watoto wao kuhusu mahusiano 	1
/scratch/skscla001/experiments/datasets/swagen/audio/common_voice_sw_36945173.wav	uhuum lipi lingine kwa ufupi tu ni kuhusiana na kutajwa kwa mwana 	1
/scratch/skscla001/experiments/datasets/swagen/audio/common_voice_sw_30074378.wav	walikula sehemu tofauti wanaume na wanawake bila kujali umri walizingatia jinsia tu 	0
/scratch/skscla001/experiments/datasets/swagen/audio/common_voice_sw_29389832.wav	viongozi wengi hasa mawaziri wa serikali ya umoja wa kitaifa walishindwa kushika viti bungeni 	0
/scratch/skscla001/experiments/datasets/swagen/audio/common_voice_sw_30025907.wav	zanzibar inaongozwa na serikali ya mapinduzi 	1
/scratch/skscla001/experiments/datasets/swagen/audio/common_voice_sw_37226038.wav	kisha akakagua magazine zake zilikuwa zimejaa risasi akaziweka kiunoni zile bastola 	1
/scratch/skscla001/experiments/datasets/swagen/audio/common_voice_sw_30233704.wav	tanzania ingekuwa na mto unaotoa maji ziwa nyasa ingekuwa na fursa nyingi za ajira 	1
/scratch/skscla001/experiments/datasets/swagen/audio/common_voice_sw_30355447.wav	profesa leonard paulo shaidi ambaye aliwahi kuwa mhadhiri mwandamizi 	0
/scratch/skscla001/experiments/datasets/swagen/audio/common_voice_sw_28582977.wav	leo hii idadi kubwa ya wakazi ni wa asili ya kihindi 	1
/scratch/skscla001/experiments/datasets/swagen/audio/common_voice_sw_29815984.wav	milima ya karambi na mlima karatu pamoja na mlima karema 	1
/scratch/skscla001/experiments/datasets/swagen/audio/common_voice_sw_29595349.wav	imepakana na atlantiki botswana na namibia 	0
/scratch/skscla001/experiments/datasets/swagen/audio/common_voice_sw_30117890.wav	mpaka saa kumi na moja alfajiri bibi harusi atakapowasili 	1
/scratch/skscla001/experiments/datasets/swagen/audio/common_voice_sw_29795214.wav	maradona ndiye mchezaji aliyefunga bao la ajabu duniani 	1
/scratch/skscla001/experiments/datasets/swagen/audio/common_voice_sw_35108119.wav	shule hiyo si tu hufundisha na kutangaza utamaduni 	0
/scratch/skscla001/experiments/datasets/swagen/audio/common_voice_sw_30574705.wav	kukabili masharti na ishara ya mwanzo mpya wa wanaharusi 	0
/scratch/skscla001/experiments/datasets/swagen/audio/common_voice_sw_30634590.wav	baganda lilikuwa kabila lililopendelewa zaidi na wakoloni 	1
/scratch/skscla001/experiments/datasets/swagen/audio/common_voice_sw_34812502.wav	walimu wamefika 	0
/scratch/skscla001/experiments/datasets/swagen/audio/common_voice_sw_31321189.wav	watalii wengi wanapenda kuyaona mandhari mazuri ya empokai 	1
/scratch/skscla001/experiments/datasets/swagen/audio/common_voice_sw_30324969.wav	pia amerika na sehemu nyingine za dunia 	0
/scratch/skscla001/experiments/datasets/swagen/audio/common_voice_sw_29488455.wav	lakini basi wakazi wanaweza pia kuleta mipango maalum ya maendeleo 	0
/scratch/skscla001/experiments/datasets/swagen/audio/common_voice_sw_30079380.wav	mkapa alijitosa kugombea urais kwa tiketi ya chama cha mapinduzi 	0
/scratch/skscla001/experiments/datasets/swagen/audio/common_voice_sw_30478320.wav	pia ipo halmashauri ya wilaya ya liwale na halmashauri ya manispaa ya lindi 	1
/scratch/skscla001/experiments/datasets/swagen/audio/common_voice_sw_30671871.wav	kwenye nafasi mojawapo za nyuma na kumuweka kama mshambuliaji 	1
/scratch/skscla001/experiments/datasets/swagen/audio/common_voice_sw_29936526.wav	ikiwa ni pamoja na utengenezaji wa daraja la kisasa 	1
/scratch/skscla001/experiments/datasets/swagen/audio/common_voice_sw_29895680.wav	hifadhi ya taifa ya serengeti imetajwa kuwa ni kivutio pekee kilichopigiwa kura nyingi 	1
/scratch/skscla001/experiments/datasets/swagen/audio/common_voice_sw_30671870.wav	ingawa uchina iliendelea kuwa mshirika muhimu katika vita dhidi ya ubaguzi wa rangi 	1
/scratch/skscla001/experiments/datasets/swagen/audio/common_voice_sw_30020580.wav	dalili za ugonjwa huu zinategemea mgonjwa ameambukizwaje bakteria wanaosababisha tauni 	1
/scratch/skscla001/experiments/datasets/swagen/audio/common_voice_sw_30629720.wav	wazee wataulizia kwanza kama ukoo huo ni wa karibu au wa mbali 	1
/scratch/skscla001/experiments/datasets/swagen/audio/common_voice_sw_28690165.wav	ni ndugu mapacha sawa 	1
/scratch/skscla001/experiments/datasets/swagen/audio/common_voice_sw_35107793.wav	mtalii wa magharibi kuwa watu wa mashariki 	0
/scratch/skscla001/experiments/datasets/swagen/audio/common_voice_sw_30257461.wav	kwa wapare walio wengi uchawi na wizi vilipigwa marufuku hadi kwenye matambiko 	1
/scratch/skscla001/experiments/datasets/swagen/audio/common_voice_sw_30327466.wav	jina lilidumu mpaka mwaka elfu moja mia tisa na arobaini na nane 	1
/scratch/skscla001/experiments/datasets/swagen/audio/common_voice_sw_29997295.wav	jeff bezos alitangazwa kuwa mtu wa pili kwa utajiri zaidi duniani 	1
/scratch/skscla001/experiments/datasets/swagen/audio/common_voice_sw_35280818.wav	mhalifu alikusudia kutekeleza mauaji ya kimbari 	1
/scratch/skscla001/experiments/datasets/swagen/audio/common_voice_sw_28836125.wav	kufuatana na uainishaji wa lugha kwa ndani zaidi kingbandi kaskazini iko katika kundi la kiadamawa ubangi 	0
/scratch/skscla001/experiments/datasets/swagen/audio/common_voice_sw_30635683.wav	wakati huo walikuwa mia moja tu ndio walikuwa wamepata elimu ya chuo kikuu 	1
/scratch/skscla001/experiments/datasets/swagen/audio/common_voice_sw_29935031.wav	blob anaweza kujua kila harufu ya vitu mbalimbali 	1
/scratch/skscla001/experiments/datasets/swagen/audio/common_voice_sw_30115573.wav	kutokana na kuziba au kupasuka kwa mishipa ya damu kwenye ubongo 	1
/scratch/skscla001/experiments/datasets/swagen/audio/common_voice_sw_30030033.wav	wanasayansi wanaona athari kubwa ya dhoruba ya bahari ya hindi 	0
/scratch/skscla001/experiments/datasets/swagen/audio/common_voice_sw_35181842.wav	ilitangazwa kuwa majelaha yote yaliyokuwa kichwani kwa biko 	0
/scratch/skscla001/experiments/datasets/swagen/audio/common_voice_sw_29333345.wav	mamba hupenda kuishi katika maji baridi kama vile maziwa mito ardhi tepe tepe 	1
/scratch/skscla001/experiments/datasets/swagen/audio/common_voice_sw_30201412.wav	messi ameshinda tuzo sita za mchezaji bora wa dunia 	1
/scratch/skscla001/experiments/datasets/swagen/audio/common_voice_sw_29915388.wav	kongosho haitengenezi kabisa insulini au inatengeneza kwa kiasi kidogo sana 	1
/scratch/skscla001/experiments/datasets/swagen/audio/common_voice_sw_30355297.wav	pia mataifa mengine duniani kote yenye kusafirisha mizigo 	0
/scratch/skscla001/experiments/datasets/swagen/audio/common_voice_sw_35438719.wav	ya rais mugabe na waziri mkuu shangirai 	0
/scratch/skscla001/experiments/datasets/swagen/audio/common_voice_sw_36381972.wav	rhoda alimshika kila mtoto mkono mmoja 	1
/scratch/skscla001/experiments/datasets/swagen/audio/common_voice_sw_36252472.wav	na na na namna hiyo unatamani watu wapone magonjwa yao 	1
/scratch/skscla001/experiments/datasets/swagen/audio/common_voice_sw_36382203.wav	chakula cha baba ni kizuri sana 	1
/scratch/skscla001/experiments/datasets/swagen/audio/common_voice_sw_36386040.wav	kikombe kimechafuliwa na mtoto 	1
/scratch/skscla001/experiments/datasets/swagen/audio/common_voice_sw_35683131.wav	katika msitu huo lakini cha kushangaza makabila hamsini 	1
/scratch/skscla001/experiments/datasets/swagen/audio/common_voice_sw_29795529.wav	tukiyatunza mazingira yatatusaidia katika kilimo ufugaji na mvua pia 	1
/scratch/skscla001/experiments/datasets/swagen/audio/common_voice_sw_30406685.wav	siku za sikukuu fukwe hizo zinafurika watu mbalimbali wa aina tofauti 	1
/scratch/skscla001/experiments/datasets/swagen/audio/common_voice_sw_35206845.wav	saa saba na nusu mchana jacob alikuwa asili yetu restaurant kuitikia wito wa mtaalamu 	0
/scratch/skscla001/experiments/datasets/swagen/audio/common_voice_sw_29887266.wav	anakikatwa katikati anawezo kujiunganisha kwa dakika mbili 	1
/scratch/skscla001/experiments/datasets/swagen/audio/common_voice_sw_28666334.wav	wamiliki wa watumwa walitoa zawadi kubwa kwa kurudi kwa watumwa wao 	0
/scratch/skscla001/experiments/datasets/swagen/audio/common_voice_sw_30181899.wav	alikuwa paroko msaidizi wa parokia ya mtakatifu petro oysterbay 	1
/scratch/skscla001/experiments/datasets/swagen/audio/common_voice_sw_30591046.wav	tulijifunza jambo lolote kutokana na ajali hiyo 	0
/scratch/skscla001/experiments/datasets/swagen/audio/common_voice_sw_29906240.wav	maambukizi yanaweza kuendelea bila ya kuwa na dalili 	1
/scratch/skscla001/experiments/datasets/swagen/audio/common_voice_sw_28691415.wav	kutambua jadi ya spishi za maji baridi ilikuwa tatizo 	1
/scratch/skscla001/experiments/datasets/swagen/audio/common_voice_sw_29895773.wav	ukuaji wa uchumi haukuonekana moja kwa moja 	1
/scratch/skscla001/experiments/datasets/swagen/audio/common_voice_sw_36036870.wav	wafanyikazi elfu moja mia tano walishiriki katika ujenzi wa titanic 	1
/scratch/skscla001/experiments/datasets/swagen/audio/common_voice_sw_30561986.wav	kaburi ilipambwa kwa kusimamisha ubao mguuni na sanamu ya ubao mwenye kofia kichwani 	0
/scratch/skscla001/experiments/datasets/swagen/audio/common_voice_sw_30638512.wav	amejihusisha na tawi la taasisi ya waafrika tanganyika 	1
/scratch/skscla001/experiments/datasets/swagen/audio/common_voice_sw_29979547.wav	brazil iliweka historia ya kushinda kombe la ubingwa wa dunia kwa mara ya nne 	1
/scratch/skscla001/experiments/datasets/swagen/audio/common_voice_sw_28815205.wav	mwaka uleule alifunga ndoa 	1
/scratch/skscla001/experiments/datasets/swagen/audio/common_voice_sw_29728364.wav	lilikuwa pia jina la mungu wa kike katika dini ya roma ya kale 	1
/scratch/skscla001/experiments/datasets/swagen/audio/common_voice_sw_29905139.wav	flaviana aliweza kusaidia baadhi ya wasichana 	1
/scratch/skscla001/experiments/datasets/swagen/audio/common_voice_sw_34751050.wav	basi ni fursa yao nikushukuru sana edwin david 	1
/scratch/skscla001/experiments/datasets/swagen/audio/common_voice_sw_36318597.wav	inaaminika kwamba baada ya hapo watu watazungumza tu mambo mazuri 	1
/scratch/skscla001/experiments/datasets/swagen/audio/common_voice_sw_29797755.wav	chalinze ni wilaya iliyopo mkoa wa pwani 	0
/scratch/skscla001/experiments/datasets/swagen/audio/common_voice_sw_29877984.wav	baadae rais hussein mwinyi akamteua kuwa makamu wa kwanza wa rais 	1
