audio	sentence	gender_domain
/scratch/skscla001/experiments/datasets/swagen/audio/common_voice_sw_28879236.wav	aliandika vitabu vya maisha ya kiroho 	1
/scratch/skscla001/experiments/datasets/swagen/audio/common_voice_sw_30478612.wav	limetoa fursa kwa wawekezaji wa usafirishaji kwa njia ya maji kwa kutumia boti 	1
/scratch/skscla001/experiments/datasets/swagen/audio/common_voice_sw_29795402.wav	bidhaa zake zilikubaliwa na watu wengi sana 	1
/scratch/skscla001/experiments/datasets/swagen/audio/common_voice_sw_29935770.wav	wamekuwa wakinipa ushirikiano katika kila hatua ninayopitia 	1
/scratch/skscla001/experiments/datasets/swagen/audio/common_voice_sw_30629884.wav	adolf hitler aliibuka kupitia chama cha jumuiya ya mataifa 	1
/scratch/skscla001/experiments/datasets/swagen/audio/common_voice_sw_28725285.wav	ziwa nyasa linapatikana kati ya nchi za malawi msumbiji na tanzania 	1
/scratch/skscla001/experiments/datasets/swagen/audio/common_voice_sw_36385734.wav	kadhalika ushirikiano wa kisayansi umeanzishwa katika asia 	1
/scratch/skscla001/experiments/datasets/swagen/audio/common_voice_sw_32210947.wav	sauti 	1
/scratch/skscla001/experiments/datasets/swagen/audio/common_voice_sw_37090988.wav	basi utakuwa mkosefu wa fadhila bila kujumuisha majina kama patrick balisidya 	1
/scratch/skscla001/experiments/datasets/swagen/audio/common_voice_sw_28691415.wav	kutambua jadi ya spishi za maji baridi ilikuwa tatizo 	1
/scratch/skscla001/experiments/datasets/swagen/audio/common_voice_sw_29434588.wav	kwa sababu hiyo walianzisha mkutano wao wa haki za wanawake 	1
/scratch/skscla001/experiments/datasets/swagen/audio/common_voice_sw_28690219.wav	kwa sasa ndiyo hospitali kubwa ya rufaa na mafundisho nchini 	1
/scratch/skscla001/experiments/datasets/swagen/audio/common_voice_sw_29838518.wav	alikidhi matakwa ya katiba ya jamuhuri ya muungano wa tanzania 	1
/scratch/skscla001/experiments/datasets/swagen/audio/common_voice_sw_29864520.wav	tanzania imejengwa katika misingi ya ushirikiano 	1
/scratch/skscla001/experiments/datasets/swagen/audio/common_voice_sw_29815916.wav	barcelona walifunga chelsea mabao mawili 	1
/scratch/skscla001/experiments/datasets/swagen/audio/common_voice_sw_29946215.wav	bakhresa alianza kuuza mabaki ya mazao ya baharini tu 	1
/scratch/skscla001/experiments/datasets/swagen/audio/common_voice_sw_36945152.wav	ilikuwa inahatarisha maisha ya vikundi vya kimataifa 	1
/scratch/skscla001/experiments/datasets/swagen/audio/common_voice_sw_28663142.wav	leo hii usafiri wa mizigo unapita katika mfereji wa panama 	1
/scratch/skscla001/experiments/datasets/swagen/audio/common_voice_sw_30582880.wav	rasilimali madini ya aina mbalimbali kutoka pembezoni mwa bahari 	1
/scratch/skscla001/experiments/datasets/swagen/audio/common_voice_sw_30180188.wav	milima inatengeneza mazingira mazuri kwa vijiji vinavyozunguka maeneo hayo 	1
/scratch/skscla001/experiments/datasets/swagen/audio/common_voice_sw_28681405.wav	anakumbukwa kwa uchunguzi wake wa hadubini wa ubongo na uti wa mgongo 	1
/scratch/skscla001/experiments/datasets/swagen/audio/common_voice_sw_29789284.wav	fisi wanapatikana mara chache kweye tambarare ya shira 	1
/scratch/skscla001/experiments/datasets/swagen/audio/common_voice_sw_37097375.wav	takriban makabila yote ya tanzania wakiwemo waluguru yana utajiri mkubwa wa historia na taratibu 	1
/scratch/skscla001/experiments/datasets/swagen/audio/common_voice_sw_28689985.wav	amezaliwa na mama wa ghana na baba wa nigeria 	1
/scratch/skscla001/experiments/datasets/swagen/audio/common_voice_sw_30098710.wav	hatua ya kampuni ya kumi bet kuzinduliwa 	1
/scratch/skscla001/experiments/datasets/swagen/audio/common_voice_sw_30334820.wav	mji wa bagamoyo ulihusishwa na biashara ya masafa marefu 	1
/scratch/skscla001/experiments/datasets/swagen/audio/common_voice_sw_30629947.wav	tembo ana ukubwa wa tani saba 	1
/scratch/skscla001/experiments/datasets/swagen/audio/common_voice_sw_30579093.wav	kuenea katika afrika baada ya mkutano wa berlin 	1
/scratch/skscla001/experiments/datasets/swagen/audio/common_voice_sw_30225322.wav	alianza kufanya mikataba na watawala wenyeji katika maeneo ya usagara nguru useguha na ukami 	1
/scratch/skscla001/experiments/datasets/swagen/audio/common_voice_sw_34391610.wav	ninasoma 	1
/scratch/skscla001/experiments/datasets/swagen/audio/common_voice_sw_29945047.wav	mpandaji wa mlima huu anapitia kanda tofati za hewa 	1
/scratch/skscla001/experiments/datasets/swagen/audio/common_voice_sw_30364120.wav	mashirikisho ya soka ya mabara nayo yakaiga kutoka kwa wasimamizi wa soka duniani 	1
/scratch/skscla001/experiments/datasets/swagen/audio/common_voice_sw_35408174.wav	unatumika kwenye nchi ambazo ni wanachama wa umoja wa mataifa 	1
/scratch/skscla001/experiments/datasets/swagen/audio/common_voice_sw_36383667.wav	katika ya jamii yote ya kimasai ndani kenya na tanzania 	1
/scratch/skscla001/experiments/datasets/swagen/audio/common_voice_sw_30338777.wav	wakati meli ikizama bendi hiyo iliendelea kuimba 	1
/scratch/skscla001/experiments/datasets/swagen/audio/common_voice_sw_37219175.wav	kwa ajili ya mikutano ya kiroho lakini waislamu wanaweza kuchukua 	1
/scratch/skscla001/experiments/datasets/swagen/audio/common_voice_sw_29795942.wav	watanzania tunaishi kwa upendo na umoja 	1
/scratch/skscla001/experiments/datasets/swagen/audio/common_voice_sw_30577944.wav	kugawanyika kwa kushindwa kuhakikisha amani 	1
/scratch/skscla001/experiments/datasets/swagen/audio/common_voice_sw_36381427.wav	matokeo kamili yanatanzamiwa kutangazwa mwezi ujao na ikiwa hali itasalia kuwa kama ilivyo sasa 	1
/scratch/skscla001/experiments/datasets/swagen/audio/common_voice_sw_29469266.wav	makao makuu yako wote 	1
/scratch/skscla001/experiments/datasets/swagen/audio/common_voice_sw_29573132.wav	utaalamu wake ulikuwa hasa upande wa fizikia na kemia 	1
/scratch/skscla001/experiments/datasets/swagen/audio/common_voice_sw_36385831.wav	makubwa mno afya ya umma na kwa mazingirauhusiano kati ya 	1
/scratch/skscla001/experiments/datasets/swagen/audio/common_voice_sw_30381164.wav	mapambo ya shanga nyingi shanga za shingoni ambazo husogea kwa mdundo 	1
/scratch/skscla001/experiments/datasets/swagen/audio/common_voice_sw_31506849.wav	zinazopokuwa mbovu zinachangia kupunguza kasi ya kukua kwa uchumi 	1
/scratch/skscla001/experiments/datasets/swagen/audio/common_voice_sw_36254357.wav	vita vya wahehe dhidi ya wajerumaniupanuzi wa wahehe azingira ya iringa leo jina 	1
/scratch/skscla001/experiments/datasets/swagen/audio/common_voice_sw_37091392.wav	miji hiyo ni mikubwa sana 	1
/scratch/skscla001/experiments/datasets/swagen/audio/common_voice_sw_31433307.wav	wanyama kadhaa wanapatikana kwenye msitu unaozunguka mlima huo 	1
/scratch/skscla001/experiments/datasets/swagen/audio/common_voice_sw_28825524.wav	huitwa mara nyingi mji wa milele 	1
/scratch/skscla001/experiments/datasets/swagen/audio/common_voice_sw_29955180.wav	bandari ya cape town na ile ya johanesberg katika taifa ka afrika kusini 	1
/scratch/skscla001/experiments/datasets/swagen/audio/common_voice_sw_37088586.wav	tunaona faraja ya kilimo hiki licha ya changamoto ya hali ya hewa inayotukabili 	1
/scratch/skscla001/experiments/datasets/swagen/audio/common_voice_sw_30182512.wav	michuano ya mwaka huu imechezwa barani ulaya kwenye nchi kumi na moja 	1
/scratch/skscla001/experiments/datasets/swagen/audio/common_voice_sw_29937036.wav	hata hivyo mtindo uliopendelewa ni mistari 	1
/scratch/skscla001/experiments/datasets/swagen/audio/common_voice_sw_30450951.wav	mara nyingi wakiajiriwa hubeba tena mizigo ya safari mpya 	1
/scratch/skscla001/experiments/datasets/swagen/audio/common_voice_sw_30205652.wav	ulimi wa nyangumi una uzito wa tani tatu ambao ni uzito zaidi wa tembo 	1
/scratch/skscla001/experiments/datasets/swagen/audio/common_voice_sw_34750381.wav	kusababisha watalii waliotaka kuwatazama wakivuka kubadilisha mpangilio wa safari zao 	1
/scratch/skscla001/experiments/datasets/swagen/audio/common_voice_sw_30016500.wav	bila kusahau kiteto na simanjiro zinazokamilisha jumla ya wilaya tano za mkoa wa manyara 	1
/scratch/skscla001/experiments/datasets/swagen/audio/common_voice_sw_30385691.wav	daraja la tatu au la chini lilikuwa na mabafu mawili tu 	1
/scratch/skscla001/experiments/datasets/swagen/audio/common_voice_sw_30104564.wav	hata hivyo nyumba zao za asili zinajengwa kwa kutumia miti 	1
/scratch/skscla001/experiments/datasets/swagen/audio/common_voice_sw_28725615.wav	goli ziko kwenye pande fupi zaidi 	1
/scratch/skscla001/experiments/datasets/swagen/audio/common_voice_sw_29796000.wav	koloni hilo la kijerumani lilitekwa na majeshi ya uingereza na ubelgiji 	1
/scratch/skscla001/experiments/datasets/swagen/audio/common_voice_sw_29963078.wav	hifadhi ya taifa ya ziwa manyara ilianzishwa elfu moja mia tisa na sitini 	1
/scratch/skscla001/experiments/datasets/swagen/audio/common_voice_sw_28670217.wav	mara nyingi huwa na utamaduni na lugha moja 	1
/scratch/skscla001/experiments/datasets/swagen/audio/common_voice_sw_30638502.wav	vivutio vingi huwa havipishani sana kwenye viingilio 	1
/scratch/skscla001/experiments/datasets/swagen/audio/common_voice_sw_36013666.wav	mkutano mkuu wa chama cha umoja wa kitaifa afrika 	1
/scratch/skscla001/experiments/datasets/swagen/audio/common_voice_sw_30025585.wav	kangaroo anafanana na sungura kwa mbali 	1
/scratch/skscla001/experiments/datasets/swagen/audio/common_voice_sw_30671383.wav	watafiti mbalimbali wanahisi limetokana na kazi ya kuvuna ulezi 	1
/scratch/skscla001/experiments/datasets/swagen/audio/common_voice_sw_30026005.wav	alisomea ualimu huko makerere kampala uganda 	1
/scratch/skscla001/experiments/datasets/swagen/audio/common_voice_sw_30647705.wav	lilikuwa jibu la mkato mmeamua kunipiga vita jiandaeni 	1
/scratch/skscla001/experiments/datasets/swagen/audio/common_voice_sw_37222778.wav	aidha alipata mafunzo mbalimbali katika taasisi ya chuo cha utawala wa umma lahore pakistan 	1
/scratch/skscla001/experiments/datasets/swagen/audio/common_voice_sw_30201646.wav	ziwa edward liko ndani ya mbuga ya wanyama ya virunga 	1
/scratch/skscla001/experiments/datasets/swagen/audio/common_voice_sw_32324032.wav	asikari kankagua mizigo yetu 	1
/scratch/skscla001/experiments/datasets/swagen/audio/common_voice_sw_30434934.wav	maneno ya malatwe yalimfanya mwalimu mkuu kutoa macho 	1
/scratch/skscla001/experiments/datasets/swagen/audio/common_voice_sw_29915693.wav	serikali imeanzisha kampeni kama tanzania isiyo sahaulika ili utalii 	1
/scratch/skscla001/experiments/datasets/swagen/audio/common_voice_sw_29516943.wav	hayo yote yalisababisha mara moja ghasia 	1
/scratch/skscla001/experiments/datasets/swagen/audio/common_voice_sw_36039742.wav	hivyo kuhitajika mikakati maalum kabla ya kujadili masuala hayo 	1
/scratch/skscla001/experiments/datasets/swagen/audio/common_voice_sw_30634562.wav	lakini pia wageni wengi walihamia huku na kuanzisha makazi ya kudumu 	1
/scratch/skscla001/experiments/datasets/swagen/audio/common_voice_sw_28669846.wav	kosa dogo katika kuandika linaweza kusababisha madhara makubwa 	1
/scratch/skscla001/experiments/datasets/swagen/audio/common_voice_sw_30268832.wav	waandishi wa kitabu cha deadly developments stephen na downs reyna 	1
/scratch/skscla001/experiments/datasets/swagen/audio/common_voice_sw_29942721.wav	kwenye miaka ya elfu moja mia saba hamsini 	1
/scratch/skscla001/experiments/datasets/swagen/audio/common_voice_sw_30141612.wav	waandamanaji walimuua askari mmoja na kuchoma moto kituo cha polisi 	1
/scratch/skscla001/experiments/datasets/swagen/audio/common_voice_sw_30233551.wav	aliitumikia kwa misimu minne akibeba taji la la liga katika msimu wake mwisho 	1
/scratch/skscla001/experiments/datasets/swagen/audio/common_voice_sw_36380995.wav	huku wanajeshi wengine wakiachishwa kazi na wengine wakishtakiwa 	1
/scratch/skscla001/experiments/datasets/swagen/audio/common_voice_sw_37223773.wav	shirika kama royal niger company zilipata maeneo 	1
/scratch/skscla001/experiments/datasets/swagen/audio/common_voice_sw_29845734.wav	rais mstaafu benjamin mkapa ni kiongozi aliyesimama imara kupambana na rushwa 	1
/scratch/skscla001/experiments/datasets/swagen/audio/common_voice_sw_28683132.wav	picha za feri za zamani na za kisasa 	1
/scratch/skscla001/experiments/datasets/swagen/audio/common_voice_sw_30327496.wav	hawa wakijulikana wanyantuzu na wasukuma wa mwanza wakiitwa bhasuku 	1
/scratch/skscla001/experiments/datasets/swagen/audio/common_voice_sw_28690178.wav	yeye pia ni mwanachama wa taasisi ya usimamizi ya kenya 	1
/scratch/skscla001/experiments/datasets/swagen/audio/common_voice_sw_30256961.wav	maonyesho ya kubainisha fikira za kiuchumi mara nyingi hutumia michoro 	1
/scratch/skscla001/experiments/datasets/swagen/audio/common_voice_sw_30184802.wav	ikiwa ni lazima uingie katika nyumba ya mtu aliye mgonjwa 	1
/scratch/skscla001/experiments/datasets/swagen/audio/common_voice_sw_29995573.wav	anakaa dakika kumi na tano mpaka ishirini kuanza kutembea 	1
/scratch/skscla001/experiments/datasets/swagen/audio/common_voice_sw_29892689.wav	bodi ya biashara ya nje pia ilipewa dhamana ya kukuza ushirikiano wa biashara kimataifa 	1
/scratch/skscla001/experiments/datasets/swagen/audio/common_voice_sw_29796007.wav	baada ya hapo likaendesha operesheni ya kupora mali za watu 	1
/scratch/skscla001/experiments/datasets/swagen/audio/common_voice_sw_29995699.wav	alikuwa mpiganaji wa kujitolea katika jeshi la ujerumani 	1
/scratch/skscla001/experiments/datasets/swagen/audio/common_voice_sw_36374737.wav	napenda amani 	1
/scratch/skscla001/experiments/datasets/swagen/audio/common_voice_sw_36382479.wav	thelathini na mbili ingawa hali halisi ilikuwa nchi lindwa chini ya 	1
/scratch/skscla001/experiments/datasets/swagen/audio/common_voice_sw_29615435.wav	aliwahi kucheza timu ya taifa ya tunisia 	1
/scratch/skscla001/experiments/datasets/swagen/audio/common_voice_sw_36390537.wav	moja na kufuatiwa na mwingine wa mwaka elfu moja mia tisa kumi na moja 	1
/scratch/skscla001/experiments/datasets/swagen/audio/common_voice_sw_32210867.wav	kuwa wapi 	1
/scratch/skscla001/experiments/datasets/swagen/audio/common_voice_sw_29942124.wav	wakati naanza nilikuwa upande wa habari pekee 	1
/scratch/skscla001/experiments/datasets/swagen/audio/common_voice_sw_30668382.wav	kwa miaka ya karibuni kuta za tembe hujengwa pia kwa matofali yanayotengenezwa kwa udongo 	1
/scratch/skscla001/experiments/datasets/swagen/audio/common_voice_sw_29788493.wav	zaidi ya hapo mitindo ya vitenge imeanze kuonekana kwenye dunia ya mitindo 	1
/scratch/skscla001/experiments/datasets/swagen/audio/common_voice_sw_30069571.wav	jeshi la amin lilimfukuza mkuu wa dola kabaka mutesa 	1
/scratch/skscla001/experiments/datasets/swagen/audio/common_voice_sw_30470870.wav	hatua hiyo ya werema ilikuja wakati watanzania wakiwa bado wanasubiri uamuzi wa rais 	1
/scratch/skscla001/experiments/datasets/swagen/audio/common_voice_sw_28660886.wav	kuna matoleo tofauti ya bunduki hizo 	1
/scratch/skscla001/experiments/datasets/swagen/audio/common_voice_sw_28695293.wav	hii inaweza kusababisha kila aina ya shida 	1
/scratch/skscla001/experiments/datasets/swagen/audio/common_voice_sw_29963715.wav	nyumbu akikamatwa tu basi hutulia na kuliwa bila shida 	1
/scratch/skscla001/experiments/datasets/swagen/audio/common_voice_sw_30006845.wav	pia uingereza iliamua kutafuta utawala wa visiwa 	1
/scratch/skscla001/experiments/datasets/swagen/audio/common_voice_sw_30021015.wav	kwa kawaida bakteria zinaweza kukua na kuishi tu ndani ya seli ya kiumbe 	1
/scratch/skscla001/experiments/datasets/swagen/audio/common_voice_sw_28259031.wav	hiki ni chombo kikuu kabisa cha utawala wa kijiji 	1
/scratch/skscla001/experiments/datasets/swagen/audio/common_voice_sw_35963972.wav	licha ya mafanikio hayo lakini pia mashirika haya yamekuwa yakikumbwa na vikwazo vingi 	1
/scratch/skscla001/experiments/datasets/swagen/audio/common_voice_sw_30362325.wav	mwaka elfu mbili na kumi na tisa chama aliongeza mkataba wa miaka miwili 	1
/scratch/skscla001/experiments/datasets/swagen/audio/common_voice_sw_29981325.wav	simba kupanda miti siyo jambo la kawaida lakini manyara ni kama jadi 	1
/scratch/skscla001/experiments/datasets/swagen/audio/common_voice_sw_30333936.wav	rais wa zanzibari daktari hussein mwinyi kupitia runinga ya zanzibari alilitangazia taifa 	1
/scratch/skscla001/experiments/datasets/swagen/audio/common_voice_sw_29115705.wav	kipaji kinaweza kuwa cha kimwili au cha kiakili 	1
/scratch/skscla001/experiments/datasets/swagen/audio/common_voice_sw_30379614.wav	anasema katika kabila la wasafa waliliita ziwa ngosi au ligosi 	1
/scratch/skscla001/experiments/datasets/swagen/audio/common_voice_sw_30342842.wav	mji wa bagamoyo upo pembezoni mwa bahari ya hindi kaskazini mwa bahari ya hindi 	1
/scratch/skscla001/experiments/datasets/swagen/audio/common_voice_sw_30024375.wav	utatembea sana kliko vitu vyote ukipanda mlima huu 	1
/scratch/skscla001/experiments/datasets/swagen/audio/common_voice_sw_34391094.wav	muziki nimepata na siishi hamu 	1
/scratch/skscla001/experiments/datasets/swagen/audio/common_voice_sw_29787926.wav	ni bilionea ambaye ametambuliwa kuwa miongoni mwa mabilionea wa umri mdogo zaidi afrika 	1
/scratch/skscla001/experiments/datasets/swagen/audio/common_voice_sw_30629814.wav	jamii za wapare zimegawanyika katika makundi ya wafugaji na wakulima 	1
/scratch/skscla001/experiments/datasets/swagen/audio/common_voice_sw_29978203.wav	wachezaji wanapotaka kuhama timu zao za awali 	1
/scratch/skscla001/experiments/datasets/swagen/audio/common_voice_sw_29787801.wav	real madrid ilishinda mabao manne kwa moja dhidi ya atletico madrid 	1
/scratch/skscla001/experiments/datasets/swagen/audio/common_voice_sw_30450863.wav	hili lilipelekea kuongezeka kwa wanafunzi waliojiunga na shule za msingi kwa asilimia sabini 	1
/scratch/skscla001/experiments/datasets/swagen/audio/common_voice_sw_29938065.wav	tandala na palahala nao wanavutia na kufanya maskani kwenye vilima 	1
/scratch/skscla001/experiments/datasets/swagen/audio/common_voice_sw_30128611.wav	utu wake na mtizamo wake ulipenya nje ya kuta za gereza 	1
/scratch/skscla001/experiments/datasets/swagen/audio/common_voice_sw_37226163.wav	mabadiliko hayo mwandishi wetu jijini paris mohamed saleh 	1
/scratch/skscla001/experiments/datasets/swagen/audio/common_voice_sw_29939164.wav	jose mourinho aliwahi kusema kufungwa hakuondoi ubora wa mechi 	1
/scratch/skscla001/experiments/datasets/swagen/audio/common_voice_sw_36013461.wav	hadi chakula kinaisha alibaki na maswali matatu kichwani yalokosa majibu 	1
/scratch/skscla001/experiments/datasets/swagen/audio/common_voice_sw_34391337.wav	naye atafanya agano thabiti na watu wengi kwa muda wa juma moja na kwa 	1
/scratch/skscla001/experiments/datasets/swagen/audio/common_voice_sw_31440768.wav	imepoteza fainali ya ulaya kwa chelsea 	1
/scratch/skscla001/experiments/datasets/swagen/audio/common_voice_sw_29623414.wav	katika nchi kavu ya kusini kuna ufugaji wa kondoo 	1
/scratch/skscla001/experiments/datasets/swagen/audio/common_voice_sw_29328969.wav	katika fani ya programu za kompyuta ni kawaida kuongea juu ya lugha ya kompyuta 	1
/scratch/skscla001/experiments/datasets/swagen/audio/common_voice_sw_36251321.wav	walilazimisha kila akida afahamu kiswahili barabara ili 	1
/scratch/skscla001/experiments/datasets/swagen/audio/common_voice_sw_36385241.wav	hussein mwinyi alisoma shahada yake ya kwanza ya udaktari wa kibinaadamu 	1
/scratch/skscla001/experiments/datasets/swagen/audio/common_voice_sw_28669905.wav	siku hizi imekuwa nchi tajiri kutokana na utalii 	1
/scratch/skscla001/experiments/datasets/swagen/audio/common_voice_sw_36945203.wav	katika makundi mawili kundi la kwanza lilikuwa 	1
/scratch/skscla001/experiments/datasets/swagen/audio/common_voice_sw_29001963.wav	baadhi ni ngumu kama almasi 	1
/scratch/skscla001/experiments/datasets/swagen/audio/common_voice_sw_29944862.wav	pamoja na kuenea kwa elimu juu ya ugonjwa huu 	1
/scratch/skscla001/experiments/datasets/swagen/audio/common_voice_sw_29795260.wav	idi amin hakuwa muuaji na mla nyama za watu kama inavyosemekana 	1
/scratch/skscla001/experiments/datasets/swagen/audio/common_voice_sw_37091949.wav	na huenda amefariki dunia mpango alifanya mkutano huo akiwa hajavaa barakoa na akikohoa mbele 	1
/scratch/skscla001/experiments/datasets/swagen/audio/common_voice_sw_29439303.wav	alijiunga na utawa wa tatu wa mt 	1
/scratch/skscla001/experiments/datasets/swagen/audio/common_voice_sw_32091206.wav	msichana ule mwaka huu kwenye ntihani ndopicha kwaudhuri 	1
/scratch/skscla001/experiments/datasets/swagen/audio/common_voice_sw_29938066.wav	ni kudumisha maneno ya uongo ya wakoloni kutugawa na kujishusha thamani wenyewe kwa wenyewe 	1
/scratch/skscla001/experiments/datasets/swagen/audio/common_voice_sw_35756762.wav	viongozi wa mataifa mia moja tisini na nne wanakutana jijini kangkon 	1
/scratch/skscla001/experiments/datasets/swagen/audio/common_voice_sw_29618159.wav	kichwa ni kifupi na kwa umbo la tufe nusu 	1
/scratch/skscla001/experiments/datasets/swagen/audio/common_voice_sw_36013838.wav	akaniambia ni pige zain kwenye website ya tume 	1
/scratch/skscla001/experiments/datasets/swagen/audio/common_voice_sw_28695291.wav	afya ya meno ni sehemu muhimu ya afya ya mwili kwa jumla 	1
/scratch/skscla001/experiments/datasets/swagen/audio/common_voice_sw_28691195.wav	wajibu mkuu wa mlezi mara nyingi kuchukuliwa na mke au jamaa wa karibu 	1
/scratch/skscla001/experiments/datasets/swagen/audio/common_voice_sw_37083420.wav	mfalme henry aliwaweka mabinti zake kwenye orodha 	1
/scratch/skscla001/experiments/datasets/swagen/audio/common_voice_sw_29787562.wav	muziki wa kitamaduni wa kimasai huwa na sauti 	1
/scratch/skscla001/experiments/datasets/swagen/audio/common_voice_sw_28683159.wav	mamlaka haya yapo mjini dar es salaam 	1
/scratch/skscla001/experiments/datasets/swagen/audio/common_voice_sw_29022559.wav	alikuwa mwalimu wa mshairi wa mombasa w e taylor 	1
/scratch/skscla001/experiments/datasets/swagen/audio/common_voice_sw_34890754.wav	mtu huyu alikuwa akiyalifanya shambulio hiyo katika eneo la wasafiri wanosubiri 	1
/scratch/skscla001/experiments/datasets/swagen/audio/common_voice_sw_32322746.wav	baba alipokwenda kunyoa ndevu alikachika kidevu kwa kijembe 	1
/scratch/skscla001/experiments/datasets/swagen/audio/common_voice_sw_28673118.wav	kimsingi mandhari ya hifadhi hii ni nyasi iliyo wazi na mito 	1
/scratch/skscla001/experiments/datasets/swagen/audio/common_voice_sw_31304600.wav	timu nyingi dar es salaam zilitegemea matawi ya simba 	1
/scratch/skscla001/experiments/datasets/swagen/audio/common_voice_sw_28690678.wav	vilevile tangu kale watu waliwahi kupanga nyota za angani katika kundinyota 	1
/scratch/skscla001/experiments/datasets/swagen/audio/common_voice_sw_32323964.wav	lyunda jahazi 	1
/scratch/skscla001/experiments/datasets/swagen/audio/common_voice_sw_29795851.wav	mlima kilimanjaro unapandwa katika misimu miwili tofauti 	1
/scratch/skscla001/experiments/datasets/swagen/audio/common_voice_sw_29839015.wav	jengo la kituo cha biashara cha dunia world trade center complex 	1
/scratch/skscla001/experiments/datasets/swagen/audio/common_voice_sw_30179912.wav	makao makuu ya chama yalitafuta hifadhi katika milima ya sierra maestra 	1
/scratch/skscla001/experiments/datasets/swagen/audio/common_voice_sw_28681638.wav	alikuwa mwanachama wa chama cha jamhuri cha marekani 	1
/scratch/skscla001/experiments/datasets/swagen/audio/common_voice_sw_30081266.wav	chakula cha mahindi viazi mchele na kabichi 	1
/scratch/skscla001/experiments/datasets/swagen/audio/common_voice_sw_36385776.wav	hao na wakristo wa kwanza walio wengi waliishi chini ya serikali ya roma 	1
/scratch/skscla001/experiments/datasets/swagen/audio/common_voice_sw_28735758.wav	mojawapo ni kukutana na watu wa kupendeza kwa wema wao 	1
/scratch/skscla001/experiments/datasets/swagen/audio/common_voice_sw_35132512.wav	ngoma hizo huchezwa watu wakiwa wamevaa nguo za asili 	1
/scratch/skscla001/experiments/datasets/swagen/audio/common_voice_sw_32323898.wav	lulu humilikiwa na vachu matajiri nno na ina thamani sana 	1
/scratch/skscla001/experiments/datasets/swagen/audio/common_voice_sw_28681014.wav	watu waliopo katika eneo la kivuli chake wanaona kupatwa kwa jua 	1
/scratch/skscla001/experiments/datasets/swagen/audio/common_voice_sw_29873164.wav	mwaka elfu moja mia tisa thelathini na nne uliundwa umoja wa waafrika 	1
/scratch/skscla001/experiments/datasets/swagen/audio/common_voice_sw_29899105.wav	mwalimu nyerere alifariki akiwa kwenye matibabu nchini uingereza 	1
/scratch/skscla001/experiments/datasets/swagen/audio/common_voice_sw_29937942.wav	wakati huo ikiwa tanganyika na ujerumani yenyewe wanakotokea akina hiss 	1
/scratch/skscla001/experiments/datasets/swagen/audio/common_voice_sw_36382359.wav	kupunguza uzalishaji wa mmea na inaweza kuondoa virutubishi vilivyo 	1
/scratch/skscla001/experiments/datasets/swagen/audio/common_voice_sw_29979670.wav	baadhi ya watafiti walienda kumchunguza blob 	1
/scratch/skscla001/experiments/datasets/swagen/audio/common_voice_sw_29728364.wav	lilikuwa pia jina la mungu wa kike katika dini ya roma ya kale 	1
/scratch/skscla001/experiments/datasets/swagen/audio/common_voice_sw_36387243.wav	alisimama na kuwaahidi wamatumbi kuingia katika vita aliyoiita vita ya ushindi 	1
/scratch/skscla001/experiments/datasets/swagen/audio/common_voice_sw_29898924.wav	eneo linalofaa kwa kilimo ni hekta laki moja hamsini na tatu mia tano arobaini 	1
/scratch/skscla001/experiments/datasets/swagen/audio/common_voice_sw_29896938.wav	hushughulika pia ukubwa na usambazaji wa faida kutoka kwenye biashara 	1
/scratch/skscla001/experiments/datasets/swagen/audio/common_voice_sw_29914941.wav	au mabadiliko ya utandawazi yanachangia katika tabia 	1
/scratch/skscla001/experiments/datasets/swagen/audio/common_voice_sw_30181899.wav	alikuwa paroko msaidizi wa parokia ya mtakatifu petro oysterbay 	1
/scratch/skscla001/experiments/datasets/swagen/audio/common_voice_sw_29935617.wav	rais wa croatia alihimiza mashabiki wa nchi yake kushangilia timu yao 	1
/scratch/skscla001/experiments/datasets/swagen/audio/common_voice_sw_36067398.wav	inasimamia utoaji wa huduma za malipo kwa njia ya kadi 	1
/scratch/skscla001/experiments/datasets/swagen/audio/common_voice_sw_28592246.wav	kiasili sinodi ilikuwa mkutano wa maaskofu wa eneo fulani 	1
/scratch/skscla001/experiments/datasets/swagen/audio/common_voice_sw_37090151.wav	linachukua waumini mia moja hamsini mpaka mia mbili kwa wakati mmoja 	1
/scratch/skscla001/experiments/datasets/swagen/audio/common_voice_sw_29939018.wav	pia hifadhi hii inapitiwa na njia ya treni inayoelekea katika taifa jirani la zambia 	1
/scratch/skscla001/experiments/datasets/swagen/audio/common_voice_sw_30180061.wav	timu iliyoibuka na ushindi kwenye fainali hiyo 	1
/scratch/skscla001/experiments/datasets/swagen/audio/common_voice_sw_28582717.wav	pwani hizo zilikuwa mapema sehemu ya biashara ya kimataifa katika bahari hindi 	1
/scratch/skscla001/experiments/datasets/swagen/audio/common_voice_sw_30341868.wav	ziwa victoria lililopo mwanza ni chanzo pato la nchi 	1
/scratch/skscla001/experiments/datasets/swagen/audio/common_voice_sw_29696820.wav	nadharia zinaweza kutegemea utafiti wa aina tofautitofauti 	1
/scratch/skscla001/experiments/datasets/swagen/audio/common_voice_sw_30650336.wav	kupunguza panya wanaoishi karibu na nyumba sehemu kazi au maeneo ya michezo 	1
/scratch/skscla001/experiments/datasets/swagen/audio/common_voice_sw_30635376.wav	ni aibu sana kwa taifa maana enzi za mwalimu hapakukuwa na hali hii 	1
/scratch/skscla001/experiments/datasets/swagen/audio/common_voice_sw_31286373.wav	ukiwa kwenye hifadhi ya tarangire unaweza kuona makundi makubwa ya tembo 	1
/scratch/skscla001/experiments/datasets/swagen/audio/common_voice_sw_29993720.wav	katika imani za kimaasai wakati mwingine huwa anadhaniwa kubeba laana 	1
/scratch/skscla001/experiments/datasets/swagen/audio/common_voice_sw_29795214.wav	maradona ndiye mchezaji aliyefunga bao la ajabu duniani 	1
/scratch/skscla001/experiments/datasets/swagen/audio/common_voice_sw_29231041.wav	jimbo hili lina mchanganyiko wa makabila yote 	1
/scratch/skscla001/experiments/datasets/swagen/audio/common_voice_sw_28691064.wav	dalili hasi ni pamoja na hisia bapa au hafifu 	1
/scratch/skscla001/experiments/datasets/swagen/audio/common_voice_sw_30091340.wav	muhogo kiasi na katika maeneo machache mpunga na mzabibu 	1
/scratch/skscla001/experiments/datasets/swagen/audio/common_voice_sw_31304599.wav	kila mmoja alizaa nae mtoto mmoja wa kike 	1
/scratch/skscla001/experiments/datasets/swagen/audio/common_voice_sw_30668389.wav	sir alex ferguson aliwahi kusema barcelona inatisha 	1
/scratch/skscla001/experiments/datasets/swagen/audio/common_voice_sw_29993436.wav	alisoma katika chuo kikuu cha dayatar nairobi kenya 	1
/scratch/skscla001/experiments/datasets/swagen/audio/common_voice_sw_28989758.wav	alicheza kama mshambuliaji wa kati 	1
/scratch/skscla001/experiments/datasets/swagen/audio/common_voice_sw_30307279.wav	nyerere alikuwa kiungo muhimu katika muungano wa tanganyika na zanzibar 	1
/scratch/skscla001/experiments/datasets/swagen/audio/common_voice_sw_29936833.wav	matawi maarufu wakati huo kama nyota ya asubuhi 	1
/scratch/skscla001/experiments/datasets/swagen/audio/common_voice_sw_31441017.wav	la chifu huyo wa kabila la wahehe 	1
/scratch/skscla001/experiments/datasets/swagen/audio/common_voice_sw_31304437.wav	hayati daktari magufuli alichaguliwa kuwa waziri wa kilimo 	1
/scratch/skscla001/experiments/datasets/swagen/audio/common_voice_sw_31370833.wav	mchanga huo hupita juu ya bahari atlantic hadi katika msitu wa amazon 	1
/scratch/skscla001/experiments/datasets/swagen/audio/common_voice_sw_37092364.wav	matibabu haya ni ya bei ghali 	1
/scratch/skscla001/experiments/datasets/swagen/audio/common_voice_sw_29937961.wav	hata hivyo waandishi wengi wa kisasa hutumia wimbo katika sehemu mbalimbali 	1
/scratch/skscla001/experiments/datasets/swagen/audio/common_voice_sw_36331709.wav	wa simbamweni na kisha sehemu fulani ya mji wa sasa wa morogoro na eneo 	1
/scratch/skscla001/experiments/datasets/swagen/audio/common_voice_sw_36387947.wav	nze na mashindano ya soka ya cekafa na draw ya mashindano hayo ambayo yataandaliwa 	1
/scratch/skscla001/experiments/datasets/swagen/audio/common_voice_sw_29796249.wav	soka ya taifa ya ufukweni na timu za soka za taifa za vijana 	1
/scratch/skscla001/experiments/datasets/swagen/audio/common_voice_sw_29915207.wav	koppe moja inayoweza kuonekana kwa wageni huko serengeti 	1
/scratch/skscla001/experiments/datasets/swagen/audio/common_voice_sw_30122435.wav	wakati wa maji kupwa ndiyo kipindi kizuri cha kuona kisiwa hicho 	1
/scratch/skscla001/experiments/datasets/swagen/audio/common_voice_sw_30674908.wav	kina cha ziwa hilo ni karibu meta mia saba na hamsini 	1
/scratch/skscla001/experiments/datasets/swagen/audio/common_voice_sw_29978475.wav	quran yatufahamisha kuwa ismail alikua mpole na mnyenyekevu kwa mola wake 	1
/scratch/skscla001/experiments/datasets/swagen/audio/common_voice_sw_28716339.wav	uwanja huo ni sehemu ya makazi magumu zaidi ya vifaa vingine vya riadha 	1
/scratch/skscla001/experiments/datasets/swagen/audio/common_voice_sw_32245048.wav	kana jenga nyuma yao 	1
/scratch/skscla001/experiments/datasets/swagen/audio/common_voice_sw_29936610.wav	korona imeogeza hofu kubwa kwa watu wote duniani 	1
/scratch/skscla001/experiments/datasets/swagen/audio/common_voice_sw_36385925.wav	aina nyingine ya unyanyapaaji ni unyanyapaaji wa kihisani 	1
/scratch/skscla001/experiments/datasets/swagen/audio/common_voice_sw_31475973.wav	nadhari hii hutoa mfumo rasmi wa mwelekeo kwa hali za kijamii 	1
/scratch/skscla001/experiments/datasets/swagen/audio/common_voice_sw_29997361.wav	wamasai wa tanzania walifukuzwa kutoka ardhi yenye rutuba 	1
/scratch/skscla001/experiments/datasets/swagen/audio/common_voice_sw_36389641.wav	jicho la bi kijicho limetoboka 	1
/scratch/skscla001/experiments/datasets/swagen/audio/common_voice_sw_29997577.wav	mo na mke wake walikutana shule ya kimataifa ya tanganyika jijini dar es salaam 	1
/scratch/skscla001/experiments/datasets/swagen/audio/common_voice_sw_29795834.wav	amin aliamini kuwa yeye ndiye mkuu wa majeshi yote ya uganda 	1
/scratch/skscla001/experiments/datasets/swagen/audio/common_voice_sw_36318597.wav	inaaminika kwamba baada ya hapo watu watazungumza tu mambo mazuri 	1
/scratch/skscla001/experiments/datasets/swagen/audio/common_voice_sw_29788026.wav	mifugo midogo mara nyingi pia huwekwa ndani ya enkaji 	1
/scratch/skscla001/experiments/datasets/swagen/audio/common_voice_sw_28670570.wav	kuna vijiji viwili tu kisiwani 	1
/scratch/skscla001/experiments/datasets/swagen/audio/common_voice_sw_37086130.wav	uchanguzi mkuu wa nchini thailand unataraji kufanyika 	1
/scratch/skscla001/experiments/datasets/swagen/audio/common_voice_sw_30181640.wav	unaonekana kuwa na manufaa mengi kwa wanajamii wa kabila hilo 	1
/scratch/skscla001/experiments/datasets/swagen/audio/common_voice_sw_37091627.wav	carla alikuwa aina tofauti 	1
/scratch/skscla001/experiments/datasets/swagen/audio/common_voice_sw_31797681.wav	mkwawa kabla ya kukimbia alimuua mganga mzee aliyewahi kutabiri hilo 	1
/scratch/skscla001/experiments/datasets/swagen/audio/common_voice_sw_30179632.wav	hapana mkuu sijamuona mimi nilikuwa chooni 	1
/scratch/skscla001/experiments/datasets/swagen/audio/common_voice_sw_31409822.wav	kutoka daressalaam mpaka mkoani singida katikati mwa tanzania 	1
/scratch/skscla001/experiments/datasets/swagen/audio/common_voice_sw_30671243.wav	utawala wa wazungu uliwapa mateso makubwa 	1
/scratch/skscla001/experiments/datasets/swagen/audio/common_voice_sw_29815740.wav	keneth kaunda na wenzake kutokea taifa la zambia 	1
/scratch/skscla001/experiments/datasets/swagen/audio/common_voice_sw_29937452.wav	jina lingine walilopewa wazungu na wanyaturu ni anyeke 	1
/scratch/skscla001/experiments/datasets/swagen/audio/common_voice_sw_31467495.wav	mazungumzo kati ya vikosi vya ukombozi na serikali ya wachache ya ian smith 	1
/scratch/skscla001/experiments/datasets/swagen/audio/common_voice_sw_36382558.wav	ni mwanaharakati wa masuala ya uhuru wa vyombo vya habari 	1
/scratch/skscla001/experiments/datasets/swagen/audio/common_voice_sw_30335416.wav	meno ya plastiki pia imani hiyo si ya pekee kwa wamasai 	1
/scratch/skscla001/experiments/datasets/swagen/audio/common_voice_sw_35224112.wav	amemtaka mfalme hamadi kusitisha mapigano yanaendelea na kuanzisha mazungumzo kati ya pande mbili zinazokinzana 	1
/scratch/skscla001/experiments/datasets/swagen/audio/common_voice_sw_37229624.wav	mkurugenzi wa taasisi ya uchunguzi dzhona edgara hooveralipochukua madaraka shirika inaajiri wafanyakazi kuhusu 	1
/scratch/skscla001/experiments/datasets/swagen/audio/common_voice_sw_35132561.wav	lakini kwa sababu sasa sarafu ni moja 	1
/scratch/skscla001/experiments/datasets/swagen/audio/common_voice_sw_34764203.wav	mahojiano yaliyorekodiwa yanaweza kuhusisha maswali magumu 	1
/scratch/skscla001/experiments/datasets/swagen/audio/common_voice_sw_34390861.wav	abelset alikuwa na uzoefu wa miaka sita ya kusafiri 	1
/scratch/skscla001/experiments/datasets/swagen/audio/common_voice_sw_30470868.wav	halmashauri hiyo ilionesha teknolojia za umwagiliaji 	1
/scratch/skscla001/experiments/datasets/swagen/audio/common_voice_sw_28690971.wav	kundi hili lipo afrika ya kusini 	1
/scratch/skscla001/experiments/datasets/swagen/audio/common_voice_sw_29994960.wav	moi alimpa uhuru kenyatta na fursa ya kugombea urais katika uchaguzi 	1
/scratch/skscla001/experiments/datasets/swagen/audio/common_voice_sw_28682420.wav	hata hivyo mifumo mingine kadhaa ya uainishaji wa virusi ipo 	1
/scratch/skscla001/experiments/datasets/swagen/audio/common_voice_sw_29941590.wav	kwani tayari walikuwa na deni la kulipa mabao sita kwa sifuri walichopewa 	1
/scratch/skscla001/experiments/datasets/swagen/audio/common_voice_sw_36331501.wav	mizizi ya meno ambayo hufikiriwa kuwa na minyoo au ni meno ya karatasi au 	1
/scratch/skscla001/experiments/datasets/swagen/audio/common_voice_sw_36390524.wav	ni suala ambalo tulikubaliana tusiliseme kwa mtu yeyote kwa usalama wetu alisema magreth 	1
/scratch/skscla001/experiments/datasets/swagen/audio/common_voice_sw_29528404.wav	ardhi ya morogoro ina takribani rutuba ya kufaa kwa mazao mengi 	1
/scratch/skscla001/experiments/datasets/swagen/audio/common_voice_sw_36039124.wav	lakini pia ni muhimu kuakikisha usalama wa wafanyakazi wa shirika hilo 	1
/scratch/skscla001/experiments/datasets/swagen/audio/common_voice_sw_30362319.wav	mlima wa nyamibata na milima ya nyanda 	1
/scratch/skscla001/experiments/datasets/swagen/audio/common_voice_sw_36382362.wav	ikitangaza kutoka dar es salaam tanzania 	1
/scratch/skscla001/experiments/datasets/swagen/audio/common_voice_sw_28682642.wav	aliyemfuata kama tenno ni mdogo wake go sanjo 	1
/scratch/skscla001/experiments/datasets/swagen/audio/common_voice_sw_29946780.wav	kutokana na suala la utandawazi wapare wametapakaa kote tanzania kwa shughuli mbalimbali 	1
/scratch/skscla001/experiments/datasets/swagen/audio/common_voice_sw_29994962.wav	halmashauri ya bagamoyo inaundwa na tarafa mbili 	1
/scratch/skscla001/experiments/datasets/swagen/audio/common_voice_sw_32243057.wav	ametumia kanuni rahisi 	1
/scratch/skscla001/experiments/datasets/swagen/audio/common_voice_sw_30365583.wav	vita vikaibuka kati ya wamasai na waingereza 	1
/scratch/skscla001/experiments/datasets/swagen/audio/common_voice_sw_36013473.wav	katika imani za kimaasai inaaminika kuwa wanaweza kugundua magonjwa na sababu za mikosi 	1
/scratch/skscla001/experiments/datasets/swagen/audio/common_voice_sw_32244971.wav	anaimba nyimbo za kanisani 	1
/scratch/skscla001/experiments/datasets/swagen/audio/common_voice_sw_34751043.wav	katika vitabu vyake na uinjilishaji uliendelea katika ulaya ya kati 	1
/scratch/skscla001/experiments/datasets/swagen/audio/common_voice_sw_35683509.wav	mkubwa kutoka kwa makamu wa rais saulos chilima rais wa zamani joyce banda na 	1
/scratch/skscla001/experiments/datasets/swagen/audio/common_voice_sw_30574588.wav	mara baada ya maneno hayo alipanda ndege kwenda beira msumbiji 	1
/scratch/skscla001/experiments/datasets/swagen/audio/common_voice_sw_28863635.wav	malezi ya jones ilikuwa ngumu 	1
/scratch/skscla001/experiments/datasets/swagen/audio/common_voice_sw_36386017.wav	wahindi waarabu na wa persia walipagundua zanzibar kwa kupitia upepo mkali wa monsoon 	1
/scratch/skscla001/experiments/datasets/swagen/audio/common_voice_sw_29895838.wav	messi alikuwa kwenye kikosi cha argentina kilichokuwa na mastaa kibao 	1
/scratch/skscla001/experiments/datasets/swagen/audio/common_voice_sw_31409809.wav	ndege nyeupe huonekana vizuri zikiwa angani hivyo kuongeza usalama wa ndege 	1
/scratch/skscla001/experiments/datasets/swagen/audio/common_voice_sw_30117632.wav	ambao ni mawindo makubwa ya wanyama wakali wakiwemo simba na chui 	1
/scratch/skscla001/experiments/datasets/swagen/audio/common_voice_sw_37094903.wav	dawa hizo zinaitwa dawa za kurefusha maisha 	1
/scratch/skscla001/experiments/datasets/swagen/audio/common_voice_sw_29937962.wav	wanafunzi wengi waliyomaliza elimu ya msingi walijiunga na sekondari 	1
/scratch/skscla001/experiments/datasets/swagen/audio/common_voice_sw_36375081.wav	majaliwa aliteuliwa kuwa mkuu wa wilaya na kisha akajitosa kwenye siasa za ushindani mwaka 	1
/scratch/skscla001/experiments/datasets/swagen/audio/common_voice_sw_29904637.wav	idara ya mambo ya kale nchini tanzania inafanya kazi 	1
/scratch/skscla001/experiments/datasets/swagen/audio/common_voice_sw_36381660.wav	alitumia mdundo iliyotengenezwa kwa kugandamizia beat ya msanii wa kimarekani vanilla ice 	1
/scratch/skscla001/experiments/datasets/swagen/audio/common_voice_sw_30323298.wav	tayari ilishakuwa na kilichokuwa kinasubiriwa ni muda tu wa kuapishwa 	1
/scratch/skscla001/experiments/datasets/swagen/audio/common_voice_sw_28662061.wav	ni nchi yenye waislamu wengi kuliko nyingine zote duniani 	1
/scratch/skscla001/experiments/datasets/swagen/audio/common_voice_sw_29795364.wav	nairobi nchini kenya karibu na mpaka wa uganda 	1
/scratch/skscla001/experiments/datasets/swagen/audio/common_voice_sw_29796634.wav	hilo lilikuwa tangazo rasmi la vita 	1
/scratch/skscla001/experiments/datasets/swagen/audio/common_voice_sw_37229917.wav	msema kweli mwadilifu mcha mungu na mtu ambaye anaamini katika vitendo kuliko manenosababu 	1
/scratch/skscla001/experiments/datasets/swagen/audio/common_voice_sw_29936410.wav	ni mchezaji wa soka wa kameruni ambaye anacheza kwa klabu ya qatar kama mshambuliaji 	1
/scratch/skscla001/experiments/datasets/swagen/audio/common_voice_sw_30026796.wav	awamu ya kwanza ya shilingi elfu mbili ziwe zimelipwa ifikapo disemba 	1
/scratch/skscla001/experiments/datasets/swagen/audio/common_voice_sw_29915537.wav	baadae jengo la mgahawa huu maarufu lilitumika kama hospitali 	1
/scratch/skscla001/experiments/datasets/swagen/audio/common_voice_sw_30381097.wav	kuna aina mbili za bawasiri moja ni bawasiri ya nje ya puru 	1
/scratch/skscla001/experiments/datasets/swagen/audio/common_voice_sw_30148780.wav	akiwa na idadi ya mabao thelathini na sita katika michezo thelathini ya kadet a 	1
/scratch/skscla001/experiments/datasets/swagen/audio/common_voice_sw_30380893.wav	ziwa hili hupokea maji kutoka mito mikubwa kama vile mto kagera na mto mara 	1
/scratch/skscla001/experiments/datasets/swagen/audio/common_voice_sw_30577883.wav	lakini siku hizi kuna uwezekano baadhi ya wapare wakawa hawana sifa hii tena 	1
/scratch/skscla001/experiments/datasets/swagen/audio/common_voice_sw_36374792.wav	sugu alitoa nyimbo ambazo zilikuwa gumzo na zenye ujumbe wa moja kwa moja 	1
/scratch/skscla001/experiments/datasets/swagen/audio/common_voice_sw_29936773.wav	wilaya ya same ni moja kati ya wilaya sita za mkoa wa kilimanjaro 	1
/scratch/skscla001/experiments/datasets/swagen/audio/common_voice_sw_29815700.wav	hayati benjamini wiliam mkapa alizikwa kijijini kwao lupaso mkoani mtwara 	1
/scratch/skscla001/experiments/datasets/swagen/audio/common_voice_sw_29822594.wav	inawezakana kupishana mitazamo lakini lengo linatakiwa kuwa moja 	1
/scratch/skscla001/experiments/datasets/swagen/audio/common_voice_sw_37093869.wav	wake uislamu hufundisha kuhusu vita vya ndani ambavyo muumini 	1
/scratch/skscla001/experiments/datasets/swagen/audio/common_voice_sw_28876200.wav	wana ngozi ndefu chini ya koo lao 	1
/scratch/skscla001/experiments/datasets/swagen/audio/common_voice_sw_36617364.wav	inajipanga kutengeneza silaha zenye nguvu 	1
/scratch/skscla001/experiments/datasets/swagen/audio/common_voice_sw_36382212.wav	kutoka mwaka elfu moja mia tisa sitini na moja 	1
/scratch/skscla001/experiments/datasets/swagen/audio/common_voice_sw_36383706.wav	mwaka huu ngega amewambia maseneta kuwa siku saba zaidi zitatosha 	1
/scratch/skscla001/experiments/datasets/swagen/audio/common_voice_sw_29936666.wav	eneo hilo limetengwa kwa ajili ya uhifadhi wa viumbe vya baharini 	1
/scratch/skscla001/experiments/datasets/swagen/audio/common_voice_sw_29945757.wav	kesi za jinai ni kesi za jamhuri ya muungano wa tanzania 	1
/scratch/skscla001/experiments/datasets/swagen/audio/common_voice_sw_29993169.wav	vazi la kujifunga kiunoni na mabegani ambayo husukwa kwa pamba 	1
/scratch/skscla001/experiments/datasets/swagen/audio/common_voice_sw_30025168.wav	jim thompson aliandika mnamo mwaka elfu moja mia nane themanini na tano 	1
/scratch/skscla001/experiments/datasets/swagen/audio/common_voice_sw_30574503.wav	hayati dkjohn joseph pombe magufuli kwa hakika tutakukumbuka kwa mengi uliyoyafanya 	1
/scratch/skscla001/experiments/datasets/swagen/audio/common_voice_sw_36013992.wav	kama hiyo hali imekutokezea 	1
/scratch/skscla001/experiments/datasets/swagen/audio/common_voice_sw_36299528.wav	na ni wakatoliki suala la sharia au sheria za kiislamu 	1
/scratch/skscla001/experiments/datasets/swagen/audio/common_voice_sw_30629439.wav	watu na wanyama wanaotembelea maeneo ambapo panya wamekufa kwa tauni 	1
/scratch/skscla001/experiments/datasets/swagen/audio/common_voice_sw_28745413.wav	aliwahi kucheza timu ya taifa ya burkina faso 	1
/scratch/skscla001/experiments/datasets/swagen/audio/common_voice_sw_29898030.wav	ukanda wa eneo hili milimita za mvua kwa mwaka ni milimita mia tatu 	1
/scratch/skscla001/experiments/datasets/swagen/audio/common_voice_sw_28669844.wav	tofauti ni kwamba koloni liko kabisa chini ya utawala wa nje 	1
/scratch/skscla001/experiments/datasets/swagen/audio/common_voice_sw_29822737.wav	upana wake ni kilomita kumi na tatu 	1
/scratch/skscla001/experiments/datasets/swagen/audio/common_voice_sw_30445670.wav	janga la rinderpest na ukame wakati ulisababisha kupungua kwa idadi ya wamasai 	1
/scratch/skscla001/experiments/datasets/swagen/audio/common_voice_sw_30180119.wav	kubwa zaidi ya haya ni ziwa lenye urefu wa kilometa mbili na nusu 	1
/scratch/skscla001/experiments/datasets/swagen/audio/common_voice_sw_29697852.wav	wengine ni hasa wakristo wakopti 	1
/scratch/skscla001/experiments/datasets/swagen/audio/common_voice_sw_34746429.wav	mada zako zinatakiwa kugusa mahitaji ya wasikilizaji wako 	1
/scratch/skscla001/experiments/datasets/swagen/audio/common_voice_sw_29948454.wav	blia kusahau halmashauri ya wilaya ya chato na halmasahauri ya mji wa geita 	1
/scratch/skscla001/experiments/datasets/swagen/audio/common_voice_sw_29915122.wav	huwezi kuzungumzia hifadhi ya taifa ya arusha bila ya kuugusia mlima meru 	1
/scratch/skscla001/experiments/datasets/swagen/audio/common_voice_sw_31305870.wav	kiswahili kitukuzwe 	1
/scratch/skscla001/experiments/datasets/swagen/audio/common_voice_sw_28670218.wav	huenda pia mtu akawa na shida za kufikiria 	1
/scratch/skscla001/experiments/datasets/swagen/audio/common_voice_sw_37224321.wav	hiyo ilikuwa taswira yake ya hadharani 	1
/scratch/skscla001/experiments/datasets/swagen/audio/common_voice_sw_36310814.wav	tarehe kumi na mbili desemba mwaka elfu moja mia tisa sitini na nne 	1
/scratch/skscla001/experiments/datasets/swagen/audio/common_voice_sw_29997161.wav	mwinyi anaamini kuwa mafanikio yapo kwa kujituma 	1
/scratch/skscla001/experiments/datasets/swagen/audio/common_voice_sw_30182237.wav	kabla ya kusafirishwa kwenda kuzikwa katika eneo la makaburi ya watu maarufu uingereza 	1
/scratch/skscla001/experiments/datasets/swagen/audio/common_voice_sw_30319970.wav	na maana ya mongo mongoso leo ni tembo dume katika kabila lao 	1
/scratch/skscla001/experiments/datasets/swagen/audio/common_voice_sw_29001972.wav	ni asili ya amerika ya kitropiki ikiwa ni pamoja na karibi 	1
/scratch/skscla001/experiments/datasets/swagen/audio/common_voice_sw_30586136.wav	nchi nyingi hujivunia utawala wa serikali ya nchi ya tanzania 	1
/scratch/skscla001/experiments/datasets/swagen/audio/common_voice_sw_28690135.wav	kwa sasa imekuwa sehemu ya kaunti ya elgeyo marakwet 	1
/scratch/skscla001/experiments/datasets/swagen/audio/common_voice_sw_30181173.wav	utawala wa wareno ulibakia tu katika bandari na maeneo ya kusini 	1
/scratch/skscla001/experiments/datasets/swagen/audio/common_voice_sw_30326814.wav	kama vile china na india pia malaysia na ufilipino 	1
/scratch/skscla001/experiments/datasets/swagen/audio/common_voice_sw_36067370.wav	takasa maisha yangu 	1
/scratch/skscla001/experiments/datasets/swagen/audio/common_voice_sw_36253954.wav	jacob aliangalia saa yake ilikua tayari ni saa sita na dakika kumi usiku 	1
/scratch/skscla001/experiments/datasets/swagen/audio/common_voice_sw_30582893.wav	mchezo wa mpira wa miguu umeathirika kwa kiasi kikubwa 	1
/scratch/skscla001/experiments/datasets/swagen/audio/common_voice_sw_28681111.wav	wengi wana asili ya uskoti 	1
/scratch/skscla001/experiments/datasets/swagen/audio/common_voice_sw_37088308.wav	urusi walianzisha sera ya operesheni maambukizi katika kukabiliana na ukimwi 	1
/scratch/skscla001/experiments/datasets/swagen/audio/common_voice_sw_37095028.wav	niko pekee yangu na sijijui 	1
/scratch/skscla001/experiments/datasets/swagen/audio/common_voice_sw_30631294.wav	kutokana na imani hiyo watu walitupa uchawi wote na taka nyingine kisha wakaingia 	1
/scratch/skscla001/experiments/datasets/swagen/audio/common_voice_sw_30099281.wav	messi analipwa bilioni tatu za kitanzania kwa wiki 	1
/scratch/skscla001/experiments/datasets/swagen/audio/common_voice_sw_36331497.wav	mjadala umekuwa mashuhuri zaidi kutokana na matukio mawili tofauti yaliyotokea wiki kadhaa 	1
/scratch/skscla001/experiments/datasets/swagen/audio/common_voice_sw_29789084.wav	mbuni ana shingo yenye urefu wa mita moja nukta nane 	1
/scratch/skscla001/experiments/datasets/swagen/audio/common_voice_sw_29978995.wav	hakuna timu inayofikia uwezo wa timu ya guardiola 	1
/scratch/skscla001/experiments/datasets/swagen/audio/common_voice_sw_28681834.wav	lakini imani iliendelea kwa siri 	1
/scratch/skscla001/experiments/datasets/swagen/audio/common_voice_sw_36389582.wav	lake la heshima likimaanisha kiongozi aliyetwaa nchi nyingimkwawa alizaliwa mnamo mwaka elfu moja 	1
/scratch/skscla001/experiments/datasets/swagen/audio/common_voice_sw_35411284.wav	kuenea kwa sababu ni biashara kubwa inayoingiza pesa nyingi 	1
/scratch/skscla001/experiments/datasets/swagen/audio/common_voice_sw_32323864.wav	shathi leupe huvawa hofisini 	1
/scratch/skscla001/experiments/datasets/swagen/audio/common_voice_sw_32243557.wav	silaha tuliyonayo na kinga ya miili yetu 	1
/scratch/skscla001/experiments/datasets/swagen/audio/common_voice_sw_29847015.wav	bunyaruguru upande mwingine wa mfereji wa kazinga 	1
/scratch/skscla001/experiments/datasets/swagen/audio/common_voice_sw_29725190.wav	v ni zaidi ya kiingereza w 	1
/scratch/skscla001/experiments/datasets/swagen/audio/common_voice_sw_37092541.wav	nambari ya saba ilichukuliwa na msichana 	1
/scratch/skscla001/experiments/datasets/swagen/audio/common_voice_sw_37089251.wav	gani yanayohitaji ufumbuzi wa aina gani hili ni jambo kubwa sana kwake japokuwa tutaendelea 	1
/scratch/skscla001/experiments/datasets/swagen/audio/common_voice_sw_28690222.wav	ana watoto watatu wawili wa kike na mmoja wa kiume 	1
/scratch/skscla001/experiments/datasets/swagen/audio/common_voice_sw_36389457.wav	nalitakasika kwa damu 	1
/scratch/skscla001/experiments/datasets/swagen/audio/common_voice_sw_29731324.wav	idadi ya wasemaji nchini sudan kusini haijulikani 	1
/scratch/skscla001/experiments/datasets/swagen/audio/common_voice_sw_29489027.wav	kiini cha dola ni utekelezaji wa mamlaka katika eneo fulani 	1
/scratch/skscla001/experiments/datasets/swagen/audio/common_voice_sw_28581703.wav	mauaji ya kimbari ya rwanda yalitokea wakati wa urais wake 	1
/scratch/skscla001/experiments/datasets/swagen/audio/common_voice_sw_32242757.wav	karafuu zazalishwa kwa wingi pemba 	1
/scratch/skscla001/experiments/datasets/swagen/audio/common_voice_sw_30122415.wav	hadzane ina aina tatu ya click konsonanti meno alveopalatal 	1
/scratch/skscla001/experiments/datasets/swagen/audio/common_voice_sw_29895541.wav	aliapishwa kama waziri mkuu wa kenya baada ya miaka zaidi ya arobaini ya kukoma 	1
/scratch/skscla001/experiments/datasets/swagen/audio/common_voice_sw_36375006.wav	hata hivyo wadau wa utalii mbuga ya maasai mara wanasema 	1
/scratch/skscla001/experiments/datasets/swagen/audio/common_voice_sw_29795830.wav	aliacha kazi hiyo kutokana na sababu mbalimbali karume 	1
/scratch/skscla001/experiments/datasets/swagen/audio/common_voice_sw_36945355.wav	namna gani kufanya kazi ya kisasa kwa siri kama ni lazimakumi na tano 	1
/scratch/skscla001/experiments/datasets/swagen/audio/common_voice_sw_29845522.wav	vita hivyo vilishirikisha baadhi ya makabila ya kusini mwa tanganyika 	1
/scratch/skscla001/experiments/datasets/swagen/audio/common_voice_sw_29822462.wav	tozo hizi zimeondolewa ili kuwawezesha wafanyabiashara kufanya biashara zao hapa nchini 	1
/scratch/skscla001/experiments/datasets/swagen/audio/common_voice_sw_30438078.wav	upo ushahidi wa kwamba ruvuma si miongoni mwa mikoa yenye kiwango kikubwa cha maambukizi 	1
/scratch/skscla001/experiments/datasets/swagen/audio/common_voice_sw_37226246.wav	biko aliwekewa vikwazo wakati wa kipindi cha ubaguzi wa rangi 	1
/scratch/skscla001/experiments/datasets/swagen/audio/common_voice_sw_29993786.wav	inaaminika pia kuwa kurudi kwao wakati wa krismasi ni pamoja na kutembelea ndugu zao 	1
/scratch/skscla001/experiments/datasets/swagen/audio/common_voice_sw_28583173.wav	matumizi hayo ya maji yanaweza kuwa 	1
/scratch/skscla001/experiments/datasets/swagen/audio/common_voice_sw_29899198.wav	kati kati ya miaka ya elfu moja mia tisa arobaini 	1
/scratch/skscla001/experiments/datasets/swagen/audio/common_voice_sw_30181626.wav	hilo ni jambo la kupongezwa kwa serikali ya awamu ya tano 	1
/scratch/skscla001/experiments/datasets/swagen/audio/common_voice_sw_36383647.wav	wakaibatiza siku hiyo kuwa ni siku ya fukuto la kukata kiu 	1
/scratch/skscla001/experiments/datasets/swagen/audio/common_voice_sw_36388104.wav	kuandaa vigezo miongozo na viashiria vya kubainisha uhusiano wa mazingira na umaskini 	1
/scratch/skscla001/experiments/datasets/swagen/audio/common_voice_sw_30021600.wav	ni zoezi ambalo limetiwa kumbukumbu katika wamasai wa kenya na tanzania 	1
/scratch/skscla001/experiments/datasets/swagen/audio/common_voice_sw_35132750.wav	emmanuel ni mrefu 	1
/scratch/skscla001/experiments/datasets/swagen/audio/common_voice_sw_35376522.wav	pia kuna mazao ya biashara ya kahawa chai na tumbaku 	1
/scratch/skscla001/experiments/datasets/swagen/audio/common_voice_sw_30342980.wav	kutembelea maboma waishio na kupata kusikiliza stori zinazohusu maisha yao 	1
/scratch/skscla001/experiments/datasets/swagen/audio/common_voice_sw_35132610.wav	kuchangia katika kuleta maendeleowiki iliyopita mawaziri wa 	1
/scratch/skscla001/experiments/datasets/swagen/audio/common_voice_sw_36308601.wav	mmliki wa kampuni hiyo aliruhusu titanic kuundwa 	1
/scratch/skscla001/experiments/datasets/swagen/audio/common_voice_sw_36319024.wav	na sasa ameamuru kutosafirishwa nje ya nchi kwa bidhaa 	1
/scratch/skscla001/experiments/datasets/swagen/audio/common_voice_sw_37096239.wav	hii itawasaidia wakulima kukumbuka taarifa muhimu 	1
/scratch/skscla001/experiments/datasets/swagen/audio/common_voice_sw_30577589.wav	umarufu huo unatokana na vitu mbalimbali vilivyomo wilayani humo ikiwemo mapango ya kale 	1
/scratch/skscla001/experiments/datasets/swagen/audio/common_voice_sw_29904775.wav	karibu na ziwa viktoria kuna tambarare yenye mafuriko yaliyotokana na matandiko ya ziwa 	1
/scratch/skscla001/experiments/datasets/swagen/audio/common_voice_sw_29583190.wav	pia ni mmoja ya waanzilishi wa chama cha wasanii tanzania 	1
/scratch/skscla001/experiments/datasets/swagen/audio/common_voice_sw_30020140.wav	ni jina ambalo wekundu hawa wa msimbazi wana kumbukumbu nalo sana 	1
/scratch/skscla001/experiments/datasets/swagen/audio/common_voice_sw_28670530.wav	tatu kati ya hizo ni kwa kazi yake ya utayarishaji 	1
/scratch/skscla001/experiments/datasets/swagen/audio/common_voice_sw_30209767.wav	hivi majuzi alizindua kampuni ya utayarishaji wa filamu 	1
/scratch/skscla001/experiments/datasets/swagen/audio/common_voice_sw_37229657.wav	wa dini asilimia themanini ni wakristo hasa 	1
/scratch/skscla001/experiments/datasets/swagen/audio/common_voice_sw_29787443.wav	dola la kwanza katika eneo hili lilikuwa ufalme wa burundi 	1
/scratch/skscla001/experiments/datasets/swagen/audio/common_voice_sw_37095889.wav	na mkahawa wa ethiopia hapo kavalakala ambapo zaidi ya watu sabini na sita waliwawa 	1
/scratch/skscla001/experiments/datasets/swagen/audio/common_voice_sw_36385574.wav	yeye anapenda raha sana 	1
/scratch/skscla001/experiments/datasets/swagen/audio/common_voice_sw_35412156.wav	castro alidai kuwa alilazimishwa kuingia katika mikono ya muungao wa kisovieti 	1
/scratch/skscla001/experiments/datasets/swagen/audio/common_voice_sw_36067426.wav	idadi kubwa ya abiria waliyonusurika walikuwa wa darasa la kwanza 	1
/scratch/skscla001/experiments/datasets/swagen/audio/common_voice_sw_29795299.wav	msitu lazima ulindwe katika ukuaji na ustawi wa jamii 	1
/scratch/skscla001/experiments/datasets/swagen/audio/common_voice_sw_28684932.wav	hata leo anaheshimiwa na kanisa katoliki na waorthodoksi kama mtakatifu 	1
/scratch/skscla001/experiments/datasets/swagen/audio/common_voice_sw_28878120.wav	njia hii inaweza kutunza kumbukumbu ya kudumu 	1
/scratch/skscla001/experiments/datasets/swagen/audio/common_voice_sw_28877810.wav	ujumbe wa kusikiliza ni kama nyimbo 	1
/scratch/skscla001/experiments/datasets/swagen/audio/common_voice_sw_37097304.wav	walihitimisha kwamba blob licha ya kukosa neva anaweza kujifunza kutokana na uzoefu na kubadilisha 	1
/scratch/skscla001/experiments/datasets/swagen/audio/common_voice_sw_36381532.wav	maamuzi haya yalifikiwa baada ya mazungumzo ya siri yaliyofanyika mwaka 	1
/scratch/skscla001/experiments/datasets/swagen/audio/common_voice_sw_28582083.wav	katika nchi ya tanzania sehemu hizo ni kama vile dodoma tabora iringa shinyanga 	1
/scratch/skscla001/experiments/datasets/swagen/audio/common_voice_sw_30376090.wav	matokeo hayo yalithibitisha afya ya wamoran 	1
/scratch/skscla001/experiments/datasets/swagen/audio/common_voice_sw_36945048.wav	wa mvua na hazina inayojulikana na isiyojulikana 	1
/scratch/skscla001/experiments/datasets/swagen/audio/common_voice_sw_29941493.wav	sasa ukimzungumzia oprah winfrey unamzungumzia mwanamke tajiri duniani 	1
/scratch/skscla001/experiments/datasets/swagen/audio/common_voice_sw_28819817.wav	hutokea kwa jozi maana yake kuna mapafu mawili si moja tu kama moyo 	1
/scratch/skscla001/experiments/datasets/swagen/audio/common_voice_sw_36385588.wav	rais samia suluhu hassan kabla alihutubia bunge la kenya 	1
/scratch/skscla001/experiments/datasets/swagen/audio/common_voice_sw_28258975.wav	nchini uganda ikawa ndiyo mwanzo wa vita vya wenyewe kwa wenyewe 	1
/scratch/skscla001/experiments/datasets/swagen/audio/common_voice_sw_36381119.wav	umeamka vipi 	1
/scratch/skscla001/experiments/datasets/swagen/audio/common_voice_sw_37092628.wav	zugu alijitahidi kukabiliana na maji ili amtoe jacob 	1
/scratch/skscla001/experiments/datasets/swagen/audio/common_voice_sw_30634564.wav	elfu tano mai moja arobaini na tisa 	1
/scratch/skscla001/experiments/datasets/swagen/audio/common_voice_sw_29295843.wav	wimbo ulikuwa nafasi na 	1
/scratch/skscla001/experiments/datasets/swagen/audio/common_voice_sw_30149186.wav	mwalimu nyerere hawezi kulaumiwa kwa jambo lolote 	1
/scratch/skscla001/experiments/datasets/swagen/audio/common_voice_sw_37094279.wav	katika kufanya hivyo lazima nchi iwe tulivu 	1
/scratch/skscla001/experiments/datasets/swagen/audio/common_voice_sw_29995704.wav	kunyongwa kisheria hakujulikani na malipo ya kawaida kwa ngombe hutosheleza mambo 	1
/scratch/skscla001/experiments/datasets/swagen/audio/common_voice_sw_37100241.wav	na vilima dhidi ya luxemburg na milima ya eifel dhidi ya ubelgiji 	1
/scratch/skscla001/experiments/datasets/swagen/audio/common_voice_sw_28815171.wav	spishi zote zinatokea karibu na maji ama baridi ama ya bahari 	1
/scratch/skscla001/experiments/datasets/swagen/audio/common_voice_sw_29961427.wav	forlan alikuwa manchester united kabla ya kutimkia hispania 	1
/scratch/skscla001/experiments/datasets/swagen/audio/common_voice_sw_29539714.wav	mto unaitwa kuanzia hapa kwa jina la galana 	1
/scratch/skscla001/experiments/datasets/swagen/audio/common_voice_sw_29905395.wav	ambayo ilikuwa haifahamiki kwa wakazi wa maeneo hayo 	1
/scratch/skscla001/experiments/datasets/swagen/audio/common_voice_sw_30677312.wav	mazao ya chakula na biashara kama mpunga katani na mahindi zimeinua maendeleo kiuchumi 	1
/scratch/skscla001/experiments/datasets/swagen/audio/common_voice_sw_29822508.wav	obote alishutumiwa kushiriki katika biashara ya pembe za ndovu 	1
/scratch/skscla001/experiments/datasets/swagen/audio/common_voice_sw_36382631.wav	benki itawezesha mfumo thabiti wa kufanya malipo 	1
/scratch/skscla001/experiments/datasets/swagen/audio/common_voice_sw_29660320.wav	ndilo daraja kubwa katika afrika ya mashariki 	1
/scratch/skscla001/experiments/datasets/swagen/audio/common_voice_sw_28682474.wav	ni metali laini yenye rangi ya kifedha kijivu chumvi zake ni njano kijani 	1
/scratch/skscla001/experiments/datasets/swagen/audio/common_voice_sw_29959501.wav	bi aneth alimuuliza baada ya kumuona mkuu wake mwenye mawazo 	1
/scratch/skscla001/experiments/datasets/swagen/audio/common_voice_sw_34750213.wav	unataka kupigwa picha 	1
/scratch/skscla001/experiments/datasets/swagen/audio/common_voice_sw_29822903.wav	wengi wao hawajasoma kabisa lakini ni matajiri wakubwa 	1
/scratch/skscla001/experiments/datasets/swagen/audio/common_voice_sw_28695873.wav	kitabu kilikuwa kama bomu kati ya watu wa sayansi na wa dini 	1
/scratch/skscla001/experiments/datasets/swagen/audio/common_voice_sw_31304381.wav	muogeleaji pia alicheza rugby kwa uwezo wa hali ya juu 	1
/scratch/skscla001/experiments/datasets/swagen/audio/common_voice_sw_31321189.wav	watalii wengi wanapenda kuyaona mandhari mazuri ya empokai 	1
/scratch/skscla001/experiments/datasets/swagen/audio/common_voice_sw_28994862.wav	vitongoji duni huwa na vyumba duni 	1
/scratch/skscla001/experiments/datasets/swagen/audio/common_voice_sw_29797029.wav	jina linatokana na lile la mto mara 	1
/scratch/skscla001/experiments/datasets/swagen/audio/common_voice_sw_36382383.wav	inaathiri takribani asilimia sitini ya wananchi 	1
/scratch/skscla001/experiments/datasets/swagen/audio/common_voice_sw_37094972.wav	akiptwa na mpinzani wake daktari salmin akipata asilimia hamsini nukta mbili nne 	1
/scratch/skscla001/experiments/datasets/swagen/audio/common_voice_sw_37090323.wav	vya asili badala ya kumwabudu mungu mungu akakasirika hata akauangamiza ulimwengu ule kwa maji 	1
/scratch/skscla001/experiments/datasets/swagen/audio/common_voice_sw_34890932.wav	amani idhumishwe nchini 	1
/scratch/skscla001/experiments/datasets/swagen/audio/common_voice_sw_37092436.wav	sitaki dawa 	1
/scratch/skscla001/experiments/datasets/swagen/audio/common_voice_sw_29938618.wav	ni mafunzo kwa kuthibitisha wazo msingi 	1
/scratch/skscla001/experiments/datasets/swagen/audio/common_voice_sw_29935552.wav	ronaldo amemaliza michuano akiwa mchezaji aliyefunga mabao mengi 	1
/scratch/skscla001/experiments/datasets/swagen/audio/common_voice_sw_30299454.wav	padre paul peter haule alipata daraja takatifu la ushemasi 	1
/scratch/skscla001/experiments/datasets/swagen/audio/common_voice_sw_30008199.wav	hasa wa kanisa katoliki pia siku hizi hata mabondeni 	1
/scratch/skscla001/experiments/datasets/swagen/audio/common_voice_sw_30434931.wav	kama hamtalala ndani ya hifadhi ni sehemu gani nyinginezo za huduma hiyo 	1
/scratch/skscla001/experiments/datasets/swagen/audio/common_voice_sw_29942918.wav	mechi ya marudiano bayern munich ilikubali kichapo 	1
/scratch/skscla001/experiments/datasets/swagen/audio/common_voice_sw_36310805.wav	jacob alimtoa hofu na kumwambia yupo mahali salama na yeye ndio aliagizwa aletwe 	1
/scratch/skscla001/experiments/datasets/swagen/audio/common_voice_sw_29575681.wav	kwa wengine wana hali ya juu kwa sababu ya thamani ya bidhaa zao 	1
/scratch/skscla001/experiments/datasets/swagen/audio/common_voice_sw_37096591.wav	nafikiria ile hotuba ya mohamed gaddafi 	1
/scratch/skscla001/experiments/datasets/swagen/audio/common_voice_sw_29844119.wav	na ukoo wake ulitangazwa kwa jina lake anbalo ndilo lilitumika kama jina la ukoo 	1
/scratch/skscla001/experiments/datasets/swagen/audio/common_voice_sw_29788594.wav	pia miundombinu kwa kiasi chake imeboreshwa 	1
/scratch/skscla001/experiments/datasets/swagen/audio/common_voice_sw_36299637.wav	kwa kumbukumbu zako itakuwa ni vema zaidi ukibeba kamera 	1
/scratch/skscla001/experiments/datasets/swagen/audio/common_voice_sw_29938215.wav	eneo ambalo mamia ya wapigania uhuru toka afrika kusini waliishi 	1
/scratch/skscla001/experiments/datasets/swagen/audio/common_voice_sw_30641358.wav	timu ya taifa ya brazil ilikuja nchini tanzania 	1
/scratch/skscla001/experiments/datasets/swagen/audio/common_voice_sw_34391169.wav	hewa ikiwa ni pamoja na chembechembe za vumbi la mchanga na 	1
/scratch/skscla001/experiments/datasets/swagen/audio/common_voice_sw_29982024.wav	ronaldo alifanikiwa kucheza michezo mia moja tisini na sita 	1
/scratch/skscla001/experiments/datasets/swagen/audio/common_voice_sw_29796521.wav	mwanamke anayetokea katika kabila la warangi wanaotokea kondoa mkoani dodoma 	1
/scratch/skscla001/experiments/datasets/swagen/audio/common_voice_sw_28999522.wav	hasa mlimani na penye matope si mahali pake 	1
/scratch/skscla001/experiments/datasets/swagen/audio/common_voice_sw_32211223.wav	jibu maswali yote utakayoulizwa 	1
/scratch/skscla001/experiments/datasets/swagen/audio/common_voice_sw_29887539.wav	ipo mipaka ya ardhini kwa maana ya nchi kavu 	1
/scratch/skscla001/experiments/datasets/swagen/audio/common_voice_sw_30201883.wav	vimesababisha watoto wengi kutotambuliwa mpaka kufikia umri wa miezi mitatu 	1
/scratch/skscla001/experiments/datasets/swagen/audio/common_voice_sw_28581513.wav	kwa upande wa kaskazini mwa nyanda za juu iko tambarare ya siberia ya kaskazini 	1
/scratch/skscla001/experiments/datasets/swagen/audio/common_voice_sw_37085608.wav	ujerumani kwa juhudi zake za kuliunganisha bara la ulayarais wa zamani wa marekani 	1
/scratch/skscla001/experiments/datasets/swagen/audio/common_voice_sw_36381974.wav	lakini raslimali hizi zimeshindwa 	1
/scratch/skscla001/experiments/datasets/swagen/audio/common_voice_sw_30379657.wav	pia ipo halmashauri ya wilaya ya mpanda na halmashauri ya manispaa ya mpanda 	1
/scratch/skscla001/experiments/datasets/swagen/audio/common_voice_sw_29816037.wav	ambapo alijizolea milioni mia moja hamsini 	1
/scratch/skscla001/experiments/datasets/swagen/audio/common_voice_sw_28246354.wav	mazao mengi ni vyakula kama nafaka mboga au matunda 	1
/scratch/skscla001/experiments/datasets/swagen/audio/common_voice_sw_28673117.wav	lakini waprotestanti kwa jumla ni wengi zaidi 	1
/scratch/skscla001/experiments/datasets/swagen/audio/common_voice_sw_29963888.wav	ghana walikuwa na nafasi ya kwenda nusu fainali kama wangaitupa nje uruguay 	1
/scratch/skscla001/experiments/datasets/swagen/audio/common_voice_sw_30631297.wav	nkrumah aliandika baadae ni johnson aliyemfundisha namna gani ya kufanya kazi 	1
/scratch/skscla001/experiments/datasets/swagen/audio/common_voice_sw_29937372.wav	bawasiri inayotoka wakati wa haja kubwa kurudi yenyewe baada ya kumaliza kujisaidia 	1
/scratch/skscla001/experiments/datasets/swagen/audio/common_voice_sw_30671226.wav	inayokamilisha jumla ya halamashauri nane za mkoa wa dodoma 	1
/scratch/skscla001/experiments/datasets/swagen/audio/common_voice_sw_29877984.wav	baadae rais hussein mwinyi akamteua kuwa makamu wa kwanza wa rais 	1
/scratch/skscla001/experiments/datasets/swagen/audio/common_voice_sw_34746480.wav	la misheni hizo lilikuwa kwamba liliambatana na uenezaji wa kijeshi wa 	1
/scratch/skscla001/experiments/datasets/swagen/audio/common_voice_sw_30654315.wav	watu wanaojidunga dawa za kulevya 	1
/scratch/skscla001/experiments/datasets/swagen/audio/common_voice_sw_29903370.wav	marco van basten alikuwa mfungaji bora 	1
/scratch/skscla001/experiments/datasets/swagen/audio/common_voice_sw_29321994.wav	vilevile hakuna tiba bora kwa aina endelevu za ugonjwa huu 	1
/scratch/skscla001/experiments/datasets/swagen/audio/common_voice_sw_30434421.wav	sasa wilaya ya chato iko katika mkoa wa geita 	1
/scratch/skscla001/experiments/datasets/swagen/audio/common_voice_sw_29994798.wav	kingine huweka akiba tumboni mwake hivyo muda anapopumzika hucheua na kuanza kula upya 	1
/scratch/skscla001/experiments/datasets/swagen/audio/common_voice_sw_29997368.wav	mchanga unaohama bila upepo huko ngorongoro 	1
/scratch/skscla001/experiments/datasets/swagen/audio/common_voice_sw_36386153.wav	takutanisha timu ya nigeria na cameroon 	1
/scratch/skscla001/experiments/datasets/swagen/audio/common_voice_sw_32091253.wav	tafulia nguvo kwa ibafe la jirani 	1
/scratch/skscla001/experiments/datasets/swagen/audio/common_voice_sw_30181694.wav	kasi ya usambazaji hutegemea aina ya kimelea pia mbu msambazaji binadamu anayeumwa na mazingira 	1
/scratch/skscla001/experiments/datasets/swagen/audio/common_voice_sw_37094143.wav	sabato haikufanyika kwa ajili ya wana wa israeli pekee bali kwa ajili ya adam 	1
/scratch/skscla001/experiments/datasets/swagen/audio/common_voice_sw_30021362.wav	kwa kiasi cha asilimia ishirini aliweza kugundua aina nadra sana ya bakteria 	1
/scratch/skscla001/experiments/datasets/swagen/audio/common_voice_sw_30008054.wav	alikataliwa kwa vile alikuwa na umri mdogo wa miaka kumi na nne 	1
/scratch/skscla001/experiments/datasets/swagen/audio/common_voice_sw_29864565.wav	vigezo vilivyotumiwa kuainisha majengo ya kihstoria ni kutokana na sheria ya mambo ya kale 	1
/scratch/skscla001/experiments/datasets/swagen/audio/common_voice_sw_36037226.wav	kula kwa maharagwe ukitaka 	1
/scratch/skscla001/experiments/datasets/swagen/audio/common_voice_sw_30674889.wav	vile watoto wadogo wa shule waliokuwa watukutu kwa 	1
/scratch/skscla001/experiments/datasets/swagen/audio/common_voice_sw_37092430.wav	yule kijana aliyekuwa na mtaalamu wa ufundi alisema kwa kuhamaki kuwa havifanani 	1
/scratch/skscla001/experiments/datasets/swagen/audio/common_voice_sw_32323918.wav	pochi echu a amu afirika itakuva ni pochi kuruu a pili 	1
/scratch/skscla001/experiments/datasets/swagen/audio/common_voice_sw_28582365.wav	albamu ilipata kushika nafasi ya kwanza kwenye cha za bora 	1
/scratch/skscla001/experiments/datasets/swagen/audio/common_voice_sw_36385399.wav	alizaliwa mwaka elfu moja mia tisa na nne 	1
/scratch/skscla001/experiments/datasets/swagen/audio/common_voice_sw_30323506.wav	jiji linamkakati wa kuhakikisha linatoa elimu ya kilimo 	1
/scratch/skscla001/experiments/datasets/swagen/audio/common_voice_sw_30071810.wav	amini alifariki mjini jeddah tarehe kumi na sita 	1
/scratch/skscla001/experiments/datasets/swagen/audio/common_voice_sw_28581880.wav	kwazulu natal iko upande wa mashariki wa afrika kusini ina pwani ndefu la bahari hindi 	1
/scratch/skscla001/experiments/datasets/swagen/audio/common_voice_sw_31304488.wav	mourinho aliwahi kujiondosha porto na inter milan 	1
/scratch/skscla001/experiments/datasets/swagen/audio/common_voice_sw_29846073.wav	kujamiiana ndiyo njia hasa ya maambukizi ya virusi hivi 	1
/scratch/skscla001/experiments/datasets/swagen/audio/common_voice_sw_36381344.wav	ameomba kampuni hiyo kubadili utaratibu wa kubadili wafanyakazi mara kwa mara kunakosababisha kudaiwa ada 	1
/scratch/skscla001/experiments/datasets/swagen/audio/common_voice_sw_37224364.wav	angalau sentesi mia tano 	1
/scratch/skscla001/experiments/datasets/swagen/audio/common_voice_sw_30256036.wav	iddi amini kuivamia sehemu mojawapo ya tanzania 	1
/scratch/skscla001/experiments/datasets/swagen/audio/common_voice_sw_36014180.wav	ikiwa tutamaliza uchafu huu wa plastiki itabidi tuangazie suala zima 	1
/scratch/skscla001/experiments/datasets/swagen/audio/common_voice_sw_36381819.wav	la oguz liliundwa na kituo cha yanskent katikati 	1
/scratch/skscla001/experiments/datasets/swagen/audio/common_voice_sw_31326462.wav	adolf hitler alipata zawadi ya mkimbiaji bora 	1
/scratch/skscla001/experiments/datasets/swagen/audio/common_voice_sw_29822575.wav	alitafiti na kutengeneza mfumo wa madaraja nchini tanzania 	1
/scratch/skscla001/experiments/datasets/swagen/audio/common_voice_sw_31940453.wav	watoto awa waandika uzuri 	1
/scratch/skscla001/experiments/datasets/swagen/audio/common_voice_sw_29897831.wav	jose mourinho na makocha wengine wakawa waasisi wa soka la kujihami 	1
/scratch/skscla001/experiments/datasets/swagen/audio/common_voice_sw_30020580.wav	dalili za ugonjwa huu zinategemea mgonjwa ameambukizwaje bakteria wanaosababisha tauni 	1
/scratch/skscla001/experiments/datasets/swagen/audio/common_voice_sw_28670618.wav	pia wana ofisi katika mabara mengine 	1
/scratch/skscla001/experiments/datasets/swagen/audio/common_voice_sw_30342576.wav	hasa mataifa yale yanayozungumza lugha ya kifaransa 	1
/scratch/skscla001/experiments/datasets/swagen/audio/common_voice_sw_37225531.wav	lilikuwa ndio jengo la kwanza kuwa na umeme pamoja na lifti 	1
/scratch/skscla001/experiments/datasets/swagen/audio/common_voice_sw_30381014.wav	kwa ajili ya kushiriki misa ya shukrani ya watoto wao 	1
/scratch/skscla001/experiments/datasets/swagen/audio/common_voice_sw_29994058.wav	masomo ya daraja ya pili ya vyuo vikuu yameendelea kuwa ya kiufundi 	1
/scratch/skscla001/experiments/datasets/swagen/audio/common_voice_sw_29864730.wav	ina umaarufu mkubwa unaotokana na kuwa na wanyama aina ya sokwe 	1
/scratch/skscla001/experiments/datasets/swagen/audio/common_voice_sw_31858725.wav	wote wadhima 	1
/scratch/skscla001/experiments/datasets/swagen/audio/common_voice_sw_37087179.wav	vinavyoiunda aliuliza maswali na kutoa majibu yaliyo muhimu mpaka leo 	1
/scratch/skscla001/experiments/datasets/swagen/audio/common_voice_sw_28669953.wav	lakini si nchi huru kama nchi nyingine za jumuiya ya madola 	1
/scratch/skscla001/experiments/datasets/swagen/audio/common_voice_sw_30628769.wav	taifa la misri limetwaa mataji saba ya michuano hiyo ya afrika 	1
/scratch/skscla001/experiments/datasets/swagen/audio/common_voice_sw_29898592.wav	wa nini huyo mtu amebeba kinachokuhusu unavyoongezeka 	1
/scratch/skscla001/experiments/datasets/swagen/audio/common_voice_sw_31368827.wav	wengine wakaanza kuyavamia makazi ya wazungu na kuyachoma moto 	1
/scratch/skscla001/experiments/datasets/swagen/audio/common_voice_sw_37229709.wav	picha hiyo ilipigwa aprili mwaka elfu moja mia tisa tisini 	1
/scratch/skscla001/experiments/datasets/swagen/audio/common_voice_sw_30343013.wav	kambale wenye futi nne zaidi wanapatikana katika mto naili 	1
/scratch/skscla001/experiments/datasets/swagen/audio/common_voice_sw_30182081.wav	kila mfadhili haina budi kuwa katika kundi linalolingana na umri wa mama au mtoto 	1
/scratch/skscla001/experiments/datasets/swagen/audio/common_voice_sw_28660867.wav	kijiografia baltiki ni mabaki ya enzi ya barafu iliyopita 	1
/scratch/skscla001/experiments/datasets/swagen/audio/common_voice_sw_30122843.wav	kila mtu alijua bayern itashinda mechi hiyo 	1
/scratch/skscla001/experiments/datasets/swagen/audio/common_voice_sw_30735712.wav	walimuadhibu vikali walishusha makombora mazito afghanistan dhidi 	1
/scratch/skscla001/experiments/datasets/swagen/audio/common_voice_sw_30470930.wav	mwili wote wa nyangumi unalingana na maisha ya majini 	1
/scratch/skscla001/experiments/datasets/swagen/audio/common_voice_sw_28663338.wav	miaka hii ya mwanzoni alikuwa na washirika wenzake katika kazi 	1
/scratch/skscla001/experiments/datasets/swagen/audio/common_voice_sw_29976799.wav	milima ya nyabweshongoile na milima ya nyakagando 	1
/scratch/skscla001/experiments/datasets/swagen/audio/common_voice_sw_28662077.wav	kwa jumla watu walifanya kazi kwa kushirikiana bila ubaguzi wala matabaka 	1
/scratch/skscla001/experiments/datasets/swagen/audio/common_voice_sw_28670379.wav	kuna nafasi kwa ajili ya kuhifadhi vifaa vya kawaida vya upasuaji 	1
/scratch/skscla001/experiments/datasets/swagen/audio/common_voice_sw_29938141.wav	tangu mapinduzi ya kuwaondoa waarabu visiwa hivyo vimeendelea kutawaliwa na chama cha mapinduzi 	1
/scratch/skscla001/experiments/datasets/swagen/audio/common_voice_sw_36387602.wav	la kusini mwa afrika kwa miongo mitatu tangu mwaka elfu moja mia tisa sitini 	1
/scratch/skscla001/experiments/datasets/swagen/audio/common_voice_sw_29796392.wav	maladona alifungwa bao la mkono wakicheza dhidi ya uingereza 	1
/scratch/skscla001/experiments/datasets/swagen/audio/common_voice_sw_35412082.wav	tena tusinyonywe tena na tusipuuzwe tenapatrice lumumba tarehe mbili mwezi wa saba mwaka 	1
/scratch/skscla001/experiments/datasets/swagen/audio/common_voice_sw_29796580.wav	wakati ilionekana kwake kuwa wanataka kujua mengi aliwasiliana na amin 	1
/scratch/skscla001/experiments/datasets/swagen/audio/common_voice_sw_35963924.wav	cameron ameongea na mfalme wa nchi hiyo hamadi is bin issah alhalifa jana usiku 	1
/scratch/skscla001/experiments/datasets/swagen/audio/common_voice_sw_28877985.wav	eneo hili liko katikati ya hawaii na australia 	1
/scratch/skscla001/experiments/datasets/swagen/audio/common_voice_sw_29902324.wav	mbuni dume anakuwa na jike moja linalompendeza zaidi 	1
/scratch/skscla001/experiments/datasets/swagen/audio/common_voice_sw_36385477.wav	mkubwa mkali alimtaja chameleon pale alipoambiwa amtaje msanii mmoja anayetumia nguvu za 	1
/scratch/skscla001/experiments/datasets/swagen/audio/common_voice_sw_29938070.wav	mahojiano yanayochapishwa kwa muundo wa maswali na majibu ndiyo hasa huelimisha zaidi 	1
/scratch/skscla001/experiments/datasets/swagen/audio/common_voice_sw_30114429.wav	zinapatikana katika mji wa mto wa mbu 	1
/scratch/skscla001/experiments/datasets/swagen/audio/common_voice_sw_30021648.wav	nicky oppenheimer wa afrika kusini akiwa na utajiri wa dola bilioni nane 	1
/scratch/skscla001/experiments/datasets/swagen/audio/common_voice_sw_28663183.wav	kuna matoleo mengi tofauti ya hadithi 	1
/scratch/skscla001/experiments/datasets/swagen/audio/common_voice_sw_29841626.wav	waliokufa katika mapigano wamekadiriwa kuwa themanini hivi 	1
/scratch/skscla001/experiments/datasets/swagen/audio/common_voice_sw_36382570.wav	mti mrefu sana 	1
/scratch/skscla001/experiments/datasets/swagen/audio/common_voice_sw_28817504.wav	hii ni riwaya maarufu zaidi ya mwandishi 	1
/scratch/skscla001/experiments/datasets/swagen/audio/common_voice_sw_30024690.wav	mtoto mchanga tangu anapozaliwa mpaka afikapo miezi 	1
/scratch/skscla001/experiments/datasets/swagen/audio/common_voice_sw_31321201.wav	kati ya nchi hizo nyingi zilikuwa ni zile zizokuwa magharibi mwa bara la ulaya 	1
/scratch/skscla001/experiments/datasets/swagen/audio/common_voice_sw_29961429.wav	waliishi katika hifadhi ya taifa ya serengeti 	1
/scratch/skscla001/experiments/datasets/swagen/audio/common_voice_sw_29956462.wav	helikopta za black hawk zilisafiri kwenda abbottabad 	1
/scratch/skscla001/experiments/datasets/swagen/audio/common_voice_sw_28695742.wav	kufuatana na uainishaji wa lugha kwa ndani zaidi kitoussian kusini iko katika kundi la kigur 	1
/scratch/skscla001/experiments/datasets/swagen/audio/common_voice_sw_31409526.wav	mtoto atakuwa akitambulishwa kwa kutumia jina la embolet 	1
/scratch/skscla001/experiments/datasets/swagen/audio/common_voice_sw_28670603.wav	kwa matumizi kwenye ndege kuna vipimo sanifu vidogo zaidi 	1
/scratch/skscla001/experiments/datasets/swagen/audio/common_voice_sw_30674941.wav	jamii ya kiarabu wasio wazanzibari iliamriwa kuondoka 	1
/scratch/skscla001/experiments/datasets/swagen/audio/common_voice_sw_28980701.wav	mji uko kando ya bahari ya mediteranea 	1
/scratch/skscla001/experiments/datasets/swagen/audio/common_voice_sw_30630203.wav	hawa huwa na vitu fulani kwenye vichwa vyao 	1
/scratch/skscla001/experiments/datasets/swagen/audio/common_voice_sw_29788966.wav	wagoma na wagorowa pia wafiome na wagweno 	1
/scratch/skscla001/experiments/datasets/swagen/audio/common_voice_sw_37099552.wav	kiwanda hicho kina haja ya kuongeza uzalishaji 	1
/scratch/skscla001/experiments/datasets/swagen/audio/common_voice_sw_29795819.wav	zote zikiwa ni hifadhi zinazopatikana ndani ya taifa la tanzania 	1
/scratch/skscla001/experiments/datasets/swagen/audio/common_voice_sw_35409068.wav	akiwatolea huduma zake panteno wa chuo cha aleksandria alikwenda india 	1
/scratch/skscla001/experiments/datasets/swagen/audio/common_voice_sw_32212181.wav	asha apiga pasi nguwoze 	1
/scratch/skscla001/experiments/datasets/swagen/audio/common_voice_sw_29982089.wav	ya vyungu vya zanzibar 	1
/scratch/skscla001/experiments/datasets/swagen/audio/common_voice_sw_30342411.wav	shirika la kitaifa lilodai kuingia katika nchi iliyomilikwa na walowezi 	1
/scratch/skscla001/experiments/datasets/swagen/audio/common_voice_sw_28681492.wav	kwa hivyo huitwa kasuku mapenzi pia 	1
/scratch/skscla001/experiments/datasets/swagen/audio/common_voice_sw_29941787.wav	mlima kilimanjaro wakiwemo mbega na nyani 	1
/scratch/skscla001/experiments/datasets/swagen/audio/common_voice_sw_31325413.wav	ziwa katwe liko chini ya ziwa edward 	1
/scratch/skscla001/experiments/datasets/swagen/audio/common_voice_sw_30582961.wav	mpira alioufundisha hadi leo unachezwa nchini hispania 	1
/scratch/skscla001/experiments/datasets/swagen/audio/common_voice_sw_31304461.wav	pia huvuka mto lwiche kwa imani kuwa ni moja ya hatua 	1
/scratch/skscla001/experiments/datasets/swagen/audio/common_voice_sw_30574937.wav	kwa mujibu wa katiba ya jamhuri ya muungano wa tanzania 	1
/scratch/skscla001/experiments/datasets/swagen/audio/common_voice_sw_30299641.wav	ndiyo mbuga ya wanyama kwenye ardhi iliyo kubwa na ndefu zaidi duniani 	1
/scratch/skscla001/experiments/datasets/swagen/audio/common_voice_sw_28735761.wav	hapa waliweza kupata chakula na kuweka akiba mpya kwenye jahazi 	1
/scratch/skscla001/experiments/datasets/swagen/audio/common_voice_sw_30209768.wav	mdomo wa nyangumi unaweza kuhifazi tani tisini za chakula na maji akiufumbua mdomo wake 	1
/scratch/skscla001/experiments/datasets/swagen/audio/common_voice_sw_30327100.wav	kangaroo ana maadui wawili yaani simba na ndege tai 	1
/scratch/skscla001/experiments/datasets/swagen/audio/common_voice_sw_30380708.wav	wakati mwingine maisha yanahitaji kisingizio tu unapokipata unakitumia kama mzee 	1
/scratch/skscla001/experiments/datasets/swagen/audio/common_voice_sw_30631243.wav	unachangia pato la taifa hilo kupitia sekta mbalimbali 	1
/scratch/skscla001/experiments/datasets/swagen/audio/common_voice_sw_30181636.wav	ripoti hizo awali hazikuushtua uongozi wa jeshi la tanzania 	1
/scratch/skscla001/experiments/datasets/swagen/audio/common_voice_sw_30343227.wav	ulikuwa mwaka wa mafanikio makubwa sana kwa ronaldo 	1
/scratch/skscla001/experiments/datasets/swagen/audio/common_voice_sw_37089548.wav	hasa mtu kama waziri mkuu nadhani 	1
/scratch/skscla001/experiments/datasets/swagen/audio/common_voice_sw_36385104.wav	jacob aliitikia na kusema kuwa amebahatika tena kuonana na mtaalamu wa ufundi 	1
/scratch/skscla001/experiments/datasets/swagen/audio/common_voice_sw_30334221.wav	kombe la dunia la mwaka likarudi brazil kwa mara ya tatu kwenye historia yao 	1
/scratch/skscla001/experiments/datasets/swagen/audio/common_voice_sw_28815709.wav	mji mkuu ni rutana 	1
/scratch/skscla001/experiments/datasets/swagen/audio/common_voice_sw_30205096.wav	ukitakata kujua ukali wa mbrazil huyu 	1
/scratch/skscla001/experiments/datasets/swagen/audio/common_voice_sw_36389766.wav	ya elfu moja mia tisa sabini na tatu jina la hip hop likazaliwa hii 	1
/scratch/skscla001/experiments/datasets/swagen/audio/common_voice_sw_32244522.wav	nenda tanzania 	1
/scratch/skscla001/experiments/datasets/swagen/audio/common_voice_sw_30379743.wav	mji mkuu katika kabila la upare ni maore ulioko wilaya ya same 	1
/scratch/skscla001/experiments/datasets/swagen/audio/common_voice_sw_29936771.wav	mlima rungwe ambao huaminika kuwa kilele cha nyanda za juu kusini 	1
/scratch/skscla001/experiments/datasets/swagen/audio/common_voice_sw_31304383.wav	sehemu hii mara nyingi wamwera huiita likuta 	1
/scratch/skscla001/experiments/datasets/swagen/audio/common_voice_sw_30583013.wav	alipata shahada ya uzamili ya sayansi katika kemia chuo kikuu salford nchini uingereza 	1
/scratch/skscla001/experiments/datasets/swagen/audio/common_voice_sw_29227320.wav	anthony akaendelea kuwa mtu muhimu kwenye habari 	1
/scratch/skscla001/experiments/datasets/swagen/audio/common_voice_sw_29946211.wav	pande wa mashariki imepakana na bahari ya hindi na visiwa vya komoro 	1
/scratch/skscla001/experiments/datasets/swagen/audio/common_voice_sw_29896362.wav	mfano wa makundi ya mapigano yenye kumiliki silaha 	1
/scratch/skscla001/experiments/datasets/swagen/audio/common_voice_sw_29936490.wav	kiongozi jasiri wa vita hivyo aliitwa kinjekitile ngwale katika eneo la kusini mwa afrika 	1
/scratch/skscla001/experiments/datasets/swagen/audio/common_voice_sw_30025689.wav	kwa maana ya watu wanaotoka katika kijiji cha 	1
/scratch/skscla001/experiments/datasets/swagen/audio/common_voice_sw_34763269.wav	mwalimu mzuri 	1
/scratch/skscla001/experiments/datasets/swagen/audio/common_voice_sw_30438306.wav	hii inashangaza kwani tukio la kuhama kwao kuingia kenya huwa mara moja pekee 	1
/scratch/skscla001/experiments/datasets/swagen/audio/common_voice_sw_28725227.wav	baraka na furaha ya kuwa wewe ni nani 	1
/scratch/skscla001/experiments/datasets/swagen/audio/common_voice_sw_37084711.wav	kujiri ama zitajiri hapo baadaye 	1
/scratch/skscla001/experiments/datasets/swagen/audio/common_voice_sw_30183103.wav	majuto ni mjukuu gharama ya kutokufanya chochote ili kubadili hali ya watoto 	1
/scratch/skscla001/experiments/datasets/swagen/audio/common_voice_sw_28970094.wav	yohane wa mungu 	1
/scratch/skscla001/experiments/datasets/swagen/audio/common_voice_sw_30181019.wav	maji hayo yanayobubujika kutoka ardhini huonekana yakitoa moshi kama vile maji yanayochemka jikoni 	1
/scratch/skscla001/experiments/datasets/swagen/audio/common_voice_sw_28689991.wav	elimu ya msingi ni ya lazima nchini bangladesh 	1
/scratch/skscla001/experiments/datasets/swagen/audio/common_voice_sw_29786418.wav	kanisa kuu liko jijini tabora na linaitwa la mt 	1
/scratch/skscla001/experiments/datasets/swagen/audio/common_voice_sw_29796187.wav	timu ya taifa ya ureno haikuwahi kutwaa kombe lolote kabla ya ujio wa ronaldo 	1
/scratch/skscla001/experiments/datasets/swagen/audio/common_voice_sw_30338761.wav	mitihani yao ya kumaliza kidato cha sita na 	1
/scratch/skscla001/experiments/datasets/swagen/audio/common_voice_sw_30021556.wav	songoa jiwe likaitwa mkumba vana pia na mfinga ya kikweni 	1
/scratch/skscla001/experiments/datasets/swagen/audio/common_voice_sw_28690721.wav	kata hii ina shule tatu za msingi na shule moja ya sekondari 	1
/scratch/skscla001/experiments/datasets/swagen/audio/common_voice_sw_28670637.wav	mwaka huo ulikuwa kilele cha kazi yake ya riadha 	1
/scratch/skscla001/experiments/datasets/swagen/audio/common_voice_sw_36385335.wav	kwa viongozi baba uliotupa 	1
/scratch/skscla001/experiments/datasets/swagen/audio/common_voice_sw_30020558.wav	wadigo wanaoishi nchini tanzania waliwahi kuishi nchini kenya hasa maeneo ya magodi 	1
/scratch/skscla001/experiments/datasets/swagen/audio/common_voice_sw_29787964.wav	simulizi ndiyo muundo unaotoa kiasi kikubwa zaidi cha maelezo 	1
/scratch/skscla001/experiments/datasets/swagen/audio/common_voice_sw_29787593.wav	bagamoyo makumbusho pamoja na nyumba za ibada kama vile makanisa na misikiti 	1
/scratch/skscla001/experiments/datasets/swagen/audio/common_voice_sw_30090847.wav	wake wengine ambao waliolewa na bwana karume ni bibi nasra helemu 	1
/scratch/skscla001/experiments/datasets/swagen/audio/common_voice_sw_36067438.wav	wazazi wengine wajadiliane na watoto wao kuhusu mahusiano 	1
/scratch/skscla001/experiments/datasets/swagen/audio/common_voice_sw_30183454.wav	kipaji cha messi na uwezo binafsi wa kucheza na mpira 	1
/scratch/skscla001/experiments/datasets/swagen/audio/common_voice_sw_30021558.wav	historia ya kenya kama nchi inayokaliwa na binadamu inaenea miaka laki kama milioni 	1
/scratch/skscla001/experiments/datasets/swagen/audio/common_voice_sw_30574763.wav	uchumi wa kenya utakuwa dola bilioni mia moja kumi na tatu 	1
/scratch/skscla001/experiments/datasets/swagen/audio/common_voice_sw_28695389.wav	aliendelea kutunga pia vitabu na tamthiliya 	1
/scratch/skscla001/experiments/datasets/swagen/audio/common_voice_sw_29856725.wav	kwame nkrumah alimaliza masomo akapokea shahada yake ya kwanza 	1
/scratch/skscla001/experiments/datasets/swagen/audio/common_voice_sw_29937597.wav	inafika au kupitia hifadhi ya taifa ya mikumi 	1
/scratch/skscla001/experiments/datasets/swagen/audio/common_voice_sw_29536813.wav	kwa hiyo haijulikani walitumia lugha gani 	1
/scratch/skscla001/experiments/datasets/swagen/audio/common_voice_sw_29623935.wav	wenyeji wa visiwa hivi wana utamaduni wa pekee na historia ndefu 	1
/scratch/skscla001/experiments/datasets/swagen/audio/common_voice_sw_36383737.wav	aa hapa idhaa ya kiswahili ya redio france international 	1
/scratch/skscla001/experiments/datasets/swagen/audio/common_voice_sw_29418685.wav	kuna aina nyingi tofauti za nyumba za wageni 	1
/scratch/skscla001/experiments/datasets/swagen/audio/common_voice_sw_30586137.wav	mbaya zaidi kuna kundi kubwa la vijana waliozaliwa baada ya mauaji ya rwanda 	1
/scratch/skscla001/experiments/datasets/swagen/audio/common_voice_sw_30091655.wav	ndiko kulikogunduliwa masalia ya viumbe wa jamii ya watu wa kale 	1
/scratch/skscla001/experiments/datasets/swagen/audio/common_voice_sw_28682899.wav	hakuna vipimo vya umbali zaidi ya kutaja muda wa mwendo 	1
/scratch/skscla001/experiments/datasets/swagen/audio/common_voice_sw_31949900.wav	bomoa iyo nyumba 	1
/scratch/skscla001/experiments/datasets/swagen/audio/common_voice_sw_30628799.wav	biashara ya watumwa haikuwa muhimu sana hapa 	1
/scratch/skscla001/experiments/datasets/swagen/audio/common_voice_sw_28978792.wav	sehemu ndogo zaidi za nchi kavu ndani ya magimba ya maji huitwa kisiwa 	1
/scratch/skscla001/experiments/datasets/swagen/audio/common_voice_sw_29997560.wav	alipata kibali cha bunge kwa badiliko la katiba 	1
/scratch/skscla001/experiments/datasets/swagen/audio/common_voice_sw_30085557.wav	pep guardiola akachagua mbinu ya pasi nyingi 	1
/scratch/skscla001/experiments/datasets/swagen/audio/common_voice_sw_31454740.wav	kwa ajili ya ukulima wa ngano na ufugaji wa kondoo 	1
/scratch/skscla001/experiments/datasets/swagen/audio/common_voice_sw_29962452.wav	brazil ndio walitwaa kombe la dunia 	1
/scratch/skscla001/experiments/datasets/swagen/audio/common_voice_sw_29946563.wav	wananchi ni rahisi kujua vita wanayopigana 	1
/scratch/skscla001/experiments/datasets/swagen/audio/common_voice_sw_31306395.wav	ganda la mua la jana chungu kaona kivuno 	1
/scratch/skscla001/experiments/datasets/swagen/audio/common_voice_sw_28690356.wav	pia alipata njozi 	1
/scratch/skscla001/experiments/datasets/swagen/audio/common_voice_sw_30586116.wav	milima ya usambara na milima ya uvidunda 	1
/scratch/skscla001/experiments/datasets/swagen/audio/common_voice_sw_37084224.wav	kwa kweli mimi nimelipokea kwa furaha kubwa 	1
/scratch/skscla001/experiments/datasets/swagen/audio/common_voice_sw_30661156.wav	chanjo dhidi ya homa ya ini hutolewa kwa watoto wote 	1
/scratch/skscla001/experiments/datasets/swagen/audio/common_voice_sw_36389494.wav	milima inayopanda hadi ya kimo cha m elfu tatu mia sita kumi na moja 	1
/scratch/skscla001/experiments/datasets/swagen/audio/common_voice_sw_30341829.wav	hata hivyo mila na desturi nyingi za wagweno zinafanana zaidi na zile za wapare 	1
/scratch/skscla001/experiments/datasets/swagen/audio/common_voice_sw_28581557.wav	nchi iko kwenye sehemu nyembamba kabisa ya amerika ya kati 	1
/scratch/skscla001/experiments/datasets/swagen/audio/common_voice_sw_28681403.wav	lugha rasmi ni kiingereza hutumika sana katika masuala ya serikali na biashara 	1
/scratch/skscla001/experiments/datasets/swagen/audio/common_voice_sw_32211055.wav	hatimaye showe ando nyamadha kimwa 	1
/scratch/skscla001/experiments/datasets/swagen/audio/common_voice_sw_30631120.wav	mfano jiji la dar es salaam lenye bandari pembeni yake 	1
/scratch/skscla001/experiments/datasets/swagen/audio/common_voice_sw_31305540.wav	alifika katika kilele cha mlima huo mrefu zaidi barani afrika 	1
/scratch/skscla001/experiments/datasets/swagen/audio/common_voice_sw_35683126.wav	wao ni wengi mno 	1
/scratch/skscla001/experiments/datasets/swagen/audio/common_voice_sw_30180243.wav	analeta mkosi na laana kwenye ukoo pia 	1
/scratch/skscla001/experiments/datasets/swagen/audio/common_voice_sw_32210587.wav	kazi hii yataka mtu mwenye makini mmakinifu 	1
/scratch/skscla001/experiments/datasets/swagen/audio/common_voice_sw_30025864.wav	wengi wanamkata blob vipande waweze kumbeba 	1
/scratch/skscla001/experiments/datasets/swagen/audio/common_voice_sw_29946566.wav	sultani majid bin said kuhamia dar es salaam mwaka huo 	1
/scratch/skscla001/experiments/datasets/swagen/audio/common_voice_sw_32243941.wav	kuwa muangalifu 	1
/scratch/skscla001/experiments/datasets/swagen/audio/common_voice_sw_29936484.wav	wakati huo kamanda mpya mjerumani tom von prince alijenga boma jipya la wajerumani 	1
/scratch/skscla001/experiments/datasets/swagen/audio/common_voice_sw_30180514.wav	katika uchaguzi huo abeid amani karume alijiandikisha katika jimbo la ngambo 	1
/scratch/skscla001/experiments/datasets/swagen/audio/common_voice_sw_28663139.wav	iliendelea kuwa kitovu cha utamaduni wa kigiriki katika misri 	1
/scratch/skscla001/experiments/datasets/swagen/audio/common_voice_sw_29993109.wav	chakula chao ni ugali wa mahindi ulezi na mtama kidogo 	1
/scratch/skscla001/experiments/datasets/swagen/audio/common_voice_sw_30091638.wav	makongati kalenga kipagala kihesa ibanagosi tipingi ikolofya nyambila kibebe na isanzala 	1
/scratch/skscla001/experiments/datasets/swagen/audio/common_voice_sw_36386478.wav	ushiriki katika tume maalum ya kupitia katiba 	1
/scratch/skscla001/experiments/datasets/swagen/audio/common_voice_sw_30654199.wav	ndipo kipaji chake cha utangazaji kilipojulikana 	1
/scratch/skscla001/experiments/datasets/swagen/audio/common_voice_sw_30090787.wav	makumbusho ya nyerere yalianza kujengwa baada ya yeye kustaafu urais 	1
/scratch/skscla001/experiments/datasets/swagen/audio/common_voice_sw_30257612.wav	watalii wanatoka ulaya na asia kuja msumbiji 	1
/scratch/skscla001/experiments/datasets/swagen/audio/common_voice_sw_36385454.wav	mombasa tarehe kumi na nane mwezi wa nane mwaka elfu moja mia tisa sabini 	1
/scratch/skscla001/experiments/datasets/swagen/audio/common_voice_sw_37221393.wav	amesema hata yeye alinyimwa ruhusa ya kuwaona 	1
/scratch/skscla001/experiments/datasets/swagen/audio/common_voice_sw_37091072.wav	hussein mwinyi alihudumia wizara tatu 	1
/scratch/skscla001/experiments/datasets/swagen/audio/common_voice_sw_30180483.wav	familia yenye utajiri mkubwa huku wazazi wake walitalakiana 	1
/scratch/skscla001/experiments/datasets/swagen/audio/common_voice_sw_36385914.wav	alipelekwa masomoni kwenye chuo cha kijeshi huko uchina wakati wa kurudi alipewa cheo cha 	1
/scratch/skscla001/experiments/datasets/swagen/audio/common_voice_sw_35683371.wav	uchumi na matumizi ya ardhi nchini uturuki 	1
/scratch/skscla001/experiments/datasets/swagen/audio/common_voice_sw_29935032.wav	historia ya tanzania ina mambo mengi 	1
/scratch/skscla001/experiments/datasets/swagen/audio/common_voice_sw_30181551.wav	na msitu wa nyumbanitu wenye kuku wa ajabu 	1
/scratch/skscla001/experiments/datasets/swagen/audio/common_voice_sw_29944982.wav	walipinga aina ya elimu dhidi ya kibaguzi waliyopewa na serikali ya kibeberu 	1
/scratch/skscla001/experiments/datasets/swagen/audio/common_voice_sw_30635680.wav	ini ni kiungo muhimu sana ndani ya miili yetu 	1
/scratch/skscla001/experiments/datasets/swagen/audio/common_voice_sw_37100443.wav	huku akitaka uungwaji mikono juu ya kile ambacho watakiamua 	1
/scratch/skscla001/experiments/datasets/swagen/audio/common_voice_sw_30021359.wav	ziwa viktoria linapatikanankaskazini magharibi mwa tanzania 	1
/scratch/skscla001/experiments/datasets/swagen/audio/common_voice_sw_29796286.wav	miaka hamsini iliyopita milton obote aliisimamisha katiba na kujigeuza mtu muhimu 	1
/scratch/skscla001/experiments/datasets/swagen/audio/common_voice_sw_30583020.wav	kumekuwapo na shughuli za kinabadamu ambazo si rafiki katika masuala ya uhifadhi 	1
/scratch/skscla001/experiments/datasets/swagen/audio/common_voice_sw_29822686.wav	dutu za sehemu za siri zinaweza kutibiwa na kuondolewa kwa upasuaji mdogo 	1
/scratch/skscla001/experiments/datasets/swagen/audio/common_voice_sw_30200796.wav	mto wa semliki katika ziwa la albert 	1
/scratch/skscla001/experiments/datasets/swagen/audio/common_voice_sw_31304413.wav	mama waja wazito wote wanaodhani kuwa wameambukizwa 	1
/scratch/skscla001/experiments/datasets/swagen/audio/common_voice_sw_37229823.wav	na kusema kwamba sio urembo wa asilia 	1
/scratch/skscla001/experiments/datasets/swagen/audio/common_voice_sw_37084797.wav	naye akasema kuwa hajapata taarifa rasmi kutoka serikali ya kigali 	1
/scratch/skscla001/experiments/datasets/swagen/audio/common_voice_sw_30657051.wav	kiatu cha dhahabu na kombe vilieenda mjini benus aires 	1
/scratch/skscla001/experiments/datasets/swagen/audio/common_voice_sw_29796218.wav	alifuatana na wazee wengine kwenda kwenye zindiko bagamoyo 	1
/scratch/skscla001/experiments/datasets/swagen/audio/common_voice_sw_29795405.wav	ushirikiano wa richard turnbull ulisaidia kupata uhuru 	1
/scratch/skscla001/experiments/datasets/swagen/audio/common_voice_sw_31321674.wav	washambaa wanaishi kwenye milima ya usambara na lugha yao kubwa ni kisambaa 	1
/scratch/skscla001/experiments/datasets/swagen/audio/common_voice_sw_30025175.wav	baadhi ya timu hizo ni simba na yanga na nyengine nyingi 	1
/scratch/skscla001/experiments/datasets/swagen/audio/common_voice_sw_30365546.wav	wapare wamegawanyika katika makundi mawili makubwa 	1
/scratch/skscla001/experiments/datasets/swagen/audio/common_voice_sw_37101778.wav	wake mwenye fadhila ambaye atamtunuku haki yake naye mnyenyekevu 	1
/scratch/skscla001/experiments/datasets/swagen/audio/common_voice_sw_36318720.wav	hasa sana hapa dar es salaam hawajapata miji mikubwa kama beya arusha mwanza 	1
/scratch/skscla001/experiments/datasets/swagen/audio/common_voice_sw_29507950.wav	wakati huo makao yao makuu yalikuwa mjini elmhurst katika eneo la illinois 	1
/scratch/skscla001/experiments/datasets/swagen/audio/common_voice_sw_36387521.wav	tulikuwa na mazigaziga 	1
/scratch/skscla001/experiments/datasets/swagen/audio/common_voice_sw_30323504.wav	mfano mapango ya amboni pangani na sehemu nyingine nyingi 	1
/scratch/skscla001/experiments/datasets/swagen/audio/common_voice_sw_30024825.wav	kwenye neno sumbu wanga likiwa namaana ya tupa uchawi 	1
/scratch/skscla001/experiments/datasets/swagen/audio/common_voice_sw_30365218.wav	utalii wa kidini ni utalii mzuri ambapo watu 	1
/scratch/skscla001/experiments/datasets/swagen/audio/common_voice_sw_30233552.wav	majina yanayofanana ya yale ya koo za kipare ni kama wasuya na wavungi 	1
/scratch/skscla001/experiments/datasets/swagen/audio/common_voice_sw_30354905.wav	alikuwa mfalme wa buganda anayejulikana kama mfalme freddie 	1
/scratch/skscla001/experiments/datasets/swagen/audio/common_voice_sw_30342482.wav	asilimia sabini na tano ya wananchi wa mtwara ni wamakonde wakifuatiwa na wayao 	1
/scratch/skscla001/experiments/datasets/swagen/audio/common_voice_sw_28682646.wav	watu wa kwanza kutengeneza karatasi walikuwa wachina 	1
/scratch/skscla001/experiments/datasets/swagen/audio/common_voice_sw_29865205.wav	wakati ule mfalme wa ubelgiji na ureno walikuwa wakoloni wa maeneo jirani 	1
/scratch/skscla001/experiments/datasets/swagen/audio/common_voice_sw_34750298.wav	ruvuma ruaha mkuu au mto tana ambayo yote inaishia katika bahari hindi 	1
/scratch/skscla001/experiments/datasets/swagen/audio/common_voice_sw_28690259.wav	hadithi hizi hutokea zaidi katika maandishi 	1
/scratch/skscla001/experiments/datasets/swagen/audio/common_voice_sw_28681440.wav	maua ni meupe 	1
/scratch/skscla001/experiments/datasets/swagen/audio/common_voice_sw_34764018.wav	mitindo ambayo zamani tulizoea kuona ikipigwa na watu wa nje ya tanzania 	1
/scratch/skscla001/experiments/datasets/swagen/audio/common_voice_sw_36310746.wav	tusker walikuja wakachukua ushindi kwa huo uwanja wa afuraha 	1
/scratch/skscla001/experiments/datasets/swagen/audio/common_voice_sw_29796076.wav	alipofika alikaribishwa katika kasri la alhasan ibn sulaiman abulmawahib 	1
/scratch/skscla001/experiments/datasets/swagen/audio/common_voice_sw_36330702.wav	ubarikiwe baba 	1
/scratch/skscla001/experiments/datasets/swagen/audio/common_voice_sw_30182125.wav	hifadhi hiyo ilipingwa na wabunge kabla ya hayati magufuli kuiidhinisha 	1
/scratch/skscla001/experiments/datasets/swagen/audio/common_voice_sw_30381808.wav	na safari hii alipata asilimia arobaini na sita nukta sifuri saba 	1
/scratch/skscla001/experiments/datasets/swagen/audio/common_voice_sw_30661149.wav	serikali za kikoloni zilipofanya taratibu za kuwaweka huru 	1
/scratch/skscla001/experiments/datasets/swagen/audio/common_voice_sw_36386619.wav	k wizi uliouwazi kabisa 	1
/scratch/skscla001/experiments/datasets/swagen/audio/common_voice_sw_28681244.wav	pia ni naibu waziri wa wizara ya afya na maendeleo ya jamii 	1
/scratch/skscla001/experiments/datasets/swagen/audio/common_voice_sw_29796840.wav	sheria inayatambua majengo yote yaliyojengwa kabla ya uhuru 	1
/scratch/skscla001/experiments/datasets/swagen/audio/common_voice_sw_29522129.wav	baadaye ilikuwa makao makuu ya utawala wa mesopotamia katika dola la uturuki 	1
/scratch/skscla001/experiments/datasets/swagen/audio/common_voice_sw_30644250.wav	mcgregor amewashangaza wengi kwa kufanikiwa kukusanya dola milioni mia moja themanini 	1
/scratch/skscla001/experiments/datasets/swagen/audio/common_voice_sw_36310638.wav	ni kwamba hata marekani yenyewe itakuwa katika hatihati 	1
/scratch/skscla001/experiments/datasets/swagen/audio/common_voice_sw_35132532.wav	walienda baharini 	1
/scratch/skscla001/experiments/datasets/swagen/audio/common_voice_sw_31410387.wav	kuanzia hapo mambo hayakuendelea kuwa mazuri kwake 	1
/scratch/skscla001/experiments/datasets/swagen/audio/common_voice_sw_28704202.wav	kwa jumla ni vitu vya kudumu miaka mingi 	1
/scratch/skscla001/experiments/datasets/swagen/audio/common_voice_sw_30341808.wav	ujuzi wa mambo unaongezeka kwa kujifunza 	1
/scratch/skscla001/experiments/datasets/swagen/audio/common_voice_sw_30380775.wav	magufuli alijipatia shahada yake ya uzamili 	1
/scratch/skscla001/experiments/datasets/swagen/audio/common_voice_sw_30017185.wav	likiwa na wakazi milioni tatu na laki tano hivi 	1
/scratch/skscla001/experiments/datasets/swagen/audio/common_voice_sw_29961532.wav	kutokana na uchache wao lugha yao imekuwa inaingiliana sana na kipare 	1
/scratch/skscla001/experiments/datasets/swagen/audio/common_voice_sw_28660751.wav	kutegemea na kiwango chake upeo na kusudi 	1
/scratch/skscla001/experiments/datasets/swagen/audio/common_voice_sw_28682624.wav	spishi hizi hula matunda 	1
/scratch/skscla001/experiments/datasets/swagen/audio/common_voice_sw_29897730.wav	kwani palihatarisha uwepo wa kabila kwa siku za baadae 	1
/scratch/skscla001/experiments/datasets/swagen/audio/common_voice_sw_30323794.wav	mwili wa nkrumah ukasafirishwa kutoka bucharest romania kuja mjini conakry 	1
/scratch/skscla001/experiments/datasets/swagen/audio/common_voice_sw_29961341.wav	ni hifadhi kubwa inayochukua ukubwa wa kilomita kadhaa 	1
/scratch/skscla001/experiments/datasets/swagen/audio/common_voice_sw_30142782.wav	alivyoingia kidato cha tano na sita alichukua masomo ya historia jiografia na uchumi 	1
/scratch/skscla001/experiments/datasets/swagen/audio/common_voice_sw_30021720.wav	mifumo inayotokana na vipengele vya maelezo ambavyo hutumiwa katika sekta maalum 	1
/scratch/skscla001/experiments/datasets/swagen/audio/common_voice_sw_30381641.wav	mongolia yalitangaza pia hali ya vita dhidi ya ujerumani na japani 	1
/scratch/skscla001/experiments/datasets/swagen/audio/common_voice_sw_31326289.wav	watoto wanaweza kuacha shule kwa sababu ya kipaji 	1
/scratch/skscla001/experiments/datasets/swagen/audio/common_voice_sw_36319765.wav	kuna siku saba kwa wiki 	1
/scratch/skscla001/experiments/datasets/swagen/audio/common_voice_sw_30327527.wav	mafia ni mahali penye miji ya kale yenye utamaduni wa waswahili 	1
/scratch/skscla001/experiments/datasets/swagen/audio/common_voice_sw_28660710.wav	ajibola alizaliwa mjini mazamaza jimbo la lagos 	1
/scratch/skscla001/experiments/datasets/swagen/audio/common_voice_sw_37100809.wav	aliingia madarakani kupitia chama cha mapinduzi 	1
/scratch/skscla001/experiments/datasets/swagen/audio/common_voice_sw_30471020.wav	lakini pia wananchi hawa huingiza mifugo mingi ndani ya hifadhi 	1
/scratch/skscla001/experiments/datasets/swagen/audio/common_voice_sw_29941625.wav	wengi wa nyumbu hawakuvuka juni kama ilivyo kawaida kutokana na moto uliowashwa porini 	1
/scratch/skscla001/experiments/datasets/swagen/audio/common_voice_sw_36013775.wav	mkate ulinunuliwa jana 	1
/scratch/skscla001/experiments/datasets/swagen/audio/common_voice_sw_29902195.wav	baadae jokate anaangalia nyuma yake na kufurahikia mno yale ambayo ameweza kuyafikia 	1
/scratch/skscla001/experiments/datasets/swagen/audio/common_voice_sw_30019977.wav	uchumi unaokua na wenye mbinu zinazostahili kupaumbele 	1
/scratch/skscla001/experiments/datasets/swagen/audio/common_voice_sw_32211156.wav	nchu huu mara ningii kindrasi hupawa iye hachupawi isi 	1
/scratch/skscla001/experiments/datasets/swagen/audio/common_voice_sw_29935165.wav	vijidudu vya ugonjwa viliunda ukinzani dhidi ya penicillin 	1
/scratch/skscla001/experiments/datasets/swagen/audio/common_voice_sw_32090575.wav	vuso wa mwanangu hutoa majasho 	1
/scratch/skscla001/experiments/datasets/swagen/audio/common_voice_sw_28683328.wav	inaonyesha uwezekano wa jinsi vile mtu ana maambukizi katika koo 	1
/scratch/skscla001/experiments/datasets/swagen/audio/common_voice_sw_36013923.wav	hali ya kushuka kwa theluji bado imeendelea kutikisa nchi mbalimbali na wakati huu marekani 	1
/scratch/skscla001/experiments/datasets/swagen/audio/common_voice_sw_30201031.wav	mungu ampokea akawe miongoni mwa wateule wake huko mbinguni 	1
/scratch/skscla001/experiments/datasets/swagen/audio/common_voice_sw_29904642.wav	ni heshima kubwa pindi mpiganaji anapochaguliwa 	1
/scratch/skscla001/experiments/datasets/swagen/audio/common_voice_sw_28991869.wav	mji mkuu ni cankuzo 	1
/scratch/skscla001/experiments/datasets/swagen/audio/common_voice_sw_29787755.wav	padre paul haule alianza kujisikia vibaya siku ya jumatatu 	1
/scratch/skscla001/experiments/datasets/swagen/audio/common_voice_sw_29797024.wav	waingereza walichukua utawala wa koloni mwaka elfu moja mia tisa na kumi na nane 	1
/scratch/skscla001/experiments/datasets/swagen/audio/common_voice_sw_30008824.wav	donald ngoma na wengine hawachezi katika timu zao lakini ni wafalme wa soka tanzania 	1
/scratch/skscla001/experiments/datasets/swagen/audio/common_voice_sw_29795534.wav	miongoni mwao walikuwemo makuhani na waheshimiwa waaguzi wa arochukwu na jumuiya ya ekpe 	1
/scratch/skscla001/experiments/datasets/swagen/audio/common_voice_sw_30485094.wav	zindiko hilo lilifanyika bagamoyo katika moja ya mashimo 	1
/scratch/skscla001/experiments/datasets/swagen/audio/common_voice_sw_30180542.wav	tanga ilipata bahati kuvipata mapema sana 	1
/scratch/skscla001/experiments/datasets/swagen/audio/common_voice_sw_29943822.wav	aligawa maduka na biashara yao kwa ndugu au wafuasi wa rais 	1
/scratch/skscla001/experiments/datasets/swagen/audio/common_voice_sw_28670201.wav	yapo matoleo mawili ya muziki wa video 	1
/scratch/skscla001/experiments/datasets/swagen/audio/common_voice_sw_29788896.wav	kuna mwendo wa masaa mawili kutoka uwanja wa ndege wa pemba mpaka ngezi 	1
/scratch/skscla001/experiments/datasets/swagen/audio/common_voice_sw_28681042.wav	huishi baharini hasa lakini spishi kadhaa hukaa katika mito na milango yao 	1
/scratch/skscla001/experiments/datasets/swagen/audio/common_voice_sw_37092936.wav	kama mifano inavyoonyesha kupunguza uchafuzi wa hewa kutakuwa 	1
/scratch/skscla001/experiments/datasets/swagen/audio/common_voice_sw_30026681.wav	kwa hiyo ni shughuli ya vizazi na vizazi mpaka leo hii 	1
/scratch/skscla001/experiments/datasets/swagen/audio/common_voice_sw_29754846.wav	video inaendelea na mwishoni 	1
/scratch/skscla001/experiments/datasets/swagen/audio/common_voice_sw_29980291.wav	hifadhi ya taifa kigosi inapatikana mikoa ya kigoma geita na tabora 	1
/scratch/skscla001/experiments/datasets/swagen/audio/common_voice_sw_37096395.wav	vijana na wazee piahapa tutaongelea aina mbili za 	1
/scratch/skscla001/experiments/datasets/swagen/audio/common_voice_sw_29937876.wav	utafiti kwenye kasoko ya maundi umeonyesha ya kwamba uoto wa kilimanjaro ulibadilika 	1
/scratch/skscla001/experiments/datasets/swagen/audio/common_voice_sw_31408401.wav	wengine wakisema madrid ilikuwa imesheheni nyota wa kali 	1
/scratch/skscla001/experiments/datasets/swagen/audio/common_voice_sw_29961287.wav	zilikuwa zimetokana na utu au nafsi yake si cheo chake 	1
/scratch/skscla001/experiments/datasets/swagen/audio/common_voice_sw_29937919.wav	kanuni za kikatiba na mamlaka ya bodi ya sarafu zilieleza 	1
/scratch/skscla001/experiments/datasets/swagen/audio/common_voice_sw_30179981.wav	tangu vita kati ya ufaransa na ujerumani mika mingi iliyopita 	1
/scratch/skscla001/experiments/datasets/swagen/audio/common_voice_sw_37093590.wav	maneno yenye asili ya kiarabu kati ya thelathini hadi asilimia arobaini 	1
/scratch/skscla001/experiments/datasets/swagen/audio/common_voice_sw_35132537.wav	tanakh na pengine deuterokanoni pia haiwezekani kumuelewa 	1
/scratch/skscla001/experiments/datasets/swagen/audio/common_voice_sw_28663323.wav	kufuatana na uainishaji wa lugha kwa ndani zaidi kinyamusa molo iko katika kundi la kibongo bagirmi 	1
/scratch/skscla001/experiments/datasets/swagen/audio/common_voice_sw_35408991.wav	ya chama cha mapinduzi wanaokifahamu chama hicho kwa undani uzoefu wa namna hiyo ni 	1
/scratch/skscla001/experiments/datasets/swagen/audio/common_voice_sw_29977413.wav	shariff aliachiwa baadae kwa hiari ya karume 	1
/scratch/skscla001/experiments/datasets/swagen/audio/common_voice_sw_31321705.wav	wajerumani walipotawala nao walilitumia jengo hili kama ngome yao ya jeshi 	1
/scratch/skscla001/experiments/datasets/swagen/audio/common_voice_sw_28682178.wav	baadhi ya nchi kama vile ujerumani uingereza nakadhalika 	1
/scratch/skscla001/experiments/datasets/swagen/audio/common_voice_sw_37101488.wav	usipo harakisha utabaki nyuma 	1
/scratch/skscla001/experiments/datasets/swagen/audio/common_voice_sw_28691073.wav	saratani ilikuwa imemuenea sana mwilini 	1
/scratch/skscla001/experiments/datasets/swagen/audio/common_voice_sw_31326737.wav	mara nyingi wanatumia bandari ya kigoma ndani ya ziwa tanganyika 	1
/scratch/skscla001/experiments/datasets/swagen/audio/common_voice_sw_30320135.wav	magufuli alianza kuchapa kazi usiku na mchana 	1
/scratch/skscla001/experiments/datasets/swagen/audio/common_voice_sw_29977796.wav	hata hivyo wanauchumi maarufu wa uchumi uliotanda kama vile keynes na joskow 	1
/scratch/skscla001/experiments/datasets/swagen/audio/common_voice_sw_36374797.wav	enkephalini hushikamana nayo ina athari katika mfumo wa 	1
/scratch/skscla001/experiments/datasets/swagen/audio/common_voice_sw_36390743.wav	yetu wa wakati huu anayesema nasi kwa imani isiyozeeka kazi yake 	1
/scratch/skscla001/experiments/datasets/swagen/audio/common_voice_sw_28660854.wav	haki hiyo inahusu mtu binafsi na makundi pia 	1
/scratch/skscla001/experiments/datasets/swagen/audio/common_voice_sw_29963203.wav	hilo refu na kuwapiga risasi watu takribani watano 	1
/scratch/skscla001/experiments/datasets/swagen/audio/common_voice_sw_28814042.wav	utawa mkubwa zaidi ni ule wa wafransisko ambao unaitwa utawa wa tatu wa mt 	1
/scratch/skscla001/experiments/datasets/swagen/audio/common_voice_sw_29945223.wav	kwa wanawake maambukizi hutokea katika urethra uke au mlango wa uzazi 	1
/scratch/skscla001/experiments/datasets/swagen/audio/common_voice_sw_30091060.wav	mambo yote hayo hayaondoi ubora na thamani ya kocha pep 	1
/scratch/skscla001/experiments/datasets/swagen/audio/common_voice_sw_30320397.wav	chifu mkwawa alitumia pango hilo kujificha wakati wa vipita kwenye utawa wa kikoloni 	1
/scratch/skscla001/experiments/datasets/swagen/audio/common_voice_sw_30638509.wav	messi kafanikiwa kuchukua tuzo za ballon dâor mara tano 	1
/scratch/skscla001/experiments/datasets/swagen/audio/common_voice_sw_28670192.wav	ni moja ya vyuo vikuu vingi zaidi nchini marekani 	1
/scratch/skscla001/experiments/datasets/swagen/audio/common_voice_sw_28814453.wav	wadudu barafu wanatokea amerika ya kaskazini na asia ya mashariki juu ya milima 	1
/scratch/skscla001/experiments/datasets/swagen/audio/common_voice_sw_30201314.wav	ndani ya meli ya titanic kulikuwa na wanyama wengi 	1
/scratch/skscla001/experiments/datasets/swagen/audio/common_voice_sw_29856249.wav	amin aliifilisi nchi na kiwango cha maisha kikawa cha chini kabisa 	1
/scratch/skscla001/experiments/datasets/swagen/audio/common_voice_sw_28691214.wav	watu wenye pesa wameanza kujenga nyumba hapa pia 	1
/scratch/skscla001/experiments/datasets/swagen/audio/common_voice_sw_29007036.wav	kufuatana na uainishaji wa lugha kitai ya iko katika kundi la kitai ya kusini magharibi 	1
/scratch/skscla001/experiments/datasets/swagen/audio/common_voice_sw_29419992.wav	kuna kisiwa kikubwa cha madagaska na funguvisiwa mbalimbali 	1
/scratch/skscla001/experiments/datasets/swagen/audio/common_voice_sw_30381043.wav	kupoteza uzito kwa kasi wakati ambapo virusi vya ukimwi vimeshasababisha ugonjwa 	1
/scratch/skscla001/experiments/datasets/swagen/audio/common_voice_sw_31415702.wav	waingereza nao kulitumia kama gereza kuanzia mwaka elfu moja mia tisa kumi na sita 	1
/scratch/skscla001/experiments/datasets/swagen/audio/common_voice_sw_37225206.wav	kwa yakisaidiwa na mji wa kigali na wengine 	1
/scratch/skscla001/experiments/datasets/swagen/audio/common_voice_sw_30342898.wav	tanzania kuna mikoa ambayo imeweka historia kubwa ndani na nje ya mipaka ya tanzania 	1
/scratch/skscla001/experiments/datasets/swagen/audio/common_voice_sw_30661095.wav	wachagga wana historia ndefu ya asili yao na ya maingiliano yao na makabila mengine 	1
/scratch/skscla001/experiments/datasets/swagen/audio/common_voice_sw_29896937.wav	sehemu kubwa ya mkoa ni yenye milima na vilima vilivyogawanywa na mabonde 	1
/scratch/skscla001/experiments/datasets/swagen/audio/common_voice_sw_29899099.wav	nyota huyo anayejivunia mabao ishirini na sita kutokana na michuano ya el clasico 	1
/scratch/skscla001/experiments/datasets/swagen/audio/common_voice_sw_30406685.wav	siku za sikukuu fukwe hizo zinafurika watu mbalimbali wa aina tofauti 	1
/scratch/skscla001/experiments/datasets/swagen/audio/common_voice_sw_29840508.wav	timu inacheza mpira wa pasi nyingi 	1
/scratch/skscla001/experiments/datasets/swagen/audio/common_voice_sw_36386251.wav	wapiganaji wana jukumu la usalama katika jamii 	1
/scratch/skscla001/experiments/datasets/swagen/audio/common_voice_sw_28690003.wav	ni pia mji mkubwa wa pili katika mkoa huu 	1
/scratch/skscla001/experiments/datasets/swagen/audio/common_voice_sw_29593075.wav	mara moja kazi kwenye albamu yake ya kwanza ilianza 	1
/scratch/skscla001/experiments/datasets/swagen/audio/common_voice_sw_30342744.wav	kwa pamoja mienendo hii huongeza hatari ya kupata magonjwa ya zinaa 	1
/scratch/skscla001/experiments/datasets/swagen/audio/common_voice_sw_30016919.wav	mwaka elfu moja mia tatu ishirini wakati wa utawala wa alhassan sulaiman 	1
/scratch/skscla001/experiments/datasets/swagen/audio/common_voice_sw_29941447.wav	uwindaji haramu wanyamapori na ukosefu wa moto ambapo yalikuwa matokeo ya shughuli za binadamu 	1
/scratch/skscla001/experiments/datasets/swagen/audio/common_voice_sw_28735554.wav	pangani ilikuwa mji muhimu katika utamaduni wa waswahili 	1
/scratch/skscla001/experiments/datasets/swagen/audio/common_voice_sw_31306628.wav	ziwa eyasi ni sehemu inayochimbwa chumvi ndani ya tanzania 	1
/scratch/skscla001/experiments/datasets/swagen/audio/common_voice_sw_29902573.wav	baadae kichwa cha hussein kilionekana wakati wa karamu ya kifahari 	1
/scratch/skscla001/experiments/datasets/swagen/audio/common_voice_sw_30179694.wav	mto rufiji umebeba daraja lilounganisha mkoa ya dar es salaam na indi 	1
/scratch/skscla001/experiments/datasets/swagen/audio/common_voice_sw_37225289.wav	mziki wa taarabu kutoka zanzibar huwa na ujumbe wa aina mbalimbali 	1
/scratch/skscla001/experiments/datasets/swagen/audio/common_voice_sw_29994825.wav	kipindi cha nyuma wenzetu waarabu walianza kumpeleka 	1
/scratch/skscla001/experiments/datasets/swagen/audio/common_voice_sw_36045634.wav	alipata ajali na yuko hospitalini 	1
/scratch/skscla001/experiments/datasets/swagen/audio/common_voice_sw_29795256.wav	abeid amani karume alipeleka barua ya kuomba kazi melini 	1
/scratch/skscla001/experiments/datasets/swagen/audio/common_voice_sw_28682656.wav	maisha ya mtu hayana thamani nchini humo 	1
/scratch/skscla001/experiments/datasets/swagen/audio/common_voice_sw_37224720.wav	dakika tatu baadae kuunguruma kwa simu aliyoitupa mezani kulimfanya ageuke kukabiri chumba 	1
/scratch/skscla001/experiments/datasets/swagen/audio/common_voice_sw_28814691.wav	kuna watoto wengi wanaoishi bila wazazi wala familia kwenye barabara za kinshasa 	1
/scratch/skscla001/experiments/datasets/swagen/audio/common_voice_sw_30182949.wav	mnamo tarehe kumi na nne mwezi wa kumi na mbili barcelona ilimsajili messi 	1
/scratch/skscla001/experiments/datasets/swagen/audio/common_voice_sw_29915391.wav	makundi ya kikoo kuwa yana nguvu kila mmoja kwa nafasi yake 	1
/scratch/skscla001/experiments/datasets/swagen/audio/common_voice_sw_29484382.wav	muhammad aliishi miaka kama arobaini bila kuwa na imani ya mungu pekee 	1
/scratch/skscla001/experiments/datasets/swagen/audio/common_voice_sw_31305351.wav	wanawake wengine wanaweza kumdhihaki na kuonyesha kwa haraka kasoro 	1
/scratch/skscla001/experiments/datasets/swagen/audio/common_voice_sw_30735714.wav	ilimfanya awe mmoja wa wanamuziki wa kizazi kipya wanaoheshimika 	1
/scratch/skscla001/experiments/datasets/swagen/audio/common_voice_sw_36375196.wav	kufikiriai kubadilisha katiba nafikiri hilo halitatusaidia katika bara la afrika lakini vile vile 	1
/scratch/skscla001/experiments/datasets/swagen/audio/common_voice_sw_29937758.wav	ngoma za jadi zilipigwa kwa matukio maalum kama kwenye jando au unyago 	1
/scratch/skscla001/experiments/datasets/swagen/audio/common_voice_sw_37083272.wav	ika kampani zangu kutiliamukazo swala la kutilia amani na utulivu 	1
/scratch/skscla001/experiments/datasets/swagen/audio/common_voice_sw_30180373.wav	hali hiyo ilimfanya karume azidi hamu na kutafuta kazi ya ubaharia 	1
/scratch/skscla001/experiments/datasets/swagen/audio/common_voice_sw_30380824.wav	ambayo hujiangua na kuwa larvae na baadaye kutoka kama mbu kamili 	1
/scratch/skscla001/experiments/datasets/swagen/audio/common_voice_sw_36383743.wav	madawa ya kulevya baada ya kuwa yametumiwa na mtu yeyote hupunguza 	1
/scratch/skscla001/experiments/datasets/swagen/audio/common_voice_sw_28663223.wav	alikuwa mchungaji bora wa kundi lake 	1
/scratch/skscla001/experiments/datasets/swagen/audio/common_voice_sw_28690053.wav	yeye kawaida hucheza kwenye nafasi ya katikati 	1
/scratch/skscla001/experiments/datasets/swagen/audio/common_voice_sw_31306591.wav	iliwafanya wakoloni kumlazimisha nyerere kuchagua kati ya siasa na kazi ya ualimu 	1
/scratch/skscla001/experiments/datasets/swagen/audio/common_voice_sw_30201949.wav	wavulana wanakamata wanamshikilia na kumwangusha ngombe mwenye nguvu kwa pembe zake 	1
/scratch/skscla001/experiments/datasets/swagen/audio/common_voice_sw_37086782.wav	iitwayo mbege mbege hutengenezwa kwa kutumia ndizi mbivu maji na uleziaina nyingine ni 	1
/scratch/skscla001/experiments/datasets/swagen/audio/common_voice_sw_31433728.wav	ndani ya misimu mitatu mfululizo mkude amekuwa kati ya wachezaji muhimu ambao wameifanikisha timu 	1
/scratch/skscla001/experiments/datasets/swagen/audio/common_voice_sw_30122310.wav	kilomita za mraba mia moja hamsini na nane ni eneo la maji 	1
/scratch/skscla001/experiments/datasets/swagen/audio/common_voice_sw_37084049.wav	wakili wao mtetezi john dodie mhusenge 	1
/scratch/skscla001/experiments/datasets/swagen/audio/common_voice_sw_30364123.wav	ndani ya kipindi cha miaka sita aliyoichezea newells aliifungia magoli takribani mia tano 	1
/scratch/skscla001/experiments/datasets/swagen/audio/common_voice_sw_30122322.wav	nchini kenya ziwa lina ukubwa wa kilomita za mraba elfu nne na mia moja 	1
/scratch/skscla001/experiments/datasets/swagen/audio/common_voice_sw_30016639.wav	hasa kutoa tafsiri maarufu ya biblia ya kikristo katika lugha ya kijerumani 	1
/scratch/skscla001/experiments/datasets/swagen/audio/common_voice_sw_36944957.wav	namna wachambuzi wa maswala ya kisiasa wanavyosema 	1
/scratch/skscla001/experiments/datasets/swagen/audio/common_voice_sw_29995742.wav	kulinda mifugo dhidi ya wanyama wakali kurudisha mifugo iliyoibiwa au kupotea 	1
/scratch/skscla001/experiments/datasets/swagen/audio/common_voice_sw_29950268.wav	kiasi cha kupelekea malalamiko mengi katika sekta ya elimu afya na nyinginezo 	1
/scratch/skscla001/experiments/datasets/swagen/audio/common_voice_sw_30306439.wav	uhasama mkubwa wa kisiasa kati yake na makada wenzake 	1
/scratch/skscla001/experiments/datasets/swagen/audio/common_voice_sw_36375124.wav	ni hatua ya kimkakati ambayo kufanya biashara na bara la kiswahili 	1
/scratch/skscla001/experiments/datasets/swagen/audio/common_voice_sw_29898406.wav	akaamua kuukabidhi utawala wake kwa mjukuu ambaye 	1
/scratch/skscla001/experiments/datasets/swagen/audio/common_voice_sw_29976849.wav	kutokana na kuwepo kwa mto rufiji karibu na hifadhi hiyo 	1
/scratch/skscla001/experiments/datasets/swagen/audio/common_voice_sw_30016584.wav	wakati wa vita kuu ya kwanza ya dunia 	1
/scratch/skscla001/experiments/datasets/swagen/audio/common_voice_sw_30628910.wav	akiwa uhamishoni amin alifadhili mabaki ya jeshi lake 	1
/scratch/skscla001/experiments/datasets/swagen/audio/common_voice_sw_37091755.wav	mbu wanaweza kusambaza virusi vya ukimwi 	1
/scratch/skscla001/experiments/datasets/swagen/audio/common_voice_sw_30577693.wav	zipo nadharia kadha wa kadha zinazoeleza asili ya wagweno 	1
/scratch/skscla001/experiments/datasets/swagen/audio/common_voice_sw_30057881.wav	hufuga punda ndogowe kwa ajili ya ubebaji mizigo na 	1
/scratch/skscla001/experiments/datasets/swagen/audio/common_voice_sw_29762596.wav	iko kando ya mto rhine 	1
/scratch/skscla001/experiments/datasets/swagen/audio/common_voice_sw_37096500.wav	dawa za kulevya kama vile baklofeni kupunguza utashi na 	1
/scratch/skscla001/experiments/datasets/swagen/audio/common_voice_sw_30132884.wav	kabla ya kuanza kuzungumzia kuhusu hifadhi hii 	1
/scratch/skscla001/experiments/datasets/swagen/audio/common_voice_sw_35684248.wav	na upande wa mashariki katika maeneo ya mara wastani wa mvua kwa mwaka ni 	1
/scratch/skscla001/experiments/datasets/swagen/audio/common_voice_sw_29982936.wav	kuzuia na kudhibiti maambukizi tofauti na magonjwa mengine hatari 	1
/scratch/skscla001/experiments/datasets/swagen/audio/common_voice_sw_36373694.wav	mkwawa aliwahi kusikia mapema habari za wajerumani akajaribu kuwasiliana nao lakini bila kuelewana 	1
/scratch/skscla001/experiments/datasets/swagen/audio/common_voice_sw_30117977.wav	luther aliendelea kutoa mafundisho kwa ajili ya kanisa linalofuata maagizo 	1
/scratch/skscla001/experiments/datasets/swagen/audio/common_voice_sw_37090509.wav	si mwanajumuiya wa bhukango hata ukizaa mapacha ama kashinje mila hii hufanyilabda mpaka 	1
/scratch/skscla001/experiments/datasets/swagen/audio/common_voice_sw_30674993.wav	tanzania imekuwa na mabadiliko kadhaa ya katiba tangu kupata uhuru wake 	1
/scratch/skscla001/experiments/datasets/swagen/audio/common_voice_sw_36373692.wav	lakini ilinyakuliwa mwaka wa elfu moja na mia tisa na tano 	1
/scratch/skscla001/experiments/datasets/swagen/audio/common_voice_sw_29896359.wav	baada ya wajerumani kushindwa na waingereza katika vita kuu ya kwanza ya dunia 	1
/scratch/skscla001/experiments/datasets/swagen/audio/common_voice_sw_28581653.wav	wao ni wadudu mbuai na hula wadudu wengine wadogo kwa mfano 	1
/scratch/skscla001/experiments/datasets/swagen/audio/common_voice_sw_30115449.wav	wenger naye anahesabika kama kocha bora duniani 	1
/scratch/skscla001/experiments/datasets/swagen/audio/common_voice_sw_29754385.wav	uhusiano wetu ulikuwa wa ajabu 	1
/scratch/skscla001/experiments/datasets/swagen/audio/common_voice_sw_29938063.wav	kwenye orodha ya timu tatu tajiri duniani 	1
/scratch/skscla001/experiments/datasets/swagen/audio/common_voice_sw_29000747.wav	matumizi mengine ni wakati wa kutoa mahubiri na mafundisho hata barabarani 	1
/scratch/skscla001/experiments/datasets/swagen/audio/common_voice_sw_30148699.wav	iliyojulikana kwa jina la boshazi maana yake bondei zigua sambaa 	1
/scratch/skscla001/experiments/datasets/swagen/audio/common_voice_sw_30671384.wav	sehemu yenye michoro ya kale ya mapangoni 	1
/scratch/skscla001/experiments/datasets/swagen/audio/common_voice_sw_28582625.wav	mwaka huo ulikuwa mfupi kuliko mwaka wa jua kiasi cha karibu robo siku 	1
/scratch/skscla001/experiments/datasets/swagen/audio/common_voice_sw_29797015.wav	kumekuwa na nadharia mbalimbali na uelewa tofauti tofauti kuhusu chimbuko au chanzo cha ukimwi 	1
/scratch/skscla001/experiments/datasets/swagen/audio/common_voice_sw_30122639.wav	taifa la uingereza halina kikosi bora kwa sasa 	1
/scratch/skscla001/experiments/datasets/swagen/audio/common_voice_sw_36040423.wav	hapo ndio ilibidi nichukue hatua ya kutoroka nyumbani 	1
/scratch/skscla001/experiments/datasets/swagen/audio/common_voice_sw_28684934.wav	kiuchumi matumizi yake siku hizi ni hasa kwa nyama 	1
/scratch/skscla001/experiments/datasets/swagen/audio/common_voice_sw_30380955.wav	lugha tunazofanana sana kimsamiati ni lugha ambazo tumeziacha siku za karibuni sana 	1
/scratch/skscla001/experiments/datasets/swagen/audio/common_voice_sw_36374746.wav	tofauti ya nchi yao athari za kiafya na ni hatua gani zenye matokeo 	1
/scratch/skscla001/experiments/datasets/swagen/audio/common_voice_sw_30515566.wav	wazazi wake wanatakiwa wawe hai na wenye kuheshimika 	1
/scratch/skscla001/experiments/datasets/swagen/audio/common_voice_sw_29905397.wav	kilimo cha waha ni mahindi maharage ndizi kahawa mhogo karanga mbaazi na njegere 	1
/scratch/skscla001/experiments/datasets/swagen/audio/common_voice_sw_29871607.wav	idadi ya watu waliouawa uganda chini ya utawala wake imekadiriwa 	1
/scratch/skscla001/experiments/datasets/swagen/audio/common_voice_sw_36037083.wav	watu hao waliambukizwa virusi vya ukimwi 	1
/scratch/skscla001/experiments/datasets/swagen/audio/common_voice_sw_36067507.wav	wetu aligonga mwamba uliowekwa chini ya maji na 	1
/scratch/skscla001/experiments/datasets/swagen/audio/common_voice_sw_28663292.wav	athira ya kiarabu huonekana katika majengo ya kihistoria hadi leo hii 	1
/scratch/skscla001/experiments/datasets/swagen/audio/common_voice_sw_30629127.wav	sasa wafuasi wake aliowatuma wakamchukue huyo mama wakaenda 	1
/scratch/skscla001/experiments/datasets/swagen/audio/common_voice_sw_30025760.wav	huko ishango jamhuri ya kidemokrasia ya kongo 	1
/scratch/skscla001/experiments/datasets/swagen/audio/common_voice_sw_36381530.wav	wa mkoa wa kilimanjaro huongoza kwa utapiamlo sababu kubwa ni wazazi kujali kazi kuliko 	1
/scratch/skscla001/experiments/datasets/swagen/audio/common_voice_sw_30122288.wav	mwalimu vincent kamoto ni mkuu wa shule hii ya udenye iliyoko wilayani songwe 	1
/scratch/skscla001/experiments/datasets/swagen/audio/common_voice_sw_29995901.wav	gadaffi alipigana kulinda maslahi ya libya 	1
/scratch/skscla001/experiments/datasets/swagen/audio/common_voice_sw_29850308.wav	kenyata alihusishwa na harakati za vita vya msituni 	1
/scratch/skscla001/experiments/datasets/swagen/audio/common_voice_sw_37098705.wav	waliochaguliwa ni hawa 	1
/scratch/skscla001/experiments/datasets/swagen/audio/common_voice_sw_30256101.wav	nyanibah akawa anajibu kwa upole sana 	1
/scratch/skscla001/experiments/datasets/swagen/audio/common_voice_sw_29856726.wav	forodhani ni mashuhuri kwa upishi na uuzaji wa vyakupa vya bahari 	1
/scratch/skscla001/experiments/datasets/swagen/audio/common_voice_sw_29796691.wav	nkrumah alishindwa kurudi katika taifa lake la ghana 	1
/scratch/skscla001/experiments/datasets/swagen/audio/common_voice_sw_30574424.wav	kabla ya kutokea ukame mkubwa sana uliosababisha njaa katika eneo hilo 	1
/scratch/skscla001/experiments/datasets/swagen/audio/common_voice_sw_30000573.wav	ngoma hutumika kuwakaribisha watalii wanapofika kwenye maeneo ya kihistoria 	1
/scratch/skscla001/experiments/datasets/swagen/audio/common_voice_sw_29943402.wav	benjamin mkapa alikuwa ni mwanadiplomasia na mwandishi wa habari aliyebobea 	1
/scratch/skscla001/experiments/datasets/swagen/audio/common_voice_sw_31370571.wav	idadi ya wazanzibari ilikuwa asilimia tatu tu ya watanganyika 	1
/scratch/skscla001/experiments/datasets/swagen/audio/common_voice_sw_29407144.wav	dominiko alipopata habari aliamua kufanya toba kama mkaapweke 	1
/scratch/skscla001/experiments/datasets/swagen/audio/common_voice_sw_30627942.wav	kiliweka historia nchini na afrika katika soka baada ya kuwavua ubingwa miamba wa soka 	1
/scratch/skscla001/experiments/datasets/swagen/audio/common_voice_sw_28662062.wav	kwenye nusu ya kaskazini kuna maziwa mengi 	1
/scratch/skscla001/experiments/datasets/swagen/audio/common_voice_sw_29895831.wav	ukija hapa unalipa shilingi mia nane za kiingilio pamoja na tozo gharama za usafiri 	1
/scratch/skscla001/experiments/datasets/swagen/audio/common_voice_sw_28258551.wav	kwa sasa imekuwa kaunti ya tana river 	1
/scratch/skscla001/experiments/datasets/swagen/audio/common_voice_sw_36389714.wav	wakilisha bara hili katika mashindano ya kombe la dunia 	1
/scratch/skscla001/experiments/datasets/swagen/audio/common_voice_sw_29988531.wav	katika dunia inayojikusanya kwa kiwango kikubwa na kuwa kijiji fikra hizi zimepitwa na wakati 	1
/scratch/skscla001/experiments/datasets/swagen/audio/common_voice_sw_29902528.wav	hata hivyo mabadiliko hayo bado yaliendelea kulalamikiwa kwa kutoweka bayana uwajibikaji wa viongozi 	1
/scratch/skscla001/experiments/datasets/swagen/audio/common_voice_sw_36385828.wav	aliuwawa pia kwa kutetea swala hili imeandikwa kwa kidefu habari hii katika 	1
/scratch/skscla001/experiments/datasets/swagen/audio/common_voice_sw_28673129.wav	mchakato wa mabadiliko haya upo katika hatua za mwisho kukamilika 	1
/scratch/skscla001/experiments/datasets/swagen/audio/common_voice_sw_32210622.wav	nchu akitaka kuanda kunena kwanda huangalia lake 	1
/scratch/skscla001/experiments/datasets/swagen/audio/common_voice_sw_36367239.wav	kawaida mtaani kama sehemu ya kufikia jamii ya tanzania na kuleta mabadiliko mwanafalsafa imeanzisha 	1
/scratch/skscla001/experiments/datasets/swagen/audio/common_voice_sw_30647797.wav	alipangiwa kazi yake ya kwanza ya kichungaji katika kijiji cha niegowiic 	1
/scratch/skscla001/experiments/datasets/swagen/audio/common_voice_sw_37224266.wav	tumeshikana na baba yake 	1
/scratch/skscla001/experiments/datasets/swagen/audio/common_voice_sw_31321475.wav	viungo wanne na washambuliaji wawili 	1
/scratch/skscla001/experiments/datasets/swagen/audio/common_voice_sw_37214464.wav	dokta hussein ali mwinyi alichaguliwa kuwa mgombea wa urais visiwani zanzibar 	1
/scratch/skscla001/experiments/datasets/swagen/audio/common_voice_sw_37085539.wav	balozi salim ahmed salim wakati huo akawa balozi wa zanzibar nchini misri 	1
/scratch/skscla001/experiments/datasets/swagen/audio/common_voice_sw_29323788.wav	ni maarufu kwa ngano zake 	1
/scratch/skscla001/experiments/datasets/swagen/audio/common_voice_sw_30627992.wav	hivyo hudai kuwa ni wasukuma na kusini yao 	1
/scratch/skscla001/experiments/datasets/swagen/audio/common_voice_sw_34390788.wav	kama ambavyo imeelezwa na shirika la habari 	1
/scratch/skscla001/experiments/datasets/swagen/audio/common_voice_sw_31370932.wav	mchanga huo unaohama kwa pamoja kama kifusi kwa zaidi ya miaka kumi na saba 	1
/scratch/skscla001/experiments/datasets/swagen/audio/common_voice_sw_29333345.wav	mamba hupenda kuishi katika maji baridi kama vile maziwa mito ardhi tepe tepe 	1
/scratch/skscla001/experiments/datasets/swagen/audio/common_voice_sw_36381533.wav	ambaye amewasili katika viwanja hivyo vya uhuru 	1
/scratch/skscla001/experiments/datasets/swagen/audio/common_voice_sw_28681684.wav	yote hupunguza gharama za ujenzi 	1
/scratch/skscla001/experiments/datasets/swagen/audio/common_voice_sw_30384776.wav	lilikuwa jaribio la mapinduzi lililoshindwa kwa serikali ya mapinduzi 	1
/scratch/skscla001/experiments/datasets/swagen/audio/common_voice_sw_36807770.wav	mwenye nguvu na uweza ni wewe 	1
/scratch/skscla001/experiments/datasets/swagen/audio/common_voice_sw_28967174.wav	jiji ni kitovu cha uchumi utamaduni na siasa ya nchi 	1
/scratch/skscla001/experiments/datasets/swagen/audio/common_voice_sw_30105480.wav	chama cha mapinduzi kiliweka historia kubwa sana 	1
/scratch/skscla001/experiments/datasets/swagen/audio/common_voice_sw_30021698.wav	inayokamilisha jumla ya halmashauri tisa za mkoa wa morogoro 	1
/scratch/skscla001/experiments/datasets/swagen/audio/common_voice_sw_34890772.wav	ukweli wa injili ya yesu kristo ni habari mbaya kwamba katika karne 	1
/scratch/skscla001/experiments/datasets/swagen/audio/common_voice_sw_36013909.wav	kuwa mtanzania tujivunie kuwa mkenya tujivunie kuwa mu east afrika 	1
/scratch/skscla001/experiments/datasets/swagen/audio/common_voice_sw_36386219.wav	sitashangaa kwamba eeh mataifa haya ya magharibi 	1
/scratch/skscla001/experiments/datasets/swagen/audio/common_voice_sw_30327621.wav	wabantu wenye ujuzi wa kilimo na uhunzi 	1
/scratch/skscla001/experiments/datasets/swagen/audio/common_voice_sw_36013696.wav	kuna wengine viongozi wengine wa kule kule wamechukua sehemu zao wakawa wamejiwekea serikali zao 	1
/scratch/skscla001/experiments/datasets/swagen/audio/common_voice_sw_29961809.wav	anabarikiwa na maneno fulani na kupewa uongozi wa kikundi chake 	1
/scratch/skscla001/experiments/datasets/swagen/audio/common_voice_sw_36311034.wav	uchunguzi wao ulilenga zaidi kuandika mambo mengi kuhusu karne ya ishirini 	1
/scratch/skscla001/experiments/datasets/swagen/audio/common_voice_sw_34762937.wav	katika maisha lazima watu wawe wanafanya mazoezi kwa bidii 	1
/scratch/skscla001/experiments/datasets/swagen/audio/common_voice_sw_36945173.wav	uhuum lipi lingine kwa ufupi tu ni kuhusiana na kutajwa kwa mwana 	1
/scratch/skscla001/experiments/datasets/swagen/audio/common_voice_sw_30376108.wav	msemaji wa chama tawala cha uganda alizungumzia kauli ya chavez 	1
/scratch/skscla001/experiments/datasets/swagen/audio/common_voice_sw_29815988.wav	maafisa wa uganda watachukua hatua za kidiplomasia 	1
/scratch/skscla001/experiments/datasets/swagen/audio/common_voice_sw_28670315.wav	jike ni mkubwa kidogo kuliko dume lakini dume ana pembe fupi na nyembamba 	1
/scratch/skscla001/experiments/datasets/swagen/audio/common_voice_sw_29896178.wav	tunakokwenda najua kabisa akina mama watakuwa na nguvu kuliko akina baba 	1
/scratch/skscla001/experiments/datasets/swagen/audio/common_voice_sw_31409242.wav	amekuwa kiongozi bora kwa kila mtu hapa nchini 	1
/scratch/skscla001/experiments/datasets/swagen/audio/common_voice_sw_30582837.wav	kusimamia na kudhibiti mabenki na taasisi za fedha 	1
/scratch/skscla001/experiments/datasets/swagen/audio/common_voice_sw_29926830.wav	alisoma pia chuo kikuu cha pennsylvania 	1
/scratch/skscla001/experiments/datasets/swagen/audio/common_voice_sw_29025480.wav	katika liturujia wanatajwa pia kama watakatifu andrea dũng lạc na wenzake 	1
/scratch/skscla001/experiments/datasets/swagen/audio/common_voice_sw_36373756.wav	ifika katika ofisi ya gazeti hilo hapo jana nakumkamata bwana 	1
/scratch/skscla001/experiments/datasets/swagen/audio/common_voice_sw_29937887.wav	allofs alishinda tuzo ya kiatu cha mfungaji bora 	1
/scratch/skscla001/experiments/datasets/swagen/audio/common_voice_sw_30025907.wav	zanzibar inaongozwa na serikali ya mapinduzi 	1
/scratch/skscla001/experiments/datasets/swagen/audio/common_voice_sw_30419920.wav	ilikuwa ni kukumbatia sera za kiuchumi za shirika la fedha la kimataifa 	1
/scratch/skscla001/experiments/datasets/swagen/audio/common_voice_sw_30202010.wav	mkwawa aliongoza kabila la wahehe kupambana dhidi ya wajerumani 	1
/scratch/skscla001/experiments/datasets/swagen/audio/common_voice_sw_29915168.wav	jiji la dar es salaam lilikua haraka na kumeza vijiji vingi vya wazaramo 	1
/scratch/skscla001/experiments/datasets/swagen/audio/common_voice_sw_29623344.wav	jina hilo linatokana na neno la kwanza la wimbo huo katika tafsiri ya kilatini 	1
/scratch/skscla001/experiments/datasets/swagen/audio/common_voice_sw_30631226.wav	sir alex ferguson anaenda uwanjani kutazama mechi 	1
/scratch/skscla001/experiments/datasets/swagen/audio/common_voice_sw_29795930.wav	si mataifa yote yalikubaliana na matakwa ya uingereza ya kukomesha biashara ya utumwa 	1
/scratch/skscla001/experiments/datasets/swagen/audio/common_voice_sw_37225199.wav	kuna ujumbe ambao rais samia ameutoa katika siku zake mia moja za kwanza 	1
/scratch/skscla001/experiments/datasets/swagen/audio/common_voice_sw_30008769.wav	kituo cha kudhibiti na kuzuia magonjwa kiliunda misemo mbalimbali 	1
/scratch/skscla001/experiments/datasets/swagen/audio/common_voice_sw_36382131.wav	kusema lolote alilohisi ni haki yake kulitamka gaddafi alikuwa mtu aliyejivunia kuwa yeye na 	1
/scratch/skscla001/experiments/datasets/swagen/audio/common_voice_sw_36944792.wav	wanaona tu niupuzi lakini kwa uhakika u 	1
/scratch/skscla001/experiments/datasets/swagen/audio/common_voice_sw_28980440.wav	alijifunza uhandisi huko frankfurt na baadaye chuo kikuu cha munich 	1
/scratch/skscla001/experiments/datasets/swagen/audio/common_voice_sw_29996953.wav	kuna ulazima wa kuwepo mawasiliano kuweza kufahamu kama huduma hiyo ipo au haipo 	1
/scratch/skscla001/experiments/datasets/swagen/audio/common_voice_sw_36385141.wav	ndiyo maana mzee makame alikufa akiuangalia mlango wa chumbani 	1
/scratch/skscla001/experiments/datasets/swagen/audio/common_voice_sw_37229932.wav	mashuka ni vitambaa vinavyozungushwa mwilini juu ya kila bega kisha ya tatu juu yao 	1
/scratch/skscla001/experiments/datasets/swagen/audio/common_voice_sw_28876709.wav	pamoja vyumba viwili vya sheria hufanya mwili maamuzi nchini nigeria kinachoitwa bunge 	1
/scratch/skscla001/experiments/datasets/swagen/audio/common_voice_sw_30182305.wav	wajerumani walikataa habari za fuvu hili na waingereza waliamua ya kwamba ilishindikana kulipata 	1
/scratch/skscla001/experiments/datasets/swagen/audio/common_voice_sw_29994676.wav	ziwa victoria limegawanyika katika nchi tatu tanzania kenya na uganda 	1
/scratch/skscla001/experiments/datasets/swagen/audio/common_voice_sw_31306456.wav	kwa kifupi hataweza kutofautisha kama ni kitu cha kawaida au ni hatari 	1
/scratch/skscla001/experiments/datasets/swagen/audio/common_voice_sw_30582978.wav	sasa katika makabila yote haya waingereza waliyoyakuta tanga 	1
/scratch/skscla001/experiments/datasets/swagen/audio/common_voice_sw_30675003.wav	chakula hiki huandaliwa siku ya ijumaa jioni hadi jumapili jioni 	1
/scratch/skscla001/experiments/datasets/swagen/audio/common_voice_sw_28921850.wav	makao makuu ya eneo hilo ni koun fao 	1
/scratch/skscla001/experiments/datasets/swagen/audio/common_voice_sw_30634784.wav	pombe za kienyeji kama ulanzi ili mtoto asisumbue 	1
/scratch/skscla001/experiments/datasets/swagen/audio/common_voice_sw_36331449.wav	watu wanarudia matokeo ya vipimo kila maada ya miezi mitatu 	1
/scratch/skscla001/experiments/datasets/swagen/audio/common_voice_sw_29573648.wav	meno ya tembo ni tofauti sana na yale ya mamalia wengine 	1
/scratch/skscla001/experiments/datasets/swagen/audio/common_voice_sw_30657073.wav	wakati kaka zao wadogo wanakaribia katika rika lao 	1
/scratch/skscla001/experiments/datasets/swagen/audio/common_voice_sw_31306038.wav	wazigula hupewa jina litakalotumika wakati na baada ya ndoa 	1
/scratch/skscla001/experiments/datasets/swagen/audio/common_voice_sw_29864980.wav	mwelekeo wa kikomunisti wa baadhi ya viongozi 	1
/scratch/skscla001/experiments/datasets/swagen/audio/common_voice_sw_30201722.wav	kobe ni mnyama jamii ya reptilia ambaye kwa kumtazama tu lazima ujiulize maswali mengi 	1
/scratch/skscla001/experiments/datasets/swagen/audio/common_voice_sw_30321898.wav	shughuli hizi za ufugaji wa vipepeo zimeanzishwa zikiwa na viwango mbalimbali 	1
/scratch/skscla001/experiments/datasets/swagen/audio/common_voice_sw_30582848.wav	mfano taifa la algeria linauza mapiapa mengi sana 	1
/scratch/skscla001/experiments/datasets/swagen/audio/common_voice_sw_36389216.wav	ambayo ndio msingi mkuu wa uchumi wa buluu 	1
/scratch/skscla001/experiments/datasets/swagen/audio/common_voice_sw_29787886.wav	kwa hiyo allaah subhaanahu wa taala akawa anawaita kwa jina la bani israaiyl 	1
/scratch/skscla001/experiments/datasets/swagen/audio/common_voice_sw_37229973.wav	walimu shuleni walizungumzia tatizo hilo kijuujuu tu 	1
/scratch/skscla001/experiments/datasets/swagen/audio/common_voice_sw_36331603.wav	na roma ya kale waberber walisimama upande wa 	1
/scratch/skscla001/experiments/datasets/swagen/audio/common_voice_sw_28670628.wav	muda wa mwezi unategemea aina ya kalenda inayotumika 	1
/scratch/skscla001/experiments/datasets/swagen/audio/common_voice_sw_36318717.wav	ujeruhi wengine mia moja na thelathini 	1
/scratch/skscla001/experiments/datasets/swagen/audio/common_voice_sw_31306219.wav	rhodesia ilikuwa na uhusiano wa kijeshi na utawala wa idi amin 	1
/scratch/skscla001/experiments/datasets/swagen/audio/common_voice_sw_29795530.wav	zaidi ya elfu thelathini kwa eneo lake zima 	1
/scratch/skscla001/experiments/datasets/swagen/audio/common_voice_sw_30677287.wav	tangu mwaka wa elfu mbili na mbili barabara ya lami 	1
/scratch/skscla001/experiments/datasets/swagen/audio/common_voice_sw_36375164.wav	alianguka chini 	1
/scratch/skscla001/experiments/datasets/swagen/audio/common_voice_sw_29422564.wav	imekuwa pia mila ya pekee kwenye kisiwa cha pemba tanzania 	1
/scratch/skscla001/experiments/datasets/swagen/audio/common_voice_sw_36388637.wav	profesa joseph semboja pia ni mtafiti mwandamizi kutoka taasisi ya uongozi 	1
/scratch/skscla001/experiments/datasets/swagen/audio/common_voice_sw_29960796.wav	mkopo huo ulikusudiwa kwenda kusaidia upatikanaji wa elimu bora kwa wanafunzi 	1
/scratch/skscla001/experiments/datasets/swagen/audio/common_voice_sw_30631338.wav	watu wengi maarufu wanakuja kutembea tanzania 	1
/scratch/skscla001/experiments/datasets/swagen/audio/common_voice_sw_36382163.wav	kutumia mawasiliano hayo yaliyokuwepo tayari watu wa mediteraneo 	1
/scratch/skscla001/experiments/datasets/swagen/audio/common_voice_sw_30381963.wav	alichagua jina la kaiser na lilitumika hadi tanzania ilipoundwa 	1
/scratch/skscla001/experiments/datasets/swagen/audio/common_voice_sw_28581556.wav	munich iliona kipindi cha vuguvugu ya mapinduzi 	1
/scratch/skscla001/experiments/datasets/swagen/audio/common_voice_sw_36945265.wav	kukuletea makala haya ni mimi mtayarishaji na mtangazaji wako 	1
/scratch/skscla001/experiments/datasets/swagen/audio/common_voice_sw_30364201.wav	ili kuifanya bandari hii kuwa moja ya bandari muhimu barani afrika 	1
/scratch/skscla001/experiments/datasets/swagen/audio/common_voice_sw_28673101.wav	maharagwe huwa na kiasi kikubwa cha protini 	1
/scratch/skscla001/experiments/datasets/swagen/audio/common_voice_sw_36255575.wav	kwamba sasa walau hata kuna mjadala kuhusu chato inafaa au haifai kuwa mkoa 	1
/scratch/skscla001/experiments/datasets/swagen/audio/common_voice_sw_30200641.wav	nchi nyingi za afrika na duniani zilipata uhuru wake kwa silaha 	1
/scratch/skscla001/experiments/datasets/swagen/audio/common_voice_sw_29639516.wav	kwa sasa anaishi uingereza 	1
/scratch/skscla001/experiments/datasets/swagen/audio/common_voice_sw_30142059.wav	wakafanikiwa kuibuka na kikombe kwa kuipiga ivory coast 	1
/scratch/skscla001/experiments/datasets/swagen/audio/common_voice_sw_29904643.wav	machozi na vilio vilitanda nchi mzima 	1
/scratch/skscla001/experiments/datasets/swagen/audio/common_voice_sw_36381226.wav	mfumo wa elimu hauko sawa kwa wote 	1
/scratch/skscla001/experiments/datasets/swagen/audio/common_voice_sw_36319128.wav	iliyobaki duniani inaweza kuwa na miti hii 	1
/scratch/skscla001/experiments/datasets/swagen/audio/common_voice_sw_30024874.wav	pia hifadhi hizo zinashika nafasi za juu afrika na duniani 	1
/scratch/skscla001/experiments/datasets/swagen/audio/common_voice_sw_29896831.wav	mtu yeyote anapofanya mazoezi huwa huimarisha mwili wake 	1
/scratch/skscla001/experiments/datasets/swagen/audio/common_voice_sw_30577568.wav	mwaka elfu mbili na tano kitulo likatangazwa kuwa hifadhi ya taifa 	1
/scratch/skscla001/experiments/datasets/swagen/audio/common_voice_sw_28999175.wav	tena ndiye wa kwanza kutangazwa na papa 	1
/scratch/skscla001/experiments/datasets/swagen/audio/common_voice_sw_30114392.wav	sauti ambazo zilikuwa hazipewi kipaumbele kwa muda mrefu 	1
/scratch/skscla001/experiments/datasets/swagen/audio/common_voice_sw_28694322.wav	baada ya kufika mkoani morogoro ndipo akaanza masomo yake ya awali 	1
/scratch/skscla001/experiments/datasets/swagen/audio/common_voice_sw_34751050.wav	basi ni fursa yao nikushukuru sana edwin david 	1
/scratch/skscla001/experiments/datasets/swagen/audio/common_voice_sw_28735840.wav	mashirika yasiyo ya kiserikali yako kwenye ngazi ya miji maeneo kitaifa na kimataifa 	1
/scratch/skscla001/experiments/datasets/swagen/audio/common_voice_sw_29936391.wav	rais yoweri museveni wa uganda alitangaza mikakati kumi na moja 	1
/scratch/skscla001/experiments/datasets/swagen/audio/common_voice_sw_29788177.wav	ni milionea tajika afrika akizaliwa visiwani zanzibar tanzania 	1
/scratch/skscla001/experiments/datasets/swagen/audio/common_voice_sw_30021461.wav	mbali na filamu hiyo kuna filamu takribani kumi na moja 	1
/scratch/skscla001/experiments/datasets/swagen/audio/common_voice_sw_37099498.wav	hapakuwa na kitu zaidi ya kusafirisha watu waliobaki 	1
/scratch/skscla001/experiments/datasets/swagen/audio/common_voice_sw_31286593.wav	alipewa jina la mama yake mzazi 	1
/scratch/skscla001/experiments/datasets/swagen/audio/common_voice_sw_30181401.wav	wakati wa miaka yake mitano madarakani 	1
/scratch/skscla001/experiments/datasets/swagen/audio/common_voice_sw_30635703.wav	hifadhi ya ngorongoro inashika nafasi ya nane 	1
/scratch/skscla001/experiments/datasets/swagen/audio/common_voice_sw_30201827.wav	kila ukoo ulikuwa na kitu walichokatazwa kula omuziro 	1
/scratch/skscla001/experiments/datasets/swagen/audio/common_voice_sw_35410987.wav	shinikizo la seljuks na mongols baadhi ya waturuki 	1
/scratch/skscla001/experiments/datasets/swagen/audio/common_voice_sw_30378936.wav	maneno hayo yanapatikana kwenye maktaba ya redio tanzania 	1
/scratch/skscla001/experiments/datasets/swagen/audio/common_voice_sw_30629032.wav	samia alijiunga na shule ya sekondari ngambo na lumumba unguja 	1
/scratch/skscla001/experiments/datasets/swagen/audio/common_voice_sw_29898552.wav	soka la china linahitaji mwalimu kama pep guardiola 	1
/scratch/skscla001/experiments/datasets/swagen/audio/common_voice_sw_29866873.wav	kwa sasa wamasai wengi wamekuwa wakristu na kiwango kidogo waislamu 	1
/scratch/skscla001/experiments/datasets/swagen/audio/common_voice_sw_37225982.wav	yesu kafa msalaba yahwe ili mimi niokolewe 	1
/scratch/skscla001/experiments/datasets/swagen/audio/common_voice_sw_36381714.wav	kwa ufanisi rasilimali za usafiri waendeshaji wa 	1
/scratch/skscla001/experiments/datasets/swagen/audio/common_voice_sw_29987560.wav	kilikuwa tayari chama cha siasa kinachoongoza tanganyika 	1
/scratch/skscla001/experiments/datasets/swagen/audio/common_voice_sw_30419879.wav	msamaha huo ulitolewa muda mfupi kabla ya nchi hiyo kupata uhuru 	1
/scratch/skscla001/experiments/datasets/swagen/audio/common_voice_sw_29593678.wav	lakini je hiari yetu ni kamili 	1
/scratch/skscla001/experiments/datasets/swagen/audio/common_voice_sw_29936976.wav	adolf anasema hilo sio tatizo kubwa kwa sababu hakuna anayemdhuru mgeni 	1
/scratch/skscla001/experiments/datasets/swagen/audio/common_voice_sw_36385707.wav	mkazi mwengine wa mtaa huo 	1
/scratch/skscla001/experiments/datasets/swagen/audio/common_voice_sw_29937127.wav	kusababisha zaidi ya watu elfu moja kupoteza maisha katika meli hiyo 	1
/scratch/skscla001/experiments/datasets/swagen/audio/common_voice_sw_28582433.wav	mipaka mingine ni ya ghuba ya uajemi 	1
/scratch/skscla001/experiments/datasets/swagen/audio/common_voice_sw_30633153.wav	kocha wa timu ya taifa alikuwa mbrazil 	1
/scratch/skscla001/experiments/datasets/swagen/audio/common_voice_sw_30671690.wav	hutoweka maeneo hayo na hata mtoto pia hujihami kwa kuingia katika mfuko 	1
/scratch/skscla001/experiments/datasets/swagen/audio/common_voice_sw_29955982.wav	mwanzoni mtoto huyo wa mchungaji aliajiriwa kama mwalimu 	1
/scratch/skscla001/experiments/datasets/swagen/audio/common_voice_sw_29421692.wav	wengi pia ni wakristo 	1
/scratch/skscla001/experiments/datasets/swagen/audio/common_voice_sw_30180212.wav	jimbo ambalo linashiriki mpaka na uganda 	1
/scratch/skscla001/experiments/datasets/swagen/audio/common_voice_sw_30233640.wav	lilikuwa ni la anglikana ambalo kwa asili ni la uingereza 	1
/scratch/skscla001/experiments/datasets/swagen/audio/common_voice_sw_30079786.wav	kiharusi ni ugonjwa wa dharura na hatari 	1
/scratch/skscla001/experiments/datasets/swagen/audio/common_voice_sw_29898553.wav	ufundi na usanifu majengo katika mji huu mkongwe ulitokana na pande hizo nne zilizo 	1
/scratch/skscla001/experiments/datasets/swagen/audio/common_voice_sw_28691046.wav	pwani zake ni za argentina upande wa kaskazini na chile upande wa kusini 	1
/scratch/skscla001/experiments/datasets/swagen/audio/common_voice_sw_32091091.wav	nkipacha senthi thanunuva mabita niyee 	1
/scratch/skscla001/experiments/datasets/swagen/audio/common_voice_sw_31370831.wav	kwa kiasi fulani ukomeshaji wa biashara ya utumwa ulikuwa unamanufaa ya kiuchumi kwao 	1
/scratch/skscla001/experiments/datasets/swagen/audio/common_voice_sw_29927111.wav	umaarufu unakuwa kutokana na wingi wa wageni wanaotokea nje ya nchi 	1
/scratch/skscla001/experiments/datasets/swagen/audio/common_voice_sw_29787860.wav	yanathamani kubwa na hayapatikani mahali popote duniani 	1
/scratch/skscla001/experiments/datasets/swagen/audio/common_voice_sw_34392354.wav	duniani alikuwa myahudi farisayo mzaliwa wa tarso mji wa kilikia 	1
/scratch/skscla001/experiments/datasets/swagen/audio/common_voice_sw_29226464.wav	kata hiyo ina shule za msingi nyingi 	1
/scratch/skscla001/experiments/datasets/swagen/audio/common_voice_sw_36945667.wav	huu wimbo ni wangu peke yangu 	1
/scratch/skscla001/experiments/datasets/swagen/audio/common_voice_sw_36375247.wav	na zinapuuza hata shinikizo ya la kimataifa 	1
/scratch/skscla001/experiments/datasets/swagen/audio/common_voice_sw_35411156.wav	hadithi zinaweza kuelimisha na kuhamasisha watazamaji 	1
/scratch/skscla001/experiments/datasets/swagen/audio/common_voice_sw_30630892.wav	kimsingi kuna sekta kumi na mbili za kabila la wamasai 	1
/scratch/skscla001/experiments/datasets/swagen/audio/common_voice_sw_36389519.wav	yameingia katika siku ya nne hii leo 	1
/scratch/skscla001/experiments/datasets/swagen/audio/common_voice_sw_31370496.wav	wanaamini kuwa siyo kila mtu atafika katika ulimwengu mpya 	1
/scratch/skscla001/experiments/datasets/swagen/audio/common_voice_sw_29979547.wav	brazil iliweka historia ya kushinda kombe la ubingwa wa dunia kwa mara ya nne 	1
/scratch/skscla001/experiments/datasets/swagen/audio/common_voice_sw_28662053.wav	huyu ni mke wa kwanza wa mzee kizito 	1
/scratch/skscla001/experiments/datasets/swagen/audio/common_voice_sw_30384650.wav	asilimia tisini na tano ya watu 	1
/scratch/skscla001/experiments/datasets/swagen/audio/common_voice_sw_36387987.wav	mlima huo uliopo mkoani kilimanjaro unatofautiana 	1
/scratch/skscla001/experiments/datasets/swagen/audio/common_voice_sw_30180213.wav	utawala wetu umekuwa na utaratibu tofauti na zilivyo nchi zingine 	1
/scratch/skscla001/experiments/datasets/swagen/audio/common_voice_sw_28879135.wav	mtu huwa na halijoto tofauti na mazingira yake hivyo anaonekana pia katika giza 	1
/scratch/skscla001/experiments/datasets/swagen/audio/common_voice_sw_30341807.wav	wale wenye mamlaka ya kuleta matokeo chanya katika kuboresha hali ya usafiri majini 	1
/scratch/skscla001/experiments/datasets/swagen/audio/common_voice_sw_30117363.wav	hata hivyo hakuvunjika moyo na hakurudi mwera kwa mama yake 	1
/scratch/skscla001/experiments/datasets/swagen/audio/common_voice_sw_30021117.wav	mjadala wa nani bora kati ya pele na maradona ufungwe kwa wote kupewa heshima 	1
/scratch/skscla001/experiments/datasets/swagen/audio/common_voice_sw_36390197.wav	kioo kimeletwa 	1
/scratch/skscla001/experiments/datasets/swagen/audio/common_voice_sw_36067213.wav	lakini kanuni hii ilisitishwa baadayekidogo 	1
/scratch/skscla001/experiments/datasets/swagen/audio/common_voice_sw_29935979.wav	wabantu walianza biashara na waarabu waliokuja afrika ya mashariki 	1
/scratch/skscla001/experiments/datasets/swagen/audio/common_voice_sw_30342648.wav	kuna urefu wa kilomita elfu moja mia tatu na sabini 	1
/scratch/skscla001/experiments/datasets/swagen/audio/common_voice_sw_36945554.wav	hivyo kuwa kivutio kikubwa kwa wapanda milima kutoka kila pande za dunia 	1
/scratch/skscla001/experiments/datasets/swagen/audio/common_voice_sw_36382162.wav	mwaka huu tarehe thelathini na moja mwezi wa kumi 	1
/scratch/skscla001/experiments/datasets/swagen/audio/common_voice_sw_28875824.wav	karibu na ncha za dunia ziko pia ncha sumaku za kaskazini na kusini 	1
/scratch/skscla001/experiments/datasets/swagen/audio/common_voice_sw_29795460.wav	bila kuisahau wilaya ya momba inayokamilisha jumla ya wilaya nne za mkoa wa songwe 	1
/scratch/skscla001/experiments/datasets/swagen/audio/common_voice_sw_29836474.wav	nyerere alikufa akiwa katika matibabu nchini uingereza 	1
/scratch/skscla001/experiments/datasets/swagen/audio/common_voice_sw_30635728.wav	mourinho ni kocha asiyekubali kushindwa kirahisi 	1
/scratch/skscla001/experiments/datasets/swagen/audio/common_voice_sw_29963961.wav	hii inafanya kilele chake kuwa mita elfu tano mia nane tisini na tano 	1
/scratch/skscla001/experiments/datasets/swagen/audio/common_voice_sw_30582812.wav	mwinyi alikuwa kiongozi mpenda amani sana 	1
/scratch/skscla001/experiments/datasets/swagen/audio/common_voice_sw_30577843.wav	alikuwa mmoja wa washitakiwa zaidi ya nia moja 	1
/scratch/skscla001/experiments/datasets/swagen/audio/common_voice_sw_29941733.wav	ukatoliki uliingia upareni kwa mara ya kwanza 	1
/scratch/skscla001/experiments/datasets/swagen/audio/common_voice_sw_29946992.wav	tuwakumbushe hawa watu wasione aibu kujitokeza na kuwa na mchango wao 	1
/scratch/skscla001/experiments/datasets/swagen/audio/common_voice_sw_34392047.wav	kulipa dola za kimarekani elfu mbili na mia nne machi mwaka elfu mbili 	1
/scratch/skscla001/experiments/datasets/swagen/audio/common_voice_sw_37084062.wav	kambini kwetu ingawa kukata eneo lenye mchanga 	1
/scratch/skscla001/experiments/datasets/swagen/audio/common_voice_sw_30002551.wav	kwanza ziwa hili ni chanzo cha mito kadhaa barani afrika 	1
/scratch/skscla001/experiments/datasets/swagen/audio/common_voice_sw_30091301.wav	rufaa zote zikawa kwa rais karume pekee 	1
/scratch/skscla001/experiments/datasets/swagen/audio/common_voice_sw_29936411.wav	pep na jose mourinho wote ni washindani 	1
/scratch/skscla001/experiments/datasets/swagen/audio/common_voice_sw_37096752.wav	uchumi wa buluu ni kati ya maeneo yanayoangaliwa kwa jicho la kipekee 	1
/scratch/skscla001/experiments/datasets/swagen/audio/common_voice_sw_34762875.wav	warieri wakine wasweta na waganjo wagire wakiseru wakamageta na waturi 	1
/scratch/skscla001/experiments/datasets/swagen/audio/common_voice_sw_35224115.wav	ni ziara iliyokuwa na mafanikio makubwa kwa 	1
/scratch/skscla001/experiments/datasets/swagen/audio/common_voice_sw_36382109.wav	jopo la wataalamu linafanya majadiliano yaende vizuri sana 	1
/scratch/skscla001/experiments/datasets/swagen/audio/common_voice_sw_36386214.wav	hadi mwaka elfumoja miasaba themanini na tatu 	1
/scratch/skscla001/experiments/datasets/swagen/audio/common_voice_sw_30650337.wav	shughuli za kufanya hifadhini saanane ni pamoja na kuangalia wanyama 	1
/scratch/skscla001/experiments/datasets/swagen/audio/common_voice_sw_30019890.wav	rais magufuli alifariki dunia mwezi machi 	1
/scratch/skscla001/experiments/datasets/swagen/audio/common_voice_sw_30365263.wav	jumuiya ya uchumi ya nchi za magharibi mwa afrika 	1
/scratch/skscla001/experiments/datasets/swagen/audio/common_voice_sw_29796560.wav	vadongwe wao waliishi kando ya milima ya uhambingeto 	1
/scratch/skscla001/experiments/datasets/swagen/audio/common_voice_sw_30025433.wav	mnamo elfu mbili na nne migahawa miwili ya kwanza ya mtandao ilifunguliwa 	1
/scratch/skscla001/experiments/datasets/swagen/audio/common_voice_sw_36387321.wav	ili mwanaume pia apendezewe na mke wake ndani ya nyumba 	1
/scratch/skscla001/experiments/datasets/swagen/audio/common_voice_sw_30657071.wav	mlima yamba na milima ya yaruvano mwisho kabia ni mlima zumbu 	1
/scratch/skscla001/experiments/datasets/swagen/audio/common_voice_sw_29939137.wav	mnyama aliyewahi kuwa kwenye hatari ya kupotea kutokana na ujangili 	1
/scratch/skscla001/experiments/datasets/swagen/audio/common_voice_sw_29974204.wav	maporomoko ya maji milima na mabonde vianpatikana ndani ya kitulo 	1
/scratch/skscla001/experiments/datasets/swagen/audio/common_voice_sw_29926922.wav	cameroon waliibuka washindi wa kombe nchini morocco 	1
/scratch/skscla001/experiments/datasets/swagen/audio/common_voice_sw_30020917.wav	sheria hizi zilithibitishwa na baraza la mapinduzi zanzibar 	1
/scratch/skscla001/experiments/datasets/swagen/audio/common_voice_sw_31329059.wav	tanganyika na zanzibar ziliunda jamhuri ya muungano wa tanzania 	1
/scratch/skscla001/experiments/datasets/swagen/audio/common_voice_sw_30182950.wav	kwa sababu waliiishi katika nchi zilizotunga sheria za kuwabana wakimbizi 	1
/scratch/skscla001/experiments/datasets/swagen/audio/common_voice_sw_36310767.wav	ulinifia mwokozi wangu 	1
/scratch/skscla001/experiments/datasets/swagen/audio/common_voice_sw_36252906.wav	ini haikuwa bahati yake kama unavyofahamu kifo 	1
/scratch/skscla001/experiments/datasets/swagen/audio/common_voice_sw_28878010.wav	kwa hiyo ni sehemu ya mmea iliyopo juu ya ardhi 	1
/scratch/skscla001/experiments/datasets/swagen/audio/common_voice_sw_36382311.wav	nauliza maswali mengi sana 	1
/scratch/skscla001/experiments/datasets/swagen/audio/common_voice_sw_28681021.wav	moja yake ni ukumbi wa zamani wa upasuaji katika london 	1
/scratch/skscla001/experiments/datasets/swagen/audio/common_voice_sw_29869255.wav	mwanawe amin hussein alisema babake alizaliwa kampala 	1
/scratch/skscla001/experiments/datasets/swagen/audio/common_voice_sw_30326928.wav	walitangaza marufuku kwa watu weusi kwenda shule 	1
/scratch/skscla001/experiments/datasets/swagen/audio/common_voice_sw_37225464.wav	nikutakie kila la heri katika siku hii ya leo 	1
/scratch/skscla001/experiments/datasets/swagen/audio/common_voice_sw_30203825.wav	tarehe kumi mwezi wa kumi na mbili 	1
/scratch/skscla001/experiments/datasets/swagen/audio/common_voice_sw_29896063.wav	vilele vya juu ni mlima mtingire na mlima kimhandu 	1
/scratch/skscla001/experiments/datasets/swagen/audio/common_voice_sw_34390951.wav	za viungo kama ngozi zilikuwa zikiiuzwa kongo kwa ajili ya matumizi ya dawa za 	1
/scratch/skscla001/experiments/datasets/swagen/audio/common_voice_sw_30380406.wav	sekta nyingine ambazo huchangia kwenye uchumi wa mkoa ni za mifugo na madini 	1
/scratch/skscla001/experiments/datasets/swagen/audio/common_voice_sw_30574587.wav	alipoandaa mkutano mkubwa wa chama chake uliozibadili 	1
/scratch/skscla001/experiments/datasets/swagen/audio/common_voice_sw_30671922.wav	ingawa ardhi ni msingi wa maendeleo kwa watu wote 	1
/scratch/skscla001/experiments/datasets/swagen/audio/common_voice_sw_28681010.wav	majengo mbalimbali ya kale ni ishara ya historia ndefu ya mji huu 	1
/scratch/skscla001/experiments/datasets/swagen/audio/common_voice_sw_30574765.wav	mamlaka za usalama zilimshauri mwalimu kufuta ziara zake visiwani 	1
/scratch/skscla001/experiments/datasets/swagen/audio/common_voice_sw_30364125.wav	mourinho alipeleka soka la kujihami chelsea 	1
/scratch/skscla001/experiments/datasets/swagen/audio/common_voice_sw_36389620.wav	ipo umbali wa kilometa thelathini na tano 	1
/scratch/skscla001/experiments/datasets/swagen/audio/common_voice_sw_29903265.wav	tanzania hutumia teknolojia ya kisasa kuwalinda faru serengeti 	1
/scratch/skscla001/experiments/datasets/swagen/audio/common_voice_sw_29995494.wav	wengi wanafahamu kuwa akina mama wajawazito wanapaswa 	1
/scratch/skscla001/experiments/datasets/swagen/audio/common_voice_sw_31305366.wav	ambao hawalimi wala kufanya aina yeyote ya kilimo 	1
/scratch/skscla001/experiments/datasets/swagen/audio/common_voice_sw_36387560.wav	na ndiyo kwa maana kwamba kwanza imani 	1
/scratch/skscla001/experiments/datasets/swagen/audio/common_voice_sw_36375123.wav	hati inaweza kuwahusisha watazamaji na hadhira 	1
/scratch/skscla001/experiments/datasets/swagen/audio/common_voice_sw_30026484.wav	msimu uliopita jose mourinho alifukuzwa tottenham 	1
/scratch/skscla001/experiments/datasets/swagen/audio/common_voice_sw_34762718.wav	maeneo ya pwani ya afrika mashariki baadaye 	1
/scratch/skscla001/experiments/datasets/swagen/audio/common_voice_sw_29962142.wav	mbio za mbuni zinamsaidia kuokoa maisha yake 	1
/scratch/skscla001/experiments/datasets/swagen/audio/common_voice_sw_30118044.wav	vyuo vingi nchini tanzania wamekuwa wakiwataaa watu wenye ulemavu 	1
/scratch/skscla001/experiments/datasets/swagen/audio/common_voice_sw_30364121.wav	kipindi cha ugomvi kati ya makundi mawili ya nchi duniani 	1
/scratch/skscla001/experiments/datasets/swagen/audio/common_voice_sw_32210630.wav	mwana kashakuwa asimama dede 	1
/scratch/skscla001/experiments/datasets/swagen/audio/common_voice_sw_29939173.wav	wigo wa kufikiri maeneo hayo ni pamoja 	1
/scratch/skscla001/experiments/datasets/swagen/audio/common_voice_sw_29612298.wav	ni maarufu kwa hisia za kuhama 	1
/scratch/skscla001/experiments/datasets/swagen/audio/common_voice_sw_28258454.wav	miamba hii iko hatarini kupotea 	1
/scratch/skscla001/experiments/datasets/swagen/audio/common_voice_sw_37222731.wav	shuleni leo hii ni kiswahili rasmi kinachofunzwa na 	1
/scratch/skscla001/experiments/datasets/swagen/audio/common_voice_sw_30209931.wav	fainali za kombe la dunia zilimunufaisha lato 	1
/scratch/skscla001/experiments/datasets/swagen/audio/common_voice_sw_29993830.wav	kwenye soka lolote linaweza kutokea 	1
/scratch/skscla001/experiments/datasets/swagen/audio/common_voice_sw_36385110.wav	asante sana emanuel makundi nakushukuru 	1
/scratch/skscla001/experiments/datasets/swagen/audio/common_voice_sw_36042497.wav	viti havijatosha 	1
/scratch/skscla001/experiments/datasets/swagen/audio/common_voice_sw_30307578.wav	kitulo kuna aina elfu nne za maua na mimea adimu 	1
/scratch/skscla001/experiments/datasets/swagen/audio/common_voice_sw_29895832.wav	zidane amefanikiwa ndani ya uwanjani na nje ya uwanja 	1
/scratch/skscla001/experiments/datasets/swagen/audio/common_voice_sw_29887572.wav	kila ukoo ulijigamba kwa kutumia majina ya wanyama na wadudu 	1
/scratch/skscla001/experiments/datasets/swagen/audio/common_voice_sw_30327192.wav	yai moja la mbuni ni sawa na mayai ishirini ya kuku 	1
/scratch/skscla001/experiments/datasets/swagen/audio/common_voice_sw_29796362.wav	ukandamizaji dhidi ya tabaka la watu walio na elimu zaidi 	1
/scratch/skscla001/experiments/datasets/swagen/audio/common_voice_sw_29795599.wav	hivi unafikiri kwanini mandela alikua mtu muhimu 	1
/scratch/skscla001/experiments/datasets/swagen/audio/common_voice_sw_30115959.wav	baadhi ya mikoa inalima mazao kama ndizi na muhogo 	1
/scratch/skscla001/experiments/datasets/swagen/audio/common_voice_sw_29797217.wav	kuishirikisha kikamilifu jamii ya wakazi wa bagamoyo katika kupanga na kuamua mikakati madhubuti 	1
/scratch/skscla001/experiments/datasets/swagen/audio/common_voice_sw_29936608.wav	bandari ya dar es salaam ni bandari kubwa nchin tanzania 	1
/scratch/skscla001/experiments/datasets/swagen/audio/common_voice_sw_30180898.wav	njiani aliangamiza vijiji alivyokutana navyo 	1
/scratch/skscla001/experiments/datasets/swagen/audio/common_voice_sw_29938131.wav	wakati wa bargash majengo mengi ya mji mkongwe yakajengwa 	1
/scratch/skscla001/experiments/datasets/swagen/audio/common_voice_sw_28663203.wav	ushiriki wa ibada ni wa juu sana 	1
/scratch/skscla001/experiments/datasets/swagen/audio/common_voice_sw_29963927.wav	mwaka elfu moja mia tisa sitini na nane meja jenerali 	1
/scratch/skscla001/experiments/datasets/swagen/audio/common_voice_sw_36382204.wav	juhudi za usimamizi wa ubora wa hewa zilizowekwa ili kuboresha afya 	1
/scratch/skscla001/experiments/datasets/swagen/audio/common_voice_sw_37091246.wav	ni pemba yenye utajiri mkubwa wa rasilimali za kimaumbile ila mpemba hafaidiki nazo 	1
/scratch/skscla001/experiments/datasets/swagen/audio/common_voice_sw_28662082.wav	anaheshimiwa na waanglikana na walutheri kama mtakatifu 	1
/scratch/skscla001/experiments/datasets/swagen/audio/common_voice_sw_30323833.wav	mbege hutengenezwa kwa kutumia ndizi mbivu maji na ulezi 	1
/scratch/skscla001/experiments/datasets/swagen/audio/common_voice_sw_30020238.wav	mikumi na iringa pia arusha kupitia dodoma 	1
/scratch/skscla001/experiments/datasets/swagen/audio/common_voice_sw_31911993.wav	pochi hii alapsechi echu ikikamilika asari takuva ningii kichoveo cha papaa itakuva ni mwanadamu 	1
/scratch/skscla001/experiments/datasets/swagen/audio/common_voice_sw_29935814.wav	alisisitiza umuhimu wa kujua ukweli ili kufikia uhuru 	1
/scratch/skscla001/experiments/datasets/swagen/audio/common_voice_sw_30180867.wav	tembo na nyani pia wapo chui bila kusahau pundamilia na wanyama wengine wanaokula majani 	1
/scratch/skscla001/experiments/datasets/swagen/audio/common_voice_sw_30574591.wav	kama mwaka mmoja au mara chache hadi miaka thelathini 	1
/scratch/skscla001/experiments/datasets/swagen/audio/common_voice_sw_30631315.wav	liemba itakuwa inatimiza miaka mia moja kamili tangu ianze kuelea kwenye ziwa tanganyika 	1
/scratch/skscla001/experiments/datasets/swagen/audio/common_voice_sw_28663325.wav	kweli alijitahidi kuleta hali mpya katika kanisa 	1
/scratch/skscla001/experiments/datasets/swagen/audio/common_voice_sw_29782228.wav	mambo ya kuzingatia katika ufahamu wa kusoma 	1
/scratch/skscla001/experiments/datasets/swagen/audio/common_voice_sw_37096075.wav	hakuna kusaidiana kwenye mtihani 	1
/scratch/skscla001/experiments/datasets/swagen/audio/common_voice_sw_28963910.wav	ulimwengu hauna mipaka na ni wa milele 	1
/scratch/skscla001/experiments/datasets/swagen/audio/common_voice_sw_30143996.wav	abedi amani karume alitangazwa kuwa rais wa zanzibari 	1
/scratch/skscla001/experiments/datasets/swagen/audio/common_voice_sw_30333822.wav	idadi ya watu inaongezeka kwa kasi na hivyo pia kuongezeka kwa wakulima 	1
/scratch/skscla001/experiments/datasets/swagen/audio/common_voice_sw_31433285.wav	wakazi wa kwanza wa eneo linaloitwa kenya walikuwa wa jamii ya wakhoisan 	1
/scratch/skscla001/experiments/datasets/swagen/audio/common_voice_sw_30091168.wav	ndivyo hivyo asilimia kubwa ya dunia imezungukwa na maji 	1
/scratch/skscla001/experiments/datasets/swagen/audio/common_voice_sw_31304319.wav	kijadi wamasai hula nyama na maziwa pia damu ya ngombe 	1
/scratch/skscla001/experiments/datasets/swagen/audio/common_voice_sw_30380722.wav	timu ya taifa ya ufaransa ilikuwa inaogopeka 	1
/scratch/skscla001/experiments/datasets/swagen/audio/common_voice_sw_30122579.wav	malalamiko na pingamizi za wapinzani zilikuwa kila mahali 	1
/scratch/skscla001/experiments/datasets/swagen/audio/common_voice_sw_30181096.wav	mtoto wa kiume hutahiriwa akiwa na umri wa miaka saba 	1
/scratch/skscla001/experiments/datasets/swagen/audio/common_voice_sw_36381642.wav	a yataingizwaje katika mfumo wa muungano 	1
/scratch/skscla001/experiments/datasets/swagen/audio/common_voice_sw_36386374.wav	rais samia amesema serikali inafanya hivyo sio kwasababu kuwa yeye ni rais mwanamke 	1
/scratch/skscla001/experiments/datasets/swagen/audio/common_voice_sw_30363041.wav	waziri mkuu majaliwa tarehe kumi na tisa novemba elfu mbili na kumi na tano 	1
/scratch/skscla001/experiments/datasets/swagen/audio/common_voice_sw_30641386.wav	hadi wa mita elfu mbili juu ya pwani ya magharibi ya ziwa hili 	1
/scratch/skscla001/experiments/datasets/swagen/audio/common_voice_sw_28669464.wav	televisheni inaweza kuonyesha picha kutoka sehemu mbalimbali 	1
/scratch/skscla001/experiments/datasets/swagen/audio/common_voice_sw_35411837.wav	serikali ya india imefanya majaribio mawili ya silaha zake za nyuklia 	1
/scratch/skscla001/experiments/datasets/swagen/audio/common_voice_sw_29862357.wav	kwenye nembo ya taifa kuna alama ya jembe na mkuki 	1
/scratch/skscla001/experiments/datasets/swagen/audio/common_voice_sw_29936801.wav	watalii wanaopenda kupanda milima watafurahia wakiwa tanzania 	1
/scratch/skscla001/experiments/datasets/swagen/audio/common_voice_sw_28683245.wav	idadi ya wakazi iliongezeka sana 	1
/scratch/skscla001/experiments/datasets/swagen/audio/common_voice_sw_37086721.wav	naam ni bingu mutharika rais wa malawi 	1
/scratch/skscla001/experiments/datasets/swagen/audio/common_voice_sw_30006990.wav	zambia imepata uhuru na kaunda akiwa kiongozi uhuru huo 	1
/scratch/skscla001/experiments/datasets/swagen/audio/common_voice_sw_30321999.wav	kitendo hicho hakikumfurahisha raisi wa kwanza wa tanzania 	1
/scratch/skscla001/experiments/datasets/swagen/audio/common_voice_sw_28681668.wav	tabianchi ndani ya mzingo aktiki kwa jumla ni baridi 	1
/scratch/skscla001/experiments/datasets/swagen/audio/common_voice_sw_36350015.wav	ama umoja wa wachezaji wa kimataifa 	1
/scratch/skscla001/experiments/datasets/swagen/audio/common_voice_sw_29762751.wav	katika ukristo simba wa yuda alikuwa yesu 	1
/scratch/skscla001/experiments/datasets/swagen/audio/common_voice_sw_30020916.wav	makundi makubwa ya viboko pundamilia na nyumbu huonekana katika eneo hili 	1
/scratch/skscla001/experiments/datasets/swagen/audio/common_voice_sw_29863568.wav	kama vashamba kwa maana ya wasambaa huko mkoani tanga 	1
/scratch/skscla001/experiments/datasets/swagen/audio/common_voice_sw_36382231.wav	ameweka alama akiwa na vilabu vya argentinos juniours boca juniours barcelona napoli sevilla 	1
/scratch/skscla001/experiments/datasets/swagen/audio/common_voice_sw_30520125.wav	wananchi wanashauriwa kutoshirikiana na wahalifu wa ujangili 	1
/scratch/skscla001/experiments/datasets/swagen/audio/common_voice_sw_30181998.wav	ufaransa ilikuwa na kikosi cha dhahabu duniani 	1
/scratch/skscla001/experiments/datasets/swagen/audio/common_voice_sw_32212298.wav	ni hewa 	1
/scratch/skscla001/experiments/datasets/swagen/audio/common_voice_sw_28246343.wav	teknolojia yake ni karibu sawa na ya bunduki isipokuwa ni ndogo 	1
/scratch/skscla001/experiments/datasets/swagen/audio/common_voice_sw_30327432.wav	alisoma katika shule ambayo iliyomilikiwa na wamisionari 	1
/scratch/skscla001/experiments/datasets/swagen/audio/common_voice_sw_36382565.wav	ameenda mjini tangu juzi 	1
/scratch/skscla001/experiments/datasets/swagen/audio/common_voice_sw_29936711.wav	akiwa na shahada ya kwanza katika biashara ya kimataifa na fedha 	1
/scratch/skscla001/experiments/datasets/swagen/audio/common_voice_sw_37230033.wav	unaweza jehovah rapha 	1
/scratch/skscla001/experiments/datasets/swagen/audio/common_voice_sw_37083343.wav	kiswahili ni lugha ya mama 	1
/scratch/skscla001/experiments/datasets/swagen/audio/common_voice_sw_30327063.wav	kupiti ziwa nyasa mkoani ruvuma kusini mwa nchi 	1
/scratch/skscla001/experiments/datasets/swagen/audio/common_voice_sw_28922039.wav	baada ya yesu ndiye mtu anayejulikana zaidi katika injili zote nne 	1
/scratch/skscla001/experiments/datasets/swagen/audio/common_voice_sw_37229743.wav	pamoja na idadi yote hii haishangazi kwamba kuna vitu vya kweli vingi vya kusisimua 	1
/scratch/skscla001/experiments/datasets/swagen/audio/common_voice_sw_30379933.wav	mlima klute una urefu wa mita elfu tatu mia sita na arobaini na nane 	1
/scratch/skscla001/experiments/datasets/swagen/audio/common_voice_sw_28966072.wav	babake ni mwalimu na mamake ni mtu wa mwanamitindo 	1
/scratch/skscla001/experiments/datasets/swagen/audio/common_voice_sw_35132538.wav	mheshimiwa samia aliteuliwa na aliyekuwa katibu mkuu wa umoja wa mataifa 	1
/scratch/skscla001/experiments/datasets/swagen/audio/common_voice_sw_35964151.wav	usafwa katika mji mkuu wa utengule usangu mpangile alisimikwa kama kiongozi mpya wa uhehe 	1
/scratch/skscla001/experiments/datasets/swagen/audio/common_voice_sw_30478320.wav	pia ipo halmashauri ya wilaya ya liwale na halmashauri ya manispaa ya lindi 	1
/scratch/skscla001/experiments/datasets/swagen/audio/common_voice_sw_30381973.wav	anavyomaliza mwendo wa maisha inastaadhajabisha wengine wanakufa kwenye 	1
/scratch/skscla001/experiments/datasets/swagen/audio/common_voice_sw_28820746.wav	wengine hutoa maelezo juu ya imani mbalimbali kama sababu ya desturi hiyo 	1
/scratch/skscla001/experiments/datasets/swagen/audio/common_voice_sw_28582430.wav	na nyumba ilikuwa na wahudumu wengi kupita kiasi 	1
/scratch/skscla001/experiments/datasets/swagen/audio/common_voice_sw_30671205.wav	aina za samaki wanaozalishwa kwa wingi ni sato au ngege na kambale 	1
/scratch/skscla001/experiments/datasets/swagen/audio/common_voice_sw_30233665.wav	anaipongeza mchezo pesa kwa kutimiza makubaliano yaliyokuwepo 	1
/scratch/skscla001/experiments/datasets/swagen/audio/common_voice_sw_30021413.wav	watafiti wa masuala ya ekolojia huweka kambi mara kwa mara 	1
/scratch/skscla001/experiments/datasets/swagen/audio/common_voice_sw_28682744.wav	asili na maana ya jina la mto haijulikani 	1
/scratch/skscla001/experiments/datasets/swagen/audio/common_voice_sw_30182304.wav	mimi ni mswahili sina kabila au kutaja kabila analojua halitadharaulika 	1
/scratch/skscla001/experiments/datasets/swagen/audio/common_voice_sw_28876221.wav	ambaye alikua ni dada wa anna 	1
/scratch/skscla001/experiments/datasets/swagen/audio/common_voice_sw_29571916.wav	walikuwa ndugu wadogo wamisionari huko moroko kati yao yeye tu hakuwa padri 	1
/scratch/skscla001/experiments/datasets/swagen/audio/common_voice_sw_30478576.wav	kufanya mapenzi na mtu mwenye maambukizi ya virusi vya homa ya ini 	1
/scratch/skscla001/experiments/datasets/swagen/audio/common_voice_sw_29896473.wav	watalii kutoka nje ya afrika mashariki wanalipa dola za kimarekani ishini mpaka sitini 	1
/scratch/skscla001/experiments/datasets/swagen/audio/common_voice_sw_30574590.wav	maalim seif aliwania nafasi ya urais wa zanzibari kwa tiketi ya chama cha wananchi 	1
/scratch/skscla001/experiments/datasets/swagen/audio/common_voice_sw_31324001.wav	wengine wamejaribu kuona msingi wa jina katika lugha ya kichaga 	1
/scratch/skscla001/experiments/datasets/swagen/audio/common_voice_sw_37090344.wav	ya kairo na aleksandriavilevile katika vijiji vya misri kusini wakristo 	1
/scratch/skscla001/experiments/datasets/swagen/audio/common_voice_sw_30628988.wav	katika utawala wake alitumia msemo useamao 	1
/scratch/skscla001/experiments/datasets/swagen/audio/common_voice_sw_31304420.wav	katika somo hili 	1
/scratch/skscla001/experiments/datasets/swagen/audio/common_voice_sw_30146251.wav	karibu na songea iko monasteri kubwa ya peramiho ya watawa 	1
/scratch/skscla001/experiments/datasets/swagen/audio/common_voice_sw_30661050.wav	walinyamaza hadi wajerumani walipotembea kwa umbo la safu ndefu 	1
/scratch/skscla001/experiments/datasets/swagen/audio/common_voice_sw_36375144.wav	ya chakula cha jioni bila mapema kuliko 	1
/scratch/skscla001/experiments/datasets/swagen/audio/common_voice_sw_29787549.wav	maana yake ni upande wa kabila la washashi 	1
/scratch/skscla001/experiments/datasets/swagen/audio/common_voice_sw_28660718.wav	wimbo ulitolewa kunako tarehe moja mwezi wa pili 	1
/scratch/skscla001/experiments/datasets/swagen/audio/common_voice_sw_37095510.wav	kabisa na hatua za kiuchumi katika jamii ya kisasa kwa hiyo ni vigumu 	1
/scratch/skscla001/experiments/datasets/swagen/audio/common_voice_sw_30182791.wav	historia inatueleza kwamba watu wameanza kulima kwa utaalamu miaka mitatu baada ya kuzaliwa kristo 	1
/scratch/skscla001/experiments/datasets/swagen/audio/common_voice_sw_36382222.wav	kwamba unapoangalia saa hii tumekuwa na mabadiliko mengi sana katika hii ligi ya hapa 	1
/scratch/skscla001/experiments/datasets/swagen/audio/common_voice_sw_29943400.wav	maharage ni mazuri kwasababu yana faida nyingi mwilini ikiwemo kushusha shinikizo la damu 	1
/scratch/skscla001/experiments/datasets/swagen/audio/common_voice_sw_29787857.wav	taifa la nigeria linachimba mafuta na kuyasafirisha katika masoko ya dunia 	1
/scratch/skscla001/experiments/datasets/swagen/audio/common_voice_sw_35989418.wav	nyinyi ni watoto wa maria 	1
/scratch/skscla001/experiments/datasets/swagen/audio/common_voice_sw_29942152.wav	familia inafahamu kuwa matumizi ya jina nelson mandela ni utajiri mwingine 	1
/scratch/skscla001/experiments/datasets/swagen/audio/common_voice_sw_36014039.wav	ya mapenzi lakini sijaingia studio sasa hii naihisi inachukua chati kwa sababu 	1
/scratch/skscla001/experiments/datasets/swagen/audio/common_voice_sw_30364507.wav	dalili huanza kuonekana siku mbili hadi saba 	1
/scratch/skscla001/experiments/datasets/swagen/audio/common_voice_sw_28673091.wav	leo uzalishaji ni mkubwa hasa hispania halafu italia ugiriki uturuki nakadhalika 	1
/scratch/skscla001/experiments/datasets/swagen/audio/common_voice_sw_37086934.wav	ambapo afisa waji maji wa bonde ndiye katibu wa bodi hiyo 	1
/scratch/skscla001/experiments/datasets/swagen/audio/common_voice_sw_36319937.wav	namna ya kawaida ni kufanya tohara 	1
/scratch/skscla001/experiments/datasets/swagen/audio/common_voice_sw_30257134.wav	watoto hao waliiendeleza lugha waliyoikuta na baadaye ikazaliwa krioli 	1
/scratch/skscla001/experiments/datasets/swagen/audio/common_voice_sw_30323458.wav	hata hivyo serikali ikaendelea kulipa zaidi ya dolar za marekani laki moja kila siku 	1
/scratch/skscla001/experiments/datasets/swagen/audio/common_voice_sw_30450852.wav	manchester united ilitwaa ubingwa wa ulaya kwa kuifunga benfica ya ureno 	1
/scratch/skscla001/experiments/datasets/swagen/audio/common_voice_sw_30450840.wav	sahihi iyo ilihusisha makubaliano ya kukomesha utumwa kwa pamoja ikiihusisha uingereza 	1
/scratch/skscla001/experiments/datasets/swagen/audio/common_voice_sw_29994717.wav	hata hivyo mengi ya mabadiliko hayo yamewakwepa wananchi isipokuwa yale ya zamani 	1
/scratch/skscla001/experiments/datasets/swagen/audio/common_voice_sw_37088323.wav	ndio maana hivi sasa wanatumia dhana ya uchumi buluu 	1
/scratch/skscla001/experiments/datasets/swagen/audio/common_voice_sw_29941919.wav	kabila la waha limetokana na mtawanyiko wa makabila ya warundi na wahaya 	1
/scratch/skscla001/experiments/datasets/swagen/audio/common_voice_sw_29936717.wav	tauni inayosababisha mtoki dalili huanza kuonekana ghafla 	1
/scratch/skscla001/experiments/datasets/swagen/audio/common_voice_sw_29789083.wav	waliombukizwa virusi vya homa ya ini wakiwa watoto 	1
/scratch/skscla001/experiments/datasets/swagen/audio/common_voice_sw_29591148.wav	yerusalemu ina historia ndefu sana 	1
/scratch/skscla001/experiments/datasets/swagen/audio/common_voice_sw_29805801.wav	wanasheria waliruhusiwa kufanya kazi zanzibar watu hawakugongewa tena milango usiku 	1
/scratch/skscla001/experiments/datasets/swagen/audio/common_voice_sw_36331312.wav	serikali inataka kujipanga kutengeneza karajina mwani uliosagwa hapa 	1
/scratch/skscla001/experiments/datasets/swagen/audio/common_voice_sw_30200962.wav	mo alizaliwa tarehe nane mei mwaka elfu moja mia tisa sabini na tano 	1
/scratch/skscla001/experiments/datasets/swagen/audio/common_voice_sw_37089359.wav	kaa nami yesu 	1
/scratch/skscla001/experiments/datasets/swagen/audio/common_voice_sw_28670352.wav	makao makuu yalikuwa mjini mwingi 	1
/scratch/skscla001/experiments/datasets/swagen/audio/common_voice_sw_30439737.wav	marekani ndege za nchi hiyo zenye raia wake na 	1
/scratch/skscla001/experiments/datasets/swagen/audio/common_voice_sw_36945650.wav	tunaweza kuya kuya kuyazuia kabla hayajatokea 	1
/scratch/skscla001/experiments/datasets/swagen/audio/common_voice_sw_30382708.wav	elfu moja mia tisa themanini na tano 	1
/scratch/skscla001/experiments/datasets/swagen/audio/common_voice_sw_36311000.wav	lazima kuna kitu labda unaona siyo muda muafaka kunambia alisema mtaalamu huku akisimama 	1
/scratch/skscla001/experiments/datasets/swagen/audio/common_voice_sw_28735615.wav	imepakana na libya sudan jamhuri ya afrika ya kati kamerun nigeria na niger 	1
/scratch/skscla001/experiments/datasets/swagen/audio/common_voice_sw_30327302.wav	tausi wanaweza kuishi mpaka miaka ishirini ikiwa watakuwa mahala salama 	1
/scratch/skscla001/experiments/datasets/swagen/audio/common_voice_sw_30020895.wav	bado tupo kwenye mpango wa kuongeza vivutio zaidi vya aina fulani za masaji 	1
/scratch/skscla001/experiments/datasets/swagen/audio/common_voice_sw_29926923.wav	yamejaa kwani wapo wengi ambao wameshindwa kumaliza 	1
/scratch/skscla001/experiments/datasets/swagen/audio/common_voice_sw_28716342.wav	aina fulani za chati ni bora zaidi kwa kuwasilisha data kuliko nyingine 	1
/scratch/skscla001/experiments/datasets/swagen/audio/common_voice_sw_30091176.wav	ronaldo alianza vizuri michuano ya kombe la dunia 	1
/scratch/skscla001/experiments/datasets/swagen/audio/common_voice_sw_30635683.wav	wakati huo walikuwa mia moja tu ndio walikuwa wamepata elimu ya chuo kikuu 	1
/scratch/skscla001/experiments/datasets/swagen/audio/common_voice_sw_34764321.wav	nakumbuka nilipovunjika jinsi ulivyoniinua 	1
/scratch/skscla001/experiments/datasets/swagen/audio/common_voice_sw_29887445.wav	karol aliokoa wengine dhidi ya dhuluma ya wanazi 	1
/scratch/skscla001/experiments/datasets/swagen/audio/common_voice_sw_34750859.wav	la kiongozi wa ufalme wa kwimbundo karne ya kumi 	1
/scratch/skscla001/experiments/datasets/swagen/audio/common_voice_sw_36381519.wav	wabantu waliwaua kikatili wamasai kipindi chakula chao kikuu mifugo 	1
/scratch/skscla001/experiments/datasets/swagen/audio/common_voice_sw_28696148.wav	shabaha kuu ilikuwa kutetea kanisa chini ya papa 	1
/scratch/skscla001/experiments/datasets/swagen/audio/common_voice_sw_30674907.wav	mzee nelson mandela na raisi rais wa nne wa afrika kusini 	1
/scratch/skscla001/experiments/datasets/swagen/audio/common_voice_sw_31304430.wav	kwa kutumia madawa ya yanayopambana na virusi 	1
/scratch/skscla001/experiments/datasets/swagen/audio/common_voice_sw_30335029.wav	inaongezeka hifadhi ya taifa ya ngorongoro kaskazini mwa tanzania 	1
/scratch/skscla001/experiments/datasets/swagen/audio/common_voice_sw_29323916.wav	lugha yake hasa ni kiaramu 	1
/scratch/skscla001/experiments/datasets/swagen/audio/common_voice_sw_30182350.wav	tausi anaatamia mayai yake kwa siku ishirini 	1
/scratch/skscla001/experiments/datasets/swagen/audio/common_voice_sw_36945318.wav	mfumo wa upumuaji unasababisha matatizo kwa mgonjwa 	1
/scratch/skscla001/experiments/datasets/swagen/audio/common_voice_sw_28695160.wav	ndoa ya wakristo ni sakramenti ya yesu na kanisa lake 	1
/scratch/skscla001/experiments/datasets/swagen/audio/common_voice_sw_31326459.wav	chimbuko la utamaduni huo linaaminiwa kuwa barani ulaya katika karne ya kumi na sita 	1
/scratch/skscla001/experiments/datasets/swagen/audio/common_voice_sw_34392857.wav	katibu mkuu wa umoja wa mataifa antonio gutteres 	1
/scratch/skscla001/experiments/datasets/swagen/audio/common_voice_sw_36386423.wav	na wazo lingine linalodai kwamba katika vipindi kongwe vilivyopata kuwako sehemu za pwani ya 	1
/scratch/skscla001/experiments/datasets/swagen/audio/common_voice_sw_29904875.wav	ya kutengana na julius nyerere ikawa vigumu kupata 	1
/scratch/skscla001/experiments/datasets/swagen/audio/common_voice_sw_36331653.wav	meli ilizama baharini 	1
/scratch/skscla001/experiments/datasets/swagen/audio/common_voice_sw_29884798.wav	pep guardiola alivyoenda ujerumani alianza kubadili mfumo 	1
/scratch/skscla001/experiments/datasets/swagen/audio/common_voice_sw_28582159.wav	idadi ya wasemaji nchini myanmar haijulikani 	1
/scratch/skscla001/experiments/datasets/swagen/audio/common_voice_sw_36067295.wav	alipenda viumbe wengine wa porini 	1
/scratch/skscla001/experiments/datasets/swagen/audio/common_voice_sw_37097610.wav	sayyid said alienda mara kwa mara nyumbani kwao oman kutatua migogoro ya ndani 	1
/scratch/skscla001/experiments/datasets/swagen/audio/common_voice_sw_30357275.wav	bidhaa zilizokuwa zinazingizwa nje zilipugua kiasi cha kuathiri uchumi 	1
/scratch/skscla001/experiments/datasets/swagen/audio/common_voice_sw_30327191.wav	kutokana na sheria ya mambo ya kale ya mwaka huo 	1
/scratch/skscla001/experiments/datasets/swagen/audio/common_voice_sw_36310986.wav	mgonjwa wa ini atapata kichefuchefu na kutapika 	1
/scratch/skscla001/experiments/datasets/swagen/audio/common_voice_sw_35069852.wav	alieleza mambo mawili ya kuzingatia katika kutengeneza mikakati ya uchumi shindani 	1
/scratch/skscla001/experiments/datasets/swagen/audio/common_voice_sw_30515274.wav	japokuwa waliweka wazi kuwa chuo akina uwezo wa kunipatia vifaa vya kujisomea 	1
/scratch/skscla001/experiments/datasets/swagen/audio/common_voice_sw_31304418.wav	unaopikwa kutokana na unga wa mahindi yaliyokobolewa na kuvundikwa kwa muda mrefu 	1
/scratch/skscla001/experiments/datasets/swagen/audio/common_voice_sw_30668394.wav	katika ardhi ya tanzanai katika miaka hiyo ya ukombozi wa bara la afrika 	1
/scratch/skscla001/experiments/datasets/swagen/audio/common_voice_sw_29879315.wav	wachezaji wengi wakubwa kutoka barani ulaya walishiriki michuano 	1
/scratch/skscla001/experiments/datasets/swagen/audio/common_voice_sw_29147195.wav	ndege hawa wana rangi za kijivu kahawa na nyeupe pengine njano pia 	1
/scratch/skscla001/experiments/datasets/swagen/audio/common_voice_sw_30629394.wav	mwalimu nyerere alisoma katika chuo cha makerere 	1
/scratch/skscla001/experiments/datasets/swagen/audio/common_voice_sw_30638486.wav	inasemekana walikuwa huko taveta kaskazini nchini kenya 	1
/scratch/skscla001/experiments/datasets/swagen/audio/common_voice_sw_28260398.wav	andrea kim akawa mmoja kati ya maelfu waliouawa 	1
/scratch/skscla001/experiments/datasets/swagen/audio/common_voice_sw_29976276.wav	simba pia nyati na tembo bila kusahau nyani 	1
/scratch/skscla001/experiments/datasets/swagen/audio/common_voice_sw_30341979.wav	kutetemeka vipindi vikali vya kutetemeka kwa dakika kadhaa na hudumu hadi saa moja 	1
/scratch/skscla001/experiments/datasets/swagen/audio/common_voice_sw_30162193.wav	chuo cha ualimu wamewapa heshima ya kipekee chuo cha uandishi wa habari 	1
/scratch/skscla001/experiments/datasets/swagen/audio/common_voice_sw_31321562.wav	hivyo wapare walijiita vambare wakiwa na maana ya sisi 	1
/scratch/skscla001/experiments/datasets/swagen/audio/common_voice_sw_30116108.wav	washirazi walijigamba kwamba ndio walinunua eneo hilo kutokana na migogoro iliyokuwapo ushirazi 	1
/scratch/skscla001/experiments/datasets/swagen/audio/common_voice_sw_30025954.wav	timu zinazoingia fainali mara mbili mfululizo zipewe sifa 	1
/scratch/skscla001/experiments/datasets/swagen/audio/common_voice_sw_36375035.wav	kwa kifupi tu tuzo za mama ni tuzo zinazo simamiwa na mtv bell 	1
/scratch/skscla001/experiments/datasets/swagen/audio/common_voice_sw_29795404.wav	karafuu na mahindi bila kusasahu samaki na vitu vingine 	1
/scratch/skscla001/experiments/datasets/swagen/audio/common_voice_sw_28582079.wav	sababu yake ni nafasi ya moscow iliyoko ndani zaidi ya eneo la urusi yenyewe 	1
/scratch/skscla001/experiments/datasets/swagen/audio/common_voice_sw_37229933.wav	watangazaji wawili redioni wanaweza kujadili mada nzuri 	1
/scratch/skscla001/experiments/datasets/swagen/audio/common_voice_sw_30202106.wav	wilaya inashirikiana na wadau mbalimbali waliopo wilayani katika kuendeleza sekta ya kilimo 	1
/scratch/skscla001/experiments/datasets/swagen/audio/common_voice_sw_28725788.wav	wakristo hao walikataa kutoa sadaka hiyo 	1
/scratch/skscla001/experiments/datasets/swagen/audio/common_voice_sw_30634763.wav	hivyo kuwa kivutio kikubwa kwa watalii wa ndani na nje ya nchi 	1
/scratch/skscla001/experiments/datasets/swagen/audio/common_voice_sw_28725324.wav	katika taifa hilo watu wote wanapaswa kuingia bila ya ubaguzi ili wawe kitu kimoja 	1
/scratch/skscla001/experiments/datasets/swagen/audio/common_voice_sw_30181691.wav	virusi hivi vilipewa jina la ukimwi vilipogunduliwa nchini marekani 	1
/scratch/skscla001/experiments/datasets/swagen/audio/common_voice_sw_36389498.wav	wakati ambao kuna maumivu makali kwenda haja ndogo 	1
/scratch/skscla001/experiments/datasets/swagen/audio/common_voice_sw_36310881.wav	tabia za pekee hasa katika maeneo ya jalidi ya kudumu 	1
/scratch/skscla001/experiments/datasets/swagen/audio/common_voice_sw_29997109.wav	wakati msitu wa amazon ukiongoza kwa ukubwa duniani unafuatiwa na msitu wa kongo 	1
/scratch/skscla001/experiments/datasets/swagen/audio/common_voice_sw_29898232.wav	baada ya kifo cha mraisi magufuli 	1
/scratch/skscla001/experiments/datasets/swagen/audio/common_voice_sw_31441013.wav	walikuwa wakiishi pamoja na kusaidiana katika mambo mbalimbali 	1
/scratch/skscla001/experiments/datasets/swagen/audio/common_voice_sw_29788847.wav	kamati hii pia inapitia sera za fedha na sera nyingine za ndani 	1
/scratch/skscla001/experiments/datasets/swagen/audio/common_voice_sw_29937805.wav	yalianzishwa na aliyekuwa mkuu wa wilaya hiyo akijulikana kwa jina la msonge 	1
/scratch/skscla001/experiments/datasets/swagen/audio/common_voice_sw_37098616.wav	lakini mamlaka husika imeweza kuhakikisha kuwa dawa zitumikazo nchini humo 	1
/scratch/skscla001/experiments/datasets/swagen/audio/common_voice_sw_29943342.wav	hadi wakaingia kurudi kusini mwa wilaya ya mpwapwa mkoani dodoma 	1
/scratch/skscla001/experiments/datasets/swagen/audio/common_voice_sw_30634757.wav	kuna utalii wa kuvua samaki aina ya sato kamongo na kambale 	1
/scratch/skscla001/experiments/datasets/swagen/audio/common_voice_sw_31409713.wav	ili apate mafunzo zaidi ya kijeshi nchini uingereza 	1
/scratch/skscla001/experiments/datasets/swagen/audio/common_voice_sw_30671889.wav	kukosa nguvu maumivu ya misuli degedege kuuma na kuvimba kwa tezi za limfu 	1
/scratch/skscla001/experiments/datasets/swagen/audio/common_voice_sw_36299553.wav	ni mtazamo wake ojwang kina 	1
/scratch/skscla001/experiments/datasets/swagen/audio/common_voice_sw_36299955.wav	inaelezwa kuwa kima dume huonyonyeshwa zaidi kuliko jike 	1
/scratch/skscla001/experiments/datasets/swagen/audio/common_voice_sw_28683272.wav	ilikuwa moja ya sehemu za dini ya ugiriki ya kale 	1
/scratch/skscla001/experiments/datasets/swagen/audio/common_voice_sw_36040753.wav	baada ya kujivua nafasi zote za uongozi ndani ya serikali ya cuba 	1
/scratch/skscla001/experiments/datasets/swagen/audio/common_voice_sw_36350615.wav	siwezi kukuambia siri yangu 	1
/scratch/skscla001/experiments/datasets/swagen/audio/common_voice_sw_30006985.wav	sinema ilizawadiwa globu ya dhahabu kwa muigizaji bora wa vivutio 	1
/scratch/skscla001/experiments/datasets/swagen/audio/common_voice_sw_30144485.wav	sehemu ya kwanza ya sherehe hizi ni sherehe ya enoto 	1
/scratch/skscla001/experiments/datasets/swagen/audio/common_voice_sw_37087453.wav	tunapokea taarifa za kifo cha ruge kutokea afrika kusini huku rais dokta jombe pombe 	1
/scratch/skscla001/experiments/datasets/swagen/audio/common_voice_sw_30582820.wav	limezungukwa pia na bahari pande zake zote 	1
/scratch/skscla001/experiments/datasets/swagen/audio/common_voice_sw_30092059.wav	alifanikiwa kulishinda jeshi la serikali lililokuwa linadhibitiwa 	1
/scratch/skscla001/experiments/datasets/swagen/audio/common_voice_sw_36041255.wav	zidane alimuoa mwana dada mzuri na mrembo veronique fernandez 	1
/scratch/skscla001/experiments/datasets/swagen/audio/common_voice_sw_29797104.wav	mwalimu alikuwa mstari wa mbele katika kupinga ubeberu wa marekani 	1
/scratch/skscla001/experiments/datasets/swagen/audio/common_voice_sw_29936581.wav	baada ya shughuli hiyo ya kuogeshwa watoto hao huveshwa nguo mpya 	1
/scratch/skscla001/experiments/datasets/swagen/audio/common_voice_sw_30354900.wav	mila za kingoni ndoa za koo moja huwa zinapitia katika matukio kadhaa 	1
/scratch/skscla001/experiments/datasets/swagen/audio/common_voice_sw_29961889.wav	pep alishinda mataji yaliyompa heshima akiwa kocha 	1
/scratch/skscla001/experiments/datasets/swagen/audio/common_voice_sw_37095040.wav	kuikaribia miili ya wapendwa wao wakati wa mazishi 	1
/scratch/skscla001/experiments/datasets/swagen/audio/common_voice_sw_30321919.wav	kufuatana na gudewekko mamake amin ni assa aatte 	1
/scratch/skscla001/experiments/datasets/swagen/audio/common_voice_sw_34393005.wav	wanaume hunyoa nywele wanapopita hatua moja ya maisha hadi nyingine 	1
/scratch/skscla001/experiments/datasets/swagen/audio/common_voice_sw_37096142.wav	adi sasa tayari yameshakwisha kutangaza majimbo mia moja na mbili 	1
/scratch/skscla001/experiments/datasets/swagen/audio/common_voice_sw_30478657.wav	mungu ni mkuu kuliko hofu uliyonayo 	1
/scratch/skscla001/experiments/datasets/swagen/audio/common_voice_sw_36387318.wav	abiria wa titanic walisimulia hadithi za kweli 	1
/scratch/skscla001/experiments/datasets/swagen/audio/common_voice_sw_35132607.wav	kusitishwa huku haya wakiarifiwa na matamshi kuzidi kushuhudiwa kutokana suala hilo 	1
/scratch/skscla001/experiments/datasets/swagen/audio/common_voice_sw_30327476.wav	alikuwa waziri wa maendeleo ya jamii jinsia na watoto 	1
/scratch/skscla001/experiments/datasets/swagen/audio/common_voice_sw_30365488.wav	wakawafyatulia risasi askari na raia kabla ya kufika mto kagera 	1
/scratch/skscla001/experiments/datasets/swagen/audio/common_voice_sw_36013795.wav	kwakiasi kikubwa kuenea kwa lugha hii nchini 	1
/scratch/skscla001/experiments/datasets/swagen/audio/common_voice_sw_29864110.wav	ngoma hiyo hutumika wakati wa sherehe kama harusi na kadhalika 	1
/scratch/skscla001/experiments/datasets/swagen/audio/common_voice_sw_30180118.wav	hawakujua watafikiaje tamati kutokana na kukosa baadhi mahitaji muhimu 	1
/scratch/skscla001/experiments/datasets/swagen/audio/common_voice_sw_28683273.wav	mtakatifu huyo aliishi katika kipindi cha mageuzi cha karne za kati 	1
/scratch/skscla001/experiments/datasets/swagen/audio/common_voice_sw_29822612.wav	ukoloni wa waingereza ulianza baada ya wajerumani 	1
/scratch/skscla001/experiments/datasets/swagen/audio/common_voice_sw_29988510.wav	lakini watu walishikwa kama watumwa mpaka mwanzo wa karne ya ishirini 	1
/scratch/skscla001/experiments/datasets/swagen/audio/common_voice_sw_29960843.wav	taifa liliishi katika misingi ya ujamaa na kujitegemea 	1
/scratch/skscla001/experiments/datasets/swagen/audio/common_voice_sw_30338775.wav	magofu haya ni miongoni mwa historia ya kale barani afrika 	1
/scratch/skscla001/experiments/datasets/swagen/audio/common_voice_sw_34746412.wav	kufuatilia chini watu ambao kukwepa rasimu hoover hivi karibuni kuwa mkuu wa idara katika 	1
/scratch/skscla001/experiments/datasets/swagen/audio/common_voice_sw_36389285.wav	kusuhulisha na kwamba kuna sera na teknolojia zinazohitajika ili 	1
/scratch/skscla001/experiments/datasets/swagen/audio/common_voice_sw_28801756.wav	aliweza kuendelea na shule mbalimbali ikiwemo shule ya sekondari jangwani 	1
/scratch/skscla001/experiments/datasets/swagen/audio/common_voice_sw_35280735.wav	kitabu hicho kilikuwa na uchambuzi wa kina wa kisheria 	1
/scratch/skscla001/experiments/datasets/swagen/audio/common_voice_sw_36331632.wav	ameachiliwa baada ya chama tawala nchini humo 	1
/scratch/skscla001/experiments/datasets/swagen/audio/common_voice_sw_28695669.wav	jina la baba yake lilikuwa yohane 	1
/scratch/skscla001/experiments/datasets/swagen/audio/common_voice_sw_31441372.wav	kila kabila lina sifa zake ambazo ni tofauti 	1
/scratch/skscla001/experiments/datasets/swagen/audio/common_voice_sw_30341915.wav	hili ni swali ambalo mamlaka za ulinzi na usalama za uganda zinapaswa kulijibu 	1
/scratch/skscla001/experiments/datasets/swagen/audio/common_voice_sw_29943862.wav	historia ya wamasai inaonyesha kwamba wao ni jamii ya wafugaji 	1
/scratch/skscla001/experiments/datasets/swagen/audio/common_voice_sw_29996278.wav	licha ya kuwa katika hatari ya kujeruhiwa wakati wa michezo yake ya awali 	1
/scratch/skscla001/experiments/datasets/swagen/audio/common_voice_sw_30181331.wav	watalii hupita kwenye magofu haya wakiyachungulia baadhi wakiyapiga picha kandokando ya barabara nyembamba 	1
/scratch/skscla001/experiments/datasets/swagen/audio/common_voice_sw_28876251.wav	kuna visiwa vingi 	1
/scratch/skscla001/experiments/datasets/swagen/audio/common_voice_sw_31321497.wav	bila kusahau halmashauri ya wilaya ya kilwa na halmashauri ya wilaya ya lindi 	1
/scratch/skscla001/experiments/datasets/swagen/audio/common_voice_sw_36040547.wav	majeshi ya baba yake hayatoshindwa 	1
/scratch/skscla001/experiments/datasets/swagen/audio/common_voice_sw_37223701.wav	yana yanakua yanapewa umuhimu 	1
/scratch/skscla001/experiments/datasets/swagen/audio/common_voice_sw_28690079.wav	hula matunda na mbegu hasa lakini wadudu pia 	1
/scratch/skscla001/experiments/datasets/swagen/audio/common_voice_sw_37229947.wav	kwa jumla inakadiriwa kuwa milioni mbili mbili makadirio hayo ya wamasai katika nchi zote 	1
/scratch/skscla001/experiments/datasets/swagen/audio/common_voice_sw_31409500.wav	jamii zinazosahaulika huunganishwa katika kundi la suba 	1
/scratch/skscla001/experiments/datasets/swagen/audio/common_voice_sw_30634590.wav	baganda lilikuwa kabila lililopendelewa zaidi na wakoloni 	1
/scratch/skscla001/experiments/datasets/swagen/audio/common_voice_sw_30650332.wav	ni pamoja na mers yaliyozuka mwanzoni mwa miaka ya elfu mbili 	1
/scratch/skscla001/experiments/datasets/swagen/audio/common_voice_sw_30582919.wav	kuruhusu magari ya kivita vifaru na wanajeshi kuvuka mto kagera 	1
/scratch/skscla001/experiments/datasets/swagen/audio/common_voice_sw_30419820.wav	ndani ya majonzi makubwa huu ni ukatili wa kisaikolojia ambao mwanaume yeyote 	1
/scratch/skscla001/experiments/datasets/swagen/audio/common_voice_sw_30224847.wav	mchakato uliopo hivi sasa ni makumbusho hayo kuchukuliwa kuwa ya kitaifa 	1
/scratch/skscla001/experiments/datasets/swagen/audio/common_voice_sw_29795818.wav	pele ameshinda mataji mengi ya kombe la dunia kuliko maradona 	1
/scratch/skscla001/experiments/datasets/swagen/audio/common_voice_sw_31386319.wav	zinapatikana hadi ziwa chala na taveta upande wa kusini mashariki 	1
/scratch/skscla001/experiments/datasets/swagen/audio/common_voice_sw_30647708.wav	mafanikio ya bibi titi mohamed katika harakati za ukombozi wa tanganyika 	1
/scratch/skscla001/experiments/datasets/swagen/audio/common_voice_sw_30024780.wav	watu waliamini pep atabaki nyumbani barcelona 	1
/scratch/skscla001/experiments/datasets/swagen/audio/common_voice_sw_30019834.wav	jambo ambao liliamsha hisia za wengi kuhusu uchumi wa muda mfupi 	1
/scratch/skscla001/experiments/datasets/swagen/audio/common_voice_sw_29943266.wav	kulishawishi kundi kubwa la wanawake kujiunga pamoja naye 	1
/scratch/skscla001/experiments/datasets/swagen/audio/common_voice_sw_29822778.wav	tausi jike hukaa na watoto wake kwa karibu miezi sita baada ya hapo hujitegemea 	1
/scratch/skscla001/experiments/datasets/swagen/audio/common_voice_sw_29997369.wav	ziwa lina ukubwa wa kilomita za mraba elfu nne mia moja 	1
/scratch/skscla001/experiments/datasets/swagen/audio/common_voice_sw_29797270.wav	kuna baadhi ya watu wanadai kuwa huo ni ugomvi wao binafsi ambao unawaumiza wananchi 	1
/scratch/skscla001/experiments/datasets/swagen/audio/common_voice_sw_30419818.wav	ni miongoni mwa makabila yanayojulikana zaidi hata nje ya afrika 	1
/scratch/skscla001/experiments/datasets/swagen/audio/common_voice_sw_30380660.wav	ndio wenye ushawishi mkubwa wa kisiasa katika jamii za pwani ya kenya 	1
/scratch/skscla001/experiments/datasets/swagen/audio/common_voice_sw_29805621.wav	kombe la dunia lilifanyika nchini itali 	1
/scratch/skscla001/experiments/datasets/swagen/audio/common_voice_sw_30583030.wav	hakika wapare ni mfano wa kuigwa hapa nchini 	1
/scratch/skscla001/experiments/datasets/swagen/audio/common_voice_sw_36807763.wav	katika nchi zinazoendelea zenye mapato ya chini au ya kati 	1
/scratch/skscla001/experiments/datasets/swagen/audio/common_voice_sw_28962939.wav	mahakama ina kazi ya kuhakikisha usawa mbele ya sheria kwa watu wote 	1
/scratch/skscla001/experiments/datasets/swagen/audio/common_voice_sw_30121725.wav	wasambaa wamegawanyika katika koo mbalimbali ndani ya jamii zao 	1
/scratch/skscla001/experiments/datasets/swagen/audio/common_voice_sw_28661930.wav	kuna mambo mengi yaliyotokea wakati wa karne hii kama haya yafuatayo 	1
/scratch/skscla001/experiments/datasets/swagen/audio/common_voice_sw_37090763.wav	nilifunga mlango 	1
/scratch/skscla001/experiments/datasets/swagen/audio/common_voice_sw_28681259.wav	yapo magonjwa mengi ya ini 	1
/scratch/skscla001/experiments/datasets/swagen/audio/common_voice_sw_36388149.wav	ametumia kifaa 	1
/scratch/skscla001/experiments/datasets/swagen/audio/common_voice_sw_30002327.wav	waliishi pamoja na wanyama pori wengi huku wakikataa kula wanyama hao 	1
/scratch/skscla001/experiments/datasets/swagen/audio/common_voice_sw_36256395.wav	nilipata kazi huku mombasa 	1
/scratch/skscla001/experiments/datasets/swagen/audio/common_voice_sw_28661944.wav	ni mzaliwa wa moshi mjini mkoa wa kilimanjaro kaskazini mwa tanzania 	1
/scratch/skscla001/experiments/datasets/swagen/audio/common_voice_sw_29226964.wav	kufuatana na uainishaji wa lugha kitai daeng iko katika kundi la kitai ya kusini magharibi 	1
/scratch/skscla001/experiments/datasets/swagen/audio/common_voice_sw_36386040.wav	kikombe kimechafuliwa na mtoto 	1
/scratch/skscla001/experiments/datasets/swagen/audio/common_voice_sw_36381186.wav	ametuma salamu zake za rambirambi na kuahidi watakuwa tayari 	1
/scratch/skscla001/experiments/datasets/swagen/audio/common_voice_sw_36385354.wav	inaratibu mchakato wa viwango na mikakati ya mifumo ya malipo 	1
/scratch/skscla001/experiments/datasets/swagen/audio/common_voice_sw_30671855.wav	congo iliichapa mali mabao matatu kwa mawili 	1
/scratch/skscla001/experiments/datasets/swagen/audio/common_voice_sw_28681667.wav	tangu kale anaheshimiwa na kanisa lake kama mtakatifu 	1
/scratch/skscla001/experiments/datasets/swagen/audio/common_voice_sw_30634759.wav	miaka miswili na zaidi nilikula kilichokuwa kifuani pake 	1
/scratch/skscla001/experiments/datasets/swagen/audio/common_voice_sw_34746410.wav	barack obama akiwa katika ziara yake ya siku kumi huko barani asia 	1
/scratch/skscla001/experiments/datasets/swagen/audio/common_voice_sw_30148245.wav	maporomoko ya maji malamba yanapatikana mkoani mbeya tanzania 	1
/scratch/skscla001/experiments/datasets/swagen/audio/common_voice_sw_35107988.wav	hii leo katika ligi ya kombe la ligi nchini humo kopa italia 	1
/scratch/skscla001/experiments/datasets/swagen/audio/common_voice_sw_29686659.wav	kuna namna mbalimbali ya kutaja mipaka ya siberia 	1
/scratch/skscla001/experiments/datasets/swagen/audio/common_voice_sw_29796765.wav	tembo jike hubeba mimba kwa miezi ishirini na nne 	1
/scratch/skscla001/experiments/datasets/swagen/audio/common_voice_sw_29896654.wav	nyota wa italia fabio canavaro alianza kucheza kombe la dunia 	1
/scratch/skscla001/experiments/datasets/swagen/audio/common_voice_sw_36381701.wav	mgonjwa wa kisukari anahitaji uangalizi wa karibu sana 	1
/scratch/skscla001/experiments/datasets/swagen/audio/common_voice_sw_28704207.wav	iko katika kaskazini ya nchi 	1
/scratch/skscla001/experiments/datasets/swagen/audio/common_voice_sw_30181644.wav	pia waha ni wavuvi wa samaki katika ziwa tanganyika mto malagarasi na mto rwiche 	1
/scratch/skscla001/experiments/datasets/swagen/audio/common_voice_sw_30007254.wav	tena wanasikitikia jinsi alivyohamasisha watawala kukomesha wakulima 	1
/scratch/skscla001/experiments/datasets/swagen/audio/common_voice_sw_29728304.wav	wiki ni nyanja za utafiti mwingi 	1
/scratch/skscla001/experiments/datasets/swagen/audio/common_voice_sw_35108006.wav	kuweza kumaliza mtafaruku uliojitokeza 	1
/scratch/skscla001/experiments/datasets/swagen/audio/common_voice_sw_29962343.wav	timu ya taifa ya ureno ilitolewa na hispania kwa penati 	1
/scratch/skscla001/experiments/datasets/swagen/audio/common_voice_sw_36042404.wav	itawagusa raia wote wa marekani bila kujali mwenye anacho 	1
/scratch/skscla001/experiments/datasets/swagen/audio/common_voice_sw_37087176.wav	bi anita alisema hata yeye anashangaa maana hamna mtu aliemwambia juu ya safari yake 	1
/scratch/skscla001/experiments/datasets/swagen/audio/common_voice_sw_30323459.wav	wanadamu wanampenda sana kuishi karibu na tausi 	1
/scratch/skscla001/experiments/datasets/swagen/audio/common_voice_sw_28660883.wav	taarifa hiyo inaweza kuwa kamili au la 	1
/scratch/skscla001/experiments/datasets/swagen/audio/common_voice_sw_28660697.wav	hivyo mzizi wa asili ni mzizi ambao hutokana na kitenzi halisi 	1
/scratch/skscla001/experiments/datasets/swagen/audio/common_voice_sw_37090435.wav	zeno alijenga balcony iliyozuia maoni ya anthemius au zaidi ya kushinda mahakamani 	1
/scratch/skscla001/experiments/datasets/swagen/audio/common_voice_sw_36039605.wav	dube alikuwa akiendesha gari lake la aina ya chrysler 	1
/scratch/skscla001/experiments/datasets/swagen/audio/common_voice_sw_28695360.wav	duniani kasoko zinapatikana mara nyingi kutokana na milipuko ya volkeno au milipuko mingine 	1
/scratch/skscla001/experiments/datasets/swagen/audio/common_voice_sw_30323933.wav	hadi mia nne sitini na saba katika mwaka elfu moja mia tisa sabini 	1
/scratch/skscla001/experiments/datasets/swagen/audio/common_voice_sw_36251191.wav	wamisionari wakatoliki wa karne zile walifanya mara nyingi kosa la kutofundisha kiasi cha kutosha 	1
/scratch/skscla001/experiments/datasets/swagen/audio/common_voice_sw_30007117.wav	mchezaji bora wa kombe la dunia alikuwa giasinto faccheff 	1
/scratch/skscla001/experiments/datasets/swagen/audio/common_voice_sw_30326744.wav	biashara hii ilifanyika kwa muda mrefu sana 	1
/scratch/skscla001/experiments/datasets/swagen/audio/common_voice_sw_29935937.wav	nono alikuwa mtawala wa mwisho wa wenyeji asilia 	1
/scratch/skscla001/experiments/datasets/swagen/audio/common_voice_sw_29963209.wav	inapatikana mkoani morogoro na ilianzishwa mwaka wa elfu moja mia tisa sitini na nne 	1
/scratch/skscla001/experiments/datasets/swagen/audio/common_voice_sw_35107937.wav	anikisha uchumi wa taifa hilo kuimarika kwa aslimia saba nukta tano mwaka huu 	1
/scratch/skscla001/experiments/datasets/swagen/audio/common_voice_sw_29697051.wav	alikwenda pia ujerumani mara kadhaa kama mgeni wa kaisari 	1
/scratch/skscla001/experiments/datasets/swagen/audio/common_voice_sw_36319261.wav	ulileta matatizo makubwa kwa uchumi na hata njaa kwa 	1
/scratch/skscla001/experiments/datasets/swagen/audio/common_voice_sw_29752935.wav	kiko upande wa kusini magharibi wa kisiwa cha hao 	1
/scratch/skscla001/experiments/datasets/swagen/audio/common_voice_sw_29955149.wav	tanzania ilianza kutumia bendera yake baada ya uhuru 	1
/scratch/skscla001/experiments/datasets/swagen/audio/common_voice_sw_29685407.wav	je ninyi si wa thamani kuliko hao 	1
/scratch/skscla001/experiments/datasets/swagen/audio/common_voice_sw_30183202.wav	fanya mazoezi kwenye sehemu zenye milima na uongeze uzito 	1
/scratch/skscla001/experiments/datasets/swagen/audio/common_voice_sw_28815232.wav	kwa maana hii ya kawaida nchi ni kitengo cha kisiasa katika eneo maalumu 	1
/scratch/skscla001/experiments/datasets/swagen/audio/common_voice_sw_30631065.wav	anasema zuhura ambaye ni mwanamke wa kwanza kutangaza kipindi cha televisheni 	1
/scratch/skscla001/experiments/datasets/swagen/audio/common_voice_sw_30081512.wav	ipo umbali wa kilometa mia mbili themanini na tatu magharibi kwa dar es salaam 	1
/scratch/skscla001/experiments/datasets/swagen/audio/common_voice_sw_30180459.wav	kati ya hao kuna wanaocheza timu za ligi kuu ulaya 	1
/scratch/skscla001/experiments/datasets/swagen/audio/common_voice_sw_29796842.wav	watu wanaamini kuwa mashindano ya urembo hayana maana 	1
/scratch/skscla001/experiments/datasets/swagen/audio/common_voice_sw_29942179.wav	hutoa huduma kwa wageni wanaotembelea hifadhi ya ziwa manyara 	1
/scratch/skscla001/experiments/datasets/swagen/audio/common_voice_sw_34764221.wav	wasema ni wa luobaadhi ya jamii ya wajaluo wanaoaminika kwamba walikuwa wabantu na 	1
/scratch/skscla001/experiments/datasets/swagen/audio/common_voice_sw_37099006.wav	nafasi za juu au hata ikiwezekana nafasi moja kati ya zile mbili 	1
/scratch/skscla001/experiments/datasets/swagen/audio/common_voice_sw_28682603.wav	aliendelea kuchora picha nyingi za dini juu ya habari na watu wa biblia 	1
/scratch/skscla001/experiments/datasets/swagen/audio/common_voice_sw_36945353.wav	sana yesu alipokamatwa petro alitaka kutumia upanga wake ili amtetee 	1
/scratch/skscla001/experiments/datasets/swagen/audio/common_voice_sw_30182045.wav	nchi ya nigeria ilikuwa na nyota kama victor ikpeba na emmanuel amunike 	1
/scratch/skscla001/experiments/datasets/swagen/audio/common_voice_sw_30114735.wav	akinyonyesha mtoto maziwa yatoke kwa wingi 	1
/scratch/skscla001/experiments/datasets/swagen/audio/common_voice_sw_36384055.wav	irudi kule ilipokuwa miaka ishirini iliokwisha wakati tulikuwa 	1
/scratch/skscla001/experiments/datasets/swagen/audio/common_voice_sw_31441303.wav	kipato chake kikitokana na kazi ya utumishi wa ndani ambacho hakikutosha 	1
/scratch/skscla001/experiments/datasets/swagen/audio/common_voice_sw_29956856.wav	afisa wa waandishi wa habari anaweza kuwafundisha imani na kupokea taarifa muhimu 	1
/scratch/skscla001/experiments/datasets/swagen/audio/common_voice_sw_31305524.wav	chombo hicho kilikuwa hutengenezwa na magome ya miti na kilitumika 	1
/scratch/skscla001/experiments/datasets/swagen/audio/common_voice_sw_28582977.wav	leo hii idadi kubwa ya wakazi ni wa asili ya kihindi 	1
/scratch/skscla001/experiments/datasets/swagen/audio/common_voice_sw_29787628.wav	yapo madai kuwa ilikuwa imebeba zaidi ya abiria elfu moja mia mbili 	1
/scratch/skscla001/experiments/datasets/swagen/audio/common_voice_sw_29937602.wav	kwa mujibu wa ushuhuda wake kuna sauti ilimwambia ni dhahiri kuwa mungu alimtendea makuu 	1
/scratch/skscla001/experiments/datasets/swagen/audio/common_voice_sw_29993434.wav	mechi nyingi za michuano la kombe la dunia zilifanyika mjini azteca 	1
/scratch/skscla001/experiments/datasets/swagen/audio/common_voice_sw_28995030.wav	ndio mwisho wa amerika kuelekea ncha ya kaskazini 	1
/scratch/skscla001/experiments/datasets/swagen/audio/common_voice_sw_30380907.wav	kati yao wanawake ni elfu ishirini na tano mia saba na nne 	1
/scratch/skscla001/experiments/datasets/swagen/audio/common_voice_sw_29822618.wav	uchimbaji wa madini ya kobalti unatoa fursa nyingi sana kwa taifa hilo 	1
/scratch/skscla001/experiments/datasets/swagen/audio/common_voice_sw_29996618.wav	miongo kadhaa aliyotumikia kifungo haikumvunja nguvu 	1
/scratch/skscla001/experiments/datasets/swagen/audio/common_voice_sw_36320105.wav	akikanusha taarifa kwamba nyumbu wengi bado wako kenya 	1
/scratch/skscla001/experiments/datasets/swagen/audio/common_voice_sw_30327634.wav	dalili kuu na ishara tofauti pamoja na hatua za kifua kikuu zinajulikana saba 	1
/scratch/skscla001/experiments/datasets/swagen/audio/common_voice_sw_37226165.wav	uchaguzi ulirudiwa tena mwaka elfu mbili na kumi na sita 	1
/scratch/skscla001/experiments/datasets/swagen/audio/common_voice_sw_31304575.wav	asili yake ni kutoka kwa wanawake wa zanzibar katika karne ya kumi na tisa 	1
/scratch/skscla001/experiments/datasets/swagen/audio/common_voice_sw_30583021.wav	magonjwa ya zinaa ni miongoni mwa maambukizi yanayofahamika sana 	1
/scratch/skscla001/experiments/datasets/swagen/audio/common_voice_sw_29406534.wav	kufuatana na uainishaji wa lugha kwa ndani zaidi kilele iko katika kundi la kichadiki 	1
/scratch/skscla001/experiments/datasets/swagen/audio/common_voice_sw_29977787.wav	mashabiki wanataka kuona soka safisoka la kwenye kitabu ndilo linalotakiwa 	1
/scratch/skscla001/experiments/datasets/swagen/audio/common_voice_sw_30327479.wav	mapango haya yana historia ya kushangaza 	1
/scratch/skscla001/experiments/datasets/swagen/audio/common_voice_sw_36390421.wav	dhambi zangu zote wala si nusu 	1
/scratch/skscla001/experiments/datasets/swagen/audio/common_voice_sw_30579044.wav	hii ya mwisho inaweza ikahitaji mjadala kidogo 	1
/scratch/skscla001/experiments/datasets/swagen/audio/common_voice_sw_37093211.wav	daktari alimtibu mgonjwa aliyekuwa hali mahututi 	1
/scratch/skscla001/experiments/datasets/swagen/audio/common_voice_sw_30021056.wav	kata ya kilomeni mwaka wa elfu moja mia tisa na tisa 	1
/scratch/skscla001/experiments/datasets/swagen/audio/common_voice_sw_29516295.wav	alitunga shairi juu ya miungu na mapenzi 	1
/scratch/skscla001/experiments/datasets/swagen/audio/common_voice_sw_29795457.wav	kenya ilipendelewa kwa misaada ikasonga mbele na hasa katika sekta ya viwanda 	1
/scratch/skscla001/experiments/datasets/swagen/audio/common_voice_sw_30143873.wav	huyo ndio mnyama simba kwa ufupi kuanzia miaka kadhaa nyuma 	1
/scratch/skscla001/experiments/datasets/swagen/audio/common_voice_sw_29892402.wav	wakati huo inasemekana kwa afrika watu walikua tayari wameanza kupata ugonjwa huu 	1
/scratch/skscla001/experiments/datasets/swagen/audio/common_voice_sw_28582834.wav	papa gregori i aliandika juu yake sura moja ya kitabu cha majadiliano 	1
/scratch/skscla001/experiments/datasets/swagen/audio/common_voice_sw_30180281.wav	tangu wakati huo mji umendelea kupata umaarufu hadi sasa 	1
/scratch/skscla001/experiments/datasets/swagen/audio/common_voice_sw_28583628.wav	kwenye maziwa makubwa na pwani ya bahari hindi kuna pia usafiri wa meli 	1
/scratch/skscla001/experiments/datasets/swagen/audio/common_voice_sw_29183090.wav	zilikuwa na maandishi ya kiarabu upande mmoja na maandishi ya kijerumani nyuma yake 	1
/scratch/skscla001/experiments/datasets/swagen/audio/common_voice_sw_30187471.wav	wanahistoria wanasimulia historia nyingi za viongozi mbalimbali 	1
/scratch/skscla001/experiments/datasets/swagen/audio/common_voice_sw_28690539.wav	kiini ni pia mahali pa kutokea kwa joto 	1
/scratch/skscla001/experiments/datasets/swagen/audio/common_voice_sw_36013849.wav	watu wa ghorofani ni wazuri 	1
/scratch/skscla001/experiments/datasets/swagen/audio/common_voice_sw_28662091.wav	tarakilishi ni nzuri kwa kufuata amri na kuhifadhi vitu muhimu 	1
/scratch/skscla001/experiments/datasets/swagen/audio/common_voice_sw_30200824.wav	wengi waliamini kuwa ukatili aliyoufanya zilikuwa ni mbinu za kumchafua 	1
/scratch/skscla001/experiments/datasets/swagen/audio/common_voice_sw_30586093.wav	nywele hizo hupakwa mafuta ya wanyama na mchanga mwekundu 	1
/scratch/skscla001/experiments/datasets/swagen/audio/common_voice_sw_36388888.wav	anasonga ugali 	1
/scratch/skscla001/experiments/datasets/swagen/audio/common_voice_sw_30668386.wav	mwaka elfu moja mia tisa tisini na tano 	1
/scratch/skscla001/experiments/datasets/swagen/audio/common_voice_sw_29805649.wav	nyimbo za kupinga ubaguzi wa rangi zilisikika afrika kusini 	1
/scratch/skscla001/experiments/datasets/swagen/audio/common_voice_sw_30209922.wav	vikosi vya libya na uganda vilisalimu amri na kukimbia 	1
/scratch/skscla001/experiments/datasets/swagen/audio/common_voice_sw_31356169.wav	waziri mkuu wa sultani alikuwa mwingereza aliyepokea amri kutoka london 	1
/scratch/skscla001/experiments/datasets/swagen/audio/common_voice_sw_31950645.wav	tumepamabana mpaka mwisho wa nguvu zetu 	1
/scratch/skscla001/experiments/datasets/swagen/audio/common_voice_sw_28695161.wav	nje ya kutunga mashairi mengi aliandika pia insha na kutafsiri 	1
/scratch/skscla001/experiments/datasets/swagen/audio/common_voice_sw_29898087.wav	alifanya masomo ya mawasiliano ya jamii katika taasisi ya mafunzo ya jamii nyegezi mwanza 	1
/scratch/skscla001/experiments/datasets/swagen/audio/common_voice_sw_29903373.wav	huku wengine wakijiajiri wenyewe katika shughuli za uchimbaji wa madini 	1
/scratch/skscla001/experiments/datasets/swagen/audio/common_voice_sw_29958302.wav	walipokonywa mali na mashamba yao bila kulipwa fidia 	1
/scratch/skscla001/experiments/datasets/swagen/audio/common_voice_sw_36382156.wav	hata wakati wa vita vyake dhidi ya wajerumani mkwawa aliwaheshimu wageni wake h 	1
/scratch/skscla001/experiments/datasets/swagen/audio/common_voice_sw_29291954.wav	ni kundi kubwa la burudani studio ya filamu na studio ya rekodi 	1
/scratch/skscla001/experiments/datasets/swagen/audio/common_voice_sw_30026004.wav	ushirikiano hauwezi kuja bila kuwa na demokrasia 	1
/scratch/skscla001/experiments/datasets/swagen/audio/common_voice_sw_37098222.wav	ee hiki ni kibanda huu mchezo unakwenda wapi 	1
/scratch/skscla001/experiments/datasets/swagen/audio/common_voice_sw_29945221.wav	malatwe umekuwa kero kwa walimu wote 	1
/scratch/skscla001/experiments/datasets/swagen/audio/common_voice_sw_30182789.wav	hapo wageni hao walikariri kuwa waha kwa kuchukua neno ha 	1
/scratch/skscla001/experiments/datasets/swagen/audio/common_voice_sw_36067364.wav	kanisa la mtakatifu george lalibela na ethiopia lilichongwa lote katika mwamba 	1
/scratch/skscla001/experiments/datasets/swagen/audio/common_voice_sw_28739856.wav	kutokana na juhudi zake upigaji picha ukawa kazi yake katika sanaa 	1
/scratch/skscla001/experiments/datasets/swagen/audio/common_voice_sw_37090665.wav	kati ya makundi katika jamii mapinduzi ya kiteknolojia ya 	1
/scratch/skscla001/experiments/datasets/swagen/audio/common_voice_sw_30365311.wav	baadhi ya wadau hao ni kilimo cha biashara karagwe 	1
/scratch/skscla001/experiments/datasets/swagen/audio/common_voice_sw_28592247.wav	kazi ya kwanza ni kujenga msingi wa njia ya reli 	1
/scratch/skscla001/experiments/datasets/swagen/audio/common_voice_sw_30091555.wav	wakati wa misiba sherehe na hata kwenye matukio ya kijamii walisaidiana kwa upendo 	1
/scratch/skscla001/experiments/datasets/swagen/audio/common_voice_sw_30334849.wav	anatajwa kuwa ndiye chachu ya timu hiyo kuitwa jina la simba 	1
/scratch/skscla001/experiments/datasets/swagen/audio/common_voice_sw_36318657.wav	mipango kuwahimiza wamasai kuachana na jadi ya uhamaji ili kuishi maisha ya kisasa bado 	1
/scratch/skscla001/experiments/datasets/swagen/audio/common_voice_sw_28306009.wav	tangu kale anaheshimiwa na waorthodoksi wakatoliki na waanglikana kama mtakatifu 	1
/scratch/skscla001/experiments/datasets/swagen/audio/common_voice_sw_30180214.wav	inaangukia katika eneo la uoto wa asili wa maeneo makame 	1
/scratch/skscla001/experiments/datasets/swagen/audio/common_voice_sw_30363996.wav	bernard ndiye mmiliki wa kampuni ya mitindo ya louis vuitton na sephora 	1
/scratch/skscla001/experiments/datasets/swagen/audio/common_voice_sw_30628324.wav	kwa kawaida malindi umekuwa mji na bandari ya kirafiki 	1
/scratch/skscla001/experiments/datasets/swagen/audio/common_voice_sw_30233707.wav	imani ya kuwapo mizimu iliondoka kwa asilimia kubwa 	1
/scratch/skscla001/experiments/datasets/swagen/audio/common_voice_sw_29638989.wav	taarifa kuhusu masoko zinaweza kupatikana kutoka vyanzo mbalimbali na na mbinu 	1
/scratch/skscla001/experiments/datasets/swagen/audio/common_voice_sw_29796095.wav	china inanununua wachezaji wanaokaribia kusitaafu 	1
/scratch/skscla001/experiments/datasets/swagen/audio/common_voice_sw_36067422.wav	washawishi mashahidi kusema kile ambacho 	1
/scratch/skscla001/experiments/datasets/swagen/audio/common_voice_sw_30233704.wav	tanzania ingekuwa na mto unaotoa maji ziwa nyasa ingekuwa na fursa nyingi za ajira 	1
/scratch/skscla001/experiments/datasets/swagen/audio/common_voice_sw_29434826.wav	mume wake alichukua nafasi kubwa katika kumsaidia juu ya sanaa yake 	1
/scratch/skscla001/experiments/datasets/swagen/audio/common_voice_sw_28670250.wav	walikuwa wana wawili na mabinti wawili 	1
/scratch/skscla001/experiments/datasets/swagen/audio/common_voice_sw_30635682.wav	kuongeza vitu vipya ambavyo vinaendana na karne hii 	1
/scratch/skscla001/experiments/datasets/swagen/audio/common_voice_sw_29796038.wav	wapo waliodai kuwa asili ya neno waha au ha 	1
/scratch/skscla001/experiments/datasets/swagen/audio/common_voice_sw_30671871.wav	kwenye nafasi mojawapo za nyuma na kumuweka kama mshambuliaji 	1
/scratch/skscla001/experiments/datasets/swagen/audio/common_voice_sw_29994875.wav	alifanya masomo ya falsafa katika seminari kuu ya peremiho songea 	1
/scratch/skscla001/experiments/datasets/swagen/audio/common_voice_sw_31370878.wav	kuna majengo yenye usanifu usioelemea pande hizi 	1
/scratch/skscla001/experiments/datasets/swagen/audio/common_voice_sw_30220986.wav	karume alichangia kuazishwa kwa timu nyingi visiwani humo 	1
/scratch/skscla001/experiments/datasets/swagen/audio/common_voice_sw_31853565.wav	anzaa mtoto gani 	1
/scratch/skscla001/experiments/datasets/swagen/audio/common_voice_sw_30114895.wav	kaburi lilipambwa kwa kusimamisha ubao mguuni na sanamu ya ubao 	1
/scratch/skscla001/experiments/datasets/swagen/audio/common_voice_sw_36617362.wav	ibrah young lunya baraka da prince lady jay dee baba levo kutoka nchini tanzania 	1
/scratch/skscla001/experiments/datasets/swagen/audio/common_voice_sw_28814702.wav	kufuatana na uainishaji wa lugha kwa ndani zaidi kimur pano iko katika kundi la kioseaniki 	1
/scratch/skscla001/experiments/datasets/swagen/audio/common_voice_sw_29657692.wav	hasa anajulikana kwa kugundua elektroni 	1
/scratch/skscla001/experiments/datasets/swagen/audio/common_voice_sw_30043856.wav	masomo ya sekondari ya awali katika seminari ya katoke biharamulo 	1
/scratch/skscla001/experiments/datasets/swagen/audio/common_voice_sw_29627349.wav	mkoa huu una sehemu mbili una upande wa ulaya na upande ni asia 	1
/scratch/skscla001/experiments/datasets/swagen/audio/common_voice_sw_36383840.wav	la kifo na ufufuko wake mwenyewe kitabu kitakatifu cha 	1
/scratch/skscla001/experiments/datasets/swagen/audio/common_voice_sw_29846305.wav	kuliko wanazokumbana nazo katika majukumu yao ya kila siku 	1
/scratch/skscla001/experiments/datasets/swagen/audio/common_voice_sw_36383687.wav	ya misitu kila kwa urefu na kwa upana 	1
/scratch/skscla001/experiments/datasets/swagen/audio/common_voice_sw_28819834.wav	eksirei ya matiti 	1
/scratch/skscla001/experiments/datasets/swagen/audio/common_voice_sw_29787552.wav	niliwahi kuamka mapema nikafanye mtihani wangu 	1
/scratch/skscla001/experiments/datasets/swagen/audio/common_voice_sw_30181515.wav	anasema mafanikio ya kisiwa hicho yaliendelea hadi karne ya kumi na nne 	1
/scratch/skscla001/experiments/datasets/swagen/audio/common_voice_sw_29898595.wav	vijana wa kiume ni walilishwa kwa kupigwa mijeledi wakiwa uchi 	1
/scratch/skscla001/experiments/datasets/swagen/audio/common_voice_sw_29988662.wav	uchaguzi wa pili wa mwaka huo wa elfu moja mia tisa sabini na nane 	1
/scratch/skscla001/experiments/datasets/swagen/audio/common_voice_sw_28814609.wav	manyoya yao ni magumu lakini siyo kama yale ya vipanya miiba 	1
/scratch/skscla001/experiments/datasets/swagen/audio/common_voice_sw_29574548.wav	spishi zote ni nene zenye mkia mfupi na manyoya mazito 	1
/scratch/skscla001/experiments/datasets/swagen/audio/common_voice_sw_28695393.wav	jina lake la kuzaliwa lilikuwa pia yohane 	1
/scratch/skscla001/experiments/datasets/swagen/audio/common_voice_sw_37097520.wav	kuanzia mwaka elfu moja mia saba themanini na nne 	1
/scratch/skscla001/experiments/datasets/swagen/audio/common_voice_sw_30114485.wav	huwa wamedhibiti kiwango cha virusi hivyo mwilini kwa kutumia dawa 	1
/scratch/skscla001/experiments/datasets/swagen/audio/common_voice_sw_30674918.wav	alipita madarasa kumi katika muda wa miaka minane 	1
/scratch/skscla001/experiments/datasets/swagen/audio/common_voice_sw_29796792.wav	kutoka arusha mjini na wakati mzuri wa kutembelea hifadhi hii ni 	1
/scratch/skscla001/experiments/datasets/swagen/audio/common_voice_sw_30631046.wav	anafanya kazi ya mitindo kama ajira yake 	1
/scratch/skscla001/experiments/datasets/swagen/audio/common_voice_sw_36386002.wav	ulifanya kazi gani 	1
/scratch/skscla001/experiments/datasets/swagen/audio/common_voice_sw_28670013.wav	kwa kweli utaratibu wa uchunguzi unaweza kuhusisha vipengele vya mbinu nyingi 	1
/scratch/skscla001/experiments/datasets/swagen/audio/common_voice_sw_29624515.wav	katika nchi nyingi huwa na kawaida ya kutembelea pia makaburi ya marehemu 	1
/scratch/skscla001/experiments/datasets/swagen/audio/common_voice_sw_30180978.wav	mataifa yanavutiwa na maonyesho ya blob yanayofanyika kila mwaka 	1
/scratch/skscla001/experiments/datasets/swagen/audio/common_voice_sw_29950528.wav	mapango ya nongoma ni sehemu ambayo watalii wanaweza kujifunza historia 	1
/scratch/skscla001/experiments/datasets/swagen/audio/common_voice_sw_29796658.wav	baada ya wiki kadhaa alitembelea wazazi wake pale mansfeld 	1
/scratch/skscla001/experiments/datasets/swagen/audio/common_voice_sw_36299737.wav	na wamarekani nimejifunza kuwa 	1
/scratch/skscla001/experiments/datasets/swagen/audio/common_voice_sw_28682713.wav	tangu zamani anaheshimiwa kama mtakatifu na babu wa kanisa 	1
/scratch/skscla001/experiments/datasets/swagen/audio/common_voice_sw_36042880.wav	husababisha mtu kupata ugumu kupata haja ndogo 	1
/scratch/skscla001/experiments/datasets/swagen/audio/common_voice_sw_30327202.wav	meli za serikali mia moja na tatu tu 	1
/scratch/skscla001/experiments/datasets/swagen/audio/common_voice_sw_28879681.wav	kabla ya enzi ya kati kulikuwa na ustaarabu wa dola la roma 	1
/scratch/skscla001/experiments/datasets/swagen/audio/common_voice_sw_36013332.wav	miaka ya mwisho qatar imejihusisha na siasa ya mashariki ya kati 	1
/scratch/skscla001/experiments/datasets/swagen/audio/common_voice_sw_34764296.wav	maji mengi duniani maziwa mengine ni pamoja 	1
/scratch/skscla001/experiments/datasets/swagen/audio/common_voice_sw_28670573.wav	sasa hawa ana matumaini kwa maisha yake 	1
/scratch/skscla001/experiments/datasets/swagen/audio/common_voice_sw_28735555.wav	ukubwa wa madume ni nusu ya ule wa majike 	1
/scratch/skscla001/experiments/datasets/swagen/audio/common_voice_sw_30148561.wav	huku wao wakipata njaa kwa sababu ya kutolima mazao ya chakula 	1
/scratch/skscla001/experiments/datasets/swagen/audio/common_voice_sw_36382080.wav	usikuwa na pupa unapofanya vitu 	1
/scratch/skscla001/experiments/datasets/swagen/audio/common_voice_sw_30629720.wav	wazee wataulizia kwanza kama ukoo huo ni wa karibu au wa mbali 	1
/scratch/skscla001/experiments/datasets/swagen/audio/common_voice_sw_29915745.wav	wamarekani na waingereza walipeleka wanajeshi kusini mwa italia 	1
/scratch/skscla001/experiments/datasets/swagen/audio/common_voice_sw_30258329.wav	kuua wakati wa vita ni kama kucheza tu na wakiwa na hasira 	1
/scratch/skscla001/experiments/datasets/swagen/audio/common_voice_sw_30470954.wav	watu wanapata ajira kwa kuwa waongoza watalii kwenye hifadhi 	1
/scratch/skscla001/experiments/datasets/swagen/audio/common_voice_sw_29434675.wav	serikali za kwanza zilikuwa na matatizo ya kisiasa 	1
/scratch/skscla001/experiments/datasets/swagen/audio/common_voice_sw_29787561.wav	wananchi walitokea kumuamini sokoine kuliko nyerere 	1
/scratch/skscla001/experiments/datasets/swagen/audio/common_voice_sw_31329286.wav	sababu kubwa ya vita vya majimaji ni ardhi 	1
/scratch/skscla001/experiments/datasets/swagen/audio/common_voice_sw_29795595.wav	kaunda alitangazwa kuwa raia wa nchi ya kigeni yaani msumbiji 	1
/scratch/skscla001/experiments/datasets/swagen/audio/common_voice_sw_32210868.wav	wanafunzi wamemaliza mtihani 	1
/scratch/skscla001/experiments/datasets/swagen/audio/common_voice_sw_28669383.wav	magharibi iko morogoro vijijini na upande wa mashariki wilaya inapakana na bahari ya hindi 	1
/scratch/skscla001/experiments/datasets/swagen/audio/common_voice_sw_30180791.wav	watafiti hawajawahi kutambua jinsia ya blob 	1
/scratch/skscla001/experiments/datasets/swagen/audio/common_voice_sw_29432366.wav	asili ya jina haijulikani 	1
/scratch/skscla001/experiments/datasets/swagen/audio/common_voice_sw_31409707.wav	maeneo mengine na kupanuliwa kwa jamii hiyo 	1
/scratch/skscla001/experiments/datasets/swagen/audio/common_voice_sw_29144819.wav	asali hujenga afya 	1
/scratch/skscla001/experiments/datasets/swagen/audio/common_voice_sw_36807751.wav	wakti kule afrika ya kati ni saa kumi na moja 	1
/scratch/skscla001/experiments/datasets/swagen/audio/common_voice_sw_31797427.wav	wakoloni walikuwa na nia zaidi kenye ardhi nzuri ya wamasai 	1
/scratch/skscla001/experiments/datasets/swagen/audio/common_voice_sw_28878449.wav	ni makao makuu ya mkoa wa mara 	1
/scratch/skscla001/experiments/datasets/swagen/audio/common_voice_sw_37084977.wav	kuna vivutio kama vile mji mkongwe wa zanzibar 	1
/scratch/skscla001/experiments/datasets/swagen/audio/common_voice_sw_30057773.wav	raul gonzalez mfumania nyavu wa hispania alicheza madrid 	1
/scratch/skscla001/experiments/datasets/swagen/audio/common_voice_sw_28999954.wav	pijini ni lugha za nyongeza si lugha mama 	1
/scratch/skscla001/experiments/datasets/swagen/audio/common_voice_sw_29618169.wav	pia ni wimbo pekee kutoka katika albamu kuwa na muziki wa video 	1
/scratch/skscla001/experiments/datasets/swagen/audio/common_voice_sw_29850241.wav	hakikisha unaondoa ngozi zilizokufa mara kwa mara 	1
/scratch/skscla001/experiments/datasets/swagen/audio/common_voice_sw_30220815.wav	alisema maneno ambayo hakujua kama yataishi 	1
/scratch/skscla001/experiments/datasets/swagen/audio/common_voice_sw_30661154.wav	xavi alipoanza kucheza timu ya taifa alifanya vizuri sana 	1
/scratch/skscla001/experiments/datasets/swagen/audio/common_voice_sw_29936854.wav	kiasi cha barafu juu ya mlima ni kidogo sana kuliko kiasi cha maji 	1
/scratch/skscla001/experiments/datasets/swagen/audio/common_voice_sw_36390353.wav	na kuteketeza nyumba hamsini tisa kwa siku ya pili sasa 	1
/scratch/skscla001/experiments/datasets/swagen/audio/common_voice_sw_30204501.wav	mwanzoni sikukuu hii ya nane nane iliitwa saba saba 	1
/scratch/skscla001/experiments/datasets/swagen/audio/common_voice_sw_30635689.wav	mheshimiwa majaliwa ameidhiniswa kuwa waziri mkuu 	1
/scratch/skscla001/experiments/datasets/swagen/audio/common_voice_sw_29899494.wav	jina hilo lilitolewa na serikali ya tanganyika 	1
/scratch/skscla001/experiments/datasets/swagen/audio/common_voice_sw_28819457.wav	majukumu hutofautiana kulingana na kazi na ukubwa wa shirika 	1
/scratch/skscla001/experiments/datasets/swagen/audio/common_voice_sw_36299712.wav	hadi kufika calicutndani ya bara hindi 	1
/scratch/skscla001/experiments/datasets/swagen/audio/common_voice_sw_35412375.wav	kwamba haki za binadamu zinaheshimiwa mfano haki ya kupata elimu afya 	1
/scratch/skscla001/experiments/datasets/swagen/audio/common_voice_sw_31662592.wav	wakamchagua mandela kuwa kiongozi wa kisiasa gerezani kama alivyokuwa nje ya gereza 	1
/scratch/skscla001/experiments/datasets/swagen/audio/common_voice_sw_29986407.wav	mnyama huyo licha ya sifa hiyo anasifa nyingi nyingi katika maisha yake 	1
/scratch/skscla001/experiments/datasets/swagen/audio/common_voice_sw_30634525.wav	anarudia ulinganifu kati ya makundi ya wakaazi mbalimbali 	1
/scratch/skscla001/experiments/datasets/swagen/audio/common_voice_sw_36388884.wav	madarakani kutokana na kusumbuliwa na maradhi ya tumbo 	1
/scratch/skscla001/experiments/datasets/swagen/audio/common_voice_sw_29905139.wav	flaviana aliweza kusaidia baadhi ya wasichana 	1
/scratch/skscla001/experiments/datasets/swagen/audio/common_voice_sw_37093044.wav	hao waliokua 	1
/scratch/skscla001/experiments/datasets/swagen/audio/common_voice_sw_28695758.wav	hujenga tago lao juu ya mti msituni 	1
/scratch/skscla001/experiments/datasets/swagen/audio/common_voice_sw_29805176.wav	kuna makadirio ya kwamba jumla ya watu laki moja hadi laki tano waliuawa 	1
/scratch/skscla001/experiments/datasets/swagen/audio/common_voice_sw_31306394.wav	sasa naye nabii ismail na huko akaoa 	1
/scratch/skscla001/experiments/datasets/swagen/audio/common_voice_sw_28681155.wav	isichanganywe na kibete ya nigeria 	1
/scratch/skscla001/experiments/datasets/swagen/audio/common_voice_sw_32090802.wav	vanavake vamechangadhiwa kuwa mwaka huu hakuna harusi 	1
/scratch/skscla001/experiments/datasets/swagen/audio/common_voice_sw_30450842.wav	mangi shangali alitokea alitokea katika ukoo wa mushi kutoka machame 	1
/scratch/skscla001/experiments/datasets/swagen/audio/common_voice_sw_30319991.wav	ulisimamiwa na aliyekuwa mkuu wa mkoa wa ruvuma daktari christine ishengoma 	1
/scratch/skscla001/experiments/datasets/swagen/audio/common_voice_sw_30183457.wav	safari yangu katika siasa imekuwa njia ndefu na yenye tija 	1
/scratch/skscla001/experiments/datasets/swagen/audio/common_voice_sw_35132373.wav	hata ukipenda kweli huwezi jua sababu ni siri ya moyo wako 	1
/scratch/skscla001/experiments/datasets/swagen/audio/common_voice_sw_30635653.wav	je ni kampuni zipi nyinginezo hutumika kutotoa huduma hiyo hifadhini 	1
/scratch/skscla001/experiments/datasets/swagen/audio/common_voice_sw_36381301.wav	wasimulizi na waandishi wa fasihi huhitaji kuwa na ukwasi wa lugha 	1
/scratch/skscla001/experiments/datasets/swagen/audio/common_voice_sw_29897031.wav	kabla ya miss tanzania alishindana katika miss kurasini elfu mbili na sita 	1
/scratch/skscla001/experiments/datasets/swagen/audio/common_voice_sw_30025126.wav	wanaume wana fimbo ambazo huwakilisha kazi yao kubwa ya ufugaji 	1
/scratch/skscla001/experiments/datasets/swagen/audio/common_voice_sw_30017577.wav	wasukuma hao walitokea shinyanga na mwanza miaka mingi iliyopita kutoka magharibi 	1
/scratch/skscla001/experiments/datasets/swagen/audio/common_voice_sw_36945694.wav	inatoa wito wa kuzingatia jukumu muhimu la waandishi wa habari 	1
/scratch/skscla001/experiments/datasets/swagen/audio/common_voice_sw_31306585.wav	messi alikuwa anafanya anachotaka uwanjani 	1
/scratch/skscla001/experiments/datasets/swagen/audio/common_voice_sw_30365466.wav	mkuu sijamuona mimi nilikuwa kule chooni 	1
/scratch/skscla001/experiments/datasets/swagen/audio/common_voice_sw_36042045.wav	ni wewe wa kuabudiwa ni wewe tena sana 	1
/scratch/skscla001/experiments/datasets/swagen/audio/common_voice_sw_29996144.wav	sudan wakapoteza fainali ya pili ya mataifa ya afrika dhidi ya waghnana 	1
/scratch/skscla001/experiments/datasets/swagen/audio/common_voice_sw_32210586.wav	katika mazungumzo yetu tumeafikiana 	1
/scratch/skscla001/experiments/datasets/swagen/audio/common_voice_sw_29997174.wav	tumekukusanyia baadhi ya sababu zinazopelekea watu wengi kupendelea kwenda kutalii mkoa wa tanga 	1
/scratch/skscla001/experiments/datasets/swagen/audio/common_voice_sw_29182621.wav	mwaka uliofuata aliigiza kama mwanafunzi djamila kwenye reviravolta 	1
/scratch/skscla001/experiments/datasets/swagen/audio/common_voice_sw_29996928.wav	serikali iliendeleza mfumo wa kiutawala ngazi ya serikali kuu na serikali za mitaa 	1
/scratch/skscla001/experiments/datasets/swagen/audio/common_voice_sw_30081414.wav	lakini sio eneo la feli tu linalouza samaki 	1
/scratch/skscla001/experiments/datasets/swagen/audio/common_voice_sw_29796307.wav	ubovu wa barabara hizo umechangia kwa kiasi kikubwa kukwamisha usafirishaji wa pembejeo 	1
/scratch/skscla001/experiments/datasets/swagen/audio/common_voice_sw_30671877.wav	kiligundulika muda mrefu sana na wanakijiji wa eneo hilo 	1
/scratch/skscla001/experiments/datasets/swagen/audio/common_voice_sw_29861615.wav	ngorongoro ndiyo huwavutia zaidi watu na kuwafanya kufunga safari kuja tanzania 	1
/scratch/skscla001/experiments/datasets/swagen/audio/common_voice_sw_36616941.wav	kwenye mataifa ishirini na nane ulimwenguni 	1
/scratch/skscla001/experiments/datasets/swagen/audio/common_voice_sw_30215536.wav	yaliyotegemea uelekeo wa kuvuma kwa upepo ili wasafirishe malighafi hizo zilizovunwa afrika 	1
/scratch/skscla001/experiments/datasets/swagen/audio/common_voice_sw_36382566.wav	mama mjamzito mwenye dalili zote za malaria anapaswa kutibiwa 	1
/scratch/skscla001/experiments/datasets/swagen/audio/common_voice_sw_36386141.wav	uturuki na ugiriki mnamo mwaka wa elfumoja miatisa hamsini na mbili 	1
/scratch/skscla001/experiments/datasets/swagen/audio/common_voice_sw_36389447.wav	meli hiyo ilikuta watu wengi wameshakufa 	1
/scratch/skscla001/experiments/datasets/swagen/audio/common_voice_sw_29958418.wav	ni julius kambarage nyerere na robert gabriel mugabe 	1
/scratch/skscla001/experiments/datasets/swagen/audio/common_voice_sw_36389720.wav	ni katibu mwenezi taifa tanzania labour party 	1
/scratch/skscla001/experiments/datasets/swagen/audio/common_voice_sw_32101606.wav	mwite aje veye 	1
/scratch/skscla001/experiments/datasets/swagen/audio/common_voice_sw_36367892.wav	mfano mzuri ni kile ambacho kinatokea 	1
/scratch/skscla001/experiments/datasets/swagen/audio/common_voice_sw_37225467.wav	uli mbali 	1
/scratch/skscla001/experiments/datasets/swagen/audio/common_voice_sw_28995063.wav	kisiwa chote ni kama mnara wa kihistoria wa asili 	1
/scratch/skscla001/experiments/datasets/swagen/audio/common_voice_sw_29994707.wav	nyerere anakumbukwa na watanzania kutokana na sera zake 	1
/scratch/skscla001/experiments/datasets/swagen/audio/common_voice_sw_29864516.wav	hifadhi kubwa yenye viumbe mbalimbali na tofauti duniani 	1
/scratch/skscla001/experiments/datasets/swagen/audio/common_voice_sw_37225466.wav	linaloibuka linaweza kuhama serikali ya mrengo wa kulia ya brazil 	1
/scratch/skscla001/experiments/datasets/swagen/audio/common_voice_sw_29997851.wav	wapare ni wachapakazi sana wakichanganya kilimo ufugaji na biashara 	1
/scratch/skscla001/experiments/datasets/swagen/audio/common_voice_sw_30025030.wav	theodoros zagora ndiye aliyekuwa nyota wa ugiriki 	1
/scratch/skscla001/experiments/datasets/swagen/audio/common_voice_sw_29993108.wav	mkapa alikuwa na umri wa miaka themanini na moja 	1
/scratch/skscla001/experiments/datasets/swagen/audio/common_voice_sw_28694252.wav	vilabu vya burudani ni pamoja na ala za muziki kwaya na ngoma ya kisasa 	1
/scratch/skscla001/experiments/datasets/swagen/audio/common_voice_sw_30630996.wav	wasifu wa magufuli unaonyesha kwamba alipata cheti cha stashahada ya ualimu 	1
/scratch/skscla001/experiments/datasets/swagen/audio/common_voice_sw_36381947.wav	a umeshawahi kutembelea tovuti ya full shangwe ambayo 	1
/scratch/skscla001/experiments/datasets/swagen/audio/common_voice_sw_30434370.wav	nyerere alimuagiza sheikh yahya atafsiri maana ya ile namba mia moja kumi na tano 	1
/scratch/skscla001/experiments/datasets/swagen/audio/common_voice_sw_29797220.wav	wapagazi wengi walikuwa watu wa maeneo ya magharibi 	1
/scratch/skscla001/experiments/datasets/swagen/audio/common_voice_sw_30633175.wav	kuingiza mafunzo ya ukuaji na maisha katika shule za awali na sekondari 	1
/scratch/skscla001/experiments/datasets/swagen/audio/common_voice_sw_29795878.wav	baadae iliondolewa utawala wa machifu na kuanza mfumo wa pamoja wa serikali za mitaa 	1
/scratch/skscla001/experiments/datasets/swagen/audio/common_voice_sw_29797103.wav	seli hiyo ina viini tete vingi vinavyofanana 	1
/scratch/skscla001/experiments/datasets/swagen/audio/common_voice_sw_29905133.wav	chimbuko la maadhimisho hayo ni azimio lililopitishwa 	1
/scratch/skscla001/experiments/datasets/swagen/audio/common_voice_sw_29942824.wav	hifadhi ya ruaha inapatikana mkoani iringa 	1
/scratch/skscla001/experiments/datasets/swagen/audio/common_voice_sw_36310864.wav	hakuna kitu kinachoonyesha kutokuheshimu mtu kama kukosea kutamka jina lake 	1
/scratch/skscla001/experiments/datasets/swagen/audio/common_voice_sw_30327274.wav	kenge hawa wanaiba mayai ya mamba na kula nyoka 	1
/scratch/skscla001/experiments/datasets/swagen/audio/common_voice_sw_29572641.wav	iko katika mashariki ya nchi 	1
/scratch/skscla001/experiments/datasets/swagen/audio/common_voice_sw_30098687.wav	mapinga magomeni makurunge kiromo yombo na kitame lilipokuwa soko la watumwa 	1
/scratch/skscla001/experiments/datasets/swagen/audio/common_voice_sw_37229674.wav	uwezo na kibali sahihi kuchunguza na kuthibitisha 	1
/scratch/skscla001/experiments/datasets/swagen/audio/common_voice_sw_30327407.wav	hayo yalisemwa na watafiti wa maisha na mwenendo wa mbuni 	1
/scratch/skscla001/experiments/datasets/swagen/audio/common_voice_sw_30180734.wav	mandela yuko huru sasa anaamua kusaka uungwaji mkono 	1
/scratch/skscla001/experiments/datasets/swagen/audio/common_voice_sw_29887266.wav	anakikatwa katikati anawezo kujiunganisha kwa dakika mbili 	1
/scratch/skscla001/experiments/datasets/swagen/audio/common_voice_sw_36375308.wav	kati ya miji yao ulikuwa karthago uliopanua utawala wake 	1
/scratch/skscla001/experiments/datasets/swagen/audio/common_voice_sw_28690261.wav	sehemu kubwa ya maandishi duniani inatumia alfabeti mbalimbali 	1
/scratch/skscla001/experiments/datasets/swagen/audio/common_voice_sw_30007191.wav	kangaroo dume ni mkubwa kuliko jike 	1
/scratch/skscla001/experiments/datasets/swagen/audio/common_voice_sw_29878166.wav	katika wilaya ya mwanga kuna idadi kubwa ya waluteri na waislamu 	1
/scratch/skscla001/experiments/datasets/swagen/audio/common_voice_sw_28877904.wav	yeye ni mwanamuziki mkongwe zaidi katika kundi la westlife la huko nchini ireland 	1
/scratch/skscla001/experiments/datasets/swagen/audio/common_voice_sw_35108150.wav	juliana alimuuliza daisy maswali ya mfululizo na kumfanya akose hata nguvu za kumuangalia usoni 	1
/scratch/skscla001/experiments/datasets/swagen/audio/common_voice_sw_29796869.wav	kanisa katoliki mara moja lilipoteza nafasi ya upendeleo 	1
/scratch/skscla001/experiments/datasets/swagen/audio/common_voice_sw_29585487.wav	uko karibu na mdomo wa mto juba 	1
/scratch/skscla001/experiments/datasets/swagen/audio/common_voice_sw_29795509.wav	chuo kikuu cha daressalaam tanzania na chuo kikuucha salford uingereza 	1
/scratch/skscla001/experiments/datasets/swagen/audio/common_voice_sw_30635645.wav	rais wa kwanza wa uganda milton obotte ni rafiki mkubwa wa nyerere 	1
/scratch/skscla001/experiments/datasets/swagen/audio/common_voice_sw_37223035.wav	sayansi na afya unahitajikalicha ya makubaliano mapana ya 	1
/scratch/skscla001/experiments/datasets/swagen/audio/common_voice_sw_30376028.wav	robin van persie na wesley snejder walikuwa kwenye kikosi cha uholanzi 	1
/scratch/skscla001/experiments/datasets/swagen/audio/common_voice_sw_36387837.wav	miti kadhaa na mimea mingine iko historia 	1
/scratch/skscla001/experiments/datasets/swagen/audio/common_voice_sw_34392006.wav	wapi maisha yako kwa ujumla nimezaliwa miaka thelathini iliyopita na nimezaliwa zanzibar 	1
/scratch/skscla001/experiments/datasets/swagen/audio/common_voice_sw_36381989.wav	nchi za canada na marekani kwa pamoja zimetangaza kuendelea 	1
/scratch/skscla001/experiments/datasets/swagen/audio/common_voice_sw_30321798.wav	matibabu hupunguza vifo kwa asilimia nane hadi asilimia kumi 	1
/scratch/skscla001/experiments/datasets/swagen/audio/common_voice_sw_37084845.wav	kwa upande wa wasichana na mama wajawazito waliufanya kazi za ndani 	1
/scratch/skscla001/experiments/datasets/swagen/audio/common_voice_sw_29613720.wav	pia ni msitu ambao una wanyama wengi zaidi ya misitu mingine duniani 	1
/scratch/skscla001/experiments/datasets/swagen/audio/common_voice_sw_29936803.wav	mwaka elfu mbili na tano aliteuliwa kuwa waziri hadi mwaka elfu mbili na kumi 	1
/scratch/skscla001/experiments/datasets/swagen/audio/common_voice_sw_29936176.wav	mheshimiwa samia suluhu hassan alipata elimu ya msingi katika shule mbalimbali 	1
/scratch/skscla001/experiments/datasets/swagen/audio/common_voice_sw_29424452.wav	wana miguu mirefu na shingo refu na wanapenda kuwa pamoja 	1
/scratch/skscla001/experiments/datasets/swagen/audio/common_voice_sw_31369759.wav	wasukuma limetokana na neno sukuma kutoka kaskazini 	1
/scratch/skscla001/experiments/datasets/swagen/audio/common_voice_sw_29936045.wav	wakiongozwa na nelson mandela aliyekaa gerezani miaka ishirini na saba 	1
/scratch/skscla001/experiments/datasets/swagen/audio/common_voice_sw_35108173.wav	lakini kwa ajili ya mkutano huu wanaohudhuria nayasema haya 	1
/scratch/skscla001/experiments/datasets/swagen/audio/common_voice_sw_30109065.wav	pep guardiola alikuwa anadhirisha ubora wake 	1
/scratch/skscla001/experiments/datasets/swagen/audio/common_voice_sw_30515380.wav	nimeamua kuandika makala hii ili wengi waweze kutambua 	1
/scratch/skscla001/experiments/datasets/swagen/audio/common_voice_sw_36382203.wav	chakula cha baba ni kizuri sana 	1
/scratch/skscla001/experiments/datasets/swagen/audio/common_voice_sw_29907315.wav	wagogo ni miongoni mwa makabila ya wakulima na wafugaji kwa asili 	1
/scratch/skscla001/experiments/datasets/swagen/audio/common_voice_sw_30434943.wav	serengeti na masai mara zinadumisha umoja kati tanzania na kenya kutokana na muingiliano 	1
/scratch/skscla001/experiments/datasets/swagen/audio/common_voice_sw_29939086.wav	katika mazingira ya kutatanisha ama kwa kujipiga risasi kuepuka kukamatwa 	1
/scratch/skscla001/experiments/datasets/swagen/audio/common_voice_sw_36375309.wav	hujengwa kwa mbao matawi madogo yaliyochanganywa na matope vijiti majani kinyesi cha ngombe 	1
/scratch/skscla001/experiments/datasets/swagen/audio/common_voice_sw_30661133.wav	katika karne ya kumi na tisa shanga nyingi zenye rangi mbalimbali zilifika afrika 	1
/scratch/skscla001/experiments/datasets/swagen/audio/common_voice_sw_35684147.wav	wanajua uchafuzi wa hewa unatokea wapi ukubwa wa vyanzo 	1
/scratch/skscla001/experiments/datasets/swagen/audio/common_voice_sw_30007271.wav	mazingira ni jumla ya mambo yote yanayomzuguka kiumbe katika maisha yake 	1
/scratch/skscla001/experiments/datasets/swagen/audio/common_voice_sw_29795456.wav	awali januari thelasini na moja mwaka elfu mbili na tano ilikuwa ya baraka 	1
/scratch/skscla001/experiments/datasets/swagen/audio/common_voice_sw_28725325.wav	iko kando ya mto main 	1
/scratch/skscla001/experiments/datasets/swagen/audio/common_voice_sw_34762590.wav	haraka mwisho wa karne ya kumi na tisa 	1
/scratch/skscla001/experiments/datasets/swagen/audio/common_voice_sw_30326755.wav	ivory coast waliibuka washindi kwa kuichapa ghana mabao tisa kwa manane 	1
/scratch/skscla001/experiments/datasets/swagen/audio/common_voice_sw_28695279.wav	anaheshimiwa na kanisa katoliki kama mwenye heri bikira 	1
/scratch/skscla001/experiments/datasets/swagen/audio/common_voice_sw_29815851.wav	hapo ukawa mwanzo wa mwilwana huku masanja akienda upande wa mashariki eneo la kisaki 	1
/scratch/skscla001/experiments/datasets/swagen/audio/common_voice_sw_29936526.wav	ikiwa ni pamoja na utengenezaji wa daraja la kisasa 	1
/scratch/skscla001/experiments/datasets/swagen/audio/common_voice_sw_30146375.wav	ilivyoongezeka na moto aidha kuwashwa kwa makusudi 	1
/scratch/skscla001/experiments/datasets/swagen/audio/common_voice_sw_30321954.wav	jengo hili pia lilitumiwa na waingereza enzi za ukoloni 	1
/scratch/skscla001/experiments/datasets/swagen/audio/common_voice_sw_36310716.wav	amazon ni hatari kupita maelezo lakini ghafla 	1
/scratch/skscla001/experiments/datasets/swagen/audio/common_voice_sw_29018812.wav	pia kuna wasemaji wachache nchini uhindi 	1
/scratch/skscla001/experiments/datasets/swagen/audio/common_voice_sw_30223134.wav	rais george washington alikuwa rais wa kwanza wa marekani 	1
/scratch/skscla001/experiments/datasets/swagen/audio/common_voice_sw_30478646.wav	wamasai hawazai pacha la hasha bali kiimani pacha ni mwiko 	1
/scratch/skscla001/experiments/datasets/swagen/audio/common_voice_sw_30121662.wav	ukosefu wa viwanja vya ndege karibu na hifadhi 	1
/scratch/skscla001/experiments/datasets/swagen/audio/common_voice_sw_30671301.wav	alipokelewa kwa ukarimu mkubwa mno na kawinila hyera pamoja na lihuhu kinunda 	1
/scratch/skscla001/experiments/datasets/swagen/audio/common_voice_sw_29905898.wav	guardiola aliamua kupumzika kufundisha soka 	1
/scratch/skscla001/experiments/datasets/swagen/audio/common_voice_sw_36389451.wav	alitembea haraka kupanda ngazi kuelekea chumbani kwake 	1
/scratch/skscla001/experiments/datasets/swagen/audio/common_voice_sw_37230001.wav	kidogo watu wanafikiria kwa nchi za afrika mashariki hasa tanzania 	1
/scratch/skscla001/experiments/datasets/swagen/audio/common_voice_sw_36308935.wav	kwenye mji wa yorktown ikalazimika kujisalimisha tangu 	1
/scratch/skscla001/experiments/datasets/swagen/audio/common_voice_sw_29941973.wav	ilitengenezwa kwa fedha pamoja na sarafu nyingine iliyoitwa heller 	1
/scratch/skscla001/experiments/datasets/swagen/audio/common_voice_sw_29906240.wav	maambukizi yanaweza kuendelea bila ya kuwa na dalili 	1
/scratch/skscla001/experiments/datasets/swagen/audio/common_voice_sw_29937524.wav	mfuko wa nelson mandela wa kusaidia watoto ni sehemu tu ya ushahidi wa mafanikio 	1
/scratch/skscla001/experiments/datasets/swagen/audio/common_voice_sw_36807694.wav	kuogelea kwa wakati huu bado kunawezekana 	1
/scratch/skscla001/experiments/datasets/swagen/audio/common_voice_sw_30180515.wav	wasukuma mchanganyiko kutoka kahama na tabora 	1
/scratch/skscla001/experiments/datasets/swagen/audio/common_voice_sw_37091426.wav	walihakikisha kwamba wahehe hawataingilia katika sehemu walizolenga 	1
/scratch/skscla001/experiments/datasets/swagen/audio/common_voice_sw_28825447.wav	ndege hawa wanatokea maeneo wazi wa afrika asia na ulaya 	1
/scratch/skscla001/experiments/datasets/swagen/audio/common_voice_sw_29996657.wav	maboga hushikilia maziwa ambayo hutolewa kwa wageni 	1
/scratch/skscla001/experiments/datasets/swagen/audio/common_voice_sw_29935031.wav	blob anaweza kujua kila harufu ya vitu mbalimbali 	1
/scratch/skscla001/experiments/datasets/swagen/audio/common_voice_sw_30075450.wav	barcelona ilitwaa ubingwa kwa kuifunga arsenal 	1
/scratch/skscla001/experiments/datasets/swagen/audio/common_voice_sw_31305899.wav	mwalimu nyerere aliyekaa sana madarakani kuliko maraisi wote wa tanzania 	1
/scratch/skscla001/experiments/datasets/swagen/audio/common_voice_sw_30334178.wav	mahitaji yao yote kama vile kuni na kilimo 	1
/scratch/skscla001/experiments/datasets/swagen/audio/common_voice_sw_29936928.wav	wasichana husimama mbele ya wanaume na kusokota miili huku wakiimba 	1
/scratch/skscla001/experiments/datasets/swagen/audio/common_voice_sw_31304347.wav	alikuwa anashirikiana na viongozi wake kwa amani na upendo 	1
/scratch/skscla001/experiments/datasets/swagen/audio/common_voice_sw_35108002.wav	results ama matokeo ya uchaguzi 	1
/scratch/skscla001/experiments/datasets/swagen/audio/common_voice_sw_29945675.wav	uhamiaji huu umeonyeshwa katika filamu na programu nyingi za televisheni 	1
/scratch/skscla001/experiments/datasets/swagen/audio/common_voice_sw_30574832.wav	inatakiwa kujiamini kwamba ulemavu sio kikwazo cha kufanya kitu ambacho unakipenda 	1
/scratch/skscla001/experiments/datasets/swagen/audio/common_voice_sw_37099200.wav	inashughulikia kanuni za fedha na sheria ndogo ndogo za wafanyakazi 	1
/scratch/skscla001/experiments/datasets/swagen/audio/common_voice_sw_29942774.wav	wamasai hawaamini kama dunia inaweza ikaishiwa na simba 	1
/scratch/skscla001/experiments/datasets/swagen/audio/common_voice_sw_29637086.wav	waziri mkuu ndilo jina la kawaida la cheo cha mkuu wa serikali 	1
/scratch/skscla001/experiments/datasets/swagen/audio/common_voice_sw_36386306.wav	andika sentensi zote kwa kitabu 	1
/scratch/skscla001/experiments/datasets/swagen/audio/common_voice_sw_30115748.wav	kuhakikisha rais aliye madarakani hapingwi na mtu yeyote 	1
/scratch/skscla001/experiments/datasets/swagen/audio/common_voice_sw_29976357.wav	kipimo kilikuwa mita elfu tano mia tisa tisini na mbili 	1
/scratch/skscla001/experiments/datasets/swagen/audio/common_voice_sw_29936414.wav	nyerere alikuwa hapendi ushauri wa mtu yeyote 	1
/scratch/skscla001/experiments/datasets/swagen/audio/common_voice_sw_36067179.wav	maji hufuata mkondo 	1
/scratch/skscla001/experiments/datasets/swagen/audio/common_voice_sw_30650344.wav	safari hii ambayo inaweza kuchukua kama saa nne 	1
/scratch/skscla001/experiments/datasets/swagen/audio/common_voice_sw_29509818.wav	kutoka morogoro kuna njia nyingine ya lami hadi dodoma 	1
/scratch/skscla001/experiments/datasets/swagen/audio/common_voice_sw_30179698.wav	rais julius nyerere wa tanzania aliamua kumuondoa amin kabisa na jeshi la tanzania 	1
/scratch/skscla001/experiments/datasets/swagen/audio/common_voice_sw_36382257.wav	alikuwa akivishambulia vikosi vidogo vidogo vya askari vya kijerumani 	1
/scratch/skscla001/experiments/datasets/swagen/audio/common_voice_sw_29787924.wav	alishinda ubingwa wa ulaya alipokuwa porto 	1
/scratch/skscla001/experiments/datasets/swagen/audio/common_voice_sw_29240003.wav	kufunga ni moja ya nguzo tano za uislamu 	1
/scratch/skscla001/experiments/datasets/swagen/audio/common_voice_sw_30342579.wav	kwa ajili ya soko la india na kwingineko duniani 	1
/scratch/skscla001/experiments/datasets/swagen/audio/common_voice_sw_29897186.wav	asilimia ipatayo arobaini na tatu ya idadi ya watu wote mkoani ni wahehe 	1
/scratch/skscla001/experiments/datasets/swagen/audio/common_voice_sw_29796539.wav	hivyo basi atatafutwa mwanamke ambaye hajabahatika kuzaa na atapewa mmoja 	1
/scratch/skscla001/experiments/datasets/swagen/audio/common_voice_sw_37088575.wav	maandishi ya lemkin yaliitwa utawala wa kiaksisi 	1
/scratch/skscla001/experiments/datasets/swagen/audio/common_voice_sw_35108101.wav	mkataba wa kuzuia ualifu wa mauaji ya kimbari ulikamilika 	1
/scratch/skscla001/experiments/datasets/swagen/audio/common_voice_sw_29941771.wav	mji huu wa bagamoyo upo mkoani pwani katika mwambao wa bahari 	1
/scratch/skscla001/experiments/datasets/swagen/audio/common_voice_sw_29995449.wav	timu ya taifa ya brazil haikufua dafu kwa argentina 	1
/scratch/skscla001/experiments/datasets/swagen/audio/common_voice_sw_30579043.wav	kiwi anatoka familia moja na mbuni 	1
/scratch/skscla001/experiments/datasets/swagen/audio/common_voice_sw_30090717.wav	bora zaidi kwa mgonjwa wa kisukari aina ya kwanza kuliko vile vyenye nyuzinyuzi chache 	1
/scratch/skscla001/experiments/datasets/swagen/audio/common_voice_sw_30638477.wav	japo ukifika tabora wilaya ya sikonge na urambo hasa yenye wanyamwezi 	1
/scratch/skscla001/experiments/datasets/swagen/audio/common_voice_sw_29872433.wav	marekani ilisafiri kutoka afghanistan kwenda maficho ya bin laden 	1
/scratch/skscla001/experiments/datasets/swagen/audio/common_voice_sw_30007221.wav	mbalimbali lakini hasa majeruhi wa vita na kizazi chake ndicho kinachoendelea kutibu 	1
/scratch/skscla001/experiments/datasets/swagen/audio/common_voice_sw_29915388.wav	kongosho haitengenezi kabisa insulini au inatengeneza kwa kiasi kidogo sana 	1
/scratch/skscla001/experiments/datasets/swagen/audio/common_voice_sw_29522744.wav	hivyo hutumiwa na masomo mengine kama fizikia jiografia kemia katika mafunzo yake 	1
/scratch/skscla001/experiments/datasets/swagen/audio/common_voice_sw_38106566.wav	kisha bekteria hao huingia kwenye mfumo wa kusaga au kumengenya chakula 	1
/scratch/skscla001/experiments/datasets/swagen/audio/common_voice_sw_29898555.wav	chui ana kasi kubwa sana nyikani 	1
/scratch/skscla001/experiments/datasets/swagen/audio/common_voice_sw_31304434.wav	maisha ya wamasai yanahusika sana na ngombe ambao huwa msingi wa chakula chao 	1
/scratch/skscla001/experiments/datasets/swagen/audio/common_voice_sw_28581837.wav	mwanzoni palikuwa na nchi chache tu zilizofuata kalenda mpya 	1
/scratch/skscla001/experiments/datasets/swagen/audio/common_voice_sw_30180172.wav	amekosa upinzani kwenye beki ya kulia tangu mwaka elfu mbili na sita 	1
/scratch/skscla001/experiments/datasets/swagen/audio/common_voice_sw_30380881.wav	mtetezi wa uchumi tata amezungumzia vilevile kwa kukosoa mbinu za kihisabati 	1
/scratch/skscla001/experiments/datasets/swagen/audio/common_voice_sw_29936455.wav	kimani kuna ndege wa aina mbalimbali wenye mvuto 	1
/scratch/skscla001/experiments/datasets/swagen/audio/common_voice_sw_36373567.wav	aa hatujawahi kuzoea kuona 	1
/scratch/skscla001/experiments/datasets/swagen/audio/common_voice_sw_37229703.wav	usisahau kwamba pele ni mmoja kati ya wachezaji wanne duniani 	1
/scratch/skscla001/experiments/datasets/swagen/audio/common_voice_sw_29938392.wav	alikuwa na urefu wa sentimita mia moja na tisini 	1
/scratch/skscla001/experiments/datasets/swagen/audio/common_voice_sw_36067409.wav	kuna unyanyapaaji wa watu wanaojihusiana na mapenzi ya jinsia moja 	1
/scratch/skscla001/experiments/datasets/swagen/audio/common_voice_sw_28696103.wav	pia ni wawindaji 	1
/scratch/skscla001/experiments/datasets/swagen/audio/common_voice_sw_30150521.wav	madrid ya zidane ilikuwa timu imara barani ulaya 	1
/scratch/skscla001/experiments/datasets/swagen/audio/common_voice_sw_37099092.wav	tunangoja tamasha la mashahiri 	1
/scratch/skscla001/experiments/datasets/swagen/audio/common_voice_sw_30582794.wav	wana ushawishi mkubwa katika nyanja za siasa na uchumi wa tanzania 	1
/scratch/skscla001/experiments/datasets/swagen/audio/common_voice_sw_29660533.wav	katika nchi nyingi tendo la kubadilishana pesa bidhaa nakadhalika 	1
/scratch/skscla001/experiments/datasets/swagen/audio/common_voice_sw_36368206.wav	alijikusanyia asilimia ishirini na tano nukta sitini na sita 	1
/scratch/skscla001/experiments/datasets/swagen/audio/common_voice_sw_30631272.wav	simba ilianza kupata ufadhili unaoeleweka sasa hivi 	1
/scratch/skscla001/experiments/datasets/swagen/audio/common_voice_sw_36373509.wav	hewa kwa sababu nyingi ya shughuli zao ni vyanzo vya aina mbali mbali 	1
/scratch/skscla001/experiments/datasets/swagen/audio/common_voice_sw_30326736.wav	ni lazima warejee ndutu ambapo huwa wanazaa 	1
/scratch/skscla001/experiments/datasets/swagen/audio/common_voice_sw_30321937.wav	pele alikuwa akiichezea kwenye klabu ya santos 	1
/scratch/skscla001/experiments/datasets/swagen/audio/common_voice_sw_29844323.wav	wakati wa kurudi alipatwa na mvua ya radi mvua kali ya radi 	1
/scratch/skscla001/experiments/datasets/swagen/audio/common_voice_sw_30090709.wav	kuna tai pia wanaopatikana katika msitu wa amazon 	1
/scratch/skscla001/experiments/datasets/swagen/audio/common_voice_sw_29996208.wav	mchezo wake wa kwanza katika timu ya taifa ulimfanya messi kuwa mchezaji mdogo zaidi 	1
/scratch/skscla001/experiments/datasets/swagen/audio/common_voice_sw_29981547.wav	wananchi wengi walisikitikam kupoteza kipenzi chao 	1
/scratch/skscla001/experiments/datasets/swagen/audio/common_voice_sw_36310955.wav	ulaya pamoja na watumwa walioletwa kutoka afrika tangu 	1
/scratch/skscla001/experiments/datasets/swagen/audio/common_voice_sw_30582798.wav	magufuli alisema ataendelea kumkumbuka mzee mkapa 	1
/scratch/skscla001/experiments/datasets/swagen/audio/common_voice_sw_28690032.wav	ni wa kwanza kutoka makabila ya waindio 	1
/scratch/skscla001/experiments/datasets/swagen/audio/common_voice_sw_36385151.wav	kwamba ambayo makundi fulani hudai kuwa hupinga utegemeaj 	1
/scratch/skscla001/experiments/datasets/swagen/audio/common_voice_sw_29962396.wav	messi akawa sehemu muhimu ya timu ya mtoto wa ndoto timu ya vijana barcelona 	1
/scratch/skscla001/experiments/datasets/swagen/audio/common_voice_sw_36310672.wav	lucky dube alirekodi albamu ishirini na mbili katika lugha ya kizulu 	1
/scratch/skscla001/experiments/datasets/swagen/audio/common_voice_sw_30657065.wav	alianzisha kituo cha televisheni ya rangi na kuwa ya kwanza 	1
/scratch/skscla001/experiments/datasets/swagen/audio/common_voice_sw_30381316.wav	bandari ya dar es salaam inaziunganisha nchi na mabara 	1
/scratch/skscla001/experiments/datasets/swagen/audio/common_voice_sw_30630169.wav	ambapo maneno mengi ya makabila haya yanafanana 	1
/scratch/skscla001/experiments/datasets/swagen/audio/common_voice_sw_36067178.wav	lakini aliona hawakuwa peke yao ambao hawatii amri yake 	1
/scratch/skscla001/experiments/datasets/swagen/audio/common_voice_sw_36373753.wav	upande huu wa nyuma kulikuwa na mlango mmoja wa kuingilia ndani alichomoa funguo maalumu 	1
/scratch/skscla001/experiments/datasets/swagen/audio/common_voice_sw_29988826.wav	alikiri kwenye kitabu chake hicho kuwa tukio hilo litaendelea kuwa doa jeusi 	1
/scratch/skscla001/experiments/datasets/swagen/audio/common_voice_sw_30634770.wav	karume alitakiwa alipe shilingi mia tano na hamsini kila mwezi 	1
/scratch/skscla001/experiments/datasets/swagen/audio/common_voice_sw_30342860.wav	pia wanapewa ajira kwenye viwanda vya uvuvi vilivyojengwa kwenye maeneo hayo 	1
/scratch/skscla001/experiments/datasets/swagen/audio/common_voice_sw_30450714.wav	nchi ilikuwa inaongozwa na gavana ambaye alikuwa mwakilishi wa malkia 	1
/scratch/skscla001/experiments/datasets/swagen/audio/common_voice_sw_30025376.wav	kuhusu asili ya lugha hiyo kuna nadharia mbalimbali 	1
/scratch/skscla001/experiments/datasets/swagen/audio/common_voice_sw_28581560.wav	hewa yenyewe ni gimba la gesi 	1
/scratch/skscla001/experiments/datasets/swagen/audio/common_voice_sw_34746459.wav	huo na mito yake yote mito hutaja 	1
/scratch/skscla001/experiments/datasets/swagen/audio/common_voice_sw_30326798.wav	ndipo hupelekwa kusoma elimu dunia siyo kwamba wao 	1
/scratch/skscla001/experiments/datasets/swagen/audio/common_voice_sw_36384231.wav	polisi kadhaa wamepoteza maisha kwa kuuwawa na wanachama bokharam 	1
/scratch/skscla001/experiments/datasets/swagen/audio/common_voice_sw_29946393.wav	ronaldo ndiye mchezaji aliyecheza mechi nyingi zaidi 	1
/scratch/skscla001/experiments/datasets/swagen/audio/common_voice_sw_37229649.wav	vinaonesha kwamba historia ya binadamu ya zanzibar inarejea wakati wa prehistoric 	1
/scratch/skscla001/experiments/datasets/swagen/audio/common_voice_sw_28684931.wav	nakuru iliundwa na uingereza wakati wa ukoloni na imeendelea kukua tangu 	1
/scratch/skscla001/experiments/datasets/swagen/audio/common_voice_sw_31304499.wav	msisitizo katika ukombozi wa barani afrika na mapambano dhidi ya ubeberu na vibaraka wao 	1
/scratch/skscla001/experiments/datasets/swagen/audio/common_voice_sw_29937102.wav	ulikuwa asilimia hamsini za wastani wa wamarekani 	1
/scratch/skscla001/experiments/datasets/swagen/audio/common_voice_sw_29797043.wav	mwaka elfu moja mia tisa sabini na tano alimaliza elimu ya msingi 	1
/scratch/skscla001/experiments/datasets/swagen/audio/common_voice_sw_29796794.wav	mwanafizikia ambaye amegundua kani mvutano 	1
/scratch/skscla001/experiments/datasets/swagen/audio/common_voice_sw_29616737.wav	wimbo wake ni kati ya maandiko matakatifu ya kale zaidi 	1
/scratch/skscla001/experiments/datasets/swagen/audio/common_voice_sw_36386392.wav	mfugaji katika kukabili adui huyu wa haki wa mazingira 	1
/scratch/skscla001/experiments/datasets/swagen/audio/common_voice_sw_30180282.wav	mchanganyiko wa tiba unatumika kupunguza athari za virusi vya corona 	1
/scratch/skscla001/experiments/datasets/swagen/audio/common_voice_sw_36389843.wav	ndoa yake na daniella wamepata watoto watatu abba marcas mayanja akiwa wa kwanza 	1
/scratch/skscla001/experiments/datasets/swagen/audio/common_voice_sw_30364096.wav	real madrid ndio timu tajiri zaidi duniani zaidi ya miongo miwili 	1
/scratch/skscla001/experiments/datasets/swagen/audio/common_voice_sw_36066115.wav	wanawake hawa walisema hayo mwaka elfu mbili na sita 	1
/scratch/skscla001/experiments/datasets/swagen/audio/common_voice_sw_34750297.wav	taarab hii ndio ilikuwa ya kwanza kuanza kuingiza vifaa ambavyo vilikuwa vigeni katika taarabu 	1
/scratch/skscla001/experiments/datasets/swagen/audio/common_voice_sw_28681045.wav	albamu pia inajumuisha masimulizi ambayo yana mistari ya biblia 	1
/scratch/skscla001/experiments/datasets/swagen/audio/common_voice_sw_30342575.wav	alipohitimu kidato cha nne samia alijiunga na chuo cha usimamizi wa fedha zanzibari 	1
/scratch/skscla001/experiments/datasets/swagen/audio/common_voice_sw_29979957.wav	kuna maeneo katika mji huu yalijengwa vizuri sana 	1
/scratch/skscla001/experiments/datasets/swagen/audio/common_voice_sw_30313876.wav	bunge la tanganyika na baraza la wawakilishi la zanzibar 	1
/scratch/skscla001/experiments/datasets/swagen/audio/common_voice_sw_28258762.wav	awali alikuwa mwimbaji kabla ya kujihusisha na uigizaji 	1
/scratch/skscla001/experiments/datasets/swagen/audio/common_voice_sw_29959526.wav	pep guardiola hapendi jambo la kufukuzwa litokea kwake 	1
/scratch/skscla001/experiments/datasets/swagen/audio/common_voice_sw_29997505.wav	hifadhi hiyo ni maarufu kwa simba wenye uwezo wa kupanda miti 	1
/scratch/skscla001/experiments/datasets/swagen/audio/common_voice_sw_31389509.wav	wanaopatikana ndani yake na kati yao ni simba na nyumbu 	1
/scratch/skscla001/experiments/datasets/swagen/audio/common_voice_sw_30323793.wav	huku ikitoa zaidi ya albamu nne ndani ya mwaka mmoja 	1
/scratch/skscla001/experiments/datasets/swagen/audio/common_voice_sw_30577778.wav	ikiwa watu wengi wanapenda jina lake la muda mfupi 	1
/scratch/skscla001/experiments/datasets/swagen/audio/common_voice_sw_30341002.wav	bila kusahau halmashauri ya wilaya ya kalambo na halmashauri ya wilaya ya uyui 	1
/scratch/skscla001/experiments/datasets/swagen/audio/common_voice_sw_29957459.wav	karol aliomba asome upadri kwa ajili ya kumtumikia mungu 	1
/scratch/skscla001/experiments/datasets/swagen/audio/common_voice_sw_30334895.wav	kiongozi wa kanisa katoliki wakati huo ni julius wa pili 	1
/scratch/skscla001/experiments/datasets/swagen/audio/common_voice_sw_29612850.wav	anaheshimiwa kama mtakatifu na mwalimu wa kanisa 	1
/scratch/skscla001/experiments/datasets/swagen/audio/common_voice_sw_29937892.wav	wachezaji wote wawili ni bora sana duniani 	1
/scratch/skscla001/experiments/datasets/swagen/audio/common_voice_sw_29899403.wav	wanyama huonekana kwa urahisi zaidi kipindi cha mvua 	1
/scratch/skscla001/experiments/datasets/swagen/audio/common_voice_sw_29696886.wav	na timu ya taifa ya kroatia 	1
/scratch/skscla001/experiments/datasets/swagen/audio/common_voice_sw_29978272.wav	wametawaliwa na viongozi walioitwa omukama na walio maarufu sana 	1
/scratch/skscla001/experiments/datasets/swagen/audio/common_voice_sw_28683246.wav	chanzo cha mto ruvuma kipo karibu na mji 	1
/scratch/skscla001/experiments/datasets/swagen/audio/common_voice_sw_29782442.wav	mji uko kando la atlantiki 	1
/scratch/skscla001/experiments/datasets/swagen/audio/common_voice_sw_30118074.wav	aliandika mwandishi na mchambuzi huyo wa siasa maggid mjengwa 	1
/scratch/skscla001/experiments/datasets/swagen/audio/common_voice_sw_28716372.wav	dalili nyingine zinaweza kujumuisha maumivu na matatizo wakati wa kumeza 	1
/scratch/skscla001/experiments/datasets/swagen/audio/common_voice_sw_29203699.wav	kufuatana na uainishaji wa lugha kwa ndani zaidi kigbe defi iko katika kundi la kikwa 	1
/scratch/skscla001/experiments/datasets/swagen/audio/common_voice_sw_28663341.wav	alihamia kusini mwa california akiwa na miaka minne 	1
/scratch/skscla001/experiments/datasets/swagen/audio/common_voice_sw_30183055.wav	wanaakiolojia wamegundua zana za mawe zilizotumika miaka milioni mbili 	1
/scratch/skscla001/experiments/datasets/swagen/audio/common_voice_sw_30342416.wav	ugonjwa huu hauna tiba hivyo yatupasa tujikinge 	1
/scratch/skscla001/experiments/datasets/swagen/audio/common_voice_sw_29915538.wav	hata wale waliojitokeza kuwasaidia waliwapeleka kuwafanyisha kazi ngumu 	1
/scratch/skscla001/experiments/datasets/swagen/audio/common_voice_sw_30323496.wav	waliokuwa ilmoran huendelea kuwa wazee bila mamlaka ambao huwajibika kwa maamuzi 	1
/scratch/skscla001/experiments/datasets/swagen/audio/common_voice_sw_28695721.wav	alipenda kusafiri penye maonyesho makubwa kama madrid au paris 	1
/scratch/skscla001/experiments/datasets/swagen/audio/common_voice_sw_29638765.wav	ofisi hufanya kazi yake chini ya kamati ya kimataifa ya vipimo 	1
/scratch/skscla001/experiments/datasets/swagen/audio/common_voice_sw_37097731.wav	nywele hizi huhasimiwa juu ya kichwa kwa kipimo cha masikio 	1
/scratch/skscla001/experiments/datasets/swagen/audio/common_voice_sw_35757151.wav	karne ya kumi na tatu umoja wa kikabila wa 	1
/scratch/skscla001/experiments/datasets/swagen/audio/common_voice_sw_37085776.wav	ambapo asilimia hamsini na mbili ya wapiga kura 	1
/scratch/skscla001/experiments/datasets/swagen/audio/common_voice_sw_30149055.wav	mechi ya kwanza ya ufunguzi nchini afrika kusini iliwakutanisha mexico na waandaaji wa michuano 	1
/scratch/skscla001/experiments/datasets/swagen/audio/common_voice_sw_30180980.wav	just fontaine alifunga mabao kumi na tatu 	1
/scratch/skscla001/experiments/datasets/swagen/audio/common_voice_sw_36375254.wav	nimefika hapa leo 	1
/scratch/skscla001/experiments/datasets/swagen/audio/common_voice_sw_30364173.wav	idi amin alikua na mama yake kijijini 	1
/scratch/skscla001/experiments/datasets/swagen/audio/common_voice_sw_29980142.wav	guardiola alifungwa kwenye fainali ya ulaya 	1
/scratch/skscla001/experiments/datasets/swagen/audio/common_voice_sw_30024919.wav	wakati huo ilikuwa ikifanya kampeni kwa ajili ya uhuru pamoja na utawala wa wengi 	1
/scratch/skscla001/experiments/datasets/swagen/audio/common_voice_sw_30020011.wav	inter ilishinda makombe matatu ya ligi 	1
/scratch/skscla001/experiments/datasets/swagen/audio/common_voice_sw_36299617.wav	ndiyo makabila ya asili ya inayoitwa leo hii musoma mjini 	1
/scratch/skscla001/experiments/datasets/swagen/audio/common_voice_sw_36389577.wav	cha kupata mataji ya kwanza ya ligi mwaka 	1
/scratch/skscla001/experiments/datasets/swagen/audio/common_voice_sw_29895773.wav	ukuaji wa uchumi haukuonekana moja kwa moja 	1
/scratch/skscla001/experiments/datasets/swagen/audio/common_voice_sw_36944823.wav	mama mjamzito anataki kupata matibabu ya malaria kwa haraka 	1
/scratch/skscla001/experiments/datasets/swagen/audio/common_voice_sw_29787612.wav	hali iliyopelekea kushindana na kiongozi mkuu wa kanisa hilo yani papa wa roma 	1
/scratch/skscla001/experiments/datasets/swagen/audio/common_voice_sw_37097767.wav	ninachemsha maji lakini halafu ninasahau mara moja 	1
/scratch/skscla001/experiments/datasets/swagen/audio/common_voice_sw_28690165.wav	ni ndugu mapacha sawa 	1
/scratch/skscla001/experiments/datasets/swagen/audio/common_voice_sw_36383734.wav	wanyambo wanasema tulitokana na kizazi cha kanyambo mtoto wa ruhanga 	1
/scratch/skscla001/experiments/datasets/swagen/audio/common_voice_sw_31321717.wav	lakini huko geita katika mkoa wa geita 	1
/scratch/skscla001/experiments/datasets/swagen/audio/common_voice_sw_36807761.wav	vichafuzi kadhaa inaandaa nafasi ya mataifa kuzungumzia sera na 	1
/scratch/skscla001/experiments/datasets/swagen/audio/common_voice_sw_37083310.wav	ana uzoefu kwa kusema uongo 	1
/scratch/skscla001/experiments/datasets/swagen/audio/common_voice_sw_30299618.wav	katika maadili mazuri wasiwe walafi na wachoyo maana 	1
/scratch/skscla001/experiments/datasets/swagen/audio/common_voice_sw_30143673.wav	haruhusiwi kuweka mapambo katika masikio yake yaliyotobolewa 	1
/scratch/skscla001/experiments/datasets/swagen/audio/common_voice_sw_28681243.wav	iko katika magharibi ya kati ya marekani bara 	1
/scratch/skscla001/experiments/datasets/swagen/audio/common_voice_sw_30334762.wav	mohammed anaunda safu ya ulinzi ya azam ambayo ndio timu pekee mpaka sasa 	1
/scratch/skscla001/experiments/datasets/swagen/audio/common_voice_sw_36381104.wav	ambayo usingeweza hata kupata kuyauliza lakini unahitaji 	1
/scratch/skscla001/experiments/datasets/swagen/audio/common_voice_sw_29938339.wav	dar es salaam mpaka sumbawanga mkoani rukwa kusini magharibi mwa tanzania 	1
/scratch/skscla001/experiments/datasets/swagen/audio/common_voice_sw_36036546.wav	bonde la mto la amazon pia linajulikana 	1
/scratch/skscla001/experiments/datasets/swagen/audio/common_voice_sw_28817428.wav	mwanzoni ilitumiwa kama kuni na fimbo ya silaha 	1
/scratch/skscla001/experiments/datasets/swagen/audio/common_voice_sw_30116004.wav	biashara ya watumwa ilianza kuonekana kama biashara ovu ambayo ilisababisha vifo 	1
/scratch/skscla001/experiments/datasets/swagen/audio/common_voice_sw_30327319.wav	ilindwe na vikosi vya kiislam aliahidi kutoa 	1
/scratch/skscla001/experiments/datasets/swagen/audio/common_voice_sw_29996075.wav	karol alikuwa golikipa wakati alipokuwa anacheza mpira 	1
/scratch/skscla001/experiments/datasets/swagen/audio/common_voice_sw_29950643.wav	marais wengi duniani hawapendi kuwanyonga raia wake 	1
/scratch/skscla001/experiments/datasets/swagen/audio/common_voice_sw_36383855.wav	marko sura ya kumi na tano aya ya thelathini na tisa 	1
/scratch/skscla001/experiments/datasets/swagen/audio/common_voice_sw_30180045.wav	hao wangoni bwana wape hela watafikisha lakini mwanamke hafiki aisee 	1
/scratch/skscla001/experiments/datasets/swagen/audio/common_voice_sw_29795877.wav	mwalimu nyerere alikuwa mojawapo kati watoto ishirini na sita wa nyerere burito 	1
/scratch/skscla001/experiments/datasets/swagen/audio/common_voice_sw_29903376.wav	mila na desturi zake ambazo ndizo miongozo na dira 	1
/scratch/skscla001/experiments/datasets/swagen/audio/common_voice_sw_30214190.wav	watu wengi hutamani sana kumchukua blob 	1
/scratch/skscla001/experiments/datasets/swagen/audio/common_voice_sw_31409225.wav	argentina waliwafunga brazil kwenye fainali za kopa amerika 	1
/scratch/skscla001/experiments/datasets/swagen/audio/common_voice_sw_37096603.wav	karani wa koti ni yupi 	1
/scratch/skscla001/experiments/datasets/swagen/audio/common_voice_sw_36013837.wav	uvamia kambi ya wakimbizi katika eneo hilo ambalo hadi sasa 	1
/scratch/skscla001/experiments/datasets/swagen/audio/common_voice_sw_28670228.wav	vyanzo vya kisasa vya ugiriki na vya kirumi viliichukulia vibaya kama jina 	1
/scratch/skscla001/experiments/datasets/swagen/audio/common_voice_sw_30327257.wav	jamii nyingi za kipare zina utaratibu wa kushirikiana 	1
/scratch/skscla001/experiments/datasets/swagen/audio/common_voice_sw_36387477.wav	nafsi yangu naiinua mbele zako 	1
/scratch/skscla001/experiments/datasets/swagen/audio/common_voice_sw_36807759.wav	awali mpinzani mkubwa bonny ayai adeehu benji 	1
/scratch/skscla001/experiments/datasets/swagen/audio/common_voice_sw_29996496.wav	elfu tatu lakini walioongezeka na kufikia elfu ishirini 	1
/scratch/skscla001/experiments/datasets/swagen/audio/common_voice_sw_36387505.wav	hakiwezi kuwa dini ya uislamu wala kiarabu nacho si uislamu tunachoweza kuifanya hiyo 	1
/scratch/skscla001/experiments/datasets/swagen/audio/common_voice_sw_30091429.wav	jina la kwanza ni mwita ambalo asili yake ni uguita 	1
/scratch/skscla001/experiments/datasets/swagen/audio/common_voice_sw_28306063.wav	sikukuu yake huadhimishwa na wakatoliki waorthodoksi na waanglikana tarehe ya kifo chake 	1
/scratch/skscla001/experiments/datasets/swagen/audio/common_voice_sw_30376177.wav	hata hivyo wanawake wa kimasai wengi hawana nywele 	1
/scratch/skscla001/experiments/datasets/swagen/audio/common_voice_sw_31307074.wav	kuuliza si ujinga 	1
/scratch/skscla001/experiments/datasets/swagen/audio/common_voice_sw_36382167.wav	alifuatilia kisa hicho akiwa jijini bujumbura 	1
/scratch/skscla001/experiments/datasets/swagen/audio/common_voice_sw_29796429.wav	tunayo milima kama kilimanjaro milima ya usambara uluguru na udzungwa 	1
/scratch/skscla001/experiments/datasets/swagen/audio/common_voice_sw_29455881.wav	kuna pia uwanja mdogo wa ndege 	1
/scratch/skscla001/experiments/datasets/swagen/audio/common_voice_sw_30574970.wav	uwezo wa nyerere uliwashitua wakoloni na kumlazimisha kuchagua kati ya siasa na ualimu 	1
/scratch/skscla001/experiments/datasets/swagen/audio/common_voice_sw_36319530.wav	sasa wanaamua kuonyesha sanaa yao 	1
/scratch/skscla001/experiments/datasets/swagen/audio/common_voice_sw_29996753.wav	dhati wazee wote wa simulizi za 	1
/scratch/skscla001/experiments/datasets/swagen/audio/common_voice_sw_34763466.wav	ka la ndege la kuntas la australia limeahirisha safari za ndege 	1
/scratch/skscla001/experiments/datasets/swagen/audio/common_voice_sw_29872964.wav	kutokana na utunzaji wa mila na desturi 	1
/scratch/skscla001/experiments/datasets/swagen/audio/common_voice_sw_37098031.wav	pamoja ikionyesha mtu akiwaka moto 	1
/scratch/skscla001/experiments/datasets/swagen/audio/common_voice_sw_28681018.wav	spishi nyingine hula mbegu hasa nyingine hula wadudu hasa 	1
/scratch/skscla001/experiments/datasets/swagen/audio/common_voice_sw_36383787.wav	di hujikakamua kabla ya dakiki tisini kufika ili waweze kukomboa 	1
/scratch/skscla001/experiments/datasets/swagen/audio/common_voice_sw_29001945.wav	williams anaishi texas akiwa na mkewe pamoja na binti yao 	1
/scratch/skscla001/experiments/datasets/swagen/audio/common_voice_sw_30470979.wav	cafu ameshinda ubingwa wa dunia mara mbili 	1
/scratch/skscla001/experiments/datasets/swagen/audio/common_voice_sw_29959531.wav	chini ya uongozi wa kikomunisti wa john okelo 	1
/scratch/skscla001/experiments/datasets/swagen/audio/common_voice_sw_29937408.wav	ongezeko la watu kwa mwaka kwa sasa 	1
/scratch/skscla001/experiments/datasets/swagen/audio/common_voice_sw_30020071.wav	ni vema pia kusema kuwa shule hizo huvutia wanafunzi kutoka tanzania nzima 	1
/scratch/skscla001/experiments/datasets/swagen/audio/common_voice_sw_32210669.wav	kenya ni nchi yangu 	1
/scratch/skscla001/experiments/datasets/swagen/audio/common_voice_sw_30674933.wav	sikuzote ikumbukwe kuwa usipoziba ufa utajenga ukuta 	1
/scratch/skscla001/experiments/datasets/swagen/audio/common_voice_sw_30025955.wav	nilikuwa na kikohozi kikali ambacho kimekuwa kikiendelea kuwa kibaya 	1
/scratch/skscla001/experiments/datasets/swagen/audio/common_voice_sw_29144585.wav	hasa anajulikana kwa riwaya zake kwa mfano 	1
/scratch/skscla001/experiments/datasets/swagen/audio/common_voice_sw_28735828.wav	makao makuu ni fort de france 	1
/scratch/skscla001/experiments/datasets/swagen/audio/common_voice_sw_28669362.wav	baadhi ni metali kama dhahabu au chuma 	1
/scratch/skscla001/experiments/datasets/swagen/audio/common_voice_sw_30334159.wav	chumbe ni kisiwa kinachotumika kwa utalii na uvuvi pekee 	1
/scratch/skscla001/experiments/datasets/swagen/audio/common_voice_sw_30327474.wav	messi akishinda tuzo za shirikisho la kimataifa la mpira wa miguu ballons dor 	1
/scratch/skscla001/experiments/datasets/swagen/audio/common_voice_sw_28690372.wav	ligi kuu ya ethiopia 	1
/scratch/skscla001/experiments/datasets/swagen/audio/common_voice_sw_30671254.wav	taasisi zinataja kimo cha uhuru kuwa mita elfu tano mia nane 	1
/scratch/skscla001/experiments/datasets/swagen/audio/common_voice_sw_30266881.wav	kiwango cha juu cha joto hutegemea angalau ni kutoka wakati kiwango cha chini 	1
/scratch/skscla001/experiments/datasets/swagen/audio/common_voice_sw_30470862.wav	messi ameenda kwa ufaransa kwa uhamisho huru 	1
/scratch/skscla001/experiments/datasets/swagen/audio/common_voice_sw_29942878.wav	akiona mambo yamekaa vibaya anawahi kuondoka kabla ya kuondoshwa 	1
/scratch/skscla001/experiments/datasets/swagen/audio/common_voice_sw_30115289.wav	watoto wa mbuni wana maadui wengi sana 	1
/scratch/skscla001/experiments/datasets/swagen/audio/common_voice_sw_30162346.wav	baba yake alifariki kwa mpasuko wa moyo 	1
/scratch/skscla001/experiments/datasets/swagen/audio/common_voice_sw_30635691.wav	yeye alikuwa ndiye mkubwa kwa kuzaliwa 	1
/scratch/skscla001/experiments/datasets/swagen/audio/common_voice_sw_37090129.wav	amani tele sote ni wakenya laleni salama 	1
/scratch/skscla001/experiments/datasets/swagen/audio/common_voice_sw_30379785.wav	kuzuia ongezeko la watu katika eneo dogo ni njia mojawapo ya utunzaji wa mazingira 	1
/scratch/skscla001/experiments/datasets/swagen/audio/common_voice_sw_29938497.wav	zinazotiririsha maji kuelekea bondeni kwenye makazi ya watu 	1
/scratch/skscla001/experiments/datasets/swagen/audio/common_voice_sw_30057944.wav	mkwawa alikuwa mtemi na kiongozi mkuu wa kabila la wahehe katika tanganyika 	1
/scratch/skscla001/experiments/datasets/swagen/audio/common_voice_sw_29968292.wav	jina la serengeti limetokana na neno la kimasai linaloitwa serengiti 	1
/scratch/skscla001/experiments/datasets/swagen/audio/common_voice_sw_29457597.wav	mji mkuu wa tanzania ni jiji la dodoma 	1
/scratch/skscla001/experiments/datasets/swagen/audio/common_voice_sw_29307060.wav	teolojia katika dini mbalimbali inatumia neno hili kadiri ya imani yake 	1
/scratch/skscla001/experiments/datasets/swagen/audio/common_voice_sw_37225290.wav	ustaarabu wa ulimwengu walakini historia ya kweli ya watu wa 	1
/scratch/skscla001/experiments/datasets/swagen/audio/common_voice_sw_30307688.wav	abooud jumbe alichaguliwa kuwa rais wa zanzibar 	1
/scratch/skscla001/experiments/datasets/swagen/audio/common_voice_sw_32244311.wav	kumealifu harusi yako 	1
/scratch/skscla001/experiments/datasets/swagen/audio/common_voice_sw_35964212.wav	wamasai walio wengi bado wameendelea na desturi hiyo 	1
/scratch/skscla001/experiments/datasets/swagen/audio/common_voice_sw_29996470.wav	watanzania tunaadhimisha kumbukumbu ya kuzama kwa meli hiyo 	1
/scratch/skscla001/experiments/datasets/swagen/audio/common_voice_sw_30647798.wav	alikuwa waziri wa afya mambo ya ndani na maliasili 	1
/scratch/skscla001/experiments/datasets/swagen/audio/common_voice_sw_36381667.wav	ninatumaini 	1
/scratch/skscla001/experiments/datasets/swagen/audio/common_voice_sw_30025489.wav	balozi salim ahmed salim wakati huo balozi wa zanzibar nchini misri 	1
/scratch/skscla001/experiments/datasets/swagen/audio/common_voice_sw_29847012.wav	jim thompson aliandika mnamo mwaka elfu moja mia tisa sabini 	1
/scratch/skscla001/experiments/datasets/swagen/audio/common_voice_sw_36382059.wav	hakujua kama baba yake jabir alikuwa ni mwanajeshi na picha nyingine alikuwa jabir 	1
/scratch/skscla001/experiments/datasets/swagen/audio/common_voice_sw_28690022.wav	sikukuu yake huadhimishwa kila mwaka kwenye tarehe ya kifo chake 	1
/scratch/skscla001/experiments/datasets/swagen/audio/common_voice_sw_30223139.wav	kuhamasisha utali wa ndani kwa kuhamasisha wanafunzi 	1
/scratch/skscla001/experiments/datasets/swagen/audio/common_voice_sw_29796576.wav	mji mkongwe wa bagamoyo unakadiriwa kuanza kutukuka 	1
/scratch/skscla001/experiments/datasets/swagen/audio/common_voice_sw_30577887.wav	mchakato wa ujenzi wa bomba hilo litakalosafirisha mafuta hayo umeanza na unakaribia kukamilika 	1
/scratch/skscla001/experiments/datasets/swagen/audio/common_voice_sw_29937874.wav	ukisikia mtu anakwambia amepatwa na msiba basi tambua ya kuwa anaujua uchungu 	1
/scratch/skscla001/experiments/datasets/swagen/audio/common_voice_sw_30629356.wav	zanzibar ni sehemu inayounda eneo la jamhuri 	1
/scratch/skscla001/experiments/datasets/swagen/audio/common_voice_sw_29842745.wav	mapadre wakaona akili yake wakamsaidia kusoma ualimu uko makerere ugand 	1
/scratch/skscla001/experiments/datasets/swagen/audio/common_voice_sw_30342394.wav	mkataba wake utaanza mwaka elfu mbili na ishirini 	1
/scratch/skscla001/experiments/datasets/swagen/audio/common_voice_sw_30629509.wav	uliofuata ni mkataba wa sant germain na austria uliosainiwa tarehe kumi 	1
/scratch/skscla001/experiments/datasets/swagen/audio/common_voice_sw_36331661.wav	na kwamba wako pale kwa maslahi yao binafsi 	1
/scratch/skscla001/experiments/datasets/swagen/audio/common_voice_sw_30090789.wav	wanaogopa kushusha heshima zao walizozitengeneza 	1
/scratch/skscla001/experiments/datasets/swagen/audio/common_voice_sw_30385720.wav	ukitembelea fukwe nyingi za bahari ya hindi utaona ni jisi gani 	1
/scratch/skscla001/experiments/datasets/swagen/audio/common_voice_sw_30258327.wav	ugonjwa wa korona unahatarisha afya ya mama na mtoto 	1
/scratch/skscla001/experiments/datasets/swagen/audio/common_voice_sw_28660773.wav	alishiriki katika tamthilia tofauti za televisheni nchini kenya 	1
/scratch/skscla001/experiments/datasets/swagen/audio/common_voice_sw_30180944.wav	ada yake kwa mtu wa miaka kumi na sita na kuendelea 	1
/scratch/skscla001/experiments/datasets/swagen/audio/common_voice_sw_30071738.wav	ulinzi zaidi uongezwe kuvilinda vivutio vyetu vidumu milele 	1
/scratch/skscla001/experiments/datasets/swagen/audio/common_voice_sw_28681176.wav	ukubwa wa darfur ni kama ule wa ufaransa 	1
/scratch/skscla001/experiments/datasets/swagen/audio/common_voice_sw_36319355.wav	serikali inafanya jitihada za dhati za kuendeleza uvuvi wa bahari kuu 	1
/scratch/skscla001/experiments/datasets/swagen/audio/common_voice_sw_30364543.wav	miaka iliyopita raha ilikuwa ni kushinda makombe 	1
/scratch/skscla001/experiments/datasets/swagen/audio/common_voice_sw_29612143.wav	asili yake ni delta ya alfabeti ya kigiriki 	1
/scratch/skscla001/experiments/datasets/swagen/audio/common_voice_sw_29787578.wav	mpaka wa holili mkoani kilimanjaro kaskazizini mwa nchi 	1
/scratch/skscla001/experiments/datasets/swagen/audio/common_voice_sw_28817324.wav	aliyemfuata alikuwa mwana wake abdullah bin khalifa sultani wa mwisho kisiwani 	1
/scratch/skscla001/experiments/datasets/swagen/audio/common_voice_sw_30131782.wav	vitu vingi katika maisha vinaweza kujaribu kukuondoa kwenye malengo yako 	1
/scratch/skscla001/experiments/datasets/swagen/audio/common_voice_sw_31322306.wav	ni moja kati ya sehemu zilizoanza kupata ustaarabu wa jamii nyingine kama wahajemi 	1
/scratch/skscla001/experiments/datasets/swagen/audio/common_voice_sw_30200932.wav	akajiandikisha kwenye chuo kikuu kwa shabaha ya kufuata elimu ya uzamivu 	1
/scratch/skscla001/experiments/datasets/swagen/audio/common_voice_sw_36375310.wav	ili kufikiautegemezi bandia wa dawa za kulevya 	1
/scratch/skscla001/experiments/datasets/swagen/audio/common_voice_sw_28670568.wav	takriban spishi zote zina rangi ya majani 	1
/scratch/skscla001/experiments/datasets/swagen/audio/common_voice_sw_29737769.wav	mlima kenya hupatikana katika mpaka wa meru na nyeri 	1
/scratch/skscla001/experiments/datasets/swagen/audio/common_voice_sw_29897546.wav	bagamoyo imehifadhi siri nyingi za mali kale ambazo watanzania wengi hawazijui 	1
/scratch/skscla001/experiments/datasets/swagen/audio/common_voice_sw_29997770.wav	hivyo habari hizi bado zinafanyiwa utafiti kuangalia muingiliano wa lugha 	1
/scratch/skscla001/experiments/datasets/swagen/audio/common_voice_sw_34743188.wav	hii ni kutokana na ukweli kwamba jiografia ya zanzibar imezungukwa na bahari 	1
/scratch/skscla001/experiments/datasets/swagen/audio/common_voice_sw_29914944.wav	haya yanapaswa kutunzwa na kutumiwa ipasavyo kwa kutembelewa 	1
/scratch/skscla001/experiments/datasets/swagen/audio/common_voice_sw_28878666.wav	imekuwa makazi ya rais tangu siku ya kutangaza jamhuri 	1
/scratch/skscla001/experiments/datasets/swagen/audio/common_voice_sw_34391223.wav	anaona maono mengine yana mbana inambidi aahirishe mambo baadhi ya mambo kama 	1
/scratch/skscla001/experiments/datasets/swagen/audio/common_voice_sw_34391813.wav	kumi akigombea kwa chama cha mapinduzitarehe kumi na tisa mwezi wa kumi na 	1
/scratch/skscla001/experiments/datasets/swagen/audio/common_voice_sw_36381026.wav	zinapunguza utegemeaji wa baadhi ya fueli na mazoea yenye 	1
/scratch/skscla001/experiments/datasets/swagen/audio/common_voice_sw_37085125.wav	bi anita alimuomba jacob asirudi dar kwa kuhofia angepoteza muda wa kufanya kazi yake 	1
/scratch/skscla001/experiments/datasets/swagen/audio/common_voice_sw_37226285.wav	niliomba utakatifu 	1
/scratch/skscla001/experiments/datasets/swagen/audio/common_voice_sw_29788223.wav	wakawa makabila tofauti tunayoyajua leo hii 	1
/scratch/skscla001/experiments/datasets/swagen/audio/common_voice_sw_37088987.wav	abrahamu kama kielelezo cha imani na rafiki wa mungu 	1
/scratch/skscla001/experiments/datasets/swagen/audio/common_voice_sw_29698467.wav	anafahamika sana kwa kucheza filamu na vipindi vya televisheni vya hong kong 	1
/scratch/skscla001/experiments/datasets/swagen/audio/common_voice_sw_29856681.wav	wakati hakuna kitu cha kula na mwenzako mmoja amejeruhiwa kumuua na kumla ili kuishi 	1
/scratch/skscla001/experiments/datasets/swagen/audio/common_voice_sw_30099248.wav	vikosi vidogo vya jeshi la wajerumani gavana soden alidai kutoendelea na mapigano 	1
/scratch/skscla001/experiments/datasets/swagen/audio/common_voice_sw_36373763.wav	ya wimbo nikaona kidogo hapa kuna maslahi japo nilikuwa napigwa buku kwa 	1
/scratch/skscla001/experiments/datasets/swagen/audio/common_voice_sw_28662081.wav	ndege hawa wanatokea misitu na maeneo mengine yenye miti katika afrika kusini kwa sahara 	1
/scratch/skscla001/experiments/datasets/swagen/audio/common_voice_sw_36386234.wav	sheria mwafaka zipitishwe ili kampuni hizi ziwajibike 	1
/scratch/skscla001/experiments/datasets/swagen/audio/common_voice_sw_30647749.wav	majaliwa ni mwenyeji wa mnacho katika wilaya ya ruangwa aliposoma shule ya msingi 	1
/scratch/skscla001/experiments/datasets/swagen/audio/common_voice_sw_36067440.wav	fimbo lake lilimtega akaanguka 	1
/scratch/skscla001/experiments/datasets/swagen/audio/common_voice_sw_29797094.wav	hispania ilitwaa kombe la ulaya 	1
/scratch/skscla001/experiments/datasets/swagen/audio/common_voice_sw_36945700.wav	jacob alijibu kwa kumwambia watafute mahali waongee na huku wakilegeza makoo yao 	1
/scratch/skscla001/experiments/datasets/swagen/audio/common_voice_sw_36383742.wav	hupewa maelekezo na ushauri unaohusiana na majukumu yao mapya 	1
/scratch/skscla001/experiments/datasets/swagen/audio/common_voice_sw_30419850.wav	mtawala wa mwisho wa kabila la wanyambo aliitwa itogo ruhinda 	1
/scratch/skscla001/experiments/datasets/swagen/audio/common_voice_sw_28582669.wav	katika sehemu za kaskazini kuna gesi na mafuta 	1
/scratch/skscla001/experiments/datasets/swagen/audio/common_voice_sw_28999147.wav	tangu kale wanaheshimiwa na wakatoliki na waorthodoksi kama watakatifu wafiadini 	1
/scratch/skscla001/experiments/datasets/swagen/audio/common_voice_sw_29885099.wav	nahisi hiyo salamu yako nayo nahisi ni chafu hivyo hivyo 	1
/scratch/skscla001/experiments/datasets/swagen/audio/common_voice_sw_36381022.wav	mtu si uzuri kwake kuitwa nyama wa mwitu 	1
/scratch/skscla001/experiments/datasets/swagen/audio/common_voice_sw_28583632.wav	wakati wa uhai wake majolle alipata sifa kama mchoraji mashuhuri wa mashariki 	1
/scratch/skscla001/experiments/datasets/swagen/audio/common_voice_sw_29023169.wav	katika miji mikubwa kigiriki kilikuwa lugha kuu 	1
/scratch/skscla001/experiments/datasets/swagen/audio/common_voice_sw_30181584.wav	mashindano ya kuongeza silaha mpya yalishinda uwezo wa uchumi 	1
/scratch/skscla001/experiments/datasets/swagen/audio/common_voice_sw_36389439.wav	ukubwa wa baraza lake la mawaziri kukosolewa na wataalam 	1
/scratch/skscla001/experiments/datasets/swagen/audio/common_voice_sw_28716471.wav	panya nyasi ni wakubwa kiasi 	1
/scratch/skscla001/experiments/datasets/swagen/audio/common_voice_sw_32211829.wav	wakulima wepanda mpunga mapema 	1
/scratch/skscla001/experiments/datasets/swagen/audio/common_voice_sw_30202107.wav	shimo la ajabu lijulikanalo kama shimo la mungu wilayani newala 	1
/scratch/skscla001/experiments/datasets/swagen/audio/common_voice_sw_28745250.wav	askofu mkuu wake ni mario delpini 	1
/scratch/skscla001/experiments/datasets/swagen/audio/common_voice_sw_29960258.wav	udongo na chokaa iliyochomwa matumbawe na magamba ya konokono wa bahari 	1
/scratch/skscla001/experiments/datasets/swagen/audio/common_voice_sw_29995193.wav	sheria hizi za muungano zilithibitisha hati za muungano 	1
/scratch/skscla001/experiments/datasets/swagen/audio/common_voice_sw_29958338.wav	aligombea na kuchaguliwa kuwa mbunge wa jimbo la ruangwa mkoani lindi 	1
/scratch/skscla001/experiments/datasets/swagen/audio/common_voice_sw_35280771.wav	kuwa hatua ambayo wakati wa saddam hussein hatukuwa 	1
/scratch/skscla001/experiments/datasets/swagen/audio/common_voice_sw_29727959.wav	hapo kuna vipimo vingine 	1
/scratch/skscla001/experiments/datasets/swagen/audio/common_voice_sw_28670014.wav	maelezo ya chini 	1
/scratch/skscla001/experiments/datasets/swagen/audio/common_voice_sw_29796563.wav	hatimae waingereza waliijenga reli hii 	1
/scratch/skscla001/experiments/datasets/swagen/audio/common_voice_sw_29947059.wav	mtangazaji wa taarifa ya habari alikuwa mwalimu julius kambarage nyerere 	1
/scratch/skscla001/experiments/datasets/swagen/audio/common_voice_sw_29927211.wav	wazazi au walezi wengine wajadiliane na watoto wao kuhusu mahusiano na ngono 	1
/scratch/skscla001/experiments/datasets/swagen/audio/common_voice_sw_28820711.wav	ni pia rangi ya matunda mbalimbali na rangi ya damu 	1
/scratch/skscla001/experiments/datasets/swagen/audio/common_voice_sw_30201438.wav	watanzania ni watu tulivu wenye heshima na uvumulivu 	1
/scratch/skscla001/experiments/datasets/swagen/audio/common_voice_sw_31467055.wav	messi alipoteza nafasi adimu ya kuvaa taji la ubingwa wa kombe la dunia 	1
/scratch/skscla001/experiments/datasets/swagen/audio/common_voice_sw_36299500.wav	lakini kila jamii inajitofautisha kwa lahaja yake 	1
/scratch/skscla001/experiments/datasets/swagen/audio/common_voice_sw_28691422.wav	iko ndani ya jiji la dar es salaam 	1
/scratch/skscla001/experiments/datasets/swagen/audio/common_voice_sw_36382071.wav	a katika kikao kilichofanyika jana jioni bunge la nchi hiyo 	1
/scratch/skscla001/experiments/datasets/swagen/audio/common_voice_sw_28681814.wav	mafundisho yake zinapatikana pia katika aina ya sauti na video 	1
/scratch/skscla001/experiments/datasets/swagen/audio/common_voice_sw_29941972.wav	uamuzi huo ukasababisha maalim self na wafuasi wake wakihame chama hicho 	1
/scratch/skscla001/experiments/datasets/swagen/audio/common_voice_sw_34392888.wav	tisini na moja kibaki alikuwa wa tatu na mwaka elfu moja mia tisa tisini 	1
/scratch/skscla001/experiments/datasets/swagen/audio/common_voice_sw_30631097.wav	mwezi wa tatu na ule mwezi wa tano na msimu mfupi 	1
/scratch/skscla001/experiments/datasets/swagen/audio/common_voice_sw_29995793.wav	meyer alikuwa mtu wa kwanza kufika kwenye kilele cha mlima kilimanjaro 	1
/scratch/skscla001/experiments/datasets/swagen/audio/common_voice_sw_28863466.wav	chini yake kuna majimbo mawili katika nchi hiyohiyo 	1
/scratch/skscla001/experiments/datasets/swagen/audio/common_voice_sw_31304335.wav	bahati na mkasa 	1
/scratch/skscla001/experiments/datasets/swagen/audio/common_voice_sw_29938484.wav	atajaribu kuyasimbua kwa kutumia vidokezo kidogo vya habari alivyonavyo 	1
/scratch/skscla001/experiments/datasets/swagen/audio/common_voice_sw_30671505.wav	ilijengwa kati ya mwaka elfu moja mia tisa na sabini 	1
/scratch/skscla001/experiments/datasets/swagen/audio/common_voice_sw_28581953.wav	utumbo mwembamba ni mrefu kuliko ogani nyingine yoyote ya njia ya chakula 	1
/scratch/skscla001/experiments/datasets/swagen/audio/common_voice_sw_29822434.wav	mlima magamba na mlima maguge inaongezeka pia milima ya mahale 	1
/scratch/skscla001/experiments/datasets/swagen/audio/common_voice_sw_28682667.wav	magamba ni makubwa kiasi 	1
/scratch/skscla001/experiments/datasets/swagen/audio/common_voice_sw_30114532.wav	hapo akafanikiwa kuwa balozi wa nembo ya kampuni ya puma 	1
/scratch/skscla001/experiments/datasets/swagen/audio/common_voice_sw_29899302.wav	miaka ya nyuma wazigua waliabudu miungu mbalimbali kama mawe moto na miti mikubwa 	1
/scratch/skscla001/experiments/datasets/swagen/audio/common_voice_sw_30376080.wav	wanindi na wanyakyusa bila kusahau wanyambo na wanyamwanga 	1
/scratch/skscla001/experiments/datasets/swagen/audio/common_voice_sw_30647821.wav	kwa miaka ya kawaida mkoa hupata mvua za uhakika 	1
/scratch/skscla001/experiments/datasets/swagen/audio/common_voice_sw_29957526.wav	kila mtu ana ndoto zake kwenye maisha 	1
/scratch/skscla001/experiments/datasets/swagen/audio/common_voice_sw_36375162.wav	wa kuigiza 	1
/scratch/skscla001/experiments/datasets/swagen/audio/common_voice_sw_30635725.wav	kulingana na kifungu cha ishirini na mbili cha mkataba wa versailles 	1
/scratch/skscla001/experiments/datasets/swagen/audio/common_voice_sw_29795941.wav	idadi inayowakilisha asilimia kumi na sita ya wakazi wa nchi kwa ujumla 	1
/scratch/skscla001/experiments/datasets/swagen/audio/common_voice_sw_36013747.wav	watu wenye virusi vya ukimwi wana upungufu wa kinga mwilini 	1
/scratch/skscla001/experiments/datasets/swagen/audio/common_voice_sw_30116109.wav	makamanda wa uganda walihofu kwamba daraja la kyaka lingeweza kutumika katika kurahisisha mashamulizi 	1
/scratch/skscla001/experiments/datasets/swagen/audio/common_voice_sw_29795901.wav	kiumbe huyo alijulikana kwa jina la blob 	1
/scratch/skscla001/experiments/datasets/swagen/audio/common_voice_sw_29936859.wav	anasema chini ya majengo mengi kuna njia za mahandaki zilizotengenezwa kwa ajili ya ulinzi 	1
/scratch/skscla001/experiments/datasets/swagen/audio/common_voice_sw_31306374.wav	kuendelea chinichini pia wakati wa bargash 	1
/scratch/skscla001/experiments/datasets/swagen/audio/common_voice_sw_30635685.wav	kwa ajili ya kupata kipato cha kukidhi mahitaji yao ya kila siku 	1
/scratch/skscla001/experiments/datasets/swagen/audio/common_voice_sw_29636878.wav	aina ya ganda inasababisha tabia tofauti tofauti za risasi 	1
/scratch/skscla001/experiments/datasets/swagen/audio/common_voice_sw_36013920.wav	alikuwa anaishi nchini kameruni kwa wakati huo 	1
/scratch/skscla001/experiments/datasets/swagen/audio/common_voice_sw_30098929.wav	real madrid ndiyo iliyoitoa bayern munich 	1
/scratch/skscla001/experiments/datasets/swagen/audio/common_voice_sw_34763145.wav	kiafrikaili kufanikisha azma hii wenyeji walilazimika kukusanya 	1
/scratch/skscla001/experiments/datasets/swagen/audio/common_voice_sw_36253358.wav	alikuwa amepoteza masaa meengi alipokuwa amepoteza fahamu 	1
/scratch/skscla001/experiments/datasets/swagen/audio/common_voice_sw_28855832.wav	mojawapo ya changamoto tunayokabiliana nayo katika mpango huu ni kupata tafsiri mwafaka ya maneno 	1
/scratch/skscla001/experiments/datasets/swagen/audio/common_voice_sw_29796702.wav	wadhifa alioushikilia kwa kipindi kirefu sana 	1
/scratch/skscla001/experiments/datasets/swagen/audio/common_voice_sw_29938346.wav	iliachana na ushiriki wa vita hivyo vya mataifa 	1
/scratch/skscla001/experiments/datasets/swagen/audio/common_voice_sw_30143802.wav	wengi wao hawaamini kuwa blob anaweza kutatua migogoro 	1
/scratch/skscla001/experiments/datasets/swagen/audio/common_voice_sw_35757058.wav	ambapo aliwapa maji aliyodai kuwa na dawa ambayo ingewafanya wasiweze kudhurika 	1
/scratch/skscla001/experiments/datasets/swagen/audio/common_voice_sw_30201039.wav	ujerumani yenyewe ilivamiwa kutoka magharibi na mashariki 	1
/scratch/skscla001/experiments/datasets/swagen/audio/common_voice_sw_28973872.wav	hata hivyo ni wikipedia ya kwanza kwa ukubwa katika orodha ya lugha za kirumi 	1
/scratch/skscla001/experiments/datasets/swagen/audio/common_voice_sw_36389900.wav	funguliwa mashtaka mwaka elfu mbili na sita 	1
/scratch/skscla001/experiments/datasets/swagen/audio/common_voice_sw_28690055.wav	maana asili ya jina ni koloni 	1
/scratch/skscla001/experiments/datasets/swagen/audio/common_voice_sw_29470107.wav	watu wengine bilioni moja wanakadiriwa kukosa vitamini na madini 	1
/scratch/skscla001/experiments/datasets/swagen/audio/common_voice_sw_30631117.wav	walihusishwa na matukio ya uhaini mahakamani wakakutwa na hatia 	1
/scratch/skscla001/experiments/datasets/swagen/audio/common_voice_sw_30097856.wav	lakini kubwa zaidi kwa makumbusho hii si kuusikitikia mkasa wa kuzama wa titanic 	1
/scratch/skscla001/experiments/datasets/swagen/audio/common_voice_sw_29468540.wav	jimbo linapatikana katika kaunti ya marsabit mashariki mwa nchi 	1
/scratch/skscla001/experiments/datasets/swagen/audio/common_voice_sw_28582972.wav	upatikanaji wa shule ni sehemu muhimu ya miundombinu wa kila nchi 	1
/scratch/skscla001/experiments/datasets/swagen/audio/common_voice_sw_30180572.wav	uingereza mara nyingi inaishia hatua ya robo fainali kwenye michuano ya kombe la dunia 	1
/scratch/skscla001/experiments/datasets/swagen/audio/common_voice_sw_32090937.wav	peche a dhahabu ina samani sana 	1
/scratch/skscla001/experiments/datasets/swagen/audio/common_voice_sw_29941871.wav	abeid karume alishtakiwa na mfanyabiashara aitwae punja kara 	1
/scratch/skscla001/experiments/datasets/swagen/audio/common_voice_sw_34746354.wav	sehemu kubwa zaidi ya afrika ya mashariki inapeleka maji kwenda mabeseni ya rufiji 	1
/scratch/skscla001/experiments/datasets/swagen/audio/common_voice_sw_30118088.wav	baada ya kuhitimu elimu ya msingi 	1
/scratch/skscla001/experiments/datasets/swagen/audio/common_voice_sw_36381004.wav	kuwa mtegemezi dawa ya kulevya wakati 	1
/scratch/skscla001/experiments/datasets/swagen/audio/common_voice_sw_28880831.wav	kaskazini mwa tanzania kuna mlima meru pia 	1
/scratch/skscla001/experiments/datasets/swagen/audio/common_voice_sw_29796556.wav	jamii ya kabila la maasai ilikuwa ikiishi katika maeneo yote ya serengeti na ngorongoro 	1
/scratch/skscla001/experiments/datasets/swagen/audio/common_voice_sw_36374783.wav	ufaransa emmanuel macron amesema kuwa idadi ya maafa 	1
/scratch/skscla001/experiments/datasets/swagen/audio/common_voice_sw_29941748.wav	raisi john magufuli aliingia madarakani rasmi 	1
/scratch/skscla001/experiments/datasets/swagen/audio/common_voice_sw_30149363.wav	kufanya uchunguzi wake wa uandishi wa habari 	1
/scratch/skscla001/experiments/datasets/swagen/audio/common_voice_sw_30478653.wav	waha ni kabila la watu wa tanzania wanaoishi katika mkoa wa kigoma 	1
/scratch/skscla001/experiments/datasets/swagen/audio/common_voice_sw_28682875.wav	babake alikuwa mwanamuziki katika bendi la jeshi la mtemi 	1
/scratch/skscla001/experiments/datasets/swagen/audio/common_voice_sw_30008645.wav	wala hakuwahi kumruhusu mwandishi yeyote kuandika habari ya maisha yake 	1
/scratch/skscla001/experiments/datasets/swagen/audio/common_voice_sw_29696942.wav	kwa miaka kadhaa alikaa guinea 	1
/scratch/skscla001/experiments/datasets/swagen/audio/common_voice_sw_37088747.wav	wanawake wapatao thelathini wanalima mwani pembezoni mwa bahari 	1
/scratch/skscla001/experiments/datasets/swagen/audio/common_voice_sw_30342769.wav	kushinda kombe la dunia sio jambo rahisi 	1
/scratch/skscla001/experiments/datasets/swagen/audio/common_voice_sw_30638512.wav	amejihusisha na tawi la taasisi ya waafrika tanganyika 	1
/scratch/skscla001/experiments/datasets/swagen/audio/common_voice_sw_28669684.wav	kabla ya mechi 	1
/scratch/skscla001/experiments/datasets/swagen/audio/common_voice_sw_30007157.wav	hifadhi ya arusha inapambwa na maziwa ya momella 	1
/scratch/skscla001/experiments/datasets/swagen/audio/common_voice_sw_37089612.wav	hiyo ilitokana na wajerumani walioingia kama marafikina kubadilika kuwa makatiili 	1
/scratch/skscla001/experiments/datasets/swagen/audio/common_voice_sw_30677299.wav	kufanya kuwa ajali mbaya zaidi ya meli kuliko zote 	1
/scratch/skscla001/experiments/datasets/swagen/audio/common_voice_sw_30210008.wav	warsha ya kuchangia sentensi 	1
/scratch/skscla001/experiments/datasets/swagen/audio/common_voice_sw_31304349.wav	kimsingi kuna jamii kumi na mbili za kabila la wamasai 	1
/scratch/skscla001/experiments/datasets/swagen/audio/common_voice_sw_34750687.wav	wakati huu jacob alikuwa tayari kabisa kwenda rwanda 	1
/scratch/skscla001/experiments/datasets/swagen/audio/common_voice_sw_30032406.wav	wasukuma ni miongoni mwa kabila mojawapo kati ya yale mia moja ishirini na moja 	1
/scratch/skscla001/experiments/datasets/swagen/audio/common_voice_sw_35107990.wav	sio tu kuweka lawama kwa wateja wao ambao wakati mwingi hawana uelewa mzuri 	1
/scratch/skscla001/experiments/datasets/swagen/audio/common_voice_sw_29685865.wav	alihitimu na digrii ya shahada ya sanaa katika sayansi ya jamii 	1
/scratch/skscla001/experiments/datasets/swagen/audio/common_voice_sw_30354921.wav	ziwa victoria ni kivutio cha watalii 	1
/scratch/skscla001/experiments/datasets/swagen/audio/common_voice_sw_29797093.wav	real adrid hawajasajiri wachezaji kwa misimu minne sasa mfululizo 	1
/scratch/skscla001/experiments/datasets/swagen/audio/common_voice_sw_30470906.wav	ndiye pekee miongoni mwa wazanzibari ambaye angeweza kuendeleza fikra 	1
/scratch/skscla001/experiments/datasets/swagen/audio/common_voice_sw_31409747.wav	maeneo ambayo kama hujawahi kutembelea ni vyema ukajitahidi kutafuta nafasi ili kutembelea 	1
/scratch/skscla001/experiments/datasets/swagen/audio/common_voice_sw_29000846.wav	katika hisabati umbali kazi au tani ni dhana ya umbali wa kimwili 	1
/scratch/skscla001/experiments/datasets/swagen/audio/common_voice_sw_30146062.wav	uliwekwa utaratibu wa kuandaa katiba ya kudumu ya muungano 	1
/scratch/skscla001/experiments/datasets/swagen/audio/common_voice_sw_30091464.wav	samia suluhu hassan na rais mteule john magufuli wamedumisha amani na upendo 	1
/scratch/skscla001/experiments/datasets/swagen/audio/common_voice_sw_28815864.wav	fani ya saikolojia kiafya katika nchi nyingi iko chini ya kanuni za maadili 	1
/scratch/skscla001/experiments/datasets/swagen/audio/common_voice_sw_29435329.wav	hali ya tofauti inatokea kama mwezi unapita kwenye kitovu cha kivuli cha dunia 	1
/scratch/skscla001/experiments/datasets/swagen/audio/common_voice_sw_30638497.wav	watu wa karibu yako wanaweza kukufanya kuyachukia maisha na kuona dunia chungu 	1
/scratch/skscla001/experiments/datasets/swagen/audio/common_voice_sw_29915430.wav	wanyama milioni moja aina ya nyumbu 	1
/scratch/skscla001/experiments/datasets/swagen/audio/common_voice_sw_28817637.wav	inapatikana sana katika maeneo ya tropiki amerika kusini na afrika lakini si asia 	1
/scratch/skscla001/experiments/datasets/swagen/audio/common_voice_sw_36380943.wav	unaweza kupata watu wengi 	1
/scratch/skscla001/experiments/datasets/swagen/audio/common_voice_sw_37084903.wav	wa uendeshaji wa serikali kwa sababu 	1
/scratch/skscla001/experiments/datasets/swagen/audio/common_voice_sw_32244697.wav	fuata kila lililokuwa zuri 	1
/scratch/skscla001/experiments/datasets/swagen/audio/common_voice_sw_36390224.wav	kutangaza uhuru wao ilhali serikali ilishindwa nguvu ya kuwazuia jamhuri 	1
/scratch/skscla001/experiments/datasets/swagen/audio/common_voice_sw_29608071.wav	kulikuwa na viti kwa ajili ya wazungu wahindi na waafrika 	1
/scratch/skscla001/experiments/datasets/swagen/audio/common_voice_sw_36320003.wav	radicals mashambulizi hayo waliitwa palmer raids kwa muda mfupi hoover iliyoundwa kadi namba mia 	1
/scratch/skscla001/experiments/datasets/swagen/audio/common_voice_sw_36387493.wav	rai hiyo imetolewa jijini 	1
/scratch/skscla001/experiments/datasets/swagen/audio/common_voice_sw_31433729.wav	wanasiasa wa wakati huo waliona fursa kwa obote kuweka mwanzo mpya 	1
/scratch/skscla001/experiments/datasets/swagen/audio/common_voice_sw_30470811.wav	tangu ugonjwa wa ukimwi ulipogunduliwa miaka ya elfu moja mia tisa na themanini 	1
/scratch/skscla001/experiments/datasets/swagen/audio/common_voice_sw_29898411.wav	kabla ya kuhamia klabu ya feberbahce uturuki alikuwa akichezea aston villa timu ya uingereza 	1
/scratch/skscla001/experiments/datasets/swagen/audio/common_voice_sw_28670633.wav	kuta za mawe zinaonekana kati ya miti 	1
/scratch/skscla001/experiments/datasets/swagen/audio/common_voice_sw_37229662.wav	kituo kitatumika kama chuo cha kutoa mafunzo ya namna ya kushughulikia migogoro ya mirathi 	1
/scratch/skscla001/experiments/datasets/swagen/audio/common_voice_sw_30209807.wav	kongwa kuna wakaguru wagogo na wamasai 	1
/scratch/skscla001/experiments/datasets/swagen/audio/common_voice_sw_37097102.wav	ambapo kwa wakati huo alizaliwa katika eneo hilo 	1
/scratch/skscla001/experiments/datasets/swagen/audio/common_voice_sw_36386215.wav	wenyeji wanaiita deutschland tamka na jina hilo limeingia 	1
/scratch/skscla001/experiments/datasets/swagen/audio/common_voice_sw_30342867.wav	kaka yake alimtaka ajaribu kuomba kazi kituo cha redio muda 	1
/scratch/skscla001/experiments/datasets/swagen/audio/common_voice_sw_37088387.wav	huenda kutembelea kuogelea na kutazama jua likizama kwenye fukwe ya bahari ya hindi 	1
/scratch/skscla001/experiments/datasets/swagen/audio/common_voice_sw_36381594.wav	katika soko la kwa sababu maanake ile fedha inaweza kununua vitu vingi 	1
/scratch/skscla001/experiments/datasets/swagen/audio/common_voice_sw_30635693.wav	wapangwa ni kabila la watu kutoka milima livingstone 	1
/scratch/skscla001/experiments/datasets/swagen/audio/common_voice_sw_28670317.wav	unaweza pia kupata saratani ya ini 	1
/scratch/skscla001/experiments/datasets/swagen/audio/common_voice_sw_31322786.wav	ambao huchukua dawa za kurefusha maisha yao 	1
/scratch/skscla001/experiments/datasets/swagen/audio/common_voice_sw_29962195.wav	akijifanya kujifurahisha ujuzi wa mpenzi wake 	1
/scratch/skscla001/experiments/datasets/swagen/audio/common_voice_sw_29850094.wav	ina malengo ya kujipanua zaidi katika maeneo zaidi 	1
/scratch/skscla001/experiments/datasets/swagen/audio/common_voice_sw_36383685.wav	ndalizi yake yanaanza sasa hivi baada ya kuisha uchanguzi huu wa sasa hivi 	1
/scratch/skscla001/experiments/datasets/swagen/audio/common_voice_sw_29559650.wav	hayajulikani mengine kuhusu historia yao ila tangu kale wanaheshimiwa kama watakatifu wafiadini 	1
/scratch/skscla001/experiments/datasets/swagen/audio/common_voice_sw_29926924.wav	sikuja kutafuta mchumba bali nimekuja kufanya kazi za watanzania 	1
/scratch/skscla001/experiments/datasets/swagen/audio/common_voice_sw_30162240.wav	licha ya kuweka utaratibu wa kumuaga hayati magufuli 	1
/scratch/skscla001/experiments/datasets/swagen/audio/common_voice_sw_30201291.wav	ni miongoni mwa vilele vitano tanzania 	1
/scratch/skscla001/experiments/datasets/swagen/audio/common_voice_sw_30044936.wav	chama cha wapigania uhuru wa afrika kusini 	1
/scratch/skscla001/experiments/datasets/swagen/audio/common_voice_sw_30470966.wav	kupunguza idadi ya washambuliaji na kuongeza beki au viungo wakabaji 	1
/scratch/skscla001/experiments/datasets/swagen/audio/common_voice_sw_36310858.wav	elimu na mafunzo katika uchumi bluu inapaswa kuratibiwa vizuri na vyema zaidi 	1
/scratch/skscla001/experiments/datasets/swagen/audio/common_voice_sw_29434705.wav	hakuna huduma ya ndege za abiria 	1
/scratch/skscla001/experiments/datasets/swagen/audio/common_voice_sw_37093792.wav	ilipobainika kuwa alikuwa akifadhili mafunzo kwa makundi ya kigaidi ambayo yalikuwa hatari sana kwa 	1
/scratch/skscla001/experiments/datasets/swagen/audio/common_voice_sw_37224751.wav	hizi kwa kawaida huwa nyekundu ingawa kuna rangi nyingine kama vile bluu 	1
/scratch/skscla001/experiments/datasets/swagen/audio/common_voice_sw_29996933.wav	mfano mzuri ni mabadiliko kutoka nne nne mbili kwenda tano tatu mbili 	1
/scratch/skscla001/experiments/datasets/swagen/audio/common_voice_sw_28879137.wav	sehemu za kusini za maji huhesabiwa kuwa ndani ya bahari ya antaktiki 	1
/scratch/skscla001/experiments/datasets/swagen/audio/common_voice_sw_31326736.wav	alifungwa jela kwa kosa la kuunda kikosi cha kijeshi 	1
/scratch/skscla001/experiments/datasets/swagen/audio/common_voice_sw_36013848.wav	kesho nitaenda kanisa na mama 	1
/scratch/skscla001/experiments/datasets/swagen/audio/common_voice_sw_30087112.wav	kiungo xavi hernandez alingâara sana kwenye staili hii 	1
/scratch/skscla001/experiments/datasets/swagen/audio/common_voice_sw_30450767.wav	aliyehamia uislamu mnamo elfu moja mia tisa na kumi 	1
/scratch/skscla001/experiments/datasets/swagen/audio/common_voice_sw_30019810.wav	neno lenyewe linaonekana kuwa na nguvu isiyo ya kawaida 	1
/scratch/skscla001/experiments/datasets/swagen/audio/common_voice_sw_30471001.wav	miaka hiyo biashara ya watumwa ilishamiri sana 	1
/scratch/skscla001/experiments/datasets/swagen/audio/common_voice_sw_30201230.wav	pia kuna tambarare zenye nyasi nzuri zenye kupendeza 	1
/scratch/skscla001/experiments/datasets/swagen/audio/common_voice_sw_29787970.wav	kwani dini na elimu kipindi hicho vilienda pamoja sana 	1
/scratch/skscla001/experiments/datasets/swagen/audio/common_voice_sw_30020162.wav	kuwa na hidarati ni lazima kama una matumaini ya kufika mbali 	1
/scratch/skscla001/experiments/datasets/swagen/audio/common_voice_sw_30582821.wav	hifadhi ya kilimanjaro hiyo inajumuisha mlima kilimanjaro 	1
/scratch/skscla001/experiments/datasets/swagen/audio/common_voice_sw_37099517.wav	mababu ya waturuki wa kisasa makabila ya oguz ya 	1
/scratch/skscla001/experiments/datasets/swagen/audio/common_voice_sw_36067098.wav	mwaka wa elfu moja mia tisa arobaini na tisa 	1
/scratch/skscla001/experiments/datasets/swagen/audio/common_voice_sw_31304496.wav	taifa la liberia liliwahi kutoa mwanasoka bora wa dunia 	1
/scratch/skscla001/experiments/datasets/swagen/audio/common_voice_sw_37095297.wav	yenye idadi kubwa ya watu weusi katika taifa la afrika kusini 	1
/scratch/skscla001/experiments/datasets/swagen/audio/common_voice_sw_34763141.wav	alionwa kama mtu asiyejiweza kwa kuwa hakuwa na mali wala nguvu 	1
/scratch/skscla001/experiments/datasets/swagen/audio/common_voice_sw_30671442.wav	hadi kufikia mwaka wa elfu mbili na kumi 	1
/scratch/skscla001/experiments/datasets/swagen/audio/common_voice_sw_29293157.wav	vita ya ukombozi ilileta uharibifu mwingi 	1
/scratch/skscla001/experiments/datasets/swagen/audio/common_voice_sw_29936259.wav	huku upande wa mama akiwa na asili ya italia 	1
/scratch/skscla001/experiments/datasets/swagen/audio/common_voice_sw_29915566.wav	vilio vilikithiri katika mji wa katari 	1
/scratch/skscla001/experiments/datasets/swagen/audio/common_voice_sw_37225491.wav	hizi zilizo ndogo na kuwafundisha watu hivyo ataitwa mdogo kabisa katika ufalme wa mbinguni 	1
/scratch/skscla001/experiments/datasets/swagen/audio/common_voice_sw_35224116.wav	wa familia hiyo ambayo imeenda nisema huyo mtoto akitoka hapa 	1
/scratch/skscla001/experiments/datasets/swagen/audio/common_voice_sw_34765133.wav	tofauti na ilichokuwa inategemewa na ukiangalia hali halisi ilivyo kuhusu usalama 	1
/scratch/skscla001/experiments/datasets/swagen/audio/common_voice_sw_30008246.wav	twiga hupendelea zaidi kula majani na matunda kutoka kwenye miti marefu 	1
/scratch/skscla001/experiments/datasets/swagen/audio/common_voice_sw_30209683.wav	uwepo wa bahari hii ya atlantiki inatengeneza fursa kubwa za kiuchumi kwa mataifa 	1
/scratch/skscla001/experiments/datasets/swagen/audio/common_voice_sw_30107419.wav	hupelekea wanyama kama nyumbu na pundamilia kutoka na kuenda maeneo mengine kujipatia chakula 	1
/scratch/skscla001/experiments/datasets/swagen/audio/common_voice_sw_30671176.wav	wengi walitokea kumchukia idd amin katika kipindi chote cha utawala wake 	1
/scratch/skscla001/experiments/datasets/swagen/audio/common_voice_sw_30629440.wav	ni lazima kama unatarajia kufika kileleni 	1
/scratch/skscla001/experiments/datasets/swagen/audio/common_voice_sw_30335391.wav	yeye anataka kufuata biblia pia na wakatoliki hawakuwa wanapinga 	1
/scratch/skscla001/experiments/datasets/swagen/audio/common_voice_sw_36318599.wav	na kwa sasa wanashikilia nyadhifa kuu sana 	1
/scratch/skscla001/experiments/datasets/swagen/audio/common_voice_sw_28673146.wav	nafasi ya wachezaji hubadilika baada ya kila mchezo 	1
/scratch/skscla001/experiments/datasets/swagen/audio/common_voice_sw_30149813.wav	ivory coast walikuwa wenyeji wa michuano ya mwaka huo 	1
/scratch/skscla001/experiments/datasets/swagen/audio/common_voice_sw_28581479.wav	aina ya tano hupatikana katika sehemu ya bara hindi na arabia 	1
/scratch/skscla001/experiments/datasets/swagen/audio/common_voice_sw_36381093.wav	uchafuzi huu unaweza kupitishwa waathirika wakuu wa uchafuzi huu 	1
/scratch/skscla001/experiments/datasets/swagen/audio/common_voice_sw_28681688.wav	hapa aliendelea kuandika hadi safari yake ya mwisho 	1
/scratch/skscla001/experiments/datasets/swagen/audio/common_voice_sw_28682402.wav	alimaliza elimu yake ya juu katika chuo kikuu cha mt 	1
/scratch/skscla001/experiments/datasets/swagen/audio/common_voice_sw_37101434.wav	ya sokomoko la brexit wakati waingereza watakapoamka 	1
/scratch/skscla001/experiments/datasets/swagen/audio/common_voice_sw_29997547.wav	arsenal walilala kwa mabao mawili kwa moja dhidi ya vijana wa frank rijkard 	1
/scratch/skscla001/experiments/datasets/swagen/audio/common_voice_sw_29963731.wav	blob hawezi kutatua migogoro yoyote hile 	1
/scratch/skscla001/experiments/datasets/swagen/audio/common_voice_sw_28663274.wav	wengine wengi hawana dini yoyote 	1
/scratch/skscla001/experiments/datasets/swagen/audio/common_voice_sw_34391888.wav	benki inatengeza noti na sarafu kwa ajiri ya kumbukumbu muhimu za kitaifa 	1
/scratch/skscla001/experiments/datasets/swagen/audio/common_voice_sw_28878763.wav	hali ya hewa ni ya wastani hakuna baridi kali wala joto kali 	1
/scratch/skscla001/experiments/datasets/swagen/audio/common_voice_sw_32243841.wav	safisha kile kiti 	1
/scratch/skscla001/experiments/datasets/swagen/audio/common_voice_sw_28681191.wav	athira ya mfano wa umoja wa kisovyeti na china ilikuwa muhimu pia 	1
/scratch/skscla001/experiments/datasets/swagen/audio/common_voice_sw_37224504.wav	amesema hapo kabla kulikuwa na taarifa za watu kufa 	1
/scratch/skscla001/experiments/datasets/swagen/audio/common_voice_sw_31665689.wav	benjamini wiliam mkapa alikuwa raisi wa awamu ya tatu 	1
/scratch/skscla001/experiments/datasets/swagen/audio/common_voice_sw_30382915.wav	bocco anayekipiga simba alifunga bao la kwanza msimu huu dakika ya kumi na moja 	1
/scratch/skscla001/experiments/datasets/swagen/audio/common_voice_sw_29788774.wav	kihistori brazil iliwahi kutawaliwa na wareno 	1
/scratch/skscla001/experiments/datasets/swagen/audio/common_voice_sw_30209929.wav	mpira wa uingereza ulikuwa wa pasi tatu kisha goli 	1
/scratch/skscla001/experiments/datasets/swagen/audio/common_voice_sw_29995263.wav	mfugale ni moja ya waandisi wakongwe nchini waliotoa mchango mkubwa katika sekta ya ujenzi 	1
/scratch/skscla001/experiments/datasets/swagen/audio/common_voice_sw_29938476.wav	wilaya hii ilianzishwa mwaka elfu moja mia tisa sabini na tisa 	1
/scratch/skscla001/experiments/datasets/swagen/audio/common_voice_sw_29978863.wav	mabaharia wa mali walikanyaga aridhi miaka ya mia moja na themanini na moja 	1
/scratch/skscla001/experiments/datasets/swagen/audio/common_voice_sw_30233705.wav	inaendelea kupokea ruaha mdogo na mto kisigo 	1
/scratch/skscla001/experiments/datasets/swagen/audio/common_voice_sw_35683994.wav	filamu inaelezea hadithi iliyotungwa na mwandishi 	1
/scratch/skscla001/experiments/datasets/swagen/audio/common_voice_sw_30630877.wav	wengine wanasema kuna mizimu inayoishi ziwa ngosi 	1
/scratch/skscla001/experiments/datasets/swagen/audio/common_voice_sw_30079882.wav	waingereza walilitumia kama shule benki na ofisi 	1
/scratch/skscla001/experiments/datasets/swagen/audio/common_voice_sw_30654267.wav	tanzania ni nchi iliyobarikiwa kuwa na wanyama mbalimbali 	1
/scratch/skscla001/experiments/datasets/swagen/audio/common_voice_sw_36382270.wav	mwaka elfu mbili mpaka mwaka elfu mbili na tano 	1
/scratch/skscla001/experiments/datasets/swagen/audio/common_voice_sw_29961765.wav	kwenye msitu wa amani utaweza kuona nyani weupe na bluu 	1
/scratch/skscla001/experiments/datasets/swagen/audio/common_voice_sw_31306587.wav	rais wa kwanza wa kenya alikuwa jomo kenyatta 	1
/scratch/skscla001/experiments/datasets/swagen/audio/common_voice_sw_30381123.wav	orodha ya wachezaji bora ikamtaja karlheinze kuwa bora 	1
/scratch/skscla001/experiments/datasets/swagen/audio/common_voice_sw_34765591.wav	harakati na wapinzani wa kisosialisti 	1
/scratch/skscla001/experiments/datasets/swagen/audio/common_voice_sw_29788893.wav	lakini mufwimi akaogopa kwa kuona amefanya kosa kubwa 	1
/scratch/skscla001/experiments/datasets/swagen/audio/common_voice_sw_30201655.wav	beckham alikuwa mshiriki katika ballon dor aliyekimbia mara mbili ya mchezaji wa dunia 	1
/scratch/skscla001/experiments/datasets/swagen/audio/common_voice_sw_30257064.wav	morocco walifungwa na tunisia kwenye hatua ya fainali 	1
/scratch/skscla001/experiments/datasets/swagen/audio/common_voice_sw_30183258.wav	wabunge wa bunge la jamhuri walikuwa mchanganyiko 	1
/scratch/skscla001/experiments/datasets/swagen/audio/common_voice_sw_29787714.wav	watalii wa hifadhi ya arusha wanavutiwa kupanda farasi kuzungaka ndani ya hifadhi 	1
/scratch/skscla001/experiments/datasets/swagen/audio/common_voice_sw_36385840.wav	utamaduni huo haukuweza kutibu magonjwa hayo 	1
/scratch/skscla001/experiments/datasets/swagen/audio/common_voice_sw_29996021.wav	miradi inayoendelea kufanyika pia ilionekana kwenye kurasa za magazeti 	1
/scratch/skscla001/experiments/datasets/swagen/audio/common_voice_sw_31304408.wav	mfugale amepokea tuzo mbalimbali ambapo alipokea tuzo ya mafanikio 	1
/scratch/skscla001/experiments/datasets/swagen/audio/common_voice_sw_29980433.wav	na akiwa wa kiume amwite muyinga mufwimi 	1
/scratch/skscla001/experiments/datasets/swagen/audio/common_voice_sw_28921843.wav	aliandika pia historia ya wafalme wa norwei 	1
/scratch/skscla001/experiments/datasets/swagen/audio/common_voice_sw_36310684.wav	na kuweka bayana umoja huo unasaka uungwaji mkono 	1
/scratch/skscla001/experiments/datasets/swagen/audio/common_voice_sw_30671202.wav	jinsi na namna alivyomjua bibi titi mohamed 	1
/scratch/skscla001/experiments/datasets/swagen/audio/common_voice_sw_29956171.wav	wakati wastani wa wenzi wa kimapenzi 	1
/scratch/skscla001/experiments/datasets/swagen/audio/common_voice_sw_36037564.wav	nikule na wewe kila wakati 	1
/scratch/skscla001/experiments/datasets/swagen/audio/common_voice_sw_28669747.wav	alipenda sana sayansi mpya za biolojia na kemia 	1
/scratch/skscla001/experiments/datasets/swagen/audio/common_voice_sw_37092863.wav	aliendelea kuamini katika moyo wake alipendwa sana na hali iliyokuwa ikiwafika majirani haingemfika kamwe 	1
/scratch/skscla001/experiments/datasets/swagen/audio/common_voice_sw_30017652.wav	kufanana na soda pia tabaka zito la majivu linaweza kugeuka 	1
/scratch/skscla001/experiments/datasets/swagen/audio/common_voice_sw_29995155.wav	lakini misitu ya acacia imebadilishwa na misitu yenye majani mapana 	1
/scratch/skscla001/experiments/datasets/swagen/audio/common_voice_sw_36385784.wav	inawezekana kwamba watu wamekerwa 	1
/scratch/skscla001/experiments/datasets/swagen/audio/common_voice_sw_30021420.wav	ya kutembelea hifadhi kubwa kama tatu nakupewa 	1
/scratch/skscla001/experiments/datasets/swagen/audio/common_voice_sw_28690876.wav	ni lugha ya taifa nchini botswana 	1
/scratch/skscla001/experiments/datasets/swagen/audio/common_voice_sw_28922210.wav	alikuwa mkongwe wa zamani wa vita vya korea kutumikia katika bunge la congress 	1
/scratch/skscla001/experiments/datasets/swagen/audio/common_voice_sw_36945013.wav	anamiliki mashamba mengi 	1
/scratch/skscla001/experiments/datasets/swagen/audio/common_voice_sw_34763465.wav	nchi wanachama wa shirikisho la biashara duniani 	1
/scratch/skscla001/experiments/datasets/swagen/audio/common_voice_sw_30016607.wav	tume hii ilianza na kazi ya kutunga katiba ya chama cha mapinduzi 	1
/scratch/skscla001/experiments/datasets/swagen/audio/common_voice_sw_28663170.wav	jangwa hilo linapatikana katika majimbo ya australia magharibi na australia kusini 	1
/scratch/skscla001/experiments/datasets/swagen/audio/common_voice_sw_30209921.wav	unapokuwa kiongozi wa nchi au shirika huwa unapewa ulinzi 	1
/scratch/skscla001/experiments/datasets/swagen/audio/common_voice_sw_29963477.wav	taifa la ujerumani lilishinda taji la tatu la dunia 	1
/scratch/skscla001/experiments/datasets/swagen/audio/common_voice_sw_30381408.wav	ili kuwarithisha watoto wajukuu vitukuu au vizazi vijavyo kwa ujumla 	1
/scratch/skscla001/experiments/datasets/swagen/audio/common_voice_sw_31389512.wav	tumetumbukia katika masuala ya utandawazi kiasi ambacho tunashindwa hata kutambua miiko yetu 	1
/scratch/skscla001/experiments/datasets/swagen/audio/common_voice_sw_36067293.wav	rais wa jamhuri amekutana na kuzungumza na mkurugenzi mkuu wa benki ya kiarabu 	1
/scratch/skscla001/experiments/datasets/swagen/audio/common_voice_sw_37085063.wav	kuchota maji kuokota kuni kukamua ngombe na kupikia familia thelathini na nnengoma ya 	1
/scratch/skscla001/experiments/datasets/swagen/audio/common_voice_sw_28716306.wav	hata hivyo aliweza kushiriki na kushinda 	1
/scratch/skscla001/experiments/datasets/swagen/audio/common_voice_sw_37090726.wav	dalili za maambukizi ya virusi vya ukimwi ni nyingi sana 	1
/scratch/skscla001/experiments/datasets/swagen/audio/common_voice_sw_29836671.wav	wakurugenzi mameneja na mameneja wasaidizi huteuliwa na gavana 	1
/scratch/skscla001/experiments/datasets/swagen/audio/common_voice_sw_30182046.wav	uchaguzi mkuu wa tanzania unahusisha vyama vingi 	1
/scratch/skscla001/experiments/datasets/swagen/audio/common_voice_sw_36385984.wav	vijana watu ni wengi kushinda wao 	1
/scratch/skscla001/experiments/datasets/swagen/audio/common_voice_sw_36385761.wav	waliomtaja kuwa ni mchawi walilenga kumchafua na kulifuta jina lake kwenye soko la muziki 	1
/scratch/skscla001/experiments/datasets/swagen/audio/common_voice_sw_37092666.wav	mimi ni mtu mstaarabu sana 	1
/scratch/skscla001/experiments/datasets/swagen/audio/common_voice_sw_31306441.wav	zamani makocha hawakuwa na mpango wa soka la pasi fupi 	1
/scratch/skscla001/experiments/datasets/swagen/audio/common_voice_sw_29896185.wav	pep guardiola siyo mtu wa kukata tamaa 	1
/scratch/skscla001/experiments/datasets/swagen/audio/common_voice_sw_29810749.wav	mwamubambe alikuwa na jeshi kubwa na wafuasi wengi wenye uwezo wa vita 	1
/scratch/skscla001/experiments/datasets/swagen/audio/common_voice_sw_30221738.wav	jumuiya hiyo ilikuwa na lengo la kuwaunganisha pamoja vijana wa african association 	1
/scratch/skscla001/experiments/datasets/swagen/audio/common_voice_sw_31940312.wav	kunkaza sana 	1
/scratch/skscla001/experiments/datasets/swagen/audio/common_voice_sw_30668404.wav	wafadhili walirejelea ufadhili mwezi wa novemba mwaka elfu mbili na tatu 	1
/scratch/skscla001/experiments/datasets/swagen/audio/common_voice_sw_30148066.wav	lakini kwa upande wa pili kuna ufafanuzi wa kisayansi kuhusu jambo hili 	1
/scratch/skscla001/experiments/datasets/swagen/audio/common_voice_sw_36386162.wav	ishwa rasmi kwenye sherehe zilizofanyika katika uwaja wa amani 	1
/scratch/skscla001/experiments/datasets/swagen/audio/common_voice_sw_30647704.wav	yohane paulo wa pili alitangazwa mwenye kheri na papa benedikto wa kumi na sita 	1
/scratch/skscla001/experiments/datasets/swagen/audio/common_voice_sw_30654125.wav	yenye urefu wa zaidi ya mita hamsini na inakadiriwa kuwa mirefu kuliko yote duniani 	1
/scratch/skscla001/experiments/datasets/swagen/audio/common_voice_sw_30629024.wav	yalipata majina kulingana na wageni walivyoelewa 	1
/scratch/skscla001/experiments/datasets/swagen/audio/common_voice_sw_28681404.wav	hapa alishiriki katika jitihada za kubuni mavazi ya kitaifa ya tanganyika 	1
/scratch/skscla001/experiments/datasets/swagen/audio/common_voice_sw_32090716.wav	huyalae kwenye feni ukatokwa n majasho 	1
/scratch/skscla001/experiments/datasets/swagen/audio/common_voice_sw_34750296.wav	wenye elimuwawe tayari kujibu maswali yao juu ya injili hata kutetea 	1
/scratch/skscla001/experiments/datasets/swagen/audio/common_voice_sw_32243113.wav	taja vitu vilivyopo kwenye sekta ya utalii 	1
/scratch/skscla001/experiments/datasets/swagen/audio/common_voice_sw_36386452.wav	hadi mwaka elfu mbili na kumi na nane 	1
/scratch/skscla001/experiments/datasets/swagen/audio/common_voice_sw_29996765.wav	hilo halina uzito tunachoamini karume alikuwa ni mzalendo 	1
/scratch/skscla001/experiments/datasets/swagen/audio/common_voice_sw_28669880.wav	pia wakaanza kufanya mazoezi ya wanamgambo bila usimamizi wa waingereza 	1
/scratch/skscla001/experiments/datasets/swagen/audio/common_voice_sw_30364480.wav	hawakurudi morogoro wale waliorejea morogoro waliulizwa walikowaacha wenzao 	1
/scratch/skscla001/experiments/datasets/swagen/audio/common_voice_sw_29837364.wav	alikuwa na uwezo wa kutawala na kumudu lugha ya kiingereza 	1
/scratch/skscla001/experiments/datasets/swagen/audio/common_voice_sw_30364226.wav	ina ukubwa wa kilomita za mraba elfu tatu mia mbili themanini na nne 	1
/scratch/skscla001/experiments/datasets/swagen/audio/common_voice_sw_30025526.wav	pia kwa taifa la ghana linaongoza kwa kilimo cha kakao 	1
/scratch/skscla001/experiments/datasets/swagen/audio/common_voice_sw_36807760.wav	kuwait na marekani vita vya pili vya ghuba ya elfu mbili na tatu 	1
/scratch/skscla001/experiments/datasets/swagen/audio/common_voice_sw_37084600.wav	lugomola bukara rutinwa kiziba kayo za bugabo kahigi kihanja na nyarubamba ihangiro 	1
/scratch/skscla001/experiments/datasets/swagen/audio/common_voice_sw_30340741.wav	timu nyingi za afrika zinajivunia kucheza kwenye uwanja wa mkapa 	1
/scratch/skscla001/experiments/datasets/swagen/audio/common_voice_sw_29981971.wav	mlima lool malasin elfu tatu mia sita ishirini na sita 	1
/scratch/skscla001/experiments/datasets/swagen/audio/common_voice_sw_30117890.wav	mpaka saa kumi na moja alfajiri bibi harusi atakapowasili 	1
/scratch/skscla001/experiments/datasets/swagen/audio/common_voice_sw_29428836.wav	hekalu lake mjini efeso lilikuwa kati ya maajabu saba ya dunia 	1
/scratch/skscla001/experiments/datasets/swagen/audio/common_voice_sw_29996312.wav	tuhangaikie malazi mavazi na chakula 	1
/scratch/skscla001/experiments/datasets/swagen/audio/common_voice_sw_36373409.wav	wakereketwa wa haki za binadamu duniani wanasema kutuzwa kwa siambo 	1
/scratch/skscla001/experiments/datasets/swagen/audio/common_voice_sw_29725993.wav	mara nyingi kuna wabunge wa kuchaguliwa na wale wa kuteuliwa 	1
/scratch/skscla001/experiments/datasets/swagen/audio/common_voice_sw_29937730.wav	maonyesho ya nane nane kitaifa mwaka huu tatafanyika katika kanda nane 	1
/scratch/skscla001/experiments/datasets/swagen/audio/common_voice_sw_30180429.wav	baada ya wale wabantu wa mwanzo kutoka afrika magharibi 	1
/scratch/skscla001/experiments/datasets/swagen/audio/common_voice_sw_30647801.wav	pia zipo karanga na alizeti bila kusahau ndizi na korosho 	1
/scratch/skscla001/experiments/datasets/swagen/audio/common_voice_sw_30144192.wav	kujivunia na kila mtanzania anapaswa kuona thamani 	1
/scratch/skscla001/experiments/datasets/swagen/audio/common_voice_sw_30306490.wav	baadhi ya visiwa hivyo ni goziba na nansio pamoja na ukerewe 	1
/scratch/skscla001/experiments/datasets/swagen/audio/common_voice_sw_30109258.wav	raisi huyo aliipambana na ubaguzi wa rangi 	1
/scratch/skscla001/experiments/datasets/swagen/audio/common_voice_sw_30224079.wav	tumia bidhaa za nywele ambazo zinaendana na nywele zako na hakikisha unazingatia mambo muhimu 	1
/scratch/skscla001/experiments/datasets/swagen/audio/common_voice_sw_31304595.wav	wananchi wa manispaa ya mtwara mikindani wanajishughulisha na biashara 	1
/scratch/skscla001/experiments/datasets/swagen/audio/common_voice_sw_29787880.wav	michuano yote ya soka inapofanyika waandaaji wanatoa tuzo 	1
/scratch/skscla001/experiments/datasets/swagen/audio/common_voice_sw_30024456.wav	wanajituma kwenye kazi hasa za kilimo 	1
/scratch/skscla001/experiments/datasets/swagen/audio/common_voice_sw_36386232.wav	kwa sababu wengi ni rahisi kuwasahau lakini mchango wao ni mkubwa sana 	1
/scratch/skscla001/experiments/datasets/swagen/audio/common_voice_sw_29945759.wav	huku watu milioni moja nukta nane wakiambukizwa umpya mwaka elfu mbili kumi na saba 	1
/scratch/skscla001/experiments/datasets/swagen/audio/common_voice_sw_36386408.wav	aliendelea kuendesha akifuatilia mahali ulipotokea ule mkito wa muziki 	1
/scratch/skscla001/experiments/datasets/swagen/audio/common_voice_sw_37223909.wav	hata hivyo ukeketaji unabakia kuwa ni kielelezo cha utamaduni 	1
/scratch/skscla001/experiments/datasets/swagen/audio/common_voice_sw_36389979.wav	wakiendelea kuelimishana taratibu kuanzia ngazi za familia 	1
/scratch/skscla001/experiments/datasets/swagen/audio/common_voice_sw_29988508.wav	mpaka sasa kichwa chake kipo ujerumani 	1
/scratch/skscla001/experiments/datasets/swagen/audio/common_voice_sw_30381618.wav	alichaguliwa na raia wa zanzibar si wajumbe wa baraza la mapinduzi 	1
/scratch/skscla001/experiments/datasets/swagen/audio/common_voice_sw_36616893.wav	nikitazama matendo yako na nguvu zako wewe 	1
/scratch/skscla001/experiments/datasets/swagen/audio/common_voice_sw_29698018.wav	babeli uliendelea kuwa mji muhimu katika dola la uajemi 	1
/scratch/skscla001/experiments/datasets/swagen/audio/common_voice_sw_30485802.wav	wateka nyara hao waliingia ofisini humo taratibu kabla ya kupaza sauti 	1
/scratch/skscla001/experiments/datasets/swagen/audio/common_voice_sw_35377076.wav	uoto wa asili wa msitu unaostawi kufuata mkondo wa mto 	1
/scratch/skscla001/experiments/datasets/swagen/audio/common_voice_sw_28682075.wav	aina ya pili ni mafuta yanapatikana katika kiini cha tunda 	1
/scratch/skscla001/experiments/datasets/swagen/audio/common_voice_sw_30204499.wav	tukianzia katika taifa la jamhuri ya kidemokrasaia ya congo 	1
/scratch/skscla001/experiments/datasets/swagen/audio/common_voice_sw_30341853.wav	hata hivyo luteni kanali paul von lettow vorbeck alichukua mamlaka ya majeshi 	1
/scratch/skscla001/experiments/datasets/swagen/audio/common_voice_sw_28669835.wav	pengine mabawa ni meusi takriban kabisa 	1
/scratch/skscla001/experiments/datasets/swagen/audio/common_voice_sw_29946777.wav	wanasayansi wanadai kuwa eneo hilo lina maji yenye chumvi na yasiyo na chumvi 	1
/scratch/skscla001/experiments/datasets/swagen/audio/common_voice_sw_29997295.wav	jeff bezos alitangazwa kuwa mtu wa pili kwa utajiri zaidi duniani 	1
/scratch/skscla001/experiments/datasets/swagen/audio/common_voice_sw_31304397.wav	jana tuliona jinsi majeshi ya tanzania yalivyoanza safari 	1
/scratch/skscla001/experiments/datasets/swagen/audio/common_voice_sw_28695355.wav	aliwahi kwenda vitani hispania na kuoa 	1
/scratch/skscla001/experiments/datasets/swagen/audio/common_voice_sw_30634755.wav	ivory coast ilikuwana kikosi cha dhahabu 	1
/scratch/skscla001/experiments/datasets/swagen/audio/common_voice_sw_37094858.wav	sambabmba na huyo dunia ilishuhudia kiongozi mwingine 	1
/scratch/skscla001/experiments/datasets/swagen/audio/common_voice_sw_29787859.wav	watenga watapeleka mahari kidogo kwa mama na baba wa binti 	1
/scratch/skscla001/experiments/datasets/swagen/audio/common_voice_sw_30109893.wav	wakati akiendelea kuwa bosi mfugale tayari ameshalitumikia taifa kwa zaidi 	1
/scratch/skscla001/experiments/datasets/swagen/audio/common_voice_sw_37093593.wav	sehemu nyingine za bara la afrika na nje ya 	1
/scratch/skscla001/experiments/datasets/swagen/audio/common_voice_sw_30583010.wav	baada ya kupigwa vya kutosha wareno walikubali kutia saini makubaliano 	1
/scratch/skscla001/experiments/datasets/swagen/audio/common_voice_sw_30024418.wav	aina ya kwanza ya kisukari inaweza kutokea kwa watu kuanzia utotoni 	1
/scratch/skscla001/experiments/datasets/swagen/audio/common_voice_sw_30021035.wav	kwa wenye matatizo ya moyo tende zitawasaidia kuupa moyo nguvu 	1
/scratch/skscla001/experiments/datasets/swagen/audio/common_voice_sw_37095984.wav	biashara upande wa dini wananchi karibu wote ni waislamu hasa 	1
/scratch/skscla001/experiments/datasets/swagen/audio/common_voice_sw_30026208.wav	uro milioni mia moja thelathini 	1
/scratch/skscla001/experiments/datasets/swagen/audio/common_voice_sw_29896836.wav	hapo munyigumba akakasirika na kuamua kumfukuza sekinyaga na mwanawe 	1
/scratch/skscla001/experiments/datasets/swagen/audio/common_voice_sw_30024379.wav	wadigo na wadoe wapo pia wafipa na wagogo 	1
/scratch/skscla001/experiments/datasets/swagen/audio/common_voice_sw_29796182.wav	bonde la mto naili ni maarufu kwa kilimo cha matikiti na mimea aina mbalimbali 	1
/scratch/skscla001/experiments/datasets/swagen/audio/common_voice_sw_30021317.wav	wakitaja majina ya watu wa kale kulingana na wakati husika 	1
/scratch/skscla001/experiments/datasets/swagen/audio/common_voice_sw_36384115.wav	raia wa uingerza wanataka aendelee kutawala 	1
/scratch/skscla001/experiments/datasets/swagen/audio/common_voice_sw_37223396.wav	italia kwa papa akajaribu kujenga umoja wa kanisa ila haukutekelezwa 	1
/scratch/skscla001/experiments/datasets/swagen/audio/common_voice_sw_34751057.wav	tamasha hili linatajwa kwamba liliweka misingi mipya ya bongo fleva 	1
/scratch/skscla001/experiments/datasets/swagen/audio/common_voice_sw_29797047.wav	magofu mengi yapo katika hifadhi ya mji mkongwe wa bagamoyo 	1
/scratch/skscla001/experiments/datasets/swagen/audio/common_voice_sw_28670630.wav	makao makuu ya mkoa yako songea mjini 	1
/scratch/skscla001/experiments/datasets/swagen/audio/common_voice_sw_34762999.wav	saa unapiga nduru juu ushapotezanga hela 	1
/scratch/skscla001/experiments/datasets/swagen/audio/common_voice_sw_30021555.wav	usiku hakuna usalama kwa kuwa kuna matukio ya uhalifu ambayo yanafanywa na vijana wanaokaba 	1
/scratch/skscla001/experiments/datasets/swagen/audio/common_voice_sw_37224716.wav	tutamsifu bwana milele na milele 	1
/scratch/skscla001/experiments/datasets/swagen/audio/common_voice_sw_30363856.wav	lakini pia watoto wanaokuzwa katika mfumo huo wanajengwa katika maadili mazuri 	1
/scratch/skscla001/experiments/datasets/swagen/audio/common_voice_sw_30090642.wav	yohane paulo wa pili alitoa mafundisho mengi kuhusu jamii 	1
/scratch/skscla001/experiments/datasets/swagen/audio/common_voice_sw_30143813.wav	waitalia walianza kushambulia ugiriki na jeshi la waingereza 	1
/scratch/skscla001/experiments/datasets/swagen/audio/common_voice_sw_30079880.wav	akabadilisha upepo uliodumu kwa miaka kumi na nne 	1
/scratch/skscla001/experiments/datasets/swagen/audio/common_voice_sw_31304598.wav	mwaka uliyofuatia akatimkia bayern munich 	1
/scratch/skscla001/experiments/datasets/swagen/audio/common_voice_sw_29941754.wav	msimu uliyofuata pep alihamia ujerumani 	1
/scratch/skscla001/experiments/datasets/swagen/audio/common_voice_sw_28695895.wav	upande wa ulinzi kuna kituo kimoja kidogo cha polisi 	1
/scratch/skscla001/experiments/datasets/swagen/audio/common_voice_sw_36385645.wav	wao kama watawala wadogo mahali pa mamabaadaye mzee mbegha alikaa pamoja na wazee 	1
/scratch/skscla001/experiments/datasets/swagen/audio/common_voice_sw_29897136.wav	twiga hawachangamani na twiga wasio wa kundi moja 	1
/scratch/skscla001/experiments/datasets/swagen/audio/common_voice_sw_31321691.wav	samuel etoo na messi walifunga mabao ya ushindi 	1
/scratch/skscla001/experiments/datasets/swagen/audio/common_voice_sw_30577567.wav	haki ya mageuzi haina misingi ya kisheria ya kubadili tabia ama mawazo 	1
/scratch/skscla001/experiments/datasets/swagen/audio/common_voice_sw_30233548.wav	karol alipiga hodi kwenye nyumba ya askofu mkuu wa krakow 	1
/scratch/skscla001/experiments/datasets/swagen/audio/common_voice_sw_35108042.wav	desmond tutu ni kiongozi wa kidini ambae alikuwa anaamasisha upendo umoja na amanipia 	1
/scratch/skscla001/experiments/datasets/swagen/audio/common_voice_sw_29591999.wav	iko upande wa kusini wa kisiwa 	1
/scratch/skscla001/experiments/datasets/swagen/audio/common_voice_sw_30046144.wav	safari za mtubwi katika ziwa eyasi 	1
/scratch/skscla001/experiments/datasets/swagen/audio/common_voice_sw_28704235.wav	jimbo lina mapato madogo sana kuliko jimbo lolote nchini humo 	1
/scratch/skscla001/experiments/datasets/swagen/audio/common_voice_sw_29988535.wav	hufanya uamuzi wa kutoa elimu kwa vitendo na kuelekeza wananchi namna ya kulima 	1
/scratch/skscla001/experiments/datasets/swagen/audio/common_voice_sw_35132630.wav	eza nishati mwilini na hilo huchangia mtu kuwa na uzito 	1
/scratch/skscla001/experiments/datasets/swagen/audio/common_voice_sw_29789388.wav	kama walimwona msichana mrembo watamtafuta ndugu yao ambaye watamtaka 	1
/scratch/skscla001/experiments/datasets/swagen/audio/common_voice_sw_30091463.wav	subiri siku ya kufanyiwa unyago ifike utajua umuhimu wake 	1
/scratch/skscla001/experiments/datasets/swagen/audio/common_voice_sw_30091431.wav	ujanja wote kangaroo hawezi kutembea kinyume nyume 	1
/scratch/skscla001/experiments/datasets/swagen/audio/common_voice_sw_36299978.wav	maendeleo ya kijamiikiuchumikwa muda mrefu imethibitishwa kuwa 	1
/scratch/skscla001/experiments/datasets/swagen/audio/common_voice_sw_28877926.wav	kaskazini kawaida huwa juu zaidi kwenye ramani 	1
/scratch/skscla001/experiments/datasets/swagen/audio/common_voice_sw_36252473.wav	na tano baadaye abrahamu babu wa taifa la israeli kwa imani na 	1
/scratch/skscla001/experiments/datasets/swagen/audio/common_voice_sw_30181219.wav	new generationb united service na new kings karume 	1
/scratch/skscla001/experiments/datasets/swagen/audio/common_voice_sw_29895682.wav	sehemu hiyo inadumisha utalii wa kihistoria ndani ya tanzania 	1
/scratch/skscla001/experiments/datasets/swagen/audio/common_voice_sw_32243054.wav	kanasaka mkoba wake 	1
/scratch/skscla001/experiments/datasets/swagen/audio/common_voice_sw_36375273.wav	mmoja wa jinsi kiwanda kikubwa kinaweza kutenda ili kupunguza 	1
/scratch/skscla001/experiments/datasets/swagen/audio/common_voice_sw_28662043.wav	dalili zinaweza kujumuisha maumivu na ugumu wa kula chakula 	1
/scratch/skscla001/experiments/datasets/swagen/audio/common_voice_sw_30133525.wav	miaka kumi imepita tangu guardiola aondoke barcelona 	1
/scratch/skscla001/experiments/datasets/swagen/audio/common_voice_sw_30209681.wav	je mtapiga kambi na katika kupiga kambi ni lazima mbebe mahema yenu 	1
/scratch/skscla001/experiments/datasets/swagen/audio/common_voice_sw_32244646.wav	bendera hufuata mkondo 	1
/scratch/skscla001/experiments/datasets/swagen/audio/common_voice_sw_28695670.wav	hata ikiwa ndivyo ilivyokuwa ni juu yangu 	1
/scratch/skscla001/experiments/datasets/swagen/audio/common_voice_sw_30144395.wav	hata wakati wa vita vyake dhidi ya wajerumani mkwawa aliwaheshimu wageni wake hawa 	1
/scratch/skscla001/experiments/datasets/swagen/audio/common_voice_sw_30181548.wav	lengo la kuhakikisha usalama na uimara katika mfumo wa shughuli za kibenki 	1
/scratch/skscla001/experiments/datasets/swagen/audio/common_voice_sw_30379704.wav	papa akiwa mgonjwa sana aliendelea na utume wake 	1
/scratch/skscla001/experiments/datasets/swagen/audio/common_voice_sw_31308918.wav	kisha yanakuacha utunze mahusiano yako kwa gharama zako 	1
/scratch/skscla001/experiments/datasets/swagen/audio/common_voice_sw_30008591.wav	pia katika afrika ni ziwa la pili kwa kuwa na kina kirefu zaidi 	1
/scratch/skscla001/experiments/datasets/swagen/audio/common_voice_sw_29896648.wav	alikuwa kiongozi ambaye hajali matatizo ya wengine 	1
/scratch/skscla001/experiments/datasets/swagen/audio/common_voice_sw_30144116.wav	milima ya mbarika na milima ya mbeya 	1
/scratch/skscla001/experiments/datasets/swagen/audio/common_voice_sw_29936393.wav	henrik larson wa sweden alifunga mabao matatu 	1
/scratch/skscla001/experiments/datasets/swagen/audio/common_voice_sw_29935936.wav	wakiimba katika kuwajibu wanaume ingawa miili yao 	1
/scratch/skscla001/experiments/datasets/swagen/audio/common_voice_sw_37098342.wav	kwenye ufunguzi huo serikali ya mapinduzi ya zanzibar ilibainisha mambo kadhaa 	1
/scratch/skscla001/experiments/datasets/swagen/audio/common_voice_sw_31370880.wav	wakahukumiwa kwenda jela kifungo cha maisha 	1
/scratch/skscla001/experiments/datasets/swagen/audio/common_voice_sw_30354920.wav	pia wilaya za igunga na sikonge bila kusahau tabora na urambo 	1
/scratch/skscla001/experiments/datasets/swagen/audio/common_voice_sw_32101561.wav	daktari menena mame afungwe mai tupa mbili 	1
/scratch/skscla001/experiments/datasets/swagen/audio/common_voice_sw_28305859.wav	asili ya jina ethiopia haijulikani 	1
/scratch/skscla001/experiments/datasets/swagen/audio/common_voice_sw_36299887.wav	kuna hisia za ushabiki za uchokozi wa watu 	1
/scratch/skscla001/experiments/datasets/swagen/audio/common_voice_sw_30182236.wav	kuelekea mwishoni mwa msimu alipata ofa ya kujiunga na arsenal 	1
/scratch/skscla001/experiments/datasets/swagen/audio/common_voice_sw_29789326.wav	kuna wakati rais wa barcolona joan laporta aliwahi kusema 	1
/scratch/skscla001/experiments/datasets/swagen/audio/common_voice_sw_36617434.wav	karagwe kwenye njia kuu ya biashara ya kimataifa na kupunguza umaarufu wake 	1
/scratch/skscla001/experiments/datasets/swagen/audio/common_voice_sw_29945596.wav	hakuwa na mamlaka juu ya mkuu mpya wa jeshi emil von zelewski 	1
/scratch/skscla001/experiments/datasets/swagen/audio/common_voice_sw_29948456.wav	tunatumia siku ya maadhimisho ya mtoto wa afrika kuwakumbusha viongozi 	1
/scratch/skscla001/experiments/datasets/swagen/audio/common_voice_sw_30441236.wav	pesa inaweza kumfanya pep kuwa kocha wa simba 	1
/scratch/skscla001/experiments/datasets/swagen/audio/common_voice_sw_30122818.wav	ufaransa ilimenyana na croatia kwenye fainali 	1
/scratch/skscla001/experiments/datasets/swagen/audio/common_voice_sw_35132360.wav	victor robert willi amezungumza na shaq mumbere ambae 	1
/scratch/skscla001/experiments/datasets/swagen/audio/common_voice_sw_29902479.wav	pia amejihusisha na tawi la tanganyika african association 	1
/scratch/skscla001/experiments/datasets/swagen/audio/common_voice_sw_36387977.wav	mbogwe mbunge ni augustino masele kupitia chama cha mapinduzi 	1
/scratch/skscla001/experiments/datasets/swagen/audio/common_voice_sw_28815559.wav	iko katika kusini mashariki ya marekani bara 	1
/scratch/skscla001/experiments/datasets/swagen/audio/common_voice_sw_31304432.wav	hatimaye kujiunga na klabu ya simba mwaka elfu mbili na kumi na saba 	1
/scratch/skscla001/experiments/datasets/swagen/audio/common_voice_sw_29805299.wav	messi alirudi kwenye kiwango cha juu na kuvunja rekodi ya magoli mengi kwa msimu 	1
/scratch/skscla001/experiments/datasets/swagen/audio/common_voice_sw_30091394.wav	mkwawa alisikia habari za wajerumani akajaribu kuwasiliana nao lakini hawakuelewana 	1
/scratch/skscla001/experiments/datasets/swagen/audio/common_voice_sw_29787906.wav	eneo la cameroon na mto congo pia eneo la niger 	1
/scratch/skscla001/experiments/datasets/swagen/audio/common_voice_sw_32244229.wav	gusa karatasi yako 	1
/scratch/skscla001/experiments/datasets/swagen/audio/common_voice_sw_28820741.wav	anatokea katika jamii ya watu weusi 	1
/scratch/skscla001/experiments/datasets/swagen/audio/common_voice_sw_30630847.wav	zinafanyika shughuli za usafirishaji wa mizigo na abiria pia 	1
/scratch/skscla001/experiments/datasets/swagen/audio/common_voice_sw_35408230.wav	moja miaka halafu iendelea kupanda juu ikielekea kabisa 	1
/scratch/skscla001/experiments/datasets/swagen/audio/common_voice_sw_29905233.wav	wengi walipoteza maisha kwa hiyo nguvukazi ilipungua kwa kiwango kikubwa 	1
/scratch/skscla001/experiments/datasets/swagen/audio/common_voice_sw_36375244.wav	sheria hiyo haihusiani tu na utegemeaji wa dawa 	1
/scratch/skscla001/experiments/datasets/swagen/audio/common_voice_sw_28663206.wav	wanaishi huko indonesia papua new guinea na australia ya mashariki 	1
/scratch/skscla001/experiments/datasets/swagen/audio/common_voice_sw_30327369.wav	pia alikuwa wa kabila la wakakwa ambaye alikuwa mkatoliki 	1
/scratch/skscla001/experiments/datasets/swagen/audio/common_voice_sw_35683505.wav	karibu mara nyingi husikia maneno uturuki kubwa 	1
/scratch/skscla001/experiments/datasets/swagen/audio/common_voice_sw_29000597.wav	hivyo ni kata kubwa zaidi katika wilaya hiyo yote 	1
/scratch/skscla001/experiments/datasets/swagen/audio/common_voice_sw_36381643.wav	sisi ni watoto wa baba noah 	1
/scratch/skscla001/experiments/datasets/swagen/audio/common_voice_sw_36067419.wav	taarifa ya hospitali ya wilaya ya serengeti 	1
/scratch/skscla001/experiments/datasets/swagen/audio/common_voice_sw_29938551.wav	kabla ya kujikita na hispania kuanzia mwaka elfu moja mia tisa hamsini na saba 	1
/scratch/skscla001/experiments/datasets/swagen/audio/common_voice_sw_30633152.wav	mfano mfumo maarufu wa nne tano moja unakuwa na mabeki wanne 	1
/scratch/skscla001/experiments/datasets/swagen/audio/common_voice_sw_30104777.wav	engai narok ni mungu mweusi ana huruma 	1
/scratch/skscla001/experiments/datasets/swagen/audio/common_voice_sw_30671132.wav	alihamishiwa marekani kwa masomo zaidi ya sekondari katika jimbo la florida 	1
/scratch/skscla001/experiments/datasets/swagen/audio/common_voice_sw_29943269.wav	mandela aliamini katika taifa la kidemokrasia 	1
/scratch/skscla001/experiments/datasets/swagen/audio/common_voice_sw_29877498.wav	messi kuondoka barcelona jambo la kushangaza 	1
/scratch/skscla001/experiments/datasets/swagen/audio/common_voice_sw_30091466.wav	bargash na mfuasi wake khalifa bin said waliamua kuuza maeneo hayo au kuyakodisha 	1
/scratch/skscla001/experiments/datasets/swagen/audio/common_voice_sw_36385237.wav	fasihi kujishughulisha na kukuza na kukitangaza kiswahili katika 	1
/scratch/skscla001/experiments/datasets/swagen/audio/common_voice_sw_37224114.wav	au maamuzi yanayotolewa kwa jina la cote de voire 	1
/scratch/skscla001/experiments/datasets/swagen/audio/common_voice_sw_31409771.wav	mama wa kichagga anaweza kushinda shambani kutwa na hana desturi ya kubeba watoto mgongoni 	1
/scratch/skscla001/experiments/datasets/swagen/audio/common_voice_sw_34763927.wav	sawa karibu sanaaliongea maneno hayo huku akipiga muhuri pasi ya jacob 	1
/scratch/skscla001/experiments/datasets/swagen/audio/common_voice_sw_30299926.wav	asilimia kubwa ya bajeti ya tanzania huishia kwenye ujenzi 	1
/scratch/skscla001/experiments/datasets/swagen/audio/common_voice_sw_28716395.wav	siku hizi mfereji uko chini ya serikali ya panama 	1
/scratch/skscla001/experiments/datasets/swagen/audio/common_voice_sw_30671089.wav	iko tanzania katika mkoa wa katavi zamani rukwa 	1
/scratch/skscla001/experiments/datasets/swagen/audio/common_voice_sw_37099887.wav	baada ya kumaliza masomo alishughulikia hasa biashara za familia alizorithi kutoka kwa baba yake 	1
/scratch/skscla001/experiments/datasets/swagen/audio/common_voice_sw_36375010.wav	ndoa yake iko na matatizo 	1
/scratch/skscla001/experiments/datasets/swagen/audio/common_voice_sw_29877377.wav	kama nilivyosema awali unaweza kuwa unaishi katikati 	1
/scratch/skscla001/experiments/datasets/swagen/audio/common_voice_sw_31304304.wav	emmanuel kotoka ambaye naye aliuawa tarehe kumi na saba mwezi wa nne 	1
/scratch/skscla001/experiments/datasets/swagen/audio/common_voice_sw_29797254.wav	mtoto hatakuwa na namna ya kumuacha mama yake mlezi 	1
/scratch/skscla001/experiments/datasets/swagen/audio/common_voice_sw_37089503.wav	tisini na nne chini ya utawala wa chama kimoja wa dikteta hastings kamuzu banda 	1
/scratch/skscla001/experiments/datasets/swagen/audio/common_voice_sw_29937796.wav	nyumba inajengwa ambayo wavulana wataenda kucheza na kufanya mila kadhaa 	1
/scratch/skscla001/experiments/datasets/swagen/audio/common_voice_sw_30115573.wav	kutokana na kuziba au kupasuka kwa mishipa ya damu kwenye ubongo 	1
/scratch/skscla001/experiments/datasets/swagen/audio/common_voice_sw_30635647.wav	party walipewa nafasi serikalini kufikia machi okello 	1
/scratch/skscla001/experiments/datasets/swagen/audio/common_voice_sw_30021269.wav	nyangumi ni jina la mamalia wa majini wa oda ya cetacea 	1
/scratch/skscla001/experiments/datasets/swagen/audio/common_voice_sw_36375122.wav	wakati ambapo matukio ya maendeleo yanastahili kutokea katika maisha ya mtu 	1
/scratch/skscla001/experiments/datasets/swagen/audio/common_voice_sw_29996318.wav	baadhi ya makambi hayo yaliyotumiwa na wapigania uhuru wa bara la afrika 	1
/scratch/skscla001/experiments/datasets/swagen/audio/common_voice_sw_32295878.wav	ameweza kujilipia ada 	1
/scratch/skscla001/experiments/datasets/swagen/audio/common_voice_sw_30641343.wav	pep guardiola aliwahi kufunga safari hadi shambani kwa bielsa 	1
/scratch/skscla001/experiments/datasets/swagen/audio/common_voice_sw_29942634.wav	alama ya pembe za ndovu ikiwakilisha utalii wetu tulio nao 	1
/scratch/skscla001/experiments/datasets/swagen/audio/common_voice_sw_28979963.wav	nyanda za juu kuna nafaka na viazi 	1
/scratch/skscla001/experiments/datasets/swagen/audio/common_voice_sw_29645349.wav	mazungumzo ya wawili hawa yalikuwa ya kipekee 	1
/scratch/skscla001/experiments/datasets/swagen/audio/common_voice_sw_32243783.wav	pokea zawadi kutoka kwa baba 	1
/scratch/skscla001/experiments/datasets/swagen/audio/common_voice_sw_28993473.wav	pamoja na hayo mwenyewe aliendelea kutunga vitabu mbalimbali 	1
/scratch/skscla001/experiments/datasets/swagen/audio/common_voice_sw_37095782.wav	hifadhi ya taifa kutokana na uharibifu wa wanyamapori katika mazao yao pia ujangili ulio 	1
/scratch/skscla001/experiments/datasets/swagen/audio/common_voice_sw_34890800.wav	mji huo ulijipatia umaarufu sana mnamo karne ya kumi na tano 	1
/scratch/skscla001/experiments/datasets/swagen/audio/common_voice_sw_29897129.wav	kuna takriban lugha thelathini na sita za nilo sahara 	1
/scratch/skscla001/experiments/datasets/swagen/audio/common_voice_sw_35963925.wav	wafanyikazi wa bei rahisi katika ulaya magharibi kusikia 	1
/scratch/skscla001/experiments/datasets/swagen/audio/common_voice_sw_30183493.wav	makabila hayo ni ya wabantu wa ziwa na yanafanana mila na desturi 	1
/scratch/skscla001/experiments/datasets/swagen/audio/common_voice_sw_37099767.wav	kwa kutupa vilabu orinka walivyoweza kutupa kwa usahihi kutoka umbali wa mita mia moja 	1
/scratch/skscla001/experiments/datasets/swagen/audio/common_voice_sw_34763358.wav	hata hivyo jacob matata aliweza kumtambua mzee makame akiwa kwenye hiyo picha 	1
/scratch/skscla001/experiments/datasets/swagen/audio/common_voice_sw_31304416.wav	alipokuwa na umri wa miaka minne alijiunga na klabu ya grandoli 	1
/scratch/skscla001/experiments/datasets/swagen/audio/common_voice_sw_29956177.wav	nakumbuka ilifikia hatua majangili yalianza kutumia sumu kuua wanyama 	1
/scratch/skscla001/experiments/datasets/swagen/audio/common_voice_sw_32090743.wav	sidharau nnlinga ndio uuvao nkoko 	1
/scratch/skscla001/experiments/datasets/swagen/audio/common_voice_sw_36013833.wav	mwaka elfumoja miasaba sabini na nane ufaransa 	1
/scratch/skscla001/experiments/datasets/swagen/audio/common_voice_sw_30313798.wav	akachukua shahada na kuwa daktari wa fani hiyo akawa mwalimu 	1
/scratch/skscla001/experiments/datasets/swagen/audio/common_voice_sw_29996826.wav	kazi ya mwenge ni kuwahamasisha watanzania 	1
/scratch/skscla001/experiments/datasets/swagen/audio/common_voice_sw_28817362.wav	kilimo cha pwani ni hasa ya miwa lakini pia ya matunda 	1
/scratch/skscla001/experiments/datasets/swagen/audio/common_voice_sw_30201228.wav	kuna usemi kuwa alichaguliwa kama mchezaji wa ziada kaitka michezo ya afrika mashariki 	1
/scratch/skscla001/experiments/datasets/swagen/audio/common_voice_sw_36373770.wav	pia kuweka kizuia mikononi mwake akiwa akipiga kelele 	1
/scratch/skscla001/experiments/datasets/swagen/audio/common_voice_sw_29898550.wav	wenyeji pia wana zao la miti ya ulanzi 	1
/scratch/skscla001/experiments/datasets/swagen/audio/common_voice_sw_30025734.wav	ukataji wa miti ni uharibifu wa mazingira 	1
/scratch/skscla001/experiments/datasets/swagen/audio/common_voice_sw_36383714.wav	hapa mimi niko msaka kwenye jengo linaloitwa idigo house sasa njoo 	1
/scratch/skscla001/experiments/datasets/swagen/audio/common_voice_sw_30021970.wav	hicho baada ya kutokukubaliana na itikadi za ujamaa za nyerere 	1
/scratch/skscla001/experiments/datasets/swagen/audio/common_voice_sw_29797149.wav	mary leakey hakuweza kutamka neno olduvai 	1
/scratch/skscla001/experiments/datasets/swagen/audio/common_voice_sw_29184756.wav	kufuatana na uainishaji wa lugha kitai pao iko katika kundi la kitai ya kusini magharibi 	1
/scratch/skscla001/experiments/datasets/swagen/audio/common_voice_sw_30364428.wav	maji kwenye mito inapungua kutokana na mvukizo 	1
/scratch/skscla001/experiments/datasets/swagen/audio/common_voice_sw_30026565.wav	vilevile desemba hadi februari kwa kuwaona ndege wahamiaji 	1
/scratch/skscla001/experiments/datasets/swagen/audio/common_voice_sw_29941508.wav	hata hivyo maisha ya binadamu hutegemea mazingira yake yanayomzunguka katika kujikimu 	1
/scratch/skscla001/experiments/datasets/swagen/audio/common_voice_sw_28689990.wav	aliteuliwa kuwa waziri wa afya chini ya utawala wa mokhehle 	1
/scratch/skscla001/experiments/datasets/swagen/audio/common_voice_sw_37098350.wav	ge linawezakawa ni bunge nzuri sana ambalo hatujapata kwa 	1
/scratch/skscla001/experiments/datasets/swagen/audio/common_voice_sw_37086664.wav	hii mahakama ishughulikie kesi hii kwamba maanake hili ni jambo lilikubaliwa 	1
/scratch/skscla001/experiments/datasets/swagen/audio/common_voice_sw_36386568.wav	los angeles na chicago marekani ni nchi iliyoendelea na yenye 	1
/scratch/skscla001/experiments/datasets/swagen/audio/common_voice_sw_36382619.wav	kwenye eneo hilo huakikisha kwamba kila mtu anachukua tahadhari husika 	1
/scratch/skscla001/experiments/datasets/swagen/audio/common_voice_sw_30182598.wav	mto nile unatiririsha maji katika bahari iliyopo kaskazini mashariki mwa afrika 	1
/scratch/skscla001/experiments/datasets/swagen/audio/common_voice_sw_30180376.wav	baadhi ya kabila la wazigula wanapatikana kusini mwa somalia 	1
/scratch/skscla001/experiments/datasets/swagen/audio/common_voice_sw_30450898.wav	watu wanaopenda kufanya mazoezi coco ni nzuri kwani ina fukwe ndefu zaidi 	1
/scratch/skscla001/experiments/datasets/swagen/audio/common_voice_sw_30117869.wav	nyanda za juu kaskazini katika mamlaka ya hifadhi ya ngorongoro 	1
/scratch/skscla001/experiments/datasets/swagen/audio/common_voice_sw_31286345.wav	raia wa uingereza na mwenyekiti wa kampuni ya ndege aliyeitwa bwana herri william 	1
/scratch/skscla001/experiments/datasets/swagen/audio/common_voice_sw_29960798.wav	maporomoko ambayo yamekuwa vivutio sana kwa watalii wa nchi mbalimbali 	1
/scratch/skscla001/experiments/datasets/swagen/audio/common_voice_sw_28682619.wav	linafuata mapokeo ya antiokia na kutumia liturujia ya antiokia 	1
/scratch/skscla001/experiments/datasets/swagen/audio/common_voice_sw_29938345.wav	linaziunganisha nchi nne za afrika ya mashariki na kati 	1
/scratch/skscla001/experiments/datasets/swagen/audio/common_voice_sw_36252472.wav	na na na namna hiyo unatamani watu wapone magonjwa yao 	1
/scratch/skscla001/experiments/datasets/swagen/audio/common_voice_sw_29938771.wav	baadhi ya nchi zinazopatikana pembeni mwa bahari hii ni 	1
/scratch/skscla001/experiments/datasets/swagen/audio/common_voice_sw_29638946.wav	iko katika mashariki ya marekani bara 	1
/scratch/skscla001/experiments/datasets/swagen/audio/common_voice_sw_30025653.wav	kuna aina kuu mbili za wanyama wa jangwani ambao ni ngamia na bakteria 	1
/scratch/skscla001/experiments/datasets/swagen/audio/common_voice_sw_37091804.wav	ni tasnia inayoonekana kusaidia ukuaji wa uchumi kupitia sekta ya utalii 	1
/scratch/skscla001/experiments/datasets/swagen/audio/common_voice_sw_29516703.wav	kuna pia viwanda vya nguo 	1
/scratch/skscla001/experiments/datasets/swagen/audio/common_voice_sw_30145858.wav	adolf hilter aliweza kuwa mwanajeshi wa kawaida 	1
/scratch/skscla001/experiments/datasets/swagen/audio/common_voice_sw_28583492.wav	walipewa maelekezo ya kila mtu kutunga nyimbo moja ya mazingira 	1
/scratch/skscla001/experiments/datasets/swagen/audio/common_voice_sw_29935100.wav	vikosi vya tanzania vilitakiwa kushinda mpambano huo ili viuteke mji mkuu wa uganda 	1
/scratch/skscla001/experiments/datasets/swagen/audio/common_voice_sw_29936750.wav	platin alikuwa rais wa shirikisho la soka barani ulaya 	1
/scratch/skscla001/experiments/datasets/swagen/audio/common_voice_sw_28681718.wav	ni kitovu cha eneo la mashamba ya chai 	1
/scratch/skscla001/experiments/datasets/swagen/audio/common_voice_sw_30379922.wav	kipande cha kutoka mwanza mpaka isaka 	1
/scratch/skscla001/experiments/datasets/swagen/audio/common_voice_sw_29897879.wav	profesa tibaijuka alizungumzia kuhusu kuhusishwa kwake na sakata la akaunti ya tegeta 	1
/scratch/skscla001/experiments/datasets/swagen/audio/common_voice_sw_28660748.wav	unaweza kufanywa naye au na watu wengine kwa kibali chake au bila ya hicho 	1
/scratch/skscla001/experiments/datasets/swagen/audio/common_voice_sw_29906561.wav	lakini muingiliano bado haujapata ufafanuzi makini 	1
/scratch/skscla001/experiments/datasets/swagen/audio/common_voice_sw_29788665.wav	mwaka wa mambo mazito ilikuwa ndiyo mwaka 	1
/scratch/skscla001/experiments/datasets/swagen/audio/common_voice_sw_30380153.wav	mabadiliko hayo ni katika mlo wa kimasai kuelekea bidhaa zisizo za mifugo 	1
/scratch/skscla001/experiments/datasets/swagen/audio/common_voice_sw_29295841.wav	wakati huo baba yake alikuwa askari polisi visiwani zanzibar 	1
/scratch/skscla001/experiments/datasets/swagen/audio/common_voice_sw_29904880.wav	sawa na wanaume vijana pia wanawake ambao wamekeketewa huvaa nguo nyeusi 	1
/scratch/skscla001/experiments/datasets/swagen/audio/common_voice_sw_28819833.wav	kuna nyota nyingi katika eneo la kundinyota hii 	1
/scratch/skscla001/experiments/datasets/swagen/audio/common_voice_sw_31660540.wav	baada ya kampuni hiyo kupokea mkataba wa kifalme 	1
/scratch/skscla001/experiments/datasets/swagen/audio/common_voice_sw_28661928.wav	ilikuwa hasa vita ndani ya vietnam kusini 	1
/scratch/skscla001/experiments/datasets/swagen/audio/common_voice_sw_29895963.wav	lettow vorbeck alirudi tanganyika akaingia rhodesia ya kaskazini 	1
/scratch/skscla001/experiments/datasets/swagen/audio/common_voice_sw_37084270.wav	baadhi ya watemi waliotawala himaya hizo ni pamoja na 	1
/scratch/skscla001/experiments/datasets/swagen/audio/common_voice_sw_30180831.wav	pesa inayopatikana inasaidia miradi mbalimbali 	1
/scratch/skscla001/experiments/datasets/swagen/audio/common_voice_sw_29898969.wav	kwa amani utulivu na furaha maana waliamini mfumo huo ungewa panulia zaidi wigo 	1
/scratch/skscla001/experiments/datasets/swagen/audio/common_voice_sw_29685802.wav	kuna pia kiwanda cha maziwa 	1
/scratch/skscla001/experiments/datasets/swagen/audio/common_voice_sw_31950197.wav	mame kankana mwanawe 	1
/scratch/skscla001/experiments/datasets/swagen/audio/common_voice_sw_36367329.wav	kuondoa nje ya nchi hiyo raia wa uingereza 	1
/scratch/skscla001/experiments/datasets/swagen/audio/common_voice_sw_37097996.wav	nitasafiri wiki ijayo 	1
/scratch/skscla001/experiments/datasets/swagen/audio/common_voice_sw_37223935.wav	kila goti lipigwe 	1
/scratch/skscla001/experiments/datasets/swagen/audio/common_voice_sw_30114433.wav	mandela alizaliwa katika mji mdogo wa transkei 	1
/scratch/skscla001/experiments/datasets/swagen/audio/common_voice_sw_29795927.wav	wanawake wa kimasai daima wamekuwa wakikaa pamoja katika majukumu yao ya kila siku 	1
/scratch/skscla001/experiments/datasets/swagen/audio/common_voice_sw_29815984.wav	milima ya karambi na mlima karatu pamoja na mlima karema 	1
/scratch/skscla001/experiments/datasets/swagen/audio/common_voice_sw_29590438.wav	hii hutokea katika mwezi wa tatu wa kipindi cha ujauzito 	1
/scratch/skscla001/experiments/datasets/swagen/audio/common_voice_sw_30020720.wav	maajabu hayo yamelifanya shirika la kimataifa kulijumlisha kwenye orodha yake ya urithi 	1
/scratch/skscla001/experiments/datasets/swagen/audio/common_voice_sw_29144900.wav	chemchemi hizo huwa kaskazini magharibi na kusini mwa ziwa hili 	1
/scratch/skscla001/experiments/datasets/swagen/audio/common_voice_sw_29977595.wav	hivi majuzi nilibahatika kufika katika mji wa kilwa kisiwani ulioko mkoani lindi 	1
/scratch/skscla001/experiments/datasets/swagen/audio/common_voice_sw_29963519.wav	savo milosevic wa serbia alifunga mabao matano 	1
/scratch/skscla001/experiments/datasets/swagen/audio/common_voice_sw_29961190.wav	mjerumani wolfgang overalh alikuwa mchezaji bora wa michuano ya kombe la dunia 	1
/scratch/skscla001/experiments/datasets/swagen/audio/common_voice_sw_29993831.wav	au juu ya kile kilichomuliwa na mkutano huo wa berlini 	1
/scratch/skscla001/experiments/datasets/swagen/audio/common_voice_sw_36043525.wav	joseph kusaga mkurugenzi na mmliki wa chombo cha clouds 	1
/scratch/skscla001/experiments/datasets/swagen/audio/common_voice_sw_31371165.wav	idi amin alikimbia tena safari hii alitumia mwanya aliopewa na muammar gaddafi 	1
/scratch/skscla001/experiments/datasets/swagen/audio/common_voice_sw_36299854.wav	ee vimeitisha maandamano jijini kampala na kwingineko ili kuishinikiza tume ya uchaguzi mkuu 	1
/scratch/skscla001/experiments/datasets/swagen/audio/common_voice_sw_29141381.wav	alizaliwa jamaika lakini alihamia nchini kanada akiwa na umri wa miaka saba 	1
/scratch/skscla001/experiments/datasets/swagen/audio/common_voice_sw_29899230.wav	ilionekana ya kwamba nchi za mashariki zilibaki nyuma sana 	1
/scratch/skscla001/experiments/datasets/swagen/audio/common_voice_sw_29905234.wav	unaweza pia tumia kiungo hiki kutumia amazon wakati wowote 	1
/scratch/skscla001/experiments/datasets/swagen/audio/common_voice_sw_36374942.wav	pneumonia ni maambukizi yanayojitokeza kwenye mapafu 	1
/scratch/skscla001/experiments/datasets/swagen/audio/common_voice_sw_29937836.wav	soka ni mchezo wenye matokeo ya kushangaza 	1
/scratch/skscla001/experiments/datasets/swagen/audio/common_voice_sw_28581778.wav	takriban spishi zote zinatokea kanda za kaskazini mbali 	1
/scratch/skscla001/experiments/datasets/swagen/audio/common_voice_sw_30634573.wav	sheikh abeid amani karume anasalia kukumbukwa kuwa rais wa kwanza wa nchi hiyo 	1
/scratch/skscla001/experiments/datasets/swagen/audio/common_voice_sw_30210006.wav	ushanga huwa sehemu muhimu ya urembesho wa miili yao 	1
/scratch/skscla001/experiments/datasets/swagen/audio/common_voice_sw_28669662.wav	majira ya mvua ni hasa miezi ya mei hadi novemba 	1
/scratch/skscla001/experiments/datasets/swagen/audio/common_voice_sw_31475977.wav	kawaida vinajigawa kwa muda usiopungua saa moja 	1
/scratch/skscla001/experiments/datasets/swagen/audio/common_voice_sw_36381972.wav	rhoda alimshika kila mtoto mkono mmoja 	1
/scratch/skscla001/experiments/datasets/swagen/audio/common_voice_sw_30121766.wav	mwaka elfu moja mia tisa hamsini na mbili alihitimu shahada ya uzamili 	1
/scratch/skscla001/experiments/datasets/swagen/audio/common_voice_sw_29262321.wav	minus huwatega kwenye ngome 	1
/scratch/skscla001/experiments/datasets/swagen/audio/common_voice_sw_28669679.wav	kufuatana na uainishaji wa lugha kwa ndani zaidi kikulango bondoukou iko katika kundi la kigur 	1
/scratch/skscla001/experiments/datasets/swagen/audio/common_voice_sw_28830698.wav	tangu kale wanaheshimiwa na wakatoliki na waorthodoksi kati ya watakatifu wafiadini 	1
/scratch/skscla001/experiments/datasets/swagen/audio/common_voice_sw_29995584.wav	huwezi kuwataja wapigania uhuru wa bara la afrika 	1
/scratch/skscla001/experiments/datasets/swagen/audio/common_voice_sw_28825451.wav	kuna mbinu mbalimbali kupanga historia hii na kutambua ngazi za maendeleo ndani yake 	1
/scratch/skscla001/experiments/datasets/swagen/audio/common_voice_sw_36310862.wav	ya dawa unaofanywa na wataalamu wa kimatabibu zimezidisha 	1
/scratch/skscla001/experiments/datasets/swagen/audio/common_voice_sw_36387814.wav	jonna hupata hasira akikosa pesa 	1
/scratch/skscla001/experiments/datasets/swagen/audio/common_voice_sw_28981428.wav	baadaye huyu mwana wa kwanza alikuwa chifu wa bumbuli kwa kibali cha baba 	1
/scratch/skscla001/experiments/datasets/swagen/audio/common_voice_sw_30633138.wav	shirikisho la soka la afrika halikuwa nyuma likaanzisha michuano ya mataifa ya afrika 	1
/scratch/skscla001/experiments/datasets/swagen/audio/common_voice_sw_28994731.wav	ngano ambayo ni mazao makuu asia ya kusini ndiyo inayotumiwa 	1
/scratch/skscla001/experiments/datasets/swagen/audio/common_voice_sw_29637407.wav	kiasili ben ni mtu wa dodoma 	1
/scratch/skscla001/experiments/datasets/swagen/audio/common_voice_sw_29937764.wav	bado utupu ndani yao pamoja na kutotosheka 	1
/scratch/skscla001/experiments/datasets/swagen/audio/common_voice_sw_35280818.wav	mhalifu alikusudia kutekeleza mauaji ya kimbari 	1
/scratch/skscla001/experiments/datasets/swagen/audio/common_voice_sw_28669452.wav	uwanja huo uko umbali wa kilomita mbili kutoka hifadhi ya taifa ya ziwa nakuru 	1
/scratch/skscla001/experiments/datasets/swagen/audio/common_voice_sw_29815698.wav	ikitokea mataifa mengine pia mizigo mingine ikichukuliwa 	1
/scratch/skscla001/experiments/datasets/swagen/audio/common_voice_sw_28716466.wav	rangi yao ni nyeupe 	1
/scratch/skscla001/experiments/datasets/swagen/audio/common_voice_sw_36382280.wav	ambayo yanahatarisha muungano wetu na jamii na mungu 	1
/scratch/skscla001/experiments/datasets/swagen/audio/common_voice_sw_37097965.wav	mango km makaa ya mawe au mafuta ya taa 	1
/scratch/skscla001/experiments/datasets/swagen/audio/common_voice_sw_30661049.wav	timu za hispania nyingi zilikuwa bora 	1
/scratch/skscla001/experiments/datasets/swagen/audio/common_voice_sw_30179631.wav	walisema hao walikuwa ni washauri wa kijeshi na si wapiganaji wa mstari wa mbele 	1
/scratch/skscla001/experiments/datasets/swagen/audio/common_voice_sw_36013474.wav	umoja wa mataifa ulianzisha mahakama ya makosa ya jinai 	1
/scratch/skscla001/experiments/datasets/swagen/audio/common_voice_sw_31306391.wav	pia ni moja ya maeneo muhimu ya mazalia ya ndege wahamao pamoja 	1
/scratch/skscla001/experiments/datasets/swagen/audio/common_voice_sw_30121663.wav	rangi pia huonyesha dhana na vipengele muhimu katika tamaduni za wamasai 	1
/scratch/skscla001/experiments/datasets/swagen/audio/common_voice_sw_28971638.wav	chaji hizi mbili ni kinyume zinaitwa chaji hasi na chaji chanya 	1
/scratch/skscla001/experiments/datasets/swagen/audio/common_voice_sw_29822904.wav	uchumi unaonekana kunawiri kwa kasi mno 	1
/scratch/skscla001/experiments/datasets/swagen/audio/common_voice_sw_29032191.wav	kuna lugha kadha ambako kidole hiki huitwa kwa majina kama kidole cha daktari 	1
/scratch/skscla001/experiments/datasets/swagen/audio/common_voice_sw_37222970.wav	kaskazini na meksiko upande wa kusini marekani imeunganisha upana 	1
/scratch/skscla001/experiments/datasets/swagen/audio/common_voice_sw_31329052.wav	kuchaguliwa mchezaji bora wa dunia mwaka elfu mbili na nane 	1
/scratch/skscla001/experiments/datasets/swagen/audio/common_voice_sw_29938543.wav	ujasiri wao wa vita katika kupigana na wamachame uliwapa umaarufu 	1
/scratch/skscla001/experiments/datasets/swagen/audio/common_voice_sw_34390842.wav	kujiuzulu kutokana na chama hicho kutajwa kuhusika kwenye uchunguzi 	1
/scratch/skscla001/experiments/datasets/swagen/audio/common_voice_sw_30209891.wav	wamasai wana makazi yao sehemu za kusini mwa kenya 	1
/scratch/skscla001/experiments/datasets/swagen/audio/common_voice_sw_30634776.wav	kila kabila lina washamba na wasio washamba kutegemeana na aina ya ushamba 	1
/scratch/skscla001/experiments/datasets/swagen/audio/common_voice_sw_30147401.wav	idizina bya ngasu netangwa samachau ni jina apewalo mtu mzima aliyepata mchumba na kuoa 	1
/scratch/skscla001/experiments/datasets/swagen/audio/common_voice_sw_30121954.wav	mwaka nenda mwaka rudi huku mipango yao ikififia kama nyota ya mchana 	1
/scratch/skscla001/experiments/datasets/swagen/audio/common_voice_sw_28690254.wav	pia alikuwa na kipaji cha kuandika 	1
/scratch/skscla001/experiments/datasets/swagen/audio/common_voice_sw_28259622.wav	aliongoza kwa muda wa miaka mitano na nusu hadi kifo chake 	1
/scratch/skscla001/experiments/datasets/swagen/audio/common_voice_sw_30376232.wav	katika muda wa saa arobaini na nane hadi sabini na mbili 	1
/scratch/skscla001/experiments/datasets/swagen/audio/common_voice_sw_37086718.wav	wananchi wana wanahitaji wapewe demokrasi 	1
/scratch/skscla001/experiments/datasets/swagen/audio/common_voice_sw_30575344.wav	mumewe bwana boi selemani alipewa kadi namba kumi na tano 	1
/scratch/skscla001/experiments/datasets/swagen/audio/common_voice_sw_29795909.wav	mto ruaha ndiyo chanzo kikubwa cha maji ndani ya hifadhi 	1
/scratch/skscla001/experiments/datasets/swagen/audio/common_voice_sw_29795500.wav	kaburi lilipambwa kwa kusimamisha ubao mguuni na sanamu ya ubao wenye kofia 	1
/scratch/skscla001/experiments/datasets/swagen/audio/common_voice_sw_29895680.wav	hifadhi ya taifa ya serengeti imetajwa kuwa ni kivutio pekee kilichopigiwa kura nyingi 	1
/scratch/skscla001/experiments/datasets/swagen/audio/common_voice_sw_30671870.wav	ingawa uchina iliendelea kuwa mshirika muhimu katika vita dhidi ya ubaguzi wa rangi 	1
/scratch/skscla001/experiments/datasets/swagen/audio/common_voice_sw_30631353.wav	mwombaji akiamua mwizi auawe basi kwa vile anaonekana kwenye matambiko 	1
/scratch/skscla001/experiments/datasets/swagen/audio/common_voice_sw_30317551.wav	ndani ya kisiwa cha chumbe kuna majengo ya msikiti yalijengwa karne ya ishirini 	1
/scratch/skscla001/experiments/datasets/swagen/audio/common_voice_sw_36383634.wav	alifunga pingu ya maisha na bwana hafidh ameir 	1
/scratch/skscla001/experiments/datasets/swagen/audio/common_voice_sw_31304305.wav	nyumbu huzaliana sana na kufikia nyumbu laki tano wanaozaliwa kwa mwaka 	1
/scratch/skscla001/experiments/datasets/swagen/audio/common_voice_sw_36944892.wav	wamekuwa wakidhani kwamba mkoa huo una kabila moja tu wakurya 	1
/scratch/skscla001/experiments/datasets/swagen/audio/common_voice_sw_30671390.wav	kutokana na kuoana na makabila mengine bado warangi wanaweza kujivunia historia 	1
/scratch/skscla001/experiments/datasets/swagen/audio/common_voice_sw_30257509.wav	majengo ya zamani na magofu bado ni alama ya mji wa bagamoyo 	1
/scratch/skscla001/experiments/datasets/swagen/audio/common_voice_sw_37094633.wav	wakati taifa la afrika kusini lenyewe likijiandaa 	1
/scratch/skscla001/experiments/datasets/swagen/audio/common_voice_sw_30007107.wav	miezi kadhaa inayofuata tohara hata hivyo nyekundu ni rangi iliyopendelewa 	1
/scratch/skscla001/experiments/datasets/swagen/audio/common_voice_sw_36807661.wav	alianza kusema kuwa tumbo ina shida kila usiku 	1
/scratch/skscla001/experiments/datasets/swagen/audio/common_voice_sw_36386334.wav	bairu walikuwa na koo kama mia moja thelathini 	1
/scratch/skscla001/experiments/datasets/swagen/audio/common_voice_sw_28691419.wav	aliendelea kubuni njia ya kubadilisha tabia za mpira kuwa mgumu kabisa 	1
/scratch/skscla001/experiments/datasets/swagen/audio/common_voice_sw_30342720.wav	kitu kikubwa kinacholeta heshima zaidi katika nchi zote duniani ni uchumi 	1
/scratch/skscla001/experiments/datasets/swagen/audio/common_voice_sw_29937752.wav	fainali ya kombe la dunia ilichezwa mjini moscow 	1
/scratch/skscla001/experiments/datasets/swagen/audio/common_voice_sw_30090980.wav	wewe humjuhi vizuri malatwe tuulize sisi tukupe habari 	1
/scratch/skscla001/experiments/datasets/swagen/audio/common_voice_sw_37094900.wav	sawa sawa 	1
/scratch/skscla001/experiments/datasets/swagen/audio/common_voice_sw_30143976.wav	tofauti na matarajio ya karume hatua hiyo iliwaleta karibu zaidi 	1
/scratch/skscla001/experiments/datasets/swagen/audio/common_voice_sw_30382030.wav	wamasai kijadi ni watu wachungaji ishara nyingi za rangi zinahusiana na ngombe 	1
/scratch/skscla001/experiments/datasets/swagen/audio/common_voice_sw_30179793.wav	ureno ilifungwa mabao mawili kwa moja 	1
/scratch/skscla001/experiments/datasets/swagen/audio/common_voice_sw_29576576.wav	ni kisiwa cha utalii 	1
/scratch/skscla001/experiments/datasets/swagen/audio/common_voice_sw_29934945.wav	watu waliopinga zaidi vita dhidi ya taifa la iraq 	1
/scratch/skscla001/experiments/datasets/swagen/audio/common_voice_sw_30020390.wav	jomo kenyatta alichaguliwa kama rais wa kwanza 	1
/scratch/skscla001/experiments/datasets/swagen/audio/common_voice_sw_30006740.wav	bado kwenye uwanja wa ndege wa accra ilikuwepo sanamu 	1
/scratch/skscla001/experiments/datasets/swagen/audio/common_voice_sw_30090786.wav	wapare ni kabila kutoka milima ya pare mkoani wa kilimanjaro 	1
/scratch/skscla001/experiments/datasets/swagen/audio/common_voice_sw_36385705.wav	duniani wa mwaka mara tatu kwa vipindi tofauti tofauti 	1
/scratch/skscla001/experiments/datasets/swagen/audio/common_voice_sw_30201574.wav	wachezaji wengi wakubwa nchini ujerumani wanacheza bayern munich 	1
/scratch/skscla001/experiments/datasets/swagen/audio/common_voice_sw_30633154.wav	kongamano lililotangulia lilitaja washiriki wa uhifadhi wa magofu 	1
/scratch/skscla001/experiments/datasets/swagen/audio/common_voice_sw_30333957.wav	hadi akafika maeneo ya kabale huko suma tukuyu wilayani rungwe 	1
/scratch/skscla001/experiments/datasets/swagen/audio/common_voice_sw_36374958.wav	kuwa kiko tayari kujiunga na serikali inayoongozwa na mfuasi wa chama cha hezbollah najim 	1
/scratch/skscla001/experiments/datasets/swagen/audio/common_voice_sw_29795529.wav	tukiyatunza mazingira yatatusaidia katika kilimo ufugaji na mvua pia 	1
/scratch/skscla001/experiments/datasets/swagen/audio/common_voice_sw_35132553.wav	anatakiwa kulala ndani ya vyandarua vyenye dawa 	1
/scratch/skscla001/experiments/datasets/swagen/audio/common_voice_sw_29941918.wav	kuendeleza ubunifu wao katika upiganaji mistuni 	1
/scratch/skscla001/experiments/datasets/swagen/audio/common_voice_sw_30327485.wav	wengi wao hawakuwa na ithibati ya kumiliki mashamba 	1
/scratch/skscla001/experiments/datasets/swagen/audio/common_voice_sw_36299579.wav	kuibiwa kura na rais wa sasa alibong onimba 	1
/scratch/skscla001/experiments/datasets/swagen/audio/common_voice_sw_36381716.wav	takriban mia saba elfu wanaokaa upande wa tanzania 	1
/scratch/skscla001/experiments/datasets/swagen/audio/common_voice_sw_30470830.wav	pia kuogopa mlipuko wa magonjwa kwa raia wao 	1
/scratch/skscla001/experiments/datasets/swagen/audio/common_voice_sw_29936829.wav	mwisho wa utawala wa austria nahungaria na wa ule wa taifa la uturuki 	1
/scratch/skscla001/experiments/datasets/swagen/audio/common_voice_sw_30180794.wav	museveni alijibu kwamba amin lazima ajibu dhambi zake 	1
/scratch/skscla001/experiments/datasets/swagen/audio/common_voice_sw_30100150.wav	uwezo wa wachezaji huhitajika mara zote katika kutekeleza majukumu yanayotokana na mfumo unaotumika 	1
/scratch/skscla001/experiments/datasets/swagen/audio/common_voice_sw_29725186.wav	hasa anajulikana kwa kugundua penisilini 	1
/scratch/skscla001/experiments/datasets/swagen/audio/common_voice_sw_30233639.wav	wazigua wa zamani walikuwa na tabia ya kuchokonoa meno ya mtoto 	1
/scratch/skscla001/experiments/datasets/swagen/audio/common_voice_sw_29994905.wav	shanga za shingoni husogea kwa mdundo wakati wanacheza 	1
/scratch/skscla001/experiments/datasets/swagen/audio/common_voice_sw_30327466.wav	jina lilidumu mpaka mwaka elfu moja mia tisa na arobaini na nane 	1
/scratch/skscla001/experiments/datasets/swagen/audio/common_voice_sw_28260554.wav	matumizi ya pombe huhusishwa na upungufu wa hatari ya maumivu ya viungo 	1
/scratch/skscla001/experiments/datasets/swagen/audio/common_voice_sw_35418123.wav	na milki ya osmani uajemi na athira ya uingereza katika asia 	1
/scratch/skscla001/experiments/datasets/swagen/audio/common_voice_sw_28825296.wav	hakuna ushahidi wowote kwamba watu wa ulaya walitumia jina hili kati yao 	1
/scratch/skscla001/experiments/datasets/swagen/audio/common_voice_sw_30200638.wav	messi alifanya kila mbinu kuinusulu timu 	1
/scratch/skscla001/experiments/datasets/swagen/audio/common_voice_sw_30343017.wav	wapare wanatokea katika wilaya za same na mwanga mkoani kilimanjaro 	1
/scratch/skscla001/experiments/datasets/swagen/audio/common_voice_sw_29796075.wav	ukeketaji nchini kenya unatekelezwa kwa asilimia thelathini na nane 	1
/scratch/skscla001/experiments/datasets/swagen/audio/common_voice_sw_28681110.wav	kufuatana na uainishaji wa lugha kwa ndani zaidi kikulango bouna iko katika kundi la kigur 	1
/scratch/skscla001/experiments/datasets/swagen/audio/common_voice_sw_37229626.wav	na moja mikononi mwa vikosi vya baraza la mpito na ni baada ya kuondolewa 	1
/scratch/skscla001/experiments/datasets/swagen/audio/common_voice_sw_30180409.wav	mshambuliaji wa kimataifa wa uganda emmanuel okwi ameweka historia kubwa uwanja wa taifa 	1
/scratch/skscla001/experiments/datasets/swagen/audio/common_voice_sw_29906405.wav	unapoona ndege tausi kainua mkia basi hapo ni kipindi cha dume huyo kuhitaji jike 	1
/scratch/skscla001/experiments/datasets/swagen/audio/common_voice_sw_35108058.wav	lugha mama ya yesu na ya mitume ilikuwa kiaramu ambacho ni jamii ya kiyahudi 	1
/scratch/skscla001/experiments/datasets/swagen/audio/common_voice_sw_28690565.wav	wako china na mongolia 	1
/scratch/skscla001/experiments/datasets/swagen/audio/common_voice_sw_36386417.wav	labda mumeo hivi mke wako hivi sina nyimbo yangu mapenzi maisha mungu basi 	1
/scratch/skscla001/experiments/datasets/swagen/audio/common_voice_sw_30092047.wav	kuna hatari kubwa ya kuishi wagonjwa korona 	1
/scratch/skscla001/experiments/datasets/swagen/audio/common_voice_sw_30183455.wav	japokuwa mbatiany alimpa santeu boksi la maajabu ambalo lingemwezesha 	1
/scratch/skscla001/experiments/datasets/swagen/audio/common_voice_sw_29777671.wav	mama yake ni mwandishi wa vitabu kwa watoto 	1
/scratch/skscla001/experiments/datasets/swagen/audio/common_voice_sw_36374766.wav	umeinua kutoka katika hali ya kawaida hadi katika hali ya kisasa zaidi 	1
/scratch/skscla001/experiments/datasets/swagen/audio/common_voice_sw_31415661.wav	ziwa vitoria lina upana wa kilomita za mraba elfu sita 	1
/scratch/skscla001/experiments/datasets/swagen/audio/common_voice_sw_30181942.wav	ninacho kiamini ni kuwa hakuna mtu yeyote 	1
/scratch/skscla001/experiments/datasets/swagen/audio/common_voice_sw_29865349.wav	baba yake alihamia zambia kama mchungaji wa kanisa la kilutheri 	1
/scratch/skscla001/experiments/datasets/swagen/audio/common_voice_sw_32091669.wav	nneno ambalo latumika 	1
/scratch/skscla001/experiments/datasets/swagen/audio/common_voice_sw_29907000.wav	aliyekuwa akitawala katika kipindi hicho hapo kisiwani 	1
/scratch/skscla001/experiments/datasets/swagen/audio/common_voice_sw_28716317.wav	hasa alichunguza maswali ya umeme 	1
/scratch/skscla001/experiments/datasets/swagen/audio/common_voice_sw_29613090.wav	lugha yake ya asili ni kifaransa 	1
/scratch/skscla001/experiments/datasets/swagen/audio/common_voice_sw_30634570.wav	ni mwezi wa kwanza na mwezi wa nne 	1
/scratch/skscla001/experiments/datasets/swagen/audio/common_voice_sw_28973467.wav	iko kati ya milima ya alpi na bahari ya mediteranea 	1
/scratch/skscla001/experiments/datasets/swagen/audio/common_voice_sw_30342849.wav	ghana waliibuka washindi wa kombe kwenye fainali zilizochezwa nchini kwao 	1
/scratch/skscla001/experiments/datasets/swagen/audio/common_voice_sw_30115957.wav	unataja kuwa bado afrika kusini haijatumia rasilimali zake ilizonanazo 	1
/scratch/skscla001/experiments/datasets/swagen/audio/common_voice_sw_30200829.wav	hivyo kufanya makazi katika eneo hili la kijiji cha wapimbwe 	1
/scratch/skscla001/experiments/datasets/swagen/audio/common_voice_sw_30380730.wav	uamuzi wa bibi titi kutetea jumuiya ya hiyo 	1
/scratch/skscla001/experiments/datasets/swagen/audio/common_voice_sw_29961508.wav	pesa siyo kila kitu katakia maisha 	1
/scratch/skscla001/experiments/datasets/swagen/audio/common_voice_sw_30047783.wav	kombe la dunia lilifanyika nchini brazil 	1
/scratch/skscla001/experiments/datasets/swagen/audio/common_voice_sw_30180570.wav	prescott pia hivi majuzi alitangaza uwekezaji katika maeneo manne ya mkahawa wa walkons 	1
/scratch/skscla001/experiments/datasets/swagen/audio/common_voice_sw_30582863.wav	ukiachana na changamoto ya vumbi bado hakukuwa na madaraja 	1
/scratch/skscla001/experiments/datasets/swagen/audio/common_voice_sw_30075908.wav	mama hupewa maji katika kibuyu ili ayanywe 	1
/scratch/skscla001/experiments/datasets/swagen/audio/common_voice_sw_28735767.wav	kuanzia umri mdogo davis alikuwa mwanafunzi wa sanaa haswa kaimu 	1
/scratch/skscla001/experiments/datasets/swagen/audio/common_voice_sw_36390293.wav	pia nelson mandela aliyekuwa raisi wa kwanza wa afrika kusini 	1
/scratch/skscla001/experiments/datasets/swagen/audio/common_voice_sw_28999802.wav	wanatokea misitu na maeneo mengine yenye miti katika afrika na asia 	1
/scratch/skscla001/experiments/datasets/swagen/audio/common_voice_sw_29943373.wav	kwa sababu vinatumia mafuta mengi ya kutoka viwandani 	1
/scratch/skscla001/experiments/datasets/swagen/audio/common_voice_sw_30201946.wav	kuendelea na wadhifa huo wa waziri kiongozi 	1
/scratch/skscla001/experiments/datasets/swagen/audio/common_voice_sw_30323512.wav	mazingira yasiyo ya kimarekani 	1
/scratch/skscla001/experiments/datasets/swagen/audio/common_voice_sw_37090532.wav	kufikia mwisho wa hali ya hatari askari hao walikuwa wamewaua 	1
/scratch/skscla001/experiments/datasets/swagen/audio/common_voice_sw_29796156.wav	bara la afrika halikuwajengea watoto wao misingi kuwa wachezaji wa mpira 	1
/scratch/skscla001/experiments/datasets/swagen/audio/common_voice_sw_30579126.wav	jumanne lume mwiru ambaye alifunguliwa kesi na wenzake kwa kosa la uzembe 	1
/scratch/skscla001/experiments/datasets/swagen/audio/common_voice_sw_30115796.wav	historia hiyo inatuelezea waafrika na bara letu kama watu tuliokuwa nyuma sana kimaendeleo 	1
/scratch/skscla001/experiments/datasets/swagen/audio/common_voice_sw_30299630.wav	ni mtu wa kabila la wakambi kutoka kenya kutokana na umbile lake kubwa 	1
/scratch/skscla001/experiments/datasets/swagen/audio/common_voice_sw_31950373.wav	kabomoo uchacha woti kondeni 	1
/scratch/skscla001/experiments/datasets/swagen/audio/common_voice_sw_31454744.wav	idadi kubwa ya wanafunzi kutoka shule mbalimbali nchini tanzania 	1
/scratch/skscla001/experiments/datasets/swagen/audio/common_voice_sw_36384084.wav	leo nimeona ni vyema tuanzie nchini rwanda 	1
/scratch/skscla001/experiments/datasets/swagen/audio/common_voice_sw_30631316.wav	magonjwa ya mlipuko yanaweza kusambaa kutoka kwa wanyama kwenda kwa binadamu 	1
/scratch/skscla001/experiments/datasets/swagen/audio/common_voice_sw_28581706.wav	alipelekwa uhamishoni na kaisari leo v kwa sababu ya kutetea matumizi ya picha takatifu 	1
/scratch/skscla001/experiments/datasets/swagen/audio/common_voice_sw_34764014.wav	sinakuwa smart watu wanapenda sehemu safi smart wanapenda kupendeza wanawake wakiwa na function 	1
/scratch/skscla001/experiments/datasets/swagen/audio/common_voice_sw_28583181.wav	uhusiano huo unaweza kuwa katika tabia hali au mazingira fulani 	1
/scratch/skscla001/experiments/datasets/swagen/audio/common_voice_sw_36383812.wav	kwa ujumla zinathibitisha ya kwamba yesu alikuwepo 	1
/scratch/skscla001/experiments/datasets/swagen/audio/common_voice_sw_30574787.wav	lugha yao inaitwa kibena na makao yao makuu yanaitwa ubena 	1
/scratch/skscla001/experiments/datasets/swagen/audio/common_voice_sw_32090625.wav	polisi huchisia vachu kwa bundhuki dhavo 	1
/scratch/skscla001/experiments/datasets/swagen/audio/common_voice_sw_30182446.wav	dhoruba ilikuwa kimbunga ya kaskazini ya kitropiki 	1
/scratch/skscla001/experiments/datasets/swagen/audio/common_voice_sw_36386487.wav	walielekea kenya walifika kwanza mombasa hawakupokelewa vema wakaendelea hadi malindi 	1
/scratch/skscla001/experiments/datasets/swagen/audio/common_voice_sw_36374893.wav	eneo la maziwa makuu na kwote inaposikika redio france international 	1
/scratch/skscla001/experiments/datasets/swagen/audio/common_voice_sw_29892669.wav	hassan mwinyi alijipatia cheti cha ufundishaji 	1
/scratch/skscla001/experiments/datasets/swagen/audio/common_voice_sw_29638209.wav	kwa jumla ni ziwa la kenya lakini ncha ya kaskazini iko ndani ya ethiopia 	1
/scratch/skscla001/experiments/datasets/swagen/audio/common_voice_sw_28663344.wav	inapatikana kiasili katika madini hasa uhindi marekani na australia 	1
/scratch/skscla001/experiments/datasets/swagen/audio/common_voice_sw_30628792.wav	duniani mchezo wa mpira wa miguu hunasisimua zaidi pale zinapokutana timu mbili pinzani 	1
/scratch/skscla001/experiments/datasets/swagen/audio/common_voice_sw_31415663.wav	hakuna mwalimu asiyetaka kuinoa barcelona 	1
/scratch/skscla001/experiments/datasets/swagen/audio/common_voice_sw_30001991.wav	kiuhalisia kesi ni njia mojawapo ya kuhakikisha haki inatendeka katika jamii 	1
/scratch/skscla001/experiments/datasets/swagen/audio/common_voice_sw_32244815.wav	wagonjwa wameambiwa kuboresha afya zao 	1
/scratch/skscla001/experiments/datasets/swagen/audio/common_voice_sw_36944842.wav	hata hivyo ni nchini uingereza ambapo umbo la soka la kisasa lilianza kulipuka 	1
/scratch/skscla001/experiments/datasets/swagen/audio/common_voice_sw_29988403.wav	alipata shahada ya uzamili ya maendeleo ya jamii kupitia programu ya pamoja 	1
/scratch/skscla001/experiments/datasets/swagen/audio/common_voice_sw_30146876.wav	mwaka elfu moja mia tisa sitini na moja tanganyika ilipata uhuru wake 	1
/scratch/skscla001/experiments/datasets/swagen/audio/common_voice_sw_29887444.wav	sherehe za tuzo za reggae ya kimataifa na muziki wa ulimwengu 	1
/scratch/skscla001/experiments/datasets/swagen/audio/common_voice_sw_30114713.wav	pepo inayochukua zaidi ya kilometa za mraba elfu tatu 	1
/scratch/skscla001/experiments/datasets/swagen/audio/common_voice_sw_30650346.wav	mbuni anaweza kuwaona adui zake wakiwa mbali sana 	1
/scratch/skscla001/experiments/datasets/swagen/audio/common_voice_sw_36255431.wav	baada ya maongezi waliingizia utani kisha jacob akaaga kuondoka 	1
/scratch/skscla001/experiments/datasets/swagen/audio/common_voice_sw_29982106.wav	milima ya udzungwa na ile milima ya ufa mashariki 	1
/scratch/skscla001/experiments/datasets/swagen/audio/common_voice_sw_29845427.wav	na ukosefu wa makazi pia hifadhi za kuwaweka wakimbizi 	1
/scratch/skscla001/experiments/datasets/swagen/audio/common_voice_sw_29943421.wav	baadhi ya alama zinazopatikana katika nembo ya taifa ni 	1
/scratch/skscla001/experiments/datasets/swagen/audio/common_voice_sw_28878070.wav	sehemu kubwa ya eneo hutumiwa kwa kilimo 	1
/scratch/skscla001/experiments/datasets/swagen/audio/common_voice_sw_28670614.wav	hapa ni asili ya nyumba ya wageni na hoteli 	1
/scratch/skscla001/experiments/datasets/swagen/audio/common_voice_sw_28660699.wav	kila jimbo lina katiba yake serikali bunge na mahakama kulingana na mgawanyo wa madaraka 	1
/scratch/skscla001/experiments/datasets/swagen/audio/common_voice_sw_32323955.wav	twelipofika twenngoja mwalimu 	1
/scratch/skscla001/experiments/datasets/swagen/audio/common_voice_sw_30257461.wav	kwa wapare walio wengi uchawi na wizi vilipigwa marufuku hadi kwenye matambiko 	1
/scratch/skscla001/experiments/datasets/swagen/audio/common_voice_sw_36381277.wav	na rafiki zao wamerekani walihakikisha wanammaliza mkombozi huyu leo ndio siku ambayo lumumba aliuwawa 	1
/scratch/skscla001/experiments/datasets/swagen/audio/common_voice_sw_30201437.wav	mgogoro ulipozidi kukua mashambulizi yakahama sasa 	1
/scratch/skscla001/experiments/datasets/swagen/audio/common_voice_sw_28683299.wav	huyu alikuwa papa wa kwanza anayejulikana kwa kufanya hivyo 	1
/scratch/skscla001/experiments/datasets/swagen/audio/common_voice_sw_30379758.wav	kwa kuwa ilikuwa njia ya kuingia barani afrika mashariki 	1
/scratch/skscla001/experiments/datasets/swagen/audio/common_voice_sw_28582715.wav	kila mmoja ana haki ya kuwa na siri zake 	1
/scratch/skscla001/experiments/datasets/swagen/audio/common_voice_sw_36387489.wav	muziki ambao vijana wengi ndio huvutiwa nao zaidi 	1
/scratch/skscla001/experiments/datasets/swagen/audio/common_voice_sw_30179978.wav	unga ulioshikamana unajulikana kama ugali na huliwa na maziwa 	1
/scratch/skscla001/experiments/datasets/swagen/audio/common_voice_sw_30365224.wav	profesa joseph semboja ambaye ni mchumi na mkuu wa taasisi ya uongozi 	1
/scratch/skscla001/experiments/datasets/swagen/audio/common_voice_sw_29902798.wav	ngao ya barafu ilikuwa na kilomita za mraba kumi na mbili 	1
/scratch/skscla001/experiments/datasets/swagen/audio/common_voice_sw_37095281.wav	iwapo ule mchezaji utamtambua kwamba ni muhimu 	1
/scratch/skscla001/experiments/datasets/swagen/audio/common_voice_sw_30342714.wav	pamoja na vile vikosi vya mapinduzi nchini ghana 	1
/scratch/skscla001/experiments/datasets/swagen/audio/common_voice_sw_36381025.wav	watumwa walifungwa kwenye mkunazi uliokuwa ukipatikana hapo kwa ajili ya kunadiwa na kuuzwa 	1
/scratch/skscla001/experiments/datasets/swagen/audio/common_voice_sw_30341954.wav	kwa sababu kadiri unavyofukua unakuta mawe yaliyojengwa 	1
/scratch/skscla001/experiments/datasets/swagen/audio/common_voice_sw_28959085.wav	pua ni ndefu na masikio ni makubwa na ya mviringo 	1
/scratch/skscla001/experiments/datasets/swagen/audio/common_voice_sw_30020746.wav	ila aliwahi kuwa kocha mkuu wa geita gold lipuli na polisi tanzania 	1
/scratch/skscla001/experiments/datasets/swagen/audio/common_voice_sw_28582893.wav	milo iliyotengenezwa nje ya australia hutengenezwa tofauti ili kutumika kwa urahisi 	1
/scratch/skscla001/experiments/datasets/swagen/audio/common_voice_sw_30634769.wav	vilevile kuna shule kadhaa za kimataifa zinazofundisha 	1
/scratch/skscla001/experiments/datasets/swagen/audio/common_voice_sw_31304522.wav	baada ya uhuru mwaka elfu moja mia tisa sitini na moja 	1
/scratch/skscla001/experiments/datasets/swagen/audio/common_voice_sw_29686062.wav	mwenye taaluma anaitwa mtaalamu 	1
/scratch/skscla001/experiments/datasets/swagen/audio/common_voice_sw_29943190.wav	matembezi ya kiumbe huyo wa ajabu hayatabiriki 	1
/scratch/skscla001/experiments/datasets/swagen/audio/common_voice_sw_36390097.wav	ya joto na ya mvua ya bonde la amazon 	1
/scratch/skscla001/experiments/datasets/swagen/audio/common_voice_sw_29977790.wav	mwaka elfu mbili kumi na mbili baada ya kufungua kampuni yake ya kidoti 	1
/scratch/skscla001/experiments/datasets/swagen/audio/common_voice_sw_28922506.wav	mji ni makao makuu ya kaunti ya kilifi 	1
/scratch/skscla001/experiments/datasets/swagen/audio/common_voice_sw_30025434.wav	ndio wafanye maamuzi utanashati na usafi ni sifa nyingine muhimu kwa kabila hili 	1
/scratch/skscla001/experiments/datasets/swagen/audio/common_voice_sw_36039608.wav	kama malalamiko yao yatakuwa ni sahihi wakati huu mkitangaza 	1
/scratch/skscla001/experiments/datasets/swagen/audio/common_voice_sw_28877915.wav	huo ulikuwa mwanzo wa vita ya wenyewe kwa wenyewe 	1
/scratch/skscla001/experiments/datasets/swagen/audio/common_voice_sw_32101682.wav	numba ya mame iwasie moto 	1
/scratch/skscla001/experiments/datasets/swagen/audio/common_voice_sw_29322314.wav	wataalamu kutoka nchi nyingi walianza kukusanya pesa kwa uhamisho wa majengo 	1
/scratch/skscla001/experiments/datasets/swagen/audio/common_voice_sw_28683323.wav	ni lugha tofauti na kiazeri kusini nchini uajemi 	1
/scratch/skscla001/experiments/datasets/swagen/audio/common_voice_sw_28581931.wav	hewa hii huitwa pumzi 	1
/scratch/skscla001/experiments/datasets/swagen/audio/common_voice_sw_30364231.wav	wapinzani walimhakikishia nyerere kuwa wangeweza kukusanya wapambanaji wa kutosha 	1
/scratch/skscla001/experiments/datasets/swagen/audio/common_voice_sw_30114387.wav	cristiano ronaldo wa madrid yake hawakufua dafu 	1
/scratch/skscla001/experiments/datasets/swagen/audio/common_voice_sw_29936696.wav	hatimae watawala wa omani waliingilia kati na kuwafukuza mabaki ya wareno 	1
/scratch/skscla001/experiments/datasets/swagen/audio/common_voice_sw_36375095.wav	hatimaye wameanza kuhudumiwa kwa matibabu yasiyo na malipo 	1
/scratch/skscla001/experiments/datasets/swagen/audio/common_voice_sw_36373754.wav	matokeo rasmi ya uchaguzi wa chama tawala cha pdb yaonyesha kuwa rais jonathan 	1
/scratch/skscla001/experiments/datasets/swagen/audio/common_voice_sw_28691285.wav	linapatikana katika mkoa wa singida 	1
/scratch/skscla001/experiments/datasets/swagen/audio/common_voice_sw_35990863.wav	alishtaki kikundi cha chrestiani ya kuwa wamechoma moto mji wa roma 	1
/scratch/skscla001/experiments/datasets/swagen/audio/common_voice_sw_30007231.wav	wahujumu uchumi walikimbilia nchi za jirani kujificha 	1
/scratch/skscla001/experiments/datasets/swagen/audio/common_voice_sw_30201482.wav	kuhusu udhamini wa jezi uligusa pia mambo mbalimbali ya maendeleo 	1
/scratch/skscla001/experiments/datasets/swagen/audio/common_voice_sw_28879200.wav	tangu mwanzo ule kuna miradi mingi iliyofuata 	1
/scratch/skscla001/experiments/datasets/swagen/audio/common_voice_sw_29609982.wav	hasa watu kwenye visiwa vingi vya pasifiki wana utamaduni wa karibu 	1
/scratch/skscla001/experiments/datasets/swagen/audio/common_voice_sw_36390747.wav	ti huo ambo nchi hiyo iko katika mchakato wa kura ya maoni 	1
/scratch/skscla001/experiments/datasets/swagen/audio/common_voice_sw_29942747.wav	kupanda kucheza kama winga wakati wakiwa wanashambulia 	1
/scratch/skscla001/experiments/datasets/swagen/audio/common_voice_sw_30628155.wav	baada ya kurekodi albamu yake ya kwanza 	1
/scratch/skscla001/experiments/datasets/swagen/audio/common_voice_sw_29895968.wav	weusi katika ngozi yako havitakuwepo tena 	1
/scratch/skscla001/experiments/datasets/swagen/audio/common_voice_sw_30020633.wav	hifadhi ya mikumi ni moja kati ya hifadhi za taifa na mashuhuri 	1
/scratch/skscla001/experiments/datasets/swagen/audio/common_voice_sw_28682820.wav	konokono wengine wengi kiasi pia hupatikana kwenye maji baridi 	1
/scratch/skscla001/experiments/datasets/swagen/audio/common_voice_sw_36386104.wav	ni tisho jipwa kwa mji mkuu nchini haiti kwani tayari 	1
/scratch/skscla001/experiments/datasets/swagen/audio/common_voice_sw_30379924.wav	wapare wa kusini ambao ni wapare wa same 	1
/scratch/skscla001/experiments/datasets/swagen/audio/common_voice_sw_29988534.wav	kabla ya mwalimu nyerere hajaongea na watanganyika 	1
/scratch/skscla001/experiments/datasets/swagen/audio/common_voice_sw_36330731.wav	zoezi la kukabidhi vifaa vya kuweka alama na kudhibiti kuzagaa kwa silaha haramu 	1
/scratch/skscla001/experiments/datasets/swagen/audio/common_voice_sw_28690216.wav	makao makuu yako paris ufaransa 	1
/scratch/skscla001/experiments/datasets/swagen/audio/common_voice_sw_31322800.wav	katika harakati za kuendelea kupata maarifa 	1
/scratch/skscla001/experiments/datasets/swagen/audio/common_voice_sw_37229822.wav	mahitaji mengine hayahusiana na uagizaji wa bidhaa 	1
/scratch/skscla001/experiments/datasets/swagen/audio/common_voice_sw_30641382.wav	lango la marangu ndiyo makao makuu ya hifadhi 	1
/scratch/skscla001/experiments/datasets/swagen/audio/common_voice_sw_28682696.wav	ana dada wawili na kaka wanne 	1
/scratch/skscla001/experiments/datasets/swagen/audio/common_voice_sw_37226242.wav	walanguzi kuhatarisha maisha ya watoto walemavu 	1
/scratch/skscla001/experiments/datasets/swagen/audio/common_voice_sw_29815917.wav	nyama pia ingawa ni chakula muhimu na huliwa kwa nadra sana 	1
/scratch/skscla001/experiments/datasets/swagen/audio/common_voice_sw_37098702.wav	kwa barabara kunatatuliwa haraka bila kupiga kelele au kuapa 	1
/scratch/skscla001/experiments/datasets/swagen/audio/common_voice_sw_29938494.wav	na umiliki haramu wa silaha shughuli zao katika makambi 	1
/scratch/skscla001/experiments/datasets/swagen/audio/common_voice_sw_30582911.wav	walimlazimisha awaongoze kuwapeleka sehemu alipo ili wamkamate 	1
/scratch/skscla001/experiments/datasets/swagen/audio/common_voice_sw_35964218.wav	kama mtetezi wa masuala ya uongozi bora rais huyo mpya wa malawi anayezungumza kiingezera 	1
/scratch/skscla001/experiments/datasets/swagen/audio/common_voice_sw_29898189.wav	mwaka elfu moja mia tisa na arobaini na sita alitumwa kaskazini kwa kupigania wasomalia 	1
/scratch/skscla001/experiments/datasets/swagen/audio/common_voice_sw_36037848.wav	fungua mlango mara moja 	1
/scratch/skscla001/experiments/datasets/swagen/audio/common_voice_sw_30180215.wav	hivyo kondomu huwa haifuniki sehemu yote ya siri ambayo hukutana wakati wa kufanya ngono 	1
/scratch/skscla001/experiments/datasets/swagen/audio/common_voice_sw_30735720.wav	mlango uliokuwa kwenye gereza lililojengwa na wareno walilazimika kuuondoa 	1
/scratch/skscla001/experiments/datasets/swagen/audio/common_voice_sw_37098371.wav	washindani wote 	1
/scratch/skscla001/experiments/datasets/swagen/audio/common_voice_sw_28966130.wav	hapo awali milo ilipatikana katika ureno na brazili 	1
/scratch/skscla001/experiments/datasets/swagen/audio/common_voice_sw_29789445.wav	utumiaji wa mbinu zinazokubalika kwa kawaida hauna haja ya kutoa hitimisho 	1
/scratch/skscla001/experiments/datasets/swagen/audio/common_voice_sw_37097771.wav	sisi tuko hapa mpaka saa nane 	1
/scratch/skscla001/experiments/datasets/swagen/audio/common_voice_sw_30582895.wav	katika safari yao walisafiri hadi kufika milima ya usambara 	1
/scratch/skscla001/experiments/datasets/swagen/audio/common_voice_sw_29862545.wav	mwelekeo wa ujamaa wa baadhi katika serikali mpya 	1
/scratch/skscla001/experiments/datasets/swagen/audio/common_voice_sw_30142849.wav	mara nyingi mishipa hiyo ya damu hupasuka na damu huganda 	1
/scratch/skscla001/experiments/datasets/swagen/audio/common_voice_sw_30470998.wav	tanzania ilienda kinyume chake ilifuata sera za kujitegemea 	1
/scratch/skscla001/experiments/datasets/swagen/audio/common_voice_sw_37214800.wav	isimila ni kivutio kinachopatikana mkoa wa iringa 	1
/scratch/skscla001/experiments/datasets/swagen/audio/common_voice_sw_30181645.wav	wengine wakahama na kadhia za kila namna 	1
/scratch/skscla001/experiments/datasets/swagen/audio/common_voice_sw_29906025.wav	ilikuwa ya kwamba hajajikazia kuendeleza taasisi yake 	1
/scratch/skscla001/experiments/datasets/swagen/audio/common_voice_sw_29977881.wav	karume aliongoza kuanzia mwaka elfu moja mia tisa sitini na nne 	1
/scratch/skscla001/experiments/datasets/swagen/audio/common_voice_sw_37226038.wav	kisha akakagua magazine zake zilikuwa zimejaa risasi akaziweka kiunoni zile bastola 	1
/scratch/skscla001/experiments/datasets/swagen/audio/common_voice_sw_29906694.wav	bila ya kukutana kimwili hakuna uwezekano wa kupata maambukizi ya zinaa 	1
/scratch/skscla001/experiments/datasets/swagen/audio/common_voice_sw_30180338.wav	kuna vitu waha waliwafundisha wamanyema na wamanyema waliwafundisha waha 	1
/scratch/skscla001/experiments/datasets/swagen/audio/common_voice_sw_30017348.wav	takriban watu milioni sitini walikufa kutokana na vita hivi 	1
/scratch/skscla001/experiments/datasets/swagen/audio/common_voice_sw_36390658.wav	kule maisha ya kufunga na kusali watawa hao waliitwa kwa jina la kigiriki 	1
/scratch/skscla001/experiments/datasets/swagen/audio/common_voice_sw_30133561.wav	sherehe za vikundi wanawake na wanaume hufika kando 	1
/scratch/skscla001/experiments/datasets/swagen/audio/common_voice_sw_30364101.wav	mojaconor mcgregor 	1
/scratch/skscla001/experiments/datasets/swagen/audio/common_voice_sw_29265163.wav	mji ni pia kitovu cha usafiri na mawasiliano 	1
/scratch/skscla001/experiments/datasets/swagen/audio/common_voice_sw_30385738.wav	urembo ni hali ya kuwa na afya bora 	1
/scratch/skscla001/experiments/datasets/swagen/audio/common_voice_sw_29915200.wav	kocha huyo aliamua kuondoka ujerumani kuelekjea uingereza 	1
/scratch/skscla001/experiments/datasets/swagen/audio/common_voice_sw_29995820.wav	awali vikosi vya tanzania na washirika wake viliukamata mji huo 	1
/scratch/skscla001/experiments/datasets/swagen/audio/common_voice_sw_30067512.wav	hatimae lumumba na chama chake walipata ushindi uliowawezesha kuunda serikali 	1
/scratch/skscla001/experiments/datasets/swagen/audio/common_voice_sw_31472857.wav	mbuni dume anatumia mbawa zake kumvutia jike 	1
/scratch/skscla001/experiments/datasets/swagen/audio/common_voice_sw_30181066.wav	hasa ya wakazi wa bagamoyo lakini pia hata mashirika mbalimbali ya kimataifa 	1
/scratch/skscla001/experiments/datasets/swagen/audio/common_voice_sw_30671768.wav	viwanja vinatumika kwa maonesho ni viwanja vya mwalimu nyerere 	1
/scratch/skscla001/experiments/datasets/swagen/audio/common_voice_sw_29795418.wav	mnara wa eifel mjini paris ni mmoja ya kivutio kinachotembelewa zaidi duniani 	1
/scratch/skscla001/experiments/datasets/swagen/audio/common_voice_sw_28669505.wav	katika lugha za kigermanik siku hii ina jina la jua 	1
/scratch/skscla001/experiments/datasets/swagen/audio/common_voice_sw_31433455.wav	timu kubwa za ulaya zinategemea umahiri wa nyota wa afrika 	1
/scratch/skscla001/experiments/datasets/swagen/audio/common_voice_sw_29795272.wav	hiyo ilikuwa ndiyo nyenzo kubwa katika maendeleo ya taifa letu 	1
/scratch/skscla001/experiments/datasets/swagen/audio/common_voice_sw_30201519.wav	kutokea dar es salaam hadi mkoani lindi kusini mwa tanzania 	1
/scratch/skscla001/experiments/datasets/swagen/audio/common_voice_sw_29419996.wav	kwa sasa ni mtayarishaji wa nyimbo kutoka tanzania 	1
/scratch/skscla001/experiments/datasets/swagen/audio/common_voice_sw_31356166.wav	ukeketaji ni haramu nchini kenya na tanzania na huleta ukosoaji 	1
/scratch/skscla001/experiments/datasets/swagen/audio/common_voice_sw_30574934.wav	mourinho ameingia kandarasi na klabu ya roma 	1
/scratch/skscla001/experiments/datasets/swagen/audio/common_voice_sw_28817524.wav	zao la biashara ni kahawa 	1
/scratch/skscla001/experiments/datasets/swagen/audio/common_voice_sw_36318836.wav	huko halijoto kwenye mwezi agosti ni sentigredi 	1
/scratch/skscla001/experiments/datasets/swagen/audio/common_voice_sw_29943259.wav	taifa la argentina lilishinda kombe la dunia kwa mara ya kwanza 	1
/scratch/skscla001/experiments/datasets/swagen/audio/common_voice_sw_29959268.wav	ikumbukwe kwamba wadigo ni kabila linalojali na kuthamini mila na desturi zao kama chakula 	1
/scratch/skscla001/experiments/datasets/swagen/audio/common_voice_sw_28745236.wav	idadi ya wasemaji nchini cote d ivoire haijulikani 	1
/scratch/skscla001/experiments/datasets/swagen/audio/common_voice_sw_29997333.wav	hata wazee husimulia hivyo kwa watoto wao 	1
/scratch/skscla001/experiments/datasets/swagen/audio/common_voice_sw_30327506.wav	wakati huo wahehe walikuwa wameimarisha himaya yao 	1
/scratch/skscla001/experiments/datasets/swagen/audio/common_voice_sw_30363975.wav	mto umeanza kukauka wakati wa ukame umesababishwa na matumizi mabaya ya maji 	1
/scratch/skscla001/experiments/datasets/swagen/audio/common_voice_sw_29787911.wav	hadhi ya mji wa dar es salaam ilipandishwa kuwa ya manispaa 	1
/scratch/skscla001/experiments/datasets/swagen/audio/common_voice_sw_28682534.wav	alifanya kazi kama mjumbe na kuongoza kwa miaka mitatu 	1
/scratch/skscla001/experiments/datasets/swagen/audio/common_voice_sw_29868966.wav	ziwa hili lina maji ya baridi kama ilivyo maziwa mengine 	1
/scratch/skscla001/experiments/datasets/swagen/audio/common_voice_sw_30181459.wav	wengine waliona nafasi ya kujichukulia mali ya kanisa 	1
/scratch/skscla001/experiments/datasets/swagen/audio/common_voice_sw_29942071.wav	pamoja na kumthibitisha jumbe kuanzia aprili saba mwaka huo huo 	1
/scratch/skscla001/experiments/datasets/swagen/audio/common_voice_sw_28690359.wav	wako alizaliwa nchini kenya 	1
/scratch/skscla001/experiments/datasets/swagen/audio/common_voice_sw_36383621.wav	wawasiliane ili kushughulikia changamoto ya gharama ya bandwidth 	1
/scratch/skscla001/experiments/datasets/swagen/audio/common_voice_sw_30100672.wav	mara nyingi unyanyapaa wa ukimwi huonyeshwa pamoja na unyanyapaa wa aina moja au nyingine 	1
/scratch/skscla001/experiments/datasets/swagen/audio/common_voice_sw_30106390.wav	utawala wa kidikiteta unaathiri sana maisha ya watu 	1
/scratch/skscla001/experiments/datasets/swagen/audio/common_voice_sw_37095295.wav	tutatangaza matokeo yetu na ikiwa uchaguzi utaibiwa sitarudi tena mahakamani 	1
/scratch/skscla001/experiments/datasets/swagen/audio/common_voice_sw_36385941.wav	namwalika edwin david ndegetela katika uchaguzi 	1
/scratch/skscla001/experiments/datasets/swagen/audio/common_voice_sw_30635648.wav	alisaini ili kusitisha harakati za waarabu dhidi ya uzayuni 	1
/scratch/skscla001/experiments/datasets/swagen/audio/common_voice_sw_28814488.wav	ualimu huo unaweza kuwa wa kawaida na usio wa kawaida 	1
/scratch/skscla001/experiments/datasets/swagen/audio/common_voice_sw_34762883.wav	kisha huzaa mtoto mmoja tu twiga ni baadhi ya wanyama wachache wanao zaa wakiwa 	1
/scratch/skscla001/experiments/datasets/swagen/audio/common_voice_sw_36037731.wav	ukubali huo ulipelekea mwitikio usiyofaa wa janga hili 	1
/scratch/skscla001/experiments/datasets/swagen/audio/common_voice_sw_28581558.wav	kwa sasa imekuwa sehemu ya kaunti ya narok 	1
/scratch/skscla001/experiments/datasets/swagen/audio/common_voice_sw_37091760.wav	kaskazini yaliwahi kupiga utumwa marufuku lakini majimbo 	1
/scratch/skscla001/experiments/datasets/swagen/audio/common_voice_sw_29815915.wav	ndani ya wilaya hiyo asilimia kubwa ya watu wanaoishi humo ni wapare 	1
/scratch/skscla001/experiments/datasets/swagen/audio/common_voice_sw_29902475.wav	na kuchapa kazi na pia kusimamia vyema nyumba yake 	1
/scratch/skscla001/experiments/datasets/swagen/audio/common_voice_sw_30342504.wav	huku watu wengi wakiendelea kuamini kuwa idi amin ndiye mhusika mkuu kwa mauaji 	1
/scratch/skscla001/experiments/datasets/swagen/audio/common_voice_sw_36375012.wav	katibu mkuu wa nato andes forgrasmel 	1
/scratch/skscla001/experiments/datasets/swagen/audio/common_voice_sw_29865105.wav	kutokana na vurugu hizo zilizokuwa zikifanywa na wakamba 	1
/scratch/skscla001/experiments/datasets/swagen/audio/common_voice_sw_36375170.wav	krafuu ina nguvu katika kupambana na maambukizo ya virusi na bakteria 	1
/scratch/skscla001/experiments/datasets/swagen/audio/common_voice_sw_29927038.wav	damu kupipitia mabomba ya sindano sindano au vitu vyenye ncha kali 	1
/scratch/skscla001/experiments/datasets/swagen/audio/common_voice_sw_28259748.wav	miaka kadhaa baadaye alirudi roma ili kushughulikia suala la mama yake kutangazwa mtakatifu 	1
/scratch/skscla001/experiments/datasets/swagen/audio/common_voice_sw_37090149.wav	wa maji ya mto huu umeundwa na mto 	1
/scratch/skscla001/experiments/datasets/swagen/audio/common_voice_sw_37089389.wav	nitakapokuona 	1
/scratch/skscla001/experiments/datasets/swagen/audio/common_voice_sw_30671335.wav	mkalimani akamatwa tanzania kwa kutafsiri visivyo matamshi ya mtalii 	1
/scratch/skscla001/experiments/datasets/swagen/audio/common_voice_sw_36067467.wav	mtazamo wa mahakama haukuwa kwenye mauaji ya kimbari 	1
/scratch/skscla001/experiments/datasets/swagen/audio/common_voice_sw_29942286.wav	uwanja wa wembley ndiyo uliotumika kwa fanali 	1
/scratch/skscla001/experiments/datasets/swagen/audio/common_voice_sw_30201520.wav	leo hii wakamba wangesema kiima kyeu 	1
/scratch/skscla001/experiments/datasets/swagen/audio/common_voice_sw_29994979.wav	mchanga wake ni mweupe na laini ambao watalii humpumzika kukiwa hamna maji 	1
/scratch/skscla001/experiments/datasets/swagen/audio/common_voice_sw_30671869.wav	pep aliendeleza ubabe wake alipokuwa bayern 	1
/scratch/skscla001/experiments/datasets/swagen/audio/common_voice_sw_30025528.wav	wakivutiwa kupanda na kufika vileleni mwa milima hii 	1
/scratch/skscla001/experiments/datasets/swagen/audio/common_voice_sw_28817377.wav	lugha muziki michezo au sanaa 	1
/scratch/skscla001/experiments/datasets/swagen/audio/common_voice_sw_36384327.wav	nikakutana nao uwanja wa ndege huo ulikuwa 	1
/scratch/skscla001/experiments/datasets/swagen/audio/common_voice_sw_28681622.wav	uwanja huu unapatikana huko cape town nchini afrika kusini 	1
/scratch/skscla001/experiments/datasets/swagen/audio/common_voice_sw_30016863.wav	kwa mamlaka yake anaweza kuanzisha vita 	1
/scratch/skscla001/experiments/datasets/swagen/audio/common_voice_sw_29950330.wav	malighafi zilizokuwa zikizalishwa amerika na wafanyakazi waliochukuliwa 	1
/scratch/skscla001/experiments/datasets/swagen/audio/common_voice_sw_30007308.wav	ais samia suluhu anakabiliwa na kibarua kigumu cha kuinua hali ya uchumi 	1
/scratch/skscla001/experiments/datasets/swagen/audio/common_voice_sw_30363995.wav	anasema akiwa redio muda alitangaza kipindi cha asubuhi cha kuchomoza jua 	1
/scratch/skscla001/experiments/datasets/swagen/audio/common_voice_sw_29696407.wav	kwa lugha nyingine ni manisipaa ndani ya jiji la dar es salaam 	1
/scratch/skscla001/experiments/datasets/swagen/audio/common_voice_sw_29997670.wav	amecheza timu tatu za taifa 	1
/scratch/skscla001/experiments/datasets/swagen/audio/common_voice_sw_36331526.wav	mvua za muda mfupi ni oltumuret 	1
/scratch/skscla001/experiments/datasets/swagen/audio/common_voice_sw_37084844.wav	aarifa ya habari na tunaanzia nchini urusi 	1
/scratch/skscla001/experiments/datasets/swagen/audio/common_voice_sw_36252706.wav	miswada mbalimbali inayotarajiwa kuingia katika lugha ya 	1
/scratch/skscla001/experiments/datasets/swagen/audio/common_voice_sw_29899373.wav	kwa kudai eti watumwa waliona bahari ambako watasafarishwa 	1
/scratch/skscla001/experiments/datasets/swagen/audio/common_voice_sw_30582819.wav	maeneo ambayo sisi tumekuwa tukiyatazama tu pasipo kupata muda wa kwenda kujifunza huko 	1
/scratch/skscla001/experiments/datasets/swagen/audio/common_voice_sw_36385165.wav	mifumo ya ikolojia iliyo na virutubishi vichache kama vile maeneo ya joto 	1
/scratch/skscla001/experiments/datasets/swagen/audio/common_voice_sw_30320348.wav	mlima mlimu pamoja na ule mlima mlomboza 	1
/scratch/skscla001/experiments/datasets/swagen/audio/common_voice_sw_36389370.wav	kinachotakiwa ni kuiunga mkono serikali ya awamu ya nane 	1
/scratch/skscla001/experiments/datasets/swagen/audio/common_voice_sw_30661120.wav	mfano maeneo ya nchi za jamhuri ya kidemokrasia ya congo 	1
/scratch/skscla001/experiments/datasets/swagen/audio/common_voice_sw_28690036.wav	tabia kuu ya maeneo ya aktiki ni baridi yake 	1
/scratch/skscla001/experiments/datasets/swagen/audio/common_voice_sw_28582231.wav	mfano atomu sahili ya hidrojeni ina mzingo mmoja wenye elektroni moja tu 	1
/scratch/skscla001/experiments/datasets/swagen/audio/common_voice_sw_28682803.wav	pia alidai kuwa rais kibaki alikuwa makosa katika jambo hilo 	1
/scratch/skscla001/experiments/datasets/swagen/audio/common_voice_sw_37095278.wav	ilivyo na wanyama wengi katika orodha hii bonde 	1
/scratch/skscla001/experiments/datasets/swagen/audio/common_voice_sw_30024646.wav	watu waliofanikiwa kufika kileleni na kushuka wanapendekeza unywe lita tano za maji kwa siku 	1
/scratch/skscla001/experiments/datasets/swagen/audio/common_voice_sw_30320505.wav	zilitumia pesa mara mbili zaidi ya familia nyingine 	1
/scratch/skscla001/experiments/datasets/swagen/audio/common_voice_sw_29936580.wav	ambaye anaweza kushiriki katika uponyaji wa kidini 	1
/scratch/skscla001/experiments/datasets/swagen/audio/common_voice_sw_37096503.wav	bidhaa kadhaa kuwa haba serikali ilijaribu kuongoza uchumi kwa mfano wa nchi za kikomunisti 	1
/scratch/skscla001/experiments/datasets/swagen/audio/common_voice_sw_29899299.wav	lazima kuandaa mifumo kwanza ili kupigana vita ya kiuchumi 	1
/scratch/skscla001/experiments/datasets/swagen/audio/common_voice_sw_30380739.wav	ukifanikiwa kuwa na jeshi imara vita hiyo ni vyepesi kuishinda 	1
/scratch/skscla001/experiments/datasets/swagen/audio/common_voice_sw_29961381.wav	furahi kupanda kilimanjaro ni kitu cha kukumbuka maisha yako yote 	1
/scratch/skscla001/experiments/datasets/swagen/audio/common_voice_sw_28670171.wav	pia kuna wasemaji wa kizhuang yang nchini vietnam lakini idadi yao haijulikani 	1
/scratch/skscla001/experiments/datasets/swagen/audio/common_voice_sw_36038194.wav	na jumuiya kimataifa alasan watera 	1
/scratch/skscla001/experiments/datasets/swagen/audio/common_voice_sw_37086779.wav	ni kielelezo cha ineffiency tu yaani kwamba ile 	1
/scratch/skscla001/experiments/datasets/swagen/audio/common_voice_sw_29602854.wav	yeye ni mlinzi wa kushoto ambaye anaweza pia kucheza upande wa kushoto wa uwanja 	1
/scratch/skscla001/experiments/datasets/swagen/audio/common_voice_sw_28681348.wav	ni tawi kubwa la kundi la lugha za kichina kitibet 	1
/scratch/skscla001/experiments/datasets/swagen/audio/common_voice_sw_36386305.wav	walihudhuria viongozi wengine wakiwemo mabalozi wadogo wanaoziwakilisha nchi zao hapa zanzibar 	1
/scratch/skscla001/experiments/datasets/swagen/audio/common_voice_sw_30022010.wav	mnyama alipotea msituni kwa miaka mingi 	1
/scratch/skscla001/experiments/datasets/swagen/audio/common_voice_sw_28663125.wav	mzaliwa wa familia ya bustill 	1
/scratch/skscla001/experiments/datasets/swagen/audio/common_voice_sw_29796867.wav	flaviana matata alikusudia kuwasaidia watu wenye uhitaji maalum 	1
/scratch/skscla001/experiments/datasets/swagen/audio/common_voice_sw_37084717.wav	gharama ya kupunguza uchafuzi wa hewa ya kwanza ikiwa 	1
/scratch/skscla001/experiments/datasets/swagen/audio/common_voice_sw_28681624.wav	florida ilitawaliwa kama mkoa chini ya ufalme mdogo wa hispania mpya 	1
/scratch/skscla001/experiments/datasets/swagen/audio/common_voice_sw_30182908.wav	majangili wanaua simba na chui kupata ngozi zao zenye thamani kubwa 	1
/scratch/skscla001/experiments/datasets/swagen/audio/common_voice_sw_30182043.wav	taifa la jamhuri ya kidemokrasia ya congo linapata pesa nyingi sana za kigeni 	1
/scratch/skscla001/experiments/datasets/swagen/audio/common_voice_sw_30107795.wav	kabla ya kuingia tanganyika na kujikuta yupo usagara 	1
/scratch/skscla001/experiments/datasets/swagen/audio/common_voice_sw_28258910.wav	shughuli yao kubwa ni kilimo cha hapa na pale 	1
/scratch/skscla001/experiments/datasets/swagen/audio/common_voice_sw_28987652.wav	nyota za meza ni chache na dhaifu sana 	1
/scratch/skscla001/experiments/datasets/swagen/audio/common_voice_sw_30021781.wav	kayuni hakuishi litembo maisha yake yote lakini alizaliwa katika ardhi ya litembo 	1
/scratch/skscla001/experiments/datasets/swagen/audio/common_voice_sw_29944859.wav	ni mchezaji wa pili katika historia ya kupiga fainali mbili za kombe la mabingwa 	1
/scratch/skscla001/experiments/datasets/swagen/audio/common_voice_sw_30180835.wav	matokeo ya awali ya vipimo yanaweza kuwa tayari ndani ya masaa mawili 	1
/scratch/skscla001/experiments/datasets/swagen/audio/common_voice_sw_36374649.wav	za kutumia nguvu za kisheria na kulifanya tatizo la dawa za kulevya kuwa uhalifu 	1
/scratch/skscla001/experiments/datasets/swagen/audio/common_voice_sw_29023214.wav	chanzo cha madrid ni katika zamani za waroma katika hispania 	1
/scratch/skscla001/experiments/datasets/swagen/audio/common_voice_sw_29950332.wav	wagonjwa nane hadi kumi hufa hata baada ya matibabu kwa kutumia antibiotiki 	1
/scratch/skscla001/experiments/datasets/swagen/audio/common_voice_sw_29796625.wav	kiungo wa kushambulia wa wales gareth bale alikuwa shujaa 	1
/scratch/skscla001/experiments/datasets/swagen/audio/common_voice_sw_31415705.wav	pamoja na kuchukua tuzo ya mchezaji bora mara nne 	1
/scratch/skscla001/experiments/datasets/swagen/audio/common_voice_sw_36374993.wav	wakamkosa daktari 	1
/scratch/skscla001/experiments/datasets/swagen/audio/common_voice_sw_28811327.wav	serikali za china na wakati wa vita pia japan walifanya mipango ya ujenzi 	1
/scratch/skscla001/experiments/datasets/swagen/audio/common_voice_sw_29637470.wav	mifano ni chuo cha ufundi chuo cha kilimo au chuo cha ualimu 	1
/scratch/skscla001/experiments/datasets/swagen/audio/common_voice_sw_30020531.wav	wakati wamepona na wamelishwa vizuri nyumba inayojulikana kama enkangoo ntaritik 	1
/scratch/skscla001/experiments/datasets/swagen/audio/common_voice_sw_36350476.wav	vile kinyume kabisa ni kweli katika miezi 	1
/scratch/skscla001/experiments/datasets/swagen/audio/common_voice_sw_30006775.wav	hawa ndio wanachukua sehemu ya watu wa magharibi 	1
/scratch/skscla001/experiments/datasets/swagen/audio/common_voice_sw_30201412.wav	messi ameshinda tuzo sita za mchezaji bora wa dunia 	1
/scratch/skscla001/experiments/datasets/swagen/audio/common_voice_sw_29726190.wav	ilikuwa siku ya ijumaa kuu 	1
/scratch/skscla001/experiments/datasets/swagen/audio/common_voice_sw_30020826.wav	wanapatikana samaki wa kila aina pamoja wa viumbe vingine wanaoishi kwenye maji 	1
/scratch/skscla001/experiments/datasets/swagen/audio/common_voice_sw_29841705.wav	isimamia ya afghanistan marekani nao kama 	1
/scratch/skscla001/experiments/datasets/swagen/audio/common_voice_sw_29898089.wav	ghana ilifungwa bao moja kwa sifuri kwenye fainali 	1
/scratch/skscla001/experiments/datasets/swagen/audio/common_voice_sw_30388966.wav	tanga ni mkoa unaopatikana kaskazini mwa tanzania 	1
/scratch/skscla001/experiments/datasets/swagen/audio/common_voice_sw_29789358.wav	waziri mkuu ameongeza kuwa katika kipindi cha siku mia moja 	1
/scratch/skscla001/experiments/datasets/swagen/audio/common_voice_sw_30327290.wav	mjerumani overall aliingia kwenye orodha ya wachezaji bora 	1
/scratch/skscla001/experiments/datasets/swagen/audio/common_voice_sw_30025437.wav	kabila ambalo hauwezi kukosa kutaja ni kabila la wamasai 	1
/scratch/skscla001/experiments/datasets/swagen/audio/common_voice_sw_29605527.wav	kutokana na nusu zake alianzisha mbingu na nchi 	1
/scratch/skscla001/experiments/datasets/swagen/audio/common_voice_sw_28670635.wav	pia kuna wasemaji wachache nchini burkina faso 	1
/scratch/skscla001/experiments/datasets/swagen/audio/common_voice_sw_29902987.wav	alisajiliwa na klabu ya mpira wa miguu ya simba mwaka elfu mbili na kumi 	1
/scratch/skscla001/experiments/datasets/swagen/audio/common_voice_sw_36013453.wav	dokta living stone alikuja katika mwambao wa afrika ya mashariki 	1
/scratch/skscla001/experiments/datasets/swagen/audio/common_voice_sw_28690554.wav	kilikuwa kitovu cha utawala hadi utawala wa kiroma juu ya misri 	1
/scratch/skscla001/experiments/datasets/swagen/audio/common_voice_sw_30385748.wav	ni tofauti na utegemezi uliosisitizwa katika vijiji vya wapiganaji 	1
/scratch/skscla001/experiments/datasets/swagen/audio/common_voice_sw_36388886.wav	paka alikunywa maziwa yote 	1
/scratch/skscla001/experiments/datasets/swagen/audio/common_voice_sw_30577739.wav	staftahi ni chakula cha asubuhi 	1
/scratch/skscla001/experiments/datasets/swagen/audio/common_voice_sw_30633151.wav	baadae wakileta pembe za ndovu na watumwa kwa njia hiyo bagamoyo 	1
/scratch/skscla001/experiments/datasets/swagen/audio/common_voice_sw_28922814.wav	mwanamke kutoka kwa bwana yake na kwenda kwa bwana mwingine ilikuwa shida 	1
/scratch/skscla001/experiments/datasets/swagen/audio/common_voice_sw_30320363.wav	pep guardiola amepata kila kitu maishani mwake 	1
/scratch/skscla001/experiments/datasets/swagen/audio/common_voice_sw_29630388.wav	kitabu cha kutoka kina sura arobaini 	1
/scratch/skscla001/experiments/datasets/swagen/audio/common_voice_sw_36255328.wav	inayoitwa tepui katika lugha ya wakazi asilia 	1
/scratch/skscla001/experiments/datasets/swagen/audio/common_voice_sw_30130807.wav	kazi ya ualimu ndiyo iliyompatia jina ambalo lilimkaa maisha yake yote 	1
/scratch/skscla001/experiments/datasets/swagen/audio/common_voice_sw_30182030.wav	wasangu walirudishwa katika eneo lao la awali wakarudi kutoka usafwa 	1
/scratch/skscla001/experiments/datasets/swagen/audio/common_voice_sw_36390709.wav	sheria na haki za binadamu nchini tanzania 	1
/scratch/skscla001/experiments/datasets/swagen/audio/common_voice_sw_35377284.wav	malawi cha malawi chama congress ambacho kiliitawala nchi hiyo ya kusini mwa afrika kuanzia 	1
/scratch/skscla001/experiments/datasets/swagen/audio/common_voice_sw_30180377.wav	manyatta hizo hazina ua za kulinda boma ili kusisitiza jukumu lao la kulinda jamii 	1
/scratch/skscla001/experiments/datasets/swagen/audio/common_voice_sw_29628539.wav	tarehe ya mwaka mpya inategemea kalenda yake 	1
/scratch/skscla001/experiments/datasets/swagen/audio/common_voice_sw_36390328.wav	kijana yule ananipendeza sana 	1
/scratch/skscla001/experiments/datasets/swagen/audio/common_voice_sw_28259641.wav	mji ina idadi ya viwanda 	1
/scratch/skscla001/experiments/datasets/swagen/audio/common_voice_sw_28681690.wav	historia ya binadamu katika ethiopia ilianza mapema kabisa 	1
/scratch/skscla001/experiments/datasets/swagen/audio/common_voice_sw_29850290.wav	waandishi wa habari nchini tanzania wanasema wamekuwa wakipitia kwenye wakati mgumu 	1
/scratch/skscla001/experiments/datasets/swagen/audio/common_voice_sw_29252745.wav	baadhi ya mifumo ya matibabu hufanya eksirei mara kwa mara kabla ya upasuaji 	1
/scratch/skscla001/experiments/datasets/swagen/audio/common_voice_sw_29145978.wav	ya nchini hispania 	1
/scratch/skscla001/experiments/datasets/swagen/audio/common_voice_sw_31737327.wav	katika jeshi la mwingereza na jeshi la uganda 	1
/scratch/skscla001/experiments/datasets/swagen/audio/common_voice_sw_29934950.wav	papa pote watalii wanapata nafasi ya kuogelea nao bila tatizo lolote 	1
/scratch/skscla001/experiments/datasets/swagen/audio/common_voice_sw_30419851.wav	yasiyopungua laki mbili na nusu kwa siku moja 	1
/scratch/skscla001/experiments/datasets/swagen/audio/common_voice_sw_37095311.wav	haruhusiwi kutumia vyakula vya mafuta ya wanyama 	1
/scratch/skscla001/experiments/datasets/swagen/audio/common_voice_sw_30179818.wav	madume huatamia usiku kwa sababu ya rangi yao ni nyeusi 	1
/scratch/skscla001/experiments/datasets/swagen/audio/common_voice_sw_30121856.wav	watu wengi wanadai hawakuwahi kumuona rais kama magufuli 	1
/scratch/skscla001/experiments/datasets/swagen/audio/common_voice_sw_35069912.wav	a maporomoka hapo waliwahi kusema kwamba kuna 	1
/scratch/skscla001/experiments/datasets/swagen/audio/common_voice_sw_37093688.wav	amani haiwezi kuja kwa upanga ila 	1
/scratch/skscla001/experiments/datasets/swagen/audio/common_voice_sw_36374880.wav	kiasi kwamba hakuwa na himaya maalumu ya kuishi 	1
/scratch/skscla001/experiments/datasets/swagen/audio/common_voice_sw_28670037.wav	mapenzi ya kweli yanadumu milele 	1
/scratch/skscla001/experiments/datasets/swagen/audio/common_voice_sw_29995022.wav	umaarufu mwingine wa hifadhi hii ni pamoja ya aina ya chatu 	1
/scratch/skscla001/experiments/datasets/swagen/audio/common_voice_sw_30341023.wav	hii ni kutokana na sifa za pekee zinazopatikana mji huu 	1
/scratch/skscla001/experiments/datasets/swagen/audio/common_voice_sw_29942289.wav	baada ya kufika kutoka bara na kusubiri hadi kurudi 	1
/scratch/skscla001/experiments/datasets/swagen/audio/common_voice_sw_36389873.wav	rais huyu amewapongeza vizuri sana vijana hawa na hii ni changamoto kubwa sana 	1
/scratch/skscla001/experiments/datasets/swagen/audio/common_voice_sw_28683149.wav	kuna miezi minne ambako jotoridi iko juu ya sentigredi sifuri 	1
/scratch/skscla001/experiments/datasets/swagen/audio/common_voice_sw_37229694.wav	ati hayahusu afrika lakini sivyo 	1
/scratch/skscla001/experiments/datasets/swagen/audio/common_voice_sw_30144247.wav	ununuzi wa rada kwa ajili ya matumizi ya kijeshi kwa kiasi cha mamilioni 	1
/scratch/skscla001/experiments/datasets/swagen/audio/common_voice_sw_30200964.wav	sehemu kubwa ya mkoa ni yenye milima 	1
/scratch/skscla001/experiments/datasets/swagen/audio/common_voice_sw_29996713.wav	katika kipindi hiki wapiganaji wa kizazi kipya huuacha ujana na mambo yake 	1
/scratch/skscla001/experiments/datasets/swagen/audio/common_voice_sw_29947062.wav	ni mataifa ya ghana na ethiopia ambayo hayakutawaliwa na wakoloni 	1
/scratch/skscla001/experiments/datasets/swagen/audio/common_voice_sw_29144536.wav	ugumu wake huongezeka sambamba na namba atomia 	1
/scratch/skscla001/experiments/datasets/swagen/audio/common_voice_sw_28581475.wav	rasmi pamoja na nyingine 	1
/scratch/skscla001/experiments/datasets/swagen/audio/common_voice_sw_30381208.wav	ulaya watoto wengi walipenda kucheza mpira 	1
/scratch/skscla001/experiments/datasets/swagen/audio/common_voice_sw_29986553.wav	ujenzi wa reli ya kisasa ya kutumia mumeme 	1
/scratch/skscla001/experiments/datasets/swagen/audio/common_voice_sw_29994793.wav	lotthae mattaus ni mjerumani aliyefanya vizuri zaidi 	1
/scratch/skscla001/experiments/datasets/swagen/audio/common_voice_sw_30470916.wav	nchi mbalimbali zilijitenga na kupata uhuru kama vile ugiriki 	1
/scratch/skscla001/experiments/datasets/swagen/audio/common_voice_sw_30180190.wav	alipambania na hatimae kurudi madarakani kabla ya kuondolewa tena miaka sita baadae 	1
/scratch/skscla001/experiments/datasets/swagen/audio/common_voice_sw_29218620.wav	mlima huo unapatikana katika mkoa wa kilimanjaro 	1
/scratch/skscla001/experiments/datasets/swagen/audio/common_voice_sw_37099514.wav	kuzama kwa kisiwa cha maziwe ambacho kilikuwa mazalia ya kasa na samaki katika pwani 	1
/scratch/skscla001/experiments/datasets/swagen/audio/common_voice_sw_35107953.wav	kwa mjibu wa imani ya wamatumbi mzee kinjekitile aliwarejesha wamatumbi katika roho ya ujasiri 	1
/scratch/skscla001/experiments/datasets/swagen/audio/common_voice_sw_34391032.wav	ya kumi na tisa wahamiaji walifika pia kutoka 	1
/scratch/skscla001/experiments/datasets/swagen/audio/common_voice_sw_34390716.wav	fedha za kigeni zinatumika kufanya malipo ya kiserikali 	1
/scratch/skscla001/experiments/datasets/swagen/audio/common_voice_sw_29939047.wav	nasi tuseme kuwa mtoto ni mtu mzima wa kesho 	1
/scratch/skscla001/experiments/datasets/swagen/audio/common_voice_sw_28830725.wav	dalili za ugonjwa huu ni uvimbe kwenye shingo mabadiliko ya sauti 	1
/scratch/skscla001/experiments/datasets/swagen/audio/common_voice_sw_36385786.wav	mi nashangaa 	1
/scratch/skscla001/experiments/datasets/swagen/audio/common_voice_sw_35224223.wav	kwa hiyo wameboresha zaidi wasiwe na wasiwasi wanovyokwenda kutengeneza nywele 	1
/scratch/skscla001/experiments/datasets/swagen/audio/common_voice_sw_30575386.wav	ni ziwa kubwa na lenye maajabu ya pekee duniani kote 	1
/scratch/skscla001/experiments/datasets/swagen/audio/common_voice_sw_37086886.wav	biashara hiyo iliendelea kwa siri katika maeneo mengine 	1
/scratch/skscla001/experiments/datasets/swagen/audio/common_voice_sw_36381144.wav	au uanachama kutokuwepo na utashi wa kisiasa 	1
/scratch/skscla001/experiments/datasets/swagen/audio/common_voice_sw_28963932.wav	upimaji unaweza kutumika kuamua ukali wa kuharibika kwa kusikia 	1
/scratch/skscla001/experiments/datasets/swagen/audio/common_voice_sw_36373473.wav	mitume na la mababu utitiri wa madhehebu ya waprotestanti ndio wenye 	1
/scratch/skscla001/experiments/datasets/swagen/audio/common_voice_sw_31306516.wav	hii inahusisha wavulana wengi kati ya umri wa miaka kumi na mbili 	1
/scratch/skscla001/experiments/datasets/swagen/audio/common_voice_sw_28670205.wav	lugha rasmi ni kiebrania na kiarabu 	1
/scratch/skscla001/experiments/datasets/swagen/audio/common_voice_sw_37092081.wav	mwaezi wa saba mwaka elfu mbili kumi na nane 	1
/scratch/skscla001/experiments/datasets/swagen/audio/common_voice_sw_35756839.wav	ni ukamilifu kwa kila mtu 	1
/scratch/skscla001/experiments/datasets/swagen/audio/common_voice_sw_36374780.wav	utumiaji mkubwa wa pombe unaweza kusababisha kisukari 	1
/scratch/skscla001/experiments/datasets/swagen/audio/common_voice_sw_29964018.wav	barabara ya lami dar es salaam nairobi inavuka eneo lake 	1
/scratch/skscla001/experiments/datasets/swagen/audio/common_voice_sw_30090747.wav	mourinho hajali wala hana habari na mtu 	1
/scratch/skscla001/experiments/datasets/swagen/audio/common_voice_sw_29906129.wav	tausi jike hukaa na watoto wake kwa karibu miezi sita 	1
/scratch/skscla001/experiments/datasets/swagen/audio/common_voice_sw_30021968.wav	lakini yapo mambo ambayo ni vyema wakayazingatia haya katika kuingia msimu mpya 	1
/scratch/skscla001/experiments/datasets/swagen/audio/common_voice_sw_28661856.wav	mwaka uliofuata vikundi vya watutsi kutoka nchi hizi za jirani walijaribu kushambulia utaratibu mpya 	1
/scratch/skscla001/experiments/datasets/swagen/audio/common_voice_sw_36373725.wav	wa amazon umepata asilimia hamsini mrefu na 	1
/scratch/skscla001/experiments/datasets/swagen/audio/common_voice_sw_28694298.wav	nasaba ya watawala wa japani ni nasaba ya kale zaidi duniani 	1
/scratch/skscla001/experiments/datasets/swagen/audio/common_voice_sw_30342562.wav	na kuwaondolea shida ya maji ambayo imekuwa ni tatizo kubwa kwa jamii za kiafrika 	1
/scratch/skscla001/experiments/datasets/swagen/audio/common_voice_sw_29457317.wav	kwa sababu hiyo hutumiwa kuzalisha sumaku zenye nguvu kuu 	1
/scratch/skscla001/experiments/datasets/swagen/audio/common_voice_sw_36390419.wav	hawai ni kwetu 	1
/scratch/skscla001/experiments/datasets/swagen/audio/common_voice_sw_29897126.wav	uhuru alipinga uamuzi huo na hatimaye mahakama kuu ikabatilisha kura ya mombasa 	1
/scratch/skscla001/experiments/datasets/swagen/audio/common_voice_sw_28661946.wav	kwenye maeneo jirani na syria wako pia waarabu 	1
/scratch/skscla001/experiments/datasets/swagen/audio/common_voice_sw_29585113.wav	ndio mwanzo wa dola takatifu la roma 	1
/scratch/skscla001/experiments/datasets/swagen/audio/common_voice_sw_36386571.wav	amesema mashambulizi ya wanamgambo wa taliban 	1
/scratch/skscla001/experiments/datasets/swagen/audio/common_voice_sw_29182626.wav	alitumia sehemu kubwa ya utajiri wake kujenga jeshi la binafsi 	1
/scratch/skscla001/experiments/datasets/swagen/audio/common_voice_sw_29996948.wav	mwalimu nyerere aliwahamasisha wananchi kudumisha kilimo 	1
/scratch/skscla001/experiments/datasets/swagen/audio/common_voice_sw_37094554.wav	ajali hiyo inaonyesha upendo na uaminifu kwa mwanaume 	1
/scratch/skscla001/experiments/datasets/swagen/audio/common_voice_sw_28690679.wav	mbegu zake ndogo hutoa mafuta 	1
/scratch/skscla001/experiments/datasets/swagen/audio/common_voice_sw_30574555.wav	kutokana na ukame na shida za hapa na pale ikabidi wasitishe kukaa huko 	1
/scratch/skscla001/experiments/datasets/swagen/audio/common_voice_sw_30108241.wav	figo alijunga na mahasimu wa barcelona 	1
/scratch/skscla001/experiments/datasets/swagen/audio/common_voice_sw_30091171.wav	hali hii ilitambuliwa na uholanzi mwaka elfumoja mia nane kumi na tano 	1
/scratch/skscla001/experiments/datasets/swagen/audio/common_voice_sw_29897686.wav	zikitimia jumla ya halmashauri nane za mkoa wa ruvuma 	1
/scratch/skscla001/experiments/datasets/swagen/audio/common_voice_sw_31304405.wav	wasanii wengi walitumia warsha hizi na kuanzisha blogi zao na kuandika makala 	1
/scratch/skscla001/experiments/datasets/swagen/audio/common_voice_sw_29846249.wav	maalim self alianza kuugua january kumi na tisa elfu mbili na ishirini na moja 	1
/scratch/skscla001/experiments/datasets/swagen/audio/common_voice_sw_36387480.wav	watu wawili waliokuwa mlangoni wakiwa wamefunika nyuso zao 	1
/scratch/skscla001/experiments/datasets/swagen/audio/common_voice_sw_30631378.wav	baada ya kusaini alitoa haja yake na changamoto mpya kama sababu ya kuondoka realmadrid 	1
/scratch/skscla001/experiments/datasets/swagen/audio/common_voice_sw_30579097.wav	bila kusahau halmashauri ya wilaya ya kilosa na halmashauri ya wilaya ya ulanga 	1
/scratch/skscla001/experiments/datasets/swagen/audio/common_voice_sw_36331336.wav	a hivi watu hivi wanaanza kupima kurudia kwao kwenye walitoka 	1
/scratch/skscla001/experiments/datasets/swagen/audio/common_voice_sw_29795499.wav	afrika mashariki ilianzisha umoja wao chini ya nyerere 	1
/scratch/skscla001/experiments/datasets/swagen/audio/common_voice_sw_36389502.wav	ni pamoja na wahaya ambao wanapatikana zaidi 	1
/scratch/skscla001/experiments/datasets/swagen/audio/common_voice_sw_37087339.wav	shambulizi hilo lililothibitishwa kufanywa na wafuasi wa mtandao wa kigaidi wa alqaeda 	1
/scratch/skscla001/experiments/datasets/swagen/audio/common_voice_sw_30146041.wav	kunakuwepo na sherehe kadhaa zinazofuatana pale mashujaa wanapoingia 	1
/scratch/skscla001/experiments/datasets/swagen/audio/common_voice_sw_30149111.wav	zikiendelea kupigwa ili sauti za wanaotahiriwa hasa wanaolia zisisikike 	1
/scratch/skscla001/experiments/datasets/swagen/audio/common_voice_sw_36390635.wav	m asante sana zuhra mwera mchezaji wa zamani wa mchezo wa 	1
/scratch/skscla001/experiments/datasets/swagen/audio/common_voice_sw_36256998.wav	wakati huo akizichezea timu mbalimbali za ligi hiyo 	1
/scratch/skscla001/experiments/datasets/swagen/audio/common_voice_sw_29943773.wav	mfano mzuri wa mfumo wenye namba tano ni nne moja mbili moja mbili 	1
/scratch/skscla001/experiments/datasets/swagen/audio/common_voice_sw_30317555.wav	chama cha tenisi cha wanawake kiliorodhesha ulimwengu wake nambari moja katika hafla 	1
/scratch/skscla001/experiments/datasets/swagen/audio/common_voice_sw_31409775.wav	baada ya kumegwa kutoka sehemu ya pori la akiba la selous 	1
/scratch/skscla001/experiments/datasets/swagen/audio/common_voice_sw_29938778.wav	mara nyingi watu walimwita mwalimu nyerere 	1
/scratch/skscla001/experiments/datasets/swagen/audio/common_voice_sw_29887263.wav	hususani wageni wanaoingia katika mkoa wa tanga kutalii 	1
/scratch/skscla001/experiments/datasets/swagen/audio/common_voice_sw_31440728.wav	waziri rashid kawawa alihujumu fedha za serikali shilingi milioni sitini 	1
/scratch/skscla001/experiments/datasets/swagen/audio/common_voice_sw_31326729.wav	kuna mabadiliko katika matarajio ya urefu wa maisha 	1
/scratch/skscla001/experiments/datasets/swagen/audio/common_voice_sw_30514862.wav	wajita wengi wanaozungumza lahaja ya kikwaya ni wakatoliki 	1
/scratch/skscla001/experiments/datasets/swagen/audio/common_voice_sw_34750147.wav	wakati ambayo marais watano kutoka au 	1
/scratch/skscla001/experiments/datasets/swagen/audio/common_voice_sw_29206985.wav	kabla ya kujiunga na monasteri alikuwa na cheo kikubwa ikulu 	1
/scratch/skscla001/experiments/datasets/swagen/audio/common_voice_sw_30628724.wav	timu nyingi za bara la amerika kusini zilifanya vizuri kwenye mashindano 	1
/scratch/skscla001/experiments/datasets/swagen/audio/common_voice_sw_30114710.wav	matumizi ya vielezi vivumishi na vitu vinavyoonekana na kusikika hufanya matukio kuwa halisi 	1
/scratch/skscla001/experiments/datasets/swagen/audio/common_voice_sw_28815205.wav	mwaka uleule alifunga ndoa 	1
/scratch/skscla001/experiments/datasets/swagen/audio/common_voice_sw_30327284.wav	swali litabaki kwa upande wa neymar ataboresha kiwango chake au atapotezwa 	1
/scratch/skscla001/experiments/datasets/swagen/audio/common_voice_sw_30180543.wav	ni vyema wachezaji wote wakajitambua ndani ya timu na kujiwekea malengo 	1
/scratch/skscla001/experiments/datasets/swagen/audio/common_voice_sw_29954134.wav	kwa wale wanaojiingiza katika mahusiano pia husaidia kupunguza hatari ya maambukizi 	1
/scratch/skscla001/experiments/datasets/swagen/audio/common_voice_sw_29936412.wav	kwa ajili ya kuhamasisha watu nchini uingereza kuhusiana na suala hilo 	1
/scratch/skscla001/experiments/datasets/swagen/audio/common_voice_sw_29796289.wav	mzee ferguson alikaa miaka ishirini na sita manchester united 	1
/scratch/skscla001/experiments/datasets/swagen/audio/common_voice_sw_29915600.wav	wajumbe wa mkutano huu walipatana kuelekea kwa shirikisho la muungano 	1
/scratch/skscla001/experiments/datasets/swagen/audio/common_voice_sw_36299567.wav	uweze kupambana vema na maradhi yatakayoharibu kinga za mwili 	1
/scratch/skscla001/experiments/datasets/swagen/audio/common_voice_sw_30306524.wav	mlima meru upo chini ya usimamizi wa hifadhi ya taifa ya arusha 	1
/scratch/skscla001/experiments/datasets/swagen/audio/common_voice_sw_30117840.wav	malaika alipogeuka na kufanya matendo ya kigaidi 	1
/scratch/skscla001/experiments/datasets/swagen/audio/common_voice_sw_37222853.wav	ya anatolia ambayo wengi wa uturuki wa sasa 	1
/scratch/skscla001/experiments/datasets/swagen/audio/common_voice_sw_30002122.wav	jambo hili huwa linatukosesha usingizi timu nzima 	1
/scratch/skscla001/experiments/datasets/swagen/audio/common_voice_sw_30661152.wav	na kupunguza urasimu katika kusaidia ukuaji wa kiuchumi 	1
/scratch/skscla001/experiments/datasets/swagen/audio/common_voice_sw_30327081.wav	uingereza mara nyingi wanakosa timu bora yenyewe uwezo wa kushindana na mataifa mengine 	1
/scratch/skscla001/experiments/datasets/swagen/audio/common_voice_sw_36368149.wav	maishani wakifuata dini ya watawala masharti ya kujiunga na 	1
/scratch/skscla001/experiments/datasets/swagen/audio/common_voice_sw_30180841.wav	abedi ayew pele alikuwa mchezaji bora wa afrika 	1
/scratch/skscla001/experiments/datasets/swagen/audio/common_voice_sw_31797683.wav	lakini tunashindwa kutambua ule uwezo uliopo ndani mwetu 	1
/scratch/skscla001/experiments/datasets/swagen/audio/common_voice_sw_30380126.wav	vijana wa kiume huvaa nguo nyeusi kwa miezi 	1
/scratch/skscla001/experiments/datasets/swagen/audio/common_voice_sw_30180485.wav	nyama haiwezi kutambulika kama chakula kikuu 	1
/scratch/skscla001/experiments/datasets/swagen/audio/common_voice_sw_30341259.wav	ikilinganishwa na kilwa pamoja na pangani au zanzibar 	1
/scratch/skscla001/experiments/datasets/swagen/audio/common_voice_sw_29980437.wav	wapiganaji wanne wa kimasai wakiwa wamevaa mavazi kamili ya vita 	1
/scratch/skscla001/experiments/datasets/swagen/audio/common_voice_sw_36375356.wav	hapatoshi kwa sababu kelele zake zitakuwa siyo 	1
/scratch/skscla001/experiments/datasets/swagen/audio/common_voice_sw_34764209.wav	vibaya ikiwa ni pamoja na kuvunjika miguu yote walinzi wa hoteli hiyo walikimbilia eneo 	1
/scratch/skscla001/experiments/datasets/swagen/audio/common_voice_sw_29907118.wav	ambayo ni msimu wa vuli unaoanzia mwezi oktoba desemba 	1
/scratch/skscla001/experiments/datasets/swagen/audio/common_voice_sw_37097991.wav	utawala wa kiroma lakini waliheshimiwa sana na wananchi wa kawaida 	1
/scratch/skscla001/experiments/datasets/swagen/audio/common_voice_sw_30026376.wav	bara la maasai lina mbuga ya wanyama bora zaidi afrika mashariki 	1
/scratch/skscla001/experiments/datasets/swagen/audio/common_voice_sw_30143910.wav	alikuwa kati ya waratibu walioandaa mkutano 	1
/scratch/skscla001/experiments/datasets/swagen/audio/common_voice_sw_30485818.wav	sera zimefanya vigumu kudumisha maisha ya wamasai 	1
/scratch/skscla001/experiments/datasets/swagen/audio/common_voice_sw_30147033.wav	ronaldo alitwaa kiatu cha dhahabu cha ulaya alipokuwa real madrid 	1
/scratch/skscla001/experiments/datasets/swagen/audio/common_voice_sw_29805618.wav	ujio wa pep ulizima moto wa borusia dortmund 	1
/scratch/skscla001/experiments/datasets/swagen/audio/common_voice_sw_36373641.wav	tumeshindwa kama umoja afrika kuletee 	1
/scratch/skscla001/experiments/datasets/swagen/audio/common_voice_sw_37223531.wav	na muda wa chillax ni muhimu sana 	1
/scratch/skscla001/experiments/datasets/swagen/audio/common_voice_sw_28673141.wav	kulingana na yeye ni mfano ambao hautoshei ukweli 	1
/scratch/skscla001/experiments/datasets/swagen/audio/common_voice_sw_35412157.wav	alaa amekuja saa ngapi 	1
/scratch/skscla001/experiments/datasets/swagen/audio/common_voice_sw_30181924.wav	kinachoumiza zaidi ni kuona wakimbizi wakiwa na watoto wadogo 	1
/scratch/skscla001/experiments/datasets/swagen/audio/common_voice_sw_30116111.wav	kwa njia hii ukingo wa maporomoko unarudi nyuma na kurudisha njia ya korongo nyuma 	1
/scratch/skscla001/experiments/datasets/swagen/audio/common_voice_sw_37226166.wav	kongamano lilifanyika katika ukumbi wa hoteli ya verde mtoni jijini zanzibar 	1
/scratch/skscla001/experiments/datasets/swagen/audio/common_voice_sw_29502381.wav	kuambukizwa mwanzoni mwa ujauzito kunaweza kusababisha mtoto kuzaliwa na ugonjwa huu au kuharibika mimba 	1
/scratch/skscla001/experiments/datasets/swagen/audio/common_voice_sw_36319593.wav	david zacharia kafulila anakuwa mkuu mpya wa mkoa wa arusha 	1
/scratch/skscla001/experiments/datasets/swagen/audio/common_voice_sw_29595579.wav	baina ya spishi hizi yuko ndege wenye mabawa marefu kabisa kuliko ndege wote duniani 	1
/scratch/skscla001/experiments/datasets/swagen/audio/common_voice_sw_30630497.wav	mkwawa ni maarufu hasa kwa kuongoza vita vya wahehe dhidi ya wajerumani 	1
/scratch/skscla001/experiments/datasets/swagen/audio/common_voice_sw_29937520.wav	alisisitiza kwamba sehemu ya matamshi huwa na umuhimu wa kuonyesha hali kati ka tamthilia 	1
/scratch/skscla001/experiments/datasets/swagen/audio/common_voice_sw_37223754.wav	mimi nataka kukusaidia na kitu chochote utakacho 	1
/scratch/skscla001/experiments/datasets/swagen/audio/common_voice_sw_28681619.wav	mifugo ni pamoja na ng ombe mbuzi kondoo na kuku 	1
/scratch/skscla001/experiments/datasets/swagen/audio/common_voice_sw_29982058.wav	alipokuwa na umri wa miaka ishirini na mbili alikuwa amepokea ballon dor 	1
/scratch/skscla001/experiments/datasets/swagen/audio/common_voice_sw_36387520.wav	wewe utaanguka 	1
/scratch/skscla001/experiments/datasets/swagen/audio/common_voice_sw_35132624.wav	wanawake wanaweza kuwa na dalili mbalimbali za kisukari 	1
/scratch/skscla001/experiments/datasets/swagen/audio/common_voice_sw_30671133.wav	punde baada ya mchakato wa kuyapandisha hadhi kukamilika 	1
/scratch/skscla001/experiments/datasets/swagen/audio/common_voice_sw_29572531.wav	huu ni uwanja wa kwanza wa libya 	1
/scratch/skscla001/experiments/datasets/swagen/audio/common_voice_sw_36013936.wav	kesi ya kwanza ilimhusisha jean paul akayesu 	1
/scratch/skscla001/experiments/datasets/swagen/audio/common_voice_sw_37225214.wav	wakijua hasa nini ulikuwa muktadha wake katika mila na desturi za kiafrika 	1
/scratch/skscla001/experiments/datasets/swagen/audio/common_voice_sw_36052533.wav	haki zao kama haki zao wanaanza kutishiwa 	1
/scratch/skscla001/experiments/datasets/swagen/audio/common_voice_sw_29943771.wav	hifadhi ya taifa ya serengeti inafikika umbali wa kilomita mia tatu thelathini na tano 	1
/scratch/skscla001/experiments/datasets/swagen/audio/common_voice_sw_29896072.wav	hapo wageni hao walikariri kuwa waha kwa kuchukua neno hilo 	1
/scratch/skscla001/experiments/datasets/swagen/audio/common_voice_sw_29795508.wav	mabaki yaliyopatikana katika mabonde ya tugen yaliyokuwa na takriban miaka milioni sita 	1
/scratch/skscla001/experiments/datasets/swagen/audio/common_voice_sw_36386241.wav	lakini hata baada ya ajali ya kisiasa kutokea inasemekana walikuwa na makubaliano mengine kuwa 	1
/scratch/skscla001/experiments/datasets/swagen/audio/common_voice_sw_30317570.wav	rose muhando alipata tuzo ya mtunzi bora na muimbaji bora 	1
/scratch/skscla001/experiments/datasets/swagen/audio/common_voice_sw_28735750.wav	mchezaji b ameshinda 	1
/scratch/skscla001/experiments/datasets/swagen/audio/common_voice_sw_28681588.wav	alikuwa pia mwigizaji katika filamu nyingi 	1
/scratch/skscla001/experiments/datasets/swagen/audio/common_voice_sw_30182233.wav	ukifika hapo unaweza kuona wanyama kama simba chui fisi tumbili swala na ngedele 	1
/scratch/skscla001/experiments/datasets/swagen/audio/common_voice_sw_37096495.wav	dhiti ya mwimbaji maarufu michele mati 	1
/scratch/skscla001/experiments/datasets/swagen/audio/common_voice_sw_31370931.wav	lahaja moja wapo ya kibena ni kimaswamu 	1
/scratch/skscla001/experiments/datasets/swagen/audio/common_voice_sw_31321474.wav	mlima klute ni mlima unaoshika nafasi ya tatu kwa ukubwa hapa tanzania 	1
/scratch/skscla001/experiments/datasets/swagen/audio/common_voice_sw_36385716.wav	iwapo kutatokea majeraha basi atakuwa anajitosa katika shughuli hizo za ununuzi wa wachezaji 	1
/scratch/skscla001/experiments/datasets/swagen/audio/common_voice_sw_30577737.wav	huwa kama kizuizi kwa vijidudu vinavyosababisha magonjwa ya zinaa 	1
/scratch/skscla001/experiments/datasets/swagen/audio/common_voice_sw_30020861.wav	uchaguzi wa vyama vingi ni mzuri kwenye demokrasia 	1
/scratch/skscla001/experiments/datasets/swagen/audio/common_voice_sw_30026562.wav	akapata upadre haraka mwaka wa elfu moja mia tano na saba 	1
/scratch/skscla001/experiments/datasets/swagen/audio/common_voice_sw_29898191.wav	kutokana na wakati baadhi ya vitu kwenye magofu hayo vinaibwa vinaharibiwa 	1
/scratch/skscla001/experiments/datasets/swagen/audio/common_voice_sw_29986630.wav	walipatana kuendesha kampeni ya kuuza vyeti hivyo 	1
/scratch/skscla001/experiments/datasets/swagen/audio/common_voice_sw_29795799.wav	mwenge unawasaidia wananchi kukutana na viongozi wao 	1
/scratch/skscla001/experiments/datasets/swagen/audio/common_voice_sw_30020733.wav	lengo kubwa ni kuongeza ubora wa ligi yao 	1
/scratch/skscla001/experiments/datasets/swagen/audio/common_voice_sw_36383697.wav	sumu ajali iliweza kutokea cha kushangaza ni kwamba hukohuko kilimanjaro majirani na watani wa 	1
/scratch/skscla001/experiments/datasets/swagen/audio/common_voice_sw_36384314.wav	kipindi cha kutazamana risasi yalifyatuliwa wanamgambo nane 	1
/scratch/skscla001/experiments/datasets/swagen/audio/common_voice_sw_28690184.wav	katika hali ya kawaida kila mzunguko huchukua wastani wa sekunde mbili 	1
/scratch/skscla001/experiments/datasets/swagen/audio/common_voice_sw_30058639.wav	algeria waliandaa michuano ya mataifa ya afrika 	1
/scratch/skscla001/experiments/datasets/swagen/audio/common_voice_sw_31305385.wav	mazingira yanawafanya kuhisi kama bado wako nyikani na siyo kwenye bustani 	1
/scratch/skscla001/experiments/datasets/swagen/audio/common_voice_sw_29945668.wav	mavazi na bangili za mikononi bila kusahau hereni za kuvaa masikioni 	1
/scratch/skscla001/experiments/datasets/swagen/audio/common_voice_sw_29938969.wav	yaani asilimia thelathini na tatu hivi ya watu wote ulimwenguni 	1
/scratch/skscla001/experiments/datasets/swagen/audio/common_voice_sw_29787715.wav	wananchi wanatakiwa wajisajili kupiga kura 	1
/scratch/skscla001/experiments/datasets/swagen/audio/common_voice_sw_29936890.wav	serikali za mitaa ziliondolewa na kuanza utawala mijini 	1
/scratch/skscla001/experiments/datasets/swagen/audio/common_voice_sw_36373493.wav	za mchezaji bora wa soka duniani ballon dor 	1
/scratch/skscla001/experiments/datasets/swagen/audio/common_voice_sw_29937905.wav	alitaka kuidhoofisha nchi kwa kutaka muungano ufanyiwe marekebisho 	1
/scratch/skscla001/experiments/datasets/swagen/audio/common_voice_sw_28830713.wav	ni mji mkubwa wa tatu katika mkoa huu 	1
/scratch/skscla001/experiments/datasets/swagen/audio/common_voice_sw_36385402.wav	na uongo wanini mwogope mungu 	1
/scratch/skscla001/experiments/datasets/swagen/audio/common_voice_sw_28876842.wav	hii sio mara ya kwanza kwa diamond kufanya kazi kenya 	1
/scratch/skscla001/experiments/datasets/swagen/audio/common_voice_sw_36257005.wav	siasa rais mpya wa malawi lazarus chakwera alikuwa muhubiri wa kanisa la kiinjili ambaye 	1
/scratch/skscla001/experiments/datasets/swagen/audio/common_voice_sw_30024109.wav	muundo wa bunge la muungano ulibadilika na kuanzisha viti malumu vya wanawake 	1
/scratch/skscla001/experiments/datasets/swagen/audio/common_voice_sw_30183203.wav	bunge limeidhinisha shilingi bilioni mia moja kumi na tano nukta saba tisa nne 	1
/scratch/skscla001/experiments/datasets/swagen/audio/common_voice_sw_37229655.wav	mali ya wachina mwenyewe alisema anajipa raha jifurahishe ungali hai chameleone alijigamba 	1
/scratch/skscla001/experiments/datasets/swagen/audio/common_voice_sw_30104493.wav	nyota wa uingereza david beckham aliwahi kuvaa jezi namba saba kabla ya kuondoka united 	1
/scratch/skscla001/experiments/datasets/swagen/audio/common_voice_sw_29994670.wav	mwalimu nyerere yupo kwenye orodha ya wapigania uhuru wa afrika 	1
/scratch/skscla001/experiments/datasets/swagen/audio/common_voice_sw_30402901.wav	mwanamke huyo ambaye ametajwa kuwa mwanamke tajiri zaidi barani afrika 	1
/scratch/skscla001/experiments/datasets/swagen/audio/common_voice_sw_29672226.wav	kwa nyota za mbali zaidi ni vigumu zaidi kupata vipimo kamili 	1
/scratch/skscla001/experiments/datasets/swagen/audio/common_voice_sw_36945652.wav	bila hivyo 	1
/scratch/skscla001/experiments/datasets/swagen/audio/common_voice_sw_29897878.wav	matukio ya kwanza yalikuwa katika kikundi kidogo cha waraibu wa dawa za kulevya 	1
/scratch/skscla001/experiments/datasets/swagen/audio/common_voice_sw_30341810.wav	mashujaa kutoka katika mji wa songea waliendeleza mapambano dhidi ya ukoloni wa kijerumani 	1
/scratch/skscla001/experiments/datasets/swagen/audio/common_voice_sw_30019852.wav	imeshavutia mamia kwa maelfu ya wageni kuitembelea huku ikisubiri kufunguliwa rasmi 	1
/scratch/skscla001/experiments/datasets/swagen/audio/common_voice_sw_30008296.wav	linalotokana na neno la kimasai siringiti lenye maana ya uwazi usio na mwisho 	1
/scratch/skscla001/experiments/datasets/swagen/audio/common_voice_sw_37222631.wav	wafadhili wana mitazamo na malengo yao 	1
/scratch/skscla001/experiments/datasets/swagen/audio/common_voice_sw_29787839.wav	aliwasilisha mada katika kikao kilichofanyika hanangâ na wakamwelewa vizuri 	1
/scratch/skscla001/experiments/datasets/swagen/audio/common_voice_sw_29936444.wav	makabila mashuhuri kwa vita kama wangoni na wagogo pia wahehe 	1
/scratch/skscla001/experiments/datasets/swagen/audio/common_voice_sw_29962268.wav	maasai land iligawanywa kwenye wilaya ya kiteto elfu moja mia tisa sabini na nne 	1
/scratch/skscla001/experiments/datasets/swagen/audio/common_voice_sw_36037452.wav	hatua gani ambazo tunaweza kupiga 	1
/scratch/skscla001/experiments/datasets/swagen/audio/common_voice_sw_35132767.wav	eneo la maka na madina kiongozi mpya aliyeitwa muhamad aliunganisha 	1
/scratch/skscla001/experiments/datasets/swagen/audio/common_voice_sw_31356607.wav	kiwango chake cha mchezo hakipungui na badala yake kinaongezeka kila uchao 	1
/scratch/skscla001/experiments/datasets/swagen/audio/common_voice_sw_31304446.wav	utamaduni wa kabila husika huku jando la asili 	1
/scratch/skscla001/experiments/datasets/swagen/audio/common_voice_sw_30650345.wav	upo utani unaofanana na ukweli unaosema 	1
/scratch/skscla001/experiments/datasets/swagen/audio/common_voice_sw_36389396.wav	naam imetimia saa mbili na dakika thelathini na tatu kwa saa za afrika mashariki 	1
/scratch/skscla001/experiments/datasets/swagen/audio/common_voice_sw_36382234.wav	na mabepari wa venus mwaka elfumoja miatisa sitini na tisa 	1
/scratch/skscla001/experiments/datasets/swagen/audio/common_voice_sw_30055714.wav	kitendo cha kudumisha mila zao kimelifanya kabila hilo kuwa la kipekee na tofauti 	1
/scratch/skscla001/experiments/datasets/swagen/audio/common_voice_sw_30216176.wav	biashara ya mafuta ni biashara yenye thamani kubwa duniani kote 	1
/scratch/skscla001/experiments/datasets/swagen/audio/common_voice_sw_37089133.wav	sungura ni mnyama mjanja sana 	1
/scratch/skscla001/experiments/datasets/swagen/audio/common_voice_sw_28811702.wav	hata hivyo mbinu hii ina matatizo mengi na mafanikio yako mbali mno 	1
/scratch/skscla001/experiments/datasets/swagen/audio/common_voice_sw_30183257.wav	baadae ilikua ikawa linguafranca ya kibiashara 	1
/scratch/skscla001/experiments/datasets/swagen/audio/common_voice_sw_30671688.wav	na haya yote ni katika kuongeza mzunguko wa fedha kwa watanzania 	1
/scratch/skscla001/experiments/datasets/swagen/audio/common_voice_sw_35408569.wav	gozi hao wawili wamesema kuwa wanalenga kuunda mazingira ambayo yatawezesha 	1
/scratch/skscla001/experiments/datasets/swagen/audio/common_voice_sw_29787838.wav	vile vile nyangumi bluu anaweza kufikia uzito wa tani mia mbili 	1
/scratch/skscla001/experiments/datasets/swagen/audio/common_voice_sw_36382365.wav	la utuzaji wa mlima huu elgon ambao umekuwa kivutio kikubwa 	1
/scratch/skscla001/experiments/datasets/swagen/audio/common_voice_sw_29898921.wav	mfungaji bora wa michuano ya alikuwa mkolombia 	1
/scratch/skscla001/experiments/datasets/swagen/audio/common_voice_sw_37096739.wav	kenya imepiga marufuku ya matumizi ya baadhi ya mifuko ya plastiki 	1
/scratch/skscla001/experiments/datasets/swagen/audio/common_voice_sw_28583494.wav	kulikuwa na pierre celestin rwigema waziri mkuu 	1
/scratch/skscla001/experiments/datasets/swagen/audio/common_voice_sw_30327366.wav	mwaka huo koloni la kenya liliundwa na kupatiwa jina linalotokana na mlima kenya 	1
/scratch/skscla001/experiments/datasets/swagen/audio/common_voice_sw_28682780.wav	alianza kupiga gitaa akiwa kijana ambalo alijifunza kutoka kwa mama yake 	1
/scratch/skscla001/experiments/datasets/swagen/audio/common_voice_sw_28258554.wav	kasulu ni makao makuu ya dayosisi ya magharibi ya kanisa anglikana tanzania 	1
/scratch/skscla001/experiments/datasets/swagen/audio/common_voice_sw_28877841.wav	kipindi hiki kilikuwa na athira kuu katika maisha ya mtaalamu 	1
/scratch/skscla001/experiments/datasets/swagen/audio/common_voice_sw_29905653.wav	pia alikuwa mwana michezo mahiri kwa kudhamini shughuli za michezo 	1
/scratch/skscla001/experiments/datasets/swagen/audio/common_voice_sw_30180017.wav	raia wa msumbiji hasa mshauri wa machel alifundishwa na uingereza 	1
/scratch/skscla001/experiments/datasets/swagen/audio/common_voice_sw_30384717.wav	ambapo watu walianza kuambukizwa magonjwa ya zinaa kama vile kisonono na kaswende 	1
/scratch/skscla001/experiments/datasets/swagen/audio/common_voice_sw_28582713.wav	jina la nchi uganda ni umbo la kiswahili la neno buganda 	1
/scratch/skscla001/experiments/datasets/swagen/audio/common_voice_sw_29612237.wav	hapo inafaa kujenga maarifa kuhusu matumizi yake 	1
/scratch/skscla001/experiments/datasets/swagen/audio/common_voice_sw_36036870.wav	wafanyikazi elfu moja mia tano walishiriki katika ujenzi wa titanic 	1
/scratch/skscla001/experiments/datasets/swagen/audio/common_voice_sw_30026262.wav	wajawazito waliyofuata taratibu za kujikinga hawana maambukizi ya korona 	1
/scratch/skscla001/experiments/datasets/swagen/audio/common_voice_sw_28681130.wav	anaendelea kuhamasisha na kufundisha wasanii nchini afrika kusini 	1
/scratch/skscla001/experiments/datasets/swagen/audio/common_voice_sw_36373533.wav	wakati wa utawala wa ukoloni wa uingereza huko zanzibar kulikuwa bado 	1
/scratch/skscla001/experiments/datasets/swagen/audio/common_voice_sw_29905760.wav	kiswahili ni lugha ya kibantu inayotumiwa na watu katika mawasiliano 	1
/scratch/skscla001/experiments/datasets/swagen/audio/common_voice_sw_30181436.wav	chenga za lionel mesi ziliwatengua nyonga mabeki 	1
/scratch/skscla001/experiments/datasets/swagen/audio/common_voice_sw_36382588.wav	kaisari konstantino kule roma meli moja ilikuwa safarini kutoka shamu 	1
/scratch/skscla001/experiments/datasets/swagen/audio/common_voice_sw_30182507.wav	jambo la ajabu kwenye gofu hilo wapo nyuki waliojenga kwenye pango 	1
/scratch/skscla001/experiments/datasets/swagen/audio/common_voice_sw_30182026.wav	kuna uchungu kwenda haja ndogo na wakati mwingine hata haiwezekani 	1
/scratch/skscla001/experiments/datasets/swagen/audio/common_voice_sw_30515322.wav	tausi jike anakaa na watoto wake karibu kwa miezi sita 	1
/scratch/skscla001/experiments/datasets/swagen/audio/common_voice_sw_36382015.wav	hukumu ilibainisha umahiri wa ahakama ya kimataifa 	1
/scratch/skscla001/experiments/datasets/swagen/audio/common_voice_sw_30342397.wav	sasa limezaa matunda na kumuweka rais samia katika mstari wa mbele barani afrika 	1
/scratch/skscla001/experiments/datasets/swagen/audio/common_voice_sw_30202009.wav	tanzania na kenya zimepitia kitambo hicho sio tu miaka ya nyuma 	1
/scratch/skscla001/experiments/datasets/swagen/audio/common_voice_sw_30647742.wav	wanyama waliopo kwenye hifadhi hiyo huvutia sana 	1
/scratch/skscla001/experiments/datasets/swagen/audio/common_voice_sw_36310632.wav	msikizaji katika simu hii leo nina watu kama wanne hivi 	1
/scratch/skscla001/experiments/datasets/swagen/audio/common_voice_sw_29930921.wav	kwa lengo la kusafirisha mizigo ya mazao mbalimbali 	1
/scratch/skscla001/experiments/datasets/swagen/audio/common_voice_sw_31304441.wav	timu kupata ushindi kwao ndio burudani 	1
/scratch/skscla001/experiments/datasets/swagen/audio/common_voice_sw_29899376.wav	hizo fensi za nyumba kwa kangaroo sio kizuizi huweza kuruka pasi na kugusa ukuta 	1
/scratch/skscla001/experiments/datasets/swagen/audio/common_voice_sw_36318757.wav	anahakikisha mafanikio katika vita au mvua za kutosha 	1
/scratch/skscla001/experiments/datasets/swagen/audio/common_voice_sw_29982111.wav	kutoka mji wa kilwa masoko hadi kufika kilwa kisiwani 	1
/scratch/skscla001/experiments/datasets/swagen/audio/common_voice_sw_30075447.wav	marekani ilijiunga na vita dhidi ya wajerumani 	1
/scratch/skscla001/experiments/datasets/swagen/audio/common_voice_sw_29141702.wav	hali ya hewa inategemea mahali na kimo 	1
/scratch/skscla001/experiments/datasets/swagen/audio/common_voice_sw_30025208.wav	wengi wakikutana nae sehemu hiyo siyo rahisi kumtambua 	1
/scratch/skscla001/experiments/datasets/swagen/audio/common_voice_sw_31720726.wav	walikusanywa sehemu moja ili kumrahisishia ngariba 	1
/scratch/skscla001/experiments/datasets/swagen/audio/common_voice_sw_30342895.wav	lakini wakati huo ilijulikana kwa jina la tanganyika upande wa mashariki mwa afrika 	1
/scratch/skscla001/experiments/datasets/swagen/audio/common_voice_sw_31325204.wav	mimi ni mtoto mdogo sana 	1
/scratch/skscla001/experiments/datasets/swagen/audio/common_voice_sw_29696866.wav	ndege hawa wanatokea afrika kusini mwa sahara 	1
/scratch/skscla001/experiments/datasets/swagen/audio/common_voice_sw_31326720.wav	baadae alidai mwenyewe kuwa alilazimishwa kuingia jeshini 	1
/scratch/skscla001/experiments/datasets/swagen/audio/common_voice_sw_30364100.wav	utalii vilivyoko katika nchi yetu mfano katika 	1
/scratch/skscla001/experiments/datasets/swagen/audio/common_voice_sw_30357272.wav	wakati wa shughuli za utengenezaji wa barabara 	1
/scratch/skscla001/experiments/datasets/swagen/audio/common_voice_sw_28670215.wav	hakuna lugha nyingine duniani inayozungumzwa hadi leo yenye historia ndefu kuliko hii isipokuwa kichina 	1
/scratch/skscla001/experiments/datasets/swagen/audio/common_voice_sw_36385376.wav	sema vizuri nikuskie kwa masikio yangu 	1
/scratch/skscla001/experiments/datasets/swagen/audio/common_voice_sw_29988513.wav	kuweka kizuia mikononi mwake akiwa akipiga kelele ili 	1
/scratch/skscla001/experiments/datasets/swagen/audio/common_voice_sw_30380493.wav	shughuli kubwa ya wajita ni kilimo uvuvi na ufugaji 	1
/scratch/skscla001/experiments/datasets/swagen/audio/common_voice_sw_36388647.wav	duka lake lina wateja wengi 	1
/scratch/skscla001/experiments/datasets/swagen/audio/common_voice_sw_29795852.wav	ilisababisha wakimbie haraka na kuuacha mji wa mtukula kwenye mikono ya watanzania 	1
/scratch/skscla001/experiments/datasets/swagen/audio/common_voice_sw_28673138.wav	hakuna habari za uhakika kuhusu maisha yake ya baadaye 	1
/scratch/skscla001/experiments/datasets/swagen/audio/common_voice_sw_29943192.wav	pochettino anaweza kumtumia kwenye nafasi hiyo 	1
/scratch/skscla001/experiments/datasets/swagen/audio/common_voice_sw_30182176.wav	likiwa kilomita za mraba laki tisa arobaini na tano elfu na themanini na saba 	1
/scratch/skscla001/experiments/datasets/swagen/audio/common_voice_sw_35108087.wav	gera redio ufaransa kwa habari zisioengemea upande wowote huyu ni taib abdala kwambasora 	1
/scratch/skscla001/experiments/datasets/swagen/audio/common_voice_sw_30057806.wav	alipata shahada hiyo katika chuo kikuu cha dare es salaam 	1
/scratch/skscla001/experiments/datasets/swagen/audio/common_voice_sw_30025833.wav	baadhi ya rekodi na kumbukumbu huwa zinafurahisha na kuvutia lakini nyingine zinaweza 	1
/scratch/skscla001/experiments/datasets/swagen/audio/common_voice_sw_30146916.wav	ilikuwa ni hasara kubwa katika kizazi cha muziki 	1
/scratch/skscla001/experiments/datasets/swagen/audio/common_voice_sw_28670327.wav	wakazi wa jiji ni mchanganyiko wa watu kutoka zote za dunia 	1
/scratch/skscla001/experiments/datasets/swagen/audio/common_voice_sw_37084726.wav	hata hivyo serikali kadhaa huweka baadhi ya vikwazo au huchunguza 	1
/scratch/skscla001/experiments/datasets/swagen/audio/common_voice_sw_30143889.wav	ziwa nyasa limezungukwa na nchi tatu ambazo ni tanzania malawi na msumbiji 	1
/scratch/skscla001/experiments/datasets/swagen/audio/common_voice_sw_36387245.wav	nitakapofufuka 	1
/scratch/skscla001/experiments/datasets/swagen/audio/common_voice_sw_29306327.wav	de wever alizaliwa mortsel ubelgiji 	1
/scratch/skscla001/experiments/datasets/swagen/audio/common_voice_sw_28690924.wav	sun alijifunza kiingereza hisabati na sayansi 	1
/scratch/skscla001/experiments/datasets/swagen/audio/common_voice_sw_30641360.wav	wanyama kama tembo swala fisi na simba sio nadra sana kuwaona 	1
/scratch/skscla001/experiments/datasets/swagen/audio/common_voice_sw_30099427.wav	chato ni wilaya ya mkoa wa geita 	1
/scratch/skscla001/experiments/datasets/swagen/audio/common_voice_sw_28306010.wav	pia yeye ni mwanachama wa shirika la kifalme la fasihi 	1
/scratch/skscla001/experiments/datasets/swagen/audio/common_voice_sw_31317875.wav	nguri hayati karume hakuwa na upendeleo hivyo aliwafanyia simba kama vile 	1
/scratch/skscla001/experiments/datasets/swagen/audio/common_voice_sw_30635710.wav	unavipata hivyo katika vyakula vingi unavyokula kama mikate na tambi 	1
/scratch/skscla001/experiments/datasets/swagen/audio/common_voice_sw_29960192.wav	fikra zake za kisiasa alizipata nchini kenya 	1
/scratch/skscla001/experiments/datasets/swagen/audio/common_voice_sw_30365219.wav	hata mila na desturi zao hutofautiana 	1
/scratch/skscla001/experiments/datasets/swagen/audio/common_voice_sw_30657076.wav	alionekana kuchoka tena na majira ya mchana hali ikaonekana kubadilika zaidi 	1
/scratch/skscla001/experiments/datasets/swagen/audio/common_voice_sw_30323818.wav	yakianguka kupitia msituni na kutua mithili ya mianzo ya ukungu bondeni 	1
/scratch/skscla001/experiments/datasets/swagen/audio/common_voice_sw_35683904.wav	haki yako na mpaka hapa tunatamatisha makala yetu ya jua haki zako 	1
/scratch/skscla001/experiments/datasets/swagen/audio/common_voice_sw_28879282.wav	alikuwa na futi sita kwa umri wa miaka sita 	1
/scratch/skscla001/experiments/datasets/swagen/audio/common_voice_sw_29943272.wav	wajerumani walishambulia ufaransa kwa kutumia mbinu ya kupitia uholanzi 	1
/scratch/skscla001/experiments/datasets/swagen/audio/common_voice_sw_36299861.wav	a umebisha hodi jijini portal prince 	1
/scratch/skscla001/experiments/datasets/swagen/audio/common_voice_sw_37084330.wav	kitu kipya leo imba kwa shangwe wewe uliye tasa 	1
/scratch/skscla001/experiments/datasets/swagen/audio/common_voice_sw_30385728.wav	mkwavinyika munyigumba alikuwa chifu na kiongozi mkuu wa wahehe 	1
/scratch/skscla001/experiments/datasets/swagen/audio/common_voice_sw_31950706.wav	mwizi baiskili anshikwa 	1
/scratch/skscla001/experiments/datasets/swagen/audio/common_voice_sw_30470919.wav	viongozi wa jumuiya hizo walikubaliana kukutana 	1
/scratch/skscla001/experiments/datasets/swagen/audio/common_voice_sw_30026685.wav	inaongezeka halmashauri ya wilaya ya rombo na halmashauri ya wilaya ya hai 	1
/scratch/skscla001/experiments/datasets/swagen/audio/common_voice_sw_30057846.wav	maandishi mengi kuhusu amini yanaeleza alizaliwa koboko au kampala 	1
/scratch/skscla001/experiments/datasets/swagen/audio/common_voice_sw_28691193.wav	ngao bado hutumiwa na vikosi vya polisi na jeshi leo 	1
/scratch/skscla001/experiments/datasets/swagen/audio/common_voice_sw_37089131.wav	hata hivyo hali imeendelea kama kawaida katika kisiwa hicho 	1
/scratch/skscla001/experiments/datasets/swagen/audio/common_voice_sw_28583177.wav	iko kaskazini mashariki mwa nchi 	1
/scratch/skscla001/experiments/datasets/swagen/audio/common_voice_sw_29963761.wav	ilipangwa ili apate mafunzo zaidi ya kijeshi nchini uingereza 	1
/scratch/skscla001/experiments/datasets/swagen/audio/common_voice_sw_29898977.wav	adolf hilter alikuwa mkurugezi wa jeshi la ujerumani 	1
/scratch/skscla001/experiments/datasets/swagen/audio/common_voice_sw_28830745.wav	ilikuwa shule ya kwanza ya biashara ya kijani nchini afrika 	1
/scratch/skscla001/experiments/datasets/swagen/audio/common_voice_sw_28735760.wav	kwa hiyo lugha hiyo imekaribia kutoweka kabisa 	1
/scratch/skscla001/experiments/datasets/swagen/audio/common_voice_sw_29997628.wav	wingi wa utafiti wa kiuchumi umekosolewa kwa ukosefu wa kufanana 	1
/scratch/skscla001/experiments/datasets/swagen/audio/common_voice_sw_36014181.wav	pamoja na kusimamia na kufuatilia utekelezaji wa shughuli zote zinazotekelezwa 	1
/scratch/skscla001/experiments/datasets/swagen/audio/common_voice_sw_34890775.wav	spishi za palsmodium zinazoambukiza binadamu ni falciparum 	1
/scratch/skscla001/experiments/datasets/swagen/audio/common_voice_sw_28673127.wav	chakula pia hutolewa 	1
/scratch/skscla001/experiments/datasets/swagen/audio/common_voice_sw_32243787.wav	kesho tutaenda kazini mapema 	1
/scratch/skscla001/experiments/datasets/swagen/audio/common_voice_sw_29815735.wav	ilipoanzishwa nchi lindwa hii ilikuwa mali ya sultani wa pwani 	1
/scratch/skscla001/experiments/datasets/swagen/audio/common_voice_sw_36389288.wav	wamekamatwa na mkuu wa polisi katika mji 	1
/scratch/skscla001/experiments/datasets/swagen/audio/common_voice_sw_28681566.wav	hutumika kutibu magonjwa katika mfumo wa mkojo na koo 	1
/scratch/skscla001/experiments/datasets/swagen/audio/common_voice_sw_30025130.wav	kinachokupelekea wewe kuwa kwenye hali hiyo kiasi cha kuwa kero kwa walimu 	1
/scratch/skscla001/experiments/datasets/swagen/audio/common_voice_sw_29961837.wav	kuna njiapanda ambako njia ya kati inaunganishwa na njia za kando 	1
/scratch/skscla001/experiments/datasets/swagen/audio/common_voice_sw_30008150.wav	anthemius alipata upatikanaji wa chini ya zeno na akaweka kifaa cha mvuke shinikizo 	1
/scratch/skscla001/experiments/datasets/swagen/audio/common_voice_sw_28663195.wav	hali ambayo inatokea kila siku katika jamii yetu 	1
/scratch/skscla001/experiments/datasets/swagen/audio/common_voice_sw_37097462.wav	rfi kiswahili itakujuza yatakaojiri katika mkutano huo kwa niaba ya mwenzangu abubakari suleiman 	1
/scratch/skscla001/experiments/datasets/swagen/audio/common_voice_sw_37085583.wav	ndio maana karafuu hutumika kama kiungo cha chai 	1
/scratch/skscla001/experiments/datasets/swagen/audio/common_voice_sw_36390187.wav	ziwa nyasa wilaya ya ludewa mkoa wa njombe kusini mwa nchi ya tanzaniamwaka 	1
/scratch/skscla001/experiments/datasets/swagen/audio/common_voice_sw_36311018.wav	wa kisiasa wa negus negesti mfalme wa ethiopia tangu mwaka 	1
/scratch/skscla001/experiments/datasets/swagen/audio/common_voice_sw_35690341.wav	ghafla akamkumbuka mzee alberto kito aliyemtembelea afajiri 	1
/scratch/skscla001/experiments/datasets/swagen/audio/common_voice_sw_29996189.wav	dume mmoja anapanda majike kati ya mawili hadi saba 	1
/scratch/skscla001/experiments/datasets/swagen/audio/common_voice_sw_30025027.wav	katika mapokezi ya baraza la uingereza 	1
/scratch/skscla001/experiments/datasets/swagen/audio/common_voice_sw_29988192.wav	takriban laki saba na elfu hamsini upande wa tanzania 	1
/scratch/skscla001/experiments/datasets/swagen/audio/common_voice_sw_36299930.wav	wa kawaida naweza kufikisha ujumbe kwa jamii kupitia wimbo nikawaelezea hali yangu 	1
/scratch/skscla001/experiments/datasets/swagen/audio/common_voice_sw_29963889.wav	ni katika sikukuu moja ya pasaka ndipo alipobadili dini na kuwa mkristo 	1
/scratch/skscla001/experiments/datasets/swagen/audio/common_voice_sw_34763262.wav	kwa takriban watu kumi na wawili wamepoteza maisha katika ghasia hizo 	1
/scratch/skscla001/experiments/datasets/swagen/audio/common_voice_sw_35683131.wav	katika msitu huo lakini cha kushangaza makabila hamsini 	1
/scratch/skscla001/experiments/datasets/swagen/audio/common_voice_sw_29868978.wav	kutegemea na sekta husika unayotaka kujifunza wewe mwenyewe 	1
/scratch/skscla001/experiments/datasets/swagen/audio/common_voice_sw_30630934.wav	kama ilivyo kwa makabila mengine wapare wamepiga hatua kwenye maendeleo kielimu kisiasa na kichumi 	1
/scratch/skscla001/experiments/datasets/swagen/audio/common_voice_sw_28877823.wav	wakati huohuo aliandika pia masimulizi na vitabu 	1
/scratch/skscla001/experiments/datasets/swagen/audio/common_voice_sw_35224165.wav	yenye uraibu miongoni mwa vijanahii leo ikiwa ni siku ya kupiga vita matumizi 	1
/scratch/skscla001/experiments/datasets/swagen/audio/common_voice_sw_31433454.wav	kumbukumbu ya wenyeji ina habari ya mlipuko mnamo mwaka elfu moja mia saba thelathini 	1
/scratch/skscla001/experiments/datasets/swagen/audio/common_voice_sw_29963032.wav	tunakupakulia kumbukumbu za chanzo na matokeo ya vita 	1
/scratch/skscla001/experiments/datasets/swagen/audio/common_voice_sw_30677313.wav	vivutio vilivyoingia katika shindano la kutafuta maajabu saba ya asili 	1
/scratch/skscla001/experiments/datasets/swagen/audio/common_voice_sw_32211940.wav	nasikia kwanuka harufu mbovu sana 	1
/scratch/skscla001/experiments/datasets/swagen/audio/common_voice_sw_29795419.wav	tunatakiwa tutunze misitu kwa ajili ya manufaa yetu wenyewe na vizazi vingine 	1
/scratch/skscla001/experiments/datasets/swagen/audio/common_voice_sw_30017187.wav	maamuzi aliyefanya kiongozi huyo aliwashangaza watu wengi 	1
/scratch/skscla001/experiments/datasets/swagen/audio/common_voice_sw_37098697.wav	michael aliyetumia dawa za kulevya kila siku alitaja athari zake 	1
/scratch/skscla001/experiments/datasets/swagen/audio/common_voice_sw_30180321.wav	kwa asili wapare hupeleka vijana wa kiume jando 	1
/scratch/skscla001/experiments/datasets/swagen/audio/common_voice_sw_29844223.wav	ugonjwa hu wa malaria unazuilika na unatibika 	1
/scratch/skscla001/experiments/datasets/swagen/audio/common_voice_sw_37084913.wav	kanisa la anglikana lilikuwa kanisa pekee nchini uingereza 	1
/scratch/skscla001/experiments/datasets/swagen/audio/common_voice_sw_29787613.wav	forlan aliweka rekodi ya kufunga mabao matatu nje ya boksi 	1
/scratch/skscla001/experiments/datasets/swagen/audio/common_voice_sw_30001997.wav	lakini wageni waliweza kupata baadhi ya maeneo 	1
/scratch/skscla001/experiments/datasets/swagen/audio/common_voice_sw_28681676.wav	watu wa kwanza waliishi katika afrika penye hali ya hewa ya joto 	1
/scratch/skscla001/experiments/datasets/swagen/audio/common_voice_sw_30363958.wav	wanatofautiana na watu wa kawaida kijenetikia 	1
/scratch/skscla001/experiments/datasets/swagen/audio/common_voice_sw_29938218.wav	aliporejea tanganyika kutoka masomoni nyerere alifundisha historia kingereza na kiswahili 	1
/scratch/skscla001/experiments/datasets/swagen/audio/common_voice_sw_28682690.wav	kuna makaburi ya wafoeniki karibu 	1
/scratch/skscla001/experiments/datasets/swagen/audio/common_voice_sw_30635700.wav	nahodha huyo raia wa argentina alivunja rekodi ya mechi mia saba sitini na saba 	1
/scratch/skscla001/experiments/datasets/swagen/audio/common_voice_sw_34750536.wav	fursa nyingine ni uvuvi wa bahari kuu ufugaji samaki na mazao ya bahari 	1
/scratch/skscla001/experiments/datasets/swagen/audio/common_voice_sw_37223253.wav	wanapokuwa wagonjwa punde tu wanapotahiriwa au wanapojifungua 	1
/scratch/skscla001/experiments/datasets/swagen/audio/common_voice_sw_30485657.wav	pep guardiola alipokwenda aliongeza utawala wa bayern kwa timu zingine 	1
/scratch/skscla001/experiments/datasets/swagen/audio/common_voice_sw_34765597.wav	juu ya kile ambacho kimechangia kukamatwa 	1
/scratch/skscla001/experiments/datasets/swagen/audio/common_voice_sw_30114738.wav	hifadhi inafikika wakati wote wa mwaka hasa mwezi disemba mpaka februari 	1
/scratch/skscla001/experiments/datasets/swagen/audio/common_voice_sw_36389899.wav	china ina eneo la kilomita za mraba 	1
/scratch/skscla001/experiments/datasets/swagen/audio/common_voice_sw_35411010.wav	maneno yoyote ya mshangao yanaweza kusababisha makosa katika oparesheni hiyo 	1
/scratch/skscla001/experiments/datasets/swagen/audio/common_voice_sw_30327387.wav	hatua iliyomfanya kupewa jina la utani jaffa 	1
/scratch/skscla001/experiments/datasets/swagen/audio/common_voice_sw_30268464.wav	wasichana kwa upande mwingine wanaanza kukabiliana na majukumu yaliyohifadhiwa 	1
/scratch/skscla001/experiments/datasets/swagen/audio/common_voice_sw_32243357.wav	maji ya kupwa maji yamejaa maji yavuta 	1
/scratch/skscla001/experiments/datasets/swagen/audio/common_voice_sw_30182996.wav	kwa hiyo ni sehemu au sekta inayotoa mchango mkubwa kwa jamii 	1
/scratch/skscla001/experiments/datasets/swagen/audio/common_voice_sw_29943712.wav	utaratibu wakuwakutanisha wanafunzi wote waliofanya vizuri katika 	1
/scratch/skscla001/experiments/datasets/swagen/audio/common_voice_sw_37086579.wav	mwanamuziki wa kwanza wimbo wake kuchezwa redioni alikuwa ni sugu 	1
/scratch/skscla001/experiments/datasets/swagen/audio/common_voice_sw_29994057.wav	baadhi ya wasanii hao ni kama halima madiwa jacob steven sara mvungi na wengine 	1
/scratch/skscla001/experiments/datasets/swagen/audio/common_voice_sw_28691420.wav	asili yake ni katika uchina 	1
/scratch/skscla001/experiments/datasets/swagen/audio/common_voice_sw_29838520.wav	wapo wanaodai kuwa wageni walipokuja na kukuta ufalme wa buha 	1
/scratch/skscla001/experiments/datasets/swagen/audio/common_voice_sw_34890799.wav	hakika mtu anayefahamika na kujulikana sana ni ahmed mistil 	1
/scratch/skscla001/experiments/datasets/swagen/audio/common_voice_sw_29796584.wav	wapare wa same hutumia majina kama kakore na mengineyo 	1
